/opt/anaconda3/lib/python3.12/site-packages/geppy/__init__.py:26: UserWarning: pkg_resources is deprecated as an API. See https://setuptools.pypa.io/en/latest/pkg_resources.html. The pkg_resources package is slated for removal as early as 2025-11-30. Refrain from using this package or pin to Setuptools<81.
  from pkg_resources import get_distribution, DistributionNotFound
hff library OK (test fitness: (0.1415394733244273,))
registry: ['circle_area', 'gravity', 'coulomb', 'pendulum', 'keplers3', 'ideal_gas', 'I_6_2a', 'I_6_2', 'I_6_2b', 'I_8_14', 'I_9_18', 'I_10_7', 'I_11_19', 'I_12_1', 'I_12_2', 'I_12_4', 'I_12_5', 'I_12_11', 'I_13_4', 'I_13_12', 'I_14_3', 'I_14_4', 'I_15_3x', 'I_15_3t', 'I_15_1', 'I_16_6', 'I_18_4', 'I_18_12', 'I_18_14', 'I_24_6', 'I_25_13', 'I_26_2', 'I_27_6', 'I_29_4', 'I_29_16', 'I_30_3', 'I_30_5', 'I_32_5', 'I_32_17', 'I_34_8', 'I_34_1', 'I_34_14', 'I_34_27', 'I_37_4', 'I_38_12', 'I_39_1', 'I_39_11', 'I_39_22', 'I_40_1', 'I_41_16', 'I_43_16', 'I_43_31', 'I_43_43', 'I_44_4', 'I_47_23', 'I_48_2', 'I_50_26', 'II_2_42', 'II_3_24', 'II_4_23', 'II_6_11', 'II_6_15a', 'II_6_15b', 'II_8_7', 'II_8_31', 'II_10_9', 'II_11_3', 'II_11_17', 'II_11_20', 'II_11_27', 'II_11_28', 'II_13_17', 'II_13_23', 'II_13_34', 'II_15_4', 'II_15_5', 'II_21_32', 'II_24_17', 'II_27_16', 'II_27_18', 'II_34_2a', 'II_34_2', 'II_34_11', 'II_34_29a', 'II_34_29b', 'II_35_18', 'II_35_21', 'II_36_38', 'II_37_1', 'II_38_3', 'II_38_14', 'III_4_32', 'III_4_33', 'III_7_38', 'III_8_54', 'III_9_52', 'III_10_19', 'III_12_43', 'III_13_18', 'III_14_14', 'III_15_12', 'III_15_14', 'III_15_27', 'III_17_37', 'III_19_51', 'III_21_20', 'test_1', 'test_2', 'test_3', 'test_4', 'test_5', 'test_6', 'test_7', 'test_8', 'test_9', 'test_10', 'test_11', 'test_12', 'test_13', 'test_14', 'test_15', 'test_16', 'test_17', 'test_18', 'test_19', 'test_20']
[feynman override] head_length=48 (keep n_genes=3, avgval linker)
Selected problem: I_13_12
  Description : Feynman I-III I.13.12: U = G*m1*m2*(1/r2-1/r1)
  Variables   : ['m1', 'm2', 'r1', 'r2', 'G']
  Train range : {'m1': (1.0, 5.0), 'm2': (1.0, 5.0), 'r1': (1.0, 5.0), 'r2': (1.0, 5.0), 'G': (1.0, 5.0)}
  Extrap range: {'m1': (1.0, 7.5), 'm2': (1.0, 7.5), 'r1': (1.0, 7.5), 'r2': (1.0, 7.5), 'G': (1.0, 7.5)}
  Truth       : G*m1*m2*(1/r2-1/r1)
  ✓ cache hit  (data/equations/I_13_12, key=f138f3fa0de2f7f7)
  train           (800, 6)  target range=[-56.51, 47.24]
  val             (200, 6)  target range=[-30.89, 26.86]
  holdout         (200, 6)  target range=[-63.43, 42.32]
  extrapolation   (200, 6)  target range=[-107.8, 90.14]
(skipping pairplot — too many variables: 5)
Wide primitive set enabled: sin, cos, exp, log added.
[E22 rules] variable pattern tags: {'paired_numbered'}
[E22/23 rules] static candidate count: 8
[E22/23 rules] allowed to take a fitness slot (exact): 0
  [sum_sq_all/sum_sq] a=0.0107 b=-8.2938e-01 1-R²_va=1.0028e+00
  [prefix_sum_sq/m1^2+m2^2] a=0.0054 b=-3.9794e-01 1-R²_va=1.0060e+00
  [prefix_sum_sq/r1^2+r2^2] a=-0.0003 b=-2.7744e-01 1-R²_va=1.0076e+00
  [harmonic/1/(1/m1+1/m2)] a=0.0920 b=-4.1230e-01 1-R²_va=1.0065e+00
  [harmonic/1/(1/r1+1/r2)] a=0.5912 b=-1.0866e+00 1-R²_va=1.0061e+00
  [harmonic/(m1*r1+m2*r2)/(m1+m2)] a=0.3921 b=-1.4345e+00 1-R²_va=1.0037e+00
  [reciprocal_diff/1/r2-1/r1] a=28.2990 b=2.5425e-01 1-R²_va=2.9912e-01
  [reciprocal_diff/m1*m2*(1/r2-1/r1)] a=3.2693 b=1.4644e-01 1-R²_va=2.0418e-01
[fuller] denoise + snap IN THE JOIN (every gene, every generation, K=8); mutation operators: physics=0.2 concretize=0.05
Wrapper scope: per_island  (island → wrapper map: ['identity', 'identity'])
[wgpu] process pool disabled — Metal cannot survive fork(); the population is evaluated in one dispatch instead
Genes: head_length=48, n_genes=3, rnc_array_length=10
Population: (per-island, see below), elites: 2, generations: 400, migration FREQ: 30
  pump per-island sizes: intake=100 (tournsize=8), champion=50 (tournsize=5)
Initialising evolution at 2026-09-19 06:08:19.446488
 gen  deme   evals     min fitness          mse_tr          mse_va         max_err      mse_extrap  one_minus_r2_tr  one_minus_r2_va
   0     0     100     0.074438658      50.7973092      38.4816929      30.1590683       456.57125     0.536239751     0.492697137
   0     1      50    0.0151312583      54.2878814      39.4375424      28.1674377       445.68702     0.573087836     0.504935276
          wgpu 1d 345g 298c x3w 9ms | egraph 199g->148v+0snap 65ms | graft 61 (-183n, 0 snap) cpu 0 | f64 30 | gen 0.0s | dropped inexpr 5 oversz 0 unbuild 0 {}
Extending evolution: gen 1 → 400 (+400 generations)
   1     0     100     0.074438658      50.7973092      38.4816929      30.1590683       456.57125     0.536239751     0.492697137
   1     1      50    0.0151312583      54.2878814      39.4375424      28.1674377       445.68702     0.573087836     0.504935276
          wgpu 1d 146g 210c x3w 4ms | egraph 72g->64v+0snap 17ms | graft 36 (-96n, 0 snap) cpu 0 | f64 20 | gen 0.2s | dropped inexpr 10 oversz 0 unbuild 0 {}
   2     0     100     0.074438658      50.7973092      38.4816929      30.1590683       456.57125     0.536239751     0.492697137
   2     1      50    0.0151312583      54.2878814      39.4375424      28.1674377       445.68702     0.573087836     0.504935276
          wgpu 1d 165g 226c x3w 4ms | egraph 71g->80v+0snap 14ms | graft 36 (-133n, 0 snap) cpu 0 | f64 20 | gen 0.2s | dropped inexpr 5 oversz 0 unbuild 0 {}
   3     0     100    0.0274131821      43.5248114      32.5323419      25.8954247      402.221153     0.459467921     0.416525119
   3     1      50    0.0151312583      54.2878814      39.4375424      28.1674377       445.68702     0.573087836     0.504935276
          wgpu 1d 160g 213c x3w 4ms | egraph 71g->67v+0snap 15ms | graft 27 (-101n, 0 snap) cpu 0 | f64 32 | gen 0.2s | dropped inexpr 2 oversz 0 unbuild 0 {}
   4     0     100    0.0274131821      43.5248114      32.5323419      25.8954247      402.221153     0.459467921     0.416525119
   4     1      50    0.0151312583      54.2878814      39.4375424      28.1674377       445.68702     0.573087836     0.504935276
          wgpu 1d 173g 215c x3w 18ms | egraph 80g->69v+0snap 16ms | graft 30 (-97n, 0 snap) cpu 0 | f64 20 | gen 0.4s
   5     0     100    0.0274131821      43.5248114      32.5323419      25.8954247      402.221153     0.459467921     0.416525119
   5     1      50    0.0151312583      54.2878814      39.4375424      28.1674377       445.68702     0.573087836     0.504935276
          wgpu 1d 243g 249c x3w 5ms | egraph 116g->103v+0snap 27ms | graft 48 (-245n, 0 snap) cpu 0 | f64 20 | gen 0.6s | dropped inexpr 1 oversz 0 unbuild 0 {}
   6     0     100    0.0274131821      43.5248114      32.5323419      25.8954247      402.221153     0.459467921     0.416525119
   6     1      50    0.0151312583      54.2878814      39.4375424      28.1674377       445.68702     0.573087836     0.504935276
          wgpu 1d 238g 249c x3w 5ms | egraph 109g->103v+0snap 24ms | graft 47 (-175n, 0 snap) cpu 0 | f64 20 | gen 0.3s
   7     0     100    0.0221784919      36.3072037      26.0748905      22.1048952      346.497315     0.383275535     0.333847679
   7     1      50    0.0151312583      54.2878814      39.4375424      28.1674377       445.68702     0.573087836     0.504935276
          wgpu 1d 223g 235c x3w 5ms | egraph 97g->89v+0snap 20ms | graft 40 (-196n, 0 snap) cpu 0 | f64 20 | gen 0.4s | dropped inexpr 1 oversz 0 unbuild 0 {}
   8     0     100    0.0221784919      36.3072037      26.0748905      22.1048952      346.497315     0.383275535     0.333847679
   8     1      50    0.0151312583      54.2878814      39.4375424      28.1674377       445.68702     0.573087836     0.504935276
          wgpu 1d 239g 286c x3w 6ms | egraph 103g->140v+0snap 23ms | graft 56 (-290n, 0 snap) cpu 0 | f64 30 | gen 0.4s | dropped inexpr 2 oversz 0 unbuild 0 {}
   9     0     100    0.0221784919      36.3072037      26.0748905      22.1048952      346.497315     0.383275535     0.333847679
   9     1      50    0.0149035414      35.3185582      24.3657001      17.6323774      383.235796     0.372838939     0.311964203
          wgpu 1d 217g 287c x3w 5ms | egraph 91g->141v+0snap 19ms | graft 36 (-151n, 0 snap) cpu 0 | f64 20 | gen 0.2s
  10     0     100    0.0221784919      36.3072037      26.0748905      22.1048952      346.497315     0.383275535     0.333847679
  10     1      50    0.0149035414      35.3185582      24.3657001      17.6323774      383.235796     0.372838939     0.311964203
          wgpu 1d 227g 304c x3w 5ms | egraph 92g->158v+0snap 19ms | graft 51 (-227n, 0 snap) cpu 0 | f64 20 | gen 0.5s
--------- pump migration: intra (promote-2 + intake-reset) ---------
  11     0     100    0.0130116012      32.8417963      25.2534588      19.6434624      333.746756     0.346693101     0.323330547
  11     1      50   0.00980489688      31.7206425      24.4583189      19.6888741      332.600561     0.334857686      0.31315004
          wgpu 2d 412g 445c x3w 9ms | egraph 186g->219v+0snap 41ms | graft 90 (-261n, 0 snap) cpu 0 | f64 30 | gen 0.2s | dropped inexpr 2 oversz 0 unbuild 0 {}
  12     0     100    0.0130116012      32.8417963      25.2534588      19.6434624      333.746756     0.346693101     0.323330547
  12     1      50   0.00980489688      31.7206425      24.4583189      19.6888741      332.600561     0.334857686      0.31315004
          wgpu 1d 178g 244c x3w 4ms | egraph 76g->98v+0snap 14ms | graft 40 (-136n, 0 snap) cpu 0 | f64 20 | gen 0.2s | dropped inexpr 1 oversz 0 unbuild 0 {}
  13     0     100   0.00929118359      31.0811727      25.2790704      18.2204176      321.787408      0.32810715     0.323658464
  13     1      50   0.00980489688      31.7206425      24.4583189      19.6888741      332.600561     0.334857686      0.31315004
          wgpu 1d 180g 234c x3w 11ms | egraph 81g->88v+0snap 34ms | graft 30 (-91n, 0 snap) cpu 0 | f64 26 | gen 0.3s | dropped inexpr 2 oversz 0 unbuild 0 {}
  14     0     100   0.00929118359      31.0811727      25.2790704      18.2204176      321.787408      0.32810715     0.323658464
  14     1      50   0.00980489688      31.7206425      24.4583189      19.6888741      332.600561     0.334857686      0.31315004
          wgpu 1d 162g 239c x3w 8ms | egraph 62g->93v+0snap 12ms | graft 30 (-84n, 0 snap) cpu 0 | f64 20 | gen 0.2s | dropped inexpr 3 oversz 0 unbuild 0 {}
  15     0     100   0.00746393088      31.0811727      25.2790704      18.2204176      321.787408      0.32810715     0.323658464
  15     1      50   0.00980489688      31.7206425      24.4583189      19.6888741      332.600561     0.334857686      0.31315004
          wgpu 1d 127g 228c x3w 3ms | egraph 58g->82v+0snap 10ms | graft 16 (-37n, 0 snap) cpu 0 | f64 40 | gen 0.2s | dropped inexpr 1 oversz 0 unbuild 0 {}
  16     0     100   0.00746393088      31.0811731      25.2790698      18.2204177      321.787413     0.328107154     0.323658456
  16     1      50   0.00980489688      31.7206425      24.4583189      19.6888741      332.600561     0.334857686      0.31315004
          wgpu 1d 161g 237c x3w 4ms | egraph 63g->91v+0snap 11ms | graft 23 (-83n, 0 snap) cpu 0 | f64 20 | gen 0.2s | dropped inexpr 4 oversz 0 unbuild 0 {}
  17     0     100   0.00746393088      31.0811727      25.2790704      18.2204176      321.787408      0.32810715     0.323658464
  17     1      50   0.00980489688      31.7206425      24.4583189      19.6888741      332.600561     0.334857686      0.31315004
          wgpu 1d 152g 248c x3w 4ms | egraph 49g->102v+0snap 9ms | graft 24 (-98n, 0 snap) cpu 0 | f64 20 | gen 0.2s | dropped inexpr 1 oversz 0 unbuild 0 {}
  18     0     100               0      28.7616352      22.9650966      18.0071551      309.791211     0.303621045     0.294031694
  18     1      50   0.00980489688      31.7206425      24.4583189      19.6888741      332.600561     0.334857686      0.31315004
          wgpu 1d 135g 246c x3w 4ms | egraph 47g->100v+0snap 9ms | graft 23 (-66n, 0 snap) cpu 0 | f64 20 | gen 0.2s | dropped inexpr 2 oversz 0 unbuild 0 {}
  19     0     100               0      28.7616352      22.9650966      18.0071551      309.791211     0.303621045     0.294031694
  19     1      50   0.00980489688      31.7206425      24.4583189      19.6888741      332.600561     0.334857686      0.31315004
          wgpu 1d 147g 252c x3w 4ms | egraph 52g->106v+0snap 9ms | graft 24 (-92n, 0 snap) cpu 0 | f64 36 | gen 0.3s | dropped inexpr 3 oversz 0 unbuild 0 {}
  20     0     100               0      28.7616353       22.965096      18.0071543      309.791213     0.303621046     0.294031686
  20     1      50   0.00980489688      31.7206425      24.4583189      19.6888741      332.600561     0.334857686      0.31315004
          wgpu 1d 134g 221c x3w 4ms | egraph 48g->75v+0snap 8ms | graft 19 (-65n, 0 snap) cpu 0 | f64 20 | gen 0.2s | dropped inexpr 3 oversz 0 unbuild 0 {}
--------- pump migration: intra (promote-2 + intake-reset) ---------
  21     0     100               0      28.7616353       22.965096      18.0071543      309.791213     0.303621046     0.294031686
  21     1      50               0      28.7616352      22.9650966      18.0071551      309.791211     0.303621045     0.294031694
          wgpu 2d 317g 353c x3w 7ms | egraph 112g->127v+0snap 25ms | graft 47 (-171n, 0 snap) cpu 0 | f64 30 | gen 0.2s | dropped inexpr 1 oversz 0 unbuild 0 {}
  22     0     100               0      28.7616353       22.965096      18.0071543      309.791213     0.303621046     0.294031686
  22     1      50               0      28.7616353       22.965096      18.0071543      309.791213     0.303621046     0.294031686
          wgpu 1d 111g 188c x3w 3ms | egraph 35g->42v+0snap 6ms | graft 24 (-96n, 0 snap) cpu 0 | f64 20 | gen 0.2s | dropped inexpr 3 oversz 0 unbuild 0 {}
  23     0     100               0      28.7616353       22.965096      18.0071543      309.791213     0.303621046     0.294031686
  23     1      50               0      28.7616352      22.9650966      18.0071551      309.791211     0.303621045     0.294031694
          wgpu 1d 93g 167c x3w 3ms | egraph 27g->21v+0snap 5ms | graft 13 (-56n, 0 snap) cpu 0 | f64 20 | gen 0.2s | dropped inexpr 2 oversz 0 unbuild 0 {}
  24     0     100               0      28.7616353       22.965096      18.0071543      309.791213     0.303621046     0.294031686
  24     1      50               0      28.7616353       22.965096      18.0071543      309.791213     0.303621046     0.294031686
          wgpu 1d 99g 164c x3w 4ms | egraph 19g->18v+0snap 6ms | graft 12 (-52n, 0 snap) cpu 0 | f64 20 | gen 0.2s | dropped inexpr 1 oversz 0 unbuild 0 {}
  25     0     100               0      28.7616353       22.965096      18.0071543      309.791213     0.303621046     0.294031686
  25     1      50               0      28.7616353       22.965096      18.0071543      309.791213     0.303621046     0.294031686
          wgpu 1d 94g 175c x3w 6ms | egraph 21g->29v+0snap 4ms | graft 15 (-66n, 0 snap) cpu 0 | f64 20 | gen 0.2s
  26     0     100               0      28.7616353       22.965096      18.0071543      309.791213     0.303621046     0.294031686
  26     1      50               0      28.7616353       22.965096      18.0071543      309.791213     0.303621046     0.294031686
          wgpu 1d 109g 172c x3w 4ms | egraph 22g->26v+0snap 6ms | graft 14 (-49n, 0 snap) cpu 0 | f64 20 | gen 0.2s
  27     0     100               0      28.7616353       22.965096      18.0071543      309.791213     0.303621046     0.294031686
  27     1      50               0      28.7616353       22.965096      18.0071543      309.791213     0.303621046     0.294031686
          wgpu 1d 108g 176c x3w 3ms | egraph 15g->30v+0snap 3ms | graft 17 (-71n, 0 snap) cpu 0 | f64 20 | gen 0.2s | dropped inexpr 1 oversz 0 unbuild 0 {}
  28     0     100               0      28.7616353       22.965096      18.0071543      309.791213     0.303621046     0.294031686
  28     1      50               0      28.7616353       22.965096      18.0071543      309.791213     0.303621046     0.294031686
          wgpu 1d 88g 161c x3w 3ms | egraph 14g->15v+0snap 3ms | graft 9 (-33n, 0 snap) cpu 0 | f64 20 | gen 0.2s | dropped inexpr 4 oversz 0 unbuild 0 {}
  29     0     100               0      28.7616353       22.965096      18.0071543      309.791213     0.303621046     0.294031686
  29     1      50               0      28.7616353       22.965096      18.0071543      309.791213     0.303621046     0.294031686
          wgpu 1d 118g 181c x3w 3ms | egraph 24g->35v+0snap 6ms | graft 22 (-88n, 0 snap) cpu 0 | f64 20 | gen 0.3s | dropped inexpr 3 oversz 0 unbuild 0 {}
  30     0     100               0      28.7616353       22.965096      18.0071543      309.791213     0.303621046     0.294031686
  30     1      50               0      28.7616353       22.965096      18.0071543      309.791213     0.303621046     0.294031686
          wgpu 1d 107g 179c x3w 3ms | egraph 21g->33v+0snap 24ms | graft 18 (-108n, 0 snap) cpu 0 | f64 20 | gen 0.2s
--------- pump migration: intra (promote-2 + intake-reset) ---------
  31     0     100               0      28.7616353       22.965096      18.0071543      309.791213     0.303621046     0.294031686
  31     1      50               0      28.7616352      22.9650966      18.0071551      309.791211     0.303621045     0.294031694
          wgpu 2d 293g 328c x3w 7ms | egraph 104g->102v+0snap 24ms | graft 46 (-146n, 0 snap) cpu 0 | f64 30 | gen 0.1s | dropped inexpr 3 oversz 0 unbuild 0 {}
  32     0     100               0      28.7616352      22.9650966      18.0071551      309.791211     0.303621045     0.294031694
  32     1      50               0      28.7616352      22.9650966      18.0071551      309.791211     0.303621045     0.294031694
          wgpu 1d 108g 167c x3w 3ms | egraph 14g->21v+0snap 3ms | graft 16 (-55n, 0 snap) cpu 0 | f64 20 | gen 0.2s | dropped inexpr 2 oversz 0 unbuild 0 {}
  33     0     100               0      28.7616352      22.9650966      18.0071551      309.791211     0.303621045     0.294031694
  33     1      50               0      28.7616352      22.9650966      18.0071551      309.791211     0.303621045     0.294031694
          wgpu 1d 103g 176c x3w 3ms | egraph 22g->30v+0snap 4ms | graft 18 (-58n, 0 snap) cpu 0 | f64 20 | gen 0.2s
  34     0     100               0      28.7616353       22.965096      18.0071543      309.791213     0.303621046     0.294031686
  34     1      50               0      28.7616352      22.9650966      18.0071551      309.791211     0.303621045     0.294031694
          wgpu 1d 121g 170c x3w 3ms | egraph 34g->24v+0snap 6ms | graft 12 (-50n, 0 snap) cpu 0 | f64 20 | gen 0.1s
  35     0     100               0      28.7616353       22.965096      18.0071543      309.791213     0.303621046     0.294031686
  35     1      50               0      28.7616352      22.9650966      18.0071551      309.791211     0.303621045     0.294031694
          wgpu 1d 117g 174c x3w 3ms | egraph 31g->28v+0snap 6ms | graft 16 (-51n, 0 snap) cpu 0 | f64 20 | gen 0.1s
  36     0     100               0      28.7616353       22.965096      18.0071543      309.791213     0.303621046     0.294031686
  36     1      50               0      28.7616352      22.9650966      18.0071551      309.791211     0.303621045     0.294031694
          wgpu 1d 119g 181c x3w 4ms | egraph 30g->35v+0snap 13ms | graft 23 (-81n, 0 snap) cpu 0 | f64 20 | gen 0.2s | dropped inexpr 2 oversz 0 unbuild 0 {}
  37     0     100               0      28.7616353       22.965096      18.0071543      309.791213     0.303621046     0.294031686
  37     1      50               0      28.7616352      22.9650966      18.0071551      309.791211     0.303621045     0.294031694
          wgpu 1d 92g 162c x3w 3ms | egraph 21g->16v+0snap 5ms | graft 11 (-34n, 0 snap) cpu 0 | f64 20 | gen 0.2s | dropped inexpr 1 oversz 0 unbuild 0 {}
  38     0     100               0      28.7616353       22.965096      18.0071543      309.791213     0.303621046     0.294031686
  38     1      50               0      28.7616352      22.9650966      18.0071551      309.791211     0.303621045     0.294031694
          wgpu 1d 103g 166c x3w 5ms | egraph 22g->20v+0snap 5ms | graft 13 (-33n, 0 snap) cpu 0 | f64 20 | gen 0.3s
  39     0     100               0      28.7616353       22.965096      18.0071543      309.791213     0.303621046     0.294031686
  39     1      50               0      28.7616353       22.965096      18.0071543      309.791213     0.303621046     0.294031686
          wgpu 1d 108g 175c x3w 3ms | egraph 25g->29v+0snap 7ms | graft 10 (-48n, 0 snap) cpu 0 | f64 20 | gen 0.3s
  40     0     100               0      28.7616353       22.965096      18.0071543      309.791213     0.303621046     0.294031686
  40     1      50               0      28.7616353       22.965096      18.0071543      309.791213     0.303621046     0.294031686
          wgpu 1d 107g 165c x3w 3ms | egraph 25g->19v+0snap 5ms | graft 13 (-42n, 0 snap) cpu 0 | f64 20 | gen 0.2s | dropped inexpr 1 oversz 0 unbuild 0 {}
--------- pump migration: intra (promote-2 + intake-reset) ---------
  41     0     100               0      28.7616353       22.965096      18.0071543      309.791213     0.303621046     0.294031686
  41     1      50               0      28.7616353       22.965096      18.0071543      309.791213     0.303621046     0.294031686
          wgpu 2d 291g 321c x3w 7ms | egraph 98g->95v+0snap 20ms | graft 46 (-134n, 0 snap) cpu 0 | f64 30 | gen 0.2s
  42     0     100               0      28.7616353       22.965096      18.0071543      309.791213     0.303621046     0.294031686
  42     1      50               0      28.7616353       22.965096      18.0071543      309.791213     0.303621046     0.294031686
          wgpu 1d 92g 160c x3w 3ms | egraph 17g->14v+0snap 5ms | graft 12 (-40n, 0 snap) cpu 0 | f64 20 | gen 0.2s
  43     0     100               0      28.7616353       22.965096      18.0071543      309.791213     0.303621046     0.294031686
  43     1      50               0      28.7616353       22.965096      18.0071543      309.791213     0.303621046     0.294031686
          wgpu 1d 120g 185c x3w 3ms | egraph 27g->39v+0snap 6ms | graft 24 (-67n, 0 snap) cpu 0 | f64 20 | gen 0.2s
  44     0     100               0      28.7616353       22.965096      18.0071543      309.791213     0.303621046     0.294031686
  44     1      50               0      28.7616353       22.965096      18.0071543      309.791213     0.303621046     0.294031686
          wgpu 1d 112g 170c x3w 3ms | egraph 14g->24v+0snap 3ms | graft 15 (-40n, 0 snap) cpu 0 | f64 20 | gen 0.2s
  45     0     100               0      28.7616353       22.965096      18.0071543      309.791213     0.303621046     0.294031686
  45     1      50               0      28.7616353       22.965096      18.0071543      309.791213     0.303621046     0.294031686
          wgpu 1d 103g 170c x3w 3ms | egraph 19g->24v+0snap 8ms | graft 17 (-52n, 0 snap) cpu 0 | f64 20 | gen 0.2s
  46     0     100               0      28.7616353       22.965096      18.0071543      309.791213     0.303621046     0.294031686
  46     1      50               0      28.7616353       22.965096      18.0071543      309.791213     0.303621046     0.294031686
          wgpu 1d 99g 164c x3w 3ms | egraph 14g->18v+0snap 3ms | graft 13 (-29n, 0 snap) cpu 0 | f64 20 | gen 0.2s
  47     0     100               0      28.7616353       22.965096      18.0071543      309.791213     0.303621046     0.294031686
  47     1      50               0      28.7616353       22.965096      18.0071543      309.791213     0.303621046     0.294031686
          wgpu 1d 97g 163c x3w 3ms | egraph 8g->17v+0snap 2ms | graft 10 (-24n, 0 snap) cpu 0 | f64 20 | gen 0.2s
  48     0     100               0      28.7616353       22.965096      18.0071543      309.791213     0.303621046     0.294031686
  48     1      50               0      28.7616352      22.9650966      18.0071551      309.791211     0.303621045     0.294031694
          wgpu 1d 99g 165c x3w 3ms | egraph 15g->19v+0snap 3ms | graft 12 (-31n, 0 snap) cpu 0 | f64 20 | gen 0.2s
  49     0     100               0      28.7616353       22.965096      18.0071543      309.791213     0.303621046     0.294031686
  49     1      50               0      28.7616353       22.965096      18.0071543      309.791213     0.303621046     0.294031686
          wgpu 1d 102g 167c x3w 3ms | egraph 19g->21v+0snap 4ms | graft 16 (-29n, 0 snap) cpu 0 | f64 20 | gen 0.2s
  50     0     100               0      28.7616353       22.965096      18.0071543      309.791213     0.303621046     0.294031686
  50     1      50               0      28.7616352      22.9650966      18.0071551      309.791211     0.303621045     0.294031694
          wgpu 1d 99g 166c x3w 3ms | egraph 16g->20v+0snap 4ms | graft 13 (-39n, 0 snap) cpu 0 | f64 20 | gen 0.2s
--------- pump migration: intra (promote-2 + intake-reset) ---------
  51     0     100               0      49.4630425      33.8105767      21.8172583       453.43478     0.522154619      0.43289089
  51     1      50               0      28.7616353       22.965096      18.0071543      309.791213     0.303621046     0.294031686
          wgpu 2d 316g 340c x3w 7ms | egraph 111g->114v+0snap 24ms | graft 48 (-202n, 0 snap) cpu 0 | f64 30 | gen 0.1s | dropped inexpr 1 oversz 0 unbuild 0 {}
  52     0     100               0      28.7616353       22.965096      18.0071543      309.791213     0.303621046     0.294031686
  52     1      50               0      28.7616353       22.965096      18.0071543      309.791213     0.303621046     0.294031686
          wgpu 1d 116g 168c x3w 3ms | egraph 17g->22v+0snap 14ms | graft 13 (-58n, 0 snap) cpu 0 | f64 20 | gen 0.2s | dropped inexpr 1 oversz 0 unbuild 0 {}
  53     0     100               0      28.7616353       22.965096      18.0071543      309.791213     0.303621046     0.294031686
  53     1      50               0      28.7616353       22.965096      18.0071543      309.791213     0.303621046     0.294031686
          wgpu 1d 109g 171c x3w 3ms | egraph 14g->25v+0snap 3ms | graft 16 (-64n, 0 snap) cpu 0 | f64 20 | gen 0.2s
  54     0     100               0      28.7616353       22.965096      18.0071543      309.791213     0.303621046     0.294031686
  54     1      50               0      28.7616353       22.965096      18.0071543      309.791213     0.303621046     0.294031686
          wgpu 1d 121g 174c x3w 3ms | egraph 27g->28v+0snap 6ms | graft 15 (-40n, 0 snap) cpu 0 | f64 20 | gen 0.2s
  55     0     100               0      28.7616353       22.965096      18.0071543      309.791213     0.303621046     0.294031686
  55     1      50               0      28.7616353       22.965096      18.0071543      309.791213     0.303621046     0.294031686
          wgpu 1d 90g 157c x3w 4ms | egraph 14g->11v+0snap 3ms | graft 8 (-21n, 0 snap) cpu 0 | f64 20 | gen 0.2s
  56     0     100               0      28.7616353       22.965096      18.0071543      309.791213     0.303621046     0.294031686
  56     1      50               0      28.7616353       22.965096      18.0071543      309.791213     0.303621046     0.294031686
          wgpu 1d 102g 168c x3w 3ms | egraph 27g->22v+0snap 5ms | graft 13 (-55n, 0 snap) cpu 0 | f64 20 | gen 0.2s
  57     0     100               0      28.7616353       22.965096      18.0071543      309.791213     0.303621046     0.294031686
  57     1      50               0      28.7616353       22.965096      18.0071543      309.791213     0.303621046     0.294031686
          wgpu 1d 93g 167c x3w 3ms | egraph 16g->21v+0snap 4ms | graft 16 (-60n, 0 snap) cpu 0 | f64 20 | gen 0.2s
  58     0     100               0      28.7616353       22.965096      18.0071543      309.791213     0.303621046     0.294031686
  58     1      50               0      28.7616353       22.965096      18.0071543      309.791213     0.303621046     0.294031686
          wgpu 1d 95g 169c x3w 3ms | egraph 18g->23v+0snap 5ms | graft 11 (-31n, 0 snap) cpu 0 | f64 20 | gen 0.1s
  59     0     100               0      28.7616353       22.965096      18.0071543      309.791213     0.303621046     0.294031686
  59     1      50               0      28.7616353       22.965096      18.0071543      309.791213     0.303621046     0.294031686
          wgpu 1d 113g 185c x3w 3ms | egraph 18g->39v+0snap 5ms | graft 20 (-79n, 0 snap) cpu 0 | f64 20 | gen 0.2s
  60     0     100               0      28.7616352      22.9650966      18.0071551      309.791211     0.303621045     0.294031694
  60     1      50               0      28.7616352      22.9650966      18.0071551      309.791211     0.303621045     0.294031694
          wgpu 1d 122g 180c x3w 3ms | egraph 30g->34v+0snap 8ms | graft 21 (-71n, 0 snap) cpu 0 | f64 20 | gen 0.2s
--------- pump migration: intra (promote-2 + intake-reset) + cross ---------
  61     0     100               0      28.7616352      22.9650966      18.0071551      309.791211     0.303621045     0.294031694
  61     1      50               0      28.7616352      22.9650966      18.0071551      309.791211     0.303621045     0.294031694
          wgpu 2d 281g 311c x3w 7ms | egraph 97g->85v+0snap 29ms | graft 42 (-111n, 0 snap) cpu 0 | f64 30 | gen 0.4s
  62     0     100               0      28.7616352      22.9650966      18.0071551      309.791211     0.303621045     0.294031694
  62     1      50               0      28.7616352      22.9650966      18.0071551      309.791211     0.303621045     0.294031694
          wgpu 1d 100g 170c x3w 4ms | egraph 19g->24v+0snap 8ms | graft 15 (-51n, 0 snap) cpu 0 | f64 20 | gen 0.1s
  63     0     100               0      28.7616352      22.9650966      18.0071551      309.791211     0.303621045     0.294031694
  63     1      50               0      28.7616352      22.9650966      18.0071551      309.791211     0.303621045     0.294031694
          wgpu 1d 93g 166c x3w 3ms | egraph 19g->20v+0snap 5ms | graft 15 (-57n, 0 snap) cpu 0 | f64 20 | gen 0.2s
  64     0     100               0      28.7616352      22.9650966      18.0071551      309.791211     0.303621045     0.294031694
  64     1      50               0      28.7616352      22.9650966      18.0071551      309.791211     0.303621045     0.294031694
          wgpu 1d 102g 166c x3w 3ms | egraph 18g->20v+0snap 7ms | graft 11 (-30n, 0 snap) cpu 0 | f64 20 | gen 0.2s
  65     0     100               0      28.7616352      22.9650966      18.0071551      309.791211     0.303621045     0.294031694
  65     1      50               0      28.7616352      22.9650966      18.0071551      309.791211     0.303621045     0.294031694
          wgpu 1d 103g 176c x3w 3ms | egraph 16g->30v+0snap 5ms | graft 16 (-51n, 0 snap) cpu 0 | f64 20 | gen 0.2s
  66     0     100               0      28.7616352      22.9650966      18.0071551      309.791211     0.303621045     0.294031694
  66     1      50               0      28.7616352      22.9650966      18.0071551      309.791211     0.303621045     0.294031694
          wgpu 1d 125g 195c x3w 4ms | egraph 22g->49v+0snap 5ms | graft 24 (-105n, 0 snap) cpu 0 | f64 20 | gen 0.2s
  67     0     100               0      28.7616352      22.9650966      18.0071551      309.791211     0.303621045     0.294031694
  67     1      50               0      28.7616352      22.9650966      18.0071551      309.791211     0.303621045     0.294031694
          wgpu 1d 129g 189c x3w 3ms | egraph 25g->43v+0snap 6ms | graft 19 (-68n, 0 snap) cpu 0 | f64 20 | gen 0.2s
  68     0     100               0      28.7616352      22.9650966      18.0071551      309.791211     0.303621045     0.294031694
  68     1      50               0      28.7616352      22.9650966      18.0071551      309.791211     0.303621045     0.294031694
          wgpu 1d 140g 215c x3w 4ms | egraph 36g->69v+0snap 8ms | graft 25 (-87n, 0 snap) cpu 0 | f64 20 | gen 0.2s
  69     0     100               0      28.7616352      22.9650966      18.0071551      309.791211     0.303621045     0.294031694
  69     1      50               0      28.7616352      22.9650966      18.0071551      309.791211     0.303621045     0.294031694
          wgpu 1d 111g 176c x3w 3ms | egraph 25g->30v+0snap 8ms | graft 15 (-45n, 0 snap) cpu 0 | f64 20 | gen 0.2s
  70     0     100               0      28.7616352      22.9650966      18.0071551      309.791211     0.303621045     0.294031694
  70     1      50               0      28.7616352      22.9650966      18.0071551      309.791211     0.303621045     0.294031694
          wgpu 1d 115g 165c x3w 3ms | egraph 27g->19v+0snap 6ms | graft 16 (-50n, 0 snap) cpu 0 | f64 20 | gen 0.2s
--------- pump migration: intra (promote-2 + intake-reset) ---------
  71     0     100               0      42.2109674      27.6333791       22.762441      380.758235      0.44559838     0.353801658
  71     1      50               0      28.7616352      22.9650966      18.0071551      309.791211     0.303621045     0.294031694
          wgpu 2d 297g 311c x3w 7ms | egraph 108g->85v+0snap 49ms | graft 43 (-132n, 0 snap) cpu 0 | f64 30 | gen 0.2s | dropped inexpr 2 oversz 0 unbuild 0 {}
  72     0     100               0      42.2109674      27.6333791       22.762441      380.758235      0.44559838     0.353801658
  72     1      50               0      28.7616352      22.9650966      18.0071551      309.791211     0.303621045     0.294031694
          wgpu 1d 109g 169c x3w 3ms | egraph 31g->23v+0snap 8ms | graft 14 (-41n, 0 snap) cpu 0 | f64 20 | gen 0.3s
  73     0     100               0      25.9399984      21.2457254      17.1602421      298.210717     0.273834549     0.272017868
  73     1      50               0      28.7616352      22.9650966      18.0071551      309.791211     0.303621045     0.294031694
          wgpu 1d 141g 180c x3w 4ms | egraph 41g->34v+0snap 10ms | graft 18 (-71n, 0 snap) cpu 0 | f64 20 | gen 0.3s
  74     0     100               0      25.9399984      21.2457254      17.1602421      298.210717     0.273834549     0.272017868
  74     1      50               0      28.7616352      22.9650966      18.0071551      309.791211     0.303621045     0.294031694
          wgpu 1d 149g 177c x3w 4ms | egraph 57g->31v+0snap 13ms | graft 19 (-78n, 0 snap) cpu 0 | f64 20 | gen 0.4s
  75     0     100               0      25.9399984      21.2457254      17.1602421      298.210717     0.273834549     0.272017868
  75     1      50               0      28.7616352      22.9650966      18.0071551      309.791211     0.303621045     0.294031694
          wgpu 1d 122g 179c x3w 3ms | egraph 28g->33v+0snap 7ms | graft 19 (-58n, 0 snap) cpu 0 | f64 20 | gen 0.4s
  76     0     100               0      25.9399984      21.2457254      17.1602421      298.210717     0.273834549     0.272017868
  76     1      50               0      28.7616352      22.9650966      18.0071551      309.791211     0.303621045     0.294031694
          wgpu 1d 121g 180c x3w 9ms | egraph 44g->34v+0snap 10ms | graft 19 (-55n, 0 snap) cpu 0 | f64 20 | gen 0.3s
  77     0     100               0      25.9399984      21.2457254      17.1602421      298.210717     0.273834549     0.272017868
  77     1      50               0      28.7616352      22.9650966      18.0071551      309.791211     0.303621045     0.294031694
          wgpu 1d 119g 167c x3w 4ms | egraph 26g->21v+0snap 6ms | graft 15 (-60n, 0 snap) cpu 0 | f64 20 | gen 0.5s
  78     0     100               0      25.9399984      21.2457254      17.1602421      298.210717     0.273834549     0.272017868
  78     1      50               0      28.7616353       22.965096      18.0071543      309.791213     0.303621046     0.294031686
          wgpu 1d 137g 181c x3w 4ms | egraph 33g->35v+0snap 7ms | graft 24 (-79n, 0 snap) cpu 0 | f64 20 | gen 0.3s
  79     0     100               0      25.9399984      21.2457254      17.1602421      298.210717     0.273834549     0.272017868
  79     1      50               0      28.7616352      22.9650966      18.0071551      309.791211     0.303621045     0.294031694
          wgpu 1d 131g 172c x3w 4ms | egraph 28g->26v+0snap 8ms | graft 16 (-43n, 0 snap) cpu 0 | f64 20 | gen 0.3s
  80     0     100               0      25.9399984      21.2457254      17.1602421      298.210717     0.273834549     0.272017868
  80     1      50               0      28.7616352      22.9650966      18.0071551      309.791211     0.303621045     0.294031694
          wgpu 1d 139g 170c x3w 4ms | egraph 35g->24v+0snap 8ms | graft 17 (-48n, 0 snap) cpu 0 | f64 20 | gen 0.2s
--------- pump migration: intra (promote-2 + intake-reset) ---------
  81     0     100               0      25.9399984      21.2457254      17.1602421      298.210717     0.273834549     0.272017868
  81     1      50               0      28.7616353       22.965096      18.0071543      309.791213     0.303621046     0.294031686
          wgpu 2d 297g 307c x3w 7ms | egraph 108g->81v+0snap 30ms | graft 38 (-117n, 0 snap) cpu 0 | f64 30 | gen 0.4s
  82     0     100               0      25.9399984      21.2457254      17.1602421      298.210717     0.273834549     0.272017868
  82     1      50               0      25.9399984      21.2457254      17.1602421      298.210717     0.273834549     0.272017868
          wgpu 1d 149g 178c x3w 4ms | egraph 40g->32v+0snap 10ms | graft 16 (-58n, 0 snap) cpu 0 | f64 20 | gen 0.5s
  83     0     100               0      25.9399984      21.2457254      17.1602421      298.210717     0.273834549     0.272017868
  83     1      50               0      25.9399984      21.2457254      17.1602421      298.210717     0.273834549     0.272017868
          wgpu 1d 147g 176c x3w 4ms | egraph 41g->30v+0snap 11ms | graft 17 (-47n, 0 snap) cpu 0 | f64 20 | gen 0.7s
  84     0     100               0      25.9399984      21.2457254      17.1602421      298.210717     0.273834549     0.272017868
  84     1      50               0      25.9399984      21.2457254      17.1602421      298.210717     0.273834549     0.272017868
          wgpu 1d 154g 182c x3w 5ms | egraph 38g->36v+0snap 8ms | graft 23 (-84n, 0 snap) cpu 0 | f64 20 | gen 0.7s
  85     0     100               0      23.6331679      18.6909379      16.8869758      295.646249     0.249482586     0.239307861
  85     1      50               0      25.9399984      21.2457254      17.1602421      298.210717     0.273834549     0.272017868
          wgpu 1d 156g 174c x3w 4ms | egraph 39g->28v+0snap 12ms | graft 16 (-72n, 0 snap) cpu 0 | f64 20 | gen 0.4s
  86     0     100               0      23.6331679      18.6909379      16.8869758      295.646249     0.249482586     0.239307861
  86     1      50               0      25.9399984      21.2457254      17.1602421      298.210717     0.273834549     0.272017868
          wgpu 1d 151g 168c x3w 4ms | egraph 40g->22v+0snap 10ms | graft 15 (-62n, 0 snap) cpu 0 | f64 20 | gen 0.5s
  87     0     100               0      23.6331679      18.6909379      16.8869758      295.646249     0.249482586     0.239307861
  87     1      50               0      25.9399984      21.2457254      17.1602421      298.210717     0.273834549     0.272017868
          wgpu 1d 147g 180c x3w 4ms | egraph 33g->34v+0snap 11ms | graft 19 (-64n, 0 snap) cpu 0 | f64 20 | gen 0.3s
  88     0     100               0      23.6331679      18.6909379      16.8869758      295.646249     0.249482586     0.239307861
  88     1      50               0      25.8857876      20.8837276      17.0519539      297.492257     0.273262275     0.267383059
          wgpu 1d 145g 170c x3w 4ms | egraph 43g->24v+0snap 11ms | graft 14 (-62n, 0 snap) cpu 0 | f64 20 | gen 0.4s
  89     0     100               0      23.6331679      18.6909379      16.8869758      295.646249     0.249482586     0.239307861
  89     1      50               0      25.8857876      20.8837276      17.0519539      297.492257     0.273262275     0.267383059
          wgpu 1d 174g 187c x3w 4ms | egraph 53g->41v+0snap 21ms | graft 22 (-67n, 0 snap) cpu 0 | f64 20 | gen 0.3s
  90     0     100               0      23.6331679      18.6909379      16.8869758      295.646249     0.249482586     0.239307861
  90     1      50               0      25.8857876      20.8837276      17.0519539      297.492257     0.273262275     0.267383059
          wgpu 1d 150g 174c x3w 4ms | egraph 44g->28v+0snap 14ms | graft 18 (-68n, 0 snap) cpu 0 | f64 20 | gen 0.4s
--------- pump migration: intra (promote-2 + intake-reset) + cross ---------
  91     0     100               0      23.6331681      18.6909379      16.8869747      295.646253     0.249482588      0.23930786
  91     1      50               0      25.8857876      20.8837276      17.0519539      297.492257     0.273262275     0.267383059
          wgpu 2d 330g 331c x3w 8ms | egraph 124g->105v+0snap 38ms | graft 47 (-143n, 0 snap) cpu 0 | f64 30 | gen 0.3s | dropped inexpr 3 oversz 0 unbuild 0 {}
  92     0     100               0      23.6331681      18.6909379      16.8869747      295.646253     0.249482588      0.23930786
  92     1      50               0      25.8857876      20.8837276      17.0519539      297.492257     0.273262275     0.267383059
          wgpu 1d 143g 185c x3w 4ms | egraph 33g->39v+0snap 8ms | graft 28 (-89n, 0 snap) cpu 0 | f64 20 | gen 0.3s
  93     0     100               0      23.6331679      18.6909379      16.8869758      295.646249     0.249482586     0.239307861
  93     1      50               0      23.6331679      18.6909379      16.8869758      295.646249     0.249482586     0.239307861
          wgpu 1d 165g 182c x3w 5ms | egraph 42g->36v+0snap 25ms | graft 19 (-72n, 0 snap) cpu 0 | f64 20 | gen 0.3s
  94     0     100               0      23.6331681      18.6909379      16.8869747      295.646253     0.249482588      0.23930786
  94     1      50               0      23.6331679      18.6909379      16.8869758      295.646249     0.249482586     0.239307861
          wgpu 1d 143g 180c x3w 7ms | egraph 30g->34v+0snap 6ms | graft 17 (-58n, 0 snap) cpu 0 | f64 20 | gen 0.3s
  95     0     100               0      23.6331681      18.6909379      16.8869747      295.646253     0.249482588      0.23930786
  95     1      50               0      23.6331679      18.6909379      16.8869758      295.646249     0.249482586     0.239307861
          wgpu 1d 151g 178c x3w 4ms | egraph 28g->32v+0snap 9ms | graft 20 (-86n, 0 snap) cpu 0 | f64 20 | gen 0.3s
  96     0     100               0      23.6331681      18.6909379      16.8869747      295.646253     0.249482588      0.23930786
  96     1      50               0      23.6331679      18.6909379      16.8869758      295.646249     0.249482586     0.239307861
          wgpu 1d 141g 185c x3w 4ms | egraph 23g->39v+0snap 6ms | graft 25 (-119n, 0 snap) cpu 0 | f64 20 | gen 0.5s
  97     0     100               0      23.6331681      18.6909379      16.8869747      295.646253     0.249482588      0.23930786
  97     1      50               0      23.6331679      18.6909379      16.8869758      295.646249     0.249482586     0.239307861
          wgpu 1d 146g 185c x3w 4ms | egraph 22g->39v+0snap 5ms | graft 24 (-102n, 0 snap) cpu 0 | f64 20 | gen 0.3s
  98     0     100               0      23.6331681      18.6909379      16.8869747      295.646253     0.249482588      0.23930786
  98     1      50               0      23.6331679      18.6909379      16.8869758      295.646249     0.249482586     0.239307861
          wgpu 1d 138g 180c x3w 4ms | egraph 29g->34v+0snap 10ms | graft 16 (-58n, 0 snap) cpu 0 | f64 20 | gen 0.3s
  99     0     100               0      23.6331681      18.6909379      16.8869747      295.646253     0.249482588      0.23930786
  99     1      50               0      23.6331679      18.6909379      16.8869758      295.646249     0.249482586     0.239307861
          wgpu 1d 122g 166c x3w 3ms | egraph 18g->20v+0snap 6ms | graft 14 (-39n, 0 snap) cpu 0 | f64 20 | gen 0.3s
 100     0     100               0      23.6331681      18.6909379      16.8869747      295.646253     0.249482588      0.23930786
 100     1      50               0      23.6331679      18.6909379      16.8869758      295.646249     0.249482586     0.239307861
          wgpu 1d 136g 175c x3w 4ms | egraph 31g->29v+0snap 9ms | graft 14 (-68n, 0 snap) cpu 0 | f64 20 | gen 0.3s
--------- pump migration: intra (promote-2 + intake-reset) ---------
 101     0     100               0      23.6331681      18.6909379      16.8869747      295.646253     0.249482588      0.23930786
 101     1      50               0      23.6331681      18.6909379      16.8869747      295.646253     0.249482588      0.23930786
          wgpu 2d 361g 350c x3w 8ms | egraph 117g->124v+0snap 34ms | graft 69 (-188n, 0 snap) cpu 0 | f64 30 | gen 0.3s | dropped inexpr 5 oversz 0 unbuild 0 {}
 102     0     100               0      23.6331681      18.6909379      16.8869747      295.646253     0.249482588      0.23930786
 102     1      50               0      23.6331681      18.6909379      16.8869747      295.646253     0.249482588      0.23930786
          wgpu 1d 153g 181c x3w 4ms | egraph 31g->35v+0snap 22ms | graft 20 (-62n, 0 snap) cpu 0 | f64 20 | gen 0.3s
 103     0     100               0      23.6331681      18.6909379      16.8869747      295.646253     0.249482588      0.23930786
 103     1      50               0      23.6331681      18.6909379      16.8869747      295.646253     0.249482588      0.23930786
          wgpu 1d 151g 180c x3w 6ms | egraph 35g->34v+0snap 10ms | graft 21 (-62n, 0 snap) cpu 0 | f64 20 | gen 0.3s
 104     0     100               0      23.6331681      18.6909379      16.8869747      295.646253     0.249482588      0.23930786
 104     1      50               0      23.6331679      18.6909379      16.8869758      295.646249     0.249482586     0.239307861
          wgpu 1d 156g 183c x3w 4ms | egraph 43g->37v+0snap 12ms | graft 19 (-47n, 0 snap) cpu 0 | f64 20 | gen 0.3s
 105     0     100               0      21.8945379      18.5747628      16.4934145      286.087232     0.231128809     0.237820422
 105     1      50               0      23.6331679      18.6909379      16.8869758      295.646249     0.249482586     0.239307861
          wgpu 1d 159g 185c x3w 4ms | egraph 40g->39v+0snap 10ms | graft 22 (-92n, 0 snap) cpu 0 | f64 20 | gen 0.5s
 106     0     100               0      21.8945379      18.5747628      16.4934145      286.087232     0.231128809     0.237820422
 106     1      50               0      23.6331679      18.6909379      16.8869758      295.646249     0.249482586     0.239307861
          wgpu 1d 167g 194c x3w 4ms | egraph 42g->48v+0snap 22ms | graft 29 (-132n, 0 snap) cpu 0 | f64 20 | gen 0.5s
 107     0     100               0      21.8945379      18.5747628      16.4934145      286.087232     0.231128809     0.237820422
 107     1      50               0      23.6331681      18.6909379      16.8869747      295.646253     0.249482588      0.23930786
          wgpu 1d 183g 201c x3w 4ms | egraph 40g->55v+0snap 11ms | graft 26 (-101n, 0 snap) cpu 0 | f64 20 | gen 0.4s | dropped inexpr 1 oversz 0 unbuild 0 {}
 108     0     100               0      21.8945379      18.5747628      16.4934145      286.087232     0.231128809     0.237820422
 108     1      50               0      23.6331681      18.6909379      16.8869747      295.646253     0.249482588      0.23930786
          wgpu 1d 158g 186c x3w 4ms | egraph 32g->40v+0snap 8ms | graft 21 (-53n, 0 snap) cpu 0 | f64 20 | gen 0.3s
 109     0     100               0      21.8945379      18.5747628      16.4934145      286.087232     0.231128809     0.237820422
 109     1      50               0      23.6331681      18.6909379      16.8869747      295.646253     0.249482588      0.23930786
          wgpu 1d 169g 190c x3w 4ms | egraph 37g->44v+0snap 10ms | graft 24 (-74n, 0 snap) cpu 0 | f64 20 | gen 0.4s
 110     0     100               0      21.8945379      18.5747628      16.4934145      286.087232     0.231128809     0.237820422
 110     1      50               0      23.6331679      18.6909379      16.8869758      295.646249     0.249482586     0.239307861
          wgpu 1d 171g 177c x3w 6ms | egraph 43g->31v+0snap 11ms | graft 19 (-65n, 0 snap) cpu 0 | f64 20 | gen 0.3s
--------- pump migration: intra (promote-2 + intake-reset) ---------
 111     0     100               0      21.8945379      18.5747628      16.4934145      286.087232     0.231128809     0.237820422
 111     1      50               0      21.8945379      18.5747628      16.4934145      286.087232     0.231128809     0.237820422
          wgpu 2d 409g 428c x3w 9ms | egraph 126g->202v+0snap 31ms | graft 75 (-266n, 0 snap) cpu 0 | f64 30 | gen 0.3s | dropped inexpr 3 oversz 0 unbuild 0 {}
 112     0     100               0      21.8945379      18.5747628      16.4934145      286.087232     0.231128809     0.237820422
 112     1      50               0      21.8945379      18.5747628      16.4934145      286.087232     0.231128809     0.237820422
          wgpu 1d 147g 188c x3w 4ms | egraph 26g->42v+0snap 7ms | graft 25 (-87n, 0 snap) cpu 0 | f64 20 | gen 0.3s
 113     0     100               0      21.8945379      18.5747628      16.4934145      286.087232     0.231128809     0.237820422
 113     1      50               0      21.8945379      18.5747628      16.4934145      286.087232     0.231128809     0.237820422
          wgpu 1d 145g 183c x3w 5ms | egraph 24g->37v+0snap 16ms | graft 22 (-59n, 0 snap) cpu 0 | f64 20 | gen 0.4s
 114     0     100               0      21.8945379      18.5747628      16.4934145      286.087232     0.231128809     0.237820422
 114     1      50               0      21.8945379      18.5747628      16.4934145      286.087232     0.231128809     0.237820422
          wgpu 1d 160g 183c x3w 5ms | egraph 32g->37v+0snap 9ms | graft 21 (-65n, 0 snap) cpu 0 | f64 20 | gen 0.3s
 115     0     100               0      21.8945379      18.5747628      16.4934145      286.087232     0.231128809     0.237820422
 115     1      50               0      21.8945379      18.5747628      16.4934145      286.087232     0.231128809     0.237820422
          wgpu 1d 183g 210c x3w 4ms | egraph 38g->64v+0snap 11ms | graft 39 (-126n, 0 snap) cpu 0 | f64 20 | gen 0.3s
 116     0     100               0      21.8945379      18.5747628      16.4934145      286.087232     0.231128809     0.237820422
 116     1      50               0      21.8945379      18.5747628      16.4934145      286.087232     0.231128809     0.237820422
          wgpu 1d 170g 196c x3w 5ms | egraph 40g->50v+0snap 11ms | graft 30 (-107n, 0 snap) cpu 0 | f64 20 | gen 0.4s
 117     0     100               0      21.8945379      18.5747628      16.4934145      286.087232     0.231128809     0.237820422
 117     1      50               0      21.8945379      18.5747628      16.4934145      286.087232     0.231128809     0.237820422
          wgpu 1d 170g 185c x3w 6ms | egraph 34g->39v+0snap 12ms | graft 23 (-65n, 0 snap) cpu 0 | f64 20 | gen 0.4s
 118     0     100               0      21.8945379      18.5747628      16.4934145      286.087232     0.231128809     0.237820422
 118     1      50               0      21.8945379      18.5747628      16.4934145      286.087232     0.231128809     0.237820422
          wgpu 1d 197g 206c x3w 4ms | egraph 47g->60v+0snap 12ms | graft 30 (-95n, 0 snap) cpu 0 | f64 20 | gen 0.4s
 119     0     100               0      21.3436523      18.2252493      16.3387098      283.523307     0.225313407     0.233345455
 119     1      50               0      21.8945379      18.5747628      16.4934145      286.087232     0.231128809     0.237820422
          wgpu 1d 173g 207c x3w 12ms | egraph 40g->61v+0snap 39ms | graft 33 (-122n, 0 snap) cpu 0 | f64 20 | gen 0.4s
 120     0     100               0      21.8945379      18.5747628      16.4934145      286.087232     0.231128809     0.237820422
 120     1      50               0      21.8945379      18.5747628      16.4934145      286.087232     0.231128809     0.237820422
          wgpu 1d 173g 195c x3w 4ms | egraph 43g->49v+0snap 11ms | graft 25 (-83n, 0 snap) cpu 0 | f64 20 | gen 0.4s
--------- pump migration: intra (promote-2 + intake-reset) + cross ---------
 121     0     100               0      21.8945379      18.5747628      16.4934145      286.087232     0.231128809     0.237820422
 121     1      50               0      21.8945379      18.5747628      16.4934145      286.087232     0.231128809     0.237820422
          wgpu 2d 406g 376c x3w 26ms | egraph 140g->150v+0snap 60ms | graft 67 (-227n, 0 snap) cpu 0 | f64 30 | gen 0.5s
 122     0     100               0      21.8945379      18.5747628      16.4934145      286.087232     0.231128809     0.237820422
 122     1      50               0      21.8945379      18.5747628      16.4934145      286.087232     0.231128809     0.237820422
          wgpu 1d 162g 194c x3w 4ms | egraph 28g->48v+0snap 7ms | graft 23 (-75n, 0 snap) cpu 0 | f64 20 | gen 0.4s
 123     0     100               0      21.8945379      18.5747628      16.4934145      286.087232     0.231128809     0.237820422
 123     1      50               0      21.8945379      18.5747628      16.4934145      286.087232     0.231128809     0.237820422
          wgpu 1d 191g 200c x3w 4ms | egraph 38g->54v+0snap 11ms | graft 27 (-117n, 0 snap) cpu 0 | f64 20 | gen 0.3s | dropped inexpr 2 oversz 0 unbuild 0 {}
 124     0     100               0      21.8945379      18.5747628      16.4934145      286.087232     0.231128809     0.237820422
 124     1      50               0      21.8945379      18.5747628      16.4934145      286.087232     0.231128809     0.237820422
          wgpu 1d 178g 207c x3w 4ms | egraph 31g->61v+0snap 8ms | graft 33 (-124n, 0 snap) cpu 0 | f64 20 | gen 0.3s
 125     0     100               0      21.8945379      18.5747628      16.4934145      286.087232     0.231128809     0.237820422
 125     1      50               0      21.8945379      18.5747628      16.4934145      286.087232     0.231128809     0.237820422
          wgpu 1d 173g 197c x3w 4ms | egraph 36g->51v+0snap 27ms | graft 30 (-96n, 0 snap) cpu 0 | f64 20 | gen 0.3s
 126     0     100               0      21.8945381      18.5747632      16.4934135      286.087233      0.23112881     0.237820427
 126     1      50               0      21.8945379      18.5747628      16.4934145      286.087232     0.231128809     0.237820422
          wgpu 1d 146g 191c x3w 4ms | egraph 25g->45v+0snap 20ms | graft 27 (-83n, 0 snap) cpu 0 | f64 20 | gen 0.3s
 127     0     100               0      21.8945381      18.5747632      16.4934135      286.087233      0.23112881     0.237820427
 127     1      50               0      21.8945379      18.5747628      16.4934145      286.087232     0.231128809     0.237820422
          wgpu 1d 162g 189c x3w 4ms | egraph 29g->43v+0snap 8ms | graft 22 (-107n, 0 snap) cpu 0 | f64 20 | gen 0.5s
 128     0     100               0      21.8945381      18.5747632      16.4934135      286.087233      0.23112881     0.237820427
 128     1      50               0      21.8945379      18.5747628      16.4934145      286.087232     0.231128809     0.237820422
          wgpu 1d 165g 199c x3w 4ms | egraph 43g->53v+0snap 13ms | graft 28 (-77n, 0 snap) cpu 0 | f64 20 | gen 0.3s
 129     0     100               0      21.8945379      18.5747628      16.4934145      286.087232     0.231128809     0.237820422
 129     1      50               0      21.8945379      18.5747628      16.4934145      286.087232     0.231128809     0.237820422
          wgpu 1d 176g 204c x3w 4ms | egraph 41g->58v+0snap 16ms | graft 30 (-74n, 0 snap) cpu 0 | f64 20 | gen 0.3s
 130     0     100               0      21.8945379      18.5747628      16.4934145      286.087232     0.231128809     0.237820422
 130     1      50               0      21.8945379      18.5747628      16.4934145      286.087232     0.231128809     0.237820422
          wgpu 1d 164g 189c x3w 5ms | egraph 43g->43v+0snap 13ms | graft 24 (-68n, 0 snap) cpu 0 | f64 20 | gen 0.4s
--------- pump migration: intra (promote-2 + intake-reset) ---------
 131     0     100               0      21.8945379      18.5747628      16.4934145      286.087232     0.231128809     0.237820422
 131     1      50               0      21.8945379      18.5747628      16.4934145      286.087232     0.231128809     0.237820422
          wgpu 2d 341g 351c x3w 11ms | egraph 119g->125v+0snap 28ms | graft 56 (-175n, 0 snap) cpu 0 | f64 30 | gen 0.5s | dropped inexpr 1 oversz 0 unbuild 0 {}
 132     0     100               0      21.8945379      18.5747628      16.4934145      286.087232     0.231128809     0.237820422
 132     1      50               0      21.8945379      18.5747628      16.4934145      286.087232     0.231128809     0.237820422
          wgpu 1d 169g 194c x3w 4ms | egraph 40g->48v+0snap 13ms | graft 29 (-80n, 0 snap) cpu 0 | f64 20 | gen 0.3s
 133     0     100               0      21.8945379      18.5747628      16.4934145      286.087232     0.231128809     0.237820422
 133     1      50               0      21.8945379      18.5747628      16.4934145      286.087232     0.231128809     0.237820422
          wgpu 1d 162g 190c x3w 18ms | egraph 36g->44v+0snap 9ms | graft 23 (-81n, 0 snap) cpu 0 | f64 20 | gen 0.3s
 134     0     100               0      21.8945379      18.5747628      16.4934145      286.087232     0.231128809     0.237820422
 134     1      50               0      21.8945379      18.5747628      16.4934145      286.087232     0.231128809     0.237820422
          wgpu 1d 162g 181c x3w 4ms | egraph 43g->35v+0snap 10ms | graft 18 (-72n, 0 snap) cpu 0 | f64 20 | gen 0.4s
 135     0     100               0      21.8945379      18.5747628      16.4934145      286.087232     0.231128809     0.237820422
 135     1      50               0      21.8945379      18.5747628      16.4934145      286.087232     0.231128809     0.237820422
          wgpu 1d 163g 189c x3w 4ms | egraph 35g->43v+0snap 10ms | graft 28 (-96n, 0 snap) cpu 0 | f64 20 | gen 0.4s
 136     0     100               0      21.8945381      18.5747632      16.4934135      286.087233      0.23112881     0.237820427
 136     1      50               0      21.8945379      18.5747628      16.4934145      286.087232     0.231128809     0.237820422
          wgpu 1d 171g 194c x3w 4ms | egraph 38g->48v+0snap 10ms | graft 25 (-75n, 0 snap) cpu 0 | f64 20 | gen 0.5s
 137     0     100               0      21.8945379      18.5747628      16.4934145      286.087232     0.231128809     0.237820422
 137     1      50               0      21.8945379      18.5747628      16.4934145      286.087232     0.231128809     0.237820422
          wgpu 1d 158g 185c x3w 6ms | egraph 37g->39v+0snap 9ms | graft 20 (-78n, 0 snap) cpu 0 | f64 20 | gen 0.4s
 138     0     100               0      21.8945379      18.5747628      16.4934145      286.087232     0.231128809     0.237820422
 138     1      50               0      21.8945379      18.5747628      16.4934145      286.087232     0.231128809     0.237820422
          wgpu 1d 167g 197c x3w 4ms | egraph 34g->51v+0snap 15ms | graft 29 (-85n, 0 snap) cpu 0 | f64 20 | gen 0.3s
 139     0     100               0      21.8945379      18.5747628      16.4934145      286.087232     0.231128809     0.237820422
 139     1      50               0      21.8945379      18.5747628      16.4934145      286.087232     0.231128809     0.237820422
          wgpu 1d 177g 209c x3w 4ms | egraph 44g->63v+0snap 13ms | graft 31 (-84n, 0 snap) cpu 0 | f64 20 | gen 0.5s
 140     0     100               0      21.8945381      18.5747632      16.4934135      286.087233      0.23112881     0.237820427
 140     1      50               0      21.8945379      18.5747628      16.4934145      286.087232     0.231128809     0.237820422
          wgpu 1d 161g 190c x3w 4ms | egraph 44g->44v+0snap 10ms | graft 24 (-68n, 0 snap) cpu 0 | f64 20 | gen 0.3s
--------- pump migration: intra (promote-2 + intake-reset) ---------
 141     0     100               0      21.8945381      18.5747632      16.4934135      286.087233      0.23112881     0.237820427
 141     1      50               0      21.8945379      18.5747628      16.4934145      286.087232     0.231128809     0.237820422
          wgpu 2d 363g 356c x3w 8ms | egraph 110g->130v+0snap 29ms | graft 66 (-203n, 0 snap) cpu 0 | f64 30 | gen 0.5s | dropped inexpr 1 oversz 0 unbuild 0 {}
 142     0     100               0      21.8945381      18.5747632      16.4934135      286.087233      0.23112881     0.237820427
 142     1      50               0      21.8945379      18.5747628      16.4934145      286.087232     0.231128809     0.237820422
          wgpu 1d 179g 209c x3w 4ms | egraph 38g->63v+0snap 21ms | graft 29 (-130n, 0 snap) cpu 0 | f64 20 | gen 0.3s
 143     0     100               0      21.8945381      18.5747632      16.4934135      286.087233      0.23112881     0.237820427
 143     1      50               0      21.8945379      18.5747628      16.4934145      286.087232     0.231128809     0.237820422
          wgpu 1d 186g 201c x3w 5ms | egraph 38g->55v+0snap 22ms | graft 25 (-97n, 0 snap) cpu 0 | f64 20 | gen 0.5s | dropped inexpr 1 oversz 0 unbuild 0 {}
 144     0     100               0      21.8945381      18.5747632      16.4934135      286.087233      0.23112881     0.237820427
 144     1      50               0      21.8945379      18.5747628      16.4934145      286.087232     0.231128809     0.237820422
          wgpu 1d 194g 218c x3w 5ms | egraph 48g->72v+0snap 22ms | graft 30 (-121n, 0 snap) cpu 0 | f64 20 | gen 0.6s
 145     0     100               0      21.8945381      18.5747632      16.4934135      286.087233      0.23112881     0.237820427
 145     1      50               0      21.8945379      18.5747628      16.4934145      286.087232     0.231128809     0.237820422
          wgpu 1d 181g 206c x3w 5ms | egraph 44g->60v+0snap 11ms | graft 31 (-87n, 0 snap) cpu 0 | f64 20 | gen 0.3s
 146     0     100               0      21.8945381      18.5747632      16.4934135      286.087233      0.23112881     0.237820427
 146     1      50               0      21.8945379      18.5747628      16.4934145      286.087232     0.231128809     0.237820422
          wgpu 1d 195g 213c x3w 11ms | egraph 44g->67v+0snap 12ms | graft 32 (-126n, 0 snap) cpu 0 | f64 20 | gen 0.3s | dropped inexpr 1 oversz 0 unbuild 0 {}
 147     0     100               0      21.8945381      18.5747632      16.4934135      286.087233      0.23112881     0.237820427
 147     1      50               0      21.8945379      18.5747628      16.4934145      286.087232     0.231128809     0.237820422
          wgpu 1d 204g 220c x3w 5ms | egraph 45g->74v+0snap 12ms | graft 37 (-102n, 0 snap) cpu 0 | f64 20 | gen 0.5s
 148     0     100               0      21.8945381      18.5747632      16.4934135      286.087233      0.23112881     0.237820427
 148     1      50               0      21.8945379      18.5747628      16.4934145      286.087232     0.231128809     0.237820422
          wgpu 1d 159g 199c x3w 4ms | egraph 38g->53v+0snap 9ms | graft 29 (-92n, 0 snap) cpu 0 | f64 20 | gen 0.4s
 149     0     100               0      21.8945381      18.5747632      16.4934135      286.087233      0.23112881     0.237820427
 149     1      50               0      21.8945379      18.5747628      16.4934145      286.087232     0.231128809     0.237820422
          wgpu 1d 166g 195c x3w 4ms | egraph 36g->49v+0snap 9ms | graft 29 (-102n, 0 snap) cpu 0 | f64 20 | gen 0.3s
 150     0     100               0      21.8945379      18.5747628      16.4934145      286.087232     0.231128809     0.237820422
 150     1      50               0      21.8945379      18.5747628      16.4934145      286.087232     0.231128809     0.237820422
          wgpu 1d 182g 200c x3w 4ms | egraph 42g->54v+0snap 10ms | graft 24 (-112n, 0 snap) cpu 0 | f64 20 | gen 0.5s
--------- pump migration: intra (promote-2 + intake-reset) + cross ---------
 151     0     100               0      21.8945379      18.5747628      16.4934145      286.087232     0.231128809     0.237820422
 151     1      50               0      21.8945379      18.5747628      16.4934145      286.087232     0.231128809     0.237820422
          wgpu 2d 362g 345c x3w 8ms | egraph 107g->119v+0snap 32ms | graft 61 (-189n, 0 snap) cpu 0 | f64 30 | gen 0.4s | dropped inexpr 6 oversz 0 unbuild 0 {}
 152     0     100               0      21.8945379      18.5747628      16.4934145      286.087232     0.231128809     0.237820422
 152     1      50               0      21.8945379      18.5747628      16.4934145      286.087232     0.231128809     0.237820422
          wgpu 1d 184g 202c x3w 4ms | egraph 42g->56v+0snap 11ms | graft 27 (-64n, 0 snap) cpu 0 | f64 20 | gen 0.4s | dropped inexpr 1 oversz 0 unbuild 0 {}
 153     0     100               0      21.8945379      18.5747628      16.4934145      286.087232     0.231128809     0.237820422
 153     1      50               0      21.8945379      18.5747628      16.4934145      286.087232     0.231128809     0.237820422
          wgpu 1d 149g 176c x3w 4ms | egraph 36g->30v+0snap 10ms | graft 20 (-54n, 0 snap) cpu 0 | f64 20 | gen 0.4s | dropped inexpr 1 oversz 0 unbuild 0 {}
 154     0     100               0      21.8945379      18.5747628      16.4934145      286.087232     0.231128809     0.237820422
 154     1      50               0      21.8945379      18.5747628      16.4934145      286.087232     0.231128809     0.237820422
          wgpu 1d 166g 184c x3w 4ms | egraph 39g->38v+0snap 27ms | graft 20 (-48n, 0 snap) cpu 0 | f64 20 | gen 0.3s
 155     0     100               0      21.8945379      18.5747628      16.4934145      286.087232     0.231128809     0.237820422
 155     1      50               0      21.8945379      18.5747628      16.4934145      286.087232     0.231128809     0.237820422
          wgpu 1d 177g 186c x3w 4ms | egraph 43g->40v+0snap 13ms | graft 20 (-66n, 0 snap) cpu 0 | f64 20 | gen 0.3s
 156     0     100               0      21.8945379      18.5747628      16.4934145      286.087232     0.231128809     0.237820422
 156     1      50               0      21.8945379      18.5747628      16.4934145      286.087232     0.231128809     0.237820422
          wgpu 1d 174g 190c x3w 4ms | egraph 43g->44v+0snap 13ms | graft 27 (-80n, 0 snap) cpu 0 | f64 20 | gen 0.3s
 157     0     100               0      21.8945379      18.5747628      16.4934145      286.087232     0.231128809     0.237820422
 157     1      50               0      21.8945379      18.5747628      16.4934145      286.087232     0.231128809     0.237820422
          wgpu 1d 178g 194c x3w 4ms | egraph 34g->48v+0snap 9ms | graft 27 (-90n, 0 snap) cpu 0 | f64 20 | gen 0.3s
 158     0     100               0      21.8945379      18.5747628      16.4934145      286.087232     0.231128809     0.237820422
 158     1      50               0      21.8945379      18.5747628      16.4934145      286.087232     0.231128809     0.237820422
          wgpu 1d 144g 171c x3w 4ms | egraph 34g->25v+0snap 8ms | graft 15 (-41n, 0 snap) cpu 0 | f64 20 | gen 0.3s
 159     0     100               0      21.8945379      18.5747628      16.4934145      286.087232     0.231128809     0.237820422
 159     1      50               0      21.8945379      18.5747628      16.4934145      286.087232     0.231128809     0.237820422
          wgpu 1d 177g 194c x3w 4ms | egraph 44g->48v+0snap 11ms | graft 28 (-80n, 0 snap) cpu 0 | f64 20 | gen 0.3s
 160     0     100               0      21.8945379      18.5747628      16.4934145      286.087232     0.231128809     0.237820422
 160     1      50               0      21.8945379      18.5747628      16.4934145      286.087232     0.231128809     0.237820422
          wgpu 1d 169g 180c x3w 4ms | egraph 40g->34v+0snap 12ms | graft 19 (-50n, 0 snap) cpu 0 | f64 20 | gen 0.3s
--------- pump migration: intra (promote-2 + intake-reset) ---------
 161     0     100               0      21.8945379      18.5747628      16.4934145      286.087232     0.231128809     0.237820422
 161     1      50               0      21.8945379      18.5747628      16.4934145      286.087232     0.231128809     0.237820422
          wgpu 2d 333g 322c x3w 9ms | egraph 104g->95v+1snap 35ms | graft 53 (-134n, 1 snap) cpu 0 | f64 30 | gen 0.3s | dropped inexpr 3 oversz 0 unbuild 0 {}
 162     0     100               0      21.8945379      18.5747628      16.4934145      286.087232     0.231128809     0.237820422
 162     1      50               0      21.8945379      18.5747628      16.4934145      286.087232     0.231128809     0.237820422
          wgpu 1d 164g 192c x3w 4ms | egraph 40g->46v+0snap 11ms | graft 22 (-78n, 0 snap) cpu 0 | f64 20 | gen 0.4s
 163     0     100               0      21.8945381      18.5747632      16.4934135      286.087233      0.23112881     0.237820427
 163     1      50               0      21.8945379      18.5747628      16.4934145      286.087232     0.231128809     0.237820422
          wgpu 1d 145g 190c x3w 4ms | egraph 33g->44v+0snap 14ms | graft 25 (-64n, 0 snap) cpu 0 | f64 20 | gen 0.5s
 164     0     100               0      21.8945381      18.5747632      16.4934135      286.087233      0.23112881     0.237820427
 164     1      50               0      21.8945379      18.5747628      16.4934145      286.087232     0.231128809     0.237820422
          wgpu 1d 167g 192c x3w 4ms | egraph 41g->46v+0snap 13ms | graft 27 (-77n, 0 snap) cpu 0 | f64 20 | gen 0.3s
 165     0     100               0      21.8945381      18.5747632      16.4934135      286.087233      0.23112881     0.237820427
 165     1      50               0      21.8945379      18.5747628      16.4934145      286.087232     0.231128809     0.237820422
          wgpu 1d 166g 194c x3w 4ms | egraph 40g->48v+0snap 11ms | graft 25 (-79n, 0 snap) cpu 0 | f64 20 | gen 0.3s
 166     0     100               0      21.8945381      18.5747632      16.4934135      286.087233      0.23112881     0.237820427
 166     1      50               0      21.8945379      18.5747628      16.4934145      286.087232     0.231128809     0.237820422
          wgpu 1d 176g 199c x3w 4ms | egraph 49g->53v+0snap 15ms | graft 30 (-98n, 0 snap) cpu 0 | f64 20 | gen 0.4s
 167     0     100               0      21.8945381      18.5747632      16.4934135      286.087233      0.23112881     0.237820427
 167     1      50               0      21.8945381      18.5747632      16.4934135      286.087233      0.23112881     0.237820427
          wgpu 1d 183g 201c x3w 5ms | egraph 46g->55v+0snap 13ms | graft 29 (-106n, 0 snap) cpu 0 | f64 20 | gen 0.3s
 168     0     100               0      21.8945381      18.5747632      16.4934135      286.087233      0.23112881     0.237820427
 168     1      50               0      21.8945379      18.5747628      16.4934145      286.087232     0.231128809     0.237820422
          wgpu 1d 173g 197c x3w 4ms | egraph 37g->51v+0snap 18ms | graft 26 (-90n, 0 snap) cpu 0 | f64 20 | gen 0.4s
 169     0     100               0      21.8945381      18.5747632      16.4934135      286.087233      0.23112881     0.237820427
 169     1      50               0      21.8945379      18.5747628      16.4934145      286.087232     0.231128809     0.237820422
          wgpu 1d 156g 195c x3w 4ms | egraph 31g->49v+0snap 10ms | graft 25 (-85n, 0 snap) cpu 0 | f64 20 | gen 0.3s
 170     0     100               0      21.8945381      18.5747632      16.4934135      286.087233      0.23112881     0.237820427
 170     1      50               0      21.8945379      18.5747628      16.4934145      286.087232     0.231128809     0.237820422
          wgpu 1d 171g 187c x3w 8ms | egraph 40g->41v+0snap 27ms | graft 22 (-75n, 0 snap) cpu 0 | f64 20 | gen 0.3s | dropped inexpr 1 oversz 0 unbuild 0 {}
--------- pump migration: intra (promote-2 + intake-reset) ---------
 171     0     100               0      21.8945381      18.5747632      16.4934135      286.087233      0.23112881     0.237820427
 171     1      50               0      21.8945381      18.5747632      16.4934135      286.087233      0.23112881     0.237820427
          wgpu 2d 395g 371c x3w 10ms | egraph 133g->145v+0snap 45ms | graft 64 (-230n, 0 snap) cpu 0 | f64 30 | gen 0.4s | dropped inexpr 3 oversz 0 unbuild 0 {}
 172     0     100               0      21.8945381      18.5747632      16.4934135      286.087233      0.23112881     0.237820427
 172     1      50               0      21.8945381      18.5747632      16.4934135      286.087233      0.23112881     0.237820427
          wgpu 1d 171g 200c x3w 4ms | egraph 31g->54v+0snap 13ms | graft 29 (-96n, 0 snap) cpu 0 | f64 20 | gen 0.5s
 173     0     100               0      21.8945381      18.5747632      16.4934135      286.087233      0.23112881     0.237820427
 173     1      50               0      21.8945381      18.5747632      16.4934135      286.087233      0.23112881     0.237820427
          wgpu 1d 144g 181c x3w 5ms | egraph 28g->35v+0snap 9ms | graft 21 (-56n, 0 snap) cpu 0 | f64 20 | gen 0.5s
 174     0     100               0      21.8945381      18.5747632      16.4934135      286.087233      0.23112881     0.237820427
 174     1      50               0      21.8945381      18.5747632      16.4934135      286.087233      0.23112881     0.237820427
          wgpu 1d 178g 197c x3w 4ms | egraph 35g->51v+0snap 10ms | graft 28 (-81n, 0 snap) cpu 0 | f64 20 | gen 0.5s
 175     0     100               0      21.8945381      18.5747632      16.4934135      286.087233      0.23112881     0.237820427
 175     1      50               0      21.8945381      18.5747632      16.4934135      286.087233      0.23112881     0.237820427
          wgpu 1d 166g 198c x3w 4ms | egraph 37g->52v+0snap 11ms | graft 23 (-91n, 0 snap) cpu 0 | f64 20 | gen 0.4s
 176     0     100               0      21.8945381      18.5747632      16.4934135      286.087233      0.23112881     0.237820427
 176     1      50               0      21.8945381      18.5747632      16.4934135      286.087233      0.23112881     0.237820427
          wgpu 1d 161g 183c x3w 4ms | egraph 41g->37v+0snap 12ms | graft 17 (-65n, 0 snap) cpu 0 | f64 20 | gen 0.5s
 177     0     100               0      21.8945381      18.5747632      16.4934135      286.087233      0.23112881     0.237820427
 177     1      50               0      21.8945381      18.5747632      16.4934135      286.087233      0.23112881     0.237820427
          wgpu 1d 177g 200c x3w 4ms | egraph 35g->54v+0snap 15ms | graft 27 (-85n, 0 snap) cpu 0 | f64 20 | gen 0.4s
 178     0     100               0      21.8945379      18.5747628      16.4934145      286.087232     0.231128809     0.237820422
 178     1      50               0      21.8945381      18.5747632      16.4934135      286.087233      0.23112881     0.237820427
          wgpu 1d 153g 183c x3w 4ms | egraph 31g->37v+0snap 13ms | graft 23 (-73n, 0 snap) cpu 0 | f64 20 | gen 0.3s
 179     0     100               0      21.8945381      18.5747632      16.4934135      286.087233      0.23112881     0.237820427
 179     1      50               0      21.8945379      18.5747628      16.4934145      286.087232     0.231128809     0.237820422
          wgpu 1d 156g 197c x3w 4ms | egraph 34g->51v+0snap 8ms | graft 25 (-71n, 0 snap) cpu 0 | f64 20 | gen 0.3s
 180     0     100               0      21.8945381      18.5747632      16.4934135      286.087233      0.23112881     0.237820427
 180     1      50               0      21.8945379      18.5747628      16.4934145      286.087232     0.231128809     0.237820422
          wgpu 1d 175g 192c x3w 4ms | egraph 36g->46v+0snap 10ms | graft 26 (-76n, 0 snap) cpu 0 | f64 20 | gen 0.4s
--------- pump migration: intra (promote-2 + intake-reset) + cross ---------
 181     0     100               0      21.8945379      18.5747628      16.4934145      286.087232     0.231128809     0.237820422
 181     1      50               0      21.8945379      18.5747628      16.4934145      286.087232     0.231128809     0.237820422
          wgpu 2d 362g 344c x3w 13ms | egraph 102g->118v+0snap 35ms | graft 57 (-155n, 0 snap) cpu 0 | f64 30 | gen 0.2s | dropped inexpr 3 oversz 0 unbuild 0 {}
 182     0     100               0      21.8945379      18.5747628      16.4934145      286.087232     0.231128809     0.237820422
 182     1      50               0      21.8945381      18.5747632      16.4934135      286.087233      0.23112881     0.237820427
          wgpu 1d 169g 197c x3w 4ms | egraph 36g->51v+0snap 10ms | graft 24 (-82n, 0 snap) cpu 0 | f64 20 | gen 0.4s
 183     0     100               0      21.8945379      18.5747628      16.4934145      286.087232     0.231128809     0.237820422
 183     1      50               0      21.8945381      18.5747632      16.4934135      286.087233      0.23112881     0.237820427
          wgpu 1d 149g 180c x3w 10ms | egraph 21g->34v+0snap 7ms | graft 22 (-66n, 0 snap) cpu 0 | f64 20 | gen 0.3s
 184     0     100               0      21.8945379      18.5747628      16.4934145      286.087232     0.231128809     0.237820422
 184     1      50               0      21.8945379      18.5747628      16.4934145      286.087232     0.231128809     0.237820422
          wgpu 1d 167g 193c x3w 4ms | egraph 39g->47v+0snap 9ms | graft 23 (-76n, 0 snap) cpu 0 | f64 20 | gen 0.3s
 185     0     100               0      21.8945379      18.5747628      16.4934145      286.087232     0.231128809     0.237820422
 185     1      50               0      21.8945379      18.5747628      16.4934145      286.087232     0.231128809     0.237820422
          wgpu 1d 170g 189c x3w 8ms | egraph 33g->43v+0snap 9ms | graft 23 (-55n, 0 snap) cpu 0 | f64 20 | gen 0.5s
 186     0     100               0      21.8945379      18.5747628      16.4934145      286.087232     0.231128809     0.237820422
 186     1      50               0      21.8945381      18.5747632      16.4934135      286.087233      0.23112881     0.237820427
          wgpu 1d 173g 192c x3w 4ms | egraph 33g->46v+0snap 8ms | graft 25 (-95n, 0 snap) cpu 0 | f64 20 | gen 0.4s
 187     0     100               0      21.8945379      18.5747628      16.4934145      286.087232     0.231128809     0.237820422
 187     1      50               0      21.8945379      18.5747628      16.4934145      286.087232     0.231128809     0.237820422
          wgpu 1d 149g 177c x3w 4ms | egraph 27g->31v+0snap 8ms | graft 20 (-84n, 0 snap) cpu 0 | f64 20 | gen 0.3s
 188     0     100               0      21.8945379      18.5747628      16.4934145      286.087232     0.231128809     0.237820422
 188     1      50               0      21.8945379      18.5747628      16.4934145      286.087232     0.231128809     0.237820422
          wgpu 1d 175g 195c x3w 4ms | egraph 37g->49v+0snap 9ms | graft 29 (-107n, 0 snap) cpu 0 | f64 20 | gen 0.3s
 189     0     100               0      21.8945379      18.5747628      16.4934145      286.087232     0.231128809     0.237820422
 189     1      50               0      21.8945379      18.5747628      16.4934145      286.087232     0.231128809     0.237820422
          wgpu 1d 158g 188c x3w 7ms | egraph 38g->42v+0snap 10ms | graft 18 (-62n, 0 snap) cpu 0 | f64 20 | gen 0.6s
 190     0     100               0      21.8945379      18.5747628      16.4934145      286.087232     0.231128809     0.237820422
 190     1      50               0      21.8945379      18.5747628      16.4934145      286.087232     0.231128809     0.237820422
          wgpu 1d 142g 185c x3w 4ms | egraph 31g->39v+0snap 8ms | graft 22 (-56n, 0 snap) cpu 0 | f64 20 | gen 0.3s
--------- pump migration: intra (promote-2 + intake-reset) ---------
 191     0     100               0      21.8945379      18.5747628      16.4934145      286.087232     0.231128809     0.237820422
 191     1      50               0      21.8945379      18.5747628      16.4934145      286.087232     0.231128809     0.237820422
          wgpu 2d 313g 326c x3w 8ms | egraph 80g->100v+0snap 22ms | graft 48 (-225n, 0 snap) cpu 0 | f64 30 | gen 0.4s
 192     0     100               0      21.8945379      18.5747628      16.4934145      286.087232     0.231128809     0.237820422
 192     1      50               0      21.8945379      18.5747628      16.4934145      286.087232     0.231128809     0.237820422
          wgpu 1d 193g 206c x3w 4ms | egraph 41g->60v+0snap 12ms | graft 29 (-104n, 0 snap) cpu 0 | f64 20 | gen 0.6s
 193     0     100               0      21.8945381      18.5747632      16.4934135      286.087233      0.23112881     0.237820427
 193     1      50               0      21.8945379      18.5747628      16.4934145      286.087232     0.231128809     0.237820422
          wgpu 1d 158g 192c x3w 4ms | egraph 36g->46v+0snap 18ms | graft 22 (-77n, 0 snap) cpu 0 | f64 20 | gen 0.4s
 194     0     100               0      21.8945381      18.5747632      16.4934135      286.087233      0.23112881     0.237820427
 194     1      50               0      21.8945379      18.5747628      16.4934145      286.087232     0.231128809     0.237820422
          wgpu 1d 163g 190c x3w 4ms | egraph 36g->44v+0snap 8ms | graft 21 (-68n, 0 snap) cpu 0 | f64 20 | gen 0.3s
 195     0     100               0      21.8945379      18.5747628      16.4934145      286.087232     0.231128809     0.237820422
 195     1      50               0      21.8945379      18.5747628      16.4934145      286.087232     0.231128809     0.237820422
          wgpu 1d 152g 182c x3w 4ms | egraph 30g->36v+0snap 8ms | graft 19 (-51n, 0 snap) cpu 0 | f64 20 | gen 0.4s
 196     0     100               0      21.8945379      18.5747628      16.4934145      286.087232     0.231128809     0.237820422
 196     1      50               0      21.8945379      18.5747628      16.4934145      286.087232     0.231128809     0.237820422
          wgpu 1d 178g 197c x3w 4ms | egraph 42g->51v+0snap 13ms | graft 27 (-99n, 0 snap) cpu 0 | f64 20 | gen 0.5s
 197     0     100               0      21.8945379      18.5747628      16.4934145      286.087232     0.231128809     0.237820422
 197     1      50               0      21.8945379      18.5747628      16.4934145      286.087232     0.231128809     0.237820422
          wgpu 1d 152g 186c x3w 4ms | egraph 40g->40v+0snap 11ms | graft 23 (-113n, 0 snap) cpu 0 | f64 20 | gen 0.3s
 198     0     100               0      21.8945381      18.5747632      16.4934135      286.087233      0.23112881     0.237820427
 198     1      50               0      21.8945379      18.5747628      16.4934145      286.087232     0.231128809     0.237820422
          wgpu 1d 163g 194c x3w 4ms | egraph 33g->48v+0snap 9ms | graft 26 (-84n, 0 snap) cpu 0 | f64 20 | gen 0.3s | dropped inexpr 1 oversz 0 unbuild 0 {}
 199     0     100               0      21.8945381      18.5747632      16.4934135      286.087233      0.23112881     0.237820427
 199     1      50               0      21.8945379      18.5747628      16.4934145      286.087232     0.231128809     0.237820422
          wgpu 1d 181g 198c x3w 4ms | egraph 33g->52v+0snap 10ms | graft 28 (-93n, 0 snap) cpu 0 | f64 20 | gen 0.3s
 200     0     100               0      21.8945381      18.5747632      16.4934135      286.087233      0.23112881     0.237820427
 200     1      50               0      21.8945379      18.5747628      16.4934145      286.087232     0.231128809     0.237820422
          wgpu 1d 161g 188c x3w 4ms | egraph 41g->42v+0snap 11ms | graft 20 (-63n, 0 snap) cpu 0 | f64 20 | gen 0.3s
--------- pump migration: intra (promote-2 + intake-reset) ---------
 201     0     100               0       49.918994      38.8602276      30.2935024      448.168092     0.526967852     0.497543675
 201     1      50               0      21.8945381      18.5747632      16.4934135      286.087233      0.23112881     0.237820427
          wgpu 2d 344g 347c x3w 8ms | egraph 97g->121v+0snap 35ms | graft 65 (-217n, 0 snap) cpu 0 | f64 30 | gen 0.6s | dropped inexpr 4 oversz 0 unbuild 0 {}
 202     0     100               0       49.918994      38.8602276      30.2935024      448.168092     0.526967852     0.497543675
 202     1      50               0      21.8945381      18.5747632      16.4934135      286.087233      0.23112881     0.237820427
          wgpu 1d 129g 181c x3w 4ms | egraph 34g->35v+0snap 14ms | graft 23 (-70n, 0 snap) cpu 0 | f64 20 | gen 0.5s | dropped inexpr 1 oversz 0 unbuild 0 {}
 203     0     100               0      21.8945379      18.5747628      16.4934145      286.087232     0.231128809     0.237820422
 203     1      50               0      21.8945379      18.5747628      16.4934145      286.087232     0.231128809     0.237820422
          wgpu 1d 172g 212c x3w 4ms | egraph 36g->66v+0snap 10ms | graft 31 (-98n, 0 snap) cpu 0 | f64 20 | gen 0.3s | dropped inexpr 1 oversz 0 unbuild 0 {}
 204     0     100               0       49.918994      38.8602276      30.2935024      448.168092     0.526967852     0.497543675
 204     1      50               0      21.8945379      18.5747628      16.4934145      286.087232     0.231128809     0.237820422
          wgpu 1d 151g 193c x3w 4ms | egraph 34g->47v+0snap 9ms | graft 27 (-84n, 0 snap) cpu 0 | f64 20 | gen 0.2s | dropped inexpr 3 oversz 0 unbuild 0 {}
 205     0     100               0       49.918994      38.8602276      30.2935024      448.168092     0.526967852     0.497543675
 205     1      50               0      21.8945379      18.5747628      16.4934145      286.087232     0.231128809     0.237820422
          wgpu 1d 139g 187c x3w 4ms | egraph 28g->41v+0snap 7ms | graft 24 (-75n, 0 snap) cpu 0 | f64 20 | gen 0.2s | dropped inexpr 3 oversz 0 unbuild 0 {}
 206     0     100               0       49.918994      38.8602276      30.2935024      448.168092     0.526967852     0.497543675
 206     1      50               0      21.8945379      18.5747628      16.4934145      286.087232     0.231128809     0.237820422
          wgpu 1d 124g 177c x3w 4ms | egraph 28g->31v+0snap 7ms | graft 21 (-79n, 0 snap) cpu 0 | f64 20 | gen 0.2s | dropped inexpr 1 oversz 0 unbuild 0 {}
 207     0     100               0       49.918994      38.8602276      30.2935024      448.168092     0.526967852     0.497543675
 207     1      50               0      21.8945379      18.5747628      16.4934145      286.087232     0.231128809     0.237820422
          wgpu 1d 166g 212c x3w 4ms | egraph 42g->66v+0snap 19ms | graft 32 (-137n, 0 snap) cpu 0 | f64 20 | gen 0.6s | dropped inexpr 2 oversz 0 unbuild 0 {}
 208     0     100               0       49.918994      38.8602276      30.2935024      448.168092     0.526967852     0.497543675
 208     1      50               0      21.8945379      18.5747628      16.4934145      286.087232     0.231128809     0.237820422
          wgpu 1d 149g 189c x3w 4ms | egraph 29g->43v+0snap 8ms | graft 27 (-84n, 0 snap) cpu 0 | f64 20 | gen 0.3s | dropped inexpr 1 oversz 0 unbuild 0 {}
 209     0     100               0      21.8945379      18.5747628      16.4934145      286.087232     0.231128809     0.237820422
 209     1      50               0      21.8945379      18.5747628      16.4934145      286.087232     0.231128809     0.237820422
          wgpu 1d 149g 192c x3w 4ms | egraph 39g->46v+0snap 17ms | graft 25 (-101n, 0 snap) cpu 0 | f64 20 | gen 0.3s
 210     0     100               0      21.8945381      18.5747632      16.4934135      286.087233      0.23112881     0.237820427
 210     1      50               0      21.8945379      18.5747628      16.4934145      286.087232     0.231128809     0.237820422
          wgpu 1d 179g 211c x3w 4ms | egraph 42g->65v+0snap 18ms | graft 33 (-142n, 0 snap) cpu 0 | f64 20 | gen 0.4s
--------- pump migration: intra (promote-2 + intake-reset) + cross ---------
 211     0     100               0      21.8945381      18.5747632      16.4934135      286.087233      0.23112881     0.237820427
 211     1      50               0      21.8945379      18.5747628      16.4934145      286.087232     0.231128809     0.237820422
          wgpu 2d 398g 376c x3w 9ms | egraph 130g->149v+1snap 45ms | graft 70 (-231n, 0 snap) cpu 0 | f64 30 | gen 0.3s
 212     0     100               0      21.8945381      18.5747632      16.4934135      286.087233      0.23112881     0.237820427
 212     1      50               0      21.8945379      18.5747628      16.4934145      286.087232     0.231128809     0.237820422
          wgpu 1d 186g 217c x3w 5ms | egraph 39g->71v+0snap 14ms | graft 36 (-129n, 0 snap) cpu 0 | f64 20 | gen 0.7s
 213     0     100               0      21.8945381      18.5747632      16.4934135      286.087233      0.23112881     0.237820427
 213     1      50               0      21.8945379      18.5747628      16.4934145      286.087232     0.231128809     0.237820422
          wgpu 1d 180g 212c x3w 4ms | egraph 35g->66v+0snap 10ms | graft 33 (-101n, 0 snap) cpu 0 | f64 20 | gen 0.4s
 214     0     100               0      21.8945381      18.5747632      16.4934135      286.087233      0.23112881     0.237820427
 214     1      50               0      21.8945379      18.5747628      16.4934145      286.087232     0.231128809     0.237820422
          wgpu 1d 161g 195c x3w 4ms | egraph 42g->49v+0snap 11ms | graft 29 (-110n, 0 snap) cpu 0 | f64 20 | gen 0.4s
 215     0     100               0      21.8945381      18.5747632      16.4934135      286.087233      0.23112881     0.237820427
 215     1      50               0      21.8945379      18.5747628      16.4934145      286.087232     0.231128809     0.237820422
          wgpu 1d 182g 219c x3w 4ms | egraph 42g->73v+0snap 10ms | graft 36 (-109n, 0 snap) cpu 0 | f64 20 | gen 0.3s
 216     0     100               0      21.8945381      18.5747632      16.4934135      286.087233      0.23112881     0.237820427
 216     1      50               0      21.8945379      18.5747628      16.4934145      286.087232     0.231128809     0.237820422
          wgpu 1d 183g 203c x3w 5ms | egraph 38g->57v+0snap 32ms | graft 29 (-118n, 0 snap) cpu 0 | f64 20 | gen 0.3s
 217     0     100               0      21.8945381      18.5747632      16.4934135      286.087233      0.23112881     0.237820427
 217     1      50               0      21.8945379      18.5747628      16.4934145      286.087232     0.231128809     0.237820422
          wgpu 1d 177g 209c x3w 4ms | egraph 34g->63v+0snap 12ms | graft 29 (-113n, 0 snap) cpu 0 | f64 20 | gen 0.2s
 218     0     100               0      21.8945381      18.5747632      16.4934135      286.087233      0.23112881     0.237820427
 218     1      50               0      21.8945379      18.5747628      16.4934145      286.087232     0.231128809     0.237820422
          wgpu 1d 197g 217c x3w 4ms | egraph 40g->71v+0snap 18ms | graft 38 (-129n, 0 snap) cpu 0 | f64 20 | gen 0.4s
 219     0     100               0      21.8945381      18.5747632      16.4934135      286.087233      0.23112881     0.237820427
 219     1      50               0      21.8945379      18.5747628      16.4934145      286.087232     0.231128809     0.237820422
          wgpu 1d 176g 199c x3w 4ms | egraph 39g->53v+0snap 10ms | graft 29 (-78n, 0 snap) cpu 0 | f64 20 | gen 0.4s
 220     0     100               0      21.8945381      18.5747632      16.4934135      286.087233      0.23112881     0.237820427
 220     1      50               0      21.8945379      18.5747628      16.4934145      286.087232     0.231128809     0.237820422
          wgpu 1d 173g 189c x3w 4ms | egraph 39g->43v+0snap 10ms | graft 22 (-87n, 0 snap) cpu 0 | f64 20 | gen 0.4s
--------- pump migration: intra (promote-2 + intake-reset) ---------
 221     0     100               0      21.8945381      18.5747632      16.4934135      286.087233      0.23112881     0.237820427
 221     1      50               0      21.8945379      18.5747628      16.4934145      286.087232     0.231128809     0.237820422
          wgpu 2d 367g 355c x3w 8ms | egraph 117g->129v+0snap 28ms | graft 61 (-231n, 0 snap) cpu 0 | f64 30 | gen 0.4s | dropped inexpr 3 oversz 0 unbuild 0 {}
 222     0     100               0      21.8945381      18.5747632      16.4934135      286.087233      0.23112881     0.237820427
 222     1      50               0      21.8945379      18.5747628      16.4934145      286.087232     0.231128809     0.237820422
          wgpu 1d 186g 208c x3w 4ms | egraph 41g->62v+0snap 11ms | graft 32 (-115n, 0 snap) cpu 0 | f64 20 | gen 0.4s
 223     0     100               0      21.8945381      18.5747632      16.4934135      286.087233      0.23112881     0.237820427
 223     1      50               0      21.8945379      18.5747628      16.4934145      286.087232     0.231128809     0.237820422
          wgpu 1d 184g 222c x3w 4ms | egraph 43g->76v+0snap 12ms | graft 37 (-122n, 0 snap) cpu 0 | f64 20 | gen 0.3s
 224     0     100               0      21.8945381      18.5747632      16.4934135      286.087233      0.23112881     0.237820427
 224     1      50               0      21.8945379      18.5747628      16.4934145      286.087232     0.231128809     0.237820422
          wgpu 1d 192g 218c x3w 5ms | egraph 43g->72v+0snap 22ms | graft 40 (-112n, 0 snap) cpu 0 | f64 20 | gen 0.4s
 225     0     100               0      21.8945379      18.5747628      16.4934145      286.087232     0.231128809     0.237820422
 225     1      50               0      21.8945379      18.5747628      16.4934145      286.087232     0.231128809     0.237820422
          wgpu 1d 187g 207c x3w 4ms | egraph 44g->61v+0snap 14ms | graft 27 (-107n, 0 snap) cpu 0 | f64 20 | gen 0.6s | dropped inexpr 1 oversz 0 unbuild 0 {}
 226     0     100               0      21.8945381      18.5747632      16.4934135      286.087233      0.23112881     0.237820427
 226     1      50               0      21.8945379      18.5747628      16.4934145      286.087232     0.231128809     0.237820422
          wgpu 1d 173g 202c x3w 10ms | egraph 40g->56v+0snap 11ms | graft 30 (-106n, 0 snap) cpu 0 | f64 20 | gen 0.5s
 227     0     100               0      21.8945379      18.5747628      16.4934145      286.087232     0.231128809     0.237820422
 227     1      50               0      21.8945379      18.5747628      16.4934145      286.087232     0.231128809     0.237820422
          wgpu 1d 208g 222c x3w 5ms | egraph 49g->76v+0snap 15ms | graft 32 (-128n, 0 snap) cpu 0 | f64 20 | gen 0.5s
 228     0     100               0      21.8945381      18.5747632      16.4934135      286.087233      0.23112881     0.237820427
 228     1      50               0      21.8945379      18.5747628      16.4934145      286.087232     0.231128809     0.237820422
          wgpu 1d 186g 223c x3w 10ms | egraph 37g->77v+0snap 9ms | graft 41 (-144n, 0 snap) cpu 0 | f64 20 | gen 0.3s
 229     0     100               0      21.8945379      18.5747628      16.4934145      286.087232     0.231128809     0.237820422
 229     1      50               0      21.8945379      18.5747628      16.4934145      286.087232     0.231128809     0.237820422
          wgpu 1d 213g 227c x3w 5ms | egraph 44g->81v+0snap 13ms | graft 40 (-165n, 0 snap) cpu 0 | f64 20 | gen 0.7s
 230     0     100               0      21.8945381      18.5747632      16.4934135      286.087233      0.23112881     0.237820427
 230     1      50               0      21.8945379      18.5747628      16.4934145      286.087232     0.231128809     0.237820422
          wgpu 1d 168g 195c x3w 4ms | egraph 37g->49v+0snap 11ms | graft 28 (-95n, 0 snap) cpu 0 | f64 20 | gen 0.4s
--------- pump migration: intra (promote-2 + intake-reset) ---------
 231     0     100               0      21.8945381      18.5747632      16.4934135      286.087233      0.23112881     0.237820427
 231     1      50               0      21.8945379      18.5747628      16.4934145      286.087232     0.231128809     0.237820422
          wgpu 2d 361g 361c x3w 9ms | egraph 100g->135v+0snap 40ms | graft 58 (-186n, 0 snap) cpu 0 | f64 30 | gen 0.3s | dropped inexpr 2 oversz 0 unbuild 0 {}
 232     0     100               0      21.8945381      18.5747632      16.4934135      286.087233      0.23112881     0.237820427
 232     1      50               0      21.8945379      18.5747628      16.4934145      286.087232     0.231128809     0.237820422
          wgpu 1d 200g 216c x3w 12ms | egraph 37g->70v+0snap 12ms | graft 39 (-149n, 0 snap) cpu 0 | f64 20 | gen 0.5s
 233     0     100               0      21.8945381      18.5747632      16.4934135      286.087233      0.23112881     0.237820427
 233     1      50               0      21.8945379      18.5747628      16.4934145      286.087232     0.231128809     0.237820422
          wgpu 1d 209g 237c x3w 5ms | egraph 43g->91v+0snap 14ms | graft 45 (-190n, 0 snap) cpu 0 | f64 20 | gen 0.7s
 234     0     100               0      21.8945381      18.5747632      16.4934135      286.087233      0.23112881     0.237820427
 234     1      50               0      21.8945379      18.5747628      16.4934145      286.087232     0.231128809     0.237820422
          wgpu 1d 178g 212c x3w 4ms | egraph 32g->66v+0snap 19ms | graft 33 (-156n, 0 snap) cpu 0 | f64 20 | gen 0.3s
 235     0     100               0      21.8945381      18.5747632      16.4934135      286.087233      0.23112881     0.237820427
 235     1      50               0      21.8945379      18.5747628      16.4934145      286.087232     0.231128809     0.237820422
          wgpu 1d 179g 199c x3w 4ms | egraph 33g->53v+0snap 24ms | graft 28 (-133n, 0 snap) cpu 0 | f64 20 | gen 0.3s
 236     0     100               0      21.8945381      18.5747632      16.4934135      286.087233      0.23112881     0.237820427
 236     1      50               0      21.8945379      18.5747628      16.4934145      286.087232     0.231128809     0.237820422
          wgpu 1d 169g 198c x3w 4ms | egraph 36g->52v+0snap 14ms | graft 27 (-112n, 0 snap) cpu 0 | f64 20 | gen 0.4s | dropped inexpr 1 oversz 0 unbuild 0 {}
 237     0     100               0      21.8945379      18.5747628      16.4934145      286.087232     0.231128809     0.237820422
 237     1      50               0      21.8945379      18.5747628      16.4934145      286.087232     0.231128809     0.237820422
          wgpu 1d 206g 219c x3w 4ms | egraph 49g->73v+0snap 13ms | graft 35 (-108n, 0 snap) cpu 0 | f64 20 | gen 0.3s
 238     0     100               0      21.8945379      18.5747628      16.4934145      286.087232     0.231128809     0.237820422
 238     1      50               0      21.8945379      18.5747628      16.4934145      286.087232     0.231128809     0.237820422
          wgpu 1d 170g 201c x3w 4ms | egraph 31g->55v+0snap 9ms | graft 23 (-67n, 0 snap) cpu 0 | f64 20 | gen 0.4s
 239     0     100               0      21.8945379      18.5747628      16.4934145      286.087232     0.231128809     0.237820422
 239     1      50               0      21.8945379      18.5747628      16.4934145      286.087232     0.231128809     0.237820422
          wgpu 1d 153g 192c x3w 4ms | egraph 35g->46v+0snap 14ms | graft 23 (-76n, 0 snap) cpu 0 | f64 20 | gen 0.3s
 240     0     100               0      21.8945379      18.5747628      16.4934145      286.087232     0.231128809     0.237820422
 240     1      50               0      21.8945381      18.5747632      16.4934135      286.087233      0.23112881     0.237820427
          wgpu 1d 165g 198c x3w 4ms | egraph 33g->52v+0snap 9ms | graft 26 (-124n, 0 snap) cpu 0 | f64 20 | gen 0.4s
--------- pump migration: intra (promote-2 + intake-reset) + cross ---------
 241     0     100               0      21.8945379      18.5747628      16.4934145      286.087232     0.231128809     0.237820422
 241     1      50               0      21.8945379      18.5747628      16.4934145      286.087232     0.231128809     0.237820422
          wgpu 2d 313g 324c x3w 8ms | egraph 94g->98v+0snap 33ms | graft 46 (-123n, 0 snap) cpu 0 | f64 30 | gen 0.3s | dropped inexpr 2 oversz 0 unbuild 0 {}
 242     0     100               0      21.8945379      18.5747628      16.4934145      286.087232     0.231128809     0.237820422
 242     1      50               0      21.8945379      18.5747628      16.4934145      286.087232     0.231128809     0.237820422
          wgpu 1d 153g 188c x3w 4ms | egraph 31g->42v+0snap 8ms | graft 23 (-73n, 0 snap) cpu 0 | f64 20 | gen 0.2s
 243     0     100               0      21.8945379      18.5747628      16.4934145      286.087232     0.231128809     0.237820422
 243     1      50               0      21.8945379      18.5747628      16.4934145      286.087232     0.231128809     0.237820422
          wgpu 1d 176g 217c x3w 4ms | egraph 31g->71v+0snap 9ms | graft 31 (-109n, 0 snap) cpu 0 | f64 20 | gen 0.2s
 244     0     100               0      21.8945379      18.5747628      16.4934145      286.087232     0.231128809     0.237820422
 244     1      50               0      21.8945379      18.5747628      16.4934145      286.087232     0.231128809     0.237820422
          wgpu 1d 182g 210c x3w 5ms | egraph 32g->64v+0snap 10ms | graft 35 (-102n, 0 snap) cpu 0 | f64 20 | gen 0.4s
 245     0     100               0      21.8945379      18.5747628      16.4934145      286.087232     0.231128809     0.237820422
 245     1      50               0      21.8945379      18.5747628      16.4934145      286.087232     0.231128809     0.237820422
          wgpu 1d 167g 195c x3w 4ms | egraph 38g->49v+0snap 10ms | graft 25 (-73n, 0 snap) cpu 0 | f64 20 | gen 0.3s
 246     0     100               0      21.8945379      18.5747628      16.4934145      286.087232     0.231128809     0.237820422
 246     1      50               0      21.8945379      18.5747628      16.4934145      286.087232     0.231128809     0.237820422
          wgpu 1d 178g 215c x3w 5ms | egraph 28g->69v+0snap 20ms | graft 29 (-121n, 0 snap) cpu 0 | f64 20 | gen 0.4s
 247     0     100               0      21.8945381      18.5747632      16.4934135      286.087233      0.23112881     0.237820427
 247     1      50               0      21.8945379      18.5747628      16.4934145      286.087232     0.231128809     0.237820422
          wgpu 1d 189g 206c x3w 7ms | egraph 40g->60v+0snap 10ms | graft 30 (-90n, 0 snap) cpu 0 | f64 20 | gen 0.3s
 248     0     100               0      21.8945381      18.5747632      16.4934135      286.087233      0.23112881     0.237820427
 248     1      50               0      21.8945379      18.5747628      16.4934145      286.087232     0.231128809     0.237820422
          wgpu 1d 178g 216c x3w 4ms | egraph 24g->70v+0snap 8ms | graft 36 (-128n, 0 snap) cpu 0 | f64 20 | gen 0.3s
 249     0     100               0      21.8945381      18.5747632      16.4934135      286.087233      0.23112881     0.237820427
 249     1      50               0      21.8945379      18.5747628      16.4934145      286.087232     0.231128809     0.237820422
          wgpu 1d 187g 213c x3w 4ms | egraph 30g->67v+0snap 8ms | graft 37 (-110n, 0 snap) cpu 0 | f64 20 | gen 0.3s | dropped inexpr 1 oversz 0 unbuild 0 {}
 250     0     100               0      21.8945381      18.5747632      16.4934135      286.087233      0.23112881     0.237820427
 250     1      50               0      21.8945379      18.5747628      16.4934145      286.087232     0.231128809     0.237820422
          wgpu 1d 196g 214c x3w 4ms | egraph 35g->68v+0snap 13ms | graft 28 (-119n, 0 snap) cpu 0 | f64 20 | gen 0.4s | dropped inexpr 3 oversz 0 unbuild 0 {}
--------- pump migration: intra (promote-2 + intake-reset) ---------
 251     0     100               0      46.9324738      45.5813759       22.923912      342.497146     0.495440772     0.583597334
 251     1      50               0      21.8945381      18.5747632      16.4934135      286.087233      0.23112881     0.237820427
          wgpu 2d 317g 324c x3w 8ms | egraph 100g->98v+0snap 25ms | graft 48 (-104n, 0 snap) cpu 0 | f64 30 | gen 0.3s | dropped inexpr 2 oversz 0 unbuild 0 {}
 252     0     100               0      46.9324738      45.5813759       22.923912      342.497146     0.495440772     0.583597334
 252     1      50               0      21.8945379      18.5747628      16.4934145      286.087232     0.231128809     0.237820422
          wgpu 1d 164g 195c x3w 4ms | egraph 42g->49v+0snap 10ms | graft 26 (-90n, 0 snap) cpu 0 | f64 20 | gen 0.2s | dropped inexpr 3 oversz 0 unbuild 0 {}
 253     0     100               0      46.9324738      45.5813759       22.923912      342.497146     0.495440772     0.583597334
 253     1      50               0      21.8945379      18.5747628      16.4934145      286.087232     0.231128809     0.237820422
          wgpu 1d 169g 209c x3w 4ms | egraph 49g->63v+0snap 13ms | graft 30 (-130n, 0 snap) cpu 0 | f64 20 | gen 0.5s | dropped inexpr 4 oversz 0 unbuild 0 {}
 254     0     100               0      46.9324738      45.5813759       22.923912      342.497146     0.495440772     0.583597334
 254     1      50               0      21.8945379      18.5747628      16.4934145      286.087232     0.231128809     0.237820422
          wgpu 1d 130g 180c x3w 4ms | egraph 30g->34v+0snap 8ms | graft 22 (-72n, 0 snap) cpu 0 | f64 20 | gen 0.2s
 255     0     100               0      46.9324738      45.5813759       22.923912      342.497146     0.495440772     0.583597334
 255     1      50               0      21.8945381      18.5747632      16.4934135      286.087233      0.23112881     0.237820427
          wgpu 1d 138g 182c x3w 12ms | egraph 38g->36v+0snap 13ms | graft 20 (-84n, 0 snap) cpu 0 | f64 20 | gen 0.3s
 256     0     100               0      46.9324738      45.5813759       22.923912      342.497146     0.495440772     0.583597334
 256     1      50               0      21.8945381      18.5747632      16.4934135      286.087233      0.23112881     0.237820427
          wgpu 1d 147g 194c x3w 4ms | egraph 30g->48v+0snap 10ms | graft 24 (-71n, 0 snap) cpu 0 | f64 20 | gen 0.3s | dropped inexpr 2 oversz 0 unbuild 0 {}
 257     0     100               0      46.9324738      45.5813759       22.923912      342.497146     0.495440772     0.583597334
 257     1      50               0      21.8945379      18.5747628      16.4934145      286.087232     0.231128809     0.237820422
          wgpu 1d 139g 184c x3w 5ms | egraph 39g->38v+0snap 9ms | graft 23 (-87n, 0 snap) cpu 0 | f64 20 | gen 0.3s | dropped inexpr 1 oversz 0 unbuild 0 {}
 258     0     100               0      46.9324738      45.5813759       22.923912      342.497146     0.495440772     0.583597334
 258     1      50               0      21.8945381      18.5747632      16.4934135      286.087233      0.23112881     0.237820427
          wgpu 1d 152g 194c x3w 4ms | egraph 38g->48v+0snap 10ms | graft 27 (-74n, 0 snap) cpu 0 | f64 20 | gen 0.3s | dropped inexpr 3 oversz 0 unbuild 0 {}
 259     0     100               0      46.9324738      45.5813759       22.923912      342.497146     0.495440772     0.583597334
 259     1      50               0      21.8945379      18.5747628      16.4934145      286.087232     0.231128809     0.237820422
          wgpu 1d 143g 182c x3w 5ms | egraph 33g->36v+0snap 8ms | graft 19 (-59n, 0 snap) cpu 0 | f64 20 | gen 0.3s | dropped inexpr 2 oversz 0 unbuild 0 {}
 260     0     100               0      46.9324738      45.5813759       22.923912      342.497146     0.495440772     0.583597334
 260     1      50               0      21.8945381      18.5747632      16.4934135      286.087233      0.23112881     0.237820427
          wgpu 1d 125g 174c x3w 3ms | egraph 28g->28v+0snap 7ms | graft 18 (-49n, 0 snap) cpu 0 | f64 20 | gen 0.2s
--------- pump migration: intra (promote-2 + intake-reset) ---------
 261     0     100               0      46.9324738      45.5813759       22.923912      342.497146     0.495440772     0.583597334
 261     1      50               0      46.9324738      45.5813759       22.923912      342.497146     0.495440772     0.583597334
          wgpu 2d 364g 369c x3w 8ms | egraph 126g->140v+3snap 33ms | graft 64 (-169n, 3 snap) cpu 0 | f64 30 | gen 0.3s | dropped inexpr 5 oversz 0 unbuild 0 {}
 262     0     100               0      46.9324738      45.5813759       22.923912      342.497146     0.495440772     0.583597334
 262     1      50               0      46.9324738      45.5813759       22.923912      342.497146     0.495440772     0.583597334
          wgpu 1d 134g 181c x3w 4ms | egraph 32g->35v+0snap 7ms | graft 27 (-64n, 0 snap) cpu 0 | f64 20 | gen 0.3s | dropped inexpr 2 oversz 0 unbuild 0 {}
 263     0     100               0      46.9324738      45.5813759       22.923912      342.497146     0.495440772     0.583597334
 263     1      50               0      46.9324738      45.5813759       22.923912      342.497146     0.495440772     0.583597334
          wgpu 1d 113g 178c x3w 4ms | egraph 30g->32v+0snap 10ms | graft 18 (-73n, 0 snap) cpu 0 | f64 20 | gen 0.3s | dropped inexpr 1 oversz 0 unbuild 0 {}
 264     0     100               0      46.9324738      45.5813759       22.923912      342.497146     0.495440772     0.583597334
 264     1      50               0      46.9324738      45.5813759       22.923912      342.497146     0.495440772     0.583597334
          wgpu 1d 129g 186c x3w 4ms | egraph 33g->40v+0snap 8ms | graft 22 (-58n, 0 snap) cpu 0 | f64 20 | gen 0.2s | dropped inexpr 2 oversz 0 unbuild 0 {}
 265     0     100               0      46.9324738      45.5813759       22.923912      342.497146     0.495440772     0.583597334
 265     1      50               0      21.8945379      18.5747628      16.4934145      286.087232     0.231128809     0.237820422
          wgpu 1d 157g 203c x3w 4ms | egraph 44g->57v+0snap 11ms | graft 24 (-117n, 0 snap) cpu 0 | f64 20 | gen 0.2s
 266     0     100               0      46.9324738      45.5813759       22.923912      342.497146     0.495440772     0.583597334
 266     1      50               0      21.8945379      18.5747628      16.4934145      286.087232     0.231128809     0.237820422
          wgpu 1d 135g 189c x3w 4ms | egraph 30g->43v+0snap 11ms | graft 23 (-105n, 0 snap) cpu 0 | f64 20 | gen 0.2s
 267     0     100               0      46.9324738      45.5813759       22.923912      342.497146     0.495440772     0.583597334
 267     1      50               0      21.8945379      18.5747628      16.4934145      286.087232     0.231128809     0.237820422
          wgpu 1d 140g 185c x3w 3ms | egraph 35g->39v+0snap 8ms | graft 25 (-55n, 0 snap) cpu 0 | f64 20 | gen 0.2s | dropped inexpr 1 oversz 0 unbuild 0 {}
 268     0     100               0      46.9324738      45.5813759       22.923912      342.497146     0.495440772     0.583597334
 268     1      50               0      21.8945379      18.5747628      16.4934145      286.087232     0.231128809     0.237820422
          wgpu 1d 123g 175c x3w 5ms | egraph 30g->29v+0snap 7ms | graft 13 (-57n, 0 snap) cpu 0 | f64 20 | gen 0.2s
 269     0     100               0      46.9324738      45.5813759       22.923912      342.497146     0.495440772     0.583597334
 269     1      50               0      21.8945379      18.5747628      16.4934145      286.087232     0.231128809     0.237820422
          wgpu 1d 116g 174c x3w 3ms | egraph 22g->28v+0snap 7ms | graft 13 (-59n, 0 snap) cpu 0 | f64 20 | gen 0.2s | dropped inexpr 1 oversz 0 unbuild 0 {}
 270     0     100               0      46.9324738      45.5813759       22.923912      342.497146     0.495440772     0.583597334
 270     1      50               0      21.8945379      18.5747628      16.4934145      286.087232     0.231128809     0.237820422
          wgpu 1d 146g 185c x3w 4ms | egraph 32g->39v+0snap 8ms | graft 18 (-54n, 0 snap) cpu 0 | f64 20 | gen 0.3s
--------- pump migration: intra (promote-2 + intake-reset) + cross ---------
 271     0     100               0      56.7171427      42.9001702      23.0840998      397.929481     0.598732236     0.549268741
 271     1      50               0      46.9324738      45.5813759       22.923912      342.497146     0.495440772     0.583597334
          wgpu 2d 320g 335c x3w 10ms | egraph 98g->109v+0snap 31ms | graft 55 (-151n, 0 snap) cpu 0 | f64 30 | gen 0.2s | dropped inexpr 1 oversz 0 unbuild 0 {}
 272     0     100               0      56.7171427      42.9001702      23.0840998      397.929481     0.598732236     0.549268741
 272     1      50               0      21.8945379      18.5747628      16.4934145      286.087232     0.231128809     0.237820422
          wgpu 1d 128g 180c x3w 5ms | egraph 36g->30v+4snap 17ms | graft 28 (-65n, 3 snap) cpu 0 | f64 20 | gen 0.2s | dropped inexpr 3 oversz 0 unbuild 0 {}
 273     0     100               0      56.7171427      42.9001702      23.0840998      397.929481     0.598732236     0.549268741
 273     1      50               0      21.8945379      18.5747628      16.4934145      286.087232     0.231128809     0.237820422
          wgpu 1d 143g 181c x3w 3ms | egraph 41g->34v+1snap 9ms | graft 17 (-30n, 1 snap) cpu 0 | f64 20 | gen 0.2s
 274     0     100               0      56.7171427      42.9001702      23.0840998      397.929481     0.598732236     0.549268741
 274     1      50               0      21.8945379      18.5747628      16.4934145      286.087232     0.231128809     0.237820422
          wgpu 1d 128g 167c x3w 4ms | egraph 37g->21v+0snap 8ms | graft 15 (-39n, 0 snap) cpu 0 | f64 20 | gen 0.2s
 275     0     100               0      56.7171427      42.9001702      23.0840998      397.929481     0.598732236     0.549268741
 275     1      50               0      21.8945379      18.5747628      16.4934145      286.087232     0.231128809     0.237820422
          wgpu 1d 102g 177c x3w 3ms | egraph 23g->29v+2snap 6ms | graft 16 (-35n, 0 snap) cpu 0 | f64 20 | gen 0.2s
 276     0     100               0      56.7171427      42.9001702      23.0840998      397.929481     0.598732236     0.549268741
 276     1      50               0      21.8945381      18.5747632      16.4934135      286.087233      0.23112881     0.237820427
          wgpu 1d 136g 175c x3w 4ms | egraph 52g->29v+0snap 12ms | graft 15 (-67n, 0 snap) cpu 0 | f64 20 | gen 0.4s
 277     0     100               0      56.7171427      42.9001702      23.0840998      397.929481     0.598732236     0.549268741
 277     1      50               0      21.8945379      18.5747628      16.4934145      286.087232     0.231128809     0.237820422
          wgpu 1d 133g 179c x3w 4ms | egraph 43g->33v+0snap 9ms | graft 17 (-41n, 0 snap) cpu 0 | f64 20 | gen 0.2s
 278     0     100               0      56.7171427      42.9001702      23.0840998      397.929481     0.598732236     0.549268741
 278     1      50               0      21.8945379      18.5747628      16.4934145      286.087232     0.231128809     0.237820422
          wgpu 1d 142g 187c x3w 4ms | egraph 39g->41v+0snap 10ms | graft 17 (-80n, 0 snap) cpu 0 | f64 20 | gen 0.4s | dropped inexpr 1 oversz 0 unbuild 0 {}
 279     0     100               0      56.7171427      42.9001702      23.0840998      397.929481     0.598732236     0.549268741
 279     1      50               0      21.8945379      18.5747628      16.4934145      286.087232     0.231128809     0.237820422
          wgpu 1d 129g 182c x3w 4ms | egraph 30g->36v+0snap 12ms | graft 18 (-38n, 0 snap) cpu 0 | f64 20 | gen 0.2s
 280     0     100               0      56.7171427      42.9001702      23.0840998      397.929481     0.598732236     0.549268741
 280     1      50               0      21.8945379      18.5747628      16.4934145      286.087232     0.231128809     0.237820422
          wgpu 1d 124g 168c x3w 4ms | egraph 25g->22v+0snap 9ms | graft 17 (-45n, 0 snap) cpu 0 | f64 20 | gen 0.2s
--------- pump migration: intra (promote-2 + intake-reset) ---------
 281     0     100               0      56.7171427      42.9001702      23.0840998      397.929481     0.598732236     0.549268741
 281     1      50               0      56.7171427      42.9001702      23.0840998      397.929481     0.598732236     0.549268741
          wgpu 2d 357g 360c x3w 8ms | egraph 108g->131v+3snap 28ms | graft 58 (-161n, 0 snap) cpu 0 | f64 30 | gen 0.2s | dropped inexpr 2 oversz 0 unbuild 0 {}
 282     0     100               0      56.7171427      42.9001702      23.0840998      397.929481     0.598732236     0.549268741
 282     1      50               0      21.8945379      18.5747628      16.4934145      286.087232     0.231128809     0.237820422
          wgpu 1d 122g 175c x3w 3ms | egraph 14g->29v+0snap 12ms | graft 17 (-47n, 0 snap) cpu 0 | f64 20 | gen 0.2s
 283     0     100               0      56.7171427      42.9001702      23.0840998      397.929481     0.598732236     0.549268741
 283     1      50               0      21.8945379      18.5747628      16.4934145      286.087232     0.231128809     0.237820422
          wgpu 1d 149g 187c x3w 4ms | egraph 26g->41v+0snap 9ms | graft 26 (-55n, 0 snap) cpu 0 | f64 20 | gen 0.2s
 284     0     100               0      56.7171427      42.9001702      23.0840998      397.929481     0.598732236     0.549268741
 284     1      50               0      21.8945379      18.5747628      16.4934145      286.087232     0.231128809     0.237820422
          wgpu 1d 150g 183c x3w 4ms | egraph 36g->37v+0snap 8ms | graft 24 (-77n, 0 snap) cpu 0 | f64 20 | gen 0.2s
 285     0     100               0      56.7171427      42.9001702      23.0840998      397.929481     0.598732236     0.549268741
 285     1      50               0      21.8945379      18.5747628      16.4934145      286.087232     0.231128809     0.237820422
          wgpu 1d 133g 180c x3w 4ms | egraph 28g->34v+0snap 11ms | graft 23 (-54n, 0 snap) cpu 0 | f64 20 | gen 0.2s
 286     0     100               0      56.7171427      42.9001702      23.0840998      397.929481     0.598732236     0.549268741
 286     1      50               0      21.8945379      18.5747628      16.4934145      286.087232     0.231128809     0.237820422
          wgpu 1d 128g 180c x3w 4ms | egraph 28g->34v+0snap 16ms | graft 22 (-66n, 0 snap) cpu 0 | f64 20 | gen 0.3s
 287     0     100               0      56.7171427      42.9001702      23.0840998      397.929481     0.598732236     0.549268741
 287     1      50               0      21.8945379      18.5747628      16.4934145      286.087232     0.231128809     0.237820422
          wgpu 1d 140g 186c x3w 8ms | egraph 36g->40v+0snap 13ms | graft 25 (-77n, 0 snap) cpu 0 | f64 20 | gen 0.2s
 288     0     100               0      56.7171427      42.9001702      23.0840998      397.929481     0.598732236     0.549268741
 288     1      50               0      21.8945379      18.5747628      16.4934145      286.087232     0.231128809     0.237820422
          wgpu 1d 147g 180c x3w 4ms | egraph 39g->34v+0snap 12ms | graft 24 (-53n, 0 snap) cpu 0 | f64 20 | gen 0.2s
 289     0     100               0      56.7171427      42.9001702      23.0840998      397.929481     0.598732236     0.549268741
 289     1      50               0      21.8945379      18.5747628      16.4934145      286.087232     0.231128809     0.237820422
          wgpu 1d 153g 184c x3w 4ms | egraph 38g->38v+0snap 8ms | graft 23 (-63n, 0 snap) cpu 0 | f64 20 | gen 0.2s
 290     0     100               0      56.7171427      42.9001702      23.0840998      397.929481     0.598732236     0.549268741
 290     1      50               0      21.8945379      18.5747628      16.4934145      286.087232     0.231128809     0.237820422
          wgpu 1d 123g 182c x3w 4ms | egraph 28g->36v+0snap 9ms | graft 19 (-42n, 0 snap) cpu 0 | f64 20 | gen 0.3s
--------- pump migration: intra (promote-2 + intake-reset) ---------
 291     0     100               0      56.7171427      42.9001702      23.0840998      397.929481     0.598732236     0.549268741
 291     1      50               0      21.8945379      18.5747628      16.4934145      286.087232     0.231128809     0.237820422
          wgpu 2d 322g 342c x3w 7ms | egraph 83g->116v+0snap 36ms | graft 54 (-157n, 0 snap) cpu 0 | f64 30 | gen 0.2s | dropped inexpr 5 oversz 0 unbuild 0 {}
 292     0     100               0      56.7171427      42.9001702      23.0840998      397.929481     0.598732236     0.549268741
 292     1      50               0      21.8945379      18.5747628      16.4934145      286.087232     0.231128809     0.237820422
          wgpu 1d 160g 187c x3w 8ms | egraph 43g->41v+0snap 9ms | graft 27 (-73n, 0 snap) cpu 0 | f64 20 | gen 0.2s
 293     0     100               0      56.7171427      42.9001702      23.0840998      397.929481     0.598732236     0.549268741
 293     1      50               0      21.8945379      18.5747628      16.4934145      286.087232     0.231128809     0.237820422
          wgpu 1d 136g 184c x3w 4ms | egraph 26g->38v+0snap 6ms | graft 25 (-52n, 0 snap) cpu 0 | f64 20 | gen 0.3s
 294     0     100               0      56.7171427      42.9001702      23.0840998      397.929481     0.598732236     0.549268741
 294     1      50               0      21.8945379      18.5747628      16.4934145      286.087232     0.231128809     0.237820422
          wgpu 1d 135g 181c x3w 4ms | egraph 27g->35v+0snap 22ms | graft 26 (-53n, 0 snap) cpu 0 | f64 20 | gen 0.3s
 295     0     100               0      56.7171427      42.9001702      23.0840998      397.929481     0.598732236     0.549268741
 295     1      50               0      21.8945379      18.5747628      16.4934145      286.087232     0.231128809     0.237820422
          wgpu 1d 137g 181c x3w 4ms | egraph 28g->35v+0snap 8ms | graft 24 (-74n, 0 snap) cpu 0 | f64 20 | gen 0.2s
 296     0     100               0      56.7171427      42.9001702      23.0840998      397.929481     0.598732236     0.549268741
 296     1      50               0      21.8945379      18.5747628      16.4934145      286.087232     0.231128809     0.237820422
          wgpu 1d 143g 188c x3w 4ms | egraph 33g->42v+0snap 12ms | graft 22 (-54n, 0 snap) cpu 0 | f64 20 | gen 0.2s
 297     0     100               0      56.7171427      42.9001702      23.0840998      397.929481     0.598732236     0.549268741
 297     1      50               0      21.8945379      18.5747628      16.4934145      286.087232     0.231128809     0.237820422
          wgpu 1d 140g 190c x3w 4ms | egraph 33g->44v+0snap 7ms | graft 30 (-105n, 0 snap) cpu 0 | f64 20 | gen 0.3s
 298     0     100               0      56.7171427      42.9001702      23.0840998      397.929481     0.598732236     0.549268741
 298     1      50               0      21.8945379      18.5747628      16.4934145      286.087232     0.231128809     0.237820422
          wgpu 1d 123g 174c x3w 3ms | egraph 18g->28v+0snap 4ms | graft 16 (-43n, 0 snap) cpu 0 | f64 20 | gen 0.2s
 299     0     100               0      56.7171427      42.9001702      23.0840998      397.929481     0.598732236     0.549268741
 299     1      50               0      21.8945379      18.5747628      16.4934145      286.087232     0.231128809     0.237820422
          wgpu 1d 141g 180c x3w 4ms | egraph 25g->34v+0snap 8ms | graft 25 (-57n, 0 snap) cpu 0 | f64 20 | gen 0.3s
 300     0     100               0      56.7171427      42.9001702      23.0840998      397.929481     0.598732236     0.549268741
 300     1      50               0      21.8945379      18.5747628      16.4934145      286.087232     0.231128809     0.237820422
          wgpu 1d 124g 166c x3w 3ms | egraph 26g->20v+0snap 6ms | graft 13 (-31n, 0 snap) cpu 0 | f64 20 | gen 0.2s
--------- pump migration: intra (promote-2 + intake-reset) + cross ---------
 301     0     100               0      56.7171427      42.9001702      23.0840998      397.929481     0.598732236     0.549268741
 301     1      50               0      21.8945379      18.5747628      16.4934145      286.087232     0.231128809     0.237820422
          wgpu 2d 348g 351c x3w 8ms | egraph 112g->125v+0snap 26ms | graft 61 (-194n, 0 snap) cpu 0 | f64 30 | gen 0.2s | dropped inexpr 2 oversz 0 unbuild 0 {}
 302     0     100               0      56.7171427      42.9001702      23.0840998      397.929481     0.598732236     0.549268741
 302     1      50               0      21.8945379      18.5747628      16.4934145      286.087232     0.231128809     0.237820422
          wgpu 1d 155g 195c x3w 9ms | egraph 26g->49v+0snap 117ms | graft 26 (-57n, 0 snap) cpu 0 | f64 20 | gen 0.4s
 303     0     100               0      56.7171427      42.9001702      23.0840998      397.929481     0.598732236     0.549268741
 303     1      50               0      21.8945379      18.5747628      16.4934145      286.087232     0.231128809     0.237820422
          wgpu 1d 115g 173c x3w 5ms | egraph 22g->27v+0snap 7ms | graft 17 (-42n, 0 snap) cpu 0 | f64 20 | gen 0.2s
 304     0     100               0      56.7171427      42.9001702      23.0840998      397.929481     0.598732236     0.549268741
 304     1      50               0      21.8945379      18.5747628      16.4934145      286.087232     0.231128809     0.237820422
          wgpu 1d 130g 176c x3w 14ms | egraph 30g->30v+0snap 12ms | graft 16 (-56n, 0 snap) cpu 0 | f64 20 | gen 0.2s
 305     0     100               0      56.7171427      42.9001702      23.0840998      397.929481     0.598732236     0.549268741
 305     1      50               0      21.8945379      18.5747628      16.4934145      286.087232     0.231128809     0.237820422
          wgpu 1d 139g 183c x3w 9ms | egraph 30g->37v+0snap 8ms | graft 24 (-66n, 0 snap) cpu 0 | f64 20 | gen 0.2s
 306     0     100               0      56.7171427      42.9001702      23.0840998      397.929481     0.598732236     0.549268741
 306     1      50               0      21.8945379      18.5747628      16.4934145      286.087232     0.231128809     0.237820422
          wgpu 1d 149g 191c x3w 70ms | egraph 35g->45v+0snap 114ms | graft 24 (-68n, 0 snap) cpu 0 | f64 20 | gen 0.6s
 307     0     100               0      56.7171427      42.9001702      23.0840998      397.929481     0.598732236     0.549268741
 307     1      50               0      21.8945379      18.5747628      16.4934145      286.087232     0.231128809     0.237820422
          wgpu 1d 148g 187c x3w 4ms | egraph 28g->41v+0snap 9ms | graft 27 (-64n, 0 snap) cpu 0 | f64 20 | gen 0.3s
 308     0     100               0      56.7171427      42.9001702      23.0840998      397.929481     0.598732236     0.549268741
 308     1      50               0      21.8945381      18.5747632      16.4934135      286.087233      0.23112881     0.237820427
          wgpu 1d 136g 176c x3w 4ms | egraph 23g->30v+0snap 7ms | graft 21 (-53n, 0 snap) cpu 0 | f64 20 | gen 0.3s
 309     0     100               0      56.7171427      42.9001702      23.0840998      397.929481     0.598732236     0.549268741
 309     1      50               0      21.8945381      18.5747632      16.4934135      286.087233      0.23112881     0.237820427
          wgpu 1d 123g 179c x3w 7ms | egraph 32g->33v+0snap 34ms | graft 21 (-59n, 0 snap) cpu 0 | f64 20 | gen 0.4s
 310     0     100               0      56.7171427      42.9001702      23.0840998      397.929481     0.598732236     0.549268741
 310     1      50               0      21.8945379      18.5747628      16.4934145      286.087232     0.231128809     0.237820422
          wgpu 1d 138g 175c x3w 5ms | egraph 27g->29v+0snap 6ms | graft 20 (-54n, 0 snap) cpu 0 | f64 20 | gen 0.3s
--------- pump migration: intra (promote-2 + intake-reset) ---------
 311     0     100               0      56.7171427      42.9001702      23.0840998      397.929481     0.598732236     0.549268741
 311     1      50               0      21.8945379      18.5747628      16.4934145      286.087232     0.231128809     0.237820422
          wgpu 2d 396g 372c x3w 23ms | egraph 116g->145v+1snap 39ms | graft 70 (-209n, 0 snap) cpu 0 | f64 30 | gen 0.4s
 312     0     100               0      56.7171427      42.9001702      23.0840998      397.929481     0.598732236     0.549268741
 312     1      50               0      21.8945379      18.5747628      16.4934145      286.087232     0.231128809     0.237820422
          wgpu 1d 149g 190c x3w 10ms | egraph 27g->44v+0snap 8ms | graft 28 (-71n, 0 snap) cpu 0 | f64 20 | gen 0.2s
 313     0     100               0      56.7171427      42.9001702      23.0840998      397.929481     0.598732236     0.549268741
 313     1      50               0      21.8945379      18.5747628      16.4934145      286.087232     0.231128809     0.237820422
          wgpu 1d 152g 186c x3w 4ms | egraph 30g->40v+0snap 19ms | graft 19 (-87n, 0 snap) cpu 0 | f64 20 | gen 0.2s
 314     0     100               0      56.7171427      42.9001702      23.0840998      397.929481     0.598732236     0.549268741
 314     1      50               0      21.8945379      18.5747628      16.4934145      286.087232     0.231128809     0.237820422
          wgpu 1d 134g 169c x3w 3ms | egraph 31g->23v+0snap 8ms | graft 19 (-46n, 0 snap) cpu 0 | f64 20 | gen 0.3s
 315     0     100               0      56.7171427      42.9001702      23.0840998      397.929481     0.598732236     0.549268741
 315     1      50               0      21.8945379      18.5747628      16.4934145      286.087232     0.231128809     0.237820422
          wgpu 1d 128g 182c x3w 4ms | egraph 20g->36v+0snap 5ms | graft 22 (-58n, 0 snap) cpu 0 | f64 20 | gen 0.2s
 316     0     100               0      56.7171427      42.9001702      23.0840998      397.929481     0.598732236     0.549268741
 316     1      50               0      21.8945379      18.5747628      16.4934145      286.087232     0.231128809     0.237820422
          wgpu 1d 122g 174c x3w 4ms | egraph 33g->28v+0snap 14ms | graft 18 (-78n, 0 snap) cpu 0 | f64 20 | gen 0.2s
 317     0     100               0      56.7171427      42.9001702      23.0840998      397.929481     0.598732236     0.549268741
 317     1      50               0      21.8945379      18.5747628      16.4934145      286.087232     0.231128809     0.237820422
          wgpu 1d 123g 175c x3w 3ms | egraph 19g->29v+0snap 8ms | graft 15 (-38n, 0 snap) cpu 0 | f64 20 | gen 0.3s
 318     0     100               0      56.7171427      42.9001702      23.0840998      397.929481     0.598732236     0.549268741
 318     1      50               0      21.8945379      18.5747628      16.4934145      286.087232     0.231128809     0.237820422
          wgpu 1d 145g 182c x3w 9ms | egraph 29g->36v+0snap 7ms | graft 21 (-72n, 0 snap) cpu 0 | f64 20 | gen 0.2s
 319     0     100               0      56.7171427      42.9001702      23.0840998      397.929481     0.598732236     0.549268741
 319     1      50               0      21.8945379      18.5747628      16.4934145      286.087232     0.231128809     0.237820422
          wgpu 1d 141g 187c x3w 4ms | egraph 30g->41v+0snap 7ms | graft 27 (-72n, 0 snap) cpu 0 | f64 20 | gen 0.3s
 320     0     100               0      56.7171427      42.9001702      23.0840998      397.929481     0.598732236     0.549268741
 320     1      50               0      21.8945379      18.5747628      16.4934145      286.087232     0.231128809     0.237820422
          wgpu 1d 144g 195c x3w 5ms | egraph 19g->49v+0snap 9ms | graft 23 (-102n, 0 snap) cpu 0 | f64 20 | gen 0.2s
--------- pump migration: intra (promote-2 + intake-reset) ---------
 321     0     100               0      56.7171427      42.9001702      23.0840998      397.929481     0.598732236     0.549268741
 321     1      50               0      21.8945379      18.5747628      16.4934145      286.087232     0.231128809     0.237820422
          wgpu 2d 333g 340c x3w 12ms | egraph 107g->114v+0snap 36ms | graft 64 (-183n, 0 snap) cpu 0 | f64 30 | gen 0.3s | dropped inexpr 3 oversz 0 unbuild 0 {}
 322     0     100               0      56.7171427      42.9001702      23.0840998      397.929481     0.598732236     0.549268741
 322     1      50               0      56.7171427      42.9001702      23.0840998      397.929481     0.598732236     0.549268741
          wgpu 1d 122g 180c x3w 3ms | egraph 15g->34v+0snap 9ms | graft 18 (-46n, 0 snap) cpu 0 | f64 20 | gen 0.2s
 323     0     100               0      56.7171427      42.9001702      23.0840998      397.929481     0.598732236     0.549268741
 323     1      50               0      21.8945379      18.5747628      16.4934145      286.087232     0.231128809     0.237820422
          wgpu 1d 163g 194c x3w 4ms | egraph 42g->48v+0snap 9ms | graft 23 (-83n, 0 snap) cpu 0 | f64 20 | gen 0.3s
 324     0     100               0      56.7171427      42.9001702      23.0840998      397.929481     0.598732236     0.549268741
 324     1      50               0      21.8945379      18.5747628      16.4934145      286.087232     0.231128809     0.237820422
          wgpu 1d 165g 201c x3w 6ms | egraph 42g->55v+0snap 10ms | graft 36 (-100n, 0 snap) cpu 0 | f64 20 | gen 0.2s
 325     0     100               0      32.1273809      24.4220071      16.7628566      325.761064     0.339151404     0.312685125
 325     1      50               0      21.8945379      18.5747628      16.4934145      286.087232     0.231128809     0.237820422
          wgpu 1d 157g 193c x3w 4ms | egraph 37g->47v+0snap 9ms | graft 32 (-90n, 0 snap) cpu 0 | f64 20 | gen 0.3s
 326     0     100               0      32.1273809      24.4220071      16.7628566      325.761064     0.339151404     0.312685125
 326     1      50               0      21.8945381      18.5747632      16.4934135      286.087233      0.23112881     0.237820427
          wgpu 1d 155g 201c x3w 4ms | egraph 34g->55v+0snap 11ms | graft 33 (-94n, 0 snap) cpu 0 | f64 20 | gen 0.4s
 327     0     100               0      32.1273809      24.4220071      16.7628566      325.761064     0.339151404     0.312685125
 327     1      50               0      21.8945381      18.5747632      16.4934135      286.087233      0.23112881     0.237820427
          wgpu 1d 173g 206c x3w 32ms | egraph 39g->60v+0snap 14ms | graft 36 (-137n, 0 snap) cpu 0 | f64 20 | gen 0.3s
 328     0     100               0      32.1273809      24.4220071      16.7628566      325.761064     0.339151404     0.312685125
 328     1      50               0      21.8945379      18.5747628      16.4934145      286.087232     0.231128809     0.237820422
          wgpu 1d 182g 206c x3w 4ms | egraph 39g->60v+0snap 14ms | graft 33 (-97n, 0 snap) cpu 0 | f64 20 | gen 0.3s
 329     0     100               0      32.1273809      24.4220071      16.7628566      325.761064     0.339151404     0.312685125
 329     1      50               0      21.8945379      18.5747628      16.4934145      286.087232     0.231128809     0.237820422
          wgpu 1d 167g 205c x3w 4ms | egraph 42g->59v+0snap 14ms | graft 31 (-112n, 0 snap) cpu 0 | f64 20 | gen 0.3s
 330     0     100               0      32.1273809      24.4220071      16.7628566      325.761064     0.339151404     0.312685125
 330     1      50               0      21.8945379      18.5747628      16.4934145      286.087232     0.231128809     0.237820422
          wgpu 1d 166g 199c x3w 6ms | egraph 30g->53v+0snap 13ms | graft 33 (-115n, 0 snap) cpu 0 | f64 20 | gen 0.4s
--------- pump migration: intra (promote-2 + intake-reset) + cross ---------
 331     0     100               0      32.1273809      24.4220071      16.7628566      325.761064     0.339151404     0.312685125
 331     1      50               0      32.1273809      24.4220071      16.7628566      325.761064     0.339151404     0.312685125
          wgpu 2d 392g 382c x3w 17ms | egraph 114g->156v+0snap 39ms | graft 78 (-287n, 0 snap) cpu 0 | f64 30 | gen 0.4s
 332     0     100               0      32.1273809      24.4220071      16.7628566      325.761064     0.339151404     0.312685125
 332     1      50               0      32.1273809      24.4220071      16.7628566      325.761064     0.339151404     0.312685125
          wgpu 1d 184g 223c x3w 4ms | egraph 46g->77v+0snap 36ms | graft 46 (-173n, 0 snap) cpu 0 | f64 20 | gen 0.8s
 333     0     100               0      28.0320561      22.5957906      16.5729178      303.787017     0.295919273     0.289303315
 333     1      50               0      21.8945379      18.5747628      16.4934145      286.087232     0.231128809     0.237820422
          wgpu 1d 181g 204c x3w 4ms | egraph 41g->58v+0snap 17ms | graft 41 (-123n, 0 snap) cpu 0 | f64 20 | gen 0.4s
 334     0     100               0      32.1273809      24.4220071      16.7628566      325.761064     0.339151404     0.312685125
 334     1      50               0      21.8945379      18.5747628      16.4934145      286.087232     0.231128809     0.237820422
          wgpu 1d 190g 202c x3w 4ms | egraph 48g->56v+0snap 13ms | graft 35 (-99n, 0 snap) cpu 0 | f64 20 | gen 0.2s
 335     0     100               0      28.0320561      22.5957906      16.5729178      303.787017     0.295919273     0.289303315
 335     1      50               0      21.8945379      18.5747628      16.4934145      286.087232     0.231128809     0.237820422
          wgpu 1d 190g 205c x3w 4ms | egraph 46g->59v+0snap 13ms | graft 26 (-87n, 0 snap) cpu 0 | f64 20 | gen 0.3s
 336     0     100               0      28.0320564      22.5957897      16.5729179      303.787024     0.295919275     0.289303303
 336     1      50               0      21.8945379      18.5747628      16.4934145      286.087232     0.231128809     0.237820422
          wgpu 1d 191g 213c x3w 4ms | egraph 40g->67v+0snap 14ms | graft 34 (-82n, 0 snap) cpu 0 | f64 20 | gen 0.2s
 337     0     100               0      28.0320564      22.5957897      16.5729179      303.787024     0.295919275     0.289303303
 337     1      50               0      21.8945379      18.5747628      16.4934145      286.087232     0.231128809     0.237820422
          wgpu 1d 184g 205c x3w 4ms | egraph 40g->59v+0snap 46ms | graft 26 (-128n, 0 snap) cpu 0 | f64 20 | gen 0.7s
 338     0     100               0      28.0320564      22.5957897      16.5729179      303.787024     0.295919275     0.289303303
 338     1      50               0      21.8945379      18.5747628      16.4934145      286.087232     0.231128809     0.237820422
          wgpu 1d 173g 196c x3w 5ms | egraph 34g->50v+0snap 10ms | graft 30 (-124n, 0 snap) cpu 0 | f64 20 | gen 0.2s
 339     0     100               0      28.0320564      22.5957897      16.5729179      303.787024     0.295919275     0.289303303
 339     1      50               0      21.8945379      18.5747628      16.4934145      286.087232     0.231128809     0.237820422
          wgpu 1d 172g 194c x3w 4ms | egraph 31g->48v+0snap 17ms | graft 34 (-97n, 0 snap) cpu 0 | f64 20 | gen 0.2s
 340     0     100               0      28.0320564      22.5957897      16.5729179      303.787024     0.295919275     0.289303303
 340     1      50               0      21.8945379      18.5747628      16.4934145      286.087232     0.231128809     0.237820422
          wgpu 1d 159g 191c x3w 4ms | egraph 27g->45v+0snap 10ms | graft 20 (-141n, 0 snap) cpu 0 | f64 20 | gen 0.4s
--------- pump migration: intra (promote-2 + intake-reset) ---------
 341     0     100               0      28.0320564      22.5957897      16.5729179      303.787024     0.295919275     0.289303303
 341     1      50               0      21.8945379      18.5747628      16.4934145      286.087232     0.231128809     0.237820422
          wgpu 2d 367g 350c x3w 8ms | egraph 107g->124v+0snap 27ms | graft 62 (-199n, 0 snap) cpu 0 | f64 30 | gen 0.2s
 342     0     100               0      28.0320564      22.5957897      16.5729179      303.787024     0.295919275     0.289303303
 342     1      50               0      21.8945379      18.5747628      16.4934145      286.087232     0.231128809     0.237820422
          wgpu 1d 142g 170c x3w 3ms | egraph 22g->24v+0snap 7ms | graft 18 (-36n, 0 snap) cpu 0 | f64 20 | gen 0.4s
 343     0     100               0      28.0320564      22.5957897      16.5729179      303.787024     0.295919275     0.289303303
 343     1      50               0      21.8945379      18.5747628      16.4934145      286.087232     0.231128809     0.237820422
          wgpu 1d 165g 200c x3w 4ms | egraph 30g->54v+0snap 12ms | graft 26 (-97n, 0 snap) cpu 0 | f64 20 | gen 0.3s
 344     0     100               0      28.0320564      22.5957897      16.5729179      303.787024     0.295919275     0.289303303
 344     1      50               0      21.8945379      18.5747628      16.4934145      286.087232     0.231128809     0.237820422
          wgpu 1d 173g 195c x3w 4ms | egraph 31g->49v+0snap 9ms | graft 27 (-125n, 0 snap) cpu 0 | f64 20 | gen 0.4s
 345     0     100               0      28.0320564      22.5957897      16.5729179      303.787024     0.295919275     0.289303303
 345     1      50               0      21.8945379      18.5747628      16.4934145      286.087232     0.231128809     0.237820422
          wgpu 1d 159g 188c x3w 4ms | egraph 27g->42v+0snap 9ms | graft 24 (-85n, 0 snap) cpu 0 | f64 20 | gen 0.6s
 346     0     100               0      28.0320564      22.5957897      16.5729179      303.787024     0.295919275     0.289303303
 346     1      50               0      21.8945379      18.5747628      16.4934145      286.087232     0.231128809     0.237820422
          wgpu 1d 172g 199c x3w 4ms | egraph 37g->53v+0snap 11ms | graft 27 (-130n, 0 snap) cpu 0 | f64 20 | gen 0.3s
 347     0     100               0      27.7003809      21.1968933      14.5388547      325.579784     0.292417957     0.271392651
 347     1      50               0      21.8945381      18.5747632      16.4934135      286.087233      0.23112881     0.237820427
          wgpu 1d 166g 190c x3w 4ms | egraph 38g->44v+0snap 10ms | graft 25 (-61n, 0 snap) cpu 0 | f64 20 | gen 0.2s
 348     0     100               0      28.0320564      22.5957897      16.5729179      303.787024     0.295919275     0.289303303
 348     1      50               0      21.8945379      18.5747628      16.4934145      286.087232     0.231128809     0.237820422
          wgpu 1d 173g 189c x3w 4ms | egraph 31g->43v+0snap 10ms | graft 26 (-84n, 0 snap) cpu 0 | f64 20 | gen 0.3s
 349     0     100               0      28.0320564      22.5957897      16.5729179      303.787024     0.295919275     0.289303303
 349     1      50               0      21.8945379      18.5747628      16.4934145      286.087232     0.231128809     0.237820422
          wgpu 1d 157g 189c x3w 4ms | egraph 28g->43v+0snap 8ms | graft 23 (-75n, 0 snap) cpu 0 | f64 20 | gen 0.5s
 350     0     100               0      28.0320564      22.5957897      16.5729179      303.787024     0.295919275     0.289303303
 350     1      50               0      21.8945381      18.5747632      16.4934135      286.087233      0.23112881     0.237820427
          wgpu 1d 168g 204c x3w 4ms | egraph 26g->58v+0snap 6ms | graft 39 (-112n, 0 snap) cpu 0 | f64 20 | gen 0.2s
--------- pump migration: intra (promote-2 + intake-reset) ---------
 351     0     100               0      28.0320564      22.5957897      16.5729179      303.787024     0.295919275     0.289303303
 351     1      50               0      21.8945379      18.5747628      16.4934145      286.087232     0.231128809     0.237820422
          wgpu 2d 405g 384c x3w 9ms | egraph 106g->158v+0snap 26ms | graft 79 (-326n, 0 snap) cpu 0 | f64 30 | gen 0.5s | dropped inexpr 4 oversz 0 unbuild 0 {}
 352     0     100               0      28.0320564      22.5957897      16.5729179      303.787024     0.295919275     0.289303303
 352     1      50               0      21.8945379      18.5747628      16.4934145      286.087232     0.231128809     0.237820422
          wgpu 1d 158g 179c x3w 4ms | egraph 33g->33v+0snap 9ms | graft 25 (-80n, 0 snap) cpu 0 | f64 20 | gen 0.2s
 353     0     100               0      28.0320564      22.5957897      16.5729179      303.787024     0.295919275     0.289303303
 353     1      50               0      21.8945379      18.5747628      16.4934145      286.087232     0.231128809     0.237820422
          wgpu 1d 161g 180c x3w 4ms | egraph 30g->34v+0snap 10ms | graft 21 (-80n, 0 snap) cpu 0 | f64 20 | gen 0.5s
 354     0     100               0      28.0320564      22.5957897      16.5729179      303.787024     0.295919275     0.289303303
 354     1      50               0      21.8945379      18.5747628      16.4934145      286.087232     0.231128809     0.237820422
          wgpu 1d 168g 193c x3w 4ms | egraph 24g->47v+0snap 7ms | graft 27 (-94n, 0 snap) cpu 0 | f64 20 | gen 0.2s
 355     0     100               0      28.0320564      22.5957897      16.5729179      303.787024     0.295919275     0.289303303
 355     1      50               0      21.8945379      18.5747628      16.4934145      286.087232     0.231128809     0.237820422
          wgpu 1d 179g 202c x3w 4ms | egraph 25g->56v+0snap 9ms | graft 31 (-100n, 0 snap) cpu 0 | f64 20 | gen 0.5s
 356     0     100               0      28.0320564      22.5957897      16.5729179      303.787024     0.295919275     0.289303303
 356     1      50               0      21.8945379      18.5747628      16.4934145      286.087232     0.231128809     0.237820422
          wgpu 1d 159g 182c x3w 4ms | egraph 23g->36v+0snap 6ms | graft 25 (-77n, 0 snap) cpu 0 | f64 20 | gen 0.2s
 357     0     100               0      28.0320564      22.5957897      16.5729179      303.787024     0.295919275     0.289303303
 357     1      50               0      21.8945379      18.5747628      16.4934145      286.087232     0.231128809     0.237820422
          wgpu 1d 165g 182c x3w 4ms | egraph 27g->36v+0snap 9ms | graft 17 (-80n, 0 snap) cpu 0 | f64 20 | gen 0.2s
 358     0     100               0      28.0320564      22.5957897      16.5729179      303.787024     0.295919275     0.289303303
 358     1      50               0      21.8945379      18.5747628      16.4934145      286.087232     0.231128809     0.237820422
          wgpu 1d 197g 204c x3w 11ms | egraph 33g->58v+0snap 9ms | graft 31 (-123n, 0 snap) cpu 0 | f64 20 | gen 0.2s
 359     0     100               0      27.7003809      21.1968933      14.5388547      325.579784     0.292417957     0.271392651
 359     1      50               0      21.8945379      18.5747628      16.4934145      286.087232     0.231128809     0.237820422
          wgpu 1d 178g 199c x3w 4ms | egraph 42g->53v+0snap 15ms | graft 26 (-120n, 0 snap) cpu 0 | f64 20 | gen 0.5s | dropped inexpr 1 oversz 0 unbuild 0 {}
 360     0     100               0      27.7003809      21.1968933      14.5388547      325.579784     0.292417957     0.271392651
 360     1      50               0      21.8945379      18.5747628      16.4934145      286.087232     0.231128809     0.237820422
          wgpu 1d 165g 186c x3w 4ms | egraph 35g->40v+0snap 9ms | graft 24 (-64n, 0 snap) cpu 0 | f64 20 | gen 0.3s
--------- pump migration: intra (promote-2 + intake-reset) + cross ---------
 361     0     100               0      27.7003809      21.1968933      14.5388547      325.579784     0.292417957     0.271392651
 361     1      50               0      21.8945379      18.5747628      16.4934145      286.087232     0.231128809     0.237820422
          wgpu 2d 360g 336c x3w 8ms | egraph 99g->110v+0snap 23ms | graft 59 (-191n, 0 snap) cpu 0 | f64 30 | gen 0.2s | dropped inexpr 1 oversz 0 unbuild 0 {}
 362     0     100               0      27.7003809      21.1968933      14.5388547      325.579784     0.292417957     0.271392651
 362     1      50               0      21.8945379      18.5747628      16.4934145      286.087232     0.231128809     0.237820422
          wgpu 1d 170g 180c x3w 4ms | egraph 37g->34v+0snap 8ms | graft 20 (-70n, 0 snap) cpu 0 | f64 20 | gen 0.2s
 363     0     100               0      27.7003809      21.1968933      14.5388547      325.579784     0.292417957     0.271392651
 363     1      50               0      21.8945379      18.5747628      16.4934145      286.087232     0.231128809     0.237820422
          wgpu 1d 182g 207c x3w 4ms | egraph 45g->61v+0snap 10ms | graft 31 (-95n, 0 snap) cpu 0 | f64 20 | gen 0.4s | dropped inexpr 1 oversz 0 unbuild 0 {}
 364     0     100               0      27.7003809      21.1968933      14.5388547      325.579784     0.292417957     0.271392651
 364     1      50               0      21.8945379      18.5747628      16.4934145      286.087232     0.231128809     0.237820422
          wgpu 1d 191g 195c x3w 4ms | egraph 48g->49v+0snap 12ms | graft 30 (-107n, 0 snap) cpu 0 | f64 20 | gen 0.2s
 365     0     100               0      27.7003809      21.1968933      14.5388547      325.579784     0.292417957     0.271392651
 365     1      50               0      21.8945379      18.5747628      16.4934145      286.087232     0.231128809     0.237820422
          wgpu 1d 173g 205c x3w 4ms | egraph 32g->59v+0snap 21ms | graft 28 (-108n, 0 snap) cpu 0 | f64 20 | gen 0.2s
 366     0     100               0      27.7003809      21.1968933      14.5388547      325.579784     0.292417957     0.271392651
 366     1      50               0      21.8945379      18.5747628      16.4934145      286.087232     0.231128809     0.237820422
          wgpu 1d 166g 191c x3w 4ms | egraph 31g->45v+0snap 8ms | graft 24 (-74n, 0 snap) cpu 0 | f64 20 | gen 0.2s
 367     0     100               0      27.7003809      21.1968933      14.5388547      325.579784     0.292417957     0.271392651
 367     1      50               0      21.8945379      18.5747628      16.4934145      286.087232     0.231128809     0.237820422
          wgpu 1d 198g 209c x3w 4ms | egraph 43g->63v+0snap 11ms | graft 32 (-113n, 0 snap) cpu 0 | f64 20 | gen 0.2s
 368     0     100               0      27.7003809      21.1968933      14.5388547      325.579784     0.292417957     0.271392651
 368     1      50               0      21.8945379      18.5747628      16.4934145      286.087232     0.231128809     0.237820422
          wgpu 1d 170g 193c x3w 4ms | egraph 35g->47v+0snap 9ms | graft 28 (-121n, 0 snap) cpu 0 | f64 20 | gen 0.3s
 369     0     100               0      27.7003809      21.1968933      14.5388547      325.579784     0.292417957     0.271392651
 369     1      50               0      21.8945379      18.5747628      16.4934145      286.087232     0.231128809     0.237820422
          wgpu 1d 169g 188c x3w 13ms | egraph 32g->42v+0snap 8ms | graft 23 (-63n, 0 snap) cpu 0 | f64 20 | gen 0.2s
 370     0     100               0      27.7003809      21.1968933      14.5388547      325.579784     0.292417957     0.271392651
 370     1      50               0      21.8945379      18.5747628      16.4934145      286.087232     0.231128809     0.237820422
          wgpu 1d 171g 187c x3w 4ms | egraph 35g->41v+0snap 12ms | graft 22 (-79n, 0 snap) cpu 0 | f64 20 | gen 0.2s
--------- pump migration: intra (promote-2 + intake-reset) ---------
 371     0     100               0      27.7003809      21.1968933      14.5388547      325.579784     0.292417957     0.271392651
 371     1      50               0      21.8945379      18.5747628      16.4934145      286.087232     0.231128809     0.237820422
          wgpu 2d 380g 371c x3w 8ms | egraph 91g->145v+0snap 22ms | graft 68 (-224n, 0 snap) cpu 0 | f64 30 | gen 0.2s | dropped inexpr 2 oversz 0 unbuild 0 {}
 372     0     100               0      27.7003809      21.1968933      14.5388547      325.579784     0.292417957     0.271392651
 372     1      50               0      21.8945379      18.5747628      16.4934145      286.087232     0.231128809     0.237820422
          wgpu 1d 158g 190c x3w 4ms | egraph 23g->44v+0snap 6ms | graft 25 (-91n, 0 snap) cpu 0 | f64 20 | gen 0.3s
 373     0     100               0      27.7003809      21.1968933      14.5388547      325.579784     0.292417957     0.271392651
 373     1      50               0      21.8945379      18.5747628      16.4934145      286.087232     0.231128809     0.237820422
          wgpu 1d 181g 205c x3w 4ms | egraph 34g->59v+0snap 15ms | graft 27 (-99n, 0 snap) cpu 0 | f64 20 | gen 0.4s
 374     0     100               0      27.7003809      21.1968933      14.5388547      325.579784     0.292417957     0.271392651
 374     1      50               0      21.8945379      18.5747628      16.4934145      286.087232     0.231128809     0.237820422
          wgpu 1d 157g 191c x3w 4ms | egraph 25g->45v+0snap 7ms | graft 27 (-81n, 0 snap) cpu 0 | f64 20 | gen 0.3s
 375     0     100               0      27.7003809      21.1968933      14.5388547      325.579784     0.292417957     0.271392651
 375     1      50               0      21.8945379      18.5747628      16.4934145      286.087232     0.231128809     0.237820422
          wgpu 1d 166g 189c x3w 4ms | egraph 33g->43v+0snap 10ms | graft 22 (-98n, 0 snap) cpu 0 | f64 20 | gen 0.4s | dropped inexpr 1 oversz 0 unbuild 0 {}
 376     0     100               0      27.7003809      21.1968933      14.5388547      325.579784     0.292417957     0.271392651
 376     1      50               0      21.8945379      18.5747628      16.4934145      286.087232     0.231128809     0.237820422
          wgpu 1d 156g 179c x3w 4ms | egraph 32g->33v+0snap 8ms | graft 18 (-64n, 0 snap) cpu 0 | f64 20 | gen 0.3s
 377     0     100               0      27.7003809      21.1968933      14.5388547      325.579784     0.292417957     0.271392651
 377     1      50               0      21.8945381      18.5747632      16.4934135      286.087233      0.23112881     0.237820427
          wgpu 1d 173g 189c x3w 4ms | egraph 29g->43v+0snap 14ms | graft 19 (-89n, 0 snap) cpu 0 | f64 20 | gen 0.2s
 378     0     100               0      27.7003809      21.1968933      14.5388547      325.579784     0.292417957     0.271392651
 378     1      50               0      21.8945379      18.5747628      16.4934145      286.087232     0.231128809     0.237820422
          wgpu 1d 170g 189c x3w 4ms | egraph 35g->43v+0snap 11ms | graft 26 (-75n, 0 snap) cpu 0 | f64 20 | gen 0.3s
 379     0     100               0      27.7003809      21.1968933      14.5388547      325.579784     0.292417957     0.271392651
 379     1      50               0      21.8945379      18.5747628      16.4934145      286.087232     0.231128809     0.237820422
          wgpu 1d 177g 192c x3w 4ms | egraph 40g->46v+0snap 15ms | graft 25 (-90n, 0 snap) cpu 0 | f64 20 | gen 0.2s
 380     0     100               0      27.7003809      21.1968933      14.5388547      325.579784     0.292417957     0.271392651
 380     1      50               0      21.8945381      18.5747632      16.4934135      286.087233      0.23112881     0.237820427
          wgpu 1d 174g 185c x3w 4ms | egraph 35g->39v+0snap 9ms | graft 24 (-72n, 0 snap) cpu 0 | f64 20 | gen 0.4s
--------- pump migration: intra (promote-2 + intake-reset) ---------
 381     0     100               0      27.7003809      21.1968933      14.5388547      325.579784     0.292417957     0.271392651
 381     1      50               0      21.8945381      18.5747632      16.4934135      286.087233      0.23112881     0.237820427
          wgpu 2d 430g 391c x3w 9ms | egraph 109g->165v+0snap 30ms | graft 73 (-231n, 0 snap) cpu 0 | f64 30 | gen 0.5s | dropped inexpr 1 oversz 0 unbuild 0 {}
 382     0     100               0      27.7003809      21.1968933      14.5388547      325.579784     0.292417957     0.271392651
 382     1      50               0      21.8945379      18.5747628      16.4934145      286.087232     0.231128809     0.237820422
          wgpu 1d 177g 194c x3w 4ms | egraph 35g->48v+0snap 15ms | graft 25 (-91n, 0 snap) cpu 0 | f64 20 | gen 0.3s
 383     0     100               0      27.7003809      21.1968933      14.5388547      325.579784     0.292417957     0.271392651
 383     1      50               0      21.8945379      18.5747628      16.4934145      286.087232     0.231128809     0.237820422
          wgpu 1d 163g 186c x3w 4ms | egraph 25g->40v+0snap 22ms | graft 25 (-84n, 0 snap) cpu 0 | f64 20 | gen 0.3s
 384     0     100               0      27.7003809      21.1968933      14.5388547      325.579784     0.292417957     0.271392651
 384     1      50               0      21.8945379      18.5747628      16.4934145      286.087232     0.231128809     0.237820422
          wgpu 1d 173g 196c x3w 4ms | egraph 29g->50v+0snap 15ms | graft 29 (-124n, 0 snap) cpu 0 | f64 20 | gen 0.2s
 385     0     100               0      27.7003809      21.1968933      14.5388547      325.579784     0.292417957     0.271392651
 385     1      50               0      21.8945379      18.5747628      16.4934145      286.087232     0.231128809     0.237820422
          wgpu 1d 172g 192c x3w 4ms | egraph 26g->46v+0snap 7ms | graft 24 (-60n, 0 snap) cpu 0 | f64 20 | gen 0.3s
 386     0     100               0      27.7003808      21.1968922      14.5388538      325.579788     0.292417955     0.271392636
 386     1      50               0      21.8945379      18.5747628      16.4934145      286.087232     0.231128809     0.237820422
          wgpu 1d 183g 196c x3w 5ms | egraph 35g->50v+0snap 13ms | graft 26 (-96n, 0 snap) cpu 0 | f64 20 | gen 0.3s
 387     0     100               0      27.7003808      21.1968922      14.5388538      325.579788     0.292417955     0.271392636
 387     1      50               0      21.8945379      18.5747628      16.4934145      286.087232     0.231128809     0.237820422
          wgpu 1d 160g 190c x3w 4ms | egraph 26g->44v+0snap 20ms | graft 25 (-65n, 0 snap) cpu 0 | f64 20 | gen 0.4s
 388     0     100               0      27.7003809      21.1968933      14.5388547      325.579784     0.292417957     0.271392651
 388     1      50               0      21.8945379      18.5747628      16.4934145      286.087232     0.231128809     0.237820422
          wgpu 1d 187g 206c x3w 4ms | egraph 41g->60v+0snap 9ms | graft 30 (-88n, 0 snap) cpu 0 | f64 20 | gen 0.3s | dropped inexpr 1 oversz 0 unbuild 0 {}
 389     0     100               0      27.7003808      21.1968922      14.5388538      325.579788     0.292417955     0.271392636
 389     1      50               0      21.8945381      18.5747632      16.4934135      286.087233      0.23112881     0.237820427
          wgpu 1d 167g 186c x3w 4ms | egraph 27g->40v+0snap 8ms | graft 20 (-58n, 0 snap) cpu 0 | f64 20 | gen 0.3s
 390     0     100               0      27.7003809      21.1968933      14.5388547      325.579784     0.292417957     0.271392651
 390     1      50               0      21.8945381      18.5747632      16.4934135      286.087233      0.23112881     0.237820427
          wgpu 1d 200g 217c x3w 4ms | egraph 36g->71v+0snap 14ms | graft 31 (-115n, 0 snap) cpu 0 | f64 20 | gen 0.3s
--------- pump migration: intra (promote-2 + intake-reset) + cross ---------
 391     0     100               0      27.7003809      21.1968933      14.5388547      325.579784     0.292417957     0.271392651
 391     1      50               0      27.7003809      21.1968933      14.5388547      325.579784     0.292417957     0.271392651
          wgpu 2d 352g 343c x3w 8ms | egraph 97g->117v+0snap 45ms | graft 59 (-155n, 0 snap) cpu 0 | f64 30 | gen 0.2s | dropped inexpr 1 oversz 0 unbuild 0 {}
--------- pump migration: cross-class ---------
 392     0     100               0      27.7003809      21.1968933      14.5388547      325.579784     0.292417957     0.271392651
 392     1      50               0      27.7003809      21.1968933      14.5388547      325.579784     0.292417957     0.271392651
          wgpu 2d 352g 358c x3w 9ms | egraph 99g->132v+0snap 23ms | graft 69 (-184n, 0 snap) cpu 0 | f64 30 | gen 0.4s | dropped inexpr 3 oversz 0 unbuild 0 {}
--------- pump migration: cross-class ---------
 393     0     100               0      27.7003809      21.1968933      14.5388547      325.579784     0.292417957     0.271392651
 393     1      50               0      27.7003809      21.1968933      14.5388547      325.579784     0.292417957     0.271392651
          wgpu 2d 389g 390c x3w 9ms | egraph 103g->164v+0snap 30ms | graft 83 (-287n, 0 snap) cpu 0 | f64 30 | gen 0.2s | dropped inexpr 6 oversz 0 unbuild 0 {}
--------- pump migration: cross-class ---------
 394     0     100               0      27.7003809      21.1968933      14.5388547      325.579784     0.292417957     0.271392651
 394     1      50               0      27.7003809      21.1968933      14.5388547      325.579784     0.292417957     0.271392651
          wgpu 2d 364g 352c x3w 13ms | egraph 90g->126v+0snap 34ms | graft 67 (-169n, 0 snap) cpu 0 | f64 30 | gen 0.2s | dropped inexpr 1 oversz 0 unbuild 0 {}
--------- pump migration: cross-class ---------
 395     0     100               0      27.7003809      21.1968933      14.5388547      325.579784     0.292417957     0.271392651
 395     1      50               0      27.7003809      21.1968933      14.5388547      325.579784     0.292417957     0.271392651
          wgpu 2d 350g 362c x3w 11ms | egraph 85g->136v+0snap 26ms | graft 78 (-218n, 0 snap) cpu 0 | f64 30 | gen 0.2s | dropped inexpr 2 oversz 0 unbuild 0 {}
--------- pump migration: cross-class ---------
 396     0     100               0      27.7003809      21.1968933      14.5388547      325.579784     0.292417957     0.271392651
 396     1      50               0      27.7003809      21.1968933      14.5388547      325.579784     0.292417957     0.271392651
          wgpu 2d 360g 355c x3w 12ms | egraph 95g->129v+0snap 33ms | graft 64 (-215n, 0 snap) cpu 0 | f64 30 | gen 0.2s | dropped inexpr 2 oversz 0 unbuild 0 {}
--------- pump migration: cross-class ---------
 397     0     100               0      27.7003809      21.1968933      14.5388547      325.579784     0.292417957     0.271392651
 397     1      50               0      27.7003809      21.1968933      14.5388547      325.579784     0.292417957     0.271392651
          wgpu 2d 341g 349c x3w 8ms | egraph 89g->123v+0snap 32ms | graft 56 (-179n, 0 snap) cpu 0 | f64 30 | gen 0.4s
--------- pump migration: cross-class ---------
 398     0     100               0      27.7003809      21.1968933      14.5388547      325.579784     0.292417957     0.271392651
 398     1      50               0      27.7003809      21.1968933      14.5388547      325.579784     0.292417957     0.271392651
          wgpu 2d 370g 355c x3w 8ms | egraph 88g->129v+0snap 25ms | graft 70 (-240n, 0 snap) cpu 0 | f64 30 | gen 0.2s | dropped inexpr 2 oversz 0 unbuild 0 {}
--------- pump migration: cross-class ---------
 399     0     100               0      27.7003809      21.1968933      14.5388547      325.579784     0.292417957     0.271392651
 399     1      50               0      27.7003809      21.1968933      14.5388547      325.579784     0.292417957     0.271392651
          wgpu 2d 395g 372c x3w 9ms | egraph 105g->146v+0snap 40ms | graft 70 (-275n, 0 snap) cpu 0 | f64 30 | gen 0.2s | dropped inexpr 4 oversz 0 unbuild 0 {}
--------- pump migration: cross-class ---------
 400     0     100               0      27.7003809      21.1968933      14.5388547      325.579784     0.292417957     0.271392651
 400     1      50               0      27.7003809      21.1968933      14.5388547      325.579784     0.292417957     0.271392651
          wgpu 2d 379g 367c x3w 10ms | egraph 95g->141v+0snap 38ms | graft 65 (-213n, 0 snap) cpu 0 | f64 30 | gen 0.3s | dropped inexpr 2 oversz 0 unbuild 0 {}
--------- pump migration: intra (promote-2 + intake-reset) + cross ---------

This sub-run: 2026-09-19 06:08:19.672001 → 2026-09-19 06:10:28.688909
Now at generation 400 (HOF size: 30)
[join] 450 dispatches, 71,954 genes, 255,111 candidates scored in 2.14s GPU+host; e-graph 17,844 trees -> 22,551 variants + 16 snaps in 5.78s; 11,580 grafts (8 snap), 38,709 nodes removed; cpu-path individuals 0, f64-rejected 0, snaps refused for naming an input 9
[join]   inexpressible:    220  no pset token for semantic id "pow" with arity 2
[join]   inexpressible:      4  no pset token for semantic id "sqrt" with arity 1
[join]   inexpressible:      1  no pset token for semantic id "div" with arity 2
>>> best static rule (reciprocal_diff/m1*m2*(1/r2-1/r1), 1-R²=2.042e-01) beats the evolved best (1-R²=2.940e-01); reporting the rule
>>> hof[0] won via static RULE: reciprocal_diff/m1*m2*(1/r2-1/r1)
    rule sym_expr: m1*m2*(1/r2 - 1/r1)
  HFF-chosen LSM kept: a=3.26933, b=0.146443
Chromosome wrapper: id=0  →  identity
hof[0] runtime val (rule): mse=1.595e+01  R²=0.795823
Pre-snap expression (after sympify + LSM compose):
  3.26933393261693*m1*m2*(1/r2 - 1/r1) + 0.146443252244366

Per-level snap results (before MSE scoring):
  strict      →  3.26933393261693*m1*m2/r2 - 3.26933393261693*m1*m2/r1 + 0.146443252244366
  default     →  3.26888333333333*m1*m2/r2 - 3.26888333333333*m1*m2/r1 + 0.146443252244366
  aggressive  →  3.26888333333333*m1*m2/r2 - 3.26888333333333*m1*m2/r1

Snap-level comparison (sorted by holdout MSE, lowest first)
------------------------------------------------------------------------------------------
  level       MSE            R²         expression                                        
------------------------------------------------------------------------------------------
★ aggressive  12.45          0.8871     3.26888333333333*m1*m2/r2 - 3.26888333333333*m1*m2
  default     12.58          0.8858     3.26888333333333*m1*m2/r2 - 3.26888333333333*m1*m2
  strict      12.58          0.8858     3.26933393261693*m1*m2/r2 - 3.26933393261693*m1*m2

Winning snap level: 'aggressive'  →  3.26888333333333*m1*m2/r2 - 3.26888333333333*m1*m2/r1

Canonical discovered expression: 3.26888333333333*m1*m2/r2 - 3.26888333333333*m1*m2/r1
[38;2;0;50;255m
############################################################ [38;2;255;255;255m
[38;2;0;50;255m Equation Recovery: I_13_12 [38;2;255;255;255m
[38;2;0;50;255m Truth: G*m1*m2*(1/r2-1/r1) [38;2;255;255;255m
[38;2;0;50;255m [38;2;255;255;255m
[38;2;255;0;255m     Exact recovery     : False [38;2;255;255;255m
[38;2;255;0;255m     Numerical recovery : False (max rel_err 2.27e+00 on 10k samples) [38;2;255;255;255m
[38;2;255;0;255m     Discovered         : 3.26888333333333*m1*m2/r2 - 3.26888333333333*m1*m2/r1 [38;2;255;255;255m
[38;2;255;0;255m     LSM (a, b)         : (3.26933, 0.146443) [38;2;255;255;255m
[38;2;0;50;255m
############################################################ [38;2;255;255;255m
In-range holdout : MSE=12.58  MAE=2.153  R²=0.8858
Extrapolation    : MSE=122.1  MAE=5.824  R²=0.8001

Top 10 HOF models (north_pole=truenorth) (★ = Pareto-optimal)
(deduped HOF: 2 unique chromosomes from 30 raw HOF entries)
 ----------------------------------------------------------------------------------------------------------------
       model     wrapper      length   train_mse     val_mse     max_err    train_r2      val_r2 angular_distance
 ----------------------------------------------------------------------------------------------------------------
★           0    identity          14     28.7616     22.9651     18.0072      0.6964      0.7060      0.0000
★          12    identity          14     28.7616     22.9651     18.0072      0.6964      0.7060      0.0000

Pareto-optimal in top 2: 2    Pareto-optimal in full HOF: 2 / 2

Recovery sweep across 2/2 unique HOF chromosomes (capped):
  Structural / exact     : 0/2  (0.0%)
  Numerical (≤1e-6 err)  : 0/2  (0.0%)
{
    "date": "2026/09/19",
    "seed": "5",
    "task": "equation_recovery",
    "north_pole_method": "truenorth",
    "hff_include_val": true,
    "problem": "I_13_12",
    "truth_expr": "G*m1*m2*(1/r2-1/r1)",
    "final_terminal_inputs": [
        "m1",
        "m2",
        "r1",
        "r2",
        "G"
    ],
    "wide_primitives": true,
    "head_length": "48",
    "n_genes": "3",
    "rnc_array_length": "10",
    "tournament size": "intake=8, champion=5",
    "population size": "150",
    "population per island": "intake=100, champion=50",
    "gpu_join": true,
    "eclass_k": 8,
    "number of elites": "2",
    "number of generations": "400",
    "number of islands": "2",
    "migration FREQ": "30",
    "wrapper_id": 0,
    "wrapper_name": "identity",
    "recovery_exact": false,
    "recovery_numerical": false,
    "recovery_max_rel_err": 2.2669260129514055,
    "discovered_expr": "3.26888333333333*m1*m2/r2 - 3.26888333333333*m1*m2/r1",
    "holdout_mse": 12.584668907455177,
    "holdout_r2": 0.8858254594574447,
    "extrap_mse": 122.0767033271306,
    "extrap_r2": 0.8001301682939208,
    "hof_size": 2,
    "hof_exact_recoveries": 0,
    "hof_numerical_recoveries": 0
}
