/opt/anaconda3/lib/python3.12/site-packages/geppy/__init__.py:26: UserWarning: pkg_resources is deprecated as an API. See https://setuptools.pypa.io/en/latest/pkg_resources.html. The pkg_resources package is slated for removal as early as 2025-11-30. Refrain from using this package or pin to Setuptools<81.
  from pkg_resources import get_distribution, DistributionNotFound
hff library OK (test fitness: (0.1415394733244273,))
registry: ['circle_area', 'gravity', 'coulomb', 'pendulum', 'keplers3', 'ideal_gas', 'I_6_2a', 'I_6_2', 'I_6_2b', 'I_8_14', 'I_9_18', 'I_10_7', 'I_11_19', 'I_12_1', 'I_12_2', 'I_12_4', 'I_12_5', 'I_12_11', 'I_13_4', 'I_13_12', 'I_14_3', 'I_14_4', 'I_15_3x', 'I_15_3t', 'I_15_1', 'I_16_6', 'I_18_4', 'I_18_12', 'I_18_14', 'I_24_6', 'I_25_13', 'I_26_2', 'I_27_6', 'I_29_4', 'I_29_16', 'I_30_3', 'I_30_5', 'I_32_5', 'I_32_17', 'I_34_8', 'I_34_1', 'I_34_14', 'I_34_27', 'I_37_4', 'I_38_12', 'I_39_1', 'I_39_11', 'I_39_22', 'I_40_1', 'I_41_16', 'I_43_16', 'I_43_31', 'I_43_43', 'I_44_4', 'I_47_23', 'I_48_2', 'I_50_26', 'II_2_42', 'II_3_24', 'II_4_23', 'II_6_11', 'II_6_15a', 'II_6_15b', 'II_8_7', 'II_8_31', 'II_10_9', 'II_11_3', 'II_11_17', 'II_11_20', 'II_11_27', 'II_11_28', 'II_13_17', 'II_13_23', 'II_13_34', 'II_15_4', 'II_15_5', 'II_21_32', 'II_24_17', 'II_27_16', 'II_27_18', 'II_34_2a', 'II_34_2', 'II_34_11', 'II_34_29a', 'II_34_29b', 'II_35_18', 'II_35_21', 'II_36_38', 'II_37_1', 'II_38_3', 'II_38_14', 'III_4_32', 'III_4_33', 'III_7_38', 'III_8_54', 'III_9_52', 'III_10_19', 'III_12_43', 'III_13_18', 'III_14_14', 'III_15_12', 'III_15_14', 'III_15_27', 'III_17_37', 'III_19_51', 'III_21_20', 'test_1', 'test_2', 'test_3', 'test_4', 'test_5', 'test_6', 'test_7', 'test_8', 'test_9', 'test_10', 'test_11', 'test_12', 'test_13', 'test_14', 'test_15', 'test_16', 'test_17', 'test_18', 'test_19', 'test_20']
[feynman override] head_length=48 (keep n_genes=3, avgval linker)
Selected problem: I_16_6
  Description : Feynman I-III I.16.6: v1 = (u+v)/(1+u*v/c**2)
  Variables   : ['c', 'v', 'u']
  Train range : {'c': (1.0, 5.0), 'v': (1.0, 5.0), 'u': (1.0, 5.0)}
  Extrap range: {'c': (1.0, 7.5), 'v': (1.0, 7.5), 'u': (1.0, 7.5)}
  Truth       : (u+v)/(1+u*v/c**2)
  ✓ cache hit  (data/equations/I_16_6, key=d805983c268f4bb8)
  train           (800, 4)  target range=[0.4536, 4.941]
  val             (200, 4)  target range=[0.4582, 4.81]
  holdout         (200, 4)  target range=[0.6107, 4.92]
  extrapolation   (200, 4)  target range=[0.3263, 7.202]
  saved figure → data/figures/I_16_6/eda_pairplot.png
Wide primitive set enabled: sin, cos, exp, log added.
[E22 rules] variable pattern tags: {'lorentz_pair'}
[E22/23 rules] static candidate count: 7
[E22/23 rules] allowed to take a fitness slot (exact): 0
  [sum_sq_all/sum_sq] a=0.0566 b=1.1207e+00 1-R²_va=6.9584e-01
  [lorentz_factor/gamma(v)] a=-0.0000 b=3.3582e+00 1-R²_va=6.5733e-01
  [lorentz_factor/gamma(u)] a=-0.0000 b=3.3440e+00 1-R²_va=7.0647e-01
  [doppler_ratio/1/(1-v/c)] a=-0.0001 b=2.8644e+00 1-R²_va=1.0053e+00
  [doppler_ratio/1/(1+v/c)] a=4.4196 b=6.2267e-01 1-R²_va=5.6311e-01
  [doppler_ratio/1/(1-u/c)] a=-0.0003 b=2.8652e+00 1-R²_va=1.0065e+00
  [doppler_ratio/1/(1+u/c)] a=4.5709 b=5.1210e-01 1-R²_va=5.6246e-01
[fuller] denoise + snap IN THE JOIN (every gene, every generation, K=8); mutation operators: physics=0.2 concretize=0.05
Wrapper scope: per_island  (island → wrapper map: ['identity', 'identity'])
[wgpu] process pool disabled — Metal cannot survive fork(); the population is evaluated in one dispatch instead
Genes: head_length=48, n_genes=3, rnc_array_length=10
Population: (per-island, see below), elites: 2, generations: 400, migration FREQ: 30
  pump per-island sizes: intake=100 (tournsize=8), champion=50 (tournsize=5)
Initialising evolution at 2026-09-19 06:08:23.969297
 gen  deme   evals     min fitness          mse_tr          mse_va         max_err      mse_extrap  one_minus_r2_tr  one_minus_r2_va
   0     0     100    0.0115040627     0.162940634     0.119915316       1.6402625     0.450346678     0.132041083    0.0869908495
   0     1      50    0.0547747867     0.179167036     0.135174402      1.45332743     0.392104417     0.145190362     0.098060335
          wgpu 1d 354g 314c x3w 10ms | egraph 187g->164v+0snap 78ms | graft 67 (-202n, 0 snap) cpu 0 | f64 30 | gen 0.0s | dropped inexpr 2 oversz 0 unbuild 0 {}
Extending evolution: gen 1 → 400 (+400 generations)
   1     0     100    0.0111204372     0.164398274     0.118469848      1.56303616     0.627441034     0.133222301    0.0859422554
   1     1      50    0.0547747867     0.179167036     0.135174402      1.45332743     0.392104417     0.145190362     0.098060335
          wgpu 1d 106g 225c x3w 9ms | egraph 34g->79v+0snap 8ms | graft 22 (-84n, 0 snap) cpu 0 | f64 38 | gen 0.2s
   2     0     100    0.0111204372     0.164398274     0.118469848      1.56303616     0.627441034     0.133222301    0.0859422554
   2     1      50    0.0307807395     0.163214637     0.131563653      1.28556691     0.396095129     0.132263126    0.0954409682
          wgpu 1d 86g 236c x3w 6ms | egraph 26g->90v+0snap 6ms | graft 16 (-58n, 0 snap) cpu 0 | f64 20 | gen 0.1s
   3     0     100    0.0105784667      0.14074936     0.103446718      1.15565866     0.438722038     0.114058093    0.0750439404
   3     1      50    0.0141060107     0.158826646     0.133120835       1.2123432     0.381396451     0.128707259     0.096570604
          wgpu 1d 142g 252c x3w 4ms | egraph 51g->106v+0snap 12ms | graft 30 (-120n, 0 snap) cpu 0 | f64 20 | gen 0.2s
   4     0     100    0.0105784667      0.14074936     0.103446718      1.15565866     0.438722038     0.114058093    0.0750439404
   4     1      50    0.0141060107     0.158826646     0.133120835       1.2123432     0.381396451     0.128707259     0.096570604
          wgpu 1d 113g 225c x3w 3ms | egraph 42g->79v+0snap 8ms | graft 22 (-75n, 0 snap) cpu 0 | f64 27 | gen 0.2s | dropped inexpr 2 oversz 0 unbuild 0 {}
   5     0     100   0.00110972321      0.14074936     0.103446718      1.15565866     0.438722038     0.114058093    0.0750439404
   5     1      50   0.00489106081     0.147949109     0.104778956      1.19294998     0.396751563     0.119892505    0.0760103933
          wgpu 1d 104g 230c x3w 3ms | egraph 43g->84v+0snap 8ms | graft 19 (-69n, 0 snap) cpu 0 | f64 40 | gen 0.2s
   6     0     100   0.00110972321     0.140749353     0.103446714      1.15565866      0.43872203     0.114058088    0.0750439374
   6     1      50   0.00489106081     0.147949109     0.104778956      1.19294998     0.396751563     0.119892505    0.0760103933
          wgpu 1d 128g 228c x3w 4ms | egraph 45g->82v+0snap 11ms | graft 25 (-133n, 0 snap) cpu 0 | f64 20 | gen 0.2s
   7     0     100   0.00110972321     0.140749353     0.103446714      1.15565866      0.43872203     0.114058088    0.0750439374
   7     1      50   0.00489106081     0.147949109     0.104778956      1.19294998     0.396751563     0.119892505    0.0760103933
          wgpu 1d 99g 188c x3w 3ms | egraph 40g->42v+0snap 63ms | graft 14 (-56n, 0 snap) cpu 0 | f64 20 | gen 0.2s | dropped inexpr 1 oversz 0 unbuild 0 {}
   8     0     100   0.00110972321     0.140749353     0.103446714      1.15565866      0.43872203     0.114058088    0.0750439374
   8     1      50   0.00489106081     0.147949109     0.104778956      1.19294998     0.396751563     0.119892505    0.0760103933
          wgpu 1d 87g 181c x3w 3ms | egraph 29g->35v+0snap 6ms | graft 18 (-36n, 0 snap) cpu 0 | f64 20 | gen 0.2s
   9     0     100   0.00110972321     0.140749353     0.103446714      1.15565866      0.43872203     0.114058088    0.0750439374
   9     1      50   0.00489106081     0.147949109     0.104778956      1.19294998     0.396751563     0.119892505    0.0760103933
          wgpu 1d 93g 183c x3w 3ms | egraph 31g->37v+0snap 6ms | graft 12 (-22n, 0 snap) cpu 0 | f64 20 | gen 0.1s
  10     0     100   0.00110972321     0.140749353     0.103446714      1.15565866      0.43872203     0.114058088    0.0750439374
  10     1      50   0.00489106081     0.147949109     0.104778956      1.19294998     0.396751563     0.119892505    0.0760103933
          wgpu 1d 83g 187c x3w 3ms | egraph 29g->41v+0snap 6ms | graft 17 (-55n, 0 snap) cpu 0 | f64 20 | gen 0.3s | dropped inexpr 1 oversz 0 unbuild 0 {}
--------- pump migration: intra (promote-2 + intake-reset) ---------
  11     0     100  0.000980495679      0.14074936     0.103446718      1.15565866     0.438722038     0.114058093    0.0750439404
  11     1      50   0.00110972321     0.140749353     0.103446714      1.15565866      0.43872203     0.114058088    0.0750439374
          wgpu 2d 326g 384c x3w 8ms | egraph 115g->158v+0snap 25ms | graft 56 (-142n, 0 snap) cpu 0 | f64 50 | gen 0.2s | dropped inexpr 5 oversz 0 unbuild 0 {}
  12     0     100  0.000980495679     0.140749353     0.103446714      1.15565866      0.43872203     0.114058088    0.0750439374
  12     1      50   0.00110972321     0.140749353     0.103446714      1.15565866      0.43872203     0.114058088    0.0750439374
          wgpu 1d 69g 180c x3w 3ms | egraph 19g->34v+0snap 4ms | graft 17 (-41n, 0 snap) cpu 0 | f64 20 | gen 0.2s | dropped inexpr 3 oversz 0 unbuild 0 {}
  13     0     100  0.000980495679      0.14074936     0.103446718      1.15565866     0.438722038     0.114058093    0.0750439404
  13     1      50   0.00110972321     0.140749353     0.103446714      1.15565866      0.43872203     0.114058088    0.0750439374
          wgpu 1d 63g 181c x3w 3ms | egraph 12g->35v+0snap 5ms | graft 11 (-19n, 0 snap) cpu 0 | f64 20 | gen 0.2s | dropped inexpr 4 oversz 0 unbuild 0 {}
  14     0     100  0.000980495679      0.14074936     0.103446718      1.15565866     0.438722038     0.114058093    0.0750439404
  14     1      50  1.73728752e-05      0.14074936     0.103446718      1.15565866     0.438722038     0.114058093    0.0750439404
          wgpu 1d 73g 188c x3w 3ms | egraph 22g->42v+0snap 5ms | graft 18 (-39n, 0 snap) cpu 0 | f64 28 | gen 0.3s | dropped inexpr 2 oversz 0 unbuild 0 {}
  15     0     100  1.73967531e-05      0.14074936     0.103446718      1.15565866     0.438722038     0.114058093    0.0750439404
  15     1      50  1.73728752e-05     0.140749353     0.103446714      1.15565866      0.43872203     0.114058088    0.0750439374
          wgpu 1d 63g 183c x3w 3ms | egraph 16g->37v+0snap 5ms | graft 12 (-27n, 0 snap) cpu 0 | f64 22 | gen 0.2s | dropped inexpr 1 oversz 0 unbuild 0 {}
  16     0     100  1.73967531e-05     0.140749353     0.103446714      1.15565866      0.43872203     0.114058088    0.0750439374
  16     1      50  1.73728752e-05     0.140749353     0.103446714      1.15565866      0.43872203     0.114058088    0.0750439374
          wgpu 1d 70g 184c x3w 12ms | egraph 24g->38v+0snap 12ms | graft 22 (-40n, 0 snap) cpu 0 | f64 20 | gen 0.3s | dropped inexpr 3 oversz 0 unbuild 0 {}
  17     0     100  1.73967531e-05     0.140749353     0.103446714      1.15565866      0.43872203     0.114058088    0.0750439374
  17     1      50  1.73728752e-05     0.140749353     0.103446714      1.15565866      0.43872203     0.114058088    0.0750439374
          wgpu 1d 83g 202c x3w 8ms | egraph 25g->56v+0snap 7ms | graft 20 (-51n, 0 snap) cpu 0 | f64 20 | gen 0.2s | dropped inexpr 3 oversz 0 unbuild 0 {}
  18     0     100  1.73967531e-05     0.140749353     0.103446714      1.15565866      0.43872203     0.114058088    0.0750439374
  18     1      50  1.73728752e-05     0.140749353     0.103446714      1.15565866      0.43872203     0.114058088    0.0750439374
          wgpu 1d 52g 166c x3w 3ms | egraph 17g->20v+0snap 4ms | graft 8 (-17n, 0 snap) cpu 0 | f64 20 | gen 0.2s | dropped inexpr 2 oversz 0 unbuild 0 {}
  19     0     100  1.73967531e-05     0.140749353     0.103446714      1.15565866      0.43872203     0.114058088    0.0750439374
  19     1      50  1.73728752e-05     0.140749353     0.103446714      1.15565866      0.43872203     0.114058088    0.0750439374
          wgpu 1d 57g 180c x3w 3ms | egraph 13g->34v+0snap 4ms | graft 10 (-20n, 0 snap) cpu 0 | f64 20 | gen 0.2s | dropped inexpr 2 oversz 0 unbuild 0 {}
  20     0     100  1.73967531e-05     0.140749353     0.103446714      1.15565866      0.43872203     0.114058088    0.0750439374
  20     1      50  1.73728752e-05     0.140749353     0.103446714      1.15565866      0.43872203     0.114058088    0.0750439374
          wgpu 1d 60g 174c x3w 3ms | egraph 18g->28v+0snap 4ms | graft 14 (-30n, 0 snap) cpu 0 | f64 20 | gen 0.2s | dropped inexpr 1 oversz 0 unbuild 0 {}
--------- pump migration: intra (promote-2 + intake-reset) ---------
  21     0     100               0      0.14074936     0.103446718      1.15565866     0.438722038     0.114058093    0.0750439404
  21     1      50  1.73728752e-05     0.140749353     0.103446714      1.15565866      0.43872203     0.114058088    0.0750439374
          wgpu 2d 342g 401c x3w 22ms | egraph 123g->175v+0snap 26ms | graft 64 (-167n, 0 snap) cpu 0 | f64 49 | gen 0.3s | dropped inexpr 8 oversz 0 unbuild 0 {}
  22     0     100               0      0.14074936     0.103446718      1.15565866     0.438722038     0.114058093    0.0750439404
  22     1      50  1.73728752e-05     0.140749353     0.103446714      1.15565866      0.43872203     0.114058088    0.0750439374
          wgpu 1d 68g 184c x3w 5ms | egraph 17g->38v+0snap 4ms | graft 16 (-27n, 0 snap) cpu 0 | f64 20 | gen 0.2s | dropped inexpr 3 oversz 0 unbuild 0 {}
  23     0     100               0     0.140749353     0.103446714      1.15565866      0.43872203     0.114058088    0.0750439374
  23     1      50  1.73728752e-05     0.140749353     0.103446714      1.15565866      0.43872203     0.114058088    0.0750439374
          wgpu 1d 76g 198c x3w 3ms | egraph 19g->52v+0snap 4ms | graft 16 (-36n, 0 snap) cpu 0 | f64 20 | gen 0.2s | dropped inexpr 9 oversz 0 unbuild 0 {}
  24     0     100               0     0.140749353     0.103446714      1.15565866      0.43872203     0.114058088    0.0750439374
  24     1      50  1.73728752e-05     0.140749353     0.103446714      1.15565866      0.43872203     0.114058088    0.0750439374
          wgpu 1d 74g 204c x3w 3ms | egraph 17g->58v+0snap 4ms | graft 15 (-48n, 0 snap) cpu 0 | f64 20 | gen 0.2s | dropped inexpr 4 oversz 0 unbuild 0 {}
  25     0     100               0     0.140749353     0.103446714      1.15565866      0.43872203     0.114058088    0.0750439374
  25     1      50  1.73728752e-05     0.140749353     0.103446714      1.15565866      0.43872203     0.114058088    0.0750439374
          wgpu 1d 51g 180c x3w 3ms | egraph 11g->34v+0snap 3ms | graft 9 (-38n, 0 snap) cpu 0 | f64 20 | gen 0.2s | dropped inexpr 6 oversz 0 unbuild 0 {}
  26     0     100               0     0.140749353     0.103446714      1.15565866      0.43872203     0.114058088    0.0750439374
  26     1      50  1.73728752e-05     0.140749353     0.103446714      1.15565866      0.43872203     0.114058088    0.0750439374
          wgpu 1d 55g 178c x3w 3ms | egraph 10g->32v+0snap 3ms | graft 10 (-30n, 0 snap) cpu 0 | f64 20 | gen 0.2s | dropped inexpr 3 oversz 0 unbuild 0 {}
  27     0     100               0     0.140749353     0.103446714      1.15565866      0.43872203     0.114058088    0.0750439374
  27     1      50  1.73728752e-05     0.140749353     0.103446714      1.15565866      0.43872203     0.114058088    0.0750439374
          wgpu 1d 78g 198c x3w 9ms | egraph 15g->52v+0snap 6ms | graft 19 (-47n, 0 snap) cpu 0 | f64 20 | gen 0.2s | dropped inexpr 5 oversz 0 unbuild 0 {}
  28     0     100               0     0.140749353     0.103446714      1.15565866      0.43872203     0.114058088    0.0750439374
  28     1      50  1.73728752e-05     0.140749353     0.103446714      1.15565866      0.43872203     0.114058088    0.0750439374
          wgpu 1d 62g 192c x3w 3ms | egraph 10g->46v+0snap 3ms | graft 13 (-22n, 0 snap) cpu 0 | f64 20 | gen 0.2s | dropped inexpr 3 oversz 0 unbuild 0 {}
  29     0     100               0     0.140749353     0.103446714      1.15565866      0.43872203     0.114058088    0.0750439374
  29     1      50  1.73728752e-05     0.140749353     0.103446714      1.15565866      0.43872203     0.114058088    0.0750439374
          wgpu 1d 67g 205c x3w 3ms | egraph 12g->59v+0snap 3ms | graft 11 (-29n, 0 snap) cpu 0 | f64 20 | gen 0.2s | dropped inexpr 4 oversz 0 unbuild 0 {}
  30     0     100               0     0.140749353     0.103446714      1.15565866      0.43872203     0.114058088    0.0750439374
  30     1      50  1.73728752e-05     0.140749353     0.103446714      1.15565866      0.43872203     0.114058088    0.0750439374
          wgpu 1d 77g 209c x3w 3ms | egraph 21g->63v+0snap 6ms | graft 17 (-45n, 0 snap) cpu 0 | f64 20 | gen 0.2s | dropped inexpr 6 oversz 0 unbuild 0 {}
--------- pump migration: intra (promote-2 + intake-reset) ---------
  31     0     100               0     0.140749353     0.103446714      1.15565866      0.43872203     0.114058088    0.0750439374
  31     1      50               0     0.140749353     0.103446714      1.15565866      0.43872203     0.114058088    0.0750439374
          wgpu 2d 298g 405c x3w 7ms | egraph 101g->179v+0snap 31ms | graft 50 (-139n, 0 snap) cpu 0 | f64 30 | gen 0.2s | dropped inexpr 7 oversz 0 unbuild 0 {}
  32     0     100               0     0.140749353     0.103446714      1.15565866      0.43872203     0.114058088    0.0750439374
  32     1      50               0     0.140749353     0.103446714      1.15565866      0.43872203     0.114058088    0.0750439374
          wgpu 1d 74g 188c x3w 3ms | egraph 9g->42v+0snap 4ms | graft 16 (-47n, 0 snap) cpu 0 | f64 20 | gen 0.2s | dropped inexpr 7 oversz 0 unbuild 0 {}
  33     0     100               0     0.140749353     0.103446714      1.15565866      0.43872203     0.114058088    0.0750439374
  33     1      50               0     0.140749353     0.103446714      1.15565866      0.43872203     0.114058088    0.0750439374
          wgpu 1d 52g 203c x3w 5ms | egraph 10g->57v+0snap 3ms | graft 10 (-35n, 0 snap) cpu 0 | f64 20 | gen 0.2s | dropped inexpr 5 oversz 0 unbuild 0 {}
  34     0     100               0     0.140749353     0.103446714      1.15565866      0.43872203     0.114058088    0.0750439374
  34     1      50               0     0.140749353     0.103446714      1.15565866      0.43872203     0.114058088    0.0750439374
          wgpu 1d 65g 221c x3w 3ms | egraph 11g->75v+0snap 3ms | graft 19 (-40n, 0 snap) cpu 0 | f64 20 | gen 0.2s | dropped inexpr 3 oversz 0 unbuild 0 {}
  35     0     100               0     0.140749353     0.103446714      1.15565866      0.43872203     0.114058088    0.0750439374
  35     1      50               0     0.140749353     0.103446714      1.15565866      0.43872203     0.114058088    0.0750439374
          wgpu 1d 56g 178c x3w 3ms | egraph 7g->32v+0snap 2ms | graft 7 (-12n, 0 snap) cpu 0 | f64 20 | gen 0.2s | dropped inexpr 2 oversz 0 unbuild 0 {}
  36     0     100               0     0.140749353     0.103446714      1.15565866      0.43872203     0.114058088    0.0750439374
  36     1      50               0     0.140749353     0.103446714      1.15565866      0.43872203     0.114058088    0.0750439374
          wgpu 1d 64g 185c x3w 3ms | egraph 12g->39v+0snap 4ms | graft 11 (-28n, 0 snap) cpu 0 | f64 20 | gen 0.2s | dropped inexpr 5 oversz 0 unbuild 0 {}
  37     0     100               0     0.140749353     0.103446714      1.15565866      0.43872203     0.114058088    0.0750439374
  37     1      50               0     0.140749353     0.103446714      1.15565866      0.43872203     0.114058088    0.0750439374
          wgpu 1d 78g 195c x3w 7ms | egraph 16g->49v+0snap 4ms | graft 11 (-22n, 0 snap) cpu 0 | f64 20 | gen 0.2s | dropped inexpr 8 oversz 0 unbuild 0 {}
  38     0     100               0     0.140749353     0.103446714      1.15565866      0.43872203     0.114058088    0.0750439374
  38     1      50               0     0.140749353     0.103446714      1.15565866      0.43872203     0.114058088    0.0750439374
          wgpu 1d 75g 185c x3w 3ms | egraph 18g->39v+0snap 14ms | graft 11 (-20n, 0 snap) cpu 0 | f64 20 | gen 0.2s | dropped inexpr 5 oversz 0 unbuild 0 {}
  39     0     100               0     0.140749353     0.103446714      1.15565866      0.43872203     0.114058088    0.0750439374
  39     1      50               0     0.140749353     0.103446714      1.15565866      0.43872203     0.114058088    0.0750439374
          wgpu 1d 55g 184c x3w 4ms | egraph 11g->38v+0snap 3ms | graft 11 (-30n, 0 snap) cpu 0 | f64 20 | gen 0.2s | dropped inexpr 6 oversz 0 unbuild 0 {}
  40     0     100               0     0.140749353     0.103446714      1.15565866      0.43872203     0.114058088    0.0750439374
  40     1      50               0     0.140749353     0.103446714      1.15565866      0.43872203     0.114058088    0.0750439374
          wgpu 1d 64g 182c x3w 3ms | egraph 14g->36v+0snap 3ms | graft 13 (-29n, 0 snap) cpu 0 | f64 20 | gen 0.2s | dropped inexpr 6 oversz 0 unbuild 0 {}
--------- pump migration: intra (promote-2 + intake-reset) ---------
  41     0     100               0     0.140749353     0.103446714      1.15565866      0.43872203     0.114058088    0.0750439374
  41     1      50               0     0.140749353     0.103446714      1.15565866      0.43872203     0.114058088    0.0750439374
          wgpu 2d 288g 375c x3w 7ms | egraph 93g->149v+0snap 22ms | graft 58 (-157n, 0 snap) cpu 0 | f64 30 | gen 0.2s | dropped inexpr 9 oversz 0 unbuild 0 {}
  42     0     100               0     0.140749353     0.103446714      1.15565866      0.43872203     0.114058088    0.0750439374
  42     1      50               0     0.140749353     0.103446714      1.15565866      0.43872203     0.114058088    0.0750439374
          wgpu 1d 89g 209c x3w 3ms | egraph 21g->63v+0snap 5ms | graft 17 (-36n, 0 snap) cpu 0 | f64 20 | gen 0.2s | dropped inexpr 6 oversz 0 unbuild 0 {}
  43     0     100               0     0.140749353     0.103446714      1.15565866      0.43872203     0.114058088    0.0750439374
  43     1      50               0     0.140749353     0.103446714      1.15565866      0.43872203     0.114058088    0.0750439374
          wgpu 1d 104g 219c x3w 3ms | egraph 23g->73v+0snap 5ms | graft 20 (-53n, 0 snap) cpu 0 | f64 20 | gen 0.2s | dropped inexpr 7 oversz 0 unbuild 0 {}
  44     0     100               0     0.140749353     0.103446714      1.15565866      0.43872203     0.114058088    0.0750439374
  44     1      50               0     0.140749353     0.103446714      1.15565866      0.43872203     0.114058088    0.0750439374
          wgpu 1d 68g 196c x3w 3ms | egraph 9g->50v+0snap 3ms | graft 14 (-31n, 0 snap) cpu 0 | f64 20 | gen 0.2s | dropped inexpr 2 oversz 0 unbuild 0 {}
  45     0     100               0     0.140749353     0.103446714      1.15565866      0.43872203     0.114058088    0.0750439374
  45     1      50               0     0.140749353     0.103446714      1.15565866      0.43872203     0.114058088    0.0750439374
          wgpu 1d 123g 244c x3w 4ms | egraph 33g->98v+0snap 8ms | graft 25 (-63n, 0 snap) cpu 0 | f64 20 | gen 0.2s | dropped inexpr 12 oversz 0 unbuild 0 {}
  46     0     100               0     0.140749353     0.103446714      1.15565866      0.43872203     0.114058088    0.0750439374
  46     1      50               0     0.140749353     0.103446714      1.15565866      0.43872203     0.114058088    0.0750439374
          wgpu 1d 80g 199c x3w 3ms | egraph 16g->53v+0snap 5ms | graft 10 (-22n, 0 snap) cpu 0 | f64 20 | gen 0.2s | dropped inexpr 2 oversz 0 unbuild 0 {}
  47     0     100               0     0.140749353     0.103446714      1.15565866      0.43872203     0.114058088    0.0750439374
  47     1      50               0     0.140749353     0.103446714      1.15565866      0.43872203     0.114058088    0.0750439374
          wgpu 1d 74g 198c x3w 5ms | egraph 17g->52v+0snap 11ms | graft 11 (-33n, 0 snap) cpu 0 | f64 20 | gen 0.2s | dropped inexpr 4 oversz 0 unbuild 0 {}
  48     0     100               0     0.140749353     0.103446714      1.15565866      0.43872203     0.114058088    0.0750439374
  48     1      50               0     0.140749353     0.103446714      1.15565866      0.43872203     0.114058088    0.0750439374
          wgpu 1d 89g 211c x3w 10ms | egraph 18g->65v+0snap 10ms | graft 16 (-33n, 0 snap) cpu 0 | f64 20 | gen 0.2s | dropped inexpr 2 oversz 0 unbuild 0 {}
  49     0     100               0     0.140749353     0.103446714      1.15565866      0.43872203     0.114058088    0.0750439374
  49     1      50               0     0.140749353     0.103446714      1.15565866      0.43872203     0.114058088    0.0750439374
          wgpu 1d 77g 193c x3w 7ms | egraph 12g->47v+0snap 4ms | graft 17 (-33n, 0 snap) cpu 0 | f64 20 | gen 0.2s | dropped inexpr 4 oversz 0 unbuild 0 {}
  50     0     100               0     0.140749353     0.103446714      1.15565866      0.43872203     0.114058088    0.0750439374
  50     1      50               0     0.140749353     0.103446714      1.15565866      0.43872203     0.114058088    0.0750439374
          wgpu 1d 93g 199c x3w 4ms | egraph 20g->53v+0snap 8ms | graft 19 (-62n, 0 snap) cpu 0 | f64 20 | gen 0.2s | dropped inexpr 7 oversz 0 unbuild 0 {}
--------- pump migration: intra (promote-2 + intake-reset) ---------
  51     0     100               0     0.140749353     0.103446714      1.15565866      0.43872203     0.114058088    0.0750439374
  51     1      50               0     0.140749353     0.103446714      1.15565866      0.43872203     0.114058088    0.0750439374
          wgpu 2d 257g 343c x3w 7ms | egraph 74g->117v+0snap 28ms | graft 45 (-137n, 0 snap) cpu 0 | f64 30 | gen 0.2s | dropped inexpr 3 oversz 0 unbuild 0 {}
  52     0     100               0     0.140749353     0.103446714      1.15565866      0.43872203     0.114058088    0.0750439374
  52     1      50               0     0.140749353     0.103446714      1.15565866      0.43872203     0.114058088    0.0750439374
          wgpu 1d 82g 208c x3w 3ms | egraph 17g->62v+0snap 4ms | graft 14 (-37n, 0 snap) cpu 0 | f64 20 | gen 0.3s | dropped inexpr 3 oversz 0 unbuild 0 {}
  53     0     100               0     0.140749353     0.103446714      1.15565866      0.43872203     0.114058088    0.0750439374
  53     1      50               0     0.140749353     0.103446714      1.15565866      0.43872203     0.114058088    0.0750439374
          wgpu 1d 74g 201c x3w 5ms | egraph 14g->55v+0snap 4ms | graft 10 (-38n, 0 snap) cpu 0 | f64 20 | gen 0.2s | dropped inexpr 3 oversz 0 unbuild 0 {}
  54     0     100               0     0.140749353     0.103446714      1.15565866      0.43872203     0.114058088    0.0750439374
  54     1      50               0     0.140749353     0.103446714      1.15565866      0.43872203     0.114058088    0.0750439374
          wgpu 1d 77g 215c x3w 3ms | egraph 21g->69v+0snap 8ms | graft 20 (-49n, 0 snap) cpu 0 | f64 20 | gen 0.2s | dropped inexpr 6 oversz 0 unbuild 0 {}
  55     0     100               0     0.140749353     0.103446714      1.15565866      0.43872203     0.114058088    0.0750439374
  55     1      50               0     0.140749353     0.103446714      1.15565866      0.43872203     0.114058088    0.0750439374
          wgpu 1d 100g 219c x3w 4ms | egraph 24g->73v+0snap 9ms | graft 18 (-47n, 0 snap) cpu 0 | f64 20 | gen 0.2s
  56     0     100               0     0.140749353     0.103446714      1.15565866      0.43872203     0.114058088    0.0750439374
  56     1      50               0     0.140749353     0.103446714      1.15565866      0.43872203     0.114058088    0.0750439374
          wgpu 1d 113g 220c x3w 4ms | egraph 29g->74v+0snap 8ms | graft 18 (-53n, 0 snap) cpu 0 | f64 20 | gen 0.2s | dropped inexpr 6 oversz 0 unbuild 0 {}
  57     0     100               0     0.140749353     0.103446714      1.15565866      0.43872203     0.114058088    0.0750439374
  57     1      50               0     0.140749353     0.103446714      1.15565866      0.43872203     0.114058088    0.0750439374
          wgpu 1d 97g 236c x3w 3ms | egraph 18g->90v+0snap 6ms | graft 12 (-83n, 0 snap) cpu 0 | f64 20 | gen 0.5s | dropped inexpr 3 oversz 0 unbuild 0 {}
  58     0     100               0     0.140749353     0.103446714      1.15565866      0.43872203     0.114058088    0.0750439374
  58     1      50               0     0.140749353     0.103446714      1.15565866      0.43872203     0.114058088    0.0750439374
          wgpu 1d 81g 207c x3w 14ms | egraph 14g->61v+0snap 4ms | graft 20 (-39n, 0 snap) cpu 0 | f64 20 | gen 0.2s | dropped inexpr 5 oversz 0 unbuild 0 {}
  59     0     100               0     0.140749353     0.103446714      1.15565866      0.43872203     0.114058088    0.0750439374
  59     1      50               0     0.140749353     0.103446714      1.15565866      0.43872203     0.114058088    0.0750439374
          wgpu 1d 95g 209c x3w 3ms | egraph 20g->63v+0snap 9ms | graft 13 (-24n, 0 snap) cpu 0 | f64 20 | gen 0.2s | dropped inexpr 3 oversz 0 unbuild 0 {}
  60     0     100               0     0.140749353     0.103446714      1.15565866      0.43872203     0.114058088    0.0750439374
  60     1      50               0     0.140749353     0.103446714      1.15565866      0.43872203     0.114058088    0.0750439374
          wgpu 1d 104g 211c x3w 4ms | egraph 14g->65v+0snap 4ms | graft 21 (-44n, 0 snap) cpu 0 | f64 20 | gen 0.2s | dropped inexpr 4 oversz 0 unbuild 0 {}
--------- pump migration: intra (promote-2 + intake-reset) + cross ---------
  61     0     100               0     0.140749353     0.103446714      1.15565866      0.43872203     0.114058088    0.0750439374
  61     1      50               0     0.140749353     0.103446714      1.15565866      0.43872203     0.114058088    0.0750439374
          wgpu 2d 325g 412c x3w 8ms | egraph 106g->186v+0snap 26ms | graft 49 (-214n, 0 snap) cpu 0 | f64 30 | gen 0.2s | dropped inexpr 3 oversz 0 unbuild 0 {}
  62     0     100               0     0.140749353     0.103446714      1.15565866      0.43872203     0.114058088    0.0750439374
  62     1      50               0     0.140749353     0.103446714      1.15565866      0.43872203     0.114058088    0.0750439374
          wgpu 1d 103g 233c x3w 4ms | egraph 24g->87v+0snap 26ms | graft 16 (-61n, 0 snap) cpu 0 | f64 20 | gen 0.2s
  63     0     100               0    0.0878578601    0.0592768163     0.971081235     0.344696738    0.0711967711    0.0430015177
  63     1      50               0     0.140749353     0.103446714      1.15565866      0.43872203     0.114058088    0.0750439374
          wgpu 1d 144g 271c x3w 4ms | egraph 44g->125v+0snap 11ms | graft 17 (-39n, 0 snap) cpu 0 | f64 20 | gen 0.2s | dropped inexpr 3 oversz 0 unbuild 0 {}
  64     0     100               0    0.0878578601    0.0592768163     0.971081235     0.344696738    0.0711967711    0.0430015177
  64     1      50               0     0.140749353     0.103446714      1.15565866      0.43872203     0.114058088    0.0750439374
          wgpu 1d 151g 282c x3w 4ms | egraph 42g->136v+0snap 17ms | graft 25 (-84n, 0 snap) cpu 0 | f64 20 | gen 0.2s | dropped inexpr 3 oversz 0 unbuild 0 {}
  65     0     100               0    0.0878578601    0.0592768163     0.971081235     0.344696738    0.0711967711    0.0430015177
  65     1      50               0     0.140749353     0.103446714      1.15565866      0.43872203     0.114058088    0.0750439374
          wgpu 1d 133g 267c x3w 4ms | egraph 32g->121v+0snap 7ms | graft 23 (-50n, 0 snap) cpu 0 | f64 20 | gen 0.2s
  66     0     100               0    0.0878578601    0.0592768163     0.971081235     0.344696738    0.0711967711    0.0430015177
  66     1      50               0     0.140749353     0.103446714      1.15565866      0.43872203     0.114058088    0.0750439374
          wgpu 1d 154g 284c x3w 19ms | egraph 35g->138v+0snap 10ms | graft 27 (-63n, 0 snap) cpu 0 | f64 20 | gen 0.2s | dropped inexpr 3 oversz 0 unbuild 0 {}
  67     0     100               0    0.0878578601    0.0592768163     0.971081235     0.344696738    0.0711967711    0.0430015177
  67     1      50               0     0.140749353     0.103446714      1.15565866      0.43872203     0.114058088    0.0750439374
          wgpu 1d 141g 277c x3w 4ms | egraph 33g->131v+0snap 9ms | graft 22 (-51n, 0 snap) cpu 0 | f64 20 | gen 0.2s | dropped inexpr 3 oversz 0 unbuild 0 {}
  68     0     100               0    0.0878578601    0.0592768163     0.971081235     0.344696738    0.0711967711    0.0430015177
  68     1      50               0     0.140749353     0.103446714      1.15565866      0.43872203     0.114058088    0.0750439374
          wgpu 1d 134g 279c x3w 4ms | egraph 22g->133v+0snap 11ms | graft 23 (-92n, 0 snap) cpu 0 | f64 20 | gen 0.2s | dropped inexpr 3 oversz 0 unbuild 0 {}
  69     0     100               0    0.0878578601    0.0592768163     0.971081235     0.344696738    0.0711967711    0.0430015177
  69     1      50               0     0.140749353     0.103446714      1.15565866      0.43872203     0.114058088    0.0750439374
          wgpu 1d 153g 283c x3w 6ms | egraph 27g->137v+0snap 11ms | graft 25 (-71n, 0 snap) cpu 0 | f64 20 | gen 0.2s | dropped inexpr 1 oversz 0 unbuild 0 {}
  70     0     100               0    0.0878578601    0.0592768163     0.971081235     0.344696738    0.0711967711    0.0430015177
  70     1      50               0     0.140749353     0.103446714      1.15565866      0.43872203     0.114058088    0.0750439374
          wgpu 1d 150g 269c x3w 4ms | egraph 27g->123v+0snap 59ms | graft 22 (-67n, 0 snap) cpu 0 | f64 20 | gen 0.3s | dropped inexpr 5 oversz 0 unbuild 0 {}
--------- pump migration: intra (promote-2 + intake-reset) ---------
  71     0     100               0    0.0878578601    0.0592768163     0.971081235     0.344696738    0.0711967711    0.0430015177
  71     1      50               0    0.0878578601    0.0592768163     0.971081235     0.344696738    0.0711967711    0.0430015177
          wgpu 2d 327g 443c x3w 8ms | egraph 91g->217v+0snap 35ms | graft 56 (-183n, 0 snap) cpu 0 | f64 30 | gen 0.4s | dropped inexpr 7 oversz 0 unbuild 0 {}
  72     0     100               0    0.0878578601    0.0592768163     0.971081235     0.344696738    0.0711967711    0.0430015177
  72     1      50               0     0.140749353     0.103446714      1.15565866      0.43872203     0.114058088    0.0750439374
          wgpu 1d 168g 302c x3w 4ms | egraph 29g->156v+0snap 9ms | graft 32 (-110n, 0 snap) cpu 0 | f64 20 | gen 0.2s | dropped inexpr 2 oversz 0 unbuild 0 {}
  73     0     100               0    0.0878578601    0.0592768163     0.971081235     0.344696738    0.0711967711    0.0430015177
  73     1      50               0     0.140749353     0.103446714      1.15565866      0.43872203     0.114058088    0.0750439374
          wgpu 1d 137g 280c x3w 4ms | egraph 22g->134v+0snap 17ms | graft 24 (-73n, 0 snap) cpu 0 | f64 20 | gen 0.2s | dropped inexpr 2 oversz 0 unbuild 0 {}
  74     0     100               0    0.0878578601    0.0592768163     0.971081235     0.344696738    0.0711967711    0.0430015177
  74     1      50               0     0.140749353     0.103446714      1.15565866      0.43872203     0.114058088    0.0750439374
          wgpu 1d 137g 288c x3w 4ms | egraph 25g->142v+0snap 11ms | graft 27 (-81n, 0 snap) cpu 0 | f64 20 | gen 0.2s
  75     0     100               0    0.0878578601    0.0592768163     0.971081235     0.344696738    0.0711967711    0.0430015177
  75     1      50               0     0.140749353     0.103446714      1.15565866      0.43872203     0.114058088    0.0750439374
          wgpu 1d 135g 287c x3w 4ms | egraph 22g->141v+0snap 9ms | graft 22 (-46n, 0 snap) cpu 0 | f64 20 | gen 0.2s | dropped inexpr 3 oversz 0 unbuild 0 {}
  76     0     100               0    0.0878578601    0.0592768163     0.971081235     0.344696738    0.0711967711    0.0430015177
  76     1      50               0    0.0878578601    0.0592768163     0.971081235     0.344696738    0.0711967711    0.0430015177
          wgpu 1d 147g 294c x3w 4ms | egraph 23g->148v+0snap 20ms | graft 25 (-95n, 0 snap) cpu 0 | f64 20 | gen 0.2s | dropped inexpr 5 oversz 0 unbuild 0 {}
  77     0     100               0    0.0878578601    0.0592768163     0.971081235     0.344696738    0.0711967711    0.0430015177
  77     1      50               0    0.0878578601    0.0592768163     0.971081235     0.344696738    0.0711967711    0.0430015177
          wgpu 1d 159g 303c x3w 4ms | egraph 22g->157v+0snap 6ms | graft 25 (-57n, 0 snap) cpu 0 | f64 20 | gen 0.2s | dropped inexpr 2 oversz 0 unbuild 0 {}
  78     0     100               0    0.0878578601    0.0592768163     0.971081235     0.344696738    0.0711967711    0.0430015177
  78     1      50               0    0.0878578601    0.0592768163     0.971081235     0.344696738    0.0711967711    0.0430015177
          wgpu 1d 174g 324c x3w 4ms | egraph 33g->178v+0snap 12ms | graft 26 (-77n, 0 snap) cpu 0 | f64 20 | gen 0.2s | dropped inexpr 2 oversz 0 unbuild 0 {}
  79     0     100               0    0.0878578601    0.0592768163     0.971081235     0.344696738    0.0711967711    0.0430015177
  79     1      50               0    0.0878578601    0.0592768163     0.971081235     0.344696738    0.0711967711    0.0430015177
          wgpu 1d 167g 314c x3w 5ms | egraph 33g->168v+0snap 17ms | graft 24 (-106n, 0 snap) cpu 0 | f64 20 | gen 0.2s | dropped inexpr 7 oversz 0 unbuild 0 {}
  80     0     100               0    0.0878578601    0.0592768163     0.971081235     0.344696738    0.0711967711    0.0430015177
  80     1      50               0    0.0878578601    0.0592768163     0.971081235     0.344696738    0.0711967711    0.0430015177
          wgpu 1d 146g 313c x3w 4ms | egraph 20g->167v+0snap 20ms | graft 28 (-92n, 0 snap) cpu 0 | f64 20 | gen 0.3s | dropped inexpr 5 oversz 0 unbuild 0 {}
--------- pump migration: intra (promote-2 + intake-reset) ---------
  81     0     100               0    0.0878578601    0.0592768163     0.971081235     0.344696738    0.0711967711    0.0430015177
  81     1      50               0    0.0878578601    0.0592768163     0.971081235     0.344696738    0.0711967711    0.0430015177
          wgpu 2d 431g 511c x3w 9ms | egraph 112g->285v+0snap 34ms | graft 74 (-227n, 0 snap) cpu 0 | f64 30 | gen 0.2s | dropped inexpr 8 oversz 0 unbuild 0 {}
  82     0     100               0    0.0878578601    0.0592768163     0.971081235     0.344696738    0.0711967711    0.0430015177
  82     1      50               0    0.0878578601    0.0592768163     0.971081235     0.344696738    0.0711967711    0.0430015177
          wgpu 1d 164g 314c x3w 4ms | egraph 28g->168v+0snap 9ms | graft 27 (-132n, 0 snap) cpu 0 | f64 20 | gen 0.2s | dropped inexpr 4 oversz 0 unbuild 0 {}
  83     0     100               0    0.0878578601    0.0592768163     0.971081235     0.344696738    0.0711967711    0.0430015177
  83     1      50               0    0.0878578601    0.0592768163     0.971081235     0.344696738    0.0711967711    0.0430015177
          wgpu 1d 166g 313c x3w 4ms | egraph 25g->167v+0snap 12ms | graft 30 (-150n, 0 snap) cpu 0 | f64 20 | gen 0.4s | dropped inexpr 4 oversz 0 unbuild 0 {}
  84     0     100               0    0.0878578601    0.0592768163     0.971081235     0.344696738    0.0711967711    0.0430015177
  84     1      50               0    0.0878578601    0.0592768163     0.971081235     0.344696738    0.0711967711    0.0430015177
          wgpu 1d 182g 331c x3w 4ms | egraph 31g->185v+0snap 15ms | graft 34 (-127n, 0 snap) cpu 0 | f64 20 | gen 0.2s | dropped inexpr 3 oversz 0 unbuild 0 {}
  85     0     100               0    0.0878578601    0.0592768163     0.971081235     0.344696738    0.0711967711    0.0430015177
  85     1      50               0    0.0878578601    0.0592768163     0.971081235     0.344696738    0.0711967711    0.0430015177
          wgpu 1d 154g 316c x3w 5ms | egraph 27g->170v+0snap 15ms | graft 25 (-141n, 0 snap) cpu 0 | f64 20 | gen 0.2s | dropped inexpr 4 oversz 0 unbuild 0 {}
  86     0     100               0    0.0878578601    0.0592768163     0.971081235     0.344696738    0.0711967711    0.0430015177
  86     1      50               0    0.0878578601    0.0592768163     0.971081235     0.344696738    0.0711967711    0.0430015177
          wgpu 1d 172g 339c x3w 5ms | egraph 25g->193v+0snap 26ms | graft 26 (-111n, 0 snap) cpu 0 | f64 20 | gen 0.9s | dropped inexpr 4 oversz 0 unbuild 0 {}
  87     0     100               0    0.0878578601    0.0592768163     0.971081235     0.344696738    0.0711967711    0.0430015177
  87     1      50               0    0.0878578601    0.0592768163     0.971081235     0.344696738    0.0711967711    0.0430015177
          wgpu 1d 182g 316c x3w 5ms | egraph 26g->170v+0snap 21ms | graft 26 (-125n, 0 snap) cpu 0 | f64 20 | gen 0.2s | dropped inexpr 4 oversz 0 unbuild 0 {}
  88     0     100               0    0.0878578601    0.0592768163     0.971081235     0.344696738    0.0711967711    0.0430015177
  88     1      50               0    0.0878578601    0.0592768163     0.971081235     0.344696738    0.0711967711    0.0430015177
          wgpu 1d 181g 321c x3w 11ms | egraph 34g->175v+0snap 14ms | graft 28 (-125n, 0 snap) cpu 0 | f64 20 | gen 0.3s | dropped inexpr 3 oversz 0 unbuild 0 {}
  89     0     100               0    0.0878578601    0.0592768163     0.971081235     0.344696738    0.0711967711    0.0430015177
  89     1      50               0    0.0878578601    0.0592768163     0.971081235     0.344696738    0.0711967711    0.0430015177
          wgpu 1d 159g 318c x3w 4ms | egraph 23g->172v+0snap 8ms | graft 25 (-99n, 0 snap) cpu 0 | f64 20 | gen 0.3s | dropped inexpr 4 oversz 0 unbuild 0 {}
  90     0     100               0    0.0878578601    0.0592768163     0.971081235     0.344696738    0.0711967711    0.0430015177
  90     1      50               0    0.0878578601    0.0592768163     0.971081235     0.344696738    0.0711967711    0.0430015177
          wgpu 1d 173g 323c x3w 23ms | egraph 24g->177v+0snap 12ms | graft 34 (-105n, 0 snap) cpu 0 | f64 20 | gen 0.3s | dropped inexpr 5 oversz 0 unbuild 0 {}
--------- pump migration: intra (promote-2 + intake-reset) + cross ---------
  91     0     100               0    0.0878578601    0.0592768163     0.971081235     0.344696738    0.0711967711    0.0430015177
  91     1      50               0    0.0878578601    0.0592768163     0.971081235     0.344696738    0.0711967711    0.0430015177
          wgpu 2d 419g 519c x3w 33ms | egraph 99g->293v+0snap 32ms | graft 70 (-323n, 0 snap) cpu 0 | f64 30 | gen 0.4s | dropped inexpr 7 oversz 0 unbuild 0 {}
  92     0     100               0    0.0878578601    0.0592768163     0.971081235     0.344696738    0.0711967711    0.0430015177
  92     1      50               0    0.0878578601    0.0592768163     0.971081235     0.344696738    0.0711967711    0.0430015177
          wgpu 1d 179g 322c x3w 5ms | egraph 20g->176v+0snap 13ms | graft 31 (-120n, 0 snap) cpu 0 | f64 20 | gen 0.4s | dropped inexpr 1 oversz 0 unbuild 0 {}
  93     0     100               0    0.0878578601    0.0592768163     0.971081235     0.344696738    0.0711967711    0.0430015177
  93     1      50               0    0.0878578601    0.0592768163     0.971081235     0.344696738    0.0711967711    0.0430015177
          wgpu 1d 192g 324c x3w 5ms | egraph 22g->178v+0snap 8ms | graft 35 (-92n, 0 snap) cpu 0 | f64 20 | gen 0.2s
  94     0     100               0    0.0878578601    0.0592768163     0.971081235     0.344696738    0.0711967711    0.0430015177
  94     1      50               0    0.0878578601    0.0592768163     0.971081235     0.344696738    0.0711967711    0.0430015177
          wgpu 1d 138g 290c x3w 4ms | egraph 18g->144v+0snap 6ms | graft 15 (-40n, 0 snap) cpu 0 | f64 20 | gen 0.2s
  95     0     100               0    0.0878578601    0.0592768163     0.971081235     0.344696738    0.0711967711    0.0430015177
  95     1      50               0    0.0878578601    0.0592768163     0.971081235     0.344696738    0.0711967711    0.0430015177
          wgpu 1d 145g 301c x3w 24ms | egraph 16g->155v+0snap 8ms | graft 24 (-79n, 0 snap) cpu 0 | f64 20 | gen 0.2s | dropped inexpr 1 oversz 0 unbuild 0 {}
  96     0     100               0    0.0878578601    0.0592768163     0.971081235     0.344696738    0.0711967711    0.0430015177
  96     1      50               0    0.0878578601    0.0592768163     0.971081235     0.344696738    0.0711967711    0.0430015177
          wgpu 1d 150g 301c x3w 4ms | egraph 18g->155v+0snap 11ms | graft 22 (-80n, 0 snap) cpu 0 | f64 20 | gen 0.2s | dropped inexpr 1 oversz 0 unbuild 0 {}
  97     0     100               0    0.0878578601    0.0592768163     0.971081235     0.344696738    0.0711967711    0.0430015177
  97     1      50               0    0.0878578601    0.0592768163     0.971081235     0.344696738    0.0711967711    0.0430015177
          wgpu 1d 165g 300c x3w 5ms | egraph 20g->154v+0snap 11ms | graft 26 (-121n, 0 snap) cpu 0 | f64 20 | gen 0.2s
  98     0     100               0    0.0878578601    0.0592768163     0.971081235     0.344696738    0.0711967711    0.0430015177
  98     1      50               0    0.0878578601    0.0592768163     0.971081235     0.344696738    0.0711967711    0.0430015177
          wgpu 1d 152g 308c x3w 5ms | egraph 16g->162v+0snap 10ms | graft 24 (-61n, 0 snap) cpu 0 | f64 20 | gen 0.3s | dropped inexpr 1 oversz 0 unbuild 0 {}
  99     0     100               0    0.0878578601    0.0592768163     0.971081235     0.344696738    0.0711967711    0.0430015177
  99     1      50               0    0.0878578601    0.0592768163     0.971081235     0.344696738    0.0711967711    0.0430015177
          wgpu 1d 168g 309c x3w 4ms | egraph 17g->163v+0snap 15ms | graft 28 (-85n, 0 snap) cpu 0 | f64 20 | gen 0.2s
 100     0     100               0    0.0878578601    0.0592768163     0.971081235     0.344696738    0.0711967711    0.0430015177
 100     1      50               0    0.0878578601    0.0592768163     0.971081235     0.344696738    0.0711967711    0.0430015177
          wgpu 1d 142g 299c x3w 4ms | egraph 15g->153v+0snap 8ms | graft 20 (-73n, 0 snap) cpu 0 | f64 20 | gen 0.3s | dropped inexpr 1 oversz 0 unbuild 0 {}
--------- pump migration: intra (promote-2 + intake-reset) ---------
 101     0     100               0    0.0878578601    0.0592768163     0.971081235     0.344696738    0.0711967711    0.0430015177
 101     1      50               0    0.0878578601    0.0592768163     0.971081235     0.344696738    0.0711967711    0.0430015177
          wgpu 2d 373g 501c x3w 8ms | egraph 81g->275v+0snap 32ms | graft 70 (-228n, 0 snap) cpu 0 | f64 30 | gen 0.2s | dropped inexpr 8 oversz 0 unbuild 0 {}
 102     0     100               0    0.0878578601    0.0592768163     0.971081235     0.344696738    0.0711967711    0.0430015177
 102     1      50               0    0.0878578601    0.0592768163     0.971081235     0.344696738    0.0711967711    0.0430015177
          wgpu 1d 155g 295c x3w 4ms | egraph 17g->149v+0snap 10ms | graft 27 (-77n, 0 snap) cpu 0 | f64 20 | gen 0.2s
 103     0     100               0    0.0878578601    0.0592768163     0.971081235     0.344696738    0.0711967711    0.0430015177
 103     1      50               0    0.0878578601    0.0592768163     0.971081235     0.344696738    0.0711967711    0.0430015177
          wgpu 1d 158g 312c x3w 4ms | egraph 16g->166v+0snap 7ms | graft 23 (-84n, 0 snap) cpu 0 | f64 20 | gen 0.2s | dropped inexpr 2 oversz 0 unbuild 0 {}
 104     0     100               0    0.0878578601    0.0592768163     0.971081235     0.344696738    0.0711967711    0.0430015177
 104     1      50               0    0.0878578601    0.0592768163     0.971081235     0.344696738    0.0711967711    0.0430015177
          wgpu 1d 153g 307c x3w 4ms | egraph 15g->161v+0snap 5ms | graft 23 (-59n, 0 snap) cpu 0 | f64 20 | gen 0.2s | dropped inexpr 3 oversz 0 unbuild 0 {}
 105     0     100               0    0.0878578601    0.0592768163     0.971081235     0.344696738    0.0711967711    0.0430015177
 105     1      50               0    0.0878578601    0.0592768163     0.971081235     0.344696738    0.0711967711    0.0430015177
          wgpu 1d 149g 311c x3w 4ms | egraph 19g->165v+0snap 11ms | graft 23 (-81n, 0 snap) cpu 0 | f64 20 | gen 0.2s
 106     0     100               0    0.0878578601    0.0592768163     0.971081235     0.344696738    0.0711967711    0.0430015177
 106     1      50               0    0.0878578601    0.0592768163     0.971081235     0.344696738    0.0711967711    0.0430015177
          wgpu 1d 143g 315c x3w 4ms | egraph 21g->169v+0snap 7ms | graft 29 (-92n, 0 snap) cpu 0 | f64 20 | gen 0.2s | dropped inexpr 2 oversz 0 unbuild 0 {}
 107     0     100               0    0.0878578601    0.0592768163     0.971081235     0.344696738    0.0711967711    0.0430015177
 107     1      50               0    0.0878578601    0.0592768163     0.971081235     0.344696738    0.0711967711    0.0430015177
          wgpu 1d 164g 306c x3w 4ms | egraph 19g->160v+0snap 8ms | graft 23 (-61n, 0 snap) cpu 0 | f64 20 | gen 0.2s | dropped inexpr 3 oversz 0 unbuild 0 {}
 108     0     100               0    0.0878578601    0.0592768163     0.971081235     0.344696738    0.0711967711    0.0430015177
 108     1      50               0    0.0878578536    0.0592768168      0.97108123     0.344696752    0.0711967659    0.0430015181
          wgpu 1d 148g 318c x3w 5ms | egraph 14g->172v+0snap 14ms | graft 25 (-82n, 0 snap) cpu 0 | f64 20 | gen 0.3s
 109     0     100               0    0.0878578601    0.0592768163     0.971081235     0.344696738    0.0711967711    0.0430015177
 109     1      50               0    0.0878578536    0.0592768168      0.97108123     0.344696752    0.0711967659    0.0430015181
          wgpu 1d 174g 314c x3w 4ms | egraph 20g->168v+0snap 8ms | graft 32 (-106n, 0 snap) cpu 0 | f64 20 | gen 0.2s
 110     0     100               0    0.0878578601    0.0592768163     0.971081235     0.344696738    0.0711967711    0.0430015177
 110     1      50               0    0.0878578536    0.0592768168      0.97108123     0.344696752    0.0711967659    0.0430015181
          wgpu 1d 160g 309c x3w 5ms | egraph 19g->163v+0snap 8ms | graft 25 (-80n, 0 snap) cpu 0 | f64 20 | gen 0.2s | dropped inexpr 3 oversz 0 unbuild 0 {}
--------- pump migration: intra (promote-2 + intake-reset) ---------
 111     0     100               0    0.0878578601    0.0592768163     0.971081235     0.344696738    0.0711967711    0.0430015177
 111     1      50               0    0.0878578536    0.0592768168      0.97108123     0.344696752    0.0711967659    0.0430015181
          wgpu 2d 399g 506c x3w 27ms | egraph 90g->280v+0snap 32ms | graft 73 (-274n, 0 snap) cpu 0 | f64 30 | gen 0.2s | dropped inexpr 5 oversz 0 unbuild 0 {}
 112     0     100               0    0.0878578601    0.0592768163     0.971081235     0.344696738    0.0711967711    0.0430015177
 112     1      50               0    0.0878578536    0.0592768168      0.97108123     0.344696752    0.0711967659    0.0430015181
          wgpu 1d 160g 317c x3w 5ms | egraph 22g->171v+0snap 7ms | graft 29 (-93n, 0 snap) cpu 0 | f64 20 | gen 0.2s | dropped inexpr 1 oversz 0 unbuild 0 {}
 113     0     100               0    0.0878578601    0.0592768163     0.971081235     0.344696738    0.0711967711    0.0430015177
 113     1      50               0    0.0878578536    0.0592768168      0.97108123     0.344696752    0.0711967659    0.0430015181
          wgpu 1d 161g 312c x3w 5ms | egraph 20g->166v+0snap 10ms | graft 26 (-102n, 0 snap) cpu 0 | f64 20 | gen 0.2s | dropped inexpr 2 oversz 0 unbuild 0 {}
 114     0     100               0    0.0878578601    0.0592768163     0.971081235     0.344696738    0.0711967711    0.0430015177
 114     1      50               0    0.0878578536    0.0592768168      0.97108123     0.344696752    0.0711967659    0.0430015181
          wgpu 1d 171g 321c x3w 5ms | egraph 24g->175v+0snap 11ms | graft 27 (-93n, 0 snap) cpu 0 | f64 20 | gen 0.2s | dropped inexpr 1 oversz 0 unbuild 0 {}
 115     0     100               0    0.0878578601    0.0592768163     0.971081235     0.344696738    0.0711967711    0.0430015177
 115     1      50               0    0.0878578536    0.0592768168      0.97108123     0.344696752    0.0711967659    0.0430015181
          wgpu 1d 164g 329c x3w 5ms | egraph 17g->183v+0snap 9ms | graft 28 (-113n, 0 snap) cpu 0 | f64 20 | gen 0.2s | dropped inexpr 4 oversz 0 unbuild 0 {}
 116     0     100               0    0.0878578601    0.0592768163     0.971081235     0.344696738    0.0711967711    0.0430015177
 116     1      50               0    0.0878578536    0.0592768168      0.97108123     0.344696752    0.0711967659    0.0430015181
          wgpu 1d 147g 304c x3w 5ms | egraph 22g->158v+0snap 12ms | graft 26 (-88n, 0 snap) cpu 0 | f64 20 | gen 0.3s | dropped inexpr 4 oversz 0 unbuild 0 {}
 117     0     100               0    0.0878578601    0.0592768163     0.971081235     0.344696738    0.0711967711    0.0430015177
 117     1      50               0    0.0878578536    0.0592768168      0.97108123     0.344696752    0.0711967659    0.0430015181
          wgpu 1d 131g 292c x3w 4ms | egraph 11g->146v+0snap 8ms | graft 22 (-79n, 0 snap) cpu 0 | f64 20 | gen 0.2s | dropped inexpr 1 oversz 0 unbuild 0 {}
 118     0     100               0    0.0878578601    0.0592768163     0.971081235     0.344696738    0.0711967711    0.0430015177
 118     1      50               0    0.0878578536    0.0592768168      0.97108123     0.344696752    0.0711967659    0.0430015181
          wgpu 1d 128g 300c x3w 3ms | egraph 13g->154v+0snap 13ms | graft 26 (-99n, 0 snap) cpu 0 | f64 20 | gen 0.3s | dropped inexpr 1 oversz 0 unbuild 0 {}
 119     0     100               0    0.0878578601    0.0592768163     0.971081235     0.344696738    0.0711967711    0.0430015177
 119     1      50               0    0.0878578601    0.0592768163     0.971081235     0.344696738    0.0711967711    0.0430015177
          wgpu 1d 169g 310c x3w 5ms | egraph 19g->164v+0snap 13ms | graft 32 (-79n, 0 snap) cpu 0 | f64 20 | gen 0.2s | dropped inexpr 2 oversz 0 unbuild 0 {}
 120     0     100               0    0.0878578601    0.0592768163     0.971081235     0.344696738    0.0711967711    0.0430015177
 120     1      50               0    0.0878578601    0.0592768163     0.971081235     0.344696738    0.0711967711    0.0430015177
          wgpu 1d 141g 298c x3w 7ms | egraph 22g->152v+0snap 17ms | graft 21 (-54n, 0 snap) cpu 0 | f64 20 | gen 0.2s | dropped inexpr 1 oversz 0 unbuild 0 {}
--------- pump migration: intra (promote-2 + intake-reset) + cross ---------
 121     0     100               0    0.0878578601    0.0592768163     0.971081235     0.344696738    0.0711967711    0.0430015177
 121     1      50               0    0.0878578601    0.0592768163     0.971081235     0.344696738    0.0711967711    0.0430015177
          wgpu 2d 369g 486c x3w 8ms | egraph 93g->260v+0snap 31ms | graft 60 (-199n, 0 snap) cpu 0 | f64 30 | gen 0.4s | dropped inexpr 6 oversz 0 unbuild 0 {}
 122     0     100               0    0.0878578601    0.0592768163     0.971081235     0.344696738    0.0711967711    0.0430015177
 122     1      50               0    0.0878578601    0.0592768163     0.971081235     0.344696738    0.0711967711    0.0430015177
          wgpu 1d 174g 316c x3w 5ms | egraph 16g->170v+0snap 11ms | graft 21 (-75n, 0 snap) cpu 0 | f64 20 | gen 0.3s | dropped inexpr 1 oversz 0 unbuild 0 {}
 123     0     100               0    0.0878578601    0.0592768163     0.971081235     0.344696738    0.0711967711    0.0430015177
 123     1      50               0    0.0878578601    0.0592768163     0.971081235     0.344696738    0.0711967711    0.0430015177
          wgpu 1d 134g 315c x3w 6ms | egraph 24g->169v+0snap 25ms | graft 22 (-57n, 0 snap) cpu 0 | f64 20 | gen 0.2s | dropped inexpr 1 oversz 0 unbuild 0 {}
 124     0     100               0    0.0878578601    0.0592768163     0.971081235     0.344696738    0.0711967711    0.0430015177
 124     1      50               0    0.0878578601    0.0592768163     0.971081235     0.344696738    0.0711967711    0.0430015177
          wgpu 1d 164g 315c x3w 5ms | egraph 25g->169v+0snap 8ms | graft 27 (-64n, 0 snap) cpu 0 | f64 20 | gen 0.2s | dropped inexpr 1 oversz 0 unbuild 0 {}
 125     0     100               0    0.0878578601    0.0592768163     0.971081235     0.344696738    0.0711967711    0.0430015177
 125     1      50               0    0.0878578601    0.0592768163     0.971081235     0.344696738    0.0711967711    0.0430015177
          wgpu 1d 157g 305c x3w 4ms | egraph 22g->159v+0snap 39ms | graft 17 (-97n, 0 snap) cpu 0 | f64 20 | gen 0.2s | dropped inexpr 1 oversz 0 unbuild 0 {}
 126     0     100               0    0.0878578601    0.0592768163     0.971081235     0.344696738    0.0711967711    0.0430015177
 126     1      50               0    0.0878578601    0.0592768163     0.971081235     0.344696738    0.0711967711    0.0430015177
          wgpu 1d 170g 330c x3w 5ms | egraph 15g->184v+0snap 8ms | graft 35 (-119n, 0 snap) cpu 0 | f64 20 | gen 0.2s | dropped inexpr 2 oversz 0 unbuild 0 {}
 127     0     100               0    0.0878578601    0.0592768163     0.971081235     0.344696738    0.0711967711    0.0430015177
 127     1      50               0    0.0878578601    0.0592768163     0.971081235     0.344696738    0.0711967711    0.0430015177
          wgpu 1d 160g 317c x3w 6ms | egraph 17g->171v+0snap 10ms | graft 23 (-109n, 0 snap) cpu 0 | f64 20 | gen 0.2s | dropped inexpr 3 oversz 0 unbuild 0 {}
 128     0     100               0    0.0878578601    0.0592768163     0.971081235     0.344696738    0.0711967711    0.0430015177
 128     1      50               0    0.0878578601    0.0592768163     0.971081235     0.344696738    0.0711967711    0.0430015177
          wgpu 1d 152g 314c x3w 4ms | egraph 19g->168v+0snap 6ms | graft 25 (-69n, 0 snap) cpu 0 | f64 20 | gen 0.3s
 129     0     100               0    0.0878578601    0.0592768163     0.971081235     0.344696738    0.0711967711    0.0430015177
 129     1      50               0    0.0878578601    0.0592768163     0.971081235     0.344696738    0.0711967711    0.0430015177
          wgpu 1d 147g 302c x3w 5ms | egraph 17g->156v+0snap 5ms | graft 19 (-51n, 0 snap) cpu 0 | f64 20 | gen 0.2s | dropped inexpr 1 oversz 0 unbuild 0 {}
 130     0     100               0    0.0878578601    0.0592768163     0.971081235     0.344696738    0.0711967711    0.0430015177
 130     1      50               0    0.0878578601    0.0592768163     0.971081235     0.344696738    0.0711967711    0.0430015177
          wgpu 1d 194g 314c x3w 5ms | egraph 27g->168v+0snap 14ms | graft 33 (-112n, 0 snap) cpu 0 | f64 20 | gen 0.2s | dropped inexpr 3 oversz 0 unbuild 0 {}
--------- pump migration: intra (promote-2 + intake-reset) ---------
 131     0     100               0    0.0878578601    0.0592768163     0.971081235     0.344696738    0.0711967711    0.0430015177
 131     1      50               0    0.0878578601    0.0592768163     0.971081235     0.344696738    0.0711967711    0.0430015177
          wgpu 2d 397g 498c x3w 17ms | egraph 103g->272v+0snap 42ms | graft 63 (-204n, 0 snap) cpu 0 | f64 30 | gen 0.2s | dropped inexpr 3 oversz 0 unbuild 0 {}
 132     0     100               0    0.0878578601    0.0592768163     0.971081235     0.344696738    0.0711967711    0.0430015177
 132     1      50               0    0.0878578601    0.0592768163     0.971081235     0.344696738    0.0711967711    0.0430015177
          wgpu 1d 167g 324c x3w 5ms | egraph 20g->178v+0snap 12ms | graft 25 (-55n, 0 snap) cpu 0 | f64 20 | gen 0.3s
 133     0     100               0    0.0878578601    0.0592768163     0.971081235     0.344696738    0.0711967711    0.0430015177
 133     1      50               0    0.0878578601    0.0592768163     0.971081235     0.344696738    0.0711967711    0.0430015177
          wgpu 1d 161g 317c x3w 5ms | egraph 18g->171v+0snap 12ms | graft 27 (-84n, 0 snap) cpu 0 | f64 20 | gen 0.2s | dropped inexpr 1 oversz 0 unbuild 0 {}
 134     0     100               0    0.0878578601    0.0592768163     0.971081235     0.344696738    0.0711967711    0.0430015177
 134     1      50               0    0.0878578601    0.0592768163     0.971081235     0.344696738    0.0711967711    0.0430015177
          wgpu 1d 136g 299c x3w 4ms | egraph 9g->153v+0snap 21ms | graft 26 (-62n, 0 snap) cpu 0 | f64 20 | gen 0.2s
 135     0     100               0    0.0878578601    0.0592768163     0.971081235     0.344696738    0.0711967711    0.0430015177
 135     1      50               0    0.0878578601    0.0592768163     0.971081235     0.344696738    0.0711967711    0.0430015177
          wgpu 1d 179g 316c x3w 6ms | egraph 28g->170v+0snap 34ms | graft 26 (-62n, 0 snap) cpu 0 | f64 20 | gen 0.3s | dropped inexpr 1 oversz 0 unbuild 0 {}
 136     0     100               0    0.0878578601    0.0592768163     0.971081235     0.344696738    0.0711967711    0.0430015177
 136     1      50               0    0.0878578601    0.0592768163     0.971081235     0.344696738    0.0711967711    0.0430015177
          wgpu 1d 166g 307c x3w 4ms | egraph 20g->161v+0snap 6ms | graft 26 (-62n, 0 snap) cpu 0 | f64 20 | gen 0.2s | dropped inexpr 2 oversz 0 unbuild 0 {}
 137     0     100               0    0.0878578601    0.0592768163     0.971081235     0.344696738    0.0711967711    0.0430015177
 137     1      50               0    0.0878578601    0.0592768163     0.971081235     0.344696738    0.0711967711    0.0430015177
          wgpu 1d 142g 313c x3w 4ms | egraph 17g->167v+0snap 5ms | graft 28 (-77n, 0 snap) cpu 0 | f64 20 | gen 0.2s
 138     0     100               0    0.0878578601    0.0592768163     0.971081235     0.344696738    0.0711967711    0.0430015177
 138     1      50               0    0.0878578601    0.0592768163     0.971081235     0.344696738    0.0711967711    0.0430015177
          wgpu 1d 179g 299c x3w 4ms | egraph 16g->153v+0snap 5ms | graft 28 (-64n, 0 snap) cpu 0 | f64 20 | gen 0.3s
 139     0     100               0    0.0878578601    0.0592768163     0.971081235     0.344696738    0.0711967711    0.0430015177
 139     1      50               0    0.0878578601    0.0592768163     0.971081235     0.344696738    0.0711967711    0.0430015177
          wgpu 1d 160g 303c x3w 4ms | egraph 17g->157v+0snap 5ms | graft 25 (-79n, 0 snap) cpu 0 | f64 20 | gen 0.2s | dropped inexpr 1 oversz 0 unbuild 0 {}
 140     0     100               0    0.0878578601    0.0592768163     0.971081235     0.344696738    0.0711967711    0.0430015177
 140     1      50               0    0.0878578601    0.0592768163     0.971081235     0.344696738    0.0711967711    0.0430015177
          wgpu 1d 150g 312c x3w 4ms | egraph 17g->166v+0snap 6ms | graft 26 (-84n, 0 snap) cpu 0 | f64 20 | gen 0.2s | dropped inexpr 1 oversz 0 unbuild 0 {}
--------- pump migration: intra (promote-2 + intake-reset) ---------
 141     0     100               0    0.0878578601    0.0592768163     0.971081235     0.344696738    0.0711967711    0.0430015177
 141     1      50               0    0.0878578601    0.0592768163     0.971081235     0.344696738    0.0711967711    0.0430015177
          wgpu 2d 383g 492c x3w 12ms | egraph 89g->266v+0snap 31ms | graft 66 (-265n, 0 snap) cpu 0 | f64 30 | gen 0.2s | dropped inexpr 1 oversz 0 unbuild 0 {}
 142     0     100               0    0.0878578601    0.0592768163     0.971081235     0.344696738    0.0711967711    0.0430015177
 142     1      50               0    0.0878578601    0.0592768163     0.971081235     0.344696738    0.0711967711    0.0430015177
          wgpu 1d 162g 318c x3w 4ms | egraph 16g->172v+0snap 11ms | graft 24 (-86n, 0 snap) cpu 0 | f64 20 | gen 0.5s | dropped inexpr 1 oversz 0 unbuild 0 {}
 143     0     100               0    0.0878578601    0.0592768163     0.971081235     0.344696738    0.0711967711    0.0430015177
 143     1      50               0    0.0878578601    0.0592768163     0.971081235     0.344696738    0.0711967711    0.0430015177
          wgpu 1d 173g 319c x3w 16ms | egraph 20g->173v+0snap 9ms | graft 36 (-113n, 0 snap) cpu 0 | f64 20 | gen 0.3s | dropped inexpr 1 oversz 0 unbuild 0 {}
 144     0     100               0    0.0878578601    0.0592768163     0.971081235     0.344696738    0.0711967711    0.0430015177
 144     1      50               0    0.0878578601    0.0592768163     0.971081235     0.344696738    0.0711967711    0.0430015177
          wgpu 1d 156g 316c x3w 4ms | egraph 24g->170v+0snap 8ms | graft 24 (-64n, 0 snap) cpu 0 | f64 20 | gen 0.4s
 145     0     100               0    0.0878578601    0.0592768163     0.971081235     0.344696738    0.0711967711    0.0430015177
 145     1      50               0    0.0878578601    0.0592768163     0.971081235     0.344696738    0.0711967711    0.0430015177
          wgpu 1d 147g 302c x3w 4ms | egraph 15g->156v+0snap 6ms | graft 21 (-54n, 0 snap) cpu 0 | f64 20 | gen 0.2s
 146     0     100               0    0.0878578601    0.0592768163     0.971081235     0.344696738    0.0711967711    0.0430015177
 146     1      50               0    0.0878578601    0.0592768163     0.971081235     0.344696738    0.0711967711    0.0430015177
          wgpu 1d 145g 302c x3w 11ms | egraph 15g->156v+0snap 9ms | graft 21 (-69n, 0 snap) cpu 0 | f64 20 | gen 0.2s | dropped inexpr 2 oversz 0 unbuild 0 {}
 147     0     100               0    0.0878578601    0.0592768163     0.971081235     0.344696738    0.0711967711    0.0430015177
 147     1      50               0    0.0878578601    0.0592768163     0.971081235     0.344696738    0.0711967711    0.0430015177
          wgpu 1d 183g 334c x3w 5ms | egraph 20g->188v+0snap 9ms | graft 34 (-88n, 0 snap) cpu 0 | f64 20 | gen 0.3s | dropped inexpr 3 oversz 0 unbuild 0 {}
 148     0     100               0    0.0878578601    0.0592768163     0.971081235     0.344696738    0.0711967711    0.0430015177
 148     1      50               0    0.0878578601    0.0592768163     0.971081235     0.344696738    0.0711967711    0.0430015177
          wgpu 1d 164g 320c x3w 5ms | egraph 18g->174v+0snap 12ms | graft 32 (-96n, 0 snap) cpu 0 | f64 20 | gen 0.3s | dropped inexpr 3 oversz 0 unbuild 0 {}
 149     0     100               0    0.0878578601    0.0592768163     0.971081235     0.344696738    0.0711967711    0.0430015177
 149     1      50               0    0.0878578601    0.0592768163     0.971081235     0.344696738    0.0711967711    0.0430015177
          wgpu 1d 163g 322c x3w 4ms | egraph 21g->176v+0snap 7ms | graft 26 (-90n, 0 snap) cpu 0 | f64 20 | gen 0.2s | dropped inexpr 4 oversz 0 unbuild 0 {}
 150     0     100               0    0.0878578601    0.0592768163     0.971081235     0.344696738    0.0711967711    0.0430015177
 150     1      50               0    0.0878578601    0.0592768163     0.971081235     0.344696738    0.0711967711    0.0430015177
          wgpu 1d 184g 314c x3w 8ms | egraph 23g->168v+0snap 11ms | graft 28 (-94n, 0 snap) cpu 0 | f64 20 | gen 0.2s | dropped inexpr 3 oversz 0 unbuild 0 {}
--------- pump migration: intra (promote-2 + intake-reset) + cross ---------
 151     0     100               0    0.0878578601    0.0592768163     0.971081235     0.344696738    0.0711967711    0.0430015177
 151     1      50               0    0.0878578601    0.0592768163     0.971081235     0.344696738    0.0711967711    0.0430015177
          wgpu 2d 370g 462c x3w 9ms | egraph 87g->236v+0snap 23ms | graft 50 (-135n, 0 snap) cpu 0 | f64 30 | gen 0.2s | dropped inexpr 1 oversz 0 unbuild 0 {}
 152     0     100               0    0.0878578601    0.0592768163     0.971081235     0.344696738    0.0711967711    0.0430015177
 152     1      50               0    0.0878578601    0.0592768163     0.971081235     0.344696738    0.0711967711    0.0430015177
          wgpu 1d 164g 317c x3w 9ms | egraph 18g->171v+0snap 9ms | graft 28 (-75n, 0 snap) cpu 0 | f64 20 | gen 0.2s | dropped inexpr 1 oversz 0 unbuild 0 {}
 153     0     100               0    0.0878578601    0.0592768163     0.971081235     0.344696738    0.0711967711    0.0430015177
 153     1      50               0    0.0878578601    0.0592768163     0.971081235     0.344696738    0.0711967711    0.0430015177
          wgpu 1d 157g 315c x3w 5ms | egraph 20g->169v+0snap 8ms | graft 26 (-58n, 0 snap) cpu 0 | f64 20 | gen 0.2s | dropped inexpr 3 oversz 0 unbuild 0 {}
 154     0     100               0    0.0878578601    0.0592768163     0.971081235     0.344696738    0.0711967711    0.0430015177
 154     1      50               0    0.0878578601    0.0592768163     0.971081235     0.344696738    0.0711967711    0.0430015177
          wgpu 1d 174g 327c x3w 5ms | egraph 26g->181v+0snap 7ms | graft 26 (-128n, 0 snap) cpu 0 | f64 20 | gen 0.3s | dropped inexpr 2 oversz 0 unbuild 0 {}
 155     0     100               0    0.0878578601    0.0592768163     0.971081235     0.344696738    0.0711967711    0.0430015177
 155     1      50               0    0.0878578601    0.0592768163     0.971081235     0.344696738    0.0711967711    0.0430015177
          wgpu 1d 138g 295c x3w 5ms | egraph 12g->149v+0snap 22ms | graft 17 (-69n, 0 snap) cpu 0 | f64 20 | gen 0.2s | dropped inexpr 1 oversz 0 unbuild 0 {}
 156     0     100               0    0.0878578601    0.0592768163     0.971081235     0.344696738    0.0711967711    0.0430015177
 156     1      50               0    0.0878578601    0.0592768163     0.971081235     0.344696738    0.0711967711    0.0430015177
          wgpu 1d 158g 310c x3w 4ms | egraph 15g->164v+0snap 9ms | graft 22 (-75n, 0 snap) cpu 0 | f64 20 | gen 0.3s | dropped inexpr 1 oversz 0 unbuild 0 {}
 157     0     100               0    0.0878578601    0.0592768163     0.971081235     0.344696738    0.0711967711    0.0430015177
 157     1      50               0    0.0878578601    0.0592768163     0.971081235     0.344696738    0.0711967711    0.0430015177
          wgpu 1d 150g 302c x3w 5ms | egraph 15g->156v+0snap 12ms | graft 22 (-105n, 0 snap) cpu 0 | f64 20 | gen 0.4s | dropped inexpr 2 oversz 0 unbuild 0 {}
 158     0     100               0    0.0878578601    0.0592768163     0.971081235     0.344696738    0.0711967711    0.0430015177
 158     1      50               0    0.0878578601    0.0592768163     0.971081235     0.344696738    0.0711967711    0.0430015177
          wgpu 1d 159g 319c x3w 4ms | egraph 21g->173v+0snap 14ms | graft 25 (-85n, 0 snap) cpu 0 | f64 20 | gen 0.5s
 159     0     100               0    0.0878578601    0.0592768163     0.971081235     0.344696738    0.0711967711    0.0430015177
 159     1      50               0    0.0878578601    0.0592768163     0.971081235     0.344696738    0.0711967711    0.0430015177
          wgpu 1d 164g 308c x3w 5ms | egraph 20g->162v+0snap 8ms | graft 25 (-98n, 0 snap) cpu 0 | f64 20 | gen 0.3s | dropped inexpr 2 oversz 0 unbuild 0 {}
 160     0     100               0    0.0878578601    0.0592768163     0.971081235     0.344696738    0.0711967711    0.0430015177
 160     1      50               0    0.0878578601    0.0592768163     0.971081235     0.344696738    0.0711967711    0.0430015177
          wgpu 1d 163g 318c x3w 4ms | egraph 17g->172v+0snap 12ms | graft 30 (-132n, 0 snap) cpu 0 | f64 20 | gen 0.2s | dropped inexpr 2 oversz 0 unbuild 0 {}
--------- pump migration: intra (promote-2 + intake-reset) ---------
 161     0     100               0    0.0878578601    0.0592768163     0.971081235     0.344696738    0.0711967711    0.0430015177
 161     1      50               0    0.0878578601    0.0592768163     0.971081235     0.344696738    0.0711967711    0.0430015177
          wgpu 2d 350g 472c x3w 22ms | egraph 78g->246v+0snap 22ms | graft 67 (-186n, 0 snap) cpu 0 | f64 30 | gen 0.4s | dropped inexpr 6 oversz 0 unbuild 0 {}
 162     0     100               0    0.0878578601    0.0592768163     0.971081235     0.344696738    0.0711967711    0.0430015177
 162     1      50               0    0.0878578601    0.0592768163     0.971081235     0.344696738    0.0711967711    0.0430015177
          wgpu 1d 160g 311c x3w 4ms | egraph 20g->165v+0snap 14ms | graft 25 (-67n, 0 snap) cpu 0 | f64 20 | gen 0.2s | dropped inexpr 2 oversz 0 unbuild 0 {}
 163     0     100               0    0.0878578601    0.0592768163     0.971081235     0.344696738    0.0711967711    0.0430015177
 163     1      50               0    0.0878578601    0.0592768163     0.971081235     0.344696738    0.0711967711    0.0430015177
          wgpu 1d 156g 327c x3w 12ms | egraph 18g->181v+0snap 14ms | graft 23 (-87n, 0 snap) cpu 0 | f64 20 | gen 0.6s | dropped inexpr 1 oversz 0 unbuild 0 {}
 164     0     100               0    0.0878578601    0.0592768163     0.971081235     0.344696738    0.0711967711    0.0430015177
 164     1      50               0    0.0878578601    0.0592768163     0.971081235     0.344696738    0.0711967711    0.0430015177
          wgpu 1d 165g 312c x3w 5ms | egraph 21g->166v+0snap 14ms | graft 30 (-89n, 0 snap) cpu 0 | f64 20 | gen 0.5s
 165     0     100               0    0.0878578601    0.0592768163     0.971081235     0.344696738    0.0711967711    0.0430015177
 165     1      50               0    0.0878578601    0.0592768163     0.971081235     0.344696738    0.0711967711    0.0430015177
          wgpu 1d 165g 322c x3w 5ms | egraph 18g->176v+0snap 11ms | graft 31 (-101n, 0 snap) cpu 0 | f64 20 | gen 0.2s | dropped inexpr 1 oversz 0 unbuild 0 {}
 166     0     100               0    0.0878578601    0.0592768163     0.971081235     0.344696738    0.0711967711    0.0430015177
 166     1      50               0    0.0878578601    0.0592768163     0.971081235     0.344696738    0.0711967711    0.0430015177
          wgpu 1d 166g 315c x3w 5ms | egraph 17g->169v+0snap 10ms | graft 21 (-77n, 0 snap) cpu 0 | f64 20 | gen 0.3s
 167     0     100               0    0.0878578601    0.0592768163     0.971081235     0.344696738    0.0711967711    0.0430015177
 167     1      50               0    0.0878578601    0.0592768163     0.971081235     0.344696738    0.0711967711    0.0430015177
          wgpu 1d 176g 326c x3w 6ms | egraph 20g->180v+0snap 13ms | graft 33 (-165n, 0 snap) cpu 0 | f64 20 | gen 0.5s
 168     0     100               0    0.0878578601    0.0592768163     0.971081235     0.344696738    0.0711967711    0.0430015177
 168     1      50               0    0.0878578601    0.0592768163     0.971081235     0.344696738    0.0711967711    0.0430015177
          wgpu 1d 175g 320c x3w 6ms | egraph 26g->174v+0snap 23ms | graft 30 (-77n, 0 snap) cpu 0 | f64 20 | gen 0.6s
 169     0     100               0    0.0878578601    0.0592768163     0.971081235     0.344696738    0.0711967711    0.0430015177
 169     1      50               0    0.0878578601    0.0592768163     0.971081235     0.344696738    0.0711967711    0.0430015177
          wgpu 1d 159g 315c x3w 4ms | egraph 16g->169v+0snap 21ms | graft 29 (-114n, 0 snap) cpu 0 | f64 20 | gen 0.3s
 170     0     100               0    0.0878578601    0.0592768163     0.971081235     0.344696738    0.0711967711    0.0430015177
 170     1      50               0    0.0878578601    0.0592768163     0.971081235     0.344696738    0.0711967711    0.0430015177
          wgpu 1d 166g 314c x3w 5ms | egraph 17g->168v+0snap 20ms | graft 24 (-94n, 0 snap) cpu 0 | f64 20 | gen 0.4s | dropped inexpr 2 oversz 0 unbuild 0 {}
--------- pump migration: intra (promote-2 + intake-reset) ---------
 171     0     100               0    0.0878578601    0.0592768163     0.971081235     0.344696738    0.0711967711    0.0430015177
 171     1      50               0    0.0878578601    0.0592768163     0.971081235     0.344696738    0.0711967711    0.0430015177
          wgpu 2d 395g 515c x3w 41ms | egraph 91g->289v+0snap 27ms | graft 72 (-211n, 0 snap) cpu 0 | f64 30 | gen 0.3s | dropped inexpr 4 oversz 0 unbuild 0 {}
 172     0     100               0    0.0878578601    0.0592768163     0.971081235     0.344696738    0.0711967711    0.0430015177
 172     1      50               0    0.0878578601    0.0592768163     0.971081235     0.344696738    0.0711967711    0.0430015177
          wgpu 1d 157g 319c x3w 4ms | egraph 24g->173v+0snap 12ms | graft 28 (-81n, 0 snap) cpu 0 | f64 20 | gen 0.2s | dropped inexpr 2 oversz 0 unbuild 0 {}
 173     0     100               0    0.0878578601    0.0592768163     0.971081235     0.344696738    0.0711967711    0.0430015177
 173     1      50               0    0.0878578601    0.0592768163     0.971081235     0.344696738    0.0711967711    0.0430015177
          wgpu 1d 159g 314c x3w 5ms | egraph 18g->168v+0snap 11ms | graft 29 (-97n, 0 snap) cpu 0 | f64 20 | gen 0.2s
 174     0     100               0    0.0878578601    0.0592768163     0.971081235     0.344696738    0.0711967711    0.0430015177
 174     1      50               0    0.0878578601    0.0592768163     0.971081235     0.344696738    0.0711967711    0.0430015177
          wgpu 1d 153g 301c x3w 4ms | egraph 10g->155v+0snap 20ms | graft 19 (-56n, 0 snap) cpu 0 | f64 20 | gen 0.4s
 175     0     100               0    0.0878578601    0.0592768163     0.971081235     0.344696738    0.0711967711    0.0430015177
 175     1      50               0    0.0878578601    0.0592768163     0.971081235     0.344696738    0.0711967711    0.0430015177
          wgpu 1d 140g 321c x3w 4ms | egraph 14g->175v+0snap 4ms | graft 30 (-79n, 0 snap) cpu 0 | f64 20 | gen 0.2s | dropped inexpr 1 oversz 0 unbuild 0 {}
 176     0     100               0    0.0878578601    0.0592768163     0.971081235     0.344696738    0.0711967711    0.0430015177
 176     1      50               0    0.0878578601    0.0592768163     0.971081235     0.344696738    0.0711967711    0.0430015177
          wgpu 1d 146g 307c x3w 5ms | egraph 9g->161v+0snap 8ms | graft 22 (-53n, 0 snap) cpu 0 | f64 20 | gen 0.2s | dropped inexpr 3 oversz 0 unbuild 0 {}
 177     0     100               0    0.0878578601    0.0592768163     0.971081235     0.344696738    0.0711967711    0.0430015177
 177     1      50               0    0.0878578601    0.0592768163     0.971081235     0.344696738    0.0711967711    0.0430015177
          wgpu 1d 135g 293c x3w 7ms | egraph 10g->147v+0snap 23ms | graft 22 (-101n, 0 snap) cpu 0 | f64 20 | gen 0.2s
 178     0     100               0    0.0878578601    0.0592768163     0.971081235     0.344696738    0.0711967711    0.0430015177
 178     1      50               0    0.0878578601    0.0592768163     0.971081235     0.344696738    0.0711967711    0.0430015177
          wgpu 1d 146g 310c x3w 4ms | egraph 23g->164v+0snap 11ms | graft 22 (-51n, 0 snap) cpu 0 | f64 20 | gen 0.3s | dropped inexpr 3 oversz 0 unbuild 0 {}
 179     0     100               0    0.0878578601    0.0592768163     0.971081235     0.344696738    0.0711967711    0.0430015177
 179     1      50               0    0.0878578601    0.0592768163     0.971081235     0.344696738    0.0711967711    0.0430015177
          wgpu 1d 157g 313c x3w 5ms | egraph 14g->167v+0snap 53ms | graft 29 (-92n, 0 snap) cpu 0 | f64 20 | gen 0.3s | dropped inexpr 3 oversz 0 unbuild 0 {}
 180     0     100               0    0.0878578601    0.0592768163     0.971081235     0.344696738    0.0711967711    0.0430015177
 180     1      50               0    0.0878578601    0.0592768163     0.971081235     0.344696738    0.0711967711    0.0430015177
          wgpu 1d 143g 308c x3w 4ms | egraph 11g->162v+0snap 9ms | graft 23 (-55n, 0 snap) cpu 0 | f64 20 | gen 0.4s | dropped inexpr 1 oversz 0 unbuild 0 {}
--------- pump migration: intra (promote-2 + intake-reset) + cross ---------
 181     0     100               0    0.0878578601    0.0592768163     0.971081235     0.344696738    0.0711967711    0.0430015177
 181     1      50               0    0.0878578601    0.0592768163     0.971081235     0.344696738    0.0711967711    0.0430015177
          wgpu 2d 440g 530c x3w 11ms | egraph 105g->304v+0snap 35ms | graft 77 (-361n, 0 snap) cpu 0 | f64 30 | gen 0.2s | dropped inexpr 3 oversz 0 unbuild 0 {}
 182     0     100               0    0.0878578601    0.0592768163     0.971081235     0.344696738    0.0711967711    0.0430015177
 182     1      50               0    0.0878578601    0.0592768163     0.971081235     0.344696738    0.0711967711    0.0430015177
          wgpu 1d 155g 305c x3w 4ms | egraph 14g->159v+0snap 16ms | graft 29 (-79n, 0 snap) cpu 0 | f64 20 | gen 0.2s | dropped inexpr 1 oversz 0 unbuild 0 {}
 183     0     100               0    0.0878578601    0.0592768163     0.971081235     0.344696738    0.0711967711    0.0430015177
 183     1      50               0    0.0878578601    0.0592768163     0.971081235     0.344696738    0.0711967711    0.0430015177
          wgpu 1d 145g 312c x3w 4ms | egraph 13g->166v+0snap 20ms | graft 24 (-72n, 0 snap) cpu 0 | f64 20 | gen 0.5s | dropped inexpr 3 oversz 0 unbuild 0 {}
 184     0     100               0    0.0878578601    0.0592768163     0.971081235     0.344696738    0.0711967711    0.0430015177
 184     1      50               0    0.0878578601    0.0592768163     0.971081235     0.344696738    0.0711967711    0.0430015177
          wgpu 1d 179g 333c x3w 6ms | egraph 24g->187v+0snap 21ms | graft 37 (-125n, 0 snap) cpu 0 | f64 20 | gen 0.3s | dropped inexpr 3 oversz 0 unbuild 0 {}
 185     0     100               0    0.0878578601    0.0592768163     0.971081235     0.344696738    0.0711967711    0.0430015177
 185     1      50               0    0.0878578601    0.0592768163     0.971081235     0.344696738    0.0711967711    0.0430015177
          wgpu 1d 165g 310c x3w 4ms | egraph 14g->164v+0snap 16ms | graft 27 (-69n, 0 snap) cpu 0 | f64 20 | gen 0.5s
 186     0     100               0    0.0878578601    0.0592768163     0.971081235     0.344696738    0.0711967711    0.0430015177
 186     1      50               0    0.0878578601    0.0592768163     0.971081235     0.344696738    0.0711967711    0.0430015177
          wgpu 1d 169g 306c x3w 4ms | egraph 19g->160v+0snap 6ms | graft 34 (-91n, 0 snap) cpu 0 | f64 20 | gen 0.2s | dropped inexpr 3 oversz 0 unbuild 0 {}
 187     0     100               0    0.0878578601    0.0592768163     0.971081235     0.344696738    0.0711967711    0.0430015177
 187     1      50               0    0.0878578601    0.0592768163     0.971081235     0.344696738    0.0711967711    0.0430015177
          wgpu 1d 147g 314c x3w 8ms | egraph 17g->168v+0snap 9ms | graft 24 (-98n, 0 snap) cpu 0 | f64 20 | gen 0.5s | dropped inexpr 2 oversz 0 unbuild 0 {}
 188     0     100               0    0.0878578601    0.0592768163     0.971081235     0.344696738    0.0711967711    0.0430015177
 188     1      50               0    0.0878578601    0.0592768163     0.971081235     0.344696738    0.0711967711    0.0430015177
          wgpu 1d 135g 298c x3w 4ms | egraph 11g->152v+0snap 12ms | graft 18 (-57n, 0 snap) cpu 0 | f64 20 | gen 0.3s | dropped inexpr 2 oversz 0 unbuild 0 {}
 189     0     100               0    0.0878578601    0.0592768163     0.971081235     0.344696738    0.0711967711    0.0430015177
 189     1      50               0    0.0878578601    0.0592768163     0.971081235     0.344696738    0.0711967711    0.0430015177
          wgpu 1d 176g 328c x3w 4ms | egraph 15g->182v+0snap 10ms | graft 29 (-90n, 0 snap) cpu 0 | f64 20 | gen 0.4s | dropped inexpr 1 oversz 0 unbuild 0 {}
 190     0     100               0    0.0878578601    0.0592768163     0.971081235     0.344696738    0.0711967711    0.0430015177
 190     1      50               0    0.0878578601    0.0592768163     0.971081235     0.344696738    0.0711967711    0.0430015177
          wgpu 1d 136g 301c x3w 5ms | egraph 12g->154v+0snap 8ms | graft 22 (-69n, 0 snap) cpu 0 | f64 20 | gen 0.2s | dropped inexpr 1 oversz 0 unbuild 0 {}
--------- pump migration: intra (promote-2 + intake-reset) ---------
 191     0     100               0    0.0878578601    0.0592768163     0.971081235     0.344696738    0.0711967711    0.0430015177
 191     1      50               0    0.0878578601    0.0592768163     0.971081235     0.344696738    0.0711967711    0.0430015177
          wgpu 2d 354g 482c x3w 8ms | egraph 85g->256v+0snap 30ms | graft 65 (-204n, 0 snap) cpu 0 | f64 30 | gen 0.2s | dropped inexpr 4 oversz 0 unbuild 0 {}
 192     0     100               0    0.0878578601    0.0592768163     0.971081235     0.344696738    0.0711967711    0.0430015177
 192     1      50               0    0.0878578601    0.0592768163     0.971081235     0.344696738    0.0711967711    0.0430015177
          wgpu 1d 151g 315c x3w 5ms | egraph 12g->169v+0snap 5ms | graft 23 (-63n, 0 snap) cpu 0 | f64 20 | gen 0.2s | dropped inexpr 2 oversz 0 unbuild 0 {}
 193     0     100               0    0.0878578601    0.0592768163     0.971081235     0.344696738    0.0711967711    0.0430015177
 193     1      50               0    0.0878578601    0.0592768163     0.971081235     0.344696738    0.0711967711    0.0430015177
          wgpu 1d 165g 318c x3w 4ms | egraph 15g->172v+0snap 14ms | graft 25 (-77n, 0 snap) cpu 0 | f64 20 | gen 0.3s | dropped inexpr 1 oversz 0 unbuild 0 {}
 194     0     100               0    0.0878578601    0.0592768163     0.971081235     0.344696738    0.0711967711    0.0430015177
 194     1      50               0    0.0878578601    0.0592768163     0.971081235     0.344696738    0.0711967711    0.0430015177
          wgpu 1d 141g 308c x3w 4ms | egraph 9g->162v+0snap 8ms | graft 24 (-58n, 0 snap) cpu 0 | f64 20 | gen 0.2s | dropped inexpr 1 oversz 0 unbuild 0 {}
 195     0     100               0    0.0878578601    0.0592768163     0.971081235     0.344696738    0.0711967711    0.0430015177
 195     1      50               0    0.0878578601    0.0592768163     0.971081235     0.344696738    0.0711967711    0.0430015177
          wgpu 1d 150g 307c x3w 4ms | egraph 9g->161v+0snap 9ms | graft 23 (-75n, 0 snap) cpu 0 | f64 20 | gen 0.2s | dropped inexpr 2 oversz 0 unbuild 0 {}
 196     0     100               0    0.0878578601    0.0592768163     0.971081235     0.344696738    0.0711967711    0.0430015177
 196     1      50               0    0.0878578601    0.0592768163     0.971081235     0.344696738    0.0711967711    0.0430015177
          wgpu 1d 143g 311c x3w 5ms | egraph 13g->165v+0snap 11ms | graft 19 (-57n, 0 snap) cpu 0 | f64 20 | gen 0.2s
 197     0     100               0    0.0878578601    0.0592768163     0.971081235     0.344696738    0.0711967711    0.0430015177
 197     1      50               0    0.0878578601    0.0592768163     0.971081235     0.344696738    0.0711967711    0.0430015177
          wgpu 1d 155g 296c x3w 4ms | egraph 13g->150v+0snap 12ms | graft 22 (-68n, 0 snap) cpu 0 | f64 20 | gen 0.3s
 198     0     100               0    0.0878578601    0.0592768163     0.971081235     0.344696738    0.0711967711    0.0430015177
 198     1      50               0    0.0878578601    0.0592768163     0.971081235     0.344696738    0.0711967711    0.0430015177
          wgpu 1d 150g 294c x3w 4ms | egraph 16g->148v+0snap 7ms | graft 22 (-55n, 0 snap) cpu 0 | f64 20 | gen 0.2s | dropped inexpr 1 oversz 0 unbuild 0 {}
 199     0     100               0    0.0878578601    0.0592768163     0.971081235     0.344696738    0.0711967711    0.0430015177
 199     1      50               0    0.0878578601    0.0592768163     0.971081235     0.344696738    0.0711967711    0.0430015177
          wgpu 1d 152g 300c x3w 4ms | egraph 10g->154v+0snap 9ms | graft 25 (-110n, 0 snap) cpu 0 | f64 20 | gen 0.3s
 200     0     100               0    0.0878578601    0.0592768163     0.971081235     0.344696738    0.0711967711    0.0430015177
 200     1      50               0    0.0878578601    0.0592768163     0.971081235     0.344696738    0.0711967711    0.0430015177
          wgpu 1d 166g 323c x3w 4ms | egraph 18g->177v+0snap 17ms | graft 24 (-83n, 0 snap) cpu 0 | f64 20 | gen 0.2s | dropped inexpr 3 oversz 0 unbuild 0 {}
--------- pump migration: intra (promote-2 + intake-reset) ---------
 201     0     100               0    0.0878578601    0.0592768163     0.971081235     0.344696738    0.0711967711    0.0430015177
 201     1      50               0    0.0878578601    0.0592768163     0.971081235     0.344696738    0.0711967711    0.0430015177
          wgpu 2d 321g 477c x3w 8ms | egraph 71g->251v+0snap 26ms | graft 60 (-174n, 0 snap) cpu 0 | f64 30 | gen 0.5s | dropped inexpr 4 oversz 0 unbuild 0 {}
 202     0     100               0    0.0878578601    0.0592768163     0.971081235     0.344696738    0.0711967711    0.0430015177
 202     1      50               0    0.0878578601    0.0592768163     0.971081235     0.344696738    0.0711967711    0.0430015177
          wgpu 1d 180g 333c x3w 5ms | egraph 31g->187v+0snap 11ms | graft 27 (-179n, 0 snap) cpu 0 | f64 20 | gen 0.5s | dropped inexpr 2 oversz 0 unbuild 0 {}
 203     0     100               0    0.0878578601    0.0592768163     0.971081235     0.344696738    0.0711967711    0.0430015177
 203     1      50               0    0.0878578601    0.0592768163     0.971081235     0.344696738    0.0711967711    0.0430015177
          wgpu 1d 166g 314c x3w 4ms | egraph 12g->168v+0snap 8ms | graft 26 (-95n, 0 snap) cpu 0 | f64 20 | gen 0.2s | dropped inexpr 1 oversz 0 unbuild 0 {}
 204     0     100               0    0.0878578601    0.0592768163     0.971081235     0.344696738    0.0711967711    0.0430015177
 204     1      50               0    0.0878578601    0.0592768163     0.971081235     0.344696738    0.0711967711    0.0430015177
          wgpu 1d 165g 304c x3w 4ms | egraph 13g->158v+0snap 13ms | graft 25 (-84n, 0 snap) cpu 0 | f64 20 | gen 0.2s
 205     0     100               0    0.0878578601    0.0592768163     0.971081235     0.344696738    0.0711967711    0.0430015177
 205     1      50               0    0.0878578601    0.0592768163     0.971081235     0.344696738    0.0711967711    0.0430015177
          wgpu 1d 151g 311c x3w 4ms | egraph 12g->165v+0snap 5ms | graft 22 (-54n, 0 snap) cpu 0 | f64 20 | gen 0.2s | dropped inexpr 1 oversz 0 unbuild 0 {}
 206     0     100               0    0.0878578601    0.0592768163     0.971081235     0.344696738    0.0711967711    0.0430015177
 206     1      50               0    0.0878578601    0.0592768163     0.971081235     0.344696738    0.0711967711    0.0430015177
          wgpu 1d 179g 328c x3w 5ms | egraph 26g->182v+0snap 12ms | graft 30 (-87n, 0 snap) cpu 0 | f64 20 | gen 0.4s | dropped inexpr 3 oversz 0 unbuild 0 {}
 207     0     100               0    0.0878578601    0.0592768163     0.971081235     0.344696738    0.0711967711    0.0430015177
 207     1      50               0    0.0878578601    0.0592768163     0.971081235     0.344696738    0.0711967711    0.0430015177
          wgpu 1d 171g 316c x3w 4ms | egraph 21g->170v+0snap 8ms | graft 28 (-95n, 0 snap) cpu 0 | f64 20 | gen 0.3s | dropped inexpr 3 oversz 0 unbuild 0 {}
 208     0     100               0    0.0878578601    0.0592768163     0.971081235     0.344696738    0.0711967711    0.0430015177
 208     1      50               0    0.0878578536    0.0592768168      0.97108123     0.344696752    0.0711967659    0.0430015181
          wgpu 1d 149g 318c x3w 4ms | egraph 17g->172v+0snap 8ms | graft 23 (-60n, 0 snap) cpu 0 | f64 20 | gen 0.3s | dropped inexpr 2 oversz 0 unbuild 0 {}
 209     0     100               0    0.0878578601    0.0592768163     0.971081235     0.344696738    0.0711967711    0.0430015177
 209     1      50               0    0.0878578536    0.0592768168      0.97108123     0.344696752    0.0711967659    0.0430015181
          wgpu 1d 179g 311c x3w 4ms | egraph 22g->165v+0snap 13ms | graft 25 (-77n, 0 snap) cpu 0 | f64 20 | gen 0.2s
 210     0     100               0    0.0878578601    0.0592768163     0.971081235     0.344696738    0.0711967711    0.0430015177
 210     1      50               0    0.0878578536    0.0592768168      0.97108123     0.344696752    0.0711967659    0.0430015181
          wgpu 1d 150g 295c x3w 4ms | egraph 20g->149v+0snap 6ms | graft 29 (-91n, 0 snap) cpu 0 | f64 20 | gen 0.2s | dropped inexpr 2 oversz 0 unbuild 0 {}
--------- pump migration: intra (promote-2 + intake-reset) + cross ---------
 211     0     100               0    0.0878578601    0.0592768163     0.971081235     0.344696738    0.0711967711    0.0430015177
 211     1      50               0    0.0878578601    0.0592768163     0.971081235     0.344696738    0.0711967711    0.0430015177
          wgpu 2d 388g 481c x3w 13ms | egraph 98g->255v+0snap 30ms | graft 75 (-220n, 0 snap) cpu 0 | f64 30 | gen 0.2s | dropped inexpr 10 oversz 0 unbuild 0 {}
 212     0     100               0    0.0878578601    0.0592768163     0.971081235     0.344696738    0.0711967711    0.0430015177
 212     1      50               0    0.0878578601    0.0592768163     0.971081235     0.344696738    0.0711967711    0.0430015177
          wgpu 1d 146g 308c x3w 5ms | egraph 14g->162v+0snap 8ms | graft 15 (-43n, 0 snap) cpu 0 | f64 20 | gen 0.2s | dropped inexpr 3 oversz 0 unbuild 0 {}
 213     0     100               0    0.0878578601    0.0592768163     0.971081235     0.344696738    0.0711967711    0.0430015177
 213     1      50               0    0.0878578601    0.0592768163     0.971081235     0.344696738    0.0711967711    0.0430015177
          wgpu 1d 165g 315c x3w 5ms | egraph 13g->169v+0snap 10ms | graft 22 (-115n, 0 snap) cpu 0 | f64 20 | gen 0.2s | dropped inexpr 1 oversz 0 unbuild 0 {}
 214     0     100               0    0.0878578601    0.0592768163     0.971081235     0.344696738    0.0711967711    0.0430015177
 214     1      50               0    0.0878578601    0.0592768163     0.971081235     0.344696738    0.0711967711    0.0430015177
          wgpu 1d 185g 322c x3w 13ms | egraph 22g->176v+0snap 10ms | graft 36 (-134n, 0 snap) cpu 0 | f64 20 | gen 0.3s | dropped inexpr 3 oversz 0 unbuild 0 {}
 215     0     100               0    0.0878578601    0.0592768163     0.971081235     0.344696738    0.0711967711    0.0430015177
 215     1      50               0    0.0878578601    0.0592768163     0.971081235     0.344696738    0.0711967711    0.0430015177
          wgpu 1d 145g 313c x3w 7ms | egraph 20g->167v+0snap 11ms | graft 27 (-90n, 0 snap) cpu 0 | f64 20 | gen 0.3s | dropped inexpr 2 oversz 0 unbuild 0 {}
 216     0     100               0    0.0878578601    0.0592768163     0.971081235     0.344696738    0.0711967711    0.0430015177
 216     1      50               0    0.0878578601    0.0592768163     0.971081235     0.344696738    0.0711967711    0.0430015177
          wgpu 1d 152g 313c x3w 4ms | egraph 16g->167v+0snap 14ms | graft 30 (-107n, 0 snap) cpu 0 | f64 20 | gen 0.2s | dropped inexpr 2 oversz 0 unbuild 0 {}
 217     0     100               0    0.0878578601    0.0592768163     0.971081235     0.344696738    0.0711967711    0.0430015177
 217     1      50               0    0.0878578601    0.0592768163     0.971081235     0.344696738    0.0711967711    0.0430015177
          wgpu 1d 157g 325c x3w 9ms | egraph 21g->179v+0snap 11ms | graft 31 (-116n, 0 snap) cpu 0 | f64 20 | gen 0.2s
 218     0     100               0    0.0878578601    0.0592768163     0.971081235     0.344696738    0.0711967711    0.0430015177
 218     1      50               0    0.0878578601    0.0592768163     0.971081235     0.344696738    0.0711967711    0.0430015177
          wgpu 1d 148g 302c x3w 4ms | egraph 18g->156v+0snap 7ms | graft 25 (-72n, 0 snap) cpu 0 | f64 20 | gen 0.3s | dropped inexpr 1 oversz 0 unbuild 0 {}
 219     0     100               0    0.0878578601    0.0592768163     0.971081235     0.344696738    0.0711967711    0.0430015177
 219     1      50               0    0.0878578601    0.0592768163     0.971081235     0.344696738    0.0711967711    0.0430015177
          wgpu 1d 158g 323c x3w 4ms | egraph 14g->177v+0snap 10ms | graft 35 (-93n, 0 snap) cpu 0 | f64 20 | gen 0.5s | dropped inexpr 2 oversz 0 unbuild 0 {}
 220     0     100               0    0.0878578601    0.0592768163     0.971081235     0.344696738    0.0711967711    0.0430015177
 220     1      50               0    0.0878578601    0.0592768163     0.971081235     0.344696738    0.0711967711    0.0430015177
          wgpu 1d 175g 314c x3w 4ms | egraph 23g->168v+0snap 11ms | graft 20 (-59n, 0 snap) cpu 0 | f64 20 | gen 0.2s | dropped inexpr 2 oversz 0 unbuild 0 {}
--------- pump migration: intra (promote-2 + intake-reset) ---------
 221     0     100               0    0.0878578601    0.0592768163     0.971081235     0.344696738    0.0711967711    0.0430015177
 221     1      50               0    0.0878578601    0.0592768163     0.971081235     0.344696738    0.0711967711    0.0430015177
          wgpu 2d 416g 514c x3w 9ms | egraph 99g->288v+0snap 39ms | graft 64 (-222n, 0 snap) cpu 0 | f64 30 | gen 0.3s | dropped inexpr 2 oversz 0 unbuild 0 {}
 222     0     100               0    0.0878578601    0.0592768163     0.971081235     0.344696738    0.0711967711    0.0430015177
 222     1      50               0    0.0878578601    0.0592768163     0.971081235     0.344696738    0.0711967711    0.0430015177
          wgpu 1d 154g 318c x3w 4ms | egraph 19g->172v+0snap 10ms | graft 26 (-83n, 0 snap) cpu 0 | f64 20 | gen 0.2s | dropped inexpr 2 oversz 0 unbuild 0 {}
 223     0     100               0    0.0878578601    0.0592768163     0.971081235     0.344696738    0.0711967711    0.0430015177
 223     1      50               0    0.0878578601    0.0592768163     0.971081235     0.344696738    0.0711967711    0.0430015177
          wgpu 1d 172g 325c x3w 5ms | egraph 22g->179v+0snap 12ms | graft 35 (-97n, 0 snap) cpu 0 | f64 20 | gen 0.4s
 224     0     100               0    0.0878578601    0.0592768163     0.971081235     0.344696738    0.0711967711    0.0430015177
 224     1      50               0    0.0878578601    0.0592768163     0.971081235     0.344696738    0.0711967711    0.0430015177
          wgpu 1d 163g 323c x3w 5ms | egraph 15g->177v+0snap 10ms | graft 32 (-85n, 0 snap) cpu 0 | f64 20 | gen 0.4s | dropped inexpr 1 oversz 0 unbuild 0 {}
 225     0     100               0    0.0878578601    0.0592768163     0.971081235     0.344696738    0.0711967711    0.0430015177
 225     1      50               0    0.0878578601    0.0592768163     0.971081235     0.344696738    0.0711967711    0.0430015177
          wgpu 1d 140g 308c x3w 6ms | egraph 8g->162v+0snap 4ms | graft 27 (-55n, 0 snap) cpu 0 | f64 20 | gen 0.2s | dropped inexpr 2 oversz 0 unbuild 0 {}
 226     0     100               0    0.0878578601    0.0592768163     0.971081235     0.344696738    0.0711967711    0.0430015177
 226     1      50               0    0.0878578601    0.0592768163     0.971081235     0.344696738    0.0711967711    0.0430015177
          wgpu 1d 165g 329c x3w 5ms | egraph 19g->183v+0snap 5ms | graft 30 (-83n, 0 snap) cpu 0 | f64 20 | gen 0.2s | dropped inexpr 3 oversz 0 unbuild 0 {}
 227     0     100               0    0.0878578601    0.0592768163     0.971081235     0.344696738    0.0711967711    0.0430015177
 227     1      50               0    0.0878578601    0.0592768163     0.971081235     0.344696738    0.0711967711    0.0430015177
          wgpu 1d 141g 303c x3w 4ms | egraph 11g->157v+0snap 13ms | graft 21 (-90n, 0 snap) cpu 0 | f64 20 | gen 0.2s | dropped inexpr 3 oversz 0 unbuild 1 {'length': 1}
 228     0     100               0    0.0878578601    0.0592768163     0.971081235     0.344696738    0.0711967711    0.0430015177
 228     1      50               0    0.0878578601    0.0592768163     0.971081235     0.344696738    0.0711967711    0.0430015177
          wgpu 1d 175g 313c x3w 7ms | egraph 14g->167v+0snap 10ms | graft 24 (-81n, 0 snap) cpu 0 | f64 20 | gen 0.3s | dropped inexpr 2 oversz 0 unbuild 0 {}
 229     0     100               0    0.0878578601    0.0592768163     0.971081235     0.344696738    0.0711967711    0.0430015177
 229     1      50               0    0.0878578601    0.0592768163     0.971081235     0.344696738    0.0711967711    0.0430015177
          wgpu 1d 162g 312c x3w 5ms | egraph 15g->166v+0snap 16ms | graft 23 (-62n, 0 snap) cpu 0 | f64 20 | gen 0.2s
 230     0     100               0    0.0878578601    0.0592768163     0.971081235     0.344696738    0.0711967711    0.0430015177
 230     1      50               0    0.0878578601    0.0592768163     0.971081235     0.344696738    0.0711967711    0.0430015177
          wgpu 1d 154g 317c x3w 4ms | egraph 19g->171v+0snap 9ms | graft 24 (-82n, 0 snap) cpu 0 | f64 20 | gen 0.3s | dropped inexpr 2 oversz 0 unbuild 0 {}
--------- pump migration: intra (promote-2 + intake-reset) ---------
 231     0     100               0    0.0878578601    0.0592768163     0.971081235     0.344696738    0.0711967711    0.0430015177
 231     1      50               0    0.0878578601    0.0592768163     0.971081235     0.344696738    0.0711967711    0.0430015177
          wgpu 2d 407g 545c x3w 9ms | egraph 96g->319v+0snap 31ms | graft 65 (-272n, 0 snap) cpu 0 | f64 30 | gen 0.3s | dropped inexpr 4 oversz 0 unbuild 0 {}
 232     0     100               0    0.0878578601    0.0592768163     0.971081235     0.344696738    0.0711967711    0.0430015177
 232     1      50               0    0.0878578601    0.0592768163     0.971081235     0.344696738    0.0711967711    0.0430015177
          wgpu 1d 140g 316c x3w 4ms | egraph 15g->170v+0snap 6ms | graft 23 (-60n, 0 snap) cpu 0 | f64 20 | gen 0.2s
 233     0     100               0    0.0878578601    0.0592768163     0.971081235     0.344696738    0.0711967711    0.0430015177
 233     1      50               0    0.0878578601    0.0592768163     0.971081235     0.344696738    0.0711967711    0.0430015177
          wgpu 1d 178g 338c x3w 5ms | egraph 29g->192v+0snap 20ms | graft 28 (-85n, 0 snap) cpu 0 | f64 20 | gen 0.6s | dropped inexpr 3 oversz 0 unbuild 0 {}
 234     0     100               0    0.0878578601    0.0592768163     0.971081235     0.344696738    0.0711967711    0.0430015177
 234     1      50               0    0.0878578601    0.0592768163     0.971081235     0.344696738    0.0711967711    0.0430015177
          wgpu 1d 161g 318c x3w 4ms | egraph 21g->172v+0snap 12ms | graft 30 (-98n, 0 snap) cpu 0 | f64 20 | gen 0.2s | dropped inexpr 2 oversz 0 unbuild 0 {}
 235     0     100               0    0.0878578601    0.0592768163     0.971081235     0.344696738    0.0711967711    0.0430015177
 235     1      50               0    0.0878578601    0.0592768163     0.971081235     0.344696738    0.0711967711    0.0430015177
          wgpu 1d 169g 330c x3w 4ms | egraph 19g->184v+0snap 17ms | graft 31 (-97n, 0 snap) cpu 0 | f64 20 | gen 0.2s
 236     0     100               0    0.0878578601    0.0592768163     0.971081235     0.344696738    0.0711967711    0.0430015177
 236     1      50               0    0.0878578601    0.0592768163     0.971081235     0.344696738    0.0711967711    0.0430015177
          wgpu 1d 151g 316c x3w 4ms | egraph 16g->170v+0snap 9ms | graft 26 (-69n, 0 snap) cpu 0 | f64 20 | gen 0.3s | dropped inexpr 1 oversz 0 unbuild 0 {}
 237     0     100               0    0.0878578601    0.0592768163     0.971081235     0.344696738    0.0711967711    0.0430015177
 237     1      50               0    0.0878578601    0.0592768163     0.971081235     0.344696738    0.0711967711    0.0430015177
          wgpu 1d 179g 335c x3w 4ms | egraph 24g->189v+0snap 15ms | graft 30 (-122n, 0 snap) cpu 0 | f64 20 | gen 0.2s | dropped inexpr 4 oversz 0 unbuild 0 {}
 238     0     100               0    0.0878578601    0.0592768163     0.971081235     0.344696738    0.0711967711    0.0430015177
 238     1      50               0    0.0878578601    0.0592768163     0.971081235     0.344696738    0.0711967711    0.0430015177
          wgpu 1d 158g 334c x3w 4ms | egraph 15g->188v+0snap 8ms | graft 28 (-77n, 0 snap) cpu 0 | f64 20 | gen 0.3s | dropped inexpr 2 oversz 0 unbuild 0 {}
 239     0     100               0    0.0878578601    0.0592768163     0.971081235     0.344696738    0.0711967711    0.0430015177
 239     1      50               0    0.0878578601    0.0592768163     0.971081235     0.344696738    0.0711967711    0.0430015177
          wgpu 1d 170g 331c x3w 4ms | egraph 25g->185v+0snap 12ms | graft 31 (-75n, 0 snap) cpu 0 | f64 20 | gen 0.3s | dropped inexpr 1 oversz 0 unbuild 0 {}
 240     0     100               0    0.0878578601    0.0592768163     0.971081235     0.344696738    0.0711967711    0.0430015177
 240     1      50               0    0.0878578601    0.0592768163     0.971081235     0.344696738    0.0711967711    0.0430015177
          wgpu 1d 190g 346c x3w 5ms | egraph 27g->200v+0snap 15ms | graft 39 (-124n, 0 snap) cpu 0 | f64 20 | gen 0.3s | dropped inexpr 3 oversz 0 unbuild 0 {}
--------- pump migration: intra (promote-2 + intake-reset) + cross ---------
 241     0     100               0    0.0878578601    0.0592768163     0.971081235     0.344696738    0.0711967711    0.0430015177
 241     1      50               0    0.0878578601    0.0592768163     0.971081235     0.344696738    0.0711967711    0.0430015177
          wgpu 2d 429g 516c x3w 9ms | egraph 93g->290v+0snap 40ms | graft 75 (-284n, 0 snap) cpu 0 | f64 30 | gen 0.2s | dropped inexpr 8 oversz 0 unbuild 0 {}
 242     0     100               0    0.0878578601    0.0592768163     0.971081235     0.344696738    0.0711967711    0.0430015177
 242     1      50               0    0.0878578601    0.0592768163     0.971081235     0.344696738    0.0711967711    0.0430015177
          wgpu 1d 183g 335c x3w 5ms | egraph 21g->189v+0snap 13ms | graft 24 (-73n, 0 snap) cpu 0 | f64 20 | gen 0.3s | dropped inexpr 1 oversz 0 unbuild 0 {}
 243     0     100               0    0.0878578601    0.0592768163     0.971081235     0.344696738    0.0711967711    0.0430015177
 243     1      50               0    0.0878578601    0.0592768163     0.971081235     0.344696738    0.0711967711    0.0430015177
          wgpu 1d 171g 355c x3w 6ms | egraph 19g->209v+0snap 9ms | graft 28 (-68n, 0 snap) cpu 0 | f64 20 | gen 0.3s
 244     0     100               0    0.0878578601    0.0592768163     0.971081235     0.344696738    0.0711967711    0.0430015177
 244     1      50               0    0.0878578601    0.0592768163     0.971081235     0.344696738    0.0711967711    0.0430015177
          wgpu 1d 181g 344c x3w 6ms | egraph 26g->198v+0snap 13ms | graft 20 (-103n, 0 snap) cpu 0 | f64 20 | gen 0.5s | dropped inexpr 1 oversz 0 unbuild 0 {}
 245     0     100               0    0.0878578601    0.0592768163     0.971081235     0.344696738    0.0711967711    0.0430015177
 245     1      50               0    0.0878578601    0.0592768163     0.971081235     0.344696738    0.0711967711    0.0430015177
          wgpu 1d 218g 367c x3w 5ms | egraph 29g->221v+0snap 9ms | graft 27 (-93n, 0 snap) cpu 0 | f64 20 | gen 0.3s
 246     0     100               0    0.0878578601    0.0592768163     0.971081235     0.344696738    0.0711967711    0.0430015177
 246     1      50               0    0.0878578601    0.0592768163     0.971081235     0.344696738    0.0711967711    0.0430015177
          wgpu 1d 174g 345c x3w 4ms | egraph 19g->199v+0snap 13ms | graft 28 (-94n, 0 snap) cpu 0 | f64 20 | gen 0.5s | dropped inexpr 3 oversz 0 unbuild 0 {}
 247     0     100               0    0.0878578601    0.0592768163     0.971081235     0.344696738    0.0711967711    0.0430015177
 247     1      50               0    0.0878578601    0.0592768163     0.971081235     0.344696738    0.0711967711    0.0430015177
          wgpu 1d 182g 340c x3w 4ms | egraph 23g->194v+0snap 7ms | graft 29 (-96n, 0 snap) cpu 0 | f64 20 | gen 0.4s
 248     0     100               0    0.0878578601    0.0592768163     0.971081235     0.344696738    0.0711967711    0.0430015177
 248     1      50               0    0.0878578601    0.0592768163     0.971081235     0.344696738    0.0711967711    0.0430015177
          wgpu 1d 204g 337c x3w 5ms | egraph 19g->191v+0snap 11ms | graft 23 (-63n, 0 snap) cpu 0 | f64 20 | gen 0.5s | dropped inexpr 1 oversz 0 unbuild 0 {}
 249     0     100               0    0.0878578601    0.0592768163     0.971081235     0.344696738    0.0711967711    0.0430015177
 249     1      50               0    0.0878578601    0.0592768163     0.971081235     0.344696738    0.0711967711    0.0430015177
          wgpu 1d 168g 317c x3w 5ms | egraph 18g->171v+0snap 13ms | graft 22 (-46n, 0 snap) cpu 0 | f64 20 | gen 0.2s | dropped inexpr 1 oversz 0 unbuild 0 {}
 250     0     100               0    0.0878578601    0.0592768163     0.971081235     0.344696738    0.0711967711    0.0430015177
 250     1      50               0    0.0878578601    0.0592768163     0.971081235     0.344696738    0.0711967711    0.0430015177
          wgpu 1d 166g 315c x3w 4ms | egraph 14g->169v+0snap 4ms | graft 26 (-59n, 0 snap) cpu 0 | f64 20 | gen 0.2s
--------- pump migration: intra (promote-2 + intake-reset) ---------
 251     0     100               0    0.0878578601    0.0592768163     0.971081235     0.344696738    0.0711967711    0.0430015177
 251     1      50               0    0.0878578601    0.0592768163     0.971081235     0.344696738    0.0711967711    0.0430015177
          wgpu 2d 403g 510c x3w 9ms | egraph 83g->284v+0snap 60ms | graft 77 (-317n, 0 snap) cpu 0 | f64 30 | gen 0.2s | dropped inexpr 4 oversz 0 unbuild 0 {}
 252     0     100               0    0.0878578601    0.0592768163     0.971081235     0.344696738    0.0711967711    0.0430015177
 252     1      50               0    0.0878578601    0.0592768163     0.971081235     0.344696738    0.0711967711    0.0430015177
          wgpu 1d 162g 319c x3w 4ms | egraph 11g->173v+0snap 5ms | graft 31 (-95n, 0 snap) cpu 0 | f64 20 | gen 0.2s | dropped inexpr 2 oversz 0 unbuild 0 {}
 253     0     100               0    0.0878578601    0.0592768163     0.971081235     0.344696738    0.0711967711    0.0430015177
 253     1      50               0    0.0878578601    0.0592768163     0.971081235     0.344696738    0.0711967711    0.0430015177
          wgpu 1d 176g 315c x3w 5ms | egraph 17g->169v+0snap 11ms | graft 26 (-78n, 0 snap) cpu 0 | f64 20 | gen 0.4s
 254     0     100               0    0.0878578601    0.0592768163     0.971081235     0.344696738    0.0711967711    0.0430015177
 254     1      50               0    0.0878578601    0.0592768163     0.971081235     0.344696738    0.0711967711    0.0430015177
          wgpu 1d 140g 297c x3w 4ms | egraph 13g->151v+0snap 16ms | graft 28 (-75n, 0 snap) cpu 0 | f64 20 | gen 0.2s
 255     0     100               0    0.0878578601    0.0592768163     0.971081235     0.344696738    0.0711967711    0.0430015177
 255     1      50               0    0.0878578601    0.0592768163     0.971081235     0.344696738    0.0711967711    0.0430015177
          wgpu 1d 165g 318c x3w 4ms | egraph 10g->172v+0snap 9ms | graft 31 (-83n, 0 snap) cpu 0 | f64 20 | gen 0.3s | dropped inexpr 1 oversz 0 unbuild 0 {}
 256     0     100               0    0.0878578601    0.0592768163     0.971081235     0.344696738    0.0711967711    0.0430015177
 256     1      50               0    0.0878578601    0.0592768163     0.971081235     0.344696738    0.0711967711    0.0430015177
          wgpu 1d 142g 310c x3w 4ms | egraph 11g->164v+0snap 9ms | graft 29 (-84n, 0 snap) cpu 0 | f64 20 | gen 0.7s
 257     0     100               0    0.0878578601    0.0592768163     0.971081235     0.344696738    0.0711967711    0.0430015177
 257     1      50               0    0.0878578601    0.0592768163     0.971081235     0.344696738    0.0711967711    0.0430015177
          wgpu 1d 152g 297c x3w 5ms | egraph 14g->151v+0snap 14ms | graft 25 (-67n, 0 snap) cpu 0 | f64 20 | gen 0.2s | dropped inexpr 2 oversz 0 unbuild 0 {}
 258     0     100               0    0.0878578601    0.0592768163     0.971081235     0.344696738    0.0711967711    0.0430015177
 258     1      50               0    0.0878578601    0.0592768163     0.971081235     0.344696738    0.0711967711    0.0430015177
          wgpu 1d 163g 322c x3w 4ms | egraph 18g->176v+0snap 7ms | graft 30 (-95n, 0 snap) cpu 0 | f64 20 | gen 0.3s | dropped inexpr 1 oversz 0 unbuild 0 {}
 259     0     100               0    0.0878578601    0.0592768163     0.971081235     0.344696738    0.0711967711    0.0430015177
 259     1      50               0    0.0878578536    0.0592768168      0.97108123     0.344696752    0.0711967659    0.0430015181
          wgpu 1d 130g 290c x3w 10ms | egraph 11g->144v+0snap 3ms | graft 15 (-28n, 0 snap) cpu 0 | f64 20 | gen 0.2s | dropped inexpr 1 oversz 0 unbuild 0 {}
 260     0     100               0    0.0878578601    0.0592768163     0.971081235     0.344696738    0.0711967711    0.0430015177
 260     1      50               0    0.0878578536    0.0592768168      0.97108123     0.344696752    0.0711967659    0.0430015181
          wgpu 1d 170g 318c x3w 4ms | egraph 15g->172v+0snap 17ms | graft 25 (-88n, 0 snap) cpu 0 | f64 20 | gen 0.2s | dropped inexpr 1 oversz 0 unbuild 0 {}
--------- pump migration: intra (promote-2 + intake-reset) ---------
 261     0     100               0    0.0878578601    0.0592768163     0.971081235     0.344696738    0.0711967711    0.0430015177
 261     1      50               0    0.0878578601    0.0592768163     0.971081235     0.344696738    0.0711967711    0.0430015177
          wgpu 2d 395g 500c x3w 9ms | egraph 95g->274v+0snap 28ms | graft 71 (-217n, 0 snap) cpu 0 | f64 30 | gen 0.2s | dropped inexpr 1 oversz 0 unbuild 0 {}
 262     0     100               0    0.0878578601    0.0592768163     0.971081235     0.344696738    0.0711967711    0.0430015177
 262     1      50               0    0.0878578601    0.0592768163     0.971081235     0.344696738    0.0711967711    0.0430015177
          wgpu 1d 166g 309c x3w 8ms | egraph 13g->163v+0snap 9ms | graft 29 (-134n, 0 snap) cpu 0 | f64 20 | gen 0.5s
 263     0     100               0    0.0878578601    0.0592768163     0.971081235     0.344696738    0.0711967711    0.0430015177
 263     1      50               0    0.0878578601    0.0592768163     0.971081235     0.344696738    0.0711967711    0.0430015177
          wgpu 1d 152g 284c x3w 4ms | egraph 11g->138v+0snap 9ms | graft 21 (-62n, 0 snap) cpu 0 | f64 20 | gen 0.2s
 264     0     100               0    0.0878578601    0.0592768163     0.971081235     0.344696738    0.0711967711    0.0430015177
 264     1      50               0    0.0878578601    0.0592768163     0.971081235     0.344696738    0.0711967711    0.0430015177
          wgpu 1d 156g 309c x3w 4ms | egraph 15g->163v+0snap 5ms | graft 33 (-106n, 0 snap) cpu 0 | f64 20 | gen 0.2s
 265     0     100               0    0.0878578601    0.0592768163     0.971081235     0.344696738    0.0711967711    0.0430015177
 265     1      50               0    0.0878578601    0.0592768163     0.971081235     0.344696738    0.0711967711    0.0430015177
          wgpu 1d 180g 322c x3w 5ms | egraph 19g->176v+0snap 15ms | graft 33 (-167n, 0 snap) cpu 0 | f64 20 | gen 0.4s
 266     0     100               0    0.0878578601    0.0592768163     0.971081235     0.344696738    0.0711967711    0.0430015177
 266     1      50               0    0.0878578601    0.0592768163     0.971081235     0.344696738    0.0711967711    0.0430015177
          wgpu 1d 156g 304c x3w 4ms | egraph 12g->158v+0snap 9ms | graft 28 (-73n, 0 snap) cpu 0 | f64 20 | gen 0.2s | dropped inexpr 1 oversz 0 unbuild 0 {}
 267     0     100               0    0.0878578601    0.0592768163     0.971081235     0.344696738    0.0711967711    0.0430015177
 267     1      50               0    0.0878578601    0.0592768163     0.971081235     0.344696738    0.0711967711    0.0430015177
          wgpu 1d 149g 313c x3w 4ms | egraph 9g->167v+0snap 16ms | graft 20 (-106n, 0 snap) cpu 0 | f64 20 | gen 0.5s | dropped inexpr 1 oversz 0 unbuild 0 {}
 268     0     100               0    0.0878578601    0.0592768163     0.971081235     0.344696738    0.0711967711    0.0430015177
 268     1      50               0    0.0878578601    0.0592768163     0.971081235     0.344696738    0.0711967711    0.0430015177
          wgpu 1d 155g 313c x3w 9ms | egraph 17g->167v+0snap 8ms | graft 19 (-67n, 0 snap) cpu 0 | f64 20 | gen 0.3s | dropped inexpr 1 oversz 0 unbuild 0 {}
 269     0     100               0    0.0878578601    0.0592768163     0.971081235     0.344696738    0.0711967711    0.0430015177
 269     1      50               0    0.0878578601    0.0592768163     0.971081235     0.344696738    0.0711967711    0.0430015177
          wgpu 1d 158g 291c x3w 4ms | egraph 13g->145v+0snap 5ms | graft 24 (-70n, 0 snap) cpu 0 | f64 20 | gen 0.2s | dropped inexpr 1 oversz 0 unbuild 0 {}
 270     0     100               0    0.0878578601    0.0592768163     0.971081235     0.344696738    0.0711967711    0.0430015177
 270     1      50               0    0.0878578601    0.0592768163     0.971081235     0.344696738    0.0711967711    0.0430015177
          wgpu 1d 141g 316c x3w 4ms | egraph 14g->170v+0snap 6ms | graft 19 (-107n, 0 snap) cpu 0 | f64 20 | gen 0.2s | dropped inexpr 1 oversz 0 unbuild 0 {}
--------- pump migration: intra (promote-2 + intake-reset) + cross ---------
 271     0     100               0    0.0878578601    0.0592768163     0.971081235     0.344696738    0.0711967711    0.0430015177
 271     1      50               0    0.0878578601    0.0592768163     0.971081235     0.344696738    0.0711967711    0.0430015177
          wgpu 2d 415g 516c x3w 11ms | egraph 93g->290v+0snap 31ms | graft 69 (-232n, 0 snap) cpu 0 | f64 30 | gen 0.5s | dropped inexpr 8 oversz 0 unbuild 0 {}
 272     0     100               0    0.0878578601    0.0592768163     0.971081235     0.344696738    0.0711967711    0.0430015177
 272     1      50               0    0.0878578601    0.0592768163     0.971081235     0.344696738    0.0711967711    0.0430015177
          wgpu 1d 167g 319c x3w 13ms | egraph 17g->173v+0snap 5ms | graft 33 (-81n, 0 snap) cpu 0 | f64 20 | gen 0.2s | dropped inexpr 2 oversz 0 unbuild 0 {}
 273     0     100               0    0.0878578601    0.0592768163     0.971081235     0.344696738    0.0711967711    0.0430015177
 273     1      50               0    0.0878578601    0.0592768163     0.971081235     0.344696738    0.0711967711    0.0430015177
          wgpu 1d 161g 311c x3w 4ms | egraph 16g->165v+0snap 11ms | graft 23 (-61n, 0 snap) cpu 0 | f64 20 | gen 0.2s | dropped inexpr 3 oversz 0 unbuild 0 {}
 274     0     100               0    0.0878578601    0.0592768163     0.971081235     0.344696738    0.0711967711    0.0430015177
 274     1      50               0    0.0878578601    0.0592768163     0.971081235     0.344696738    0.0711967711    0.0430015177
          wgpu 1d 190g 333c x3w 5ms | egraph 16g->187v+0snap 8ms | graft 33 (-101n, 0 snap) cpu 0 | f64 20 | gen 0.5s | dropped inexpr 3 oversz 0 unbuild 0 {}
 275     0     100               0    0.0878578601    0.0592768163     0.971081235     0.344696738    0.0711967711    0.0430015177
 275     1      50               0    0.0878578601    0.0592768163     0.971081235     0.344696738    0.0711967711    0.0430015177
          wgpu 1d 169g 311c x3w 4ms | egraph 19g->165v+0snap 12ms | graft 29 (-91n, 0 snap) cpu 0 | f64 20 | gen 0.4s | dropped inexpr 1 oversz 0 unbuild 0 {}
 276     0     100               0    0.0878578601    0.0592768163     0.971081235     0.344696738    0.0711967711    0.0430015177
 276     1      50               0    0.0878578601    0.0592768163     0.971081235     0.344696738    0.0711967711    0.0430015177
          wgpu 1d 161g 317c x3w 5ms | egraph 14g->171v+0snap 12ms | graft 27 (-78n, 0 snap) cpu 0 | f64 20 | gen 0.2s
 277     0     100               0    0.0878578601    0.0592768163     0.971081235     0.344696738    0.0711967711    0.0430015177
 277     1      50               0    0.0878578601    0.0592768163     0.971081235     0.344696738    0.0711967711    0.0430015177
          wgpu 1d 133g 308c x3w 4ms | egraph 8g->162v+0snap 6ms | graft 14 (-33n, 0 snap) cpu 0 | f64 20 | gen 0.2s
 278     0     100               0    0.0878578601    0.0592768163     0.971081235     0.344696738    0.0711967711    0.0430015177
 278     1      50               0    0.0878578601    0.0592768163     0.971081235     0.344696738    0.0711967711    0.0430015177
          wgpu 1d 158g 318c x3w 5ms | egraph 14g->172v+0snap 10ms | graft 32 (-77n, 0 snap) cpu 0 | f64 20 | gen 0.3s | dropped inexpr 2 oversz 0 unbuild 0 {}
 279     0     100               0    0.0878578601    0.0592768163     0.971081235     0.344696738    0.0711967711    0.0430015177
 279     1      50               0    0.0878578601    0.0592768163     0.971081235     0.344696738    0.0711967711    0.0430015177
          wgpu 1d 162g 312c x3w 4ms | egraph 9g->166v+0snap 9ms | graft 32 (-102n, 0 snap) cpu 0 | f64 20 | gen 0.3s | dropped inexpr 1 oversz 0 unbuild 0 {}
 280     0     100               0    0.0878578601    0.0592768163     0.971081235     0.344696738    0.0711967711    0.0430015177
 280     1      50               0    0.0878578601    0.0592768163     0.971081235     0.344696738    0.0711967711    0.0430015177
          wgpu 1d 163g 317c x3w 6ms | egraph 13g->171v+0snap 10ms | graft 27 (-112n, 0 snap) cpu 0 | f64 20 | gen 0.2s | dropped inexpr 1 oversz 0 unbuild 0 {}
--------- pump migration: intra (promote-2 + intake-reset) ---------
 281     0     100               0    0.0878578601    0.0592768163     0.971081235     0.344696738    0.0711967711    0.0430015177
 281     1      50               0    0.0878578601    0.0592768163     0.971081235     0.344696738    0.0711967711    0.0430015177
          wgpu 2d 376g 490c x3w 9ms | egraph 83g->264v+0snap 23ms | graft 59 (-244n, 0 snap) cpu 0 | f64 30 | gen 0.2s | dropped inexpr 6 oversz 0 unbuild 0 {}
 282     0     100               0    0.0878578601    0.0592768163     0.971081235     0.344696738    0.0711967711    0.0430015177
 282     1      50               0    0.0878578601    0.0592768163     0.971081235     0.344696738    0.0711967711    0.0430015177
          wgpu 1d 146g 313c x3w 4ms | egraph 11g->167v+0snap 4ms | graft 25 (-67n, 0 snap) cpu 0 | f64 20 | gen 0.2s
 283     0     100               0    0.0878578601    0.0592768163     0.971081235     0.344696738    0.0711967711    0.0430015177
 283     1      50               0    0.0878578601    0.0592768163     0.971081235     0.344696738    0.0711967711    0.0430015177
          wgpu 1d 162g 302c x3w 6ms | egraph 14g->156v+0snap 9ms | graft 25 (-62n, 0 snap) cpu 0 | f64 20 | gen 0.2s
 284     0     100               0    0.0878578601    0.0592768163     0.971081235     0.344696738    0.0711967711    0.0430015177
 284     1      50               0    0.0878578601    0.0592768163     0.971081235     0.344696738    0.0711967711    0.0430015177
          wgpu 1d 155g 314c x3w 4ms | egraph 11g->168v+0snap 5ms | graft 24 (-62n, 0 snap) cpu 0 | f64 20 | gen 0.2s | dropped inexpr 1 oversz 0 unbuild 0 {}
 285     0     100               0    0.0878578601    0.0592768163     0.971081235     0.344696738    0.0711967711    0.0430015177
 285     1      50               0    0.0878578601    0.0592768163     0.971081235     0.344696738    0.0711967711    0.0430015177
          wgpu 1d 158g 325c x3w 12ms | egraph 14g->179v+0snap 12ms | graft 29 (-86n, 0 snap) cpu 0 | f64 20 | gen 0.2s | dropped inexpr 3 oversz 0 unbuild 0 {}
 286     0     100               0    0.0878578601    0.0592768163     0.971081235     0.344696738    0.0711967711    0.0430015177
 286     1      50               0    0.0878578536    0.0592768168      0.97108123     0.344696752    0.0711967659    0.0430015181
          wgpu 1d 158g 303c x3w 4ms | egraph 13g->157v+0snap 8ms | graft 20 (-62n, 0 snap) cpu 0 | f64 20 | gen 0.2s | dropped inexpr 1 oversz 0 unbuild 0 {}
 287     0     100               0    0.0878578601    0.0592768163     0.971081235     0.344696738    0.0711967711    0.0430015177
 287     1      50               0    0.0878578601    0.0592768163     0.971081235     0.344696738    0.0711967711    0.0430015177
          wgpu 1d 153g 311c x3w 12ms | egraph 18g->165v+0snap 9ms | graft 25 (-77n, 0 snap) cpu 0 | f64 20 | gen 0.4s | dropped inexpr 1 oversz 0 unbuild 0 {}
 288     0     100               0    0.0878578601    0.0592768163     0.971081235     0.344696738    0.0711967711    0.0430015177
 288     1      50               0    0.0878578601    0.0592768163     0.971081235     0.344696738    0.0711967711    0.0430015177
          wgpu 1d 157g 301c x3w 5ms | egraph 12g->155v+0snap 4ms | graft 25 (-58n, 0 snap) cpu 0 | f64 20 | gen 0.2s | dropped inexpr 1 oversz 0 unbuild 0 {}
 289     0     100               0    0.0878578601    0.0592768163     0.971081235     0.344696738    0.0711967711    0.0430015177
 289     1      50               0    0.0878578601    0.0592768163     0.971081235     0.344696738    0.0711967711    0.0430015177
          wgpu 1d 157g 295c x3w 4ms | egraph 16g->149v+0snap 11ms | graft 22 (-60n, 0 snap) cpu 0 | f64 20 | gen 0.2s | dropped inexpr 1 oversz 0 unbuild 0 {}
 290     0     100               0    0.0878578601    0.0592768163     0.971081235     0.344696738    0.0711967711    0.0430015177
 290     1      50               0    0.0878578601    0.0592768163     0.971081235     0.344696738    0.0711967711    0.0430015177
          wgpu 1d 166g 308c x3w 5ms | egraph 13g->162v+0snap 12ms | graft 26 (-73n, 0 snap) cpu 0 | f64 20 | gen 0.3s | dropped inexpr 1 oversz 0 unbuild 0 {}
--------- pump migration: intra (promote-2 + intake-reset) ---------
 291     0     100               0    0.0878578601    0.0592768163     0.971081235     0.344696738    0.0711967711    0.0430015177
 291     1      50               0    0.0878578536    0.0592768168      0.97108123     0.344696752    0.0711967659    0.0430015181
          wgpu 2d 379g 475c x3w 9ms | egraph 89g->249v+0snap 35ms | graft 65 (-216n, 0 snap) cpu 0 | f64 30 | gen 0.2s | dropped inexpr 4 oversz 0 unbuild 0 {}
 292     0     100               0    0.0878578601    0.0592768163     0.971081235     0.344696738    0.0711967711    0.0430015177
 292     1      50               0    0.0878578536    0.0592768168      0.97108123     0.344696752    0.0711967659    0.0430015181
          wgpu 1d 160g 301c x3w 4ms | egraph 15g->155v+0snap 12ms | graft 26 (-79n, 0 snap) cpu 0 | f64 20 | gen 0.5s | dropped inexpr 3 oversz 0 unbuild 0 {}
 293     0     100               0    0.0878578601    0.0592768163     0.971081235     0.344696738    0.0711967711    0.0430015177
 293     1      50               0    0.0878578536    0.0592768168      0.97108123     0.344696752    0.0711967659    0.0430015181
          wgpu 1d 132g 291c x3w 4ms | egraph 14g->145v+0snap 4ms | graft 16 (-58n, 0 snap) cpu 0 | f64 20 | gen 0.2s | dropped inexpr 1 oversz 0 unbuild 0 {}
 294     0     100               0    0.0878578601    0.0592768163     0.971081235     0.344696738    0.0711967711    0.0430015177
 294     1      50               0    0.0878578536    0.0592768168      0.97108123     0.344696752    0.0711967659    0.0430015181
          wgpu 1d 158g 319c x3w 4ms | egraph 17g->173v+0snap 6ms | graft 30 (-90n, 0 snap) cpu 0 | f64 20 | gen 0.2s
 295     0     100               0    0.0878578601    0.0592768163     0.971081235     0.344696738    0.0711967711    0.0430015177
 295     1      50               0    0.0878578536    0.0592768168      0.97108123     0.344696752    0.0711967659    0.0430015181
          wgpu 1d 158g 296c x3w 9ms | egraph 13g->150v+0snap 6ms | graft 21 (-64n, 0 snap) cpu 0 | f64 20 | gen 0.2s | dropped inexpr 1 oversz 0 unbuild 0 {}
 296     0     100               0    0.0878578601    0.0592768163     0.971081235     0.344696738    0.0711967711    0.0430015177
 296     1      50               0    0.0878578536    0.0592768168      0.97108123     0.344696752    0.0711967659    0.0430015181
          wgpu 1d 160g 300c x3w 5ms | egraph 12g->154v+0snap 10ms | graft 22 (-77n, 0 snap) cpu 0 | f64 20 | gen 0.2s | dropped inexpr 1 oversz 0 unbuild 0 {}
 297     0     100               0    0.0878578601    0.0592768163     0.971081235     0.344696738    0.0711967711    0.0430015177
 297     1      50               0    0.0878578536    0.0592768168      0.97108123     0.344696752    0.0711967659    0.0430015181
          wgpu 1d 156g 314c x3w 6ms | egraph 10g->168v+0snap 10ms | graft 23 (-95n, 0 snap) cpu 0 | f64 20 | gen 0.2s
 298     0     100               0    0.0878578601    0.0592768163     0.971081235     0.344696738    0.0711967711    0.0430015177
 298     1      50               0    0.0878578536    0.0592768168      0.97108123     0.344696752    0.0711967659    0.0430015181
          wgpu 1d 161g 309c x3w 14ms | egraph 18g->163v+0snap 12ms | graft 25 (-69n, 0 snap) cpu 0 | f64 20 | gen 0.3s
 299     0     100               0    0.0878578601    0.0592768163     0.971081235     0.344696738    0.0711967711    0.0430015177
 299     1      50               0    0.0878578536    0.0592768168      0.97108123     0.344696752    0.0711967659    0.0430015181
          wgpu 1d 155g 309c x3w 5ms | egraph 15g->163v+0snap 13ms | graft 26 (-95n, 0 snap) cpu 0 | f64 20 | gen 0.2s
 300     0     100               0    0.0878578601    0.0592768163     0.971081235     0.344696738    0.0711967711    0.0430015177
 300     1      50               0    0.0878578536    0.0592768168      0.97108123     0.344696752    0.0711967659    0.0430015181
          wgpu 1d 149g 316c x3w 4ms | egraph 13g->170v+0snap 11ms | graft 28 (-78n, 0 snap) cpu 0 | f64 20 | gen 0.5s | dropped inexpr 1 oversz 0 unbuild 0 {}
--------- pump migration: intra (promote-2 + intake-reset) + cross ---------
 301     0     100               0    0.0878578601    0.0592768163     0.971081235     0.344696738    0.0711967711    0.0430015177
 301     1      50               0    0.0878578536    0.0592768168      0.97108123     0.344696752    0.0711967659    0.0430015181
          wgpu 2d 391g 501c x3w 9ms | egraph 88g->275v+0snap 29ms | graft 60 (-256n, 0 snap) cpu 0 | f64 30 | gen 0.2s | dropped inexpr 3 oversz 0 unbuild 0 {}
 302     0     100               0    0.0878578601    0.0592768163     0.971081235     0.344696738    0.0711967711    0.0430015177
 302     1      50               0    0.0878578601    0.0592768163     0.971081235     0.344696738    0.0711967711    0.0430015177
          wgpu 1d 144g 306c x3w 4ms | egraph 11g->160v+0snap 6ms | graft 22 (-95n, 0 snap) cpu 0 | f64 20 | gen 0.2s | dropped inexpr 1 oversz 0 unbuild 0 {}
 303     0     100               0    0.0878578601    0.0592768163     0.971081235     0.344696738    0.0711967711    0.0430015177
 303     1      50               0    0.0878578536    0.0592768168      0.97108123     0.344696752    0.0711967659    0.0430015181
          wgpu 1d 159g 314c x3w 6ms | egraph 17g->168v+0snap 11ms | graft 24 (-118n, 0 snap) cpu 0 | f64 20 | gen 0.2s
 304     0     100               0    0.0878578601    0.0592768163     0.971081235     0.344696738    0.0711967711    0.0430015177
 304     1      50               0    0.0878578536    0.0592768168      0.97108123     0.344696752    0.0711967659    0.0430015181
          wgpu 1d 144g 329c x3w 5ms | egraph 12g->183v+0snap 9ms | graft 27 (-76n, 0 snap) cpu 0 | f64 20 | gen 0.2s
 305     0     100               0    0.0878578601    0.0592768163     0.971081235     0.344696738    0.0711967711    0.0430015177
 305     1      50               0    0.0878578536    0.0592768168      0.97108123     0.344696752    0.0711967659    0.0430015181
          wgpu 1d 153g 297c x3w 4ms | egraph 9g->151v+0snap 7ms | graft 25 (-72n, 0 snap) cpu 0 | f64 20 | gen 0.2s | dropped inexpr 2 oversz 0 unbuild 0 {}
 306     0     100               0    0.0878578601    0.0592768163     0.971081235     0.344696738    0.0711967711    0.0430015177
 306     1      50               0    0.0878578536    0.0592768168      0.97108123     0.344696752    0.0711967659    0.0430015181
          wgpu 1d 157g 316c x3w 4ms | egraph 13g->170v+0snap 8ms | graft 27 (-90n, 0 snap) cpu 0 | f64 20 | gen 0.2s
 307     0     100               0    0.0878578601    0.0592768163     0.971081235     0.344696738    0.0711967711    0.0430015177
 307     1      50               0    0.0878578536    0.0592768168      0.97108123     0.344696752    0.0711967659    0.0430015181
          wgpu 1d 158g 318c x3w 4ms | egraph 11g->172v+0snap 26ms | graft 28 (-70n, 0 snap) cpu 0 | f64 20 | gen 0.3s | dropped inexpr 2 oversz 0 unbuild 0 {}
 308     0     100               0    0.0878578601    0.0592768163     0.971081235     0.344696738    0.0711967711    0.0430015177
 308     1      50               0    0.0878578536    0.0592768168      0.97108123     0.344696752    0.0711967659    0.0430015181
          wgpu 1d 191g 335c x3w 5ms | egraph 16g->189v+0snap 16ms | graft 29 (-120n, 0 snap) cpu 0 | f64 20 | gen 0.5s | dropped inexpr 1 oversz 0 unbuild 0 {}
 309     0     100               0    0.0878578601    0.0592768163     0.971081235     0.344696738    0.0711967711    0.0430015177
 309     1      50               0    0.0878578536    0.0592768168      0.97108123     0.344696752    0.0711967659    0.0430015181
          wgpu 1d 165g 303c x3w 5ms | egraph 23g->157v+0snap 9ms | graft 27 (-84n, 0 snap) cpu 0 | f64 20 | gen 0.5s | dropped inexpr 4 oversz 0 unbuild 0 {}
 310     0     100               0    0.0878578601    0.0592768163     0.971081235     0.344696738    0.0711967711    0.0430015177
 310     1      50               0    0.0878578536    0.0592768168      0.97108123     0.344696752    0.0711967659    0.0430015181
          wgpu 1d 182g 311c x3w 7ms | egraph 18g->165v+0snap 11ms | graft 22 (-70n, 0 snap) cpu 0 | f64 20 | gen 0.2s | dropped inexpr 2 oversz 0 unbuild 0 {}
--------- pump migration: intra (promote-2 + intake-reset) ---------
 311     0     100               0    0.0878578601    0.0592768163     0.971081235     0.344696738    0.0711967711    0.0430015177
 311     1      50               0    0.0878578601    0.0592768163     0.971081235     0.344696738    0.0711967711    0.0430015177
          wgpu 2d 382g 496c x3w 9ms | egraph 87g->270v+0snap 33ms | graft 70 (-243n, 0 snap) cpu 0 | f64 30 | gen 0.2s | dropped inexpr 3 oversz 0 unbuild 0 {}
 312     0     100               0    0.0878578601    0.0592768163     0.971081235     0.344696738    0.0711967711    0.0430015177
 312     1      50               0    0.0878578601    0.0592768163     0.971081235     0.344696738    0.0711967711    0.0430015177
          wgpu 1d 138g 294c x3w 9ms | egraph 10g->148v+0snap 9ms | graft 18 (-55n, 0 snap) cpu 0 | f64 20 | gen 0.3s | dropped inexpr 1 oversz 0 unbuild 0 {}
 313     0     100               0    0.0878578601    0.0592768163     0.971081235     0.344696738    0.0711967711    0.0430015177
 313     1      50               0    0.0878578601    0.0592768163     0.971081235     0.344696738    0.0711967711    0.0430015177
          wgpu 1d 164g 317c x3w 9ms | egraph 15g->171v+0snap 10ms | graft 30 (-114n, 0 snap) cpu 0 | f64 20 | gen 0.2s
 314     0     100               0    0.0878578601    0.0592768163     0.971081235     0.344696738    0.0711967711    0.0430015177
 314     1      50               0    0.0878578601    0.0592768163     0.971081235     0.344696738    0.0711967711    0.0430015177
          wgpu 1d 173g 319c x3w 8ms | egraph 21g->173v+0snap 7ms | graft 30 (-77n, 0 snap) cpu 0 | f64 20 | gen 0.2s | dropped inexpr 1 oversz 0 unbuild 0 {}
 315     0     100               0    0.0878578601    0.0592768163     0.971081235     0.344696738    0.0711967711    0.0430015177
 315     1      50               0    0.0878578601    0.0592768163     0.971081235     0.344696738    0.0711967711    0.0430015177
          wgpu 1d 147g 309c x3w 4ms | egraph 16g->163v+0snap 11ms | graft 25 (-88n, 0 snap) cpu 0 | f64 20 | gen 0.2s | dropped inexpr 1 oversz 0 unbuild 0 {}
 316     0     100               0    0.0878578601    0.0592768163     0.971081235     0.344696738    0.0711967711    0.0430015177
 316     1      50               0    0.0878578601    0.0592768163     0.971081235     0.344696738    0.0711967711    0.0430015177
          wgpu 1d 169g 318c x3w 5ms | egraph 15g->172v+0snap 12ms | graft 29 (-110n, 0 snap) cpu 0 | f64 20 | gen 0.2s | dropped inexpr 1 oversz 0 unbuild 0 {}
 317     0     100               0    0.0878578601    0.0592768163     0.971081235     0.344696738    0.0711967711    0.0430015177
 317     1      50               0    0.0878578601    0.0592768163     0.971081235     0.344696738    0.0711967711    0.0430015177
          wgpu 1d 160g 299c x3w 5ms | egraph 14g->153v+0snap 13ms | graft 22 (-68n, 0 snap) cpu 0 | f64 20 | gen 0.2s
 318     0     100               0    0.0878578601    0.0592768163     0.971081235     0.344696738    0.0711967711    0.0430015177
 318     1      50               0    0.0878578601    0.0592768163     0.971081235     0.344696738    0.0711967711    0.0430015177
          wgpu 1d 157g 307c x3w 4ms | egraph 17g->161v+0snap 10ms | graft 24 (-88n, 0 snap) cpu 0 | f64 20 | gen 0.3s | dropped inexpr 1 oversz 0 unbuild 0 {}
 319     0     100               0    0.0878578601    0.0592768163     0.971081235     0.344696738    0.0711967711    0.0430015177
 319     1      50               0    0.0878578601    0.0592768163     0.971081235     0.344696738    0.0711967711    0.0430015177
          wgpu 1d 146g 303c x3w 5ms | egraph 8g->157v+0snap 10ms | graft 25 (-99n, 0 snap) cpu 0 | f64 20 | gen 0.2s
 320     0     100               0    0.0878578601    0.0592768163     0.971081235     0.344696738    0.0711967711    0.0430015177
 320     1      50               0    0.0878578601    0.0592768163     0.971081235     0.344696738    0.0711967711    0.0430015177
          wgpu 1d 156g 312c x3w 5ms | egraph 18g->166v+0snap 10ms | graft 31 (-126n, 0 snap) cpu 0 | f64 20 | gen 0.3s | dropped inexpr 1 oversz 0 unbuild 0 {}
--------- pump migration: intra (promote-2 + intake-reset) ---------
 321     0     100               0    0.0878578601    0.0592768163     0.971081235     0.344696738    0.0711967711    0.0430015177
 321     1      50               0    0.0878578601    0.0592768163     0.971081235     0.344696738    0.0711967711    0.0430015177
          wgpu 2d 330g 433c x3w 8ms | egraph 77g->207v+0snap 33ms | graft 47 (-149n, 0 snap) cpu 0 | f64 30 | gen 0.2s | dropped inexpr 4 oversz 0 unbuild 0 {}
 322     0     100               0    0.0878578601    0.0592768163     0.971081235     0.344696738    0.0711967711    0.0430015177
 322     1      50               0    0.0878578601    0.0592768163     0.971081235     0.344696738    0.0711967711    0.0430015177
          wgpu 1d 137g 287c x3w 4ms | egraph 8g->141v+0snap 7ms | graft 21 (-52n, 0 snap) cpu 0 | f64 20 | gen 0.2s | dropped inexpr 1 oversz 0 unbuild 0 {}
 323     0     100               0    0.0878578601    0.0592768163     0.971081235     0.344696738    0.0711967711    0.0430015177
 323     1      50               0    0.0878578601    0.0592768163     0.971081235     0.344696738    0.0711967711    0.0430015177
          wgpu 1d 157g 311c x3w 10ms | egraph 14g->165v+0snap 11ms | graft 23 (-128n, 0 snap) cpu 0 | f64 20 | gen 0.6s | dropped inexpr 1 oversz 0 unbuild 0 {}
 324     0     100               0    0.0878578601    0.0592768163     0.971081235     0.344696738    0.0711967711    0.0430015177
 324     1      50               0    0.0878578601    0.0592768163     0.971081235     0.344696738    0.0711967711    0.0430015177
          wgpu 1d 141g 295c x3w 5ms | egraph 11g->149v+0snap 3ms | graft 21 (-49n, 0 snap) cpu 0 | f64 20 | gen 0.2s
 325     0     100               0    0.0878578601    0.0592768163     0.971081235     0.344696738    0.0711967711    0.0430015177
 325     1      50               0    0.0878578601    0.0592768163     0.971081235     0.344696738    0.0711967711    0.0430015177
          wgpu 1d 171g 305c x3w 5ms | egraph 11g->159v+0snap 20ms | graft 30 (-82n, 0 snap) cpu 0 | f64 20 | gen 0.5s | dropped inexpr 2 oversz 0 unbuild 0 {}
 326     0     100               0    0.0878578601    0.0592768163     0.971081235     0.344696738    0.0711967711    0.0430015177
 326     1      50               0    0.0878578601    0.0592768163     0.971081235     0.344696738    0.0711967711    0.0430015177
          wgpu 1d 160g 324c x3w 4ms | egraph 7g->178v+0snap 9ms | graft 41 (-110n, 0 snap) cpu 0 | f64 20 | gen 0.2s | dropped inexpr 1 oversz 0 unbuild 0 {}
 327     0     100               0    0.0878578601    0.0592768163     0.971081235     0.344696738    0.0711967711    0.0430015177
 327     1      50               0    0.0878578601    0.0592768163     0.971081235     0.344696738    0.0711967711    0.0430015177
          wgpu 1d 150g 308c x3w 4ms | egraph 12g->162v+0snap 10ms | graft 19 (-99n, 0 snap) cpu 0 | f64 20 | gen 0.5s | dropped inexpr 2 oversz 0 unbuild 0 {}
 328     0     100               0    0.0878578601    0.0592768163     0.971081235     0.344696738    0.0711967711    0.0430015177
 328     1      50               0    0.0878578601    0.0592768163     0.971081235     0.344696738    0.0711967711    0.0430015177
          wgpu 1d 156g 311c x3w 4ms | egraph 8g->165v+0snap 4ms | graft 27 (-98n, 0 snap) cpu 0 | f64 20 | gen 0.2s
 329     0     100               0    0.0878578601    0.0592768163     0.971081235     0.344696738    0.0711967711    0.0430015177
 329     1      50               0    0.0878578601    0.0592768163     0.971081235     0.344696738    0.0711967711    0.0430015177
          wgpu 1d 141g 305c x3w 4ms | egraph 13g->159v+0snap 8ms | graft 14 (-34n, 0 snap) cpu 0 | f64 20 | gen 0.2s | dropped inexpr 3 oversz 0 unbuild 0 {}
 330     0     100               0    0.0878578601    0.0592768163     0.971081235     0.344696738    0.0711967711    0.0430015177
 330     1      50               0    0.0878578601    0.0592768163     0.971081235     0.344696738    0.0711967711    0.0430015177
          wgpu 1d 155g 311c x3w 4ms | egraph 12g->165v+0snap 13ms | graft 26 (-85n, 0 snap) cpu 0 | f64 20 | gen 0.2s | dropped inexpr 1 oversz 0 unbuild 0 {}
--------- pump migration: intra (promote-2 + intake-reset) + cross ---------
 331     0     100               0    0.0878578601    0.0592768163     0.971081235     0.344696738    0.0711967711    0.0430015177
 331     1      50               0    0.0878578601    0.0592768163     0.971081235     0.344696738    0.0711967711    0.0430015177
          wgpu 2d 375g 494c x3w 9ms | egraph 86g->268v+0snap 38ms | graft 71 (-244n, 0 snap) cpu 0 | f64 30 | gen 0.2s | dropped inexpr 3 oversz 0 unbuild 0 {}
 332     0     100               0    0.0878578601    0.0592768163     0.971081235     0.344696738    0.0711967711    0.0430015177
 332     1      50               0    0.0878578601    0.0592768163     0.971081235     0.344696738    0.0711967711    0.0430015177
          wgpu 1d 144g 313c x3w 4ms | egraph 11g->167v+0snap 21ms | graft 23 (-89n, 0 snap) cpu 0 | f64 20 | gen 0.3s
 333     0     100               0    0.0878578601    0.0592768163     0.971081235     0.344696738    0.0711967711    0.0430015177
 333     1      50               0    0.0878578601    0.0592768163     0.971081235     0.344696738    0.0711967711    0.0430015177
          wgpu 1d 132g 298c x3w 4ms | egraph 7g->152v+0snap 5ms | graft 16 (-39n, 0 snap) cpu 0 | f64 20 | gen 0.2s
 334     0     100               0    0.0878578601    0.0592768163     0.971081235     0.344696738    0.0711967711    0.0430015177
 334     1      50               0    0.0878578601    0.0592768163     0.971081235     0.344696738    0.0711967711    0.0430015177
          wgpu 1d 150g 311c x3w 4ms | egraph 17g->165v+0snap 14ms | graft 23 (-106n, 0 snap) cpu 0 | f64 20 | gen 0.3s | dropped inexpr 2 oversz 0 unbuild 0 {}
 335     0     100               0    0.0878578601    0.0592768163     0.971081235     0.344696738    0.0711967711    0.0430015177
 335     1      50               0    0.0878578601    0.0592768163     0.971081235     0.344696738    0.0711967711    0.0430015177
          wgpu 1d 173g 317c x3w 4ms | egraph 13g->171v+0snap 13ms | graft 26 (-105n, 0 snap) cpu 0 | f64 20 | gen 0.4s | dropped inexpr 2 oversz 0 unbuild 0 {}
 336     0     100               0    0.0878578601    0.0592768163     0.971081235     0.344696738    0.0711967711    0.0430015177
 336     1      50               0    0.0878578601    0.0592768163     0.971081235     0.344696738    0.0711967711    0.0430015177
          wgpu 1d 168g 323c x3w 11ms | egraph 13g->177v+0snap 10ms | graft 33 (-117n, 0 snap) cpu 0 | f64 20 | gen 0.4s
 337     0     100               0    0.0878578601    0.0592768163     0.971081235     0.344696738    0.0711967711    0.0430015177
 337     1      50               0    0.0878578601    0.0592768163     0.971081235     0.344696738    0.0711967711    0.0430015177
          wgpu 1d 164g 302c x3w 14ms | egraph 15g->156v+0snap 16ms | graft 24 (-70n, 0 snap) cpu 0 | f64 20 | gen 0.4s
 338     0     100               0    0.0878578601    0.0592768163     0.971081235     0.344696738    0.0711967711    0.0430015177
 338     1      50               0    0.0878578601    0.0592768163     0.971081235     0.344696738    0.0711967711    0.0430015177
          wgpu 1d 157g 308c x3w 4ms | egraph 10g->162v+0snap 31ms | graft 22 (-63n, 0 snap) cpu 0 | f64 20 | gen 0.5s
 339     0     100               0    0.0878578601    0.0592768163     0.971081235     0.344696738    0.0711967711    0.0430015177
 339     1      50               0    0.0878578601    0.0592768163     0.971081235     0.344696738    0.0711967711    0.0430015177
          wgpu 1d 157g 321c x3w 5ms | egraph 12g->175v+0snap 5ms | graft 26 (-94n, 0 snap) cpu 0 | f64 20 | gen 0.2s | dropped inexpr 1 oversz 0 unbuild 0 {}
 340     0     100               0    0.0878578601    0.0592768163     0.971081235     0.344696738    0.0711967711    0.0430015177
 340     1      50               0    0.0878578601    0.0592768163     0.971081235     0.344696738    0.0711967711    0.0430015177
          wgpu 1d 155g 310c x3w 5ms | egraph 12g->164v+0snap 4ms | graft 25 (-68n, 0 snap) cpu 0 | f64 20 | gen 0.2s | dropped inexpr 1 oversz 0 unbuild 0 {}
--------- pump migration: intra (promote-2 + intake-reset) ---------
 341     0     100               0     0.159866329     0.115540464      1.63266143     0.470137595      0.12954978    0.0838171755
 341     1      50               0    0.0878578601    0.0592768163     0.971081235     0.344696738    0.0711967711    0.0430015177
          wgpu 2d 385g 472c x3w 18ms | egraph 98g->246v+0snap 186ms | graft 62 (-225n, 0 snap) cpu 0 | f64 30 | gen 0.6s | dropped inexpr 6 oversz 0 unbuild 0 {}
 342     0     100               0     0.159866329     0.115540464      1.63266143     0.470137595      0.12954978    0.0838171755
 342     1      50               0    0.0878578601    0.0592768163     0.971081235     0.344696738    0.0711967711    0.0430015177
          wgpu 1d 122g 257c x3w 4ms | egraph 20g->111v+0snap 26ms | graft 21 (-45n, 0 snap) cpu 0 | f64 20 | gen 0.2s | dropped inexpr 1 oversz 0 unbuild 0 {}
 343     0     100               0     0.159866329     0.115540464      1.63266143     0.470137595      0.12954978    0.0838171755
 343     1      50               0    0.0878578601    0.0592768163     0.971081235     0.344696738    0.0711967711    0.0430015177
          wgpu 1d 109g 237c x3w 6ms | egraph 12g->91v+0snap 23ms | graft 13 (-51n, 0 snap) cpu 0 | f64 20 | gen 0.2s | dropped inexpr 1 oversz 0 unbuild 0 {}
 344     0     100               0     0.159866329     0.115540464      1.63266143     0.470137595      0.12954978    0.0838171755
 344     1      50               0    0.0878578601    0.0592768163     0.971081235     0.344696738    0.0711967711    0.0430015177
          wgpu 1d 129g 262c x3w 4ms | egraph 19g->116v+0snap 10ms | graft 21 (-56n, 0 snap) cpu 0 | f64 20 | gen 0.3s | dropped inexpr 1 oversz 0 unbuild 0 {}
 345     0     100               0     0.159866329     0.115540464      1.63266143     0.470137595      0.12954978    0.0838171755
 345     1      50               0    0.0878578601    0.0592768163     0.971081235     0.344696738    0.0711967711    0.0430015177
          wgpu 1d 118g 254c x3w 4ms | egraph 18g->108v+0snap 12ms | graft 17 (-42n, 0 snap) cpu 0 | f64 20 | gen 0.2s | dropped inexpr 2 oversz 0 unbuild 0 {}
 346     0     100               0     0.159866329     0.115540464      1.63266143     0.470137595      0.12954978    0.0838171755
 346     1      50               0    0.0878578601    0.0592768163     0.971081235     0.344696738    0.0711967711    0.0430015177
          wgpu 1d 130g 254c x3w 5ms | egraph 21g->108v+0snap 8ms | graft 18 (-49n, 0 snap) cpu 0 | f64 20 | gen 0.3s | dropped inexpr 4 oversz 0 unbuild 0 {}
 347     0     100               0     0.159866329     0.115540464      1.63266143     0.470137595      0.12954978    0.0838171755
 347     1      50               0    0.0878578601    0.0592768163     0.971081235     0.344696738    0.0711967711    0.0430015177
          wgpu 1d 119g 256c x3w 3ms | egraph 21g->110v+0snap 35ms | graft 23 (-52n, 0 snap) cpu 0 | f64 20 | gen 0.2s | dropped inexpr 3 oversz 0 unbuild 0 {}
 348     0     100               0     0.159866329     0.115540464      1.63266143     0.470137595      0.12954978    0.0838171755
 348     1      50               0    0.0878578601    0.0592768163     0.971081235     0.344696738    0.0711967711    0.0430015177
          wgpu 1d 97g 246c x3w 13ms | egraph 16g->100v+0snap 14ms | graft 11 (-29n, 0 snap) cpu 0 | f64 20 | gen 0.2s | dropped inexpr 2 oversz 0 unbuild 0 {}
 349     0     100               0     0.159866329     0.115540464      1.63266143     0.470137595      0.12954978    0.0838171755
 349     1      50               0    0.0878578601    0.0592768163     0.971081235     0.344696738    0.0711967711    0.0430015177
          wgpu 1d 101g 253c x3w 3ms | egraph 14g->107v+0snap 5ms | graft 10 (-22n, 0 snap) cpu 0 | f64 20 | gen 0.2s | dropped inexpr 1 oversz 0 unbuild 0 {}
 350     0     100               0     0.159866329     0.115540464      1.63266143     0.470137595      0.12954978    0.0838171755
 350     1      50               0    0.0878578601    0.0592768163     0.971081235     0.344696738    0.0711967711    0.0430015177
          wgpu 1d 148g 302c x3w 4ms | egraph 22g->156v+0snap 7ms | graft 24 (-90n, 0 snap) cpu 0 | f64 20 | gen 0.2s | dropped inexpr 2 oversz 0 unbuild 0 {}
--------- pump migration: intra (promote-2 + intake-reset) ---------
 351     0     100               0    0.0881094298    0.0597524657     0.960726325     0.352722863    0.0714006339    0.0433465708
 351     1      50               0     0.159866329     0.115540464      1.63266143     0.470137595      0.12954978    0.0838171755
          wgpu 2d 324g 451c x3w 11ms | egraph 81g->225v+0snap 24ms | graft 52 (-159n, 0 snap) cpu 0 | f64 30 | gen 0.2s | dropped inexpr 4 oversz 0 unbuild 0 {}
 352     0     100               0    0.0881094298    0.0597524657     0.960726325     0.352722863    0.0714006339    0.0433465708
 352     1      50               0     0.159866329     0.115540464      1.63266143     0.470137595      0.12954978    0.0838171755
          wgpu 1d 128g 286c x3w 7ms | egraph 19g->140v+0snap 8ms | graft 25 (-86n, 0 snap) cpu 0 | f64 20 | gen 0.2s | dropped inexpr 1 oversz 0 unbuild 0 {}
 353     0     100               0    0.0881094298    0.0597524657     0.960726325     0.352722863    0.0714006339    0.0433465708
 353     1      50               0     0.159866329     0.115540464      1.63266143     0.470137595      0.12954978    0.0838171755
          wgpu 1d 141g 277c x3w 4ms | egraph 20g->131v+0snap 5ms | graft 28 (-72n, 0 snap) cpu 0 | f64 20 | gen 0.2s | dropped inexpr 1 oversz 0 unbuild 0 {}
 354     0     100               0    0.0881094298    0.0597524657     0.960726325     0.352722863    0.0714006339    0.0433465708
 354     1      50               0     0.159866329     0.115540464      1.63266143     0.470137595      0.12954978    0.0838171755
          wgpu 1d 140g 301c x3w 4ms | egraph 22g->155v+0snap 23ms | graft 24 (-94n, 0 snap) cpu 0 | f64 20 | gen 0.3s | dropped inexpr 2 oversz 0 unbuild 0 {}
 355     0     100               0    0.0881094298    0.0597524657     0.960726325     0.352722863    0.0714006339    0.0433465708
 355     1      50               0     0.159866329     0.115540464      1.63266143     0.470137595      0.12954978    0.0838171755
          wgpu 1d 127g 273c x3w 4ms | egraph 21g->127v+0snap 6ms | graft 16 (-79n, 0 snap) cpu 0 | f64 20 | gen 0.2s | dropped inexpr 3 oversz 0 unbuild 0 {}
 356     0     100               0    0.0881094298    0.0597524657     0.960726325     0.352722863    0.0714006339    0.0433465708
 356     1      50               0     0.159866329     0.115540464      1.63266143     0.470137595      0.12954978    0.0838171755
          wgpu 1d 133g 272c x3w 3ms | egraph 19g->126v+0snap 7ms | graft 26 (-85n, 0 snap) cpu 0 | f64 20 | gen 0.2s
 357     0     100               0    0.0881094298    0.0597524657     0.960726325     0.352722863    0.0714006339    0.0433465708
 357     1      50               0     0.159866329     0.115540464      1.63266143     0.470137595      0.12954978    0.0838171755
          wgpu 1d 157g 302c x3w 4ms | egraph 21g->156v+0snap 7ms | graft 27 (-154n, 0 snap) cpu 0 | f64 20 | gen 0.2s | dropped inexpr 3 oversz 0 unbuild 0 {}
 358     0     100               0    0.0881094349    0.0597524655      0.96072634      0.35272286    0.0714006381    0.0433465707
 358     1      50               0     0.159866329     0.115540464      1.63266143     0.470137595      0.12954978    0.0838171755
          wgpu 1d 151g 295c x3w 4ms | egraph 21g->149v+0snap 11ms | graft 21 (-84n, 0 snap) cpu 0 | f64 20 | gen 0.4s | dropped inexpr 2 oversz 0 unbuild 0 {}
 359     0     100               0    0.0881094349    0.0597524655      0.96072634      0.35272286    0.0714006381    0.0433465707
 359     1      50               0     0.159866329     0.115540464      1.63266143     0.470137595      0.12954978    0.0838171755
          wgpu 1d 147g 301c x3w 4ms | egraph 26g->155v+0snap 10ms | graft 27 (-89n, 0 snap) cpu 0 | f64 20 | gen 0.3s | dropped inexpr 2 oversz 0 unbuild 0 {}
 360     0     100               0    0.0881094349    0.0597524655      0.96072634      0.35272286    0.0714006381    0.0433465707
 360     1      50               0     0.159866329     0.115540464      1.63266143     0.470137595      0.12954978    0.0838171755
          wgpu 1d 190g 327c x3w 4ms | egraph 26g->181v+0snap 6ms | graft 32 (-98n, 0 snap) cpu 0 | f64 20 | gen 0.3s | dropped inexpr 2 oversz 0 unbuild 0 {}
--------- pump migration: intra (promote-2 + intake-reset) + cross ---------
 361     0     100               0    0.0881094349    0.0597524655      0.96072634      0.35272286    0.0714006381    0.0433465707
 361     1      50               0    0.0881094349    0.0597524655      0.96072634      0.35272286    0.0714006381    0.0433465707
          wgpu 2d 386g 484c x3w 40ms | egraph 86g->258v+0snap 23ms | graft 52 (-182n, 0 snap) cpu 0 | f64 30 | gen 0.2s | dropped inexpr 3 oversz 0 unbuild 0 {}
 362     0     100               0    0.0881094349    0.0597524655      0.96072634      0.35272286    0.0714006381    0.0433465707
 362     1      50               0    0.0881094349    0.0597524655      0.96072634      0.35272286    0.0714006381    0.0433465707
          wgpu 1d 159g 312c x3w 4ms | egraph 26g->166v+0snap 8ms | graft 29 (-83n, 0 snap) cpu 0 | f64 20 | gen 0.2s | dropped inexpr 3 oversz 0 unbuild 0 {}
 363     0     100               0    0.0881094349    0.0597524655      0.96072634      0.35272286    0.0714006381    0.0433465707
 363     1      50               0    0.0881094349    0.0597524655      0.96072634      0.35272286    0.0714006381    0.0433465707
          wgpu 1d 160g 323c x3w 15ms | egraph 23g->177v+0snap 10ms | graft 30 (-90n, 0 snap) cpu 0 | f64 20 | gen 0.2s
 364     0     100               0    0.0881094349    0.0597524655      0.96072634      0.35272286    0.0714006381    0.0433465707
 364     1      50               0    0.0881094349    0.0597524655      0.96072634      0.35272286    0.0714006381    0.0433465707
          wgpu 1d 180g 321c x3w 5ms | egraph 22g->175v+0snap 8ms | graft 31 (-105n, 0 snap) cpu 0 | f64 20 | gen 0.3s | dropped inexpr 1 oversz 0 unbuild 0 {}
 365     0     100               0    0.0881094349    0.0597524655      0.96072634      0.35272286    0.0714006381    0.0433465707
 365     1      50               0    0.0881094349    0.0597524655      0.96072634      0.35272286    0.0714006381    0.0433465707
          wgpu 1d 155g 315c x3w 4ms | egraph 28g->169v+0snap 7ms | graft 31 (-102n, 0 snap) cpu 0 | f64 20 | gen 0.2s
 366     0     100               0    0.0881094349    0.0597524655      0.96072634      0.35272286    0.0714006381    0.0433465707
 366     1      50               0    0.0881094349    0.0597524655      0.96072634      0.35272286    0.0714006381    0.0433465707
          wgpu 1d 179g 323c x3w 4ms | egraph 21g->177v+0snap 15ms | graft 28 (-84n, 0 snap) cpu 0 | f64 20 | gen 0.2s | dropped inexpr 1 oversz 0 unbuild 0 {}
 367     0     100               0    0.0881094349    0.0597524655      0.96072634      0.35272286    0.0714006381    0.0433465707
 367     1      50               0    0.0881094349    0.0597524655      0.96072634      0.35272286    0.0714006381    0.0433465707
          wgpu 1d 165g 335c x3w 4ms | egraph 27g->189v+0snap 8ms | graft 30 (-121n, 0 snap) cpu 0 | f64 20 | gen 0.2s | dropped inexpr 1 oversz 0 unbuild 0 {}
 368     0     100               0    0.0881094349    0.0597524655      0.96072634      0.35272286    0.0714006381    0.0433465707
 368     1      50               0    0.0881094349    0.0597524655      0.96072634      0.35272286    0.0714006381    0.0433465707
          wgpu 1d 187g 317c x3w 25ms | egraph 26g->171v+0snap 8ms | graft 31 (-84n, 0 snap) cpu 0 | f64 20 | gen 0.2s
 369     0     100               0    0.0881094349    0.0597524655      0.96072634      0.35272286    0.0714006381    0.0433465707
 369     1      50               0    0.0881094349    0.0597524655      0.96072634      0.35272286    0.0714006381    0.0433465707
          wgpu 1d 158g 319c x3w 4ms | egraph 21g->173v+0snap 6ms | graft 35 (-93n, 0 snap) cpu 0 | f64 20 | gen 0.3s | dropped inexpr 1 oversz 0 unbuild 0 {}
 370     0     100               0    0.0881094349    0.0597524655      0.96072634      0.35272286    0.0714006381    0.0433465707
 370     1      50               0    0.0881094349    0.0597524655      0.96072634      0.35272286    0.0714006381    0.0433465707
          wgpu 1d 173g 328c x3w 5ms | egraph 23g->182v+0snap 7ms | graft 33 (-103n, 0 snap) cpu 0 | f64 20 | gen 0.2s | dropped inexpr 1 oversz 0 unbuild 0 {}
--------- pump migration: intra (promote-2 + intake-reset) ---------
 371     0     100               0    0.0881094349    0.0597524655      0.96072634      0.35272286    0.0714006381    0.0433465707
 371     1      50               0    0.0881094349    0.0597524655      0.96072634      0.35272286    0.0714006381    0.0433465707
          wgpu 2d 345g 481c x3w 8ms | egraph 76g->255v+0snap 22ms | graft 71 (-216n, 0 snap) cpu 0 | f64 30 | gen 0.3s | dropped inexpr 2 oversz 0 unbuild 0 {}
 372     0     100               0    0.0881094349    0.0597524655      0.96072634      0.35272286    0.0714006381    0.0433465707
 372     1      50               0    0.0881094349    0.0597524655      0.96072634      0.35272286    0.0714006381    0.0433465707
          wgpu 1d 179g 325c x3w 4ms | egraph 24g->179v+0snap 6ms | graft 30 (-103n, 0 snap) cpu 0 | f64 20 | gen 0.3s | dropped inexpr 1 oversz 0 unbuild 0 {}
 373     0     100               0    0.0881094349    0.0597524655      0.96072634      0.35272286    0.0714006381    0.0433465707
 373     1      50               0    0.0881094349    0.0597524655      0.96072634      0.35272286    0.0714006381    0.0433465707
          wgpu 1d 157g 315c x3w 4ms | egraph 18g->169v+0snap 8ms | graft 24 (-59n, 0 snap) cpu 0 | f64 20 | gen 0.2s | dropped inexpr 1 oversz 0 unbuild 0 {}
 374     0     100               0    0.0881094349    0.0597524655      0.96072634      0.35272286    0.0714006381    0.0433465707
 374     1      50               0    0.0881094349    0.0597524655      0.96072634      0.35272286    0.0714006381    0.0433465707
          wgpu 1d 189g 332c x3w 5ms | egraph 27g->186v+0snap 8ms | graft 32 (-106n, 0 snap) cpu 0 | f64 20 | gen 0.2s | dropped inexpr 1 oversz 0 unbuild 0 {}
 375     0     100               0    0.0881094349    0.0597524655      0.96072634      0.35272286    0.0714006381    0.0433465707
 375     1      50               0    0.0881094349    0.0597524655      0.96072634      0.35272286    0.0714006381    0.0433465707
          wgpu 1d 153g 294c x3w 4ms | egraph 20g->148v+0snap 5ms | graft 20 (-69n, 0 snap) cpu 0 | f64 20 | gen 0.2s | dropped inexpr 1 oversz 0 unbuild 0 {}
 376     0     100               0    0.0881094349    0.0597524655      0.96072634      0.35272286    0.0714006381    0.0433465707
 376     1      50               0    0.0881094349    0.0597524655      0.96072634      0.35272286    0.0714006381    0.0433465707
          wgpu 1d 175g 318c x3w 4ms | egraph 22g->172v+0snap 6ms | graft 28 (-76n, 0 snap) cpu 0 | f64 20 | gen 0.2s | dropped inexpr 1 oversz 0 unbuild 0 {}
 377     0     100               0    0.0881094349    0.0597524655      0.96072634      0.35272286    0.0714006381    0.0433465707
 377     1      50               0    0.0881094349    0.0597524655      0.96072634      0.35272286    0.0714006381    0.0433465707
          wgpu 1d 147g 315c x3w 4ms | egraph 21g->169v+0snap 6ms | graft 27 (-91n, 0 snap) cpu 0 | f64 20 | gen 0.2s
 378     0     100               0    0.0881094349    0.0597524655      0.96072634      0.35272286    0.0714006381    0.0433465707
 378     1      50               0    0.0881094298    0.0597524657     0.960726325     0.352722863    0.0714006339    0.0433465708
          wgpu 1d 145g 302c x3w 4ms | egraph 12g->156v+0snap 5ms | graft 26 (-86n, 0 snap) cpu 0 | f64 20 | gen 0.2s
 379     0     100               0    0.0881094349    0.0597524655      0.96072634      0.35272286    0.0714006381    0.0433465707
 379     1      50               0    0.0881094349    0.0597524655      0.96072634      0.35272286    0.0714006381    0.0433465707
          wgpu 1d 165g 308c x3w 4ms | egraph 20g->162v+0snap 5ms | graft 25 (-83n, 0 snap) cpu 0 | f64 20 | gen 0.3s
 380     0     100               0    0.0881094349    0.0597524655      0.96072634      0.35272286    0.0714006381    0.0433465707
 380     1      50               0    0.0881094298    0.0597524657     0.960726325     0.352722863    0.0714006339    0.0433465708
          wgpu 1d 169g 322c x3w 9ms | egraph 21g->176v+0snap 5ms | graft 29 (-83n, 0 snap) cpu 0 | f64 20 | gen 0.2s
--------- pump migration: intra (promote-2 + intake-reset) ---------
 381     0     100               0    0.0881094349    0.0597524655      0.96072634      0.35272286    0.0714006381    0.0433465707
 381     1      50               0    0.0881094349    0.0597524655      0.96072634      0.35272286    0.0714006381    0.0433465707
          wgpu 2d 347g 483c x3w 8ms | egraph 77g->257v+0snap 23ms | graft 54 (-169n, 0 snap) cpu 0 | f64 30 | gen 0.3s | dropped inexpr 2 oversz 0 unbuild 0 {}
 382     0     100               0    0.0881094349    0.0597524655      0.96072634      0.35272286    0.0714006381    0.0433465707
 382     1      50               0    0.0881094349    0.0597524655      0.96072634      0.35272286    0.0714006381    0.0433465707
          wgpu 1d 174g 318c x3w 4ms | egraph 26g->172v+0snap 8ms | graft 30 (-111n, 0 snap) cpu 0 | f64 20 | gen 0.2s
 383     0     100               0    0.0881094349    0.0597524655      0.96072634      0.35272286    0.0714006381    0.0433465707
 383     1      50               0    0.0881094349    0.0597524655      0.96072634      0.35272286    0.0714006381    0.0433465707
          wgpu 1d 184g 329c x3w 4ms | egraph 25g->183v+0snap 10ms | graft 30 (-104n, 0 snap) cpu 0 | f64 20 | gen 0.2s | dropped inexpr 1 oversz 0 unbuild 0 {}
 384     0     100               0    0.0881094349    0.0597524655      0.96072634      0.35272286    0.0714006381    0.0433465707
 384     1      50               0    0.0881094349    0.0597524655      0.96072634      0.35272286    0.0714006381    0.0433465707
          wgpu 1d 155g 309c x3w 4ms | egraph 13g->163v+0snap 4ms | graft 22 (-66n, 0 snap) cpu 0 | f64 20 | gen 0.2s
 385     0     100               0    0.0881094349    0.0597524655      0.96072634      0.35272286    0.0714006381    0.0433465707
 385     1      50               0    0.0881094298    0.0597524657     0.960726325     0.352722863    0.0714006339    0.0433465708
          wgpu 1d 145g 313c x3w 4ms | egraph 20g->167v+0snap 7ms | graft 27 (-108n, 0 snap) cpu 0 | f64 20 | gen 0.2s
 386     0     100               0    0.0881094349    0.0597524655      0.96072634      0.35272286    0.0714006381    0.0433465707
 386     1      50               0    0.0881094298    0.0597524657     0.960726325     0.352722863    0.0714006339    0.0433465708
          wgpu 1d 152g 321c x3w 4ms | egraph 17g->175v+0snap 7ms | graft 29 (-85n, 0 snap) cpu 0 | f64 20 | gen 0.3s
 387     0     100               0    0.0881094349    0.0597524655      0.96072634      0.35272286    0.0714006381    0.0433465707
 387     1      50               0    0.0881094298    0.0597524657     0.960726325     0.352722863    0.0714006339    0.0433465708
          wgpu 1d 171g 316c x3w 4ms | egraph 22g->169v+0snap 7ms | graft 25 (-105n, 0 snap) cpu 0 | f64 20 | gen 0.3s
 388     0     100               0    0.0881094349    0.0597524655      0.96072634      0.35272286    0.0714006381    0.0433465707
 388     1      50               0    0.0881094298    0.0597524657     0.960726325     0.352722863    0.0714006339    0.0433465708
          wgpu 1d 144g 296c x3w 4ms | egraph 13g->150v+0snap 5ms | graft 24 (-67n, 0 snap) cpu 0 | f64 20 | gen 0.2s
 389     0     100               0    0.0881094349    0.0597524655      0.96072634      0.35272286    0.0714006381    0.0433465707
 389     1      50               0    0.0881094298    0.0597524657     0.960726325     0.352722863    0.0714006339    0.0433465708
          wgpu 1d 135g 306c x3w 4ms | egraph 13g->160v+0snap 9ms | graft 21 (-49n, 0 snap) cpu 0 | f64 20 | gen 0.2s
 390     0     100               0    0.0881094349    0.0597524655      0.96072634      0.35272286    0.0714006381    0.0433465707
 390     1      50               0    0.0881094298    0.0597524657     0.960726325     0.352722863    0.0714006339    0.0433465708
          wgpu 1d 159g 312c x3w 4ms | egraph 16g->166v+0snap 6ms | graft 31 (-101n, 0 snap) cpu 0 | f64 20 | gen 0.3s
--------- pump migration: intra (promote-2 + intake-reset) + cross ---------
 391     0     100               0    0.0881094349    0.0597524655      0.96072634      0.35272286    0.0714006381    0.0433465707
 391     1      50               0    0.0881094349    0.0597524655      0.96072634      0.35272286    0.0714006381    0.0433465707
          wgpu 2d 370g 479c x3w 8ms | egraph 90g->253v+0snap 22ms | graft 61 (-178n, 0 snap) cpu 0 | f64 30 | gen 0.5s
--------- pump migration: cross-class ---------
 392     0     100               0    0.0881094349    0.0597524655      0.96072634      0.35272286    0.0714006381    0.0433465707
 392     1      50               0    0.0881094349    0.0597524655      0.96072634      0.35272286    0.0714006381    0.0433465707
          wgpu 2d 334g 495c x3w 9ms | egraph 72g->269v+0snap 41ms | graft 51 (-128n, 0 snap) cpu 0 | f64 30 | gen 0.2s | dropped inexpr 1 oversz 0 unbuild 0 {}
--------- pump migration: cross-class ---------
 393     0     100               0    0.0881094349    0.0597524655      0.96072634      0.35272286    0.0714006381    0.0433465707
 393     1      50               0    0.0881094298    0.0597524657     0.960726325     0.352722863    0.0714006339    0.0433465708
          wgpu 2d 387g 528c x3w 10ms | egraph 99g->302v+0snap 31ms | graft 75 (-238n, 0 snap) cpu 0 | f64 30 | gen 0.3s | dropped inexpr 1 oversz 0 unbuild 0 {}
--------- pump migration: cross-class ---------
 394     0     100               0    0.0881094349    0.0597524655      0.96072634      0.35272286    0.0714006381    0.0433465707
 394     1      50               0    0.0881094349    0.0597524655      0.96072634      0.35272286    0.0714006381    0.0433465707
          wgpu 2d 413g 550c x3w 9ms | egraph 106g->324v+0snap 27ms | graft 77 (-228n, 0 snap) cpu 0 | f64 30 | gen 0.2s | dropped inexpr 4 oversz 0 unbuild 0 {}
--------- pump migration: cross-class ---------
 395     0     100               0    0.0881094349    0.0597524655      0.96072634      0.35272286    0.0714006381    0.0433465707
 395     1      50               0    0.0881094349    0.0597524655      0.96072634      0.35272286    0.0714006381    0.0433465707
          wgpu 2d 389g 532c x3w 9ms | egraph 94g->306v+0snap 24ms | graft 67 (-260n, 0 snap) cpu 0 | f64 30 | gen 0.3s | dropped inexpr 2 oversz 0 unbuild 0 {}
--------- pump migration: cross-class ---------
 396     0     100               0    0.0881094349    0.0597524655      0.96072634      0.35272286    0.0714006381    0.0433465707
 396     1      50               0    0.0881094349    0.0597524655      0.96072634      0.35272286    0.0714006381    0.0433465707
          wgpu 2d 403g 507c x3w 10ms | egraph 98g->281v+0snap 23ms | graft 68 (-187n, 0 snap) cpu 0 | f64 30 | gen 0.2s | dropped inexpr 3 oversz 0 unbuild 0 {}
--------- pump migration: cross-class ---------
 397     0     100               0    0.0881094349    0.0597524655      0.96072634      0.35272286    0.0714006381    0.0433465707
 397     1      50               0    0.0881094349    0.0597524655      0.96072634      0.35272286    0.0714006381    0.0433465707
          wgpu 2d 411g 496c x3w 11ms | egraph 99g->269v+1snap 34ms | graft 72 (-231n, 0 snap) cpu 0 | f64 30 | gen 0.3s | dropped inexpr 5 oversz 0 unbuild 0 {}
--------- pump migration: cross-class ---------
 398     0     100               0    0.0881094349    0.0597524655      0.96072634      0.35272286    0.0714006381    0.0433465707
 398     1      50               0    0.0881094349    0.0597524655      0.96072634      0.35272286    0.0714006381    0.0433465707
          wgpu 2d 392g 506c x3w 9ms | egraph 92g->280v+0snap 29ms | graft 70 (-190n, 0 snap) cpu 0 | f64 30 | gen 0.2s | dropped inexpr 4 oversz 0 unbuild 0 {}
--------- pump migration: cross-class ---------
 399     0     100               0    0.0881094349    0.0597524655      0.96072634      0.35272286    0.0714006381    0.0433465707
 399     1      50               0    0.0881094349    0.0597524655      0.96072634      0.35272286    0.0714006381    0.0433465707
          wgpu 2d 409g 517c x3w 9ms | egraph 99g->291v+0snap 23ms | graft 72 (-217n, 0 snap) cpu 0 | f64 30 | gen 0.2s | dropped inexpr 2 oversz 0 unbuild 0 {}
--------- pump migration: cross-class ---------
 400     0     100               0    0.0881094349    0.0597524655      0.96072634      0.35272286    0.0714006381    0.0433465707
 400     1      50               0    0.0881094349    0.0597524655      0.96072634      0.35272286    0.0714006381    0.0433465707
          wgpu 2d 414g 538c x3w 10ms | egraph 101g->311v+1snap 29ms | graft 72 (-211n, 0 snap) cpu 0 | f64 30 | gen 0.3s | dropped inexpr 3 oversz 0 unbuild 0 {}
--------- pump migration: intra (promote-2 + intake-reset) + cross ---------

This sub-run: 2026-09-19 06:08:24.206123 → 2026-09-19 06:10:15.502465
Now at generation 400 (HOF size: 30)
[join] 450 dispatches, 69,706 genes, 380,106 candidates scored in 2.41s GPU+host; e-graph 11,139 trees -> 64,228 variants + 2 snaps in 5.37s; 11,681 grafts (0 snap), 37,831 nodes removed; cpu-path individuals 0, f64-rejected 0, snaps refused for naming an input 1
[join]   inexpressible:    798  no pset token for semantic id "pow" with arity 2
[join]   inexpressible:      5  no pset token for semantic id "div" with arity 2
[join]   inexpressible:      3  no pset token for semantic id "sqrt" with arity 1
[join]   unbuildable:      1  length
  HFF-chosen LSM kept: a=1.0149, b=1.26942
Chromosome wrapper: id=0  →  identity
hof[0] runtime val: mse=5.928e-02  R²=0.956998
Pre-snap expression (after sympify + LSM compose):
  0.338299643090436*c + 0.338299643090436*(c - log(9))*sqrt(Abs(u)) + 0.338299643090436*cos(c - v) + 1.26942276261745

Per-level snap results (before MSE scoring):
  strict      →  0.338299643090436*c + sqrt(u)*(0.338299643090436*c - 0.743320290302377) + 0.338299643090436*cos(c - v) + 1.26942276261745
  default     →  0.338299643090436*c + sqrt(u)*(0.338299643090436*c - 0.743320290302377) + 0.338299643090436*cos(c - v) + 1.26942276261745
  aggressive  →  (pi*(0.338299643090436*c + sqrt(u)*(0.338299643090436*c - 0.743320290302377) + 0.338299643090436*cos(c - v)) + 4)/pi

Snap-level comparison (sorted by holdout MSE, lowest first)
------------------------------------------------------------------------------------------
  level       MSE            R²         expression                                        
------------------------------------------------------------------------------------------
★ aggressive  0.1022         0.9116     (pi*(0.338299643090436*c + sqrt(u)*(0.338299643090
  strict      0.1023         0.9115     0.338299643090436*c + sqrt(u)*(0.338299643090436*c
  default     0.1023         0.9115     0.338299643090436*c + sqrt(u)*(0.338299643090436*c

Winning snap level: 'aggressive'  →  (pi*(0.338299643090436*c + sqrt(u)*(0.338299643090436*c - 0.743320290302377) + 0.338299643090436*cos(c - v)) + 4)/pi

Canonical discovered expression: (pi*(0.338299643090436*c + sqrt(u)*(0.338299643090436*c - 0.743320290302377) + 0.338299643090436*cos(c - v)) + 4)/pi
[38;2;0;50;255m
############################################################ [38;2;255;255;255m
[38;2;0;50;255m Equation Recovery: I_16_6 [38;2;255;255;255m
[38;2;0;50;255m Truth: (u+v)/(1+u*v/c**2) [38;2;255;255;255m
[38;2;0;50;255m [38;2;255;255;255m
[38;2;255;0;255m     Exact recovery     : False [38;2;255;255;255m
[38;2;255;0;255m     Numerical recovery : False (max rel_err 2.09e+00 on 10k samples) [38;2;255;255;255m
[38;2;255;0;255m     Discovered         : (pi*(0.338299643090436*c + sqrt(u)*(0.338299643090436*c - 0.743320290302377) + 0.338299643090436*cos(c - v)) + 4)/pi [38;2;255;255;255m
[38;2;255;0;255m     LSM (a, b)         : (1.0149, 1.26942) [38;2;255;255;255m
[38;2;0;50;255m
############################################################ [38;2;255;255;255m
In-range holdout : MSE=0.1023  MAE=0.2332  R²=0.9115
Extrapolation    : MSE=0.3447  MAE=0.4367  R²=0.8943

Top 10 HOF models (north_pole=truenorth) (★ = Pareto-optimal)
(deduped HOF: 3 unique chromosomes from 30 raw HOF entries)
 ----------------------------------------------------------------------------------------------------------------
       model     wrapper      length   train_mse     val_mse     max_err    train_r2      val_r2 angular_distance
 ----------------------------------------------------------------------------------------------------------------
★           0    identity          14      0.0879      0.0593      0.9711      0.9288      0.9570      0.0000
           27    identity           6      0.1407      0.1034      1.1557      0.8859      0.9250      1.5708
           25    identity           6      0.1407      0.1034      1.1557      0.8859      0.9250      1.5708

Pareto-optimal in top 3: 1    Pareto-optimal in full HOF: 1 / 3

Recovery sweep across 3/3 unique HOF chromosomes (capped):
  Structural / exact     : 0/3  (0.0%)
  Numerical (≤1e-6 err)  : 0/3  (0.0%)
{
    "date": "2026/09/19",
    "seed": "5",
    "task": "equation_recovery",
    "north_pole_method": "truenorth",
    "hff_include_val": true,
    "problem": "I_16_6",
    "truth_expr": "(u+v)/(1+u*v/c**2)",
    "final_terminal_inputs": [
        "c",
        "v",
        "u"
    ],
    "wide_primitives": true,
    "head_length": "48",
    "n_genes": "3",
    "rnc_array_length": "10",
    "tournament size": "intake=8, champion=5",
    "population size": "150",
    "population per island": "intake=100, champion=50",
    "gpu_join": true,
    "eclass_k": 8,
    "number of elites": "2",
    "number of generations": "400",
    "number of islands": "2",
    "migration FREQ": "30",
    "wrapper_id": 0,
    "wrapper_name": "identity",
    "recovery_exact": false,
    "recovery_numerical": false,
    "recovery_max_rel_err": 2.093751310312937,
    "discovered_expr": "(pi*(0.338299643090436*c + sqrt(u)*(0.338299643090436*c - 0.743320290302377) + 0.338299643090436*cos(c - v)) + 4)/pi",
    "holdout_mse": 0.10230663316042435,
    "holdout_r2": 0.9114886499523905,
    "extrap_mse": 0.34469673833361214,
    "extrap_r2": 0.894284378688927,
    "hof_size": 3,
    "hof_exact_recoveries": 0,
    "hof_numerical_recoveries": 0
}
