/opt/anaconda3/lib/python3.12/site-packages/geppy/__init__.py:26: UserWarning: pkg_resources is deprecated as an API. See https://setuptools.pypa.io/en/latest/pkg_resources.html. The pkg_resources package is slated for removal as early as 2025-11-30. Refrain from using this package or pin to Setuptools<81.
  from pkg_resources import get_distribution, DistributionNotFound
hff library OK (test fitness: (0.1415394733244273,))
registry: ['circle_area', 'gravity', 'coulomb', 'pendulum', 'keplers3', 'ideal_gas', 'I_6_2a', 'I_6_2', 'I_6_2b', 'I_8_14', 'I_9_18', 'I_10_7', 'I_11_19', 'I_12_1', 'I_12_2', 'I_12_4', 'I_12_5', 'I_12_11', 'I_13_4', 'I_13_12', 'I_14_3', 'I_14_4', 'I_15_3x', 'I_15_3t', 'I_15_1', 'I_16_6', 'I_18_4', 'I_18_12', 'I_18_14', 'I_24_6', 'I_25_13', 'I_26_2', 'I_27_6', 'I_29_4', 'I_29_16', 'I_30_3', 'I_30_5', 'I_32_5', 'I_32_17', 'I_34_8', 'I_34_1', 'I_34_14', 'I_34_27', 'I_37_4', 'I_38_12', 'I_39_1', 'I_39_11', 'I_39_22', 'I_40_1', 'I_41_16', 'I_43_16', 'I_43_31', 'I_43_43', 'I_44_4', 'I_47_23', 'I_48_2', 'I_50_26', 'II_2_42', 'II_3_24', 'II_4_23', 'II_6_11', 'II_6_15a', 'II_6_15b', 'II_8_7', 'II_8_31', 'II_10_9', 'II_11_3', 'II_11_17', 'II_11_20', 'II_11_27', 'II_11_28', 'II_13_17', 'II_13_23', 'II_13_34', 'II_15_4', 'II_15_5', 'II_21_32', 'II_24_17', 'II_27_16', 'II_27_18', 'II_34_2a', 'II_34_2', 'II_34_11', 'II_34_29a', 'II_34_29b', 'II_35_18', 'II_35_21', 'II_36_38', 'II_37_1', 'II_38_3', 'II_38_14', 'III_4_32', 'III_4_33', 'III_7_38', 'III_8_54', 'III_9_52', 'III_10_19', 'III_12_43', 'III_13_18', 'III_14_14', 'III_15_12', 'III_15_14', 'III_15_27', 'III_17_37', 'III_19_51', 'III_21_20', 'test_1', 'test_2', 'test_3', 'test_4', 'test_5', 'test_6', 'test_7', 'test_8', 'test_9', 'test_10', 'test_11', 'test_12', 'test_13', 'test_14', 'test_15', 'test_16', 'test_17', 'test_18', 'test_19', 'test_20']
[feynman override] head_length=48 (keep n_genes=3, avgval linker)
Selected problem: I_37_4
  Description : Feynman I-III I.37.4: Int = I1+I2+2*sqrt(I1*I2)*cos(delta)
  Variables   : ['I1', 'I2', 'delta']
  Train range : {'I1': (1.0, 5.0), 'I2': (1.0, 5.0), 'delta': (1.0, 5.0)}
  Extrap range: {'I1': (1.0, 7.5), 'I2': (1.0, 7.5), 'delta': (1.0, 7.5)}
  Truth       : I1+I2+2*sqrt(I1*I2)*cos(delta)
  ✓ cache hit  (data/equations/I_37_4, key=627ef68e831e3608)
  train           (800, 4)  target range=[0.001805, 13.41]
  val             (200, 4)  target range=[0.004218, 12.92]
  holdout         (200, 4)  target range=[0.00193, 12.57]
  extrapolation   (200, 4)  target range=[0.003577, 25.63]
  saved figure → data/figures/I_37_4/eda_pairplot.png
Wide primitive set enabled: sin, cos, exp, log added.
[E22 rules] variable pattern tags: {'paired_numbered'}
[E22/23 rules] static candidate count: 3
[E22/23 rules] allowed to take a fitness slot (exact): 0
  [sum_sq_all/sum_sq] a=0.0380 b=2.3042e+00 1-R²_va=9.1626e-01
  [prefix_sum_sq/I1^2+I2^2] a=0.0750 b=1.8944e+00 1-R²_va=8.6983e-01
  [harmonic/1/(1/I1+1/I2)] a=1.4169 b=1.4892e+00 1-R²_va=9.0991e-01
[fuller] denoise + snap IN THE JOIN (every gene, every generation, K=8); mutation operators: physics=0.2 concretize=0.05
Wrapper scope: per_island  (island → wrapper map: ['identity', 'identity'])
[wgpu] process pool disabled — Metal cannot survive fork(); the population is evaluated in one dispatch instead
Genes: head_length=48, n_genes=3, rnc_array_length=10
Population: (per-island, see below), elites: 2, generations: 400, migration FREQ: 30
  pump per-island sizes: intake=100 (tournsize=8), champion=50 (tournsize=5)
Initialising evolution at 2026-09-19 06:10:12.192320
 gen  deme   evals     min fitness          mse_tr          mse_va         max_err      mse_extrap  one_minus_r2_tr  one_minus_r2_va
   0     0     100     0.268011878      5.11633715      4.52564183      7.20382888      52.8406878     0.604260119     0.591838416
   0     1      50     0.103891938      6.00439417      6.04368924      7.93377872      52.1199607     0.709143247     0.790360263
          wgpu 1d 323g 279c x3w 11ms | egraph 187g->129v+0snap 108ms | graft 68 (-234n, 0 snap) cpu 0 | f64 30 | gen 0.0s | dropped inexpr 2 oversz 0 unbuild 0 {}
Extending evolution: gen 1 → 400 (+400 generations)
   1     0     100    0.0286417903      1.44405245      1.26665984      4.53095618      15.6198907     0.170548437     0.165646771
   1     1      50     0.103891938      6.00439417      6.04368924      7.93377872      52.1199607     0.709143247     0.790360263
          wgpu 1d 163g 223c x3w 4ms | egraph 74g->77v+0snap 26ms | graft 39 (-155n, 0 snap) cpu 0 | f64 23 | gen 0.4s | dropped inexpr 4 oversz 0 unbuild 0 {}
   2     0     100    0.0170534281      1.47827067      1.28092832      4.34065429      13.6403621     0.174589747     0.167512723
   2     1      50     0.103891938      6.00439417      6.04368924      7.93377872      52.1199607     0.709143247     0.790360263
          wgpu 1d 112g 221c x3w 3ms | egraph 38g->75v+0snap 11ms | graft 32 (-111n, 0 snap) cpu 0 | f64 39 | gen 0.2s | dropped inexpr 1 oversz 0 unbuild 0 {}
   3     0     100    0.0170534281      1.47827067      1.28092832      4.34065429      13.6403621     0.174589747     0.167512723
   3     1      50    0.0722469939      2.57931139      2.38879894      6.44181793      20.3181365     0.304627112     0.312393918
          wgpu 1d 117g 225c x3w 4ms | egraph 47g->79v+0snap 10ms | graft 35 (-108n, 0 snap) cpu 0 | f64 20 | gen 0.2s
   4     0     100    0.0170534281      1.47827067      1.28092832      4.34065429      13.6403621     0.174589747     0.167512723
   4     1      50    0.0565787725      2.57931139      2.38879894      6.44181793      20.3181365     0.304627112     0.312393918
          wgpu 1d 97g 235c x3w 4ms | egraph 28g->89v+0snap 19ms | graft 27 (-88n, 0 snap) cpu 0 | f64 20 | gen 0.2s | dropped inexpr 1 oversz 0 unbuild 0 {}
   5     0     100    0.0170534281      1.47827067      1.28092832      4.34065429      13.6403621     0.174589747     0.167512723
   5     1      50    0.0324411807      2.57931139      2.38879894      6.44181793      20.3181365     0.304627112     0.312393918
          wgpu 1d 78g 224c x3w 3ms | egraph 28g->78v+0snap 6ms | graft 38 (-99n, 0 snap) cpu 0 | f64 20 | gen 0.1s
   6     0     100   0.00822883165      1.47827067      1.28092832      4.34065429      13.6403621     0.174589747     0.167512723
   6     1      50    0.0324411807      2.57931139      2.38879894      6.44181793      20.3181365     0.304627112     0.312393918
          wgpu 1d 84g 228c x3w 3ms | egraph 33g->82v+0snap 7ms | graft 30 (-73n, 0 snap) cpu 0 | f64 40 | gen 0.2s | dropped inexpr 5 oversz 0 unbuild 0 {}
   7     0     100   0.00822883165      1.47827068      1.28092815      4.34065414      13.6403624     0.174589748     0.167512701
   7     1      50    0.0324411807      2.57931139      2.38879894      6.44181793      20.3181365     0.304627112     0.312393918
          wgpu 1d 72g 220c x3w 3ms | egraph 20g->74v+0snap 4ms | graft 29 (-73n, 0 snap) cpu 0 | f64 20 | gen 0.2s | dropped inexpr 1 oversz 0 unbuild 0 {}
   8     0     100   0.00671394412      1.09609883     0.928691387      4.05061813      14.0884693     0.129453707     0.121449125
   8     1      50    0.0324411807      2.57931139      2.38879894      6.44181793      20.3181365     0.304627112     0.312393918
          wgpu 1d 83g 212c x3w 3ms | egraph 28g->66v+0snap 6ms | graft 24 (-70n, 0 snap) cpu 0 | f64 20 | gen 0.1s | dropped inexpr 2 oversz 0 unbuild 0 {}
   9     0     100   0.00671394412      1.09609883     0.928691387      4.05061813      14.0884693     0.129453707     0.121449125
   9     1      50    0.0324411807      2.57931139      2.38879894      6.44181793      20.3181365     0.304627112     0.312393918
          wgpu 1d 141g 270c x3w 4ms | egraph 52g->124v+0snap 13ms | graft 47 (-131n, 0 snap) cpu 0 | f64 20 | gen 0.2s | dropped inexpr 6 oversz 0 unbuild 0 {}
  10     0     100   0.00671394412      1.09609883     0.928691387      4.05061813      14.0884693     0.129453707     0.121449125
  10     1      50    0.0324411807      2.57931139      2.38879894      6.44181793      20.3181365     0.304627112     0.312393918
          wgpu 1d 154g 273c x3w 5ms | egraph 65g->127v+0snap 16ms | graft 53 (-134n, 0 snap) cpu 0 | f64 20 | gen 0.2s | dropped inexpr 4 oversz 0 unbuild 0 {}
--------- pump migration: intra (promote-2 + intake-reset) ---------
  11     0     100   0.00671394412      1.09609883     0.928691387      4.05061813      14.0884693     0.129453707     0.121449125
  11     1      50   0.00671394412      1.09609883     0.928691387      4.05061813      14.0884693     0.129453707     0.121449125
          wgpu 2d 338g 423c x3w 8ms | egraph 129g->197v+0snap 37ms | graft 82 (-221n, 0 snap) cpu 0 | f64 30 | gen 0.2s | dropped inexpr 10 oversz 0 unbuild 0 {}
  12     0     100   0.00671394412      1.09609883     0.928691387      4.05061813      14.0884693     0.129453707     0.121449125
  12     1      50   0.00671394412      1.09609883     0.928691387      4.05061813      14.0884693     0.129453707     0.121449125
          wgpu 1d 150g 295c x3w 4ms | egraph 57g->149v+0snap 12ms | graft 54 (-149n, 0 snap) cpu 0 | f64 20 | gen 0.3s | dropped inexpr 4 oversz 0 unbuild 0 {}
  13     0     100   0.00671394412      1.09609883     0.928691387      4.05061813      14.0884693     0.129453707     0.121449125
  13     1      50   0.00671394412      1.09609883     0.928691387      4.05061813      14.0884693     0.129453707     0.121449125
          wgpu 1d 157g 289c x3w 4ms | egraph 40g->143v+0snap 10ms | graft 58 (-166n, 0 snap) cpu 0 | f64 20 | gen 0.2s | dropped inexpr 4 oversz 0 unbuild 0 {}
  14     0     100  0.000895852854     0.651186848     0.497856571      2.16599861      31.0241179    0.0769078016    0.0651069297
  14     1      50   0.00671394412      1.09609883     0.928691387      4.05061813      14.0884693     0.129453707     0.121449125
          wgpu 1d 169g 283c x3w 4ms | egraph 49g->137v+0snap 13ms | graft 49 (-147n, 0 snap) cpu 0 | f64 20 | gen 0.2s | dropped inexpr 2 oversz 0 unbuild 0 {}
  15     0     100  0.000895852854     0.651186848     0.497856571      2.16599861      31.0241179    0.0769078016    0.0651069297
  15     1      50   0.00671394412      1.09609883     0.928691387      4.05061813      14.0884693     0.129453707     0.121449125
          wgpu 1d 144g 245c x3w 4ms | egraph 42g->99v+0snap 10ms | graft 39 (-111n, 0 snap) cpu 0 | f64 20 | gen 0.2s | dropped inexpr 3 oversz 0 unbuild 0 {}
  16     0     100  0.000895852854     0.651186848     0.497856571      2.16599861      31.0241179    0.0769078016    0.0651069297
  16     1      50   0.00671394412      1.09609883     0.928691387      4.05061813      14.0884693     0.129453707     0.121449125
          wgpu 1d 128g 209c x3w 3ms | egraph 43g->63v+0snap 8ms | graft 32 (-67n, 0 snap) cpu 0 | f64 20 | gen 0.2s | dropped inexpr 1 oversz 0 unbuild 0 {}
  17     0     100  8.30290241e-06     0.651186848     0.497856571      2.16599861      31.0241179    0.0769078016    0.0651069297
  17     1      50   0.00671394412      1.09609883     0.928691387      4.05061813      14.0884693     0.129453707     0.121449125
          wgpu 1d 135g 217c x3w 4ms | egraph 43g->71v+0snap 11ms | graft 36 (-108n, 0 snap) cpu 0 | f64 34 | gen 0.2s | dropped inexpr 2 oversz 0 unbuild 0 {}
  18     0     100  8.30290241e-06     0.651186828     0.497856443      2.16599804      31.0241192    0.0769077992    0.0651069129
  18     1      50   0.00433487486      1.07758199     0.914712269      3.39752144      11.9768025     0.127266794     0.119621013
          wgpu 1d 149g 216c x3w 4ms | egraph 47g->70v+0snap 11ms | graft 37 (-106n, 0 snap) cpu 0 | f64 20 | gen 0.1s | dropped inexpr 5 oversz 0 unbuild 0 {}
  19     0     100  8.30290241e-06     0.651186828     0.497856443      2.16599804      31.0241192    0.0769077992    0.0651069129
  19     1      50   0.00221478535      1.02972498     0.943194401      3.16632259      9.02246661     0.121614687     0.123345749
          wgpu 1d 110g 171c x3w 3ms | egraph 38g->25v+0snap 8ms | graft 16 (-33n, 0 snap) cpu 0 | f64 20 | gen 0.1s | dropped inexpr 4 oversz 0 unbuild 0 {}
  20     0     100  8.30290241e-06     0.651186848     0.497856571      2.16599861      31.0241179    0.0769078016    0.0651069297
  20     1      50   0.00221478535      1.02972498     0.943194401      3.16632259      9.02246661     0.121614687     0.123345749
          wgpu 1d 127g 178c x3w 3ms | egraph 38g->32v+0snap 7ms | graft 25 (-60n, 0 snap) cpu 0 | f64 20 | gen 0.1s | dropped inexpr 3 oversz 0 unbuild 0 {}
--------- pump migration: intra (promote-2 + intake-reset) ---------
  21     0     100  8.30290241e-06     0.651186848     0.497856571      2.16599861      31.0241179    0.0769078016    0.0651069297
  21     1      50  8.30290241e-06     0.651186848     0.497856571      2.16599861      31.0241179    0.0769078016    0.0651069297
          wgpu 2d 332g 348c x3w 12ms | egraph 124g->122v+0snap 27ms | graft 66 (-209n, 0 snap) cpu 0 | f64 30 | gen 0.2s | dropped inexpr 12 oversz 0 unbuild 0 {}
  22     0     100  8.30290241e-06     0.651186848     0.497856571      2.16599861      31.0241179    0.0769078016    0.0651069297
  22     1      50  8.30290241e-06     0.651186848     0.497856571      2.16599861      31.0241179    0.0769078016    0.0651069297
          wgpu 1d 132g 192c x3w 6ms | egraph 32g->46v+0snap 7ms | graft 30 (-68n, 0 snap) cpu 0 | f64 20 | gen 0.1s | dropped inexpr 6 oversz 0 unbuild 0 {}
  23     0     100  8.30290241e-06     0.651186848     0.497856571      2.16599861      31.0241179    0.0769078016    0.0651069297
  23     1      50  8.30290241e-06     0.651186848     0.497856571      2.16599861      31.0241179    0.0769078016    0.0651069297
          wgpu 1d 125g 183c x3w 3ms | egraph 30g->37v+0snap 9ms | graft 26 (-71n, 0 snap) cpu 0 | f64 20 | gen 0.2s | dropped inexpr 8 oversz 0 unbuild 0 {}
  24     0     100  8.30290241e-06     0.651186848     0.497856571      2.16599861      31.0241179    0.0769078016    0.0651069297
  24     1      50  8.30290241e-06     0.651186848     0.497856571      2.16599861      31.0241179    0.0769078016    0.0651069297
          wgpu 1d 124g 182c x3w 3ms | egraph 29g->36v+0snap 6ms | graft 25 (-64n, 0 snap) cpu 0 | f64 20 | gen 0.1s | dropped inexpr 9 oversz 0 unbuild 0 {}
  25     0     100  8.30290241e-06     0.651186848     0.497856571      2.16599861      31.0241179    0.0769078016    0.0651069297
  25     1      50  8.30290241e-06     0.651186848     0.497856571      2.16599861      31.0241179    0.0769078016    0.0651069297
          wgpu 1d 116g 178c x3w 3ms | egraph 29g->32v+0snap 7ms | graft 22 (-56n, 0 snap) cpu 0 | f64 20 | gen 0.2s | dropped inexpr 11 oversz 0 unbuild 0 {}
  26     0     100  8.30290241e-06     0.651186848     0.497856571      2.16599861      31.0241179    0.0769078016    0.0651069297
  26     1      50  8.30290241e-06     0.651186848     0.497856571      2.16599861      31.0241179    0.0769078016    0.0651069297
          wgpu 1d 128g 185c x3w 4ms | egraph 31g->39v+0snap 8ms | graft 28 (-66n, 0 snap) cpu 0 | f64 20 | gen 0.1s | dropped inexpr 7 oversz 0 unbuild 0 {}
  27     0     100  8.30290241e-06     0.651186848     0.497856571      2.16599861      31.0241179    0.0769078016    0.0651069297
  27     1      50  8.30290241e-06     0.651186848     0.497856571      2.16599861      31.0241179    0.0769078016    0.0651069297
          wgpu 1d 140g 191c x3w 16ms | egraph 33g->45v+0snap 20ms | graft 31 (-73n, 0 snap) cpu 0 | f64 20 | gen 0.2s | dropped inexpr 8 oversz 0 unbuild 0 {}
  28     0     100  8.30290241e-06     0.651186848     0.497856571      2.16599861      31.0241179    0.0769078016    0.0651069297
  28     1      50  8.30290241e-06     0.651186848     0.497856571      2.16599861      31.0241179    0.0769078016    0.0651069297
          wgpu 1d 132g 186c x3w 3ms | egraph 34g->40v+0snap 8ms | graft 32 (-61n, 0 snap) cpu 0 | f64 20 | gen 0.1s | dropped inexpr 9 oversz 0 unbuild 0 {}
  29     0     100  8.30290241e-06     0.651186848     0.497856571      2.16599861      31.0241179    0.0769078016    0.0651069297
  29     1      50  8.30290241e-06     0.651186848     0.497856571      2.16599861      31.0241179    0.0769078016    0.0651069297
          wgpu 1d 150g 196c x3w 4ms | egraph 39g->50v+0snap 9ms | graft 33 (-78n, 0 snap) cpu 0 | f64 20 | gen 0.2s | dropped inexpr 7 oversz 0 unbuild 0 {}
  30     0     100   8.9741617e-07     0.613549678     0.493171084      2.14024194      29.5613356    0.0724626996    0.0644941876
  30     1      50  8.30290241e-06     0.651186848     0.497856571      2.16599861      31.0241179    0.0769078016    0.0651069297
          wgpu 1d 150g 194c x3w 4ms | egraph 35g->48v+0snap 8ms | graft 33 (-79n, 0 snap) cpu 0 | f64 20 | gen 0.2s | dropped inexpr 7 oversz 0 unbuild 0 {}
--------- pump migration: intra (promote-2 + intake-reset) ---------
  31     0     100   8.9741617e-07     0.613549678     0.493171084      2.14024194      29.5613356    0.0724626996    0.0644941876
  31     1      50   8.9741617e-07     0.613549678     0.493171084      2.14024194      29.5613356    0.0724626996    0.0644941876
          wgpu 2d 355g 389c x3w 8ms | egraph 134g->163v+0snap 30ms | graft 76 (-222n, 0 snap) cpu 0 | f64 30 | gen 0.1s | dropped inexpr 15 oversz 0 unbuild 0 {}
  32     0     100   8.9741617e-07     0.613549678     0.493171084      2.14024194      29.5613356    0.0724626996    0.0644941876
  32     1      50   8.9741617e-07     0.613549678     0.493171084      2.14024194      29.5613356    0.0724626996    0.0644941876
          wgpu 1d 165g 277c x3w 4ms | egraph 63g->131v+0snap 15ms | graft 53 (-131n, 0 snap) cpu 0 | f64 20 | gen 0.2s | dropped inexpr 9 oversz 0 unbuild 0 {}
  33     0     100   8.9741617e-07     0.613549678     0.493171084      2.14024194      29.5613356    0.0724626996    0.0644941876
  33     1      50   8.9741617e-07     0.613549678     0.493171084      2.14024194      29.5613356    0.0724626996    0.0644941876
          wgpu 1d 148g 253c x3w 4ms | egraph 46g->107v+0snap 14ms | graft 45 (-91n, 0 snap) cpu 0 | f64 20 | gen 0.2s | dropped inexpr 9 oversz 0 unbuild 0 {}
  34     0     100   8.9741617e-07     0.613549678     0.493171084      2.14024194      29.5613356    0.0724626996    0.0644941876
  34     1      50   8.9741617e-07     0.613549678     0.493171084      2.14024194      29.5613356    0.0724626996    0.0644941876
          wgpu 1d 160g 281c x3w 4ms | egraph 37g->135v+0snap 10ms | graft 41 (-136n, 0 snap) cpu 0 | f64 20 | gen 0.3s | dropped inexpr 5 oversz 0 unbuild 0 {}
  35     0     100   8.9741617e-07     0.613549678     0.493171084      2.14024194      29.5613356    0.0724626996    0.0644941876
  35     1      50   8.9741617e-07     0.613549678     0.493171084      2.14024194      29.5613356    0.0724626996    0.0644941876
          wgpu 1d 161g 267c x3w 4ms | egraph 43g->121v+0snap 16ms | graft 48 (-131n, 0 snap) cpu 0 | f64 20 | gen 0.1s | dropped inexpr 4 oversz 0 unbuild 0 {}
  36     0     100   8.9741617e-07     0.613549678     0.493171084      2.14024194      29.5613356    0.0724626996    0.0644941876
  36     1      50   8.9741617e-07     0.613549678     0.493171084      2.14024194      29.5613356    0.0724626996    0.0644941876
          wgpu 1d 201g 286c x3w 4ms | egraph 53g->140v+0snap 11ms | graft 58 (-152n, 0 snap) cpu 0 | f64 20 | gen 0.2s | dropped inexpr 9 oversz 0 unbuild 0 {}
  37     0     100   8.9741617e-07     0.613549678     0.493171084      2.14024194      29.5613356    0.0724626996    0.0644941876
  37     1      50   8.9741617e-07     0.613549678     0.493171084      2.14024194      29.5613356    0.0724626996    0.0644941876
          wgpu 1d 185g 275c x3w 4ms | egraph 51g->129v+0snap 12ms | graft 49 (-124n, 0 snap) cpu 0 | f64 20 | gen 0.2s | dropped inexpr 10 oversz 0 unbuild 0 {}
  38     0     100   8.9741617e-07     0.613549678     0.493171084      2.14024194      29.5613356    0.0724626996    0.0644941876
  38     1      50   8.9741617e-07     0.613549678     0.493171084      2.14024194      29.5613356    0.0724626996    0.0644941876
          wgpu 1d 170g 297c x3w 4ms | egraph 39g->151v+0snap 8ms | graft 58 (-179n, 0 snap) cpu 0 | f64 20 | gen 0.1s | dropped inexpr 6 oversz 0 unbuild 0 {}
  39     0     100   8.9741617e-07     0.613549678     0.493171084      2.14024194      29.5613356    0.0724626996    0.0644941876
  39     1      50   8.9741617e-07     0.613549678     0.493171084      2.14024194      29.5613356    0.0724626996    0.0644941876
          wgpu 1d 197g 292c x3w 4ms | egraph 46g->146v+0snap 11ms | graft 52 (-163n, 0 snap) cpu 0 | f64 20 | gen 0.2s | dropped inexpr 10 oversz 0 unbuild 0 {}
  40     0     100   8.9741617e-07     0.613549678     0.493171084      2.14024194      29.5613356    0.0724626996    0.0644941876
  40     1      50   8.9741617e-07     0.613549678     0.493171084      2.14024194      29.5613356    0.0724626996    0.0644941876
          wgpu 1d 170g 268c x3w 6ms | egraph 36g->122v+0snap 8ms | graft 52 (-117n, 0 snap) cpu 0 | f64 20 | gen 0.1s | dropped inexpr 7 oversz 0 unbuild 0 {}
--------- pump migration: intra (promote-2 + intake-reset) ---------
  41     0     100               0      1.43338306      1.26481362      4.66323373      16.8087698     0.169288339     0.165405332
  41     1      50   8.9741617e-07     0.613549678     0.493171084      2.14024194      29.5613356    0.0724626996    0.0644941876
          wgpu 2d 343g 396c x3w 10ms | egraph 116g->170v+0snap 52ms | graft 74 (-237n, 0 snap) cpu 0 | f64 30 | gen 0.2s | dropped inexpr 4 oversz 0 unbuild 0 {}
  42     0     100               0      1.43338306      1.26481362      4.66323373      16.8087698     0.169288339     0.165405332
  42     1      50   8.9741617e-07     0.613549678     0.493171084      2.14024194      29.5613356    0.0724626996    0.0644941876
          wgpu 1d 173g 248c x3w 4ms | egraph 49g->102v+0snap 12ms | graft 46 (-121n, 0 snap) cpu 0 | f64 20 | gen 0.2s | dropped inexpr 9 oversz 0 unbuild 0 {}
  43     0     100               0      1.43338306      1.26481362      4.66323373      16.8087698     0.169288339     0.165405332
  43     1      50   8.9741617e-07     0.613549678     0.493171084      2.14024194      29.5613356    0.0724626996    0.0644941876
          wgpu 1d 158g 248c x3w 4ms | egraph 39g->102v+0snap 9ms | graft 41 (-141n, 0 snap) cpu 0 | f64 20 | gen 0.2s | dropped inexpr 5 oversz 0 unbuild 0 {}
  44     0     100               0     0.778527375     0.709496755      2.91379662      9.54154109    0.0919472332    0.0927840628
  44     1      50   8.9741617e-07     0.613549678     0.493171084      2.14024194      29.5613356    0.0724626996    0.0644941876
          wgpu 1d 153g 236c x3w 7ms | egraph 36g->90v+0snap 8ms | graft 43 (-107n, 0 snap) cpu 0 | f64 20 | gen 0.2s | dropped inexpr 4 oversz 0 unbuild 0 {}
  45     0     100               0     0.778527375     0.709496755      2.91379662      9.54154109    0.0919472332    0.0927840628
  45     1      50   8.9741617e-07     0.613549678     0.493171084      2.14024194      29.5613356    0.0724626996    0.0644941876
          wgpu 1d 165g 231c x3w 4ms | egraph 35g->85v+0snap 9ms | graft 47 (-116n, 0 snap) cpu 0 | f64 32 | gen 0.3s | dropped inexpr 10 oversz 0 unbuild 0 {}
  46     0     100               0     0.778527375     0.709496755      2.91379662      9.54154109    0.0919472332    0.0927840628
  46     1      50   8.9741617e-07     0.613549678     0.493171084      2.14024194      29.5613356    0.0724626996    0.0644941876
          wgpu 1d 141g 217c x3w 4ms | egraph 29g->71v+0snap 7ms | graft 40 (-98n, 0 snap) cpu 0 | f64 20 | gen 0.1s | dropped inexpr 10 oversz 0 unbuild 0 {}
  47     0     100               0     0.778527405      0.70949675      2.91379665      9.54154143    0.0919472367    0.0927840621
  47     1      50   8.9741617e-07     0.613549678     0.493171084      2.14024194      29.5613356    0.0724626996    0.0644941876
          wgpu 1d 151g 225c x3w 11ms | egraph 39g->79v+0snap 10ms | graft 40 (-101n, 0 snap) cpu 0 | f64 20 | gen 0.2s | dropped inexpr 15 oversz 0 unbuild 0 {}
  48     0     100               0     0.778527405      0.70949675      2.91379665      9.54154143    0.0919472367    0.0927840621
  48     1      50   8.9741617e-07     0.613549678     0.493171084      2.14024194      29.5613356    0.0724626996    0.0644941876
          wgpu 1d 134g 224c x3w 12ms | egraph 31g->78v+0snap 8ms | graft 37 (-83n, 0 snap) cpu 0 | f64 20 | gen 0.2s | dropped inexpr 8 oversz 0 unbuild 0 {}
  49     0     100               0     0.778527405      0.70949675      2.91379665      9.54154143    0.0919472367    0.0927840621
  49     1      50   8.9741617e-07     0.613549678     0.493171084      2.14024194      29.5613356    0.0724626996    0.0644941876
          wgpu 1d 158g 240c x3w 4ms | egraph 40g->94v+0snap 9ms | graft 40 (-99n, 0 snap) cpu 0 | f64 20 | gen 0.1s | dropped inexpr 13 oversz 0 unbuild 0 {}
  50     0     100               0     0.778527405      0.70949675      2.91379665      9.54154143    0.0919472367    0.0927840621
  50     1      50   8.9741617e-07     0.613549678     0.493171084      2.14024194      29.5613356    0.0724626996    0.0644941876
          wgpu 1d 166g 235c x3w 4ms | egraph 36g->89v+0snap 10ms | graft 51 (-129n, 0 snap) cpu 0 | f64 20 | gen 0.2s | dropped inexpr 9 oversz 0 unbuild 0 {}
--------- pump migration: intra (promote-2 + intake-reset) ---------
  51     0     100               0     0.778527405      0.70949675      2.91379665      9.54154143    0.0919472367    0.0927840621
  51     1      50               0     0.778527405      0.70949675      2.91379665      9.54154143    0.0919472367    0.0927840621
          wgpu 2d 297g 326c x3w 13ms | egraph 93g->100v+0snap 26ms | graft 55 (-164n, 0 snap) cpu 0 | f64 30 | gen 0.1s | dropped inexpr 8 oversz 0 unbuild 0 {}
  52     0     100               0     0.778527405      0.70949675      2.91379665      9.54154143    0.0919472367    0.0927840621
  52     1      50               0     0.778527405      0.70949675      2.91379665      9.54154143    0.0919472367    0.0927840621
          wgpu 1d 121g 183c x3w 3ms | egraph 40g->37v+0snap 17ms | graft 26 (-81n, 0 snap) cpu 0 | f64 20 | gen 0.1s | dropped inexpr 17 oversz 0 unbuild 0 {}
  53     0     100               0     0.778527405      0.70949675      2.91379665      9.54154143    0.0919472367    0.0927840621
  53     1      50               0     0.778527405      0.70949675      2.91379665      9.54154143    0.0919472367    0.0927840621
          wgpu 1d 123g 187c x3w 11ms | egraph 24g->41v+0snap 17ms | graft 31 (-63n, 0 snap) cpu 0 | f64 20 | gen 0.1s | dropped inexpr 13 oversz 0 unbuild 0 {}
  54     0     100               0     0.778527405      0.70949675      2.91379665      9.54154143    0.0919472367    0.0927840621
  54     1      50               0     0.778527405      0.70949675      2.91379665      9.54154143    0.0919472367    0.0927840621
          wgpu 1d 131g 197c x3w 4ms | egraph 29g->51v+0snap 10ms | graft 36 (-78n, 0 snap) cpu 0 | f64 20 | gen 0.1s | dropped inexpr 18 oversz 0 unbuild 0 {}
  55     0     100               0     0.778527405      0.70949675      2.91379665      9.54154143    0.0919472367    0.0927840621
  55     1      50               0     0.778527375     0.709496755      2.91379662      9.54154109    0.0919472332    0.0927840628
          wgpu 1d 149g 198c x3w 5ms | egraph 37g->52v+0snap 10ms | graft 36 (-75n, 0 snap) cpu 0 | f64 20 | gen 0.1s | dropped inexpr 19 oversz 0 unbuild 0 {}
  56     0     100               0     0.778527405      0.70949675      2.91379665      9.54154143    0.0919472367    0.0927840621
  56     1      50               0     0.778527375     0.709496755      2.91379662      9.54154109    0.0919472332    0.0927840628
          wgpu 1d 135g 190c x3w 4ms | egraph 31g->44v+0snap 8ms | graft 30 (-92n, 0 snap) cpu 0 | f64 20 | gen 0.1s | dropped inexpr 14 oversz 0 unbuild 0 {}
  57     0     100               0     0.778527405      0.70949675      2.91379665      9.54154143    0.0919472367    0.0927840621
  57     1      50               0     0.778527375     0.709496755      2.91379662      9.54154109    0.0919472332    0.0927840628
          wgpu 1d 135g 196c x3w 4ms | egraph 29g->50v+0snap 8ms | graft 30 (-64n, 0 snap) cpu 0 | f64 20 | gen 0.2s | dropped inexpr 16 oversz 0 unbuild 0 {}
  58     0     100               0     0.778527405      0.70949675      2.91379665      9.54154143    0.0919472367    0.0927840621
  58     1      50               0     0.778527375     0.709496755      2.91379662      9.54154109    0.0919472332    0.0927840628
          wgpu 1d 135g 201c x3w 4ms | egraph 23g->55v+0snap 7ms | graft 39 (-87n, 0 snap) cpu 0 | f64 20 | gen 0.1s | dropped inexpr 16 oversz 0 unbuild 0 {}
  59     0     100               0     0.778527405      0.70949675      2.91379665      9.54154143    0.0919472367    0.0927840621
  59     1      50               0     0.778527375     0.709496755      2.91379662      9.54154109    0.0919472332    0.0927840628
          wgpu 1d 127g 191c x3w 4ms | egraph 29g->45v+0snap 7ms | graft 32 (-107n, 0 snap) cpu 0 | f64 20 | gen 0.2s | dropped inexpr 15 oversz 0 unbuild 0 {}
  60     0     100               0     0.778527405      0.70949675      2.91379665      9.54154143    0.0919472367    0.0927840621
  60     1      50               0     0.778527375     0.709496755      2.91379662      9.54154109    0.0919472332    0.0927840628
          wgpu 1d 129g 188c x3w 3ms | egraph 21g->42v+0snap 8ms | graft 29 (-90n, 0 snap) cpu 0 | f64 20 | gen 0.1s | dropped inexpr 14 oversz 0 unbuild 0 {}
--------- pump migration: intra (promote-2 + intake-reset) + cross ---------
  61     0     100               0     0.778527405      0.70949675      2.91379665      9.54154143    0.0919472367    0.0927840621
  61     1      50               0     0.778527405      0.70949675      2.91379665      9.54154143    0.0919472367    0.0927840621
          wgpu 2d 286g 329c x3w 8ms | egraph 92g->103v+0snap 24ms | graft 56 (-127n, 0 snap) cpu 0 | f64 30 | gen 0.1s | dropped inexpr 12 oversz 0 unbuild 0 {}
  62     0     100               0     0.778527405      0.70949675      2.91379665      9.54154143    0.0919472367    0.0927840621
  62     1      50               0     0.778527375     0.709496755      2.91379662      9.54154109    0.0919472332    0.0927840628
          wgpu 1d 130g 206c x3w 3ms | egraph 26g->60v+0snap 9ms | graft 46 (-85n, 0 snap) cpu 0 | f64 20 | gen 0.1s | dropped inexpr 10 oversz 0 unbuild 0 {}
  63     0     100               0     0.778527405      0.70949675      2.91379665      9.54154143    0.0919472367    0.0927840621
  63     1      50               0     0.778527405      0.70949675      2.91379665      9.54154143    0.0919472367    0.0927840621
          wgpu 1d 132g 187c x3w 4ms | egraph 27g->41v+0snap 16ms | graft 34 (-89n, 0 snap) cpu 0 | f64 20 | gen 0.1s | dropped inexpr 12 oversz 0 unbuild 0 {}
  64     0     100               0     0.778527405      0.70949675      2.91379665      9.54154143    0.0919472367    0.0927840621
  64     1      50               0     0.778527405      0.70949675      2.91379665      9.54154143    0.0919472367    0.0927840621
          wgpu 1d 122g 187c x3w 5ms | egraph 29g->41v+0snap 13ms | graft 34 (-68n, 0 snap) cpu 0 | f64 20 | gen 0.1s | dropped inexpr 12 oversz 0 unbuild 0 {}
  65     0     100               0     0.778527405      0.70949675      2.91379665      9.54154143    0.0919472367    0.0927840621
  65     1      50               0     0.778527375     0.709496755      2.91379662      9.54154109    0.0919472332    0.0927840628
          wgpu 1d 140g 189c x3w 4ms | egraph 25g->43v+0snap 6ms | graft 32 (-71n, 0 snap) cpu 0 | f64 20 | gen 0.1s | dropped inexpr 12 oversz 0 unbuild 0 {}
  66     0     100               0     0.778527405      0.70949675      2.91379665      9.54154143    0.0919472367    0.0927840621
  66     1      50               0     0.778527405      0.70949675      2.91379665      9.54154143    0.0919472367    0.0927840621
          wgpu 1d 130g 191c x3w 4ms | egraph 31g->45v+0snap 12ms | graft 31 (-82n, 0 snap) cpu 0 | f64 20 | gen 0.1s | dropped inexpr 10 oversz 0 unbuild 0 {}
  67     0     100               0     0.778527405      0.70949675      2.91379665      9.54154143    0.0919472367    0.0927840621
  67     1      50               0     0.778527375     0.709496755      2.91379662      9.54154109    0.0919472332    0.0927840628
          wgpu 1d 137g 190c x3w 4ms | egraph 24g->44v+0snap 6ms | graft 36 (-83n, 0 snap) cpu 0 | f64 20 | gen 0.1s | dropped inexpr 10 oversz 0 unbuild 0 {}
  68     0     100               0     0.778527405      0.70949675      2.91379665      9.54154143    0.0919472367    0.0927840621
  68     1      50               0     0.778527375     0.709496755      2.91379662      9.54154109    0.0919472332    0.0927840628
          wgpu 1d 151g 190c x3w 4ms | egraph 40g->44v+0snap 11ms | graft 28 (-92n, 0 snap) cpu 0 | f64 20 | gen 0.1s | dropped inexpr 25 oversz 0 unbuild 0 {}
  69     0     100               0     0.704931466      0.62806912      2.58374159      7.22411597    0.0832552585    0.0821354069
  69     1      50               0     0.778527375     0.709496755      2.91379662      9.54154109    0.0919472332    0.0927840628
          wgpu 1d 119g 176c x3w 3ms | egraph 29g->27v+3snap 21ms | graft 23 (-67n, 2 snap) cpu 0 | f64 20 | gen 0.1s | dropped inexpr 21 oversz 0 unbuild 0 {}
  70     0     100               0     0.704931466      0.62806912      2.58374159      7.22411597    0.0832552585    0.0821354069
  70     1      50               0     0.778527375     0.709496755      2.91379662      9.54154109    0.0919472332    0.0927840628
          wgpu 1d 135g 185c x3w 4ms | egraph 38g->39v+0snap 9ms | graft 28 (-73n, 0 snap) cpu 0 | f64 20 | gen 0.1s | dropped inexpr 22 oversz 0 unbuild 0 {}
--------- pump migration: intra (promote-2 + intake-reset) ---------
  71     0     100               0     0.704931466      0.62806912      2.58374159      7.22411597    0.0832552585    0.0821354069
  71     1      50               0     0.704931466      0.62806912      2.58374159      7.22411597    0.0832552585    0.0821354069
          wgpu 2d 374g 374c x3w 16ms | egraph 142g->148v+0snap 40ms | graft 78 (-223n, 0 snap) cpu 0 | f64 30 | gen 0.2s | dropped inexpr 28 oversz 0 unbuild 0 {}
  72     0     100               0     0.704931466      0.62806912      2.58374159      7.22411597    0.0832552585    0.0821354069
  72     1      50               0     0.778527375     0.709496755      2.91379662      9.54154109    0.0919472332    0.0927840628
          wgpu 1d 134g 186c x3w 4ms | egraph 33g->40v+0snap 8ms | graft 26 (-54n, 0 snap) cpu 0 | f64 20 | gen 0.1s | dropped inexpr 22 oversz 0 unbuild 0 {}
  73     0     100               0     0.704931448     0.628069085      2.58374164      7.22411585    0.0832552563    0.0821354023
  73     1      50               0     0.704931466      0.62806912      2.58374159      7.22411597    0.0832552585    0.0821354069
          wgpu 1d 147g 190c x3w 4ms | egraph 47g->44v+0snap 16ms | graft 29 (-112n, 0 snap) cpu 0 | f64 20 | gen 0.2s | dropped inexpr 28 oversz 0 unbuild 0 {}
  74     0     100               0     0.704931466      0.62806912      2.58374159      7.22411597    0.0832552585    0.0821354069
  74     1      50               0     0.704931466      0.62806912      2.58374159      7.22411597    0.0832552585    0.0821354069
          wgpu 1d 119g 178c x3w 3ms | egraph 26g->32v+0snap 11ms | graft 26 (-68n, 0 snap) cpu 0 | f64 20 | gen 0.1s | dropped inexpr 12 oversz 0 unbuild 0 {}
  75     0     100               0     0.704931466      0.62806912      2.58374159      7.22411597    0.0832552585    0.0821354069
  75     1      50               0     0.704931448     0.628069085      2.58374164      7.22411585    0.0832552563    0.0821354023
          wgpu 1d 136g 184c x3w 4ms | egraph 41g->38v+0snap 11ms | graft 26 (-90n, 0 snap) cpu 0 | f64 20 | gen 0.1s | dropped inexpr 26 oversz 0 unbuild 0 {}
  76     0     100               0     0.704931466      0.62806912      2.58374159      7.22411597    0.0832552585    0.0821354069
  76     1      50               0     0.704931448     0.628069085      2.58374164      7.22411585    0.0832552563    0.0821354023
          wgpu 1d 118g 180c x3w 12ms | egraph 31g->34v+0snap 9ms | graft 28 (-78n, 0 snap) cpu 0 | f64 20 | gen 0.1s | dropped inexpr 20 oversz 0 unbuild 0 {}
  77     0     100               0     0.704931466      0.62806912      2.58374159      7.22411597    0.0832552585    0.0821354069
  77     1      50               0     0.704931448     0.628069085      2.58374164      7.22411585    0.0832552563    0.0821354023
          wgpu 1d 151g 196c x3w 4ms | egraph 47g->50v+0snap 15ms | graft 33 (-113n, 0 snap) cpu 0 | f64 20 | gen 0.1s | dropped inexpr 29 oversz 0 unbuild 0 {}
  78     0     100               0     0.704931466      0.62806912      2.58374159      7.22411597    0.0832552585    0.0821354069
  78     1      50               0     0.704931448     0.628069085      2.58374164      7.22411585    0.0832552563    0.0821354023
          wgpu 1d 166g 195c x3w 4ms | egraph 46g->49v+0snap 12ms | graft 32 (-91n, 0 snap) cpu 0 | f64 20 | gen 0.1s | dropped inexpr 28 oversz 0 unbuild 0 {}
  79     0     100               0     0.704931466      0.62806912      2.58374159      7.22411597    0.0832552585    0.0821354069
  79     1      50               0     0.704931448     0.628069085      2.58374164      7.22411585    0.0832552563    0.0821354023
          wgpu 1d 146g 189c x3w 4ms | egraph 52g->43v+0snap 15ms | graft 29 (-110n, 0 snap) cpu 0 | f64 20 | gen 0.2s | dropped inexpr 33 oversz 0 unbuild 0 {}
  80     0     100               0     0.704931466      0.62806912      2.58374159      7.22411597    0.0832552585    0.0821354069
  80     1      50               0     0.704931448     0.628069085      2.58374164      7.22411585    0.0832552563    0.0821354023
          wgpu 1d 118g 174c x3w 3ms | egraph 34g->28v+0snap 9ms | graft 20 (-65n, 0 snap) cpu 0 | f64 20 | gen 0.1s | dropped inexpr 24 oversz 0 unbuild 0 {}
--------- pump migration: intra (promote-2 + intake-reset) ---------
  81     0     100               0     0.704931448     0.628069085      2.58374164      7.22411585    0.0832552563    0.0821354023
  81     1      50               0     0.704931448     0.628069085      2.58374164      7.22411585    0.0832552563    0.0821354023
          wgpu 2d 332g 329c x3w 8ms | egraph 126g->103v+0snap 29ms | graft 59 (-194n, 0 snap) cpu 0 | f64 30 | gen 0.1s | dropped inexpr 26 oversz 0 unbuild 0 {}
  82     0     100               0     0.704931448     0.628069085      2.58374164      7.22411585    0.0832552563    0.0821354023
  82     1      50               0     0.704931466      0.62806912      2.58374159      7.22411597    0.0832552585    0.0821354069
          wgpu 1d 143g 198c x3w 4ms | egraph 36g->52v+0snap 11ms | graft 37 (-92n, 0 snap) cpu 0 | f64 20 | gen 0.1s | dropped inexpr 22 oversz 0 unbuild 0 {}
  83     0     100               0     0.704931448     0.628069085      2.58374164      7.22411585    0.0832552563    0.0821354023
  83     1      50               0     0.704931448     0.628069085      2.58374164      7.22411585    0.0832552563    0.0821354023
          wgpu 1d 144g 199c x3w 4ms | egraph 39g->53v+0snap 11ms | graft 28 (-112n, 0 snap) cpu 0 | f64 20 | gen 0.2s | dropped inexpr 23 oversz 0 unbuild 0 {}
  84     0     100               0     0.704931448     0.628069085      2.58374164      7.22411585    0.0832552563    0.0821354023
  84     1      50               0     0.704931448     0.628069085      2.58374164      7.22411585    0.0832552563    0.0821354023
          wgpu 1d 153g 200c x3w 5ms | egraph 46g->54v+0snap 17ms | graft 32 (-106n, 0 snap) cpu 0 | f64 20 | gen 0.3s | dropped inexpr 26 oversz 0 unbuild 0 {}
  85     0     100               0     0.704931466      0.62806912      2.58374159      7.22411597    0.0832552585    0.0821354069
  85     1      50               0     0.704931466      0.62806912      2.58374159      7.22411597    0.0832552585    0.0821354069
          wgpu 1d 176g 197c x3w 4ms | egraph 51g->51v+0snap 55ms | graft 30 (-131n, 0 snap) cpu 0 | f64 20 | gen 0.2s | dropped inexpr 28 oversz 0 unbuild 0 {}
  86     0     100               0     0.704931466      0.62806912      2.58374159      7.22411597    0.0832552585    0.0821354069
  86     1      50               0     0.704931466      0.62806912      2.58374159      7.22411597    0.0832552585    0.0821354069
          wgpu 1d 174g 211c x3w 5ms | egraph 53g->65v+0snap 19ms | graft 27 (-94n, 0 snap) cpu 0 | f64 20 | gen 0.3s | dropped inexpr 27 oversz 0 unbuild 0 {}
  87     0     100               0     0.704931466      0.62806912      2.58374159      7.22411597    0.0832552585    0.0821354069
  87     1      50               0     0.704931448     0.628069085      2.58374164      7.22411585    0.0832552563    0.0821354023
          wgpu 1d 160g 218c x3w 4ms | egraph 48g->72v+0snap 13ms | graft 35 (-121n, 0 snap) cpu 0 | f64 20 | gen 0.2s | dropped inexpr 27 oversz 0 unbuild 0 {}
  88     0     100               0     0.704931466      0.62806912      2.58374159      7.22411597    0.0832552585    0.0821354069
  88     1      50               0     0.704931448     0.628069085      2.58374164      7.22411585    0.0832552563    0.0821354023
          wgpu 1d 175g 217c x3w 4ms | egraph 59g->68v+3snap 16ms | graft 35 (-116n, 3 snap) cpu 0 | f64 20 | gen 0.2s | dropped inexpr 37 oversz 0 unbuild 0 {}
  89     0     100               0     0.704931466      0.62806912      2.58374159      7.22411597    0.0832552585    0.0821354069
  89     1      50               0     0.704931448     0.628069085      2.58374164      7.22411585    0.0832552563    0.0821354023
          wgpu 1d 189g 219c x3w 5ms | egraph 53g->73v+0snap 24ms | graft 35 (-143n, 0 snap) cpu 0 | f64 20 | gen 0.3s | dropped inexpr 36 oversz 0 unbuild 0 {}
  90     0     100               0     0.704931466      0.62806912      2.58374159      7.22411597    0.0832552585    0.0821354069
  90     1      50               0     0.704931448     0.628069085      2.58374164      7.22411585    0.0832552563    0.0821354023
          wgpu 1d 168g 204c x3w 4ms | egraph 48g->58v+0snap 13ms | graft 31 (-98n, 0 snap) cpu 0 | f64 20 | gen 0.2s | dropped inexpr 36 oversz 0 unbuild 0 {}
--------- pump migration: intra (promote-2 + intake-reset) + cross ---------
  91     0     100               0     0.704931466      0.62806912      2.58374159      7.22411597    0.0832552585    0.0821354069
  91     1      50               0     0.704931448     0.628069085      2.58374164      7.22411585    0.0832552563    0.0821354023
          wgpu 2d 357g 353c x3w 9ms | egraph 122g->127v+0snap 37ms | graft 66 (-185n, 0 snap) cpu 0 | f64 30 | gen 0.2s | dropped inexpr 54 oversz 0 unbuild 0 {}
  92     0     100               0     0.704931466      0.62806912      2.58374159      7.22411597    0.0832552585    0.0821354069
  92     1      50               0     0.704931448     0.628069085      2.58374164      7.22411585    0.0832552563    0.0821354023
          wgpu 1d 157g 199c x3w 4ms | egraph 54g->53v+0snap 20ms | graft 25 (-113n, 0 snap) cpu 0 | f64 20 | gen 0.2s | dropped inexpr 41 oversz 0 unbuild 0 {}
  93     0     100               0     0.704931466      0.62806912      2.58374159      7.22411597    0.0832552585    0.0821354069
  93     1      50               0     0.704931448     0.628069085      2.58374164      7.22411585    0.0832552563    0.0821354023
          wgpu 1d 187g 208c x3w 20ms | egraph 60g->62v+0snap 19ms | graft 38 (-106n, 0 snap) cpu 0 | f64 20 | gen 0.3s | dropped inexpr 47 oversz 0 unbuild 0 {}
  94     0     100               0     0.586683868     0.475677072      1.89515786      7.16360407    0.0692897387    0.0622064174
  94     1      50               0     0.704931448     0.628069085      2.58374164      7.22411585    0.0832552563    0.0821354023
          wgpu 1d 174g 203c x3w 5ms | egraph 54g->57v+0snap 14ms | graft 33 (-133n, 0 snap) cpu 0 | f64 20 | gen 0.2s | dropped inexpr 35 oversz 0 unbuild 0 {}
  95     0     100               0     0.586683868     0.475677072      1.89515786      7.16360407    0.0692897387    0.0622064174
  95     1      50               0     0.704931448     0.628069085      2.58374164      7.22411585    0.0832552563    0.0821354023
          wgpu 1d 169g 194c x3w 4ms | egraph 59g->48v+0snap 29ms | graft 31 (-101n, 0 snap) cpu 0 | f64 20 | gen 0.2s | dropped inexpr 47 oversz 0 unbuild 0 {}
  96     0     100               0     0.586683868     0.475677072      1.89515786      7.16360407    0.0692897387    0.0622064174
  96     1      50               0     0.704931448     0.628069085      2.58374164      7.22411585    0.0832552563    0.0821354023
          wgpu 1d 187g 211c x3w 5ms | egraph 52g->65v+0snap 15ms | graft 36 (-115n, 0 snap) cpu 0 | f64 20 | gen 0.2s | dropped inexpr 44 oversz 0 unbuild 0 {}
  97     0     100               0     0.586683868     0.475677072      1.89515786      7.16360407    0.0692897387    0.0622064174
  97     1      50               0     0.704931448     0.628069085      2.58374164      7.22411585    0.0832552563    0.0821354023
          wgpu 1d 204g 226c x3w 5ms | egraph 65g->80v+0snap 20ms | graft 38 (-147n, 0 snap) cpu 0 | f64 20 | gen 0.2s | dropped inexpr 50 oversz 0 unbuild 0 {}
  98     0     100               0     0.586683868     0.475677072      1.89515786      7.16360407    0.0692897387    0.0622064174
  98     1      50               0     0.704931466      0.62806912      2.58374159      7.22411597    0.0832552585    0.0821354069
          wgpu 1d 185g 209c x3w 5ms | egraph 55g->63v+0snap 17ms | graft 41 (-156n, 0 snap) cpu 0 | f64 20 | gen 0.3s | dropped inexpr 40 oversz 0 unbuild 0 {}
  99     0     100               0     0.586683868     0.475677072      1.89515786      7.16360407    0.0692897387    0.0622064174
  99     1      50               0     0.704931466      0.62806912      2.58374159      7.22411597    0.0832552585    0.0821354069
          wgpu 1d 203g 214c x3w 14ms | egraph 66g->68v+0snap 30ms | graft 35 (-163n, 0 snap) cpu 0 | f64 20 | gen 0.4s | dropped inexpr 48 oversz 0 unbuild 0 {}
 100     0     100               0     0.586683868     0.475677072      1.89515786      7.16360407    0.0692897387    0.0622064174
 100     1      50               0     0.704931466      0.62806912      2.58374159      7.22411597    0.0832552585    0.0821354069
          wgpu 1d 192g 214c x3w 16ms | egraph 55g->68v+0snap 14ms | graft 41 (-169n, 0 snap) cpu 0 | f64 20 | gen 0.2s | dropped inexpr 46 oversz 0 unbuild 0 {}
--------- pump migration: intra (promote-2 + intake-reset) ---------
 101     0     100               0     0.586683868     0.475677072      1.89515786      7.16360407    0.0692897387    0.0622064174
 101     1      50               0     0.704931448     0.628069085      2.58374164      7.22411585    0.0832552563    0.0821354023
          wgpu 2d 349g 348c x3w 8ms | egraph 119g->122v+0snap 33ms | graft 76 (-239n, 0 snap) cpu 0 | f64 30 | gen 0.2s | dropped inexpr 43 oversz 0 unbuild 0 {}
 102     0     100               0     0.586683868     0.475677072      1.89515786      7.16360407    0.0692897387    0.0622064174
 102     1      50               0     0.704931466      0.62806912      2.58374159      7.22411597    0.0832552585    0.0821354069
          wgpu 1d 206g 209c x3w 5ms | egraph 62g->63v+0snap 18ms | graft 37 (-121n, 0 snap) cpu 0 | f64 20 | gen 0.3s | dropped inexpr 43 oversz 0 unbuild 0 {}
 103     0     100               0     0.586683868     0.475677072      1.89515786      7.16360407    0.0692897387    0.0622064174
 103     1      50               0     0.704931466      0.62806912      2.58374159      7.22411597    0.0832552585    0.0821354069
          wgpu 1d 201g 215c x3w 5ms | egraph 61g->69v+0snap 16ms | graft 35 (-97n, 0 snap) cpu 0 | f64 20 | gen 0.3s | dropped inexpr 43 oversz 0 unbuild 0 {}
 104     0     100               0     0.586683868     0.475677072      1.89515786      7.16360407    0.0692897387    0.0622064174
 104     1      50               0     0.704931466      0.62806912      2.58374159      7.22411597    0.0832552585    0.0821354069
          wgpu 1d 190g 205c x3w 5ms | egraph 58g->59v+0snap 36ms | graft 38 (-144n, 0 snap) cpu 0 | f64 20 | gen 0.3s | dropped inexpr 48 oversz 0 unbuild 0 {}
 105     0     100               0     0.586683868     0.475677072      1.89515786      7.16360407    0.0692897387    0.0622064174
 105     1      50               0     0.704931466      0.62806912      2.58374159      7.22411597    0.0832552585    0.0821354069
          wgpu 1d 198g 214c x3w 8ms | egraph 60g->68v+0snap 22ms | graft 41 (-156n, 0 snap) cpu 0 | f64 20 | gen 0.2s | dropped inexpr 49 oversz 0 unbuild 0 {}
 106     0     100               0     0.586683868     0.475677072      1.89515786      7.16360407    0.0692897387    0.0622064174
 106     1      50               0     0.704931466      0.62806912      2.58374159      7.22411597    0.0832552585    0.0821354069
          wgpu 1d 237g 253c x3w 5ms | egraph 73g->107v+0snap 26ms | graft 51 (-171n, 0 snap) cpu 0 | f64 20 | gen 0.3s | dropped inexpr 49 oversz 0 unbuild 0 {}
 107     0     100               0     0.586683868     0.475677072      1.89515786      7.16360407    0.0692897387    0.0622064174
 107     1      50               0     0.704931466      0.62806912      2.58374159      7.22411597    0.0832552585    0.0821354069
          wgpu 1d 210g 224c x3w 5ms | egraph 72g->78v+0snap 21ms | graft 32 (-104n, 0 snap) cpu 0 | f64 20 | gen 0.3s | dropped inexpr 54 oversz 0 unbuild 0 {}
 108     0     100               0     0.586683868     0.475677072      1.89515786      7.16360407    0.0692897387    0.0622064174
 108     1      50               0     0.704931466      0.62806912      2.58374159      7.22411597    0.0832552585    0.0821354069
          wgpu 1d 203g 208c x3w 5ms | egraph 62g->62v+0snap 19ms | graft 36 (-105n, 0 snap) cpu 0 | f64 20 | gen 0.2s | dropped inexpr 47 oversz 0 unbuild 0 {}
 109     0     100               0     0.586683868     0.475677072      1.89515786      7.16360407    0.0692897387    0.0622064174
 109     1      50               0     0.704931466      0.62806912      2.58374159      7.22411597    0.0832552585    0.0821354069
          wgpu 1d 180g 206c x3w 12ms | egraph 50g->60v+0snap 23ms | graft 36 (-138n, 0 snap) cpu 0 | f64 20 | gen 0.2s | dropped inexpr 45 oversz 0 unbuild 0 {}
 110     0     100               0     0.586683868     0.475677072      1.89515786      7.16360407    0.0692897387    0.0622064174
 110     1      50               0     0.704931448     0.628069085      2.58374164      7.22411585    0.0832552563    0.0821354023
          wgpu 1d 185g 206c x3w 4ms | egraph 47g->60v+0snap 14ms | graft 35 (-121n, 0 snap) cpu 0 | f64 20 | gen 0.2s | dropped inexpr 32 oversz 0 unbuild 0 {}
--------- pump migration: intra (promote-2 + intake-reset) ---------
 111     0     100               0     0.586683868     0.475677072      1.89515786      7.16360407    0.0692897387    0.0622064174
 111     1      50               0     0.704931448     0.628069085      2.58374164      7.22411585    0.0832552563    0.0821354023
          wgpu 2d 381g 357c x3w 8ms | egraph 133g->131v+0snap 34ms | graft 76 (-238n, 0 snap) cpu 0 | f64 30 | gen 0.2s | dropped inexpr 39 oversz 0 unbuild 0 {}
 112     0     100               0     0.586683868     0.475677072      1.89515786      7.16360407    0.0692897387    0.0622064174
 112     1      50               0     0.704931448     0.628069085      2.58374164      7.22411585    0.0832552563    0.0821354023
          wgpu 1d 178g 196c x3w 6ms | egraph 45g->50v+0snap 30ms | graft 32 (-115n, 0 snap) cpu 0 | f64 20 | gen 0.4s | dropped inexpr 39 oversz 0 unbuild 0 {}
 113     0     100               0     0.586683868     0.475677072      1.89515786      7.16360407    0.0692897387    0.0622064174
 113     1      50               0     0.704931448     0.628069085      2.58374164      7.22411585    0.0832552563    0.0821354023
          wgpu 1d 203g 219c x3w 5ms | egraph 59g->73v+0snap 20ms | graft 33 (-119n, 0 snap) cpu 0 | f64 20 | gen 0.6s | dropped inexpr 48 oversz 0 unbuild 0 {}
 114     0     100               0     0.586683868     0.475677072      1.89515786      7.16360407    0.0692897387    0.0622064174
 114     1      50               0     0.704931448     0.628069085      2.58374164      7.22411585    0.0832552563    0.0821354023
          wgpu 1d 204g 219c x3w 5ms | egraph 62g->73v+0snap 17ms | graft 42 (-151n, 0 snap) cpu 0 | f64 20 | gen 0.3s | dropped inexpr 53 oversz 0 unbuild 0 {}
 115     0     100               0     0.586683868     0.475677072      1.89515786      7.16360407    0.0692897387    0.0622064174
 115     1      50               0     0.704931448     0.628069085      2.58374164      7.22411585    0.0832552563    0.0821354023
          wgpu 1d 220g 234c x3w 6ms | egraph 61g->88v+0snap 19ms | graft 36 (-130n, 0 snap) cpu 0 | f64 20 | gen 0.2s | dropped inexpr 42 oversz 0 unbuild 0 {}
 116     0     100               0     0.586683868     0.475677072      1.89515786      7.16360407    0.0692897387    0.0622064174
 116     1      50               0     0.704931448     0.628069085      2.58374164      7.22411585    0.0832552563    0.0821354023
          wgpu 1d 196g 220c x3w 14ms | egraph 56g->74v+0snap 18ms | graft 40 (-186n, 0 snap) cpu 0 | f64 20 | gen 0.2s | dropped inexpr 34 oversz 0 unbuild 0 {}
 117     0     100               0     0.586683868     0.475677072      1.89515786      7.16360407    0.0692897387    0.0622064174
 117     1      50               0     0.704931448     0.628069085      2.58374164      7.22411585    0.0832552563    0.0821354023
          wgpu 1d 195g 211c x3w 7ms | egraph 56g->65v+0snap 20ms | graft 40 (-115n, 0 snap) cpu 0 | f64 20 | gen 0.3s | dropped inexpr 43 oversz 0 unbuild 0 {}
 118     0     100               0     0.586683868     0.475677072      1.89515786      7.16360407    0.0692897387    0.0622064174
 118     1      50               0     0.704931448     0.628069085      2.58374164      7.22411585    0.0832552563    0.0821354023
          wgpu 1d 181g 202c x3w 4ms | egraph 45g->56v+0snap 20ms | graft 35 (-146n, 0 snap) cpu 0 | f64 20 | gen 0.2s | dropped inexpr 35 oversz 0 unbuild 0 {}
 119     0     100               0     0.586683868     0.475677072      1.89515786      7.16360407    0.0692897387    0.0622064174
 119     1      50               0     0.704931466      0.62806912      2.58374159      7.22411597    0.0832552585    0.0821354069
          wgpu 1d 224g 226c x3w 5ms | egraph 70g->80v+0snap 26ms | graft 34 (-133n, 0 snap) cpu 0 | f64 20 | gen 0.4s | dropped inexpr 52 oversz 0 unbuild 0 {}
 120     0     100               0     0.586683868     0.475677072      1.89515786      7.16360407    0.0692897387    0.0622064174
 120     1      50               0     0.704931466      0.62806912      2.58374159      7.22411597    0.0832552585    0.0821354069
          wgpu 1d 190g 207c x3w 5ms | egraph 54g->61v+0snap 17ms | graft 35 (-134n, 0 snap) cpu 0 | f64 20 | gen 0.2s | dropped inexpr 45 oversz 0 unbuild 0 {}
--------- pump migration: intra (promote-2 + intake-reset) + cross ---------
 121     0     100               0     0.586683868     0.475677072      1.89515786      7.16360407    0.0692897387    0.0622064174
 121     1      50               0     0.704931448     0.628069085      2.58374164      7.22411585    0.0832552563    0.0821354023
          wgpu 2d 400g 407c x3w 21ms | egraph 134g->181v+0snap 69ms | graft 98 (-401n, 0 snap) cpu 0 | f64 30 | gen 0.2s | dropped inexpr 43 oversz 0 unbuild 0 {}
 122     0     100               0     0.586683868     0.475677072      1.89515786      7.16360407    0.0692897387    0.0622064174
 122     1      50               0     0.704931448     0.628069085      2.58374164      7.22411585    0.0832552563    0.0821354023
          wgpu 1d 192g 207c x3w 5ms | egraph 48g->61v+0snap 23ms | graft 36 (-124n, 0 snap) cpu 0 | f64 20 | gen 0.2s | dropped inexpr 36 oversz 0 unbuild 0 {}
 123     0     100               0     0.586683868     0.475677072      1.89515786      7.16360407    0.0692897387    0.0622064174
 123     1      50               0     0.586683868     0.475677072      1.89515786      7.16360407    0.0692897387    0.0622064174
          wgpu 1d 225g 224c x3w 5ms | egraph 72g->78v+0snap 20ms | graft 43 (-146n, 0 snap) cpu 0 | f64 20 | gen 0.4s | dropped inexpr 55 oversz 0 unbuild 0 {}
 124     0     100               0     0.586683868     0.475677072      1.89515786      7.16360407    0.0692897387    0.0622064174
 124     1      50               0     0.586683868     0.475677072      1.89515786      7.16360407    0.0692897387    0.0622064174
          wgpu 1d 218g 221c x3w 5ms | egraph 64g->75v+0snap 24ms | graft 45 (-195n, 0 snap) cpu 0 | f64 20 | gen 0.3s | dropped inexpr 51 oversz 0 unbuild 0 {}
 125     0     100               0     0.586683868     0.475677072      1.89515786      7.16360407    0.0692897387    0.0622064174
 125     1      50               0     0.586683868     0.475677072      1.89515786      7.16360407    0.0692897387    0.0622064174
          wgpu 1d 222g 219c x3w 5ms | egraph 56g->73v+0snap 17ms | graft 43 (-184n, 0 snap) cpu 0 | f64 20 | gen 0.3s | dropped inexpr 42 oversz 0 unbuild 0 {}
 126     0     100               0     0.586683868     0.475677072      1.89515786      7.16360407    0.0692897387    0.0622064174
 126     1      50               0     0.586683868     0.475677072      1.89515786      7.16360407    0.0692897387    0.0622064174
          wgpu 1d 176g 198c x3w 5ms | egraph 46g->52v+0snap 19ms | graft 28 (-104n, 0 snap) cpu 0 | f64 20 | gen 0.2s | dropped inexpr 31 oversz 0 unbuild 0 {}
 127     0     100               0     0.586683868     0.475677072      1.89515786      7.16360407    0.0692897387    0.0622064174
 127     1      50               0     0.586683868     0.475677072      1.89515786      7.16360407    0.0692897387    0.0622064174
          wgpu 1d 206g 220c x3w 5ms | egraph 64g->74v+0snap 24ms | graft 42 (-122n, 0 snap) cpu 0 | f64 20 | gen 0.3s | dropped inexpr 48 oversz 0 unbuild 0 {}
 128     0     100               0     0.586683868     0.475677072      1.89515786      7.16360407    0.0692897387    0.0622064174
 128     1      50               0     0.586683868     0.475677072      1.89515786      7.16360407    0.0692897387    0.0622064174
          wgpu 1d 198g 218c x3w 5ms | egraph 50g->72v+0snap 18ms | graft 45 (-172n, 0 snap) cpu 0 | f64 20 | gen 0.4s | dropped inexpr 48 oversz 0 unbuild 0 {}
 129     0     100               0     0.586683868     0.475677072      1.89515786      7.16360407    0.0692897387    0.0622064174
 129     1      50               0     0.586683868     0.475677072      1.89515786      7.16360407    0.0692897387    0.0622064174
          wgpu 1d 222g 223c x3w 5ms | egraph 62g->77v+0snap 22ms | graft 41 (-162n, 0 snap) cpu 0 | f64 20 | gen 0.3s | dropped inexpr 48 oversz 0 unbuild 0 {}
 130     0     100               0     0.586683868     0.475677072      1.89515786      7.16360407    0.0692897387    0.0622064174
 130     1      50               0     0.586683868     0.475677072      1.89515786      7.16360407    0.0692897387    0.0622064174
          wgpu 1d 215g 224c x3w 5ms | egraph 69g->78v+0snap 22ms | graft 48 (-139n, 0 snap) cpu 0 | f64 20 | gen 0.4s | dropped inexpr 56 oversz 0 unbuild 0 {}
--------- pump migration: intra (promote-2 + intake-reset) ---------
 131     0     100               0     0.586683868     0.475677072      1.89515786      7.16360407    0.0692897387    0.0622064174
 131     1      50               0     0.586683868     0.475677072      1.89515786      7.16360407    0.0692897387    0.0622064174
          wgpu 2d 415g 359c x3w 9ms | egraph 161g->133v+0snap 49ms | graft 68 (-238n, 0 snap) cpu 0 | f64 30 | gen 0.3s | dropped inexpr 64 oversz 0 unbuild 0 {}
 132     0     100               0     0.586683868     0.475677072      1.89515786      7.16360407    0.0692897387    0.0622064174
 132     1      50               0     0.586683868     0.475677072      1.89515786      7.16360407    0.0692897387    0.0622064174
          wgpu 1d 235g 247c x3w 5ms | egraph 55g->101v+0snap 22ms | graft 55 (-224n, 0 snap) cpu 0 | f64 20 | gen 0.4s | dropped inexpr 38 oversz 0 unbuild 0 {}
 133     0     100               0     0.586683868     0.475677072      1.89515786      7.16360407    0.0692897387    0.0622064174
 133     1      50               0     0.586683868     0.475677072      1.89515786      7.16360407    0.0692897387    0.0622064174
          wgpu 1d 210g 230c x3w 5ms | egraph 54g->84v+0snap 18ms | graft 41 (-137n, 0 snap) cpu 0 | f64 20 | gen 0.4s | dropped inexpr 44 oversz 0 unbuild 0 {}
 134     0     100               0     0.586683868     0.475677072      1.89515786      7.16360407    0.0692897387    0.0622064174
 134     1      50               0     0.586683868     0.475677072      1.89515786      7.16360407    0.0692897387    0.0622064174
          wgpu 1d 215g 226c x3w 5ms | egraph 52g->80v+0snap 19ms | graft 40 (-148n, 0 snap) cpu 0 | f64 20 | gen 0.3s | dropped inexpr 38 oversz 0 unbuild 0 {}
 135     0     100               0     0.586683868     0.475677072      1.89515786      7.16360407    0.0692897387    0.0622064174
 135     1      50               0     0.586683868     0.475677072      1.89515786      7.16360407    0.0692897387    0.0622064174
          wgpu 1d 192g 219c x3w 5ms | egraph 43g->73v+0snap 12ms | graft 38 (-125n, 0 snap) cpu 0 | f64 20 | gen 0.3s | dropped inexpr 24 oversz 0 unbuild 0 {}
 136     0     100               0     0.586683868     0.475677072      1.89515786      7.16360407    0.0692897387    0.0622064174
 136     1      50               0     0.586683868     0.475677072      1.89515786      7.16360407    0.0692897387    0.0622064174
          wgpu 1d 205g 222c x3w 5ms | egraph 46g->76v+0snap 14ms | graft 44 (-143n, 0 snap) cpu 0 | f64 20 | gen 0.2s | dropped inexpr 35 oversz 0 unbuild 0 {}
 137     0     100               0     0.586683868     0.475677072      1.89515786      7.16360407    0.0692897387    0.0622064174
 137     1      50               0     0.586683868     0.475677072      1.89515786      7.16360407    0.0692897387    0.0622064174
          wgpu 1d 241g 238c x3w 5ms | egraph 63g->92v+0snap 21ms | graft 42 (-164n, 0 snap) cpu 0 | f64 20 | gen 0.3s | dropped inexpr 51 oversz 0 unbuild 0 {}
 138     0     100               0     0.586683868     0.475677072      1.89515786      7.16360407    0.0692897387    0.0622064174
 138     1      50               0     0.586683868     0.475677072      1.89515786      7.16360407    0.0692897387    0.0622064174
          wgpu 1d 227g 227c x3w 5ms | egraph 66g->81v+0snap 27ms | graft 40 (-158n, 0 snap) cpu 0 | f64 20 | gen 0.4s | dropped inexpr 56 oversz 0 unbuild 0 {}
 139     0     100               0     0.586683868     0.475677072      1.89515786      7.16360407    0.0692897387    0.0622064174
 139     1      50               0     0.586683868     0.475677072      1.89515786      7.16360407    0.0692897387    0.0622064174
          wgpu 1d 241g 239c x3w 6ms | egraph 70g->93v+0snap 28ms | graft 42 (-157n, 0 snap) cpu 0 | f64 20 | gen 0.2s | dropped inexpr 56 oversz 0 unbuild 0 {}
 140     0     100               0     0.586683868     0.475677072      1.89515786      7.16360407    0.0692897387    0.0622064174
 140     1      50               0     0.586683868     0.475677072      1.89515786      7.16360407    0.0692897387    0.0622064174
          wgpu 1d 212g 215c x3w 17ms | egraph 49g->69v+0snap 19ms | graft 39 (-146n, 0 snap) cpu 0 | f64 20 | gen 0.3s | dropped inexpr 31 oversz 0 unbuild 0 {}
--------- pump migration: intra (promote-2 + intake-reset) ---------
 141     0     100               0     0.586683868     0.475677072      1.89515786      7.16360407    0.0692897387    0.0622064174
 141     1      50               0     0.586683868     0.475677072      1.89515786      7.16360407    0.0692897387    0.0622064174
          wgpu 2d 371g 340c x3w 9ms | egraph 114g->114v+0snap 47ms | graft 64 (-217n, 0 snap) cpu 0 | f64 30 | gen 0.2s | dropped inexpr 33 oversz 0 unbuild 0 {}
 142     0     100               0     0.586683868     0.475677072      1.89515786      7.16360407    0.0692897387    0.0622064174
 142     1      50               0     0.586683868     0.475677072      1.89515786      7.16360407    0.0692897387    0.0622064174
          wgpu 1d 214g 220c x3w 7ms | egraph 55g->74v+0snap 17ms | graft 36 (-106n, 0 snap) cpu 0 | f64 20 | gen 0.3s | dropped inexpr 43 oversz 0 unbuild 0 {}
 143     0     100               0     0.586683868     0.475677072      1.89515786      7.16360407    0.0692897387    0.0622064174
 143     1      50               0     0.586683868     0.475677072      1.89515786      7.16360407    0.0692897387    0.0622064174
          wgpu 1d 217g 223c x3w 5ms | egraph 52g->77v+0snap 19ms | graft 41 (-168n, 0 snap) cpu 0 | f64 20 | gen 0.4s | dropped inexpr 39 oversz 0 unbuild 0 {}
 144     0     100               0     0.586683868     0.475677072      1.89515786      7.16360407    0.0692897387    0.0622064174
 144     1      50               0     0.586683868     0.475677072      1.89515786      7.16360407    0.0692897387    0.0622064174
          wgpu 1d 221g 221c x3w 5ms | egraph 67g->75v+0snap 39ms | graft 34 (-94n, 0 snap) cpu 0 | f64 20 | gen 0.3s | dropped inexpr 47 oversz 0 unbuild 0 {}
 145     0     100               0     0.586683868     0.475677072      1.89515786      7.16360407    0.0692897387    0.0622064174
 145     1      50               0     0.586683868     0.475677072      1.89515786      7.16360407    0.0692897387    0.0622064174
          wgpu 1d 216g 226c x3w 5ms | egraph 56g->80v+0snap 18ms | graft 40 (-165n, 0 snap) cpu 0 | f64 20 | gen 0.3s | dropped inexpr 38 oversz 0 unbuild 0 {}
 146     0     100               0     0.586683868     0.475677072      1.89515786      7.16360407    0.0692897387    0.0622064174
 146     1      50               0     0.586683868     0.475677072      1.89515786      7.16360407    0.0692897387    0.0622064174
          wgpu 1d 200g 214c x3w 5ms | egraph 51g->68v+0snap 17ms | graft 31 (-96n, 0 snap) cpu 0 | f64 20 | gen 0.2s | dropped inexpr 37 oversz 0 unbuild 0 {}
 147     0     100               0     0.586683868     0.475677072      1.89515786      7.16360407    0.0692897387    0.0622064174
 147     1      50               0     0.586683868     0.475677072      1.89515786      7.16360407    0.0692897387    0.0622064174
          wgpu 1d 223g 224c x3w 5ms | egraph 58g->78v+0snap 16ms | graft 42 (-146n, 0 snap) cpu 0 | f64 20 | gen 0.3s | dropped inexpr 42 oversz 0 unbuild 0 {}
 148     0     100               0     0.586683868     0.475677072      1.89515786      7.16360407    0.0692897387    0.0622064174
 148     1      50               0     0.586683868     0.475677072      1.89515786      7.16360407    0.0692897387    0.0622064174
          wgpu 1d 210g 228c x3w 5ms | egraph 45g->82v+0snap 15ms | graft 43 (-133n, 0 snap) cpu 0 | f64 20 | gen 0.3s | dropped inexpr 36 oversz 0 unbuild 0 {}
 149     0     100               0     0.586683868     0.475677072      1.89515786      7.16360407    0.0692897387    0.0622064174
 149     1      50               0     0.586683868     0.475677072      1.89515786      7.16360407    0.0692897387    0.0622064174
          wgpu 1d 205g 215c x3w 5ms | egraph 55g->69v+0snap 16ms | graft 39 (-138n, 0 snap) cpu 0 | f64 20 | gen 0.3s | dropped inexpr 41 oversz 0 unbuild 0 {}
 150     0     100               0     0.586683868     0.475677072      1.89515786      7.16360407    0.0692897387    0.0622064174
 150     1      50               0     0.586683868     0.475677072      1.89515786      7.16360407    0.0692897387    0.0622064174
          wgpu 1d 205g 212c x3w 5ms | egraph 54g->66v+0snap 17ms | graft 38 (-126n, 0 snap) cpu 0 | f64 20 | gen 0.3s | dropped inexpr 36 oversz 0 unbuild 0 {}
--------- pump migration: intra (promote-2 + intake-reset) + cross ---------
 151     0     100               0     0.586683868     0.475677072      1.89515786      7.16360407    0.0692897387    0.0622064174
 151     1      50               0     0.586683868     0.475677072      1.89515786      7.16360407    0.0692897387    0.0622064174
          wgpu 2d 431g 394c x3w 10ms | egraph 124g->168v+0snap 43ms | graft 77 (-255n, 0 snap) cpu 0 | f64 30 | gen 0.3s | dropped inexpr 44 oversz 0 unbuild 0 {}
 152     0     100               0     0.586683868     0.475677072      1.89515786      7.16360407    0.0692897387    0.0622064174
 152     1      50               0     0.586683868     0.475677072      1.89515786      7.16360407    0.0692897387    0.0622064174
          wgpu 1d 208g 214c x3w 7ms | egraph 53g->68v+0snap 17ms | graft 35 (-121n, 0 snap) cpu 0 | f64 20 | gen 0.2s | dropped inexpr 40 oversz 0 unbuild 0 {}
 153     0     100               0     0.586683868     0.475677072      1.89515786      7.16360407    0.0692897387    0.0622064174
 153     1      50               0     0.586683868     0.475677072      1.89515786      7.16360407    0.0692897387    0.0622064174
          wgpu 1d 221g 230c x3w 6ms | egraph 50g->84v+0snap 37ms | graft 38 (-126n, 0 snap) cpu 0 | f64 20 | gen 0.4s | dropped inexpr 29 oversz 0 unbuild 0 {}
 154     0     100               0     0.586683868     0.475677072      1.89515786      7.16360407    0.0692897387    0.0622064174
 154     1      50               0     0.586683868     0.475677072      1.89515786      7.16360407    0.0692897387    0.0622064174
          wgpu 1d 208g 213c x3w 5ms | egraph 54g->67v+0snap 56ms | graft 38 (-105n, 0 snap) cpu 0 | f64 20 | gen 0.4s | dropped inexpr 32 oversz 0 unbuild 0 {}
 155     0     100               0     0.545533032     0.446977097      1.77121665      7.03893678    0.0644296585    0.0584531934
 155     1      50               0     0.586683868     0.475677072      1.89515786      7.16360407    0.0692897387    0.0622064174
          wgpu 1d 233g 231c x3w 6ms | egraph 69g->85v+0snap 21ms | graft 39 (-124n, 0 snap) cpu 0 | f64 20 | gen 0.4s | dropped inexpr 54 oversz 0 unbuild 0 {}
 156     0     100               0     0.545533032     0.446977097      1.77121665      7.03893678    0.0644296585    0.0584531934
 156     1      50               0     0.586683868     0.475677072      1.89515786      7.16360407    0.0692897387    0.0622064174
          wgpu 1d 236g 241c x3w 5ms | egraph 67g->95v+0snap 19ms | graft 53 (-173n, 0 snap) cpu 0 | f64 20 | gen 0.2s | dropped inexpr 49 oversz 0 unbuild 0 {}
 157     0     100               0     0.545533032     0.446977097      1.77121665      7.03893678    0.0644296585    0.0584531934
 157     1      50               0     0.586683868     0.475677072      1.89515786      7.16360407    0.0692897387    0.0622064174
          wgpu 1d 234g 232c x3w 5ms | egraph 68g->86v+0snap 18ms | graft 50 (-140n, 0 snap) cpu 0 | f64 20 | gen 0.2s | dropped inexpr 50 oversz 0 unbuild 0 {}
 158     0     100               0     0.545533032     0.446977097      1.77121665      7.03893678    0.0644296585    0.0584531934
 158     1      50               0     0.586683868     0.475677072      1.89515786      7.16360407    0.0692897387    0.0622064174
          wgpu 1d 225g 244c x3w 6ms | egraph 53g->98v+0snap 29ms | graft 48 (-166n, 0 snap) cpu 0 | f64 20 | gen 0.3s | dropped inexpr 42 oversz 0 unbuild 0 {}
 159     0     100               0     0.545533032     0.446977097      1.77121665      7.03893678    0.0644296585    0.0584531934
 159     1      50               0     0.586683868     0.475677072      1.89515786      7.16360407    0.0692897387    0.0622064174
          wgpu 1d 213g 225c x3w 5ms | egraph 59g->79v+0snap 23ms | graft 43 (-129n, 0 snap) cpu 0 | f64 20 | gen 0.3s | dropped inexpr 47 oversz 0 unbuild 0 {}
 160     0     100               0     0.545533032     0.446977097      1.77121665      7.03893678    0.0644296585    0.0584531934
 160     1      50               0     0.586683868     0.475677072      1.89515786      7.16360407    0.0692897387    0.0622064174
          wgpu 1d 215g 226c x3w 5ms | egraph 61g->80v+0snap 20ms | graft 43 (-150n, 0 snap) cpu 0 | f64 20 | gen 0.2s | dropped inexpr 50 oversz 0 unbuild 0 {}
--------- pump migration: intra (promote-2 + intake-reset) ---------
 161     0     100               0     0.545533032     0.446977097      1.77121665      7.03893678    0.0644296585    0.0584531934
 161     1      50               0     0.586683868     0.475677072      1.89515786      7.16360407    0.0692897387    0.0622064174
          wgpu 2d 411g 371c x3w 9ms | egraph 142g->145v+0snap 36ms | graft 77 (-255n, 0 snap) cpu 0 | f64 30 | gen 0.2s | dropped inexpr 54 oversz 0 unbuild 0 {}
 162     0     100               0     0.545533032     0.446977097      1.77121665      7.03893678    0.0644296585    0.0584531934
 162     1      50               0     0.545533032     0.446977097      1.77121665      7.03893678    0.0644296585    0.0584531934
          wgpu 1d 234g 233c x3w 5ms | egraph 68g->87v+0snap 19ms | graft 46 (-153n, 0 snap) cpu 0 | f64 20 | gen 0.2s | dropped inexpr 53 oversz 0 unbuild 0 {}
 163     0     100               0     0.545533032     0.446977097      1.77121665      7.03893678    0.0644296585    0.0584531934
 163     1      50               0     0.586683868     0.475677072      1.89515786      7.16360407    0.0692897387    0.0622064174
          wgpu 1d 238g 237c x3w 10ms | egraph 60g->91v+0snap 16ms | graft 55 (-171n, 0 snap) cpu 0 | f64 20 | gen 0.3s | dropped inexpr 34 oversz 0 unbuild 0 {}
 164     0     100               0     0.545533032     0.446977097      1.77121665      7.03893678    0.0644296585    0.0584531934
 164     1      50               0     0.586683868     0.475677072      1.89515786      7.16360407    0.0692897387    0.0622064174
          wgpu 1d 223g 230c x3w 5ms | egraph 51g->84v+0snap 15ms | graft 49 (-187n, 0 snap) cpu 0 | f64 20 | gen 0.2s | dropped inexpr 37 oversz 0 unbuild 0 {}
 165     0     100               0     0.545533032     0.446977097      1.77121665      7.03893678    0.0644296585    0.0584531934
 165     1      50               0     0.586683868     0.475677072      1.89515786      7.16360407    0.0692897387    0.0622064174
          wgpu 1d 208g 214c x3w 6ms | egraph 52g->68v+0snap 17ms | graft 38 (-147n, 0 snap) cpu 0 | f64 20 | gen 0.2s | dropped inexpr 43 oversz 0 unbuild 0 {}
 166     0     100               0     0.545533032     0.446977097      1.77121665      7.03893678    0.0644296585    0.0584531934
 166     1      50               0     0.586683868     0.475677072      1.89515786      7.16360407    0.0692897387    0.0622064174
          wgpu 1d 207g 211c x3w 5ms | egraph 52g->65v+0snap 15ms | graft 42 (-125n, 0 snap) cpu 0 | f64 20 | gen 0.3s | dropped inexpr 36 oversz 0 unbuild 0 {}
 167     0     100               0     0.545533032     0.446977097      1.77121665      7.03893678    0.0644296585    0.0584531934
 167     1      50               0     0.586683868     0.475677072      1.89515786      7.16360407    0.0692897387    0.0622064174
          wgpu 1d 198g 211c x3w 5ms | egraph 49g->65v+0snap 14ms | graft 34 (-113n, 0 snap) cpu 0 | f64 20 | gen 0.2s | dropped inexpr 37 oversz 0 unbuild 0 {}
 168     0     100               0     0.545533032     0.446977097      1.77121665      7.03893678    0.0644296585    0.0584531934
 168     1      50               0     0.586683868     0.475677072      1.89515786      7.16360407    0.0692897387    0.0622064174
          wgpu 1d 203g 217c x3w 5ms | egraph 53g->71v+0snap 16ms | graft 42 (-115n, 0 snap) cpu 0 | f64 20 | gen 0.2s | dropped inexpr 44 oversz 0 unbuild 0 {}
 169     0     100               0     0.545533032     0.446977097      1.77121665      7.03893678    0.0644296585    0.0584531934
 169     1      50               0     0.586683868     0.475677072      1.89515786      7.16360407    0.0692897387    0.0622064174
          wgpu 1d 210g 218c x3w 5ms | egraph 58g->72v+0snap 18ms | graft 34 (-113n, 0 snap) cpu 0 | f64 20 | gen 0.4s | dropped inexpr 39 oversz 0 unbuild 0 {}
 170     0     100               0     0.545533032     0.446977097      1.77121665      7.03893678    0.0644296585    0.0584531934
 170     1      50               0     0.586683868     0.475677072      1.89515786      7.16360407    0.0692897387    0.0622064174
          wgpu 1d 193g 209c x3w 14ms | egraph 53g->63v+0snap 15ms | graft 38 (-130n, 0 snap) cpu 0 | f64 20 | gen 0.2s | dropped inexpr 35 oversz 0 unbuild 0 {}
--------- pump migration: intra (promote-2 + intake-reset) ---------
 171     0     100               0     0.545533032     0.446977097      1.77121665      7.03893678    0.0644296585    0.0584531934
 171     1      50               0     0.545533032     0.446977097      1.77121665      7.03893678    0.0644296585    0.0584531934
          wgpu 2d 400g 358c x3w 9ms | egraph 128g->132v+0snap 33ms | graft 72 (-194n, 0 snap) cpu 0 | f64 30 | gen 0.3s | dropped inexpr 42 oversz 0 unbuild 0 {}
 172     0     100               0     0.545533032     0.446977097      1.77121665      7.03893678    0.0644296585    0.0584531934
 172     1      50               0     0.545533032     0.446977097      1.77121665      7.03893678    0.0644296585    0.0584531934
          wgpu 1d 204g 214c x3w 5ms | egraph 54g->68v+0snap 16ms | graft 37 (-116n, 0 snap) cpu 0 | f64 20 | gen 0.2s | dropped inexpr 41 oversz 0 unbuild 0 {}
 173     0     100               0     0.545533032     0.446977097      1.77121665      7.03893678    0.0644296585    0.0584531934
 173     1      50               0     0.545533032     0.446977097      1.77121665      7.03893678    0.0644296585    0.0584531934
          wgpu 1d 229g 231c x3w 5ms | egraph 53g->85v+0snap 15ms | graft 39 (-148n, 0 snap) cpu 0 | f64 20 | gen 0.3s | dropped inexpr 42 oversz 0 unbuild 0 {}
 174     0     100               0     0.545533032     0.446977097      1.77121665      7.03893678    0.0644296585    0.0584531934
 174     1      50               0     0.545533032     0.446977097      1.77121665      7.03893678    0.0644296585    0.0584531934
          wgpu 1d 214g 227c x3w 5ms | egraph 50g->81v+0snap 14ms | graft 47 (-152n, 0 snap) cpu 0 | f64 20 | gen 0.2s | dropped inexpr 40 oversz 0 unbuild 0 {}
 175     0     100               0     0.545533032     0.446977097      1.77121665      7.03893678    0.0644296585    0.0584531934
 175     1      50               0     0.545533032     0.446977097      1.77121665      7.03893678    0.0644296585    0.0584531934
          wgpu 1d 214g 226c x3w 5ms | egraph 56g->80v+0snap 27ms | graft 46 (-160n, 0 snap) cpu 0 | f64 20 | gen 0.2s | dropped inexpr 40 oversz 0 unbuild 0 {}
 176     0     100               0     0.545533032     0.446977097      1.77121665      7.03893678    0.0644296585    0.0584531934
 176     1      50               0     0.545533032     0.446977097      1.77121665      7.03893678    0.0644296585    0.0584531934
          wgpu 1d 214g 235c x3w 5ms | egraph 56g->89v+0snap 16ms | graft 43 (-132n, 0 snap) cpu 0 | f64 20 | gen 0.3s | dropped inexpr 36 oversz 0 unbuild 0 {}
 177     0     100               0     0.545533032     0.446977097      1.77121665      7.03893678    0.0644296585    0.0584531934
 177     1      50               0     0.545533032     0.446977097      1.77121665      7.03893678    0.0644296585    0.0584531934
          wgpu 1d 223g 234c x3w 6ms | egraph 52g->88v+0snap 17ms | graft 51 (-198n, 0 snap) cpu 0 | f64 20 | gen 0.2s | dropped inexpr 36 oversz 0 unbuild 0 {}
 178     0     100               0     0.545533032     0.446977097      1.77121665      7.03893678    0.0644296585    0.0584531934
 178     1      50               0     0.545533032     0.446977097      1.77121665      7.03893678    0.0644296585    0.0584531934
          wgpu 1d 210g 215c x3w 5ms | egraph 50g->69v+0snap 17ms | graft 38 (-106n, 0 snap) cpu 0 | f64 20 | gen 0.2s | dropped inexpr 36 oversz 0 unbuild 0 {}
 179     0     100               0     0.545533032     0.446977097      1.77121665      7.03893678    0.0644296585    0.0584531934
 179     1      50               0     0.545533032     0.446977097      1.77121665      7.03893678    0.0644296585    0.0584531934
          wgpu 1d 188g 209c x3w 6ms | egraph 35g->63v+0snap 14ms | graft 33 (-118n, 0 snap) cpu 0 | f64 20 | gen 0.3s | dropped inexpr 27 oversz 0 unbuild 0 {}
 180     0     100               0     0.545533032     0.446977097      1.77121665      7.03893678    0.0644296585    0.0584531934
 180     1      50               0     0.545533032     0.446977097      1.77121665      7.03893678    0.0644296585    0.0584531934
          wgpu 1d 195g 212c x3w 5ms | egraph 36g->66v+0snap 14ms | graft 40 (-124n, 0 snap) cpu 0 | f64 20 | gen 0.3s | dropped inexpr 28 oversz 0 unbuild 0 {}
--------- pump migration: intra (promote-2 + intake-reset) + cross ---------
 181     0     100               0     0.545533032     0.446977097      1.77121665      7.03893678    0.0644296585    0.0584531934
 181     1      50               0     0.545533032     0.446977097      1.77121665      7.03893678    0.0644296585    0.0584531934
          wgpu 2d 446g 404c x3w 10ms | egraph 133g->178v+0snap 60ms | graft 90 (-352n, 0 snap) cpu 0 | f64 30 | gen 0.2s | dropped inexpr 44 oversz 0 unbuild 0 {}
 182     0     100               0     0.545533032     0.446977097      1.77121665      7.03893678    0.0644296585    0.0584531934
 182     1      50               0     0.545533032     0.446977097      1.77121665      7.03893678    0.0644296585    0.0584531934
          wgpu 1d 221g 221c x3w 5ms | egraph 45g->75v+0snap 14ms | graft 47 (-113n, 0 snap) cpu 0 | f64 20 | gen 0.2s | dropped inexpr 31 oversz 0 unbuild 0 {}
 183     0     100               0     0.545533032     0.446977097      1.77121665      7.03893678    0.0644296585    0.0584531934
 183     1      50               0     0.545533032     0.446977097      1.77121665      7.03893678    0.0644296585    0.0584531934
          wgpu 1d 210g 219c x3w 5ms | egraph 34g->73v+0snap 16ms | graft 40 (-115n, 0 snap) cpu 0 | f64 20 | gen 0.2s | dropped inexpr 20 oversz 0 unbuild 0 {}
 184     0     100               0     0.545533032     0.446977097      1.77121665      7.03893678    0.0644296585    0.0584531934
 184     1      50               0     0.545533032     0.446977097      1.77121665      7.03893678    0.0644296585    0.0584531934
          wgpu 1d 183g 201c x3w 4ms | egraph 33g->55v+0snap 55ms | graft 35 (-122n, 0 snap) cpu 0 | f64 20 | gen 0.4s | dropped inexpr 23 oversz 0 unbuild 0 {}
 185     0     100               0     0.545533032     0.446977097      1.77121665      7.03893678    0.0644296585    0.0584531934
 185     1      50               0     0.545533032     0.446977097      1.77121665      7.03893678    0.0644296585    0.0584531934
          wgpu 1d 223g 231c x3w 5ms | egraph 49g->85v+0snap 14ms | graft 48 (-147n, 0 snap) cpu 0 | f64 20 | gen 0.2s | dropped inexpr 36 oversz 0 unbuild 0 {}
 186     0     100               0     0.545533032     0.446977097      1.77121665      7.03893678    0.0644296585    0.0584531934
 186     1      50               0     0.545533032     0.446977097      1.77121665      7.03893678    0.0644296585    0.0584531934
          wgpu 1d 193g 207c x3w 4ms | egraph 29g->61v+0snap 8ms | graft 36 (-101n, 0 snap) cpu 0 | f64 20 | gen 0.2s | dropped inexpr 19 oversz 0 unbuild 0 {}
 187     0     100               0     0.545533032     0.446977097      1.77121665      7.03893678    0.0644296585    0.0584531934
 187     1      50               0     0.545533032     0.446977097      1.77121665      7.03893678    0.0644296585    0.0584531934
          wgpu 1d 212g 219c x3w 5ms | egraph 43g->73v+0snap 22ms | graft 40 (-110n, 0 snap) cpu 0 | f64 20 | gen 0.2s | dropped inexpr 31 oversz 0 unbuild 0 {}
 188     0     100               0     0.545533032     0.446977097      1.77121665      7.03893678    0.0644296585    0.0584531934
 188     1      50               0     0.545533032     0.446977097      1.77121665      7.03893678    0.0644296585    0.0584531934
          wgpu 1d 206g 221c x3w 4ms | egraph 52g->75v+0snap 17ms | graft 47 (-137n, 0 snap) cpu 0 | f64 20 | gen 0.2s | dropped inexpr 34 oversz 0 unbuild 0 {}
 189     0     100               0     0.545533032     0.446977097      1.77121665      7.03893678    0.0644296585    0.0584531934
 189     1      50               0     0.545533032     0.446977097      1.77121665      7.03893678    0.0644296585    0.0584531934
          wgpu 1d 230g 241c x3w 5ms | egraph 51g->95v+0snap 14ms | graft 53 (-147n, 0 snap) cpu 0 | f64 20 | gen 0.2s | dropped inexpr 41 oversz 0 unbuild 0 {}
 190     0     100               0     0.545533032     0.446977097      1.77121665      7.03893678    0.0644296585    0.0584531934
 190     1      50               0     0.545533032     0.446977097      1.77121665      7.03893678    0.0644296585    0.0584531934
          wgpu 1d 182g 209c x3w 14ms | egraph 34g->63v+0snap 14ms | graft 49 (-134n, 0 snap) cpu 0 | f64 20 | gen 0.2s | dropped inexpr 24 oversz 0 unbuild 0 {}
--------- pump migration: intra (promote-2 + intake-reset) ---------
 191     0     100               0     0.545533032     0.446977097      1.77121665      7.03893678    0.0644296585    0.0584531934
 191     1      50               0     0.545533032     0.446977097      1.77121665      7.03893678    0.0644296585    0.0584531934
          wgpu 2d 415g 400c x3w 9ms | egraph 132g->174v+0snap 45ms | graft 77 (-309n, 0 snap) cpu 0 | f64 30 | gen 0.9s | dropped inexpr 34 oversz 0 unbuild 0 {}
 192     0     100               0     0.545533032     0.446977097      1.77121665      7.03893678    0.0644296585    0.0584531934
 192     1      50               0     0.545533032     0.446977097      1.77121665      7.03893678    0.0644296585    0.0584531934
          wgpu 1d 200g 216c x3w 5ms | egraph 42g->70v+0snap 16ms | graft 38 (-123n, 0 snap) cpu 0 | f64 20 | gen 0.2s | dropped inexpr 30 oversz 0 unbuild 0 {}
 193     0     100               0     0.545533032     0.446977097      1.77121665      7.03893678    0.0644296585    0.0584531934
 193     1      50               0     0.545533032     0.446977097      1.77121665      7.03893678    0.0644296585    0.0584531934
          wgpu 1d 177g 207c x3w 4ms | egraph 35g->61v+0snap 10ms | graft 36 (-93n, 0 snap) cpu 0 | f64 20 | gen 0.2s | dropped inexpr 30 oversz 0 unbuild 0 {}
 194     0     100               0     0.545533032     0.446977097      1.77121665      7.03893678    0.0644296585    0.0584531934
 194     1      50               0     0.545533032     0.446977097      1.77121665      7.03893678    0.0644296585    0.0584531934
          wgpu 1d 232g 238c x3w 7ms | egraph 45g->92v+0snap 14ms | graft 51 (-158n, 0 snap) cpu 0 | f64 20 | gen 0.2s | dropped inexpr 37 oversz 0 unbuild 0 {}
 195     0     100               0     0.545533032     0.446977097      1.77121665      7.03893678    0.0644296585    0.0584531934
 195     1      50               0     0.545533032     0.446977097      1.77121665      7.03893678    0.0644296585    0.0584531934
          wgpu 1d 222g 224c x3w 5ms | egraph 46g->78v+0snap 19ms | graft 49 (-128n, 0 snap) cpu 0 | f64 20 | gen 0.3s | dropped inexpr 32 oversz 0 unbuild 0 {}
 196     0     100               0     0.545533032     0.446977097      1.77121665      7.03893678    0.0644296585    0.0584531934
 196     1      50               0     0.545533032     0.446977097      1.77121665      7.03893678    0.0644296585    0.0584531934
          wgpu 1d 210g 219c x3w 5ms | egraph 39g->73v+0snap 11ms | graft 41 (-133n, 0 snap) cpu 0 | f64 20 | gen 0.2s | dropped inexpr 27 oversz 0 unbuild 0 {}
 197     0     100               0     0.545533032     0.446977097      1.77121665      7.03893678    0.0644296585    0.0584531934
 197     1      50               0     0.545533032     0.446977097      1.77121665      7.03893678    0.0644296585    0.0584531934
          wgpu 1d 209g 222c x3w 5ms | egraph 42g->76v+0snap 14ms | graft 36 (-109n, 0 snap) cpu 0 | f64 20 | gen 0.2s | dropped inexpr 33 oversz 0 unbuild 0 {}
 198     0     100               0     0.545533032     0.446977097      1.77121665      7.03893678    0.0644296585    0.0584531934
 198     1      50               0     0.545533032     0.446977097      1.77121665      7.03893678    0.0644296585    0.0584531934
          wgpu 1d 237g 237c x3w 5ms | egraph 52g->91v+0snap 16ms | graft 51 (-167n, 0 snap) cpu 0 | f64 20 | gen 0.3s | dropped inexpr 37 oversz 0 unbuild 0 {}
 199     0     100               0     0.545533032     0.446977097      1.77121665      7.03893678    0.0644296585    0.0584531934
 199     1      50               0     0.545533032     0.446977097      1.77121665      7.03893678    0.0644296585    0.0584531934
          wgpu 1d 215g 229c x3w 5ms | egraph 41g->83v+0snap 13ms | graft 47 (-137n, 0 snap) cpu 0 | f64 20 | gen 0.2s | dropped inexpr 33 oversz 0 unbuild 0 {}
 200     0     100               0     0.545533032     0.446977097      1.77121665      7.03893678    0.0644296585    0.0584531934
 200     1      50               0     0.545533032     0.446977097      1.77121665      7.03893678    0.0644296585    0.0584531934
          wgpu 1d 223g 220c x3w 5ms | egraph 43g->74v+0snap 14ms | graft 38 (-122n, 0 snap) cpu 0 | f64 20 | gen 0.2s | dropped inexpr 29 oversz 0 unbuild 0 {}
--------- pump migration: intra (promote-2 + intake-reset) ---------
 201     0     100               0     0.545533032     0.446977097      1.77121665      7.03893678    0.0644296585    0.0584531934
 201     1      50               0     0.545533032     0.446977097      1.77121665      7.03893678    0.0644296585    0.0584531934
          wgpu 2d 347g 336c x3w 8ms | egraph 101g->110v+0snap 31ms | graft 60 (-159n, 0 snap) cpu 0 | f64 30 | gen 0.2s | dropped inexpr 27 oversz 0 unbuild 0 {}
 202     0     100               0     0.545533032     0.446977097      1.77121665      7.03893678    0.0644296585    0.0584531934
 202     1      50               0     0.545533032     0.446977097      1.77121665      7.03893678    0.0644296585    0.0584531934
          wgpu 1d 217g 221c x3w 5ms | egraph 45g->75v+0snap 16ms | graft 44 (-123n, 0 snap) cpu 0 | f64 20 | gen 0.2s | dropped inexpr 34 oversz 0 unbuild 0 {}
 203     0     100               0     0.545533032     0.446977097      1.77121665      7.03893678    0.0644296585    0.0584531934
 203     1      50               0     0.545533032     0.446977097      1.77121665      7.03893678    0.0644296585    0.0584531934
          wgpu 1d 231g 237c x3w 5ms | egraph 42g->91v+0snap 14ms | graft 46 (-177n, 0 snap) cpu 0 | f64 20 | gen 0.2s | dropped inexpr 32 oversz 0 unbuild 0 {}
 204     0     100               0     0.545533032     0.446977097      1.77121665      7.03893678    0.0644296585    0.0584531934
 204     1      50               0     0.545533032     0.446977097      1.77121665      7.03893678    0.0644296585    0.0584531934
          wgpu 1d 202g 227c x3w 5ms | egraph 38g->81v+0snap 12ms | graft 43 (-125n, 0 snap) cpu 0 | f64 20 | gen 0.3s | dropped inexpr 31 oversz 0 unbuild 0 {}
 205     0     100               0     0.545533032     0.446977097      1.77121665      7.03893678    0.0644296585    0.0584531934
 205     1      50               0     0.545533032     0.446977097      1.77121665      7.03893678    0.0644296585    0.0584531934
          wgpu 1d 213g 220c x3w 5ms | egraph 41g->74v+0snap 15ms | graft 47 (-137n, 0 snap) cpu 0 | f64 20 | gen 0.2s | dropped inexpr 31 oversz 0 unbuild 0 {}
 206     0     100               0     0.545533032     0.446977097      1.77121665      7.03893678    0.0644296585    0.0584531934
 206     1      50               0     0.545533032     0.446977097      1.77121665      7.03893678    0.0644296585    0.0584531934
          wgpu 1d 221g 217c x3w 5ms | egraph 43g->71v+0snap 13ms | graft 36 (-136n, 0 snap) cpu 0 | f64 20 | gen 0.3s | dropped inexpr 31 oversz 0 unbuild 0 {}
 207     0     100               0     0.545533032     0.446977097      1.77121665      7.03893678    0.0644296585    0.0584531934
 207     1      50               0     0.545533032     0.446977097      1.77121665      7.03893678    0.0644296585    0.0584531934
          wgpu 1d 233g 235c x3w 5ms | egraph 50g->89v+0snap 13ms | graft 44 (-133n, 0 snap) cpu 0 | f64 20 | gen 0.2s | dropped inexpr 38 oversz 0 unbuild 0 {}
 208     0     100               0     0.545533032     0.446977097      1.77121665      7.03893678    0.0644296585    0.0584531934
 208     1      50               0     0.545533032     0.446977097      1.77121665      7.03893678    0.0644296585    0.0584531934
          wgpu 1d 204g 221c x3w 5ms | egraph 49g->75v+0snap 17ms | graft 46 (-152n, 0 snap) cpu 0 | f64 20 | gen 0.2s | dropped inexpr 39 oversz 0 unbuild 0 {}
 209     0     100               0     0.545533032     0.446977097      1.77121665      7.03893678    0.0644296585    0.0584531934
 209     1      50               0     0.545533032     0.446977097      1.77121665      7.03893678    0.0644296585    0.0584531934
          wgpu 1d 216g 215c x3w 8ms | egraph 48g->69v+0snap 14ms | graft 34 (-96n, 0 snap) cpu 0 | f64 20 | gen 0.2s | dropped inexpr 32 oversz 0 unbuild 0 {}
 210     0     100               0     0.545533032     0.446977097      1.77121665      7.03893678    0.0644296585    0.0584531934
 210     1      50               0     0.545533032     0.446977097      1.77121665      7.03893678    0.0644296585    0.0584531934
          wgpu 1d 216g 225c x3w 5ms | egraph 42g->79v+0snap 13ms | graft 45 (-116n, 0 snap) cpu 0 | f64 20 | gen 0.3s | dropped inexpr 31 oversz 0 unbuild 0 {}
--------- pump migration: intra (promote-2 + intake-reset) + cross ---------
 211     0     100               0     0.545533032     0.446977097      1.77121665      7.03893678    0.0644296585    0.0584531934
 211     1      50               0     0.545533032     0.446977097      1.77121665      7.03893678    0.0644296585    0.0584531934
          wgpu 2d 420g 377c x3w 17ms | egraph 122g->151v+0snap 38ms | graft 74 (-285n, 0 snap) cpu 0 | f64 30 | gen 0.2s | dropped inexpr 36 oversz 0 unbuild 0 {}
 212     0     100               0     0.545533032     0.446977097      1.77121665      7.03893678    0.0644296585    0.0584531934
 212     1      50               0     0.545533032     0.446977097      1.77121665      7.03893678    0.0644296585    0.0584531934
          wgpu 1d 232g 234c x3w 5ms | egraph 68g->88v+0snap 20ms | graft 48 (-174n, 0 snap) cpu 0 | f64 20 | gen 0.5s | dropped inexpr 54 oversz 0 unbuild 0 {}
 213     0     100               0     0.545533032     0.446977097      1.77121665      7.03893678    0.0644296585    0.0584531934
 213     1      50               0     0.545533032     0.446977097      1.77121665      7.03893678    0.0644296585    0.0584531934
          wgpu 1d 254g 242c x3w 5ms | egraph 59g->96v+0snap 23ms | graft 51 (-165n, 0 snap) cpu 0 | f64 20 | gen 0.3s | dropped inexpr 58 oversz 0 unbuild 0 {}
 214     0     100               0     0.545533032     0.446977097      1.77121665      7.03893678    0.0644296585    0.0584531934
 214     1      50               0     0.545533032     0.446977097      1.77121665      7.03893678    0.0644296585    0.0584531934
          wgpu 1d 219g 217c x3w 5ms | egraph 43g->71v+0snap 16ms | graft 42 (-117n, 0 snap) cpu 0 | f64 20 | gen 0.2s | dropped inexpr 26 oversz 0 unbuild 0 {}
 215     0     100               0     0.545533032     0.446977097      1.77121665      7.03893678    0.0644296585    0.0584531934
 215     1      50               0     0.545533032     0.446977097      1.77121665      7.03893678    0.0644296585    0.0584531934
          wgpu 1d 216g 215c x3w 5ms | egraph 42g->69v+0snap 12ms | graft 39 (-109n, 0 snap) cpu 0 | f64 20 | gen 0.2s | dropped inexpr 30 oversz 0 unbuild 0 {}
 216     0     100               0     0.545533032     0.446977097      1.77121665      7.03893678    0.0644296585    0.0584531934
 216     1      50               0     0.545533032     0.446977097      1.77121665      7.03893678    0.0644296585    0.0584531934
          wgpu 1d 211g 212c x3w 12ms | egraph 46g->66v+0snap 13ms | graft 38 (-113n, 0 snap) cpu 0 | f64 20 | gen 0.2s | dropped inexpr 29 oversz 0 unbuild 0 {}
 217     0     100               0     0.545533032     0.446977097      1.77121665      7.03893678    0.0644296585    0.0584531934
 217     1      50               0     0.545533032     0.446977097      1.77121665      7.03893678    0.0644296585    0.0584531934
          wgpu 1d 204g 220c x3w 5ms | egraph 37g->74v+0snap 17ms | graft 37 (-138n, 0 snap) cpu 0 | f64 20 | gen 0.2s | dropped inexpr 28 oversz 0 unbuild 0 {}
 218     0     100               0     0.545533032     0.446977097      1.77121665      7.03893678    0.0644296585    0.0584531934
 218     1      50               0     0.545533032     0.446977097      1.77121665      7.03893678    0.0644296585    0.0584531934
          wgpu 1d 211g 216c x3w 5ms | egraph 40g->70v+0snap 12ms | graft 45 (-152n, 0 snap) cpu 0 | f64 20 | gen 0.3s | dropped inexpr 30 oversz 0 unbuild 0 {}
 219     0     100               0     0.545533032     0.446977097      1.77121665      7.03893678    0.0644296585    0.0584531934
 219     1      50               0     0.545533032     0.446977097      1.77121665      7.03893678    0.0644296585    0.0584531934
          wgpu 1d 209g 220c x3w 17ms | egraph 46g->74v+0snap 12ms | graft 45 (-118n, 0 snap) cpu 0 | f64 20 | gen 0.3s | dropped inexpr 29 oversz 0 unbuild 0 {}
 220     0     100               0     0.545533032     0.446977097      1.77121665      7.03893678    0.0644296585    0.0584531934
 220     1      50               0     0.545533032     0.446977097      1.77121665      7.03893678    0.0644296585    0.0584531934
          wgpu 1d 219g 227c x3w 5ms | egraph 42g->81v+0snap 13ms | graft 45 (-141n, 0 snap) cpu 0 | f64 20 | gen 0.2s | dropped inexpr 32 oversz 0 unbuild 0 {}
--------- pump migration: intra (promote-2 + intake-reset) ---------
 221     0     100               0     0.545533032     0.446977097      1.77121665      7.03893678    0.0644296585    0.0584531934
 221     1      50               0     0.545533032     0.446977097      1.77121665      7.03893678    0.0644296585    0.0584531934
          wgpu 2d 421g 380c x3w 9ms | egraph 124g->154v+0snap 64ms | graft 79 (-278n, 0 snap) cpu 0 | f64 30 | gen 0.3s | dropped inexpr 41 oversz 0 unbuild 0 {}
 222     0     100               0     0.545533032     0.446977097      1.77121665      7.03893678    0.0644296585    0.0584531934
 222     1      50               0     0.545533032     0.446977097      1.77121665      7.03893678    0.0644296585    0.0584531934
          wgpu 1d 204g 212c x3w 4ms | egraph 40g->66v+0snap 12ms | graft 38 (-113n, 0 snap) cpu 0 | f64 20 | gen 0.3s | dropped inexpr 27 oversz 0 unbuild 0 {}
 223     0     100               0     0.545533032     0.446977097      1.77121665      7.03893678    0.0644296585    0.0584531934
 223     1      50               0     0.545533032     0.446977097      1.77121665      7.03893678    0.0644296585    0.0584531934
          wgpu 1d 225g 221c x3w 5ms | egraph 39g->75v+0snap 12ms | graft 46 (-130n, 0 snap) cpu 0 | f64 20 | gen 0.2s | dropped inexpr 29 oversz 0 unbuild 0 {}
 224     0     100               0     0.545533032     0.446977097      1.77121665      7.03893678    0.0644296585    0.0584531934
 224     1      50               0     0.545533032     0.446977097      1.77121665      7.03893678    0.0644296585    0.0584531934
          wgpu 1d 222g 242c x3w 5ms | egraph 39g->96v+0snap 15ms | graft 50 (-154n, 0 snap) cpu 0 | f64 20 | gen 0.2s | dropped inexpr 24 oversz 0 unbuild 0 {}
 225     0     100               0     0.545533032     0.446977097      1.77121665      7.03893678    0.0644296585    0.0584531934
 225     1      50               0     0.545533032     0.446977097      1.77121665      7.03893678    0.0644296585    0.0584531934
          wgpu 1d 211g 225c x3w 5ms | egraph 32g->79v+0snap 11ms | graft 45 (-138n, 0 snap) cpu 0 | f64 20 | gen 0.3s | dropped inexpr 22 oversz 0 unbuild 0 {}
 226     0     100               0     0.545533032     0.446977097      1.77121665      7.03893678    0.0644296585    0.0584531934
 226     1      50               0     0.545533032     0.446977097      1.77121665      7.03893678    0.0644296585    0.0584531934
          wgpu 1d 220g 226c x3w 5ms | egraph 38g->80v+0snap 10ms | graft 47 (-121n, 0 snap) cpu 0 | f64 20 | gen 0.3s | dropped inexpr 25 oversz 0 unbuild 0 {}
 227     0     100               0     0.545533032     0.446977097      1.77121665      7.03893678    0.0644296585    0.0584531934
 227     1      50               0     0.545533032     0.446977097      1.77121665      7.03893678    0.0644296585    0.0584531934
          wgpu 1d 194g 213c x3w 5ms | egraph 33g->67v+0snap 10ms | graft 32 (-92n, 0 snap) cpu 0 | f64 20 | gen 0.2s | dropped inexpr 23 oversz 0 unbuild 0 {}
 228     0     100               0     0.545533032     0.446977097      1.77121665      7.03893678    0.0644296585    0.0584531934
 228     1      50               0     0.545533032     0.446977097      1.77121665      7.03893678    0.0644296585    0.0584531934
          wgpu 1d 216g 229c x3w 5ms | egraph 31g->83v+0snap 10ms | graft 44 (-135n, 0 snap) cpu 0 | f64 20 | gen 0.3s | dropped inexpr 25 oversz 0 unbuild 0 {}
 229     0     100               0     0.545533032     0.446977097      1.77121665      7.03893678    0.0644296585    0.0584531934
 229     1      50               0     0.545533032     0.446977097      1.77121665      7.03893678    0.0644296585    0.0584531934
          wgpu 1d 214g 228c x3w 5ms | egraph 34g->82v+0snap 10ms | graft 50 (-148n, 0 snap) cpu 0 | f64 20 | gen 0.4s | dropped inexpr 21 oversz 0 unbuild 0 {}
 230     0     100               0     0.545533032     0.446977097      1.77121665      7.03893678    0.0644296585    0.0584531934
 230     1      50               0     0.545533032     0.446977097      1.77121665      7.03893678    0.0644296585    0.0584531934
          wgpu 1d 187g 204c x3w 4ms | egraph 35g->58v+0snap 23ms | graft 38 (-108n, 0 snap) cpu 0 | f64 20 | gen 0.2s | dropped inexpr 22 oversz 0 unbuild 0 {}
--------- pump migration: intra (promote-2 + intake-reset) ---------
 231     0     100               0      1.72959058        1.468891      4.38666474      14.0363986     0.204271646     0.192093444
 231     1      50               0     0.545533032     0.446977097      1.77121665      7.03893678    0.0644296585    0.0584531934
          wgpu 2d 385g 417c x3w 10ms | egraph 102g->191v+0snap 27ms | graft 110 (-342n, 0 snap) cpu 0 | f64 30 | gen 0.4s | dropped inexpr 30 oversz 0 unbuild 0 {}
 232     0     100               0      1.72959058        1.468891      4.38666474      14.0363986     0.204271646     0.192093444
 232     1      50               0     0.545533032     0.446977097      1.77121665      7.03893678    0.0644296585    0.0584531934
          wgpu 1d 156g 255c x3w 22ms | egraph 34g->109v+0snap 13ms | graft 82 (-122n, 0 snap) cpu 0 | f64 20 | gen 0.5s | dropped inexpr 14 oversz 0 unbuild 0 {}
 233     0     100               0      1.72959058        1.468891      4.38666474      14.0363986     0.204271646     0.192093444
 233     1      50               0     0.545533032     0.446977097      1.77121665      7.03893678    0.0644296585    0.0584531934
          wgpu 1d 161g 256c x3w 4ms | egraph 29g->110v+0snap 13ms | graft 74 (-147n, 0 snap) cpu 0 | f64 20 | gen 0.2s | dropped inexpr 13 oversz 0 unbuild 0 {}
 234     0     100               0      1.72959058        1.468891      4.38666474      14.0363986     0.204271646     0.192093444
 234     1      50               0     0.545533032     0.446977097      1.77121665      7.03893678    0.0644296585    0.0584531934
          wgpu 1d 150g 269c x3w 4ms | egraph 29g->123v+0snap 13ms | graft 92 (-195n, 0 snap) cpu 0 | f64 20 | gen 0.6s | dropped inexpr 11 oversz 0 unbuild 0 {}
 235     0     100               0      1.72959058        1.468891      4.38666474      14.0363986     0.204271646     0.192093444
 235     1      50               0     0.545533032     0.446977097      1.77121665      7.03893678    0.0644296585    0.0584531934
          wgpu 1d 173g 250c x3w 4ms | egraph 43g->101v+3snap 36ms | graft 68 (-114n, 1 snap) cpu 0 | f64 20 | gen 0.5s | dropped inexpr 25 oversz 0 unbuild 0 {}
 236     0     100               0      1.72959058        1.468891      4.38666474      14.0363986     0.204271646     0.192093444
 236     1      50               0     0.545533032     0.446977097      1.77121665      7.03893678    0.0644296585    0.0584531934
          wgpu 1d 168g 253c x3w 4ms | egraph 29g->107v+0snap 9ms | graft 77 (-138n, 0 snap) cpu 0 | f64 20 | gen 0.2s | dropped inexpr 16 oversz 0 unbuild 0 {}
 237     0     100               0      1.72959058        1.468891      4.38666474      14.0363986     0.204271646     0.192093444
 237     1      50               0     0.545533032     0.446977097      1.77121665      7.03893678    0.0644296585    0.0584531934
          wgpu 1d 172g 239c x3w 4ms | egraph 38g->93v+0snap 11ms | graft 71 (-140n, 0 snap) cpu 0 | f64 20 | gen 0.4s | dropped inexpr 16 oversz 0 unbuild 0 {}
 238     0     100               0      1.72959058        1.468891      4.38666474      14.0363986     0.204271646     0.192093444
 238     1      50               0     0.545533032     0.446977097      1.77121665      7.03893678    0.0644296585    0.0584531934
          wgpu 1d 170g 265c x3w 4ms | egraph 46g->119v+0snap 15ms | graft 88 (-139n, 0 snap) cpu 0 | f64 20 | gen 0.3s | dropped inexpr 23 oversz 0 unbuild 0 {}
 239     0     100               0      1.72959058        1.468891      4.38666474      14.0363986     0.204271646     0.192093444
 239     1      50               0     0.545533032     0.446977097      1.77121665      7.03893678    0.0644296585    0.0584531934
          wgpu 1d 154g 256c x3w 4ms | egraph 31g->110v+0snap 9ms | graft 78 (-152n, 0 snap) cpu 0 | f64 20 | gen 0.2s | dropped inexpr 16 oversz 0 unbuild 0 {}
 240     0     100               0      1.72959058        1.468891      4.38666474      14.0363986     0.204271646     0.192093444
 240     1      50               0     0.545533032     0.446977097      1.77121665      7.03893678    0.0644296585    0.0584531934
          wgpu 1d 167g 216c x3w 4ms | egraph 31g->70v+0snap 13ms | graft 42 (-130n, 0 snap) cpu 0 | f64 20 | gen 0.2s | dropped inexpr 17 oversz 0 unbuild 0 {}
--------- pump migration: intra (promote-2 + intake-reset) + cross ---------
 241     0     100               0     0.981600694     0.849327342      3.10267333      6.62662174     0.115931014     0.111070334
 241     1      50               0     0.545533032     0.446977097      1.77121665      7.03893678    0.0644296585    0.0584531934
          wgpu 2d 349g 371c x3w 8ms | egraph 101g->145v+0snap 25ms | graft 81 (-201n, 0 snap) cpu 0 | f64 30 | gen 0.2s | dropped inexpr 14 oversz 0 unbuild 0 {}
 242     0     100               0     0.981600694     0.849327342      3.10267333      6.62662174     0.115931014     0.111070334
 242     1      50               0     0.981600694     0.849327342      3.10267333      6.62662174     0.115931014     0.111070334
          wgpu 1d 123g 180c x3w 4ms | egraph 23g->34v+0snap 7ms | graft 29 (-72n, 0 snap) cpu 0 | f64 20 | gen 0.1s | dropped inexpr 9 oversz 0 unbuild 0 {}
 243     0     100               0     0.981600694     0.849327342      3.10267333      6.62662174     0.115931014     0.111070334
 243     1      50               0     0.981600694     0.849327342      3.10267333      6.62662174     0.115931014     0.111070334
          wgpu 1d 145g 188c x3w 4ms | egraph 31g->42v+0snap 12ms | graft 29 (-80n, 0 snap) cpu 0 | f64 20 | gen 0.1s | dropped inexpr 18 oversz 0 unbuild 0 {}
 244     0     100               0     0.981600694     0.849327342      3.10267333      6.62662174     0.115931014     0.111070334
 244     1      50               0     0.981600694     0.849327342      3.10267333      6.62662174     0.115931014     0.111070334
          wgpu 1d 104g 177c x3w 3ms | egraph 21g->31v+0snap 5ms | graft 27 (-73n, 0 snap) cpu 0 | f64 20 | gen 0.2s | dropped inexpr 7 oversz 0 unbuild 0 {}
 245     0     100               0     0.981600694     0.849327342      3.10267333      6.62662174     0.115931014     0.111070334
 245     1      50               0     0.981600694     0.849327342      3.10267333      6.62662174     0.115931014     0.111070334
          wgpu 1d 126g 186c x3w 3ms | egraph 21g->40v+0snap 5ms | graft 29 (-82n, 0 snap) cpu 0 | f64 20 | gen 0.1s | dropped inexpr 4 oversz 0 unbuild 0 {}
 246     0     100               0     0.981600694     0.849327342      3.10267333      6.62662174     0.115931014     0.111070334
 246     1      50               0     0.981600694     0.849327342      3.10267333      6.62662174     0.115931014     0.111070334
          wgpu 1d 98g 173c x3w 5ms | egraph 15g->27v+0snap 4ms | graft 23 (-59n, 0 snap) cpu 0 | f64 20 | gen 0.1s | dropped inexpr 4 oversz 0 unbuild 0 {}
 247     0     100               0     0.981600694     0.849327342      3.10267333      6.62662174     0.115931014     0.111070334
 247     1      50               0     0.981600694     0.849327342      3.10267333      6.62662174     0.115931014     0.111070334
          wgpu 1d 124g 184c x3w 8ms | egraph 23g->38v+0snap 5ms | graft 30 (-85n, 0 snap) cpu 0 | f64 20 | gen 0.1s | dropped inexpr 8 oversz 0 unbuild 0 {}
 248     0     100               0     0.981600694     0.849327342      3.10267333      6.62662174     0.115931014     0.111070334
 248     1      50               0     0.981600694     0.849327342      3.10267333      6.62662174     0.115931014     0.111070334
          wgpu 1d 112g 175c x3w 3ms | egraph 17g->29v+0snap 5ms | graft 18 (-62n, 0 snap) cpu 0 | f64 20 | gen 0.2s | dropped inexpr 6 oversz 0 unbuild 0 {}
 249     0     100               0     0.981600694     0.849327342      3.10267333      6.62662174     0.115931014     0.111070334
 249     1      50               0     0.981600694     0.849327342      3.10267333      6.62662174     0.115931014     0.111070334
          wgpu 1d 108g 175c x3w 3ms | egraph 17g->29v+0snap 5ms | graft 25 (-74n, 0 snap) cpu 0 | f64 20 | gen 0.1s | dropped inexpr 3 oversz 0 unbuild 0 {}
 250     0     100               0     0.981600694     0.849327342      3.10267333      6.62662174     0.115931014     0.111070334
 250     1      50               0     0.981600694     0.849327342      3.10267333      6.62662174     0.115931014     0.111070334
          wgpu 1d 117g 179c x3w 6ms | egraph 18g->33v+0snap 5ms | graft 24 (-60n, 0 snap) cpu 0 | f64 20 | gen 0.1s | dropped inexpr 9 oversz 0 unbuild 0 {}
--------- pump migration: intra (promote-2 + intake-reset) ---------
 251     0     100               0     0.981600694     0.849327342      3.10267333      6.62662174     0.115931014     0.111070334
 251     1      50               0     0.981600694     0.849327342      3.10267333      6.62662174     0.115931014     0.111070334
          wgpu 2d 326g 338c x3w 8ms | egraph 110g->112v+0snap 22ms | graft 61 (-217n, 0 snap) cpu 0 | f64 30 | gen 0.1s | dropped inexpr 8 oversz 0 unbuild 0 {}
 252     0     100               0     0.981600694     0.849327342      3.10267333      6.62662174     0.115931014     0.111070334
 252     1      50               0     0.981600694     0.849327342      3.10267333      6.62662174     0.115931014     0.111070334
          wgpu 1d 116g 174c x3w 3ms | egraph 19g->28v+0snap 5ms | graft 24 (-68n, 0 snap) cpu 0 | f64 20 | gen 0.1s | dropped inexpr 6 oversz 0 unbuild 0 {}
 253     0     100               0     0.981600694     0.849327342      3.10267333      6.62662174     0.115931014     0.111070334
 253     1      50               0     0.981600694     0.849327342      3.10267333      6.62662174     0.115931014     0.111070334
          wgpu 1d 116g 177c x3w 3ms | egraph 12g->31v+0snap 3ms | graft 25 (-54n, 0 snap) cpu 0 | f64 20 | gen 0.1s | dropped inexpr 4 oversz 0 unbuild 0 {}
 254     0     100               0     0.981600694     0.849327342      3.10267333      6.62662174     0.115931014     0.111070334
 254     1      50               0     0.981600694     0.849327342      3.10267333      6.62662174     0.115931014     0.111070334
          wgpu 1d 105g 171c x3w 3ms | egraph 11g->25v+0snap 3ms | graft 20 (-57n, 0 snap) cpu 0 | f64 20 | gen 0.1s | dropped inexpr 5 oversz 0 unbuild 0 {}
 255     0     100               0     0.981600694     0.849327342      3.10267333      6.62662174     0.115931014     0.111070334
 255     1      50               0     0.981600694     0.849327342      3.10267333      6.62662174     0.115931014     0.111070334
          wgpu 1d 105g 176c x3w 3ms | egraph 23g->30v+0snap 6ms | graft 22 (-52n, 0 snap) cpu 0 | f64 20 | gen 0.1s | dropped inexpr 12 oversz 0 unbuild 0 {}
 256     0     100               0     0.981600694     0.849327342      3.10267333      6.62662174     0.115931014     0.111070334
 256     1      50               0     0.981600694     0.849327342      3.10267333      6.62662174     0.115931014     0.111070334
          wgpu 1d 103g 175c x3w 3ms | egraph 12g->29v+0snap 4ms | graft 23 (-54n, 0 snap) cpu 0 | f64 20 | gen 0.1s | dropped inexpr 3 oversz 0 unbuild 0 {}
 257     0     100               0     0.981600694     0.849327342      3.10267333      6.62662174     0.115931014     0.111070334
 257     1      50               0     0.981600694     0.849327342      3.10267333      6.62662174     0.115931014     0.111070334
          wgpu 1d 110g 169c x3w 3ms | egraph 15g->23v+0snap 4ms | graft 20 (-62n, 0 snap) cpu 0 | f64 20 | gen 0.1s | dropped inexpr 10 oversz 0 unbuild 0 {}
 258     0     100               0     0.981600694     0.849327342      3.10267333      6.62662174     0.115931014     0.111070334
 258     1      50               0     0.981600694     0.849327342      3.10267333      6.62662174     0.115931014     0.111070334
          wgpu 1d 117g 181c x3w 3ms | egraph 13g->35v+0snap 4ms | graft 33 (-90n, 0 snap) cpu 0 | f64 20 | gen 0.1s | dropped inexpr 2 oversz 0 unbuild 0 {}
 259     0     100               0     0.981600694     0.849327342      3.10267333      6.62662174     0.115931014     0.111070334
 259     1      50               0     0.981600694     0.849327342      3.10267333      6.62662174     0.115931014     0.111070334
          wgpu 1d 124g 183c x3w 4ms | egraph 13g->37v+0snap 4ms | graft 30 (-82n, 0 snap) cpu 0 | f64 20 | gen 0.1s | dropped inexpr 4 oversz 0 unbuild 0 {}
 260     0     100               0     0.981600694     0.849327342      3.10267333      6.62662174     0.115931014     0.111070334
 260     1      50               0     0.981600694     0.849327342      3.10267333      6.62662174     0.115931014     0.111070334
          wgpu 1d 131g 200c x3w 4ms | egraph 27g->54v+0snap 7ms | graft 33 (-83n, 0 snap) cpu 0 | f64 20 | gen 0.1s | dropped inexpr 13 oversz 0 unbuild 0 {}
--------- pump migration: intra (promote-2 + intake-reset) ---------
 261     0     100               0     0.981600694     0.849327342      3.10267333      6.62662174     0.115931014     0.111070334
 261     1      50               0     0.981600694     0.849327342      3.10267333      6.62662174     0.115931014     0.111070334
          wgpu 2d 298g 348c x3w 7ms | egraph 78g->122v+0snap 26ms | graft 73 (-187n, 0 snap) cpu 0 | f64 30 | gen 0.1s | dropped inexpr 8 oversz 0 unbuild 0 {}
 262     0     100               0     0.981600694     0.849327342      3.10267333      6.62662174     0.115931014     0.111070334
 262     1      50               0     0.981600694     0.849327342      3.10267333      6.62662174     0.115931014     0.111070334
          wgpu 1d 125g 199c x3w 4ms | egraph 22g->53v+0snap 5ms | graft 33 (-95n, 0 snap) cpu 0 | f64 20 | gen 0.1s | dropped inexpr 8 oversz 0 unbuild 0 {}
 263     0     100               0     0.981600694     0.849327342      3.10267333      6.62662174     0.115931014     0.111070334
 263     1      50               0     0.981600694     0.849327342      3.10267333      6.62662174     0.115931014     0.111070334
          wgpu 1d 129g 231c x3w 4ms | egraph 34g->85v+0snap 10ms | graft 27 (-78n, 0 snap) cpu 0 | f64 20 | gen 0.1s | dropped inexpr 20 oversz 0 unbuild 0 {}
 264     0     100               0     0.981600694     0.849327342      3.10267333      6.62662174     0.115931014     0.111070334
 264     1      50               0     0.981600699     0.849327298      3.10267347      6.62662173     0.115931014     0.111070328
          wgpu 1d 95g 185c x3w 3ms | egraph 14g->39v+0snap 4ms | graft 20 (-60n, 0 snap) cpu 0 | f64 20 | gen 0.1s | dropped inexpr 4 oversz 0 unbuild 0 {}
 265     0     100               0     0.629402902     0.481443591      2.65915245      6.22081382    0.0743350295    0.0629605309
 265     1      50               0     0.981600699     0.849327298      3.10267347      6.62662173     0.115931014     0.111070328
          wgpu 1d 132g 238c x3w 4ms | egraph 27g->92v+0snap 7ms | graft 39 (-101n, 0 snap) cpu 0 | f64 20 | gen 0.1s | dropped inexpr 15 oversz 0 unbuild 0 {}
 266     0     100               0     0.629402885     0.481443561      2.65915272      6.22081311    0.0743350275     0.062960527
 266     1      50               0     0.981600699     0.849327298      3.10267347      6.62662173     0.115931014     0.111070328
          wgpu 1d 118g 251c x3w 8ms | egraph 22g->105v+0snap 7ms | graft 31 (-83n, 0 snap) cpu 0 | f64 20 | gen 0.2s | dropped inexpr 11 oversz 0 unbuild 0 {}
 267     0     100               0     0.629402885     0.481443552      2.65915267      6.22081402    0.0743350274    0.0629605258
 267     1      50               0     0.981600694     0.849327342      3.10267333      6.62662174     0.115931014     0.111070334
          wgpu 1d 135g 246c x3w 4ms | egraph 30g->100v+0snap 9ms | graft 26 (-69n, 0 snap) cpu 0 | f64 20 | gen 0.1s | dropped inexpr 15 oversz 0 unbuild 0 {}
 268     0     100               0     0.629402902     0.481443591      2.65915245      6.22081382    0.0743350295    0.0629605309
 268     1      50               0     0.981600694     0.849327342      3.10267333      6.62662174     0.115931014     0.111070334
          wgpu 1d 160g 261c x3w 4ms | egraph 42g->115v+0snap 10ms | graft 33 (-98n, 0 snap) cpu 0 | f64 20 | gen 0.1s | dropped inexpr 20 oversz 0 unbuild 0 {}
 269     0     100               0     0.629402902     0.481443591      2.65915245      6.22081382    0.0743350295    0.0629605309
 269     1      50               0     0.981600694     0.849327342      3.10267333      6.62662174     0.115931014     0.111070334
          wgpu 1d 143g 257c x3w 4ms | egraph 38g->111v+0snap 11ms | graft 30 (-83n, 0 snap) cpu 0 | f64 20 | gen 0.2s | dropped inexpr 28 oversz 0 unbuild 0 {}
 270     0     100               0     0.629402885     0.481443561      2.65915272      6.22081311    0.0743350275     0.062960527
 270     1      50               0     0.981600699     0.849327298      3.10267347      6.62662173     0.115931014     0.111070328
          wgpu 1d 142g 248c x3w 4ms | egraph 28g->102v+0snap 9ms | graft 28 (-70n, 0 snap) cpu 0 | f64 20 | gen 0.1s | dropped inexpr 18 oversz 0 unbuild 0 {}
--------- pump migration: intra (promote-2 + intake-reset) + cross ---------
 271     0     100               0     0.629402885     0.481443561      2.65915272      6.22081311    0.0743350275     0.062960527
 271     1      50               0     0.981600699     0.849327298      3.10267347      6.62662173     0.115931014     0.111070328
          wgpu 2d 388g 434c x3w 8ms | egraph 122g->208v+0snap 35ms | graft 70 (-223n, 0 snap) cpu 0 | f64 30 | gen 0.2s | dropped inexpr 28 oversz 0 unbuild 0 {}
 272     0     100               0     0.629402885     0.481443561      2.65915272      6.22081311    0.0743350275     0.062960527
 272     1      50               0     0.981600699     0.849327298      3.10267347      6.62662173     0.115931014     0.111070328
          wgpu 1d 191g 276c x3w 7ms | egraph 43g->130v+0snap 13ms | graft 41 (-103n, 0 snap) cpu 0 | f64 20 | gen 0.2s | dropped inexpr 23 oversz 0 unbuild 0 {}
 273     0     100               0     0.629402885     0.481443552      2.65915267      6.22081402    0.0743350274    0.0629605258
 273     1      50               0     0.629402902     0.481443591      2.65915245      6.22081382    0.0743350295    0.0629605309
          wgpu 1d 179g 279c x3w 4ms | egraph 37g->133v+0snap 17ms | graft 28 (-74n, 0 snap) cpu 0 | f64 20 | gen 0.2s | dropped inexpr 25 oversz 0 unbuild 0 {}
 274     0     100               0     0.629402902     0.481443591      2.65915245      6.22081382    0.0743350295    0.0629605309
 274     1      50               0     0.629402902     0.481443591      2.65915245      6.22081382    0.0743350295    0.0629605309
          wgpu 1d 176g 307c x3w 4ms | egraph 37g->161v+0snap 10ms | graft 40 (-110n, 0 snap) cpu 0 | f64 20 | gen 0.2s | dropped inexpr 20 oversz 0 unbuild 0 {}
 275     0     100               0     0.629402902     0.481443591      2.65915245      6.22081382    0.0743350295    0.0629605309
 275     1      50               0     0.629402902     0.481443591      2.65915245      6.22081382    0.0743350295    0.0629605309
          wgpu 1d 183g 287c x3w 4ms | egraph 36g->141v+0snap 9ms | graft 31 (-86n, 0 snap) cpu 0 | f64 20 | gen 0.2s | dropped inexpr 23 oversz 0 unbuild 0 {}
 276     0     100               0     0.629402902     0.481443591      2.65915245      6.22081382    0.0743350295    0.0629605309
 276     1      50               0     0.629402902     0.481443591      2.65915245      6.22081382    0.0743350295    0.0629605309
          wgpu 1d 158g 287c x3w 4ms | egraph 30g->141v+0snap 10ms | graft 29 (-77n, 0 snap) cpu 0 | f64 20 | gen 0.2s | dropped inexpr 14 oversz 0 unbuild 0 {}
 277     0     100               0     0.629402902     0.481443591      2.65915245      6.22081382    0.0743350295    0.0629605309
 277     1      50               0     0.629402885     0.481443561      2.65915272      6.22081311    0.0743350275     0.062960527
          wgpu 1d 168g 286c x3w 4ms | egraph 33g->140v+0snap 8ms | graft 30 (-85n, 0 snap) cpu 0 | f64 20 | gen 0.2s | dropped inexpr 23 oversz 0 unbuild 0 {}
 278     0     100               0     0.629402902     0.481443591      2.65915245      6.22081382    0.0743350295    0.0629605309
 278     1      50               0     0.629402902     0.481443591      2.65915245      6.22081382    0.0743350295    0.0629605309
          wgpu 1d 171g 294c x3w 5ms | egraph 44g->148v+0snap 10ms | graft 36 (-104n, 0 snap) cpu 0 | f64 20 | gen 0.1s | dropped inexpr 25 oversz 0 unbuild 0 {}
 279     0     100               0     0.629402902     0.481443591      2.65915245      6.22081382    0.0743350295    0.0629605309
 279     1      50               0     0.629402885     0.481443561      2.65915272      6.22081311    0.0743350275     0.062960527
          wgpu 1d 167g 281c x3w 4ms | egraph 34g->135v+0snap 9ms | graft 26 (-74n, 0 snap) cpu 0 | f64 20 | gen 0.1s | dropped inexpr 19 oversz 0 unbuild 0 {}
 280     0     100               0     0.629402902     0.481443591      2.65915245      6.22081382    0.0743350295    0.0629605309
 280     1      50               0     0.629402902     0.481443591      2.65915245      6.22081382    0.0743350295    0.0629605309
          wgpu 1d 189g 307c x3w 5ms | egraph 41g->161v+0snap 31ms | graft 31 (-99n, 0 snap) cpu 0 | f64 20 | gen 0.2s | dropped inexpr 23 oversz 0 unbuild 0 {}
--------- pump migration: intra (promote-2 + intake-reset) ---------
 281     0     100               0     0.629402902     0.481443591      2.65915245      6.22081382    0.0743350295    0.0629605309
 281     1      50               0     0.629402902     0.481443591      2.65915245      6.22081382    0.0743350295    0.0629605309
          wgpu 2d 384g 470c x3w 8ms | egraph 102g->244v+0snap 27ms | graft 81 (-224n, 0 snap) cpu 0 | f64 30 | gen 0.1s | dropped inexpr 14 oversz 0 unbuild 0 {}
 282     0     100               0     0.629402902     0.481443591      2.65915245      6.22081382    0.0743350295    0.0629605309
 282     1      50               0     0.629402885     0.481443561      2.65915272      6.22081311    0.0743350275     0.062960527
          wgpu 1d 156g 297c x3w 4ms | egraph 29g->151v+0snap 7ms | graft 32 (-88n, 0 snap) cpu 0 | f64 20 | gen 0.2s | dropped inexpr 18 oversz 0 unbuild 0 {}
 283     0     100               0     0.629402902     0.481443591      2.65915245      6.22081382    0.0743350295    0.0629605309
 283     1      50               0     0.629402902     0.481443591      2.65915245      6.22081382    0.0743350295    0.0629605309
          wgpu 1d 178g 306c x3w 4ms | egraph 39g->160v+0snap 9ms | graft 41 (-111n, 0 snap) cpu 0 | f64 20 | gen 0.2s | dropped inexpr 12 oversz 0 unbuild 0 {}
 284     0     100               0     0.629402902     0.481443591      2.65915245      6.22081382    0.0743350295    0.0629605309
 284     1      50               0     0.629402902     0.481443591      2.65915245      6.22081382    0.0743350295    0.0629605309
          wgpu 1d 168g 289c x3w 4ms | egraph 21g->143v+0snap 6ms | graft 33 (-79n, 0 snap) cpu 0 | f64 20 | gen 0.1s | dropped inexpr 13 oversz 0 unbuild 0 {}
 285     0     100               0     0.629402885     0.481443552      2.65915267      6.22081402    0.0743350274    0.0629605258
 285     1      50               0     0.629402902     0.481443591      2.65915245      6.22081382    0.0743350295    0.0629605309
          wgpu 1d 135g 287c x3w 4ms | egraph 19g->141v+0snap 5ms | graft 30 (-58n, 0 snap) cpu 0 | f64 20 | gen 0.1s | dropped inexpr 9 oversz 0 unbuild 0 {}
 286     0     100               0     0.629402885     0.481443552      2.65915267      6.22081402    0.0743350274    0.0629605258
 286     1      50               0     0.629402902     0.481443591      2.65915245      6.22081382    0.0743350295    0.0629605309
          wgpu 1d 152g 296c x3w 14ms | egraph 24g->150v+0snap 7ms | graft 34 (-98n, 0 snap) cpu 0 | f64 20 | gen 0.2s | dropped inexpr 13 oversz 0 unbuild 0 {}
 287     0     100               0     0.629402885     0.481443552      2.65915267      6.22081402    0.0743350274    0.0629605258
 287     1      50               0     0.629402902     0.481443591      2.65915245      6.22081382    0.0743350295    0.0629605309
          wgpu 1d 138g 293c x3w 4ms | egraph 21g->147v+0snap 10ms | graft 32 (-84n, 0 snap) cpu 0 | f64 20 | gen 0.2s | dropped inexpr 9 oversz 0 unbuild 0 {}
 288     0     100               0     0.629402885     0.481443552      2.65915267      6.22081402    0.0743350274    0.0629605258
 288     1      50               0     0.629402902     0.481443591      2.65915245      6.22081382    0.0743350295    0.0629605309
          wgpu 1d 152g 288c x3w 4ms | egraph 25g->142v+0snap 6ms | graft 35 (-82n, 0 snap) cpu 0 | f64 20 | gen 0.1s | dropped inexpr 14 oversz 0 unbuild 0 {}
 289     0     100               0     0.629402885     0.481443552      2.65915267      6.22081402    0.0743350274    0.0629605258
 289     1      50               0     0.629402902     0.481443591      2.65915245      6.22081382    0.0743350295    0.0629605309
          wgpu 1d 146g 291c x3w 4ms | egraph 21g->145v+0snap 5ms | graft 34 (-86n, 0 snap) cpu 0 | f64 20 | gen 0.2s | dropped inexpr 7 oversz 0 unbuild 0 {}
 290     0     100               0     0.629402885     0.481443552      2.65915267      6.22081402    0.0743350274    0.0629605258
 290     1      50               0     0.629402885     0.481443561      2.65915272      6.22081311    0.0743350275     0.062960527
          wgpu 1d 167g 297c x3w 9ms | egraph 30g->151v+0snap 8ms | graft 40 (-109n, 0 snap) cpu 0 | f64 20 | gen 0.2s | dropped inexpr 19 oversz 0 unbuild 0 {}
--------- pump migration: intra (promote-2 + intake-reset) ---------
 291     0     100               0     0.629402885     0.481443552      2.65915267      6.22081402    0.0743350274    0.0629605258
 291     1      50               0     0.629402902     0.481443591      2.65915245      6.22081382    0.0743350295    0.0629605309
          wgpu 2d 391g 452c x3w 26ms | egraph 96g->226v+0snap 28ms | graft 76 (-285n, 0 snap) cpu 0 | f64 30 | gen 0.2s | dropped inexpr 24 oversz 0 unbuild 0 {}
 292     0     100               0     0.629402902     0.481443591      2.65915245      6.22081382    0.0743350295    0.0629605309
 292     1      50               0     0.629402902     0.481443591      2.65915245      6.22081382    0.0743350295    0.0629605309
          wgpu 1d 175g 312c x3w 4ms | egraph 35g->166v+0snap 11ms | graft 38 (-113n, 0 snap) cpu 0 | f64 20 | gen 0.2s | dropped inexpr 18 oversz 0 unbuild 0 {}
 293     0     100               0     0.629402902     0.481443591      2.65915245      6.22081382    0.0743350295    0.0629605309
 293     1      50               0     0.629402902     0.481443591      2.65915245      6.22081382    0.0743350295    0.0629605309
          wgpu 1d 161g 300c x3w 4ms | egraph 22g->154v+0snap 7ms | graft 31 (-92n, 0 snap) cpu 0 | f64 20 | gen 0.2s | dropped inexpr 14 oversz 0 unbuild 0 {}
 294     0     100               0     0.629402885     0.481443552      2.65915267      6.22081402    0.0743350274    0.0629605258
 294     1      50               0     0.629402902     0.481443591      2.65915245      6.22081382    0.0743350295    0.0629605309
          wgpu 1d 156g 293c x3w 4ms | egraph 20g->147v+0snap 8ms | graft 33 (-95n, 0 snap) cpu 0 | f64 20 | gen 0.1s | dropped inexpr 14 oversz 0 unbuild 0 {}
 295     0     100               0     0.629402885     0.481443552      2.65915267      6.22081402    0.0743350274    0.0629605258
 295     1      50               0     0.629402902     0.481443591      2.65915245      6.22081382    0.0743350295    0.0629605309
          wgpu 1d 165g 292c x3w 4ms | egraph 25g->146v+0snap 12ms | graft 39 (-117n, 0 snap) cpu 0 | f64 20 | gen 0.2s | dropped inexpr 15 oversz 0 unbuild 0 {}
 296     0     100               0     0.629402885     0.481443552      2.65915267      6.22081402    0.0743350274    0.0629605258
 296     1      50               0     0.629402902     0.481443591      2.65915245      6.22081382    0.0743350295    0.0629605309
          wgpu 1d 172g 310c x3w 4ms | egraph 31g->164v+0snap 13ms | graft 39 (-100n, 0 snap) cpu 0 | f64 20 | gen 0.2s | dropped inexpr 16 oversz 0 unbuild 0 {}
 297     0     100               0     0.629402885     0.481443552      2.65915267      6.22081402    0.0743350274    0.0629605258
 297     1      50               0     0.629402902     0.481443591      2.65915245      6.22081382    0.0743350295    0.0629605309
          wgpu 1d 157g 295c x3w 4ms | egraph 23g->149v+0snap 9ms | graft 33 (-85n, 0 snap) cpu 0 | f64 20 | gen 0.2s | dropped inexpr 13 oversz 0 unbuild 0 {}
 298     0     100               0     0.629402885     0.481443552      2.65915267      6.22081402    0.0743350274    0.0629605258
 298     1      50               0     0.629402902     0.481443591      2.65915245      6.22081382    0.0743350295    0.0629605309
          wgpu 1d 155g 304c x3w 4ms | egraph 27g->158v+0snap 16ms | graft 39 (-116n, 0 snap) cpu 0 | f64 20 | gen 0.2s | dropped inexpr 17 oversz 0 unbuild 0 {}
 299     0     100               0     0.629402902     0.481443591      2.65915245      6.22081382    0.0743350295    0.0629605309
 299     1      50               0     0.629402902     0.481443591      2.65915245      6.22081382    0.0743350295    0.0629605309
          wgpu 1d 181g 304c x3w 4ms | egraph 26g->158v+0snap 7ms | graft 32 (-109n, 0 snap) cpu 0 | f64 20 | gen 0.2s | dropped inexpr 15 oversz 0 unbuild 0 {}
 300     0     100               0     0.629402885     0.481443552      2.65915267      6.22081402    0.0743350274    0.0629605258
 300     1      50               0     0.629402902     0.481443591      2.65915245      6.22081382    0.0743350295    0.0629605309
          wgpu 1d 173g 294c x3w 4ms | egraph 30g->148v+0snap 8ms | graft 30 (-93n, 0 snap) cpu 0 | f64 20 | gen 0.1s | dropped inexpr 13 oversz 0 unbuild 0 {}
--------- pump migration: intra (promote-2 + intake-reset) + cross ---------
 301     0     100               0     0.629402885     0.481443552      2.65915267      6.22081402    0.0743350274    0.0629605258
 301     1      50               0     0.629402902     0.481443591      2.65915245      6.22081382    0.0743350295    0.0629605309
          wgpu 2d 349g 446c x3w 8ms | egraph 97g->220v+0snap 27ms | graft 73 (-222n, 0 snap) cpu 0 | f64 30 | gen 0.2s | dropped inexpr 15 oversz 0 unbuild 0 {}
 302     0     100               0     0.629402885     0.481443552      2.65915267      6.22081402    0.0743350274    0.0629605258
 302     1      50               0     0.629402885     0.481443561      2.65915272      6.22081311    0.0743350275     0.062960527
          wgpu 1d 163g 294c x3w 5ms | egraph 23g->148v+0snap 8ms | graft 26 (-85n, 0 snap) cpu 0 | f64 20 | gen 0.1s | dropped inexpr 12 oversz 0 unbuild 0 {}
 303     0     100               0     0.629402885     0.481443552      2.65915267      6.22081402    0.0743350274    0.0629605258
 303     1      50               0     0.629402885     0.481443561      2.65915272      6.22081311    0.0743350275     0.062960527
          wgpu 1d 171g 294c x3w 4ms | egraph 26g->148v+0snap 8ms | graft 35 (-104n, 0 snap) cpu 0 | f64 20 | gen 0.1s | dropped inexpr 15 oversz 0 unbuild 0 {}
 304     0     100               0     0.629402885     0.481443552      2.65915267      6.22081402    0.0743350274    0.0629605258
 304     1      50               0     0.629402885     0.481443561      2.65915272      6.22081311    0.0743350275     0.062960527
          wgpu 1d 158g 294c x3w 5ms | egraph 17g->148v+0snap 5ms | graft 35 (-101n, 0 snap) cpu 0 | f64 20 | gen 0.1s | dropped inexpr 7 oversz 0 unbuild 0 {}
 305     0     100               0     0.629402885     0.481443552      2.65915267      6.22081402    0.0743350274    0.0629605258
 305     1      50               0     0.629402885     0.481443552      2.65915267      6.22081402    0.0743350274    0.0629605258
          wgpu 1d 144g 284c x3w 4ms | egraph 29g->138v+0snap 7ms | graft 27 (-92n, 0 snap) cpu 0 | f64 20 | gen 0.1s | dropped inexpr 13 oversz 0 unbuild 0 {}
 306     0     100               0     0.629402885     0.481443552      2.65915267      6.22081402    0.0743350274    0.0629605258
 306     1      50               0     0.629402885     0.481443552      2.65915267      6.22081402    0.0743350274    0.0629605258
          wgpu 1d 165g 299c x3w 4ms | egraph 21g->153v+0snap 6ms | graft 34 (-97n, 0 snap) cpu 0 | f64 20 | gen 0.2s | dropped inexpr 9 oversz 0 unbuild 0 {}
 307     0     100               0     0.629402885     0.481443552      2.65915267      6.22081402    0.0743350274    0.0629605258
 307     1      50               0     0.629402902     0.481443591      2.65915245      6.22081382    0.0743350295    0.0629605309
          wgpu 1d 144g 300c x3w 4ms | egraph 19g->154v+0snap 6ms | graft 23 (-73n, 0 snap) cpu 0 | f64 20 | gen 0.1s | dropped inexpr 10 oversz 0 unbuild 0 {}
 308     0     100               0     0.629402902     0.481443591      2.65915245      6.22081382    0.0743350295    0.0629605309
 308     1      50               0     0.629402902     0.481443591      2.65915245      6.22081382    0.0743350295    0.0629605309
          wgpu 1d 153g 302c x3w 4ms | egraph 25g->156v+0snap 11ms | graft 32 (-100n, 0 snap) cpu 0 | f64 20 | gen 0.2s | dropped inexpr 20 oversz 0 unbuild 0 {}
 309     0     100               0     0.629402885     0.481443552      2.65915267      6.22081402    0.0743350274    0.0629605258
 309     1      50               0     0.629402885     0.481443561      2.65915272      6.22081311    0.0743350275     0.062960527
          wgpu 1d 162g 296c x3w 4ms | egraph 26g->150v+0snap 7ms | graft 27 (-79n, 0 snap) cpu 0 | f64 20 | gen 0.2s | dropped inexpr 14 oversz 0 unbuild 0 {}
 310     0     100               0     0.629402885     0.481443552      2.65915267      6.22081402    0.0743350274    0.0629605258
 310     1      50               0     0.629402902     0.481443591      2.65915245      6.22081382    0.0743350295    0.0629605309
          wgpu 1d 165g 286c x3w 4ms | egraph 29g->140v+0snap 19ms | graft 31 (-91n, 0 snap) cpu 0 | f64 20 | gen 0.2s | dropped inexpr 17 oversz 0 unbuild 0 {}
--------- pump migration: intra (promote-2 + intake-reset) ---------
 311     0     100               0     0.629402885     0.481443552      2.65915267      6.22081402    0.0743350274    0.0629605258
 311     1      50               0     0.629402885     0.481443552      2.65915267      6.22081402    0.0743350274    0.0629605258
          wgpu 2d 372g 472c x3w 9ms | egraph 92g->246v+0snap 36ms | graft 74 (-229n, 0 snap) cpu 0 | f64 30 | gen 0.2s | dropped inexpr 18 oversz 0 unbuild 0 {}
 312     0     100               0     0.629402885     0.481443552      2.65915267      6.22081402    0.0743350274    0.0629605258
 312     1      50               0     0.629402902     0.481443591      2.65915245      6.22081382    0.0743350295    0.0629605309
          wgpu 1d 158g 301c x3w 4ms | egraph 23g->155v+0snap 8ms | graft 33 (-105n, 0 snap) cpu 0 | f64 20 | gen 0.2s | dropped inexpr 17 oversz 0 unbuild 0 {}
 313     0     100               0     0.629402902     0.481443591      2.65915245      6.22081382    0.0743350295    0.0629605309
 313     1      50               0     0.629402902     0.481443591      2.65915245      6.22081382    0.0743350295    0.0629605309
          wgpu 1d 134g 303c x3w 4ms | egraph 22g->157v+0snap 6ms | graft 30 (-86n, 0 snap) cpu 0 | f64 20 | gen 0.3s | dropped inexpr 15 oversz 0 unbuild 0 {}
 314     0     100               0     0.629402885     0.481443552      2.65915267      6.22081402    0.0743350274    0.0629605258
 314     1      50               0     0.629402902     0.481443591      2.65915245      6.22081382    0.0743350295    0.0629605309
          wgpu 1d 178g 310c x3w 5ms | egraph 40g->164v+0snap 11ms | graft 41 (-110n, 0 snap) cpu 0 | f64 20 | gen 0.2s | dropped inexpr 26 oversz 0 unbuild 0 {}
 315     0     100               0     0.629402885     0.481443552      2.65915267      6.22081402    0.0743350274    0.0629605258
 315     1      50               0     0.629402902     0.481443591      2.65915245      6.22081382    0.0743350295    0.0629605309
          wgpu 1d 171g 298c x3w 5ms | egraph 41g->152v+0snap 11ms | graft 33 (-86n, 0 snap) cpu 0 | f64 20 | gen 0.1s | dropped inexpr 25 oversz 0 unbuild 0 {}
 316     0     100               0     0.629402902     0.481443591      2.65915245      6.22081382    0.0743350295    0.0629605309
 316     1      50               0     0.629402902     0.481443591      2.65915245      6.22081382    0.0743350295    0.0629605309
          wgpu 1d 163g 303c x3w 12ms | egraph 37g->157v+0snap 22ms | graft 40 (-109n, 0 snap) cpu 0 | f64 20 | gen 0.2s | dropped inexpr 26 oversz 0 unbuild 0 {}
 317     0     100               0     0.629402885     0.481443552      2.65915267      6.22081402    0.0743350274    0.0629605258
 317     1      50               0     0.629402902     0.481443591      2.65915245      6.22081382    0.0743350295    0.0629605309
          wgpu 1d 153g 298c x3w 4ms | egraph 24g->152v+0snap 6ms | graft 32 (-105n, 0 snap) cpu 0 | f64 20 | gen 0.1s | dropped inexpr 15 oversz 0 unbuild 0 {}
 318     0     100               0     0.629402885     0.481443552      2.65915267      6.22081402    0.0743350274    0.0629605258
 318     1      50               0     0.629402902     0.481443591      2.65915245      6.22081382    0.0743350295    0.0629605309
          wgpu 1d 167g 315c x3w 5ms | egraph 30g->169v+0snap 11ms | graft 43 (-135n, 0 snap) cpu 0 | f64 20 | gen 0.2s | dropped inexpr 16 oversz 0 unbuild 0 {}
 319     0     100               0     0.629402885     0.481443552      2.65915267      6.22081402    0.0743350274    0.0629605258
 319     1      50               0     0.609963851     0.438500332      2.43534196      71.8131901    0.0720391989    0.0573446489
          wgpu 1d 167g 287c x3w 11ms | egraph 28g->141v+0snap 14ms | graft 37 (-112n, 0 snap) cpu 0 | f64 20 | gen 0.2s | dropped inexpr 12 oversz 0 unbuild 0 {}
 320     0     100               0     0.629402902     0.481443591      2.65915245      6.22081382    0.0743350295    0.0629605309
 320     1      50               0     0.609963851     0.438500332      2.43534196      71.8131901    0.0720391989    0.0573446489
          wgpu 1d 145g 304c x3w 5ms | egraph 23g->158v+0snap 9ms | graft 38 (-110n, 0 snap) cpu 0 | f64 20 | gen 0.3s | dropped inexpr 15 oversz 0 unbuild 0 {}
--------- pump migration: intra (promote-2 + intake-reset) ---------
 321     0     100               0     0.629402902     0.481443591      2.65915245      6.22081382    0.0743350295    0.0629605309
 321     1      50               0     0.629402902     0.481443591      2.65915245      6.22081382    0.0743350295    0.0629605309
          wgpu 2d 376g 434c x3w 17ms | egraph 102g->208v+0snap 53ms | graft 71 (-236n, 0 snap) cpu 0 | f64 30 | gen 0.4s | dropped inexpr 25 oversz 0 unbuild 0 {}
 322     0     100               0     0.629402902     0.481443591      2.65915245      6.22081382    0.0743350295    0.0629605309
 322     1      50               0     0.629402902     0.481443591      2.65915245      6.22081382    0.0743350295    0.0629605309
          wgpu 1d 188g 310c x3w 6ms | egraph 38g->164v+0snap 27ms | graft 37 (-134n, 0 snap) cpu 0 | f64 20 | gen 0.3s | dropped inexpr 26 oversz 0 unbuild 0 {}
 323     0     100               0     0.629402902     0.481443591      2.65915245      6.22081382    0.0743350295    0.0629605309
 323     1      50               0     0.629402902     0.481443591      2.65915245      6.22081382    0.0743350295    0.0629605309
          wgpu 1d 169g 309c x3w 9ms | egraph 31g->163v+0snap 18ms | graft 33 (-87n, 0 snap) cpu 0 | f64 20 | gen 0.2s | dropped inexpr 28 oversz 0 unbuild 0 {}
 324     0     100               0     0.629402902     0.481443591      2.65915245      6.22081382    0.0743350295    0.0629605309
 324     1      50               0     0.629402902     0.481443591      2.65915245      6.22081382    0.0743350295    0.0629605309
          wgpu 1d 148g 302c x3w 13ms | egraph 26g->156v+0snap 15ms | graft 38 (-101n, 0 snap) cpu 0 | f64 20 | gen 0.3s | dropped inexpr 23 oversz 0 unbuild 0 {}
 325     0     100               0     0.629402902     0.481443591      2.65915245      6.22081382    0.0743350295    0.0629605309
 325     1      50               0     0.629402902     0.481443591      2.65915245      6.22081382    0.0743350295    0.0629605309
          wgpu 1d 153g 307c x3w 6ms | egraph 25g->161v+0snap 14ms | graft 36 (-103n, 0 snap) cpu 0 | f64 20 | gen 0.3s | dropped inexpr 15 oversz 0 unbuild 0 {}
 326     0     100               0     0.629402885     0.481443552      2.65915267      6.22081402    0.0743350274    0.0629605258
 326     1      50               0     0.629402902     0.481443591      2.65915245      6.22081382    0.0743350295    0.0629605309
          wgpu 1d 183g 305c x3w 30ms | egraph 32g->159v+0snap 30ms | graft 47 (-143n, 0 snap) cpu 0 | f64 20 | gen 0.5s | dropped inexpr 24 oversz 0 unbuild 0 {}
 327     0     100               0     0.629402902     0.481443591      2.65915245      6.22081382    0.0743350295    0.0629605309
 327     1      50               0     0.629402902     0.481443591      2.65915245      6.22081382    0.0743350295    0.0629605309
          wgpu 1d 144g 302c x3w 7ms | egraph 24g->156v+0snap 25ms | graft 33 (-69n, 0 snap) cpu 0 | f64 20 | gen 0.2s | dropped inexpr 9 oversz 0 unbuild 0 {}
 328     0     100               0     0.629402885     0.481443552      2.65915267      6.22081402    0.0743350274    0.0629605258
 328     1      50               0     0.629402902     0.481443591      2.65915245      6.22081382    0.0743350295    0.0629605309
          wgpu 1d 182g 319c x3w 8ms | egraph 31g->173v+0snap 18ms | graft 42 (-120n, 0 snap) cpu 0 | f64 20 | gen 0.2s | dropped inexpr 20 oversz 0 unbuild 0 {}
 329     0     100               0     0.629402902     0.481443591      2.65915245      6.22081382    0.0743350295    0.0629605309
 329     1      50               0     0.629402902     0.481443591      2.65915245      6.22081382    0.0743350295    0.0629605309
          wgpu 1d 149g 299c x3w 6ms | egraph 25g->153v+0snap 21ms | graft 33 (-84n, 0 snap) cpu 0 | f64 20 | gen 0.2s | dropped inexpr 14 oversz 0 unbuild 0 {}
 330     0     100               0     0.629402885     0.481443552      2.65915267      6.22081402    0.0743350274    0.0629605258
 330     1      50               0     0.629402902     0.481443591      2.65915245      6.22081382    0.0743350295    0.0629605309
          wgpu 1d 182g 311c x3w 7ms | egraph 31g->165v+0snap 15ms | graft 52 (-139n, 0 snap) cpu 0 | f64 20 | gen 0.2s | dropped inexpr 14 oversz 0 unbuild 0 {}
--------- pump migration: intra (promote-2 + intake-reset) + cross ---------
 331     0     100               0     0.629402902     0.481443591      2.65915245      6.22081382    0.0743350295    0.0629605309
 331     1      50               0     0.629402902     0.481443591      2.65915245      6.22081382    0.0743350295    0.0629605309
          wgpu 2d 374g 472c x3w 13ms | egraph 106g->246v+0snap 69ms | graft 71 (-231n, 0 snap) cpu 0 | f64 30 | gen 0.2s | dropped inexpr 24 oversz 0 unbuild 0 {}
 332     0     100               0     0.629402902     0.481443591      2.65915245      6.22081382    0.0743350295    0.0629605309
 332     1      50               0     0.629402885     0.481443552      2.65915267      6.22081402    0.0743350274    0.0629605258
          wgpu 1d 172g 305c x3w 7ms | egraph 31g->159v+0snap 19ms | graft 38 (-106n, 0 snap) cpu 0 | f64 20 | gen 0.2s | dropped inexpr 17 oversz 0 unbuild 0 {}
 333     0     100               0     0.629402885     0.481443552      2.65915267      6.22081402    0.0743350274    0.0629605258
 333     1      50               0     0.629402902     0.481443591      2.65915245      6.22081382    0.0743350295    0.0629605309
          wgpu 1d 166g 302c x3w 26ms | egraph 24g->156v+0snap 42ms | graft 38 (-116n, 0 snap) cpu 0 | f64 20 | gen 0.2s | dropped inexpr 14 oversz 0 unbuild 0 {}
 334     0     100               0     0.629402885     0.481443552      2.65915267      6.22081402    0.0743350274    0.0629605258
 334     1      50               0     0.629402902     0.481443591      2.65915245      6.22081382    0.0743350295    0.0629605309
          wgpu 1d 178g 307c x3w 14ms | egraph 31g->161v+0snap 18ms | graft 41 (-114n, 0 snap) cpu 0 | f64 20 | gen 0.2s | dropped inexpr 10 oversz 0 unbuild 0 {}
 335     0     100               0     0.629402885     0.481443552      2.65915267      6.22081402    0.0743350274    0.0629605258
 335     1      50               0     0.629402902     0.481443591      2.65915245      6.22081382    0.0743350295    0.0629605309
          wgpu 1d 184g 319c x3w 10ms | egraph 32g->173v+0snap 31ms | graft 49 (-132n, 0 snap) cpu 0 | f64 20 | gen 0.2s | dropped inexpr 19 oversz 0 unbuild 0 {}
 336     0     100               0     0.629402885     0.481443552      2.65915267      6.22081402    0.0743350274    0.0629605258
 336     1      50               0     0.629402902     0.481443591      2.65915245      6.22081382    0.0743350295    0.0629605309
          wgpu 1d 151g 303c x3w 8ms | egraph 23g->157v+0snap 21ms | graft 39 (-119n, 0 snap) cpu 0 | f64 20 | gen 0.2s | dropped inexpr 15 oversz 0 unbuild 0 {}
 337     0     100               0     0.629402885     0.481443552      2.65915267      6.22081402    0.0743350274    0.0629605258
 337     1      50               0     0.629402902     0.481443591      2.65915245      6.22081382    0.0743350295    0.0629605309
          wgpu 1d 161g 303c x3w 9ms | egraph 22g->157v+0snap 49ms | graft 45 (-129n, 0 snap) cpu 0 | f64 20 | gen 0.2s | dropped inexpr 16 oversz 0 unbuild 0 {}
 338     0     100               0     0.629402885     0.481443552      2.65915267      6.22081402    0.0743350274    0.0629605258
 338     1      50               0     0.629402902     0.481443591      2.65915245      6.22081382    0.0743350295    0.0629605309
          wgpu 1d 153g 310c x3w 29ms | egraph 24g->164v+0snap 77ms | graft 31 (-85n, 0 snap) cpu 0 | f64 20 | gen 0.4s | dropped inexpr 14 oversz 0 unbuild 0 {}
 339     0     100               0     0.629402885     0.481443552      2.65915267      6.22081402    0.0743350274    0.0629605258
 339     1      50               0     0.629402902     0.481443591      2.65915245      6.22081382    0.0743350295    0.0629605309
          wgpu 1d 153g 293c x3w 7ms | egraph 23g->147v+0snap 15ms | graft 31 (-84n, 0 snap) cpu 0 | f64 20 | gen 0.2s | dropped inexpr 6 oversz 0 unbuild 0 {}
 340     0     100               0     0.629402885     0.481443552      2.65915267      6.22081402    0.0743350274    0.0629605258
 340     1      50               0     0.629402902     0.481443591      2.65915245      6.22081382    0.0743350295    0.0629605309
          wgpu 1d 171g 314c x3w 7ms | egraph 22g->168v+0snap 20ms | graft 45 (-136n, 0 snap) cpu 0 | f64 20 | gen 0.2s | dropped inexpr 11 oversz 0 unbuild 0 {}
--------- pump migration: intra (promote-2 + intake-reset) ---------
 341     0     100               0     0.629402885     0.481443552      2.65915267      6.22081402    0.0743350274    0.0629605258
 341     1      50               0     0.629402885     0.481443552      2.65915267      6.22081402    0.0743350274    0.0629605258
          wgpu 2d 410g 494c x3w 17ms | egraph 107g->268v+0snap 56ms | graft 94 (-282n, 0 snap) cpu 0 | f64 30 | gen 0.3s | dropped inexpr 17 oversz 0 unbuild 0 {}
 342     0     100               0     0.629402885     0.481443552      2.65915267      6.22081402    0.0743350274    0.0629605258
 342     1      50               0     0.629402885     0.481443552      2.65915267      6.22081402    0.0743350274    0.0629605258
          wgpu 1d 168g 302c x3w 7ms | egraph 25g->156v+0snap 47ms | graft 43 (-115n, 0 snap) cpu 0 | f64 20 | gen 0.2s | dropped inexpr 13 oversz 0 unbuild 0 {}
 343     0     100               0     0.629402902     0.481443591      2.65915245      6.22081382    0.0743350295    0.0629605309
 343     1      50               0     0.629402902     0.481443591      2.65915245      6.22081382    0.0743350295    0.0629605309
          wgpu 1d 178g 303c x3w 22ms | egraph 27g->157v+0snap 19ms | graft 34 (-98n, 0 snap) cpu 0 | f64 20 | gen 0.2s | dropped inexpr 9 oversz 0 unbuild 0 {}
 344     0     100               0     0.629402885     0.481443552      2.65915267      6.22081402    0.0743350274    0.0629605258
 344     1      50               0     0.629402902     0.481443591      2.65915245      6.22081382    0.0743350295    0.0629605309
          wgpu 1d 154g 296c x3w 6ms | egraph 22g->150v+0snap 12ms | graft 35 (-95n, 0 snap) cpu 0 | f64 20 | gen 0.2s | dropped inexpr 9 oversz 0 unbuild 0 {}
 345     0     100               0     0.629402885     0.481443552      2.65915267      6.22081402    0.0743350274    0.0629605258
 345     1      50               0     0.629402902     0.481443591      2.65915245      6.22081382    0.0743350295    0.0629605309
          wgpu 1d 159g 291c x3w 10ms | egraph 23g->145v+0snap 18ms | graft 32 (-99n, 0 snap) cpu 0 | f64 20 | gen 0.2s | dropped inexpr 14 oversz 0 unbuild 0 {}
 346     0     100               0     0.629402885     0.481443552      2.65915267      6.22081402    0.0743350274    0.0629605258
 346     1      50               0     0.629402902     0.481443591      2.65915245      6.22081382    0.0743350295    0.0629605309
          wgpu 1d 150g 300c x3w 6ms | egraph 24g->154v+0snap 42ms | graft 34 (-95n, 0 snap) cpu 0 | f64 20 | gen 0.3s | dropped inexpr 14 oversz 0 unbuild 0 {}
 347     0     100               0     0.629402885     0.481443552      2.65915267      6.22081402    0.0743350274    0.0629605258
 347     1      50               0     0.629402902     0.481443591      2.65915245      6.22081382    0.0743350295    0.0629605309
          wgpu 1d 167g 308c x3w 23ms | egraph 23g->162v+0snap 15ms | graft 47 (-122n, 0 snap) cpu 0 | f64 20 | gen 0.2s | dropped inexpr 11 oversz 0 unbuild 0 {}
 348     0     100               0     0.629402885     0.481443552      2.65915267      6.22081402    0.0743350274    0.0629605258
 348     1      50               0     0.629402885     0.481443552      2.65915267      6.22081402    0.0743350274    0.0629605258
          wgpu 1d 156g 299c x3w 6ms | egraph 26g->153v+0snap 15ms | graft 36 (-105n, 0 snap) cpu 0 | f64 20 | gen 0.2s | dropped inexpr 17 oversz 0 unbuild 0 {}
 349     0     100               0     0.629402885     0.481443552      2.65915267      6.22081402    0.0743350274    0.0629605258
 349     1      50               0     0.629402902     0.481443591      2.65915245      6.22081382    0.0743350295    0.0629605309
          wgpu 1d 168g 301c x3w 14ms | egraph 29g->155v+0snap 35ms | graft 36 (-107n, 0 snap) cpu 0 | f64 20 | gen 0.2s | dropped inexpr 16 oversz 0 unbuild 0 {}
 350     0     100               0     0.624766032     0.476070337      2.65416713      6.12338564    0.0737873964    0.0622578464
 350     1      50               0     0.629402902     0.481443591      2.65915245      6.22081382    0.0743350295    0.0629605309
          wgpu 1d 161g 308c x3w 5ms | egraph 31g->162v+0snap 41ms | graft 46 (-115n, 0 snap) cpu 0 | f64 20 | gen 0.2s | dropped inexpr 20 oversz 0 unbuild 0 {}
--------- pump migration: intra (promote-2 + intake-reset) ---------
 351     0     100               0     0.624766032     0.476070337      2.65416713      6.12338564    0.0737873964    0.0622578464
 351     1      50               0     0.624766032     0.476070337      2.65416713      6.12338564    0.0737873964    0.0622578464
          wgpu 2d 362g 451c x3w 27ms | egraph 106g->225v+0snap 63ms | graft 75 (-246n, 0 snap) cpu 0 | f64 30 | gen 0.2s | dropped inexpr 20 oversz 0 unbuild 0 {}
 352     0     100               0     0.624766032     0.476070337      2.65416713      6.12338564    0.0737873964    0.0622578464
 352     1      50               0     0.624766032     0.476070337      2.65416713      6.12338564    0.0737873964    0.0622578464
          wgpu 1d 155g 288c x3w 7ms | egraph 23g->142v+0snap 25ms | graft 31 (-88n, 0 snap) cpu 0 | f64 20 | gen 0.2s | dropped inexpr 13 oversz 0 unbuild 0 {}
 353     0     100               0     0.624766032     0.476070337      2.65416713      6.12338564    0.0737873964    0.0622578464
 353     1      50               0     0.624766052     0.476070379      2.65416691      6.12338546    0.0737873987     0.062257852
          wgpu 1d 165g 314c x3w 7ms | egraph 31g->168v+0snap 28ms | graft 41 (-99n, 0 snap) cpu 0 | f64 20 | gen 0.2s | dropped inexpr 15 oversz 0 unbuild 0 {}
 354     0     100               0     0.615687335     0.465393118      2.64238686      6.04868612    0.0727151655    0.0608615387
 354     1      50               0     0.624766052     0.476070379      2.65416691      6.12338546    0.0737873987     0.062257852
          wgpu 1d 187g 304c x3w 7ms | egraph 29g->158v+0snap 22ms | graft 43 (-113n, 0 snap) cpu 0 | f64 20 | gen 0.3s | dropped inexpr 12 oversz 0 unbuild 0 {}
 355     0     100               0     0.615687335     0.465393118      2.64238686      6.04868612    0.0727151655    0.0608615387
 355     1      50               0     0.624766032     0.476070337      2.65416713      6.12338564    0.0737873964    0.0622578464
          wgpu 1d 175g 305c x3w 7ms | egraph 23g->159v+0snap 34ms | graft 38 (-112n, 0 snap) cpu 0 | f64 20 | gen 0.2s | dropped inexpr 13 oversz 0 unbuild 0 {}
 356     0     100               0     0.615687335     0.465393118      2.64238686      6.04868612    0.0727151655    0.0608615387
 356     1      50               0     0.624766052     0.476070379      2.65416691      6.12338546    0.0737873987     0.062257852
          wgpu 1d 161g 296c x3w 5ms | egraph 16g->150v+0snap 12ms | graft 38 (-103n, 0 snap) cpu 0 | f64 20 | gen 0.2s | dropped inexpr 6 oversz 0 unbuild 0 {}
 357     0     100               0     0.615687335     0.465393118      2.64238686      6.04868612    0.0727151655    0.0608615387
 357     1      50               0     0.624766052     0.476070379      2.65416691      6.12338546    0.0737873987     0.062257852
          wgpu 1d 146g 296c x3w 27ms | egraph 18g->150v+0snap 16ms | graft 32 (-88n, 0 snap) cpu 0 | f64 20 | gen 0.2s | dropped inexpr 9 oversz 0 unbuild 0 {}
 358     0     100               0     0.615687335     0.465393118      2.64238686      6.04868612    0.0727151655    0.0608615387
 358     1      50               0     0.624766052     0.476070379      2.65416691      6.12338546    0.0737873987     0.062257852
          wgpu 1d 183g 300c x3w 7ms | egraph 29g->154v+0snap 16ms | graft 41 (-102n, 0 snap) cpu 0 | f64 20 | gen 0.2s | dropped inexpr 12 oversz 0 unbuild 0 {}
 359     0     100               0     0.615687335     0.465393118      2.64238686      6.04868612    0.0727151655    0.0608615387
 359     1      50               0     0.624766052     0.476070379      2.65416691      6.12338546    0.0737873987     0.062257852
          wgpu 1d 168g 301c x3w 7ms | egraph 14g->155v+0snap 9ms | graft 35 (-104n, 0 snap) cpu 0 | f64 20 | gen 0.2s | dropped inexpr 7 oversz 0 unbuild 0 {}
 360     0     100               0     0.615687312     0.465393072      2.64238708      6.04868645    0.0727151627    0.0608615327
 360     1      50               0     0.624766032     0.476070337      2.65416713      6.12338564    0.0737873964    0.0622578464
          wgpu 1d 147g 291c x3w 8ms | egraph 24g->145v+0snap 15ms | graft 29 (-80n, 0 snap) cpu 0 | f64 20 | gen 0.2s | dropped inexpr 10 oversz 0 unbuild 0 {}
--------- pump migration: intra (promote-2 + intake-reset) + cross ---------
 361     0     100               0     0.615687312     0.465393072      2.64238708      6.04868645    0.0727151627    0.0608615327
 361     1      50               0     0.615687312     0.465393072      2.64238708      6.04868645    0.0727151627    0.0608615327
          wgpu 2d 357g 455c x3w 17ms | egraph 90g->229v+0snap 56ms | graft 72 (-213n, 0 snap) cpu 0 | f64 30 | gen 0.2s | dropped inexpr 13 oversz 0 unbuild 0 {}
 362     0     100               0     0.615687312     0.465393072      2.64238708      6.04868645    0.0727151627    0.0608615327
 362     1      50               0     0.615687312     0.465393072      2.64238708      6.04868645    0.0727151627    0.0608615327
          wgpu 1d 158g 297c x3w 28ms | egraph 16g->151v+0snap 16ms | graft 36 (-77n, 0 snap) cpu 0 | f64 20 | gen 0.2s | dropped inexpr 9 oversz 0 unbuild 0 {}
 363     0     100               0     0.615687312     0.465393072      2.64238708      6.04868645    0.0727151627    0.0608615327
 363     1      50               0     0.615687335     0.465393118      2.64238686      6.04868612    0.0727151655    0.0608615387
          wgpu 1d 168g 312c x3w 7ms | egraph 27g->166v+0snap 51ms | graft 47 (-125n, 0 snap) cpu 0 | f64 20 | gen 0.2s | dropped inexpr 15 oversz 0 unbuild 0 {}
 364     0     100               0     0.615687312     0.465393072      2.64238708      6.04868645    0.0727151627    0.0608615327
 364     1      50               0     0.615687335     0.465393118      2.64238686      6.04868612    0.0727151655    0.0608615387
          wgpu 1d 164g 305c x3w 6ms | egraph 28g->159v+0snap 24ms | graft 41 (-126n, 0 snap) cpu 0 | f64 20 | gen 0.2s | dropped inexpr 13 oversz 0 unbuild 0 {}
 365     0     100               0     0.615687312     0.465393072      2.64238708      6.04868645    0.0727151627    0.0608615327
 365     1      50               0     0.615687312     0.465393072      2.64238708      6.04868645    0.0727151627    0.0608615327
          wgpu 1d 154g 305c x3w 6ms | egraph 26g->159v+0snap 45ms | graft 40 (-122n, 0 snap) cpu 0 | f64 20 | gen 0.2s | dropped inexpr 20 oversz 0 unbuild 0 {}
 366     0     100               0     0.615687312     0.465393072      2.64238708      6.04868645    0.0727151627    0.0608615327
 366     1      50               0     0.615687312     0.465393072      2.64238708      6.04868645    0.0727151627    0.0608615327
          wgpu 1d 160g 319c x3w 8ms | egraph 27g->173v+0snap 40ms | graft 44 (-134n, 0 snap) cpu 0 | f64 20 | gen 0.2s | dropped inexpr 11 oversz 0 unbuild 0 {}
 367     0     100               0     0.615687312     0.465393072      2.64238708      6.04868645    0.0727151627    0.0608615327
 367     1      50               0     0.615687312     0.465393072      2.64238708      6.04868645    0.0727151627    0.0608615327
          wgpu 1d 130g 294c x3w 31ms | egraph 15g->148v+0snap 16ms | graft 34 (-93n, 0 snap) cpu 0 | f64 20 | gen 0.2s | dropped inexpr 8 oversz 0 unbuild 0 {}
 368     0     100               0     0.615687312     0.465393072      2.64238708      6.04868645    0.0727151627    0.0608615327
 368     1      50               0     0.615687312     0.465393072      2.64238708      6.04868645    0.0727151627    0.0608615327
          wgpu 1d 159g 306c x3w 17ms | egraph 24g->160v+0snap 27ms | graft 46 (-122n, 0 snap) cpu 0 | f64 20 | gen 0.3s | dropped inexpr 10 oversz 0 unbuild 0 {}
 369     0     100               0     0.615687312     0.465393072      2.64238708      6.04868645    0.0727151627    0.0608615327
 369     1      50               0     0.615687312     0.465393072      2.64238708      6.04868645    0.0727151627    0.0608615327
          wgpu 1d 154g 308c x3w 6ms | egraph 15g->162v+0snap 10ms | graft 37 (-112n, 0 snap) cpu 0 | f64 20 | gen 0.2s | dropped inexpr 8 oversz 0 unbuild 0 {}
 370     0     100               0     0.615687312     0.465393072      2.64238708      6.04868645    0.0727151627    0.0608615327
 370     1      50               0     0.615687312     0.465393072      2.64238708      6.04868645    0.0727151627    0.0608615327
          wgpu 1d 138g 293c x3w 10ms | egraph 20g->147v+0snap 13ms | graft 30 (-92n, 0 snap) cpu 0 | f64 20 | gen 0.2s | dropped inexpr 12 oversz 0 unbuild 0 {}
--------- pump migration: intra (promote-2 + intake-reset) ---------
 371     0     100               0     0.615687312     0.465393072      2.64238708      6.04868645    0.0727151627    0.0608615327
 371     1      50               0     0.615687312     0.465393072      2.64238708      6.04868645    0.0727151627    0.0608615327
          wgpu 2d 418g 510c x3w 12ms | egraph 96g->284v+0snap 48ms | graft 91 (-317n, 0 snap) cpu 0 | f64 30 | gen 0.2s | dropped inexpr 14 oversz 0 unbuild 0 {}
 372     0     100               0     0.615687312     0.465393072      2.64238708      6.04868645    0.0727151627    0.0608615327
 372     1      50               0     0.615687335     0.465393118      2.64238686      6.04868612    0.0727151655    0.0608615387
          wgpu 1d 149g 294c x3w 23ms | egraph 19g->148v+0snap 11ms | graft 30 (-91n, 0 snap) cpu 0 | f64 20 | gen 0.2s | dropped inexpr 14 oversz 0 unbuild 0 {}
 373     0     100               0     0.615687312     0.465393072      2.64238708      6.04868645    0.0727151627    0.0608615327
 373     1      50               0     0.615687335     0.465393118      2.64238686      6.04868612    0.0727151655    0.0608615387
          wgpu 1d 152g 295c x3w 5ms | egraph 26g->149v+0snap 49ms | graft 35 (-96n, 0 snap) cpu 0 | f64 20 | gen 0.2s | dropped inexpr 18 oversz 0 unbuild 0 {}
 374     0     100               0     0.615687312     0.465393072      2.64238708      6.04868645    0.0727151627    0.0608615327
 374     1      50               0     0.615687335     0.465393118      2.64238686      6.04868612    0.0727151655    0.0608615387
          wgpu 1d 159g 302c x3w 7ms | egraph 22g->156v+0snap 11ms | graft 39 (-104n, 0 snap) cpu 0 | f64 20 | gen 0.3s | dropped inexpr 13 oversz 0 unbuild 0 {}
 375     0     100               0     0.615687312     0.465393072      2.64238708      6.04868645    0.0727151627    0.0608615327
 375     1      50               0     0.615687312     0.465393072      2.64238708      6.04868645    0.0727151627    0.0608615327
          wgpu 1d 158g 310c x3w 7ms | egraph 18g->164v+0snap 26ms | graft 40 (-110n, 0 snap) cpu 0 | f64 20 | gen 0.2s | dropped inexpr 9 oversz 0 unbuild 0 {}
 376     0     100               0     0.615687312     0.465393072      2.64238708      6.04868645    0.0727151627    0.0608615327
 376     1      50               0     0.615687312     0.465393072      2.64238708      6.04868645    0.0727151627    0.0608615327
          wgpu 1d 135g 292c x3w 16ms | egraph 16g->146v+0snap 12ms | graft 35 (-93n, 0 snap) cpu 0 | f64 20 | gen 0.2s | dropped inexpr 9 oversz 0 unbuild 0 {}
 377     0     100               0     0.615687312     0.465393072      2.64238708      6.04868645    0.0727151627    0.0608615327
 377     1      50               0     0.615687335     0.465393118      2.64238686      6.04868612    0.0727151655    0.0608615387
          wgpu 1d 136g 292c x3w 7ms | egraph 16g->146v+0snap 11ms | graft 27 (-75n, 0 snap) cpu 0 | f64 20 | gen 0.2s | dropped inexpr 9 oversz 0 unbuild 0 {}
 378     0     100               0     0.615687312     0.465393072      2.64238708      6.04868645    0.0727151627    0.0608615327
 378     1      50               0     0.615687335     0.465393118      2.64238686      6.04868612    0.0727151655    0.0608615387
          wgpu 1d 163g 307c x3w 29ms | egraph 20g->161v+0snap 23ms | graft 38 (-107n, 0 snap) cpu 0 | f64 20 | gen 0.2s | dropped inexpr 12 oversz 0 unbuild 0 {}
 379     0     100               0     0.615687312     0.465393072      2.64238708      6.04868645    0.0727151627    0.0608615327
 379     1      50               0     0.615687335     0.465393118      2.64238686      6.04868612    0.0727151655    0.0608615387
          wgpu 1d 162g 304c x3w 66ms | egraph 24g->158v+0snap 14ms | graft 37 (-89n, 0 snap) cpu 0 | f64 20 | gen 0.3s | dropped inexpr 13 oversz 0 unbuild 0 {}
 380     0     100               0     0.615687312     0.465393072      2.64238708      6.04868645    0.0727151627    0.0608615327
 380     1      50               0     0.615687335     0.465393118      2.64238686      6.04868612    0.0727151655    0.0608615387
          wgpu 1d 150g 298c x3w 6ms | egraph 19g->152v+0snap 54ms | graft 26 (-69n, 0 snap) cpu 0 | f64 20 | gen 0.2s | dropped inexpr 10 oversz 0 unbuild 0 {}
--------- pump migration: intra (promote-2 + intake-reset) ---------
 381     0     100               0     0.615687312     0.465393072      2.64238708      6.04868645    0.0727151627    0.0608615327
 381     1      50               0     0.615687312     0.465393072      2.64238708      6.04868645    0.0727151627    0.0608615327
          wgpu 2d 353g 446c x3w 12ms | egraph 98g->220v+0snap 49ms | graft 68 (-262n, 0 snap) cpu 0 | f64 30 | gen 0.2s | dropped inexpr 14 oversz 0 unbuild 0 {}
 382     0     100               0     0.615687312     0.465393072      2.64238708      6.04868645    0.0727151627    0.0608615327
 382     1      50               0     0.615687312     0.465393072      2.64238708      6.04868645    0.0727151627    0.0608615327
          wgpu 1d 163g 306c x3w 7ms | egraph 23g->160v+0snap 23ms | graft 44 (-119n, 0 snap) cpu 0 | f64 20 | gen 0.2s | dropped inexpr 9 oversz 0 unbuild 0 {}
 383     0     100               0     0.615687312     0.465393072      2.64238708      6.04868645    0.0727151627    0.0608615327
 383     1      50               0     0.615687312     0.465393072      2.64238708      6.04868645    0.0727151627    0.0608615327
          wgpu 1d 151g 306c x3w 7ms | egraph 16g->160v+0snap 11ms | graft 33 (-95n, 0 snap) cpu 0 | f64 20 | gen 0.2s | dropped inexpr 9 oversz 0 unbuild 0 {}
 384     0     100               0     0.615687312     0.465393072      2.64238708      6.04868645    0.0727151627    0.0608615327
 384     1      50               0     0.615687312     0.465393072      2.64238708      6.04868645    0.0727151627    0.0608615327
          wgpu 1d 160g 312c x3w 6ms | egraph 21g->166v+0snap 17ms | graft 40 (-104n, 0 snap) cpu 0 | f64 20 | gen 0.3s | dropped inexpr 12 oversz 0 unbuild 0 {}
 385     0     100               0     0.615687312     0.465393072      2.64238708      6.04868645    0.0727151627    0.0608615327
 385     1      50               0     0.615687312     0.465393072      2.64238708      6.04868645    0.0727151627    0.0608615327
          wgpu 1d 142g 292c x3w 6ms | egraph 16g->146v+0snap 46ms | graft 33 (-95n, 0 snap) cpu 0 | f64 20 | gen 0.2s | dropped inexpr 5 oversz 0 unbuild 0 {}
 386     0     100               0     0.615687312     0.465393072      2.64238708      6.04868645    0.0727151627    0.0608615327
 386     1      50               0     0.615687312     0.465393072      2.64238708      6.04868645    0.0727151627    0.0608615327
          wgpu 1d 154g 299c x3w 18ms | egraph 23g->153v+0snap 16ms | graft 35 (-107n, 0 snap) cpu 0 | f64 20 | gen 0.2s | dropped inexpr 12 oversz 0 unbuild 0 {}
 387     0     100               0     0.615687312     0.465393072      2.64238708      6.04868645    0.0727151627    0.0608615327
 387     1      50               0     0.615687312     0.465393072      2.64238708      6.04868645    0.0727151627    0.0608615327
          wgpu 1d 164g 317c x3w 16ms | egraph 25g->171v+0snap 16ms | graft 42 (-105n, 0 snap) cpu 0 | f64 20 | gen 0.2s | dropped inexpr 15 oversz 0 unbuild 0 {}
 388     0     100               0     0.615687312     0.465393072      2.64238708      6.04868645    0.0727151627    0.0608615327
 388     1      50               0     0.615687312     0.465393072      2.64238708      6.04868645    0.0727151627    0.0608615327
          wgpu 1d 166g 303c x3w 6ms | egraph 18g->157v+0snap 8ms | graft 43 (-124n, 0 snap) cpu 0 | f64 20 | gen 0.2s | dropped inexpr 8 oversz 0 unbuild 0 {}
 389     0     100               0     0.615687312     0.465393072      2.64238708      6.04868645    0.0727151627    0.0608615327
 389     1      50               0     0.615687312     0.465393072      2.64238708      6.04868645    0.0727151627    0.0608615327
          wgpu 1d 154g 297c x3w 8ms | egraph 25g->151v+0snap 24ms | graft 38 (-114n, 0 snap) cpu 0 | f64 20 | gen 0.2s | dropped inexpr 15 oversz 0 unbuild 0 {}
 390     0     100               0     0.615687312     0.465393072      2.64238708      6.04868645    0.0727151627    0.0608615327
 390     1      50               0     0.615687312     0.465393072      2.64238708      6.04868645    0.0727151627    0.0608615327
          wgpu 1d 168g 313c x3w 6ms | egraph 28g->167v+0snap 14ms | graft 41 (-124n, 0 snap) cpu 0 | f64 20 | gen 0.2s | dropped inexpr 15 oversz 0 unbuild 0 {}
--------- pump migration: intra (promote-2 + intake-reset) + cross ---------
 391     0     100               0     0.615687312     0.465393072      2.64238708      6.04868645    0.0727151627    0.0608615327
 391     1      50               0     0.615687312     0.465393072      2.64238708      6.04868645    0.0727151627    0.0608615327
          wgpu 2d 367g 452c x3w 12ms | egraph 96g->226v+0snap 61ms | graft 80 (-202n, 0 snap) cpu 0 | f64 30 | gen 0.2s | dropped inexpr 15 oversz 0 unbuild 0 {}
--------- pump migration: cross-class ---------
 392     0     100               0     0.615687312     0.465393072      2.64238708      6.04868645    0.0727151627    0.0608615327
 392     1      50               0     0.615687335     0.465393118      2.64238686      6.04868612    0.0727151655    0.0608615387
          wgpu 2d 369g 431c x3w 14ms | egraph 100g->205v+0snap 44ms | graft 73 (-234n, 0 snap) cpu 0 | f64 30 | gen 0.2s | dropped inexpr 11 oversz 0 unbuild 0 {}
--------- pump migration: cross-class ---------
 393     0     100               0     0.615687312     0.465393072      2.64238708      6.04868645    0.0727151627    0.0608615327
 393     1      50               0     0.615687312     0.465393072      2.64238708      6.04868645    0.0727151627    0.0608615327
          wgpu 2d 361g 439c x3w 42ms | egraph 89g->213v+0snap 85ms | graft 87 (-262n, 0 snap) cpu 0 | f64 30 | gen 0.3s | dropped inexpr 5 oversz 0 unbuild 0 {}
--------- pump migration: cross-class ---------
 394     0     100               0     0.615687312     0.465393072      2.64238708      6.04868645    0.0727151627    0.0608615327
 394     1      50               0     0.615687335     0.465393118      2.64238686      6.04868612    0.0727151655    0.0608615387
          wgpu 2d 334g 431c x3w 13ms | egraph 73g->205v+0snap 42ms | graft 80 (-229n, 0 snap) cpu 0 | f64 30 | gen 0.2s | dropped inexpr 14 oversz 0 unbuild 0 {}
--------- pump migration: cross-class ---------
 395     0     100               0     0.615687312     0.465393072      2.64238708      6.04868645    0.0727151627    0.0608615327
 395     1      50               0     0.615687335     0.465393118      2.64238686      6.04868612    0.0727151655    0.0608615387
          wgpu 2d 353g 438c x3w 12ms | egraph 94g->212v+0snap 79ms | graft 80 (-243n, 0 snap) cpu 0 | f64 30 | gen 0.2s | dropped inexpr 15 oversz 0 unbuild 0 {}
--------- pump migration: cross-class ---------
 396     0     100               0     0.615687312     0.465393072      2.64238708      6.04868645    0.0727151627    0.0608615327
 396     1      50               0     0.615687312     0.465393072      2.64238708      6.04868645    0.0727151627    0.0608615327
          wgpu 2d 378g 454c x3w 13ms | egraph 114g->228v+0snap 122ms | graft 84 (-237n, 0 snap) cpu 0 | f64 30 | gen 0.3s | dropped inexpr 19 oversz 0 unbuild 0 {}
--------- pump migration: cross-class ---------
 397     0     100               0     0.615687312     0.465393072      2.64238708      6.04868645    0.0727151627    0.0608615327
 397     1      50               0     0.615687335     0.465393118      2.64238686      6.04868612    0.0727151655    0.0608615387
          wgpu 2d 374g 455c x3w 60ms | egraph 105g->229v+0snap 64ms | graft 92 (-211n, 0 snap) cpu 0 | f64 30 | gen 0.2s | dropped inexpr 6 oversz 0 unbuild 0 {}
--------- pump migration: cross-class ---------
 398     0     100               0      4.04193263      3.62471557      6.50128755       60.094428     0.477368599      0.47402026
 398     1      50               0     0.615687335     0.465393118      2.64238686      6.04868612    0.0727151655    0.0608615387
          wgpu 2d 388g 434c x3w 19ms | egraph 101g->208v+0snap 62ms | graft 76 (-250n, 0 snap) cpu 0 | f64 30 | gen 0.2s | dropped inexpr 15 oversz 0 unbuild 0 {}
--------- pump migration: cross-class ---------
 399     0     100               0     0.615687312     0.465393072      2.64238708      6.04868645    0.0727151627    0.0608615327
 399     1      50               0     0.615687335     0.465393118      2.64238686      6.04868612    0.0727151655    0.0608615387
          wgpu 2d 377g 435c x3w 16ms | egraph 99g->209v+0snap 57ms | graft 76 (-275n, 0 snap) cpu 0 | f64 30 | gen 0.2s | dropped inexpr 10 oversz 0 unbuild 0 {}
--------- pump migration: cross-class ---------
 400     0     100               0      1.43338306      1.26481362      4.66323373      16.8087698     0.169288339     0.165405332
 400     1      50               0     0.615687335     0.465393118      2.64238686      6.04868612    0.0727151655    0.0608615387
          wgpu 2d 355g 421c x3w 22ms | egraph 83g->191v+4snap 59ms | graft 77 (-238n, 0 snap) cpu 0 | f64 30 | gen 0.2s | dropped inexpr 7 oversz 0 unbuild 0 {}
--------- pump migration: intra (promote-2 + intake-reset) + cross ---------

This sub-run: 2026-09-19 06:10:12.487895 → 2026-09-19 06:11:44.176918
Now at generation 400 (HOF size: 30)
[join] 450 dispatches, 78,540 genes, 316,392 candidates scored in 2.96s GPU+host; e-graph 18,897 trees -> 42,981 variants + 13 snaps in 7.91s; 17,157 grafts (6 snap), 51,317 nodes removed; cpu-path individuals 0, f64-rejected 0, snaps refused for naming an input 0
[join]   inexpressible:   8479  no pset token for semantic id "div" with arity 2
[join]   inexpressible:    307  no pset token for semantic id "pow" with arity 2
[join]   inexpressible:    144  no pset token for semantic id "sqrt" with arity 1
  HFF-chosen LSM kept: a=16.7795, b=5.21691
Chromosome wrapper: id=0  →  identity
hof[0] runtime val: mse=7.095e-01  R²=0.907216
Pre-snap expression (after sympify + LSM compose):
  0.685868922743674*I1 + 5.59315508819673*cos(delta) + 5.21691224151881 - 3.45250292976223/I2

Per-level snap results (before MSE scoring):
  strict      →  0.685868922743674*I1 + 5.59315508819673*cos(delta) + 5.21691224151881 - 3.45250292976223/I2
  default     →  0.685868922743674*I1 + 5.59315508819673*cos(delta) + 5.21691224151881 - 3.45250292976223/I2
  aggressive  →  E*I1/4 + 5.54297507866667*cos(delta) + 5.21691224151881 - 3.45250292976223/I2

Snap-level comparison (sorted by holdout MSE, lowest first)
------------------------------------------------------------------------------------------
  level       MSE            R²         expression                                        
------------------------------------------------------------------------------------------
★ strict      0.7316         0.9162     0.685868922743674*I1 + 5.59315508819673*cos(delta)
  default     0.7316         0.9162     0.685868922743674*I1 + 5.59315508819673*cos(delta)
  aggressive  0.7342         0.9159     E*I1/4 + 5.54297507866667*cos(delta) + 5.216912241

Winning snap level: 'strict'  →  0.685868922743674*I1 + 5.59315508819673*cos(delta) + 5.21691224151881 - 3.45250292976223/I2

Canonical discovered expression: 0.685868922743674*I1 + 5.59315508819673*cos(delta) + 5.21691224151881 - 3.45250292976223/I2
[38;2;0;50;255m
############################################################ [38;2;255;255;255m
[38;2;0;50;255m Equation Recovery: I_37_4 [38;2;255;255;255m
[38;2;0;50;255m Truth: I1+I2+2*sqrt(I1*I2)*cos(delta) [38;2;255;255;255m
[38;2;0;50;255m [38;2;255;255;255m
[38;2;255;0;255m     Exact recovery     : False [38;2;255;255;255m
[38;2;255;0;255m     Numerical recovery : False (max rel_err 1.80e+03 on 10k samples) [38;2;255;255;255m
[38;2;255;0;255m     Discovered         : 0.685868922743674*I1 + 5.59315508819673*cos(delta) + 5.21691224151881 - 3.45250292976223/I2 [38;2;255;255;255m
[38;2;255;0;255m     LSM (a, b)         : (16.7795, 5.21691) [38;2;255;255;255m
[38;2;0;50;255m
############################################################ [38;2;255;255;255m
In-range holdout : MSE=0.7316  MAE=0.662  R²=0.9162
Extrapolation    : MSE=9.542  MAE=2.113  R²=0.7604

Top 10 HOF models (north_pole=truenorth) (★ = Pareto-optimal)
(deduped HOF: 3 unique chromosomes from 30 raw HOF entries)
 ----------------------------------------------------------------------------------------------------------------
       model     wrapper      length   train_mse     val_mse     max_err    train_r2      val_r2 angular_distance
 ----------------------------------------------------------------------------------------------------------------
★           0    identity          10      0.7785      0.7095      2.9138      0.9081      0.9072      0.0000
           27    identity          10      0.7785      0.7095      2.9138      0.9081      0.9072      0.0000
           29    identity          10      1.4334      1.2648      4.6632      0.8307      0.8346      1.5708

Pareto-optimal in top 3: 1    Pareto-optimal in full HOF: 1 / 3

Recovery sweep across 3/3 unique HOF chromosomes (capped):
  Structural / exact     : 0/3  (0.0%)
  Numerical (≤1e-6 err)  : 0/3  (0.0%)
{
    "date": "2026/09/19",
    "seed": "5",
    "task": "equation_recovery",
    "north_pole_method": "truenorth",
    "hff_include_val": true,
    "problem": "I_37_4",
    "truth_expr": "I1+I2+2*sqrt(I1*I2)*cos(delta)",
    "final_terminal_inputs": [
        "I1",
        "I2",
        "delta"
    ],
    "wide_primitives": true,
    "head_length": "48",
    "n_genes": "3",
    "rnc_array_length": "10",
    "tournament size": "intake=8, champion=5",
    "population size": "150",
    "population per island": "intake=100, champion=50",
    "gpu_join": true,
    "eclass_k": 8,
    "number of elites": "2",
    "number of generations": "400",
    "number of islands": "2",
    "migration FREQ": "30",
    "wrapper_id": 0,
    "wrapper_name": "identity",
    "recovery_exact": false,
    "recovery_numerical": false,
    "recovery_max_rel_err": 1802.9312956303916,
    "discovered_expr": "0.685868922743674*I1 + 5.59315508819673*cos(delta) + 5.21691224151881 - 3.45250292976223/I2",
    "holdout_mse": 0.7316360398718615,
    "holdout_r2": 0.9162006876717166,
    "extrap_mse": 9.541541094189306,
    "extrap_r2": 0.7604422477109878,
    "hof_size": 3,
    "hof_exact_recoveries": 0,
    "hof_numerical_recoveries": 0
}
