/opt/anaconda3/lib/python3.12/site-packages/geppy/__init__.py:26: UserWarning: pkg_resources is deprecated as an API. See https://setuptools.pypa.io/en/latest/pkg_resources.html. The pkg_resources package is slated for removal as early as 2025-11-30. Refrain from using this package or pin to Setuptools<81.
  from pkg_resources import get_distribution, DistributionNotFound
hff library OK (test fitness: (0.1415394733244273,))
registry: ['circle_area', 'gravity', 'coulomb', 'pendulum', 'keplers3', 'ideal_gas', 'I_6_2a', 'I_6_2', 'I_6_2b', 'I_8_14', 'I_9_18', 'I_10_7', 'I_11_19', 'I_12_1', 'I_12_2', 'I_12_4', 'I_12_5', 'I_12_11', 'I_13_4', 'I_13_12', 'I_14_3', 'I_14_4', 'I_15_3x', 'I_15_3t', 'I_15_1', 'I_16_6', 'I_18_4', 'I_18_12', 'I_18_14', 'I_24_6', 'I_25_13', 'I_26_2', 'I_27_6', 'I_29_4', 'I_29_16', 'I_30_3', 'I_30_5', 'I_32_5', 'I_32_17', 'I_34_8', 'I_34_1', 'I_34_14', 'I_34_27', 'I_37_4', 'I_38_12', 'I_39_1', 'I_39_11', 'I_39_22', 'I_40_1', 'I_41_16', 'I_43_16', 'I_43_31', 'I_43_43', 'I_44_4', 'I_47_23', 'I_48_2', 'I_50_26', 'II_2_42', 'II_3_24', 'II_4_23', 'II_6_11', 'II_6_15a', 'II_6_15b', 'II_8_7', 'II_8_31', 'II_10_9', 'II_11_3', 'II_11_17', 'II_11_20', 'II_11_27', 'II_11_28', 'II_13_17', 'II_13_23', 'II_13_34', 'II_15_4', 'II_15_5', 'II_21_32', 'II_24_17', 'II_27_16', 'II_27_18', 'II_34_2a', 'II_34_2', 'II_34_11', 'II_34_29a', 'II_34_29b', 'II_35_18', 'II_35_21', 'II_36_38', 'II_37_1', 'II_38_3', 'II_38_14', 'III_4_32', 'III_4_33', 'III_7_38', 'III_8_54', 'III_9_52', 'III_10_19', 'III_12_43', 'III_13_18', 'III_14_14', 'III_15_12', 'III_15_14', 'III_15_27', 'III_17_37', 'III_19_51', 'III_21_20', 'test_1', 'test_2', 'test_3', 'test_4', 'test_5', 'test_6', 'test_7', 'test_8', 'test_9', 'test_10', 'test_11', 'test_12', 'test_13', 'test_14', 'test_15', 'test_16', 'test_17', 'test_18', 'test_19', 'test_20']
[feynman override] head_length=48 (keep n_genes=3, avgval linker)
Selected problem: I_38_12
  Description : Feynman I-III I.38.12: r = 4*pi*epsilon*(h/(2*pi))**2/(m*q**2)
  Variables   : ['m', 'q', 'h', 'epsilon']
  Train range : {'m': (1.0, 5.0), 'q': (1.0, 5.0), 'h': (1.0, 5.0), 'epsilon': (1.0, 5.0)}
  Extrap range: {'m': (1.0, 7.5), 'q': (1.0, 7.5), 'h': (1.0, 7.5), 'epsilon': (1.0, 7.5)}
  Truth       : 4*pi*epsilon*(h/(2*pi))**2/(m*q**2)
  ✓ cache hit  (data/equations/I_38_12, key=89a4bc326e0a606a)
  train           (800, 5)  target range=[0.007333, 14.68]
  val             (200, 5)  target range=[0.0105, 10.64]
  holdout         (200, 5)  target range=[0.008581, 10.65]
  extrapolation   (200, 5)  target range=[0.005139, 43.45]
  saved figure → data/figures/I_38_12/eda_pairplot.png
Wide primitive set enabled: sin, cos, exp, log added.
[E22 rules] variable pattern tags: {'no_pattern'}
[E22/23 rules] static candidate count: 1
[E22/23 rules] allowed to take a fitness slot (exact): 0
  [sum_sq_all/sum_sq] a=-0.0055 b=1.0128e+00 1-R²_va=1.0028e+00
[fuller] denoise + snap IN THE JOIN (every gene, every generation, K=8); mutation operators: physics=0.2 concretize=0.05
Wrapper scope: per_island  (island → wrapper map: ['identity', 'identity'])
[wgpu] process pool disabled — Metal cannot survive fork(); the population is evaluated in one dispatch instead
Genes: head_length=48, n_genes=3, rnc_array_length=10
Population: (per-island, see below), elites: 2, generations: 400, migration FREQ: 30
  pump per-island sizes: intake=100 (tournsize=8), champion=50 (tournsize=5)
Initialising evolution at 2026-09-19 06:10:14.719247
 gen  deme   evals     min fitness          mse_tr          mse_va         max_err      mse_extrap  one_minus_r2_tr  one_minus_r2_va
   0     0     100     0.195262079      1.34020821     0.923875764      7.58632556      12.0708389     0.529733354     0.582556122
   0     1      50  0.000179647494      1.71190282      1.09145525      7.91659031      17.0345193     0.676650102     0.688224503
          wgpu 1d 325g 296c x3w 10ms | egraph 187g->146v+0snap 70ms | graft 60 (-176n, 0 snap) cpu 0 | f64 30 | gen 0.0s | dropped inexpr 5 oversz 0 unbuild 0 {}
Extending evolution: gen 1 → 400 (+400 generations)
   1     0     100     0.195262079      1.34020821     0.923875764      7.58632556      12.0708389     0.529733354     0.582556122
   1     1      50               0      1.64374042     0.997202367      6.93947291      16.6115032     0.649708095     0.628792708
          wgpu 1d 130g 209c x3w 4ms | egraph 55g->63v+0snap 13ms | graft 34 (-81n, 0 snap) cpu 0 | f64 28 | gen 0.2s | dropped inexpr 8 oversz 0 unbuild 0 {}
   2     0     100    0.0992964199      1.25292438     0.946199242      6.92019675      13.1915577     0.495233374     0.596632342
   2     1      50               0      1.64374042     0.997202367      6.93947291      16.6115032     0.649708095     0.628792708
          wgpu 1d 104g 186c x3w 6ms | egraph 45g->40v+0snap 10ms | graft 25 (-83n, 0 snap) cpu 0 | f64 37 | gen 0.3s | dropped inexpr 2 oversz 0 unbuild 0 {}
   3     0     100    0.0667765402       1.2784423     0.801540412      7.10352841      12.4970411     0.505319636     0.505416737
   3     1      50               0      1.64374042     0.997202367      6.93947291      16.6115032     0.649708095     0.628792708
          wgpu 1d 117g 198c x3w 4ms | egraph 43g->52v+0snap 10ms | graft 28 (-73n, 0 snap) cpu 0 | f64 34 | gen 0.2s
   4     0     100    0.0667765402       1.2784423     0.801540412      7.10352841      12.4970411     0.505319636     0.505416737
   4     1      50               0      1.64374042     0.997202367      6.93947291      16.6115032     0.649708095     0.628792708
          wgpu 1d 108g 194c x3w 3ms | egraph 44g->48v+0snap 10ms | graft 29 (-86n, 0 snap) cpu 0 | f64 38 | gen 0.3s
   5     0     100      0.01486483      1.00746482     0.694906889      5.38150006      9.35932563     0.398212541     0.438178247
   5     1      50               0      1.64374042     0.997202367      6.93947291      16.6115032     0.649708095     0.628792708
          wgpu 1d 141g 206c x3w 4ms | egraph 58g->60v+0snap 13ms | graft 38 (-120n, 0 snap) cpu 0 | f64 20 | gen 0.3s
   6     0     100      0.01486483      1.00746482     0.694906889      5.38150006      9.35932563     0.398212541     0.438178247
   6     1      50               0      1.64374042     0.997202341      6.93947278      16.6115032     0.649708095     0.628792691
          wgpu 1d 108g 190c x3w 3ms | egraph 41g->44v+0snap 9ms | graft 25 (-94n, 0 snap) cpu 0 | f64 20 | gen 0.2s
   7     0     100      0.01486483      1.00746482     0.694906889      5.38150006      9.35932563     0.398212541     0.438178247
   7     1      50               0      1.64374042     0.997202341      6.93947278      16.6115032     0.649708095     0.628792691
          wgpu 1d 100g 183c x3w 4ms | egraph 29g->37v+0snap 6ms | graft 24 (-64n, 0 snap) cpu 0 | f64 20 | gen 0.2s
   8     0     100      0.01486483      1.00746482     0.694906889      5.38150006      9.35932563     0.398212541     0.438178247
   8     1      50               0      1.64374042     0.997202341      6.93947278      16.6115032     0.649708095     0.628792691
          wgpu 1d 90g 187c x3w 3ms | egraph 30g->41v+0snap 13ms | graft 22 (-81n, 0 snap) cpu 0 | f64 20 | gen 0.2s
   9     0     100   0.00901102454       0.7302194     0.401345574      4.50779563      17.0253647     0.288627968     0.253071171
   9     1      50               0      1.64374042     0.997202341      6.93947278      16.6115032     0.649708095     0.628792691
          wgpu 1d 96g 192c x3w 4ms | egraph 28g->46v+0snap 7ms | graft 32 (-91n, 0 snap) cpu 0 | f64 20 | gen 0.2s
  10     0     100   0.00901102454       0.7302194     0.401345574      4.50779563      17.0253647     0.288627968     0.253071171
  10     1      50               0      1.64374042     0.997202341      6.93947278      16.6115032     0.649708095     0.628792691
          wgpu 1d 113g 201c x3w 3ms | egraph 31g->55v+0snap 7ms | graft 35 (-102n, 0 snap) cpu 0 | f64 20 | gen 0.2s
--------- pump migration: intra (promote-2 + intake-reset) ---------
  11     0     100   0.00901102454       0.7302194     0.401345574      4.50779563      17.0253647     0.288627968     0.253071171
  11     1      50               0      1.61152546     0.977407812      6.74362997      16.4216397     0.636974747     0.616311117
          wgpu 2d 301g 367c x3w 8ms | egraph 123g->141v+0snap 51ms | graft 69 (-181n, 0 snap) cpu 0 | f64 30 | gen 0.2s | dropped inexpr 4 oversz 0 unbuild 0 {}
  12     0     100   0.00901102454       0.7302194     0.401345574      4.50779563      17.0253647     0.288627968     0.253071171
  12     1      50               0      1.61152546     0.977407812      6.74362997      16.4216397     0.636974747     0.616311117
          wgpu 1d 127g 205c x3w 11ms | egraph 29g->59v+0snap 9ms | graft 27 (-102n, 0 snap) cpu 0 | f64 20 | gen 0.2s
  13     0     100   0.00901102454       0.7302194     0.401345574      4.50779563      17.0253647     0.288627968     0.253071171
  13     1      50               0      1.61152546     0.977407812      6.74362997      16.4216397     0.636974747     0.616311117
          wgpu 1d 95g 184c x3w 3ms | egraph 26g->38v+0snap 9ms | graft 23 (-80n, 0 snap) cpu 0 | f64 20 | gen 0.2s
  14     0     100   0.00901102454       0.7302194     0.401345574      4.50779563      17.0253647     0.288627968     0.253071171
  14     1      50               0      1.61152546     0.977407812      6.74362997      16.4216397     0.636974747     0.616311117
          wgpu 1d 113g 194c x3w 4ms | egraph 28g->48v+0snap 10ms | graft 31 (-93n, 0 snap) cpu 0 | f64 20 | gen 0.2s
  15     0     100   0.00901102454       0.7302194     0.401345574      4.50779563      17.0253647     0.288627968     0.253071171
  15     1      50               0      1.61152546     0.977407812      6.74362997      16.4216397     0.636974747     0.616311117
          wgpu 1d 123g 202c x3w 4ms | egraph 32g->56v+0snap 14ms | graft 34 (-87n, 0 snap) cpu 0 | f64 20 | gen 0.2s
  16     0     100   0.00901102454       0.7302194     0.401345574      4.50779563      17.0253647     0.288627968     0.253071171
  16     1      50               0     0.941856163     0.480771895      4.58468156      15.6532808     0.372279934     0.303153975
          wgpu 1d 102g 192c x3w 3ms | egraph 28g->46v+0snap 7ms | graft 30 (-84n, 0 snap) cpu 0 | f64 20 | gen 0.2s
  17     0     100   0.00901102454       0.7302194     0.401345574      4.50779563      17.0253647     0.288627968     0.253071171
  17     1      50               0     0.941856163     0.480771895      4.58468156      15.6532808     0.372279934     0.303153975
          wgpu 1d 132g 200c x3w 4ms | egraph 41g->54v+0snap 8ms | graft 33 (-99n, 0 snap) cpu 0 | f64 20 | gen 0.2s
  18     0     100   0.00901102454       0.7302194     0.401345574      4.50779563      17.0253647     0.288627968     0.253071171
  18     1      50               0     0.941856163     0.480771895      4.58468156      15.6532808     0.372279934     0.303153975
          wgpu 1d 116g 194c x3w 3ms | egraph 32g->48v+0snap 8ms | graft 31 (-87n, 0 snap) cpu 0 | f64 20 | gen 0.2s
  19     0     100   0.00901102454       0.7302194     0.401345574      4.50779563      17.0253647     0.288627968     0.253071171
  19     1      50               0     0.941856163     0.480771895      4.58468156      15.6532808     0.372279934     0.303153975
          wgpu 1d 141g 204c x3w 4ms | egraph 49g->58v+0snap 11ms | graft 33 (-80n, 0 snap) cpu 0 | f64 20 | gen 0.3s | dropped inexpr 1 oversz 0 unbuild 0 {}
  20     0     100   0.00901102454       0.7302194     0.401345574      4.50779563      17.0253647     0.288627968     0.253071171
  20     1      50               0     0.941856163     0.480771895      4.58468156      15.6532808     0.372279934     0.303153975
          wgpu 1d 119g 201c x3w 3ms | egraph 36g->55v+0snap 18ms | graft 34 (-80n, 0 snap) cpu 0 | f64 20 | gen 0.2s
--------- pump migration: intra (promote-2 + intake-reset) ---------
  21     0     100   0.00901102454       0.7302194     0.401345574      4.50779563      17.0253647     0.288627968     0.253071171
  21     1      50               0     0.941856163     0.480771895      4.58468156      15.6532808     0.372279934     0.303153975
          wgpu 2d 345g 421c x3w 8ms | egraph 118g->195v+0snap 36ms | graft 73 (-209n, 0 snap) cpu 0 | f64 30 | gen 0.2s | dropped inexpr 1 oversz 0 unbuild 0 {}
  22     0     100   0.00901102454       0.7302194     0.401345574      4.50779563      17.0253647     0.288627968     0.253071171
  22     1      50               0     0.941856163     0.480771895      4.58468156      15.6532808     0.372279934     0.303153975
          wgpu 1d 116g 192c x3w 3ms | egraph 29g->46v+0snap 6ms | graft 24 (-50n, 0 snap) cpu 0 | f64 20 | gen 0.2s
  23     0     100   0.00901102454       0.7302194     0.401345574      4.50779563      17.0253647     0.288627968     0.253071171
  23     1      50               0     0.941856163     0.480771895      4.58468156      15.6532808     0.372279934     0.303153975
          wgpu 1d 124g 191c x3w 3ms | egraph 41g->45v+0snap 10ms | graft 30 (-74n, 0 snap) cpu 0 | f64 20 | gen 0.2s
  24     0     100   0.00901102454       0.7302194     0.401345574      4.50779563      17.0253647     0.288627968     0.253071171
  24     1      50               0     0.782345088     0.448857703      4.42166386      15.4845454      0.30923127     0.283030265
          wgpu 1d 133g 203c x3w 4ms | egraph 30g->57v+0snap 7ms | graft 33 (-78n, 0 snap) cpu 0 | f64 20 | gen 0.2s
  25     0     100   0.00901102454       0.7302194     0.401345574      4.50779563      17.0253647     0.288627968     0.253071171
  25     1      50               0     0.782345088     0.448857703      4.42166386      15.4845454      0.30923127     0.283030265
          wgpu 1d 131g 203c x3w 5ms | egraph 37g->57v+0snap 39ms | graft 31 (-93n, 0 snap) cpu 0 | f64 20 | gen 0.3s
  26     0     100   0.00901102454       0.7302194     0.401345574      4.50779563      17.0253647     0.288627968     0.253071171
  26     1      50               0     0.782345088     0.448857703      4.42166386      15.4845454      0.30923127     0.283030265
          wgpu 1d 126g 201c x3w 4ms | egraph 26g->55v+0snap 8ms | graft 32 (-97n, 0 snap) cpu 0 | f64 20 | gen 0.2s
  27     0     100   0.00901102454       0.7302194     0.401345574      4.50779563      17.0253647     0.288627968     0.253071171
  27     1      50               0     0.782345088     0.448857703      4.42166386      15.4845454      0.30923127     0.283030265
          wgpu 1d 133g 204c x3w 4ms | egraph 29g->58v+0snap 8ms | graft 33 (-127n, 0 snap) cpu 0 | f64 20 | gen 0.2s
  28     0     100   0.00901102454       0.7302194     0.401345574      4.50779563      17.0253647     0.288627968     0.253071171
  28     1      50               0     0.782345088     0.448857703      4.42166386      15.4845454      0.30923127     0.283030265
          wgpu 1d 101g 184c x3w 3ms | egraph 22g->38v+0snap 6ms | graft 25 (-73n, 0 snap) cpu 0 | f64 20 | gen 0.2s
  29     0     100   0.00901102454       0.7302194     0.401345574      4.50779563      17.0253647     0.288627968     0.253071171
  29     1      50               0     0.782345088     0.448857703      4.42166386      15.4845454      0.30923127     0.283030265
          wgpu 1d 124g 200c x3w 7ms | egraph 32g->54v+0snap 10ms | graft 25 (-67n, 0 snap) cpu 0 | f64 20 | gen 0.2s
  30     0     100   0.00901102454       0.7302194     0.401345574      4.50779563      17.0253647     0.288627968     0.253071171
  30     1      50               0     0.782345088     0.448857703      4.42166386      15.4845454      0.30923127     0.283030265
          wgpu 1d 129g 196c x3w 4ms | egraph 35g->50v+0snap 9ms | graft 32 (-85n, 0 snap) cpu 0 | f64 20 | gen 0.2s
--------- pump migration: intra (promote-2 + intake-reset) ---------
  31     0     100   0.00901102454       0.7302194     0.401345574      4.50779563      17.0253647     0.288627968     0.253071171
  31     1      50               0     0.782345088     0.448857703      4.42166386      15.4845454      0.30923127     0.283030265
          wgpu 2d 288g 339c x3w 7ms | egraph 96g->113v+0snap 22ms | graft 58 (-195n, 0 snap) cpu 0 | f64 30 | gen 0.2s | dropped inexpr 1 oversz 0 unbuild 0 {}
  32     0     100   0.00901102454       0.7302194     0.401345574      4.50779563      17.0253647     0.288627968     0.253071171
  32     1      50               0     0.782345088     0.448857703      4.42166386      15.4845454      0.30923127     0.283030265
          wgpu 1d 114g 196c x3w 4ms | egraph 23g->50v+0snap 8ms | graft 29 (-73n, 0 snap) cpu 0 | f64 20 | gen 0.2s
  33     0     100   0.00901102454       0.7302194     0.401345574      4.50779563      17.0253647     0.288627968     0.253071171
  33     1      50               0     0.782345088     0.448857703      4.42166386      15.4845454      0.30923127     0.283030265
          wgpu 1d 124g 204c x3w 4ms | egraph 31g->58v+0snap 16ms | graft 36 (-94n, 0 snap) cpu 0 | f64 20 | gen 0.2s
  34     0     100   0.00901102454       0.7302194     0.401345574      4.50779563      17.0253647     0.288627968     0.253071171
  34     1      50               0     0.782345088     0.448857703      4.42166386      15.4845454      0.30923127     0.283030265
          wgpu 1d 145g 216c x3w 5ms | egraph 39g->70v+0snap 10ms | graft 38 (-134n, 0 snap) cpu 0 | f64 20 | gen 0.2s
  35     0     100   0.00901102454       0.7302194     0.401345574      4.50779563      17.0253647     0.288627968     0.253071171
  35     1      50               0     0.782345088     0.448857703      4.42166386      15.4845454      0.30923127     0.283030265
          wgpu 1d 114g 199c x3w 4ms | egraph 29g->53v+0snap 10ms | graft 30 (-80n, 0 snap) cpu 0 | f64 20 | gen 0.3s
  36     0     100   0.00901102454       0.7302194     0.401345574      4.50779563      17.0253647     0.288627968     0.253071171
  36     1      50               0     0.782345088     0.448857703      4.42166386      15.4845454      0.30923127     0.283030265
          wgpu 1d 103g 188c x3w 3ms | egraph 19g->42v+0snap 6ms | graft 24 (-95n, 0 snap) cpu 0 | f64 20 | gen 0.2s
  37     0     100   0.00901102454       0.7302194     0.401345574      4.50779563      17.0253647     0.288627968     0.253071171
  37     1      50               0     0.782345088     0.448857703      4.42166386      15.4845454      0.30923127     0.283030265
          wgpu 1d 106g 192c x3w 4ms | egraph 17g->46v+0snap 6ms | graft 31 (-95n, 0 snap) cpu 0 | f64 20 | gen 0.2s
  38     0     100   0.00901102454       0.7302194     0.401345574      4.50779563      17.0253647     0.288627968     0.253071171
  38     1      50               0     0.782345088     0.448857703      4.42166386      15.4845454      0.30923127     0.283030265
          wgpu 1d 112g 197c x3w 3ms | egraph 19g->51v+0snap 5ms | graft 28 (-81n, 0 snap) cpu 0 | f64 20 | gen 0.3s
  39     0     100   0.00901102454       0.7302194     0.401345574      4.50779563      17.0253647     0.288627968     0.253071171
  39     1      50               0     0.782345088     0.448857703      4.42166386      15.4845454      0.30923127     0.283030265
          wgpu 1d 127g 204c x3w 4ms | egraph 31g->58v+0snap 15ms | graft 37 (-121n, 0 snap) cpu 0 | f64 20 | gen 0.2s
  40     0     100   0.00901102454       0.7302194     0.401345574      4.50779563      17.0253647     0.288627968     0.253071171
  40     1      50               0     0.782345088     0.448857703      4.42166386      15.4845454      0.30923127     0.283030265
          wgpu 1d 116g 200c x3w 4ms | egraph 22g->54v+0snap 9ms | graft 32 (-114n, 0 snap) cpu 0 | f64 20 | gen 0.2s
--------- pump migration: intra (promote-2 + intake-reset) ---------
  41     0     100               0     0.622948817     0.437100084      4.15914944      14.6895553     0.246227984     0.275616419
  41     1      50               0     0.782345088     0.448857703      4.42166386      15.4845454      0.30923127     0.283030265
          wgpu 2d 385g 435c x3w 10ms | egraph 119g->209v+0snap 52ms | graft 83 (-357n, 0 snap) cpu 0 | f64 30 | gen 0.8s | dropped inexpr 4 oversz 0 unbuild 0 {}
  42     0     100               0     0.622948817     0.437100084      4.15914944      14.6895553     0.246227984     0.275616419
  42     1      50               0     0.782345088     0.448857703      4.42166386      15.4845454      0.30923127     0.283030265
          wgpu 1d 129g 201c x3w 4ms | egraph 33g->55v+0snap 10ms | graft 36 (-77n, 0 snap) cpu 0 | f64 20 | gen 0.2s
  43     0     100               0     0.622948976     0.437099943      4.15914965      14.6895557     0.246228047      0.27561633
  43     1      50               0     0.782345088     0.448857703      4.42166386      15.4845454      0.30923127     0.283030265
          wgpu 1d 141g 211c x3w 4ms | egraph 38g->65v+0snap 27ms | graft 34 (-91n, 0 snap) cpu 0 | f64 20 | gen 0.3s | dropped inexpr 2 oversz 0 unbuild 0 {}
  44     0     100               0     0.622948817     0.437100084      4.15914944      14.6895553     0.246227984     0.275616419
  44     1      50               0     0.782345088     0.448857703      4.42166386      15.4845454      0.30923127     0.283030265
          wgpu 1d 123g 211c x3w 4ms | egraph 33g->65v+0snap 27ms | graft 29 (-75n, 0 snap) cpu 0 | f64 20 | gen 0.2s
  45     0     100               0     0.622948817     0.437100084      4.15914944      14.6895553     0.246227984     0.275616419
  45     1      50               0     0.782345088     0.448857703      4.42166386      15.4845454      0.30923127     0.283030265
          wgpu 1d 116g 197c x3w 3ms | egraph 26g->51v+0snap 6ms | graft 25 (-85n, 0 snap) cpu 0 | f64 20 | gen 0.2s
  46     0     100               0     0.622948817     0.437100084      4.15914944      14.6895553     0.246227984     0.275616419
  46     1      50               0     0.782345088     0.448857703      4.42166386      15.4845454      0.30923127     0.283030265
          wgpu 1d 122g 202c x3w 4ms | egraph 30g->56v+0snap 11ms | graft 38 (-140n, 0 snap) cpu 0 | f64 20 | gen 0.2s
  47     0     100               0     0.622948817     0.437100084      4.15914944      14.6895553     0.246227984     0.275616419
  47     1      50               0     0.782345088     0.448857703      4.42166386      15.4845454      0.30923127     0.283030265
          wgpu 1d 103g 200c x3w 3ms | egraph 21g->54v+0snap 6ms | graft 32 (-79n, 0 snap) cpu 0 | f64 20 | gen 0.2s
  48     0     100               0     0.622948817     0.437100084      4.15914944      14.6895553     0.246227984     0.275616419
  48     1      50               0     0.782345088     0.448857703      4.42166386      15.4845454      0.30923127     0.283030265
          wgpu 1d 124g 197c x3w 4ms | egraph 29g->51v+0snap 10ms | graft 29 (-90n, 0 snap) cpu 0 | f64 20 | gen 0.2s
  49     0     100               0     0.622948817     0.437100084      4.15914944      14.6895553     0.246227984     0.275616419
  49     1      50               0     0.782345088     0.448857703      4.42166386      15.4845454      0.30923127     0.283030265
          wgpu 1d 112g 191c x3w 3ms | egraph 23g->45v+0snap 5ms | graft 31 (-88n, 0 snap) cpu 0 | f64 20 | gen 0.2s
  50     0     100               0     0.622948817     0.437100084      4.15914944      14.6895553     0.246227984     0.275616419
  50     1      50               0     0.782345088     0.448857703      4.42166386      15.4845454      0.30923127     0.283030265
          wgpu 1d 106g 195c x3w 8ms | egraph 21g->49v+0snap 6ms | graft 34 (-97n, 0 snap) cpu 0 | f64 20 | gen 0.2s
--------- pump migration: intra (promote-2 + intake-reset) ---------
  51     0     100               0     0.622948817     0.437100084      4.15914944      14.6895553     0.246227984     0.275616419
  51     1      50               0     0.782345088     0.448857703      4.42166386      15.4845454      0.30923127     0.283030265
          wgpu 2d 322g 368c x3w 17ms | egraph 108g->142v+0snap 33ms | graft 65 (-196n, 0 snap) cpu 0 | f64 30 | gen 0.2s | dropped inexpr 5 oversz 0 unbuild 0 {}
  52     0     100               0     0.622948817     0.437100084      4.15914944      14.6895553     0.246227984     0.275616419
  52     1      50               0     0.782345088     0.448857703      4.42166386      15.4845454      0.30923127     0.283030265
          wgpu 1d 89g 195c x3w 6ms | egraph 13g->49v+0snap 4ms | graft 27 (-72n, 0 snap) cpu 0 | f64 20 | gen 0.2s
  53     0     100               0     0.622948817     0.437100084      4.15914944      14.6895553     0.246227984     0.275616419
  53     1      50               0     0.782345088     0.448857703      4.42166386      15.4845454      0.30923127     0.283030265
          wgpu 1d 117g 193c x3w 4ms | egraph 28g->47v+0snap 7ms | graft 28 (-82n, 0 snap) cpu 0 | f64 20 | gen 0.2s
  54     0     100               0     0.622948817     0.437100084      4.15914944      14.6895553     0.246227984     0.275616419
  54     1      50               0     0.782345088     0.448857703      4.42166386      15.4845454      0.30923127     0.283030265
          wgpu 1d 108g 188c x3w 4ms | egraph 20g->42v+0snap 7ms | graft 28 (-78n, 0 snap) cpu 0 | f64 20 | gen 0.2s | dropped inexpr 1 oversz 0 unbuild 0 {}
  55     0     100               0     0.622948817     0.437100084      4.15914944      14.6895553     0.246227984     0.275616419
  55     1      50               0     0.782345088     0.448857703      4.42166386      15.4845454      0.30923127     0.283030265
          wgpu 1d 98g 191c x3w 3ms | egraph 12g->45v+0snap 4ms | graft 29 (-84n, 0 snap) cpu 0 | f64 20 | gen 0.2s
  56     0     100               0     0.622948817     0.437100084      4.15914944      14.6895553     0.246227984     0.275616419
  56     1      50               0     0.782345088     0.448857703      4.42166386      15.4845454      0.30923127     0.283030265
          wgpu 1d 91g 185c x3w 3ms | egraph 17g->39v+0snap 5ms | graft 24 (-71n, 0 snap) cpu 0 | f64 20 | gen 0.2s
  57     0     100               0     0.622948817     0.437100084      4.15914944      14.6895553     0.246227984     0.275616419
  57     1      50               0     0.782345088     0.448857703      4.42166386      15.4845454      0.30923127     0.283030265
          wgpu 1d 95g 178c x3w 16ms | egraph 16g->32v+0snap 4ms | graft 17 (-37n, 0 snap) cpu 0 | f64 20 | gen 0.2s
  58     0     100               0     0.622948817     0.437100084      4.15914944      14.6895553     0.246227984     0.275616419
  58     1      50               0     0.782345088     0.448857703      4.42166386      15.4845454      0.30923127     0.283030265
          wgpu 1d 108g 187c x3w 3ms | egraph 26g->41v+0snap 6ms | graft 25 (-88n, 0 snap) cpu 0 | f64 20 | gen 0.2s
  59     0     100               0     0.622948817     0.437100084      4.15914944      14.6895553     0.246227984     0.275616419
  59     1      50               0     0.782345088     0.448857703      4.42166386      15.4845454      0.30923127     0.283030265
          wgpu 1d 108g 199c x3w 4ms | egraph 19g->53v+0snap 16ms | graft 33 (-101n, 0 snap) cpu 0 | f64 20 | gen 0.3s
  60     0     100               0     0.622948817     0.437100084      4.15914944      14.6895553     0.246227984     0.275616419
  60     1      50               0     0.782345088     0.448857703      4.42166386      15.4845454      0.30923127     0.283030265
          wgpu 1d 132g 211c x3w 4ms | egraph 27g->65v+0snap 9ms | graft 31 (-82n, 0 snap) cpu 0 | f64 20 | gen 0.2s | dropped inexpr 4 oversz 0 unbuild 0 {}
--------- pump migration: intra (promote-2 + intake-reset) + cross ---------
  61     0     100               0     0.622948817     0.437100084      4.15914944      14.6895553     0.246227984     0.275616419
  61     1      50               0     0.782345088     0.448857703      4.42166386      15.4845454      0.30923127     0.283030265
          wgpu 2d 300g 355c x3w 35ms | egraph 93g->129v+0snap 23ms | graft 56 (-154n, 0 snap) cpu 0 | f64 30 | gen 0.2s | dropped inexpr 1 oversz 0 unbuild 0 {}
  62     0     100               0     0.622948817     0.437100084      4.15914944      14.6895553     0.246227984     0.275616419
  62     1      50               0     0.622948817     0.437100084      4.15914944      14.6895553     0.246227984     0.275616419
          wgpu 1d 105g 196c x3w 4ms | egraph 24g->50v+0snap 5ms | graft 27 (-83n, 0 snap) cpu 0 | f64 20 | gen 0.2s | dropped inexpr 3 oversz 0 unbuild 0 {}
  63     0     100               0     0.622948817     0.437100084      4.15914944      14.6895553     0.246227984     0.275616419
  63     1      50               0     0.622948817     0.437100084      4.15914944      14.6895553     0.246227984     0.275616419
          wgpu 1d 108g 195c x3w 3ms | egraph 23g->49v+0snap 5ms | graft 26 (-67n, 0 snap) cpu 0 | f64 20 | gen 0.2s | dropped inexpr 2 oversz 0 unbuild 0 {}
  64     0     100               0     0.622948817     0.437100084      4.15914944      14.6895553     0.246227984     0.275616419
  64     1      50               0     0.622948817     0.437100084      4.15914944      14.6895553     0.246227984     0.275616419
          wgpu 1d 101g 188c x3w 3ms | egraph 20g->42v+0snap 18ms | graft 21 (-58n, 0 snap) cpu 0 | f64 20 | gen 0.2s | dropped inexpr 4 oversz 0 unbuild 0 {}
  65     0     100               0     0.622948817     0.437100084      4.15914944      14.6895553     0.246227984     0.275616419
  65     1      50               0     0.622948817     0.437100084      4.15914944      14.6895553     0.246227984     0.275616419
          wgpu 1d 102g 201c x3w 3ms | egraph 20g->55v+0snap 7ms | graft 25 (-59n, 0 snap) cpu 0 | f64 20 | gen 0.2s | dropped inexpr 6 oversz 0 unbuild 0 {}
  66     0     100               0     0.622948817     0.437100084      4.15914944      14.6895553     0.246227984     0.275616419
  66     1      50               0     0.622948817     0.437100084      4.15914944      14.6895553     0.246227984     0.275616419
          wgpu 1d 138g 211c x3w 4ms | egraph 32g->65v+0snap 8ms | graft 31 (-74n, 0 snap) cpu 0 | f64 20 | gen 0.2s | dropped inexpr 5 oversz 0 unbuild 0 {}
  67     0     100               0     0.622948817     0.437100084      4.15914944      14.6895553     0.246227984     0.275616419
  67     1      50               0     0.622948817     0.437100084      4.15914944      14.6895553     0.246227984     0.275616419
          wgpu 1d 111g 197c x3w 9ms | egraph 18g->51v+0snap 4ms | graft 32 (-86n, 0 snap) cpu 0 | f64 20 | gen 0.2s | dropped inexpr 1 oversz 0 unbuild 0 {}
  68     0     100               0     0.622948817     0.437100084      4.15914944      14.6895553     0.246227984     0.275616419
  68     1      50               0     0.622948817     0.437100084      4.15914944      14.6895553     0.246227984     0.275616419
          wgpu 1d 76g 179c x3w 3ms | egraph 5g->33v+0snap 2ms | graft 20 (-57n, 0 snap) cpu 0 | f64 20 | gen 0.2s
  69     0     100               0     0.622948817     0.437100084      4.15914944      14.6895553     0.246227984     0.275616419
  69     1      50               0     0.622948817     0.437100084      4.15914944      14.6895553     0.246227984     0.275616419
          wgpu 1d 88g 187c x3w 3ms | egraph 13g->41v+0snap 5ms | graft 28 (-99n, 0 snap) cpu 0 | f64 20 | gen 0.3s
  70     0     100               0     0.622948817     0.437100084      4.15914944      14.6895553     0.246227984     0.275616419
  70     1      50               0     0.622948817     0.437100084      4.15914944      14.6895553     0.246227984     0.275616419
          wgpu 1d 99g 200c x3w 3ms | egraph 19g->54v+0snap 5ms | graft 32 (-91n, 0 snap) cpu 0 | f64 20 | gen 0.2s
--------- pump migration: intra (promote-2 + intake-reset) ---------
  71     0     100               0     0.622948817     0.437100084      4.15914944      14.6895553     0.246227984     0.275616419
  71     1      50               0     0.622948817     0.437100084      4.15914944      14.6895553     0.246227984     0.275616419
          wgpu 2d 303g 348c x3w 8ms | egraph 91g->122v+0snap 27ms | graft 64 (-202n, 0 snap) cpu 0 | f64 30 | gen 0.2s | dropped inexpr 2 oversz 0 unbuild 0 {}
  72     0     100               0     0.622948817     0.437100084      4.15914944      14.6895553     0.246227984     0.275616419
  72     1      50               0     0.622948817     0.437100084      4.15914944      14.6895553     0.246227984     0.275616419
          wgpu 1d 91g 194c x3w 3ms | egraph 16g->48v+0snap 4ms | graft 26 (-72n, 0 snap) cpu 0 | f64 20 | gen 0.2s
  73     0     100               0     0.622948976     0.437099943      4.15914965      14.6895557     0.246228047      0.27561633
  73     1      50               0     0.622948817     0.437100084      4.15914944      14.6895553     0.246227984     0.275616419
          wgpu 1d 97g 196c x3w 3ms | egraph 16g->50v+0snap 6ms | graft 26 (-68n, 0 snap) cpu 0 | f64 20 | gen 0.2s
  74     0     100               0     0.622948817     0.437100084      4.15914944      14.6895553     0.246227984     0.275616419
  74     1      50               0     0.622948817     0.437100084      4.15914944      14.6895553     0.246227984     0.275616419
          wgpu 1d 85g 187c x3w 9ms | egraph 11g->41v+0snap 3ms | graft 28 (-70n, 0 snap) cpu 0 | f64 20 | gen 0.2s
  75     0     100               0     0.622948976     0.437099943      4.15914965      14.6895557     0.246228047      0.27561633
  75     1      50               0     0.622948817     0.437100084      4.15914944      14.6895553     0.246227984     0.275616419
          wgpu 1d 88g 183c x3w 4ms | egraph 11g->37v+0snap 8ms | graft 25 (-57n, 0 snap) cpu 0 | f64 20 | gen 0.2s
  76     0     100               0     0.622948976     0.437099943      4.15914965      14.6895557     0.246228047      0.27561633
  76     1      50               0     0.622948817     0.437100084      4.15914944      14.6895553     0.246227984     0.275616419
          wgpu 1d 108g 198c x3w 11ms | egraph 22g->52v+0snap 8ms | graft 34 (-103n, 0 snap) cpu 0 | f64 20 | gen 0.2s
  77     0     100               0     0.622948976     0.437099943      4.15914965      14.6895557     0.246228047      0.27561633
  77     1      50               0     0.622948817     0.437100084      4.15914944      14.6895553     0.246227984     0.275616419
          wgpu 1d 109g 203c x3w 3ms | egraph 22g->57v+0snap 6ms | graft 29 (-115n, 0 snap) cpu 0 | f64 20 | gen 0.2s
  78     0     100               0     0.622948976     0.437099943      4.15914965      14.6895557     0.246228047      0.27561633
  78     1      50               0     0.622948817     0.437100084      4.15914944      14.6895553     0.246227984     0.275616419
          wgpu 1d 96g 191c x3w 3ms | egraph 16g->45v+0snap 4ms | graft 26 (-74n, 0 snap) cpu 0 | f64 20 | gen 0.2s
  79     0     100               0     0.622948976     0.437099943      4.15914965      14.6895557     0.246228047      0.27561633
  79     1      50               0     0.622948817     0.437100084      4.15914944      14.6895553     0.246227984     0.275616419
          wgpu 1d 116g 209c x3w 3ms | egraph 22g->63v+0snap 7ms | graft 36 (-102n, 0 snap) cpu 0 | f64 20 | gen 0.2s
  80     0     100               0     0.622948976     0.437099943      4.15914965      14.6895557     0.246228047      0.27561633
  80     1      50               0     0.622948817     0.437100084      4.15914944      14.6895553     0.246227984     0.275616419
          wgpu 1d 97g 199c x3w 3ms | egraph 17g->53v+0snap 4ms | graft 32 (-102n, 0 snap) cpu 0 | f64 20 | gen 0.2s
--------- pump migration: intra (promote-2 + intake-reset) ---------
  81     0     100               0     0.622948976     0.437099943      4.15914965      14.6895557     0.246228047      0.27561633
  81     1      50               0     0.622948817     0.437100084      4.15914944      14.6895553     0.246227984     0.275616419
          wgpu 2d 294g 386c x3w 8ms | egraph 87g->160v+0snap 35ms | graft 61 (-191n, 0 snap) cpu 0 | f64 30 | gen 0.2s | dropped inexpr 5 oversz 0 unbuild 0 {}
  82     0     100               0     0.622948976     0.437099943      4.15914965      14.6895557     0.246228047      0.27561633
  82     1      50               0     0.622948976     0.437099943      4.15914965      14.6895557     0.246228047      0.27561633
          wgpu 1d 103g 197c x3w 11ms | egraph 17g->51v+0snap 5ms | graft 33 (-111n, 0 snap) cpu 0 | f64 20 | gen 0.2s
  83     0     100               0     0.622948976     0.437099943      4.15914965      14.6895557     0.246228047      0.27561633
  83     1      50               0     0.622948976     0.437099943      4.15914965      14.6895557     0.246228047      0.27561633
          wgpu 1d 107g 201c x3w 3ms | egraph 20g->55v+0snap 5ms | graft 36 (-94n, 0 snap) cpu 0 | f64 20 | gen 0.2s
  84     0     100               0     0.622948976     0.437099943      4.15914965      14.6895557     0.246228047      0.27561633
  84     1      50               0     0.622948817     0.437100084      4.15914944      14.6895553     0.246227984     0.275616419
          wgpu 1d 111g 208c x3w 3ms | egraph 19g->62v+0snap 16ms | graft 33 (-108n, 0 snap) cpu 0 | f64 20 | gen 0.2s
  85     0     100               0     0.622948976     0.437099943      4.15914965      14.6895557     0.246228047      0.27561633
  85     1      50               0     0.622948817     0.437100084      4.15914944      14.6895553     0.246227984     0.275616419
          wgpu 1d 112g 205c x3w 3ms | egraph 16g->59v+0snap 6ms | graft 31 (-88n, 0 snap) cpu 0 | f64 20 | gen 0.2s
  86     0     100               0     0.622948976     0.437099943      4.15914965      14.6895557     0.246228047      0.27561633
  86     1      50               0     0.622948817     0.437100084      4.15914944      14.6895553     0.246227984     0.275616419
          wgpu 1d 93g 195c x3w 3ms | egraph 14g->49v+0snap 9ms | graft 26 (-69n, 0 snap) cpu 0 | f64 20 | gen 0.2s
  87     0     100               0     0.622948976     0.437099943      4.15914965      14.6895557     0.246228047      0.27561633
  87     1      50               0     0.622948817     0.437100084      4.15914944      14.6895553     0.246227984     0.275616419
          wgpu 1d 77g 182c x3w 4ms | egraph 13g->36v+0snap 7ms | graft 22 (-61n, 0 snap) cpu 0 | f64 20 | gen 0.2s
  88     0     100               0     0.622948817     0.437100084      4.15914944      14.6895553     0.246227984     0.275616419
  88     1      50               0     0.622948817     0.437100084      4.15914944      14.6895553     0.246227984     0.275616419
          wgpu 1d 105g 193c x3w 3ms | egraph 20g->47v+0snap 6ms | graft 25 (-70n, 0 snap) cpu 0 | f64 20 | gen 0.2s
  89     0     100               0     0.622948817     0.437100084      4.15914944      14.6895553     0.246227984     0.275616419
  89     1      50               0     0.622948817     0.437100084      4.15914944      14.6895553     0.246227984     0.275616419
          wgpu 1d 95g 189c x3w 4ms | egraph 12g->43v+0snap 11ms | graft 29 (-69n, 0 snap) cpu 0 | f64 20 | gen 0.2s
  90     0     100               0     0.622948817     0.437100084      4.15914944      14.6895553     0.246227984     0.275616419
  90     1      50               0     0.622948817     0.437100084      4.15914944      14.6895553     0.246227984     0.275616419
          wgpu 1d 96g 192c x3w 3ms | egraph 19g->46v+0snap 6ms | graft 28 (-70n, 0 snap) cpu 0 | f64 20 | gen 0.2s
--------- pump migration: intra (promote-2 + intake-reset) + cross ---------
  91     0     100               0     0.622948817     0.437100084      4.15914944      14.6895553     0.246227984     0.275616419
  91     1      50               0     0.622948817     0.437100084      4.15914944      14.6895553     0.246227984     0.275616419
          wgpu 2d 325g 396c x3w 8ms | egraph 112g->170v+0snap 26ms | graft 80 (-357n, 0 snap) cpu 0 | f64 30 | gen 0.2s | dropped inexpr 17 oversz 0 unbuild 0 {}
  92     0     100               0     0.622948817     0.437100084      4.15914944      14.6895553     0.246227984     0.275616419
  92     1      50               0     0.622948817     0.437100084      4.15914944      14.6895553     0.246227984     0.275616419
          wgpu 1d 101g 204c x3w 3ms | egraph 14g->58v+0snap 12ms | graft 32 (-89n, 0 snap) cpu 0 | f64 20 | gen 0.2s
  93     0     100               0     0.622948817     0.437100084      4.15914944      14.6895553     0.246227984     0.275616419
  93     1      50               0     0.622948817     0.437100084      4.15914944      14.6895553     0.246227984     0.275616419
          wgpu 1d 100g 196c x3w 3ms | egraph 16g->50v+0snap 8ms | graft 27 (-76n, 0 snap) cpu 0 | f64 20 | gen 0.3s
  94     0     100               0     0.622948817     0.437100084      4.15914944      14.6895553     0.246227984     0.275616419
  94     1      50               0     0.622948817     0.437100084      4.15914944      14.6895553     0.246227984     0.275616419
          wgpu 1d 99g 188c x3w 3ms | egraph 17g->42v+0snap 5ms | graft 29 (-88n, 0 snap) cpu 0 | f64 20 | gen 0.2s
  95     0     100               0     0.622948817     0.437100084      4.15914944      14.6895553     0.246227984     0.275616419
  95     1      50               0     0.622948817     0.437100084      4.15914944      14.6895553     0.246227984     0.275616419
          wgpu 1d 119g 199c x3w 3ms | egraph 22g->53v+0snap 6ms | graft 25 (-76n, 0 snap) cpu 0 | f64 20 | gen 0.2s
  96     0     100               0     0.622948817     0.437100084      4.15914944      14.6895553     0.246227984     0.275616419
  96     1      50               0     0.622948817     0.437100084      4.15914944      14.6895553     0.246227984     0.275616419
          wgpu 1d 100g 186c x3w 4ms | egraph 16g->40v+0snap 7ms | graft 24 (-79n, 0 snap) cpu 0 | f64 20 | gen 0.4s
  97     0     100               0     0.622948817     0.437100084      4.15914944      14.6895553     0.246227984     0.275616419
  97     1      50               0     0.622948817     0.437100084      4.15914944      14.6895553     0.246227984     0.275616419
          wgpu 1d 108g 202c x3w 4ms | egraph 17g->56v+0snap 5ms | graft 34 (-93n, 0 snap) cpu 0 | f64 20 | gen 0.2s
  98     0     100               0     0.622948817     0.437100084      4.15914944      14.6895553     0.246227984     0.275616419
  98     1      50               0     0.622948817     0.437100084      4.15914944      14.6895553     0.246227984     0.275616419
          wgpu 1d 94g 183c x3w 9ms | egraph 18g->37v+0snap 5ms | graft 15 (-44n, 0 snap) cpu 0 | f64 20 | gen 0.2s | dropped inexpr 3 oversz 0 unbuild 0 {}
  99     0     100               0     0.622948817     0.437100084      4.15914944      14.6895553     0.246227984     0.275616419
  99     1      50               0     0.622948817     0.437100084      4.15914944      14.6895553     0.246227984     0.275616419
          wgpu 1d 133g 214c x3w 4ms | egraph 25g->68v+0snap 6ms | graft 36 (-94n, 0 snap) cpu 0 | f64 20 | gen 0.2s | dropped inexpr 4 oversz 0 unbuild 0 {}
 100     0     100               0     0.622948817     0.437100084      4.15914944      14.6895553     0.246227984     0.275616419
 100     1      50               0     0.622948817     0.437100084      4.15914944      14.6895553     0.246227984     0.275616419
          wgpu 1d 128g 226c x3w 8ms | egraph 34g->80v+0snap 9ms | graft 40 (-114n, 0 snap) cpu 0 | f64 20 | gen 0.2s | dropped inexpr 8 oversz 0 unbuild 0 {}
--------- pump migration: intra (promote-2 + intake-reset) ---------
 101     0     100               0     0.622948817     0.437100084      4.15914944      14.6895553     0.246227984     0.275616419
 101     1      50               0     0.622948817     0.437100084      4.15914944      14.6895553     0.246227984     0.275616419
          wgpu 2d 349g 408c x3w 8ms | egraph 106g->182v+0snap 33ms | graft 83 (-322n, 0 snap) cpu 0 | f64 30 | gen 0.2s | dropped inexpr 5 oversz 0 unbuild 0 {}
 102     0     100               0     0.622948817     0.437100084      4.15914944      14.6895553     0.246227984     0.275616419
 102     1      50               0     0.622948817     0.437100084      4.15914944      14.6895553     0.246227984     0.275616419
          wgpu 1d 105g 195c x3w 3ms | egraph 18g->49v+0snap 8ms | graft 30 (-87n, 0 snap) cpu 0 | f64 20 | gen 0.2s
 103     0     100               0     0.622948817     0.437100084      4.15914944      14.6895553     0.246227984     0.275616419
 103     1      50               0     0.622948817     0.437100084      4.15914944      14.6895553     0.246227984     0.275616419
          wgpu 1d 109g 209c x3w 4ms | egraph 18g->63v+0snap 5ms | graft 37 (-83n, 0 snap) cpu 0 | f64 20 | gen 0.2s
 104     0     100               0     0.622948817     0.437100084      4.15914944      14.6895553     0.246227984     0.275616419
 104     1      50               0     0.622948817     0.437100084      4.15914944      14.6895553     0.246227984     0.275616419
          wgpu 1d 125g 202c x3w 3ms | egraph 25g->56v+0snap 6ms | graft 34 (-78n, 0 snap) cpu 0 | f64 20 | gen 0.2s
 105     0     100               0     0.622948817     0.437100084      4.15914944      14.6895553     0.246227984     0.275616419
 105     1      50               0     0.622948817     0.437100084      4.15914944      14.6895553     0.246227984     0.275616419
          wgpu 1d 105g 194c x3w 4ms | egraph 19g->48v+0snap 16ms | graft 29 (-76n, 0 snap) cpu 0 | f64 20 | gen 0.2s
 106     0     100               0     0.622948817     0.437100084      4.15914944      14.6895553     0.246227984     0.275616419
 106     1      50               0     0.622948817     0.437100084      4.15914944      14.6895553     0.246227984     0.275616419
          wgpu 1d 120g 203c x3w 23ms | egraph 24g->57v+0snap 6ms | graft 34 (-73n, 0 snap) cpu 0 | f64 20 | gen 0.3s
 107     0     100               0     0.622948817     0.437100084      4.15914944      14.6895553     0.246227984     0.275616419
 107     1      50               0     0.622948817     0.437100084      4.15914944      14.6895553     0.246227984     0.275616419
          wgpu 1d 104g 186c x3w 4ms | egraph 16g->40v+0snap 5ms | graft 24 (-69n, 0 snap) cpu 0 | f64 20 | gen 0.2s
 108     0     100               0     0.622948976     0.437099943      4.15914965      14.6895557     0.246228047      0.27561633
 108     1      50               0     0.622948817     0.437100084      4.15914944      14.6895553     0.246227984     0.275616419
          wgpu 1d 121g 209c x3w 4ms | egraph 19g->63v+0snap 6ms | graft 32 (-87n, 0 snap) cpu 0 | f64 20 | gen 0.2s | dropped inexpr 1 oversz 0 unbuild 0 {}
 109     0     100               0     0.622948976     0.437099943      4.15914965      14.6895557     0.246228047      0.27561633
 109     1      50               0     0.622948817     0.437100084      4.15914944      14.6895553     0.246227984     0.275616419
          wgpu 1d 104g 186c x3w 3ms | egraph 21g->40v+0snap 5ms | graft 28 (-75n, 0 snap) cpu 0 | f64 20 | gen 0.2s
 110     0     100               0     0.622948976     0.437099943      4.15914965      14.6895557     0.246228047      0.27561633
 110     1      50               0     0.622948817     0.437100084      4.15914944      14.6895553     0.246227984     0.275616419
          wgpu 1d 82g 182c x3w 9ms | egraph 13g->36v+0snap 4ms | graft 23 (-53n, 0 snap) cpu 0 | f64 20 | gen 0.2s
--------- pump migration: intra (promote-2 + intake-reset) ---------
 111     0     100               0     0.622948976     0.437099943      4.15914965      14.6895557     0.246228047      0.27561633
 111     1      50               0     0.622948817     0.437100084      4.15914944      14.6895553     0.246227984     0.275616419
          wgpu 2d 311g 369c x3w 16ms | egraph 100g->143v+0snap 24ms | graft 60 (-188n, 0 snap) cpu 0 | f64 30 | gen 0.2s | dropped inexpr 6 oversz 0 unbuild 0 {}
 112     0     100               0     0.622948976     0.437099943      4.15914965      14.6895557     0.246228047      0.27561633
 112     1      50               0     0.622948817     0.437100084      4.15914944      14.6895553     0.246227984     0.275616419
          wgpu 1d 98g 184c x3w 3ms | egraph 19g->38v+0snap 6ms | graft 20 (-50n, 0 snap) cpu 0 | f64 20 | gen 0.2s
 113     0     100               0     0.622948976     0.437099943      4.15914965      14.6895557     0.246228047      0.27561633
 113     1      50               0     0.622948817     0.437100084      4.15914944      14.6895553     0.246227984     0.275616419
          wgpu 1d 103g 188c x3w 3ms | egraph 22g->42v+0snap 6ms | graft 24 (-63n, 0 snap) cpu 0 | f64 20 | gen 0.2s
 114     0     100               0     0.622948976     0.437099943      4.15914965      14.6895557     0.246228047      0.27561633
 114     1      50               0     0.622948817     0.437100084      4.15914944      14.6895553     0.246227984     0.275616419
          wgpu 1d 96g 181c x3w 3ms | egraph 16g->35v+0snap 5ms | graft 25 (-51n, 0 snap) cpu 0 | f64 20 | gen 0.2s
 115     0     100               0     0.622948976     0.437099943      4.15914965      14.6895557     0.246228047      0.27561633
 115     1      50               0     0.622948817     0.437100084      4.15914944      14.6895553     0.246227984     0.275616419
          wgpu 1d 104g 195c x3w 3ms | egraph 17g->49v+0snap 6ms | graft 26 (-73n, 0 snap) cpu 0 | f64 20 | gen 0.2s
 116     0     100               0     0.622948976     0.437099943      4.15914965      14.6895557     0.246228047      0.27561633
 116     1      50               0     0.622948817     0.437100084      4.15914944      14.6895553     0.246227984     0.275616419
          wgpu 1d 86g 175c x3w 3ms | egraph 15g->29v+0snap 11ms | graft 21 (-52n, 0 snap) cpu 0 | f64 20 | gen 0.2s
 117     0     100               0     0.622948976     0.437099943      4.15914965      14.6895557     0.246228047      0.27561633
 117     1      50               0     0.622948817     0.437100084      4.15914944      14.6895553     0.246227984     0.275616419
          wgpu 1d 85g 181c x3w 3ms | egraph 14g->35v+0snap 5ms | graft 24 (-54n, 0 snap) cpu 0 | f64 20 | gen 0.2s
 118     0     100               0     0.622948976     0.437099943      4.15914965      14.6895557     0.246228047      0.27561633
 118     1      50               0     0.622948817     0.437100084      4.15914944      14.6895553     0.246227984     0.275616419
          wgpu 1d 82g 188c x3w 3ms | egraph 6g->42v+0snap 15ms | graft 30 (-68n, 0 snap) cpu 0 | f64 20 | gen 0.2s
 119     0     100               0     0.622948976     0.437099943      4.15914965      14.6895557     0.246228047      0.27561633
 119     1      50               0     0.622948817     0.437100084      4.15914944      14.6895553     0.246227984     0.275616419
          wgpu 1d 86g 182c x3w 3ms | egraph 16g->36v+0snap 4ms | graft 26 (-68n, 0 snap) cpu 0 | f64 20 | gen 0.2s
 120     0     100               0     0.622948976     0.437099943      4.15914965      14.6895557     0.246228047      0.27561633
 120     1      50               0     0.622948817     0.437100084      4.15914944      14.6895553     0.246227984     0.275616419
          wgpu 1d 110g 189c x3w 3ms | egraph 23g->43v+0snap 7ms | graft 27 (-80n, 0 snap) cpu 0 | f64 20 | gen 0.2s
--------- pump migration: intra (promote-2 + intake-reset) + cross ---------
 121     0     100               0     0.622948976     0.437099943      4.15914965      14.6895557     0.246228047      0.27561633
 121     1      50               0     0.622948817     0.437100084      4.15914944      14.6895553     0.246227984     0.275616419
          wgpu 2d 301g 361c x3w 22ms | egraph 99g->135v+0snap 38ms | graft 74 (-179n, 0 snap) cpu 0 | f64 30 | gen 0.2s | dropped inexpr 2 oversz 0 unbuild 0 {}
 122     0     100               0     0.622948976     0.437099943      4.15914965      14.6895557     0.246228047      0.27561633
 122     1      50               0     0.622948817     0.437100084      4.15914944      14.6895553     0.246227984     0.275616419
          wgpu 1d 90g 185c x3w 3ms | egraph 13g->39v+0snap 4ms | graft 25 (-74n, 0 snap) cpu 0 | f64 20 | gen 0.2s
 123     0     100               0     0.622948976     0.437099943      4.15914965      14.6895557     0.246228047      0.27561633
 123     1      50               0     0.622948817     0.437100084      4.15914944      14.6895553     0.246227984     0.275616419
          wgpu 1d 89g 181c x3w 3ms | egraph 10g->35v+0snap 3ms | graft 19 (-58n, 0 snap) cpu 0 | f64 20 | gen 0.2s
 124     0     100               0     0.622948817     0.437100084      4.15914944      14.6895553     0.246227984     0.275616419
 124     1      50               0     0.622948817     0.437100084      4.15914944      14.6895553     0.246227984     0.275616419
          wgpu 1d 109g 200c x3w 3ms | egraph 16g->54v+0snap 6ms | graft 28 (-67n, 0 snap) cpu 0 | f64 20 | gen 0.3s
 125     0     100               0     0.622948817     0.437100084      4.15914944      14.6895553     0.246227984     0.275616419
 125     1      50               0     0.622948817     0.437100084      4.15914944      14.6895553     0.246227984     0.275616419
          wgpu 1d 109g 189c x3w 3ms | egraph 13g->43v+0snap 4ms | graft 25 (-64n, 0 snap) cpu 0 | f64 20 | gen 0.2s | dropped inexpr 1 oversz 0 unbuild 0 {}
 126     0     100               0     0.622948976     0.437099943      4.15914965      14.6895557     0.246228047      0.27561633
 126     1      50               0     0.622948817     0.437100084      4.15914944      14.6895553     0.246227984     0.275616419
          wgpu 1d 98g 180c x3w 3ms | egraph 20g->34v+0snap 7ms | graft 25 (-79n, 0 snap) cpu 0 | f64 20 | gen 0.2s | dropped inexpr 2 oversz 0 unbuild 0 {}
 127     0     100               0     0.622948976     0.437099943      4.15914965      14.6895557     0.246228047      0.27561633
 127     1      50               0     0.622948817     0.437100084      4.15914944      14.6895553     0.246227984     0.275616419
          wgpu 1d 108g 189c x3w 4ms | egraph 17g->43v+0snap 20ms | graft 30 (-72n, 0 snap) cpu 0 | f64 20 | gen 0.2s | dropped inexpr 1 oversz 0 unbuild 0 {}
 128     0     100               0     0.622948976     0.437099943      4.15914965      14.6895557     0.246228047      0.27561633
 128     1      50               0     0.622948817     0.437100084      4.15914944      14.6895553     0.246227984     0.275616419
          wgpu 1d 86g 183c x3w 4ms | egraph 12g->37v+0snap 3ms | graft 25 (-70n, 0 snap) cpu 0 | f64 20 | gen 0.2s
 129     0     100               0     0.622948976     0.437099943      4.15914965      14.6895557     0.246228047      0.27561633
 129     1      50               0     0.622948817     0.437100084      4.15914944      14.6895553     0.246227984     0.275616419
          wgpu 1d 102g 191c x3w 3ms | egraph 20g->45v+0snap 5ms | graft 31 (-92n, 0 snap) cpu 0 | f64 20 | gen 0.2s
 130     0     100               0     0.622948976     0.437099943      4.15914965      14.6895557     0.246228047      0.27561633
 130     1      50               0     0.622948817     0.437100084      4.15914944      14.6895553     0.246227984     0.275616419
          wgpu 1d 102g 190c x3w 4ms | egraph 15g->44v+0snap 4ms | graft 32 (-90n, 0 snap) cpu 0 | f64 20 | gen 0.2s
--------- pump migration: intra (promote-2 + intake-reset) ---------
 131     0     100               0     0.622948976     0.437099943      4.15914965      14.6895557     0.246228047      0.27561633
 131     1      50               0     0.622948817     0.437100084      4.15914944      14.6895553     0.246227984     0.275616419
          wgpu 2d 326g 371c x3w 8ms | egraph 94g->145v+0snap 27ms | graft 64 (-174n, 0 snap) cpu 0 | f64 30 | gen 0.2s | dropped inexpr 1 oversz 0 unbuild 0 {}
 132     0     100               0     0.622948976     0.437099943      4.15914965      14.6895557     0.246228047      0.27561633
 132     1      50               0     0.622948817     0.437100084      4.15914944      14.6895553     0.246227984     0.275616419
          wgpu 1d 93g 188c x3w 7ms | egraph 13g->42v+0snap 4ms | graft 30 (-67n, 0 snap) cpu 0 | f64 20 | gen 0.3s
 133     0     100               0     0.622948976     0.437099943      4.15914965      14.6895557     0.246228047      0.27561633
 133     1      50               0     0.622948817     0.437100084      4.15914944      14.6895553     0.246227984     0.275616419
          wgpu 1d 81g 172c x3w 3ms | egraph 11g->26v+0snap 4ms | graft 20 (-59n, 0 snap) cpu 0 | f64 20 | gen 0.2s
 134     0     100               0     0.622948976     0.437099943      4.15914965      14.6895557     0.246228047      0.27561633
 134     1      50               0     0.622948817     0.437100084      4.15914944      14.6895553     0.246227984     0.275616419
          wgpu 1d 119g 203c x3w 4ms | egraph 21g->57v+0snap 5ms | graft 35 (-78n, 0 snap) cpu 0 | f64 20 | gen 0.2s
 135     0     100               0     0.622948976     0.437099943      4.15914965      14.6895557     0.246228047      0.27561633
 135     1      50               0     0.622948817     0.437100084      4.15914944      14.6895553     0.246227984     0.275616419
          wgpu 1d 88g 181c x3w 4ms | egraph 10g->35v+0snap 3ms | graft 22 (-56n, 0 snap) cpu 0 | f64 20 | gen 0.2s
 136     0     100               0     0.622948976     0.437099943      4.15914965      14.6895557     0.246228047      0.27561633
 136     1      50               0     0.622948817     0.437100084      4.15914944      14.6895553     0.246227984     0.275616419
          wgpu 1d 100g 193c x3w 3ms | egraph 16g->47v+0snap 12ms | graft 26 (-79n, 0 snap) cpu 0 | f64 20 | gen 0.2s
 137     0     100               0     0.622948976     0.437099943      4.15914965      14.6895557     0.246228047      0.27561633
 137     1      50               0     0.622948817     0.437100084      4.15914944      14.6895553     0.246227984     0.275616419
          wgpu 1d 82g 190c x3w 3ms | egraph 7g->44v+0snap 2ms | graft 32 (-81n, 0 snap) cpu 0 | f64 20 | gen 0.2s
 138     0     100               0     0.622948976     0.437099943      4.15914965      14.6895557     0.246228047      0.27561633
 138     1      50               0     0.622948817     0.437100084      4.15914944      14.6895553     0.246227984     0.275616419
          wgpu 1d 98g 199c x3w 3ms | egraph 14g->53v+0snap 4ms | graft 34 (-73n, 0 snap) cpu 0 | f64 20 | gen 0.2s
 139     0     100               0     0.622948976     0.437099943      4.15914965      14.6895557     0.246228047      0.27561633
 139     1      50               0     0.622948817     0.437100084      4.15914944      14.6895553     0.246227984     0.275616419
          wgpu 1d 105g 189c x3w 7ms | egraph 10g->43v+0snap 8ms | graft 26 (-77n, 0 snap) cpu 0 | f64 20 | gen 0.3s
 140     0     100               0     0.622948976     0.437099943      4.15914965      14.6895557     0.246228047      0.27561633
 140     1      50               0     0.622948817     0.437100084      4.15914944      14.6895553     0.246227984     0.275616419
          wgpu 1d 94g 176c x3w 4ms | egraph 12g->30v+0snap 7ms | graft 20 (-61n, 0 snap) cpu 0 | f64 20 | gen 0.2s
--------- pump migration: intra (promote-2 + intake-reset) ---------
 141     0     100               0     0.622948976     0.437099943      4.15914965      14.6895557     0.246228047      0.27561633
 141     1      50               0     0.622948976     0.437099943      4.15914965      14.6895557     0.246228047      0.27561633
          wgpu 2d 304g 348c x3w 8ms | egraph 82g->122v+0snap 59ms | graft 64 (-195n, 0 snap) cpu 0 | f64 30 | gen 0.2s | dropped inexpr 4 oversz 0 unbuild 0 {}
 142     0     100               0     0.622948976     0.437099943      4.15914965      14.6895557     0.246228047      0.27561633
 142     1      50               0     0.622948817     0.437100084      4.15914944      14.6895553     0.246227984     0.275616419
          wgpu 1d 96g 179c x3w 3ms | egraph 17g->33v+0snap 4ms | graft 24 (-64n, 0 snap) cpu 0 | f64 20 | gen 0.2s
 143     0     100               0     0.622948976     0.437099943      4.15914965      14.6895557     0.246228047      0.27561633
 143     1      50               0     0.622948976     0.437099943      4.15914965      14.6895557     0.246228047      0.27561633
          wgpu 1d 85g 187c x3w 3ms | egraph 7g->41v+0snap 3ms | graft 23 (-59n, 0 snap) cpu 0 | f64 20 | gen 0.2s
 144     0     100               0     0.622948976     0.437099943      4.15914965      14.6895557     0.246228047      0.27561633
 144     1      50               0     0.622948976     0.437099943      4.15914965      14.6895557     0.246228047      0.27561633
          wgpu 1d 87g 186c x3w 17ms | egraph 12g->40v+0snap 3ms | graft 29 (-73n, 0 snap) cpu 0 | f64 20 | gen 0.2s
 145     0     100               0     0.622948976     0.437099943      4.15914965      14.6895557     0.246228047      0.27561633
 145     1      50               0     0.622948976     0.437099943      4.15914965      14.6895557     0.246228047      0.27561633
          wgpu 1d 115g 191c x3w 3ms | egraph 18g->45v+0snap 4ms | graft 29 (-65n, 0 snap) cpu 0 | f64 20 | gen 0.2s
 146     0     100               0     0.622948976     0.437099943      4.15914965      14.6895557     0.246228047      0.27561633
 146     1      50               0     0.622948976     0.437099943      4.15914965      14.6895557     0.246228047      0.27561633
          wgpu 1d 115g 199c x3w 16ms | egraph 19g->53v+0snap 5ms | graft 32 (-85n, 0 snap) cpu 0 | f64 20 | gen 0.3s
 147     0     100               0     0.622948976     0.437099943      4.15914965      14.6895557     0.246228047      0.27561633
 147     1      50               0     0.622948976     0.437099943      4.15914965      14.6895557     0.246228047      0.27561633
          wgpu 1d 102g 183c x3w 3ms | egraph 14g->37v+0snap 5ms | graft 27 (-75n, 0 snap) cpu 0 | f64 20 | gen 0.2s
 148     0     100               0     0.622948976     0.437099943      4.15914965      14.6895557     0.246228047      0.27561633
 148     1      50               0     0.622948976     0.437099943      4.15914965      14.6895557     0.246228047      0.27561633
          wgpu 1d 112g 202c x3w 4ms | egraph 11g->56v+0snap 12ms | graft 37 (-82n, 0 snap) cpu 0 | f64 20 | gen 0.2s | dropped inexpr 1 oversz 0 unbuild 0 {}
 149     0     100               0     0.622948976     0.437099943      4.15914965      14.6895557     0.246228047      0.27561633
 149     1      50               0     0.622948976     0.437099943      4.15914965      14.6895557     0.246228047      0.27561633
          wgpu 1d 86g 193c x3w 12ms | egraph 9g->47v+0snap 4ms | graft 26 (-59n, 0 snap) cpu 0 | f64 20 | gen 0.2s | dropped inexpr 1 oversz 0 unbuild 0 {}
 150     0     100               0     0.622948976     0.437099943      4.15914965      14.6895557     0.246228047      0.27561633
 150     1      50               0     0.622948976     0.437099943      4.15914965      14.6895557     0.246228047      0.27561633
          wgpu 1d 123g 191c x3w 3ms | egraph 32g->45v+0snap 18ms | graft 26 (-58n, 0 snap) cpu 0 | f64 20 | gen 0.3s
--------- pump migration: intra (promote-2 + intake-reset) + cross ---------
 151     0     100               0     0.622948976     0.437099943      4.15914965      14.6895557     0.246228047      0.27561633
 151     1      50               0     0.622948976     0.437099943      4.15914965      14.6895557     0.246228047      0.27561633
          wgpu 2d 298g 343c x3w 7ms | egraph 86g->117v+0snap 22ms | graft 60 (-162n, 0 snap) cpu 0 | f64 30 | gen 0.2s | dropped inexpr 7 oversz 0 unbuild 0 {}
 152     0     100               0     0.622948976     0.437099943      4.15914965      14.6895557     0.246228047      0.27561633
 152     1      50               0     0.622948976     0.437099943      4.15914965      14.6895557     0.246228047      0.27561633
          wgpu 1d 116g 194c x3w 4ms | egraph 16g->48v+0snap 4ms | graft 26 (-86n, 0 snap) cpu 0 | f64 20 | gen 0.2s
 153     0     100               0     0.622948976     0.437099943      4.15914965      14.6895557     0.246228047      0.27561633
 153     1      50               0     0.622948976     0.437099943      4.15914965      14.6895557     0.246228047      0.27561633
          wgpu 1d 118g 198c x3w 4ms | egraph 18g->52v+0snap 5ms | graft 36 (-89n, 0 snap) cpu 0 | f64 20 | gen 0.3s
 154     0     100               0     0.622948976     0.437099943      4.15914965      14.6895557     0.246228047      0.27561633
 154     1      50               0     0.622948976     0.437099943      4.15914965      14.6895557     0.246228047      0.27561633
          wgpu 1d 98g 198c x3w 3ms | egraph 10g->52v+0snap 3ms | graft 30 (-69n, 0 snap) cpu 0 | f64 20 | gen 0.2s
 155     0     100               0     0.622948976     0.437099943      4.15914965      14.6895557     0.246228047      0.27561633
 155     1      50               0     0.622948976     0.437099943      4.15914965      14.6895557     0.246228047      0.27561633
          wgpu 1d 93g 179c x3w 3ms | egraph 11g->33v+0snap 4ms | graft 23 (-55n, 0 snap) cpu 0 | f64 20 | gen 0.2s
 156     0     100               0     0.622948976     0.437099943      4.15914965      14.6895557     0.246228047      0.27561633
 156     1      50               0     0.622948976     0.437099943      4.15914965      14.6895557     0.246228047      0.27561633
          wgpu 1d 86g 184c x3w 3ms | egraph 8g->38v+0snap 3ms | graft 26 (-67n, 0 snap) cpu 0 | f64 20 | gen 0.2s
 157     0     100               0     0.622948976     0.437099943      4.15914965      14.6895557     0.246228047      0.27561633
 157     1      50               0     0.622948976     0.437099943      4.15914965      14.6895557     0.246228047      0.27561633
          wgpu 1d 99g 190c x3w 5ms | egraph 18g->44v+0snap 6ms | graft 26 (-52n, 0 snap) cpu 0 | f64 20 | gen 0.3s
 158     0     100               0     0.622948976     0.437099943      4.15914965      14.6895557     0.246228047      0.27561633
 158     1      50               0     0.622948976     0.437099943      4.15914965      14.6895557     0.246228047      0.27561633
          wgpu 1d 81g 186c x3w 3ms | egraph 9g->40v+0snap 3ms | graft 30 (-63n, 0 snap) cpu 0 | f64 20 | gen 0.2s
 159     0     100               0     0.622948976     0.437099943      4.15914965      14.6895557     0.246228047      0.27561633
 159     1      50               0     0.622948976     0.437099943      4.15914965      14.6895557     0.246228047      0.27561633
          wgpu 1d 90g 182c x3w 3ms | egraph 6g->36v+0snap 2ms | graft 21 (-44n, 0 snap) cpu 0 | f64 20 | gen 0.2s
 160     0     100               0     0.622948976     0.437099943      4.15914965      14.6895557     0.246228047      0.27561633
 160     1      50               0     0.622948976     0.437099943      4.15914965      14.6895557     0.246228047      0.27561633
          wgpu 1d 79g 180c x3w 12ms | egraph 8g->34v+0snap 3ms | graft 24 (-79n, 0 snap) cpu 0 | f64 20 | gen 0.2s | dropped inexpr 1 oversz 0 unbuild 0 {}
--------- pump migration: intra (promote-2 + intake-reset) ---------
 161     0     100               0     0.622948976     0.437099943      4.15914965      14.6895557     0.246228047      0.27561633
 161     1      50               0     0.622948976     0.437099943      4.15914965      14.6895557     0.246228047      0.27561633
          wgpu 2d 329g 427c x3w 8ms | egraph 96g->179v+22snap 30ms | graft 83 (-197n, 18 snap) cpu 0 | f64 30 | gen 0.2s | dropped inexpr 2 oversz 0 unbuild 0 {}
 162     0     100               0     0.622948976     0.437099943      4.15914965      14.6895557     0.246228047      0.27561633
 162     1      50               0     0.622948976     0.437099943      4.15914965      14.6895557     0.246228047      0.27561633
          wgpu 1d 93g 194c x3w 3ms | egraph 9g->48v+0snap 3ms | graft 33 (-67n, 0 snap) cpu 0 | f64 20 | gen 0.2s
 163     0     100               0     0.622948976     0.437099943      4.15914965      14.6895557     0.246228047      0.27561633
 163     1      50               0     0.622948976     0.437099943      4.15914965      14.6895557     0.246228047      0.27561633
          wgpu 1d 87g 174c x3w 3ms | egraph 9g->28v+0snap 3ms | graft 21 (-50n, 0 snap) cpu 0 | f64 20 | gen 0.2s
 164     0     100               0     0.622948976     0.437099943      4.15914965      14.6895557     0.246228047      0.27561633
 164     1      50               0     0.622948976     0.437099943      4.15914965      14.6895557     0.246228047      0.27561633
          wgpu 1d 91g 181c x3w 4ms | egraph 6g->35v+0snap 2ms | graft 28 (-58n, 0 snap) cpu 0 | f64 20 | gen 0.2s
 165     0     100               0     0.622948976     0.437099943      4.15914965      14.6895557     0.246228047      0.27561633
 165     1      50               0     0.622948976     0.437099943      4.15914965      14.6895557     0.246228047      0.27561633
          wgpu 1d 96g 178c x3w 3ms | egraph 14g->32v+0snap 4ms | graft 18 (-40n, 0 snap) cpu 0 | f64 20 | gen 0.2s
 166     0     100               0     0.622948976     0.437099943      4.15914965      14.6895557     0.246228047      0.27561633
 166     1      50               0     0.622948976     0.437099943      4.15914965      14.6895557     0.246228047      0.27561633
          wgpu 1d 88g 188c x3w 3ms | egraph 12g->42v+0snap 8ms | graft 27 (-80n, 0 snap) cpu 0 | f64 20 | gen 0.3s
 167     0     100               0     0.622948976     0.437099943      4.15914965      14.6895557     0.246228047      0.27561633
 167     1      50               0     0.622948976     0.437099943      4.15914965      14.6895557     0.246228047      0.27561633
          wgpu 1d 119g 191c x3w 3ms | egraph 14g->45v+0snap 5ms | graft 30 (-80n, 0 snap) cpu 0 | f64 20 | gen 0.3s
 168     0     100               0     0.622948976     0.437099943      4.15914965      14.6895557     0.246228047      0.27561633
 168     1      50               0     0.622948976     0.437099943      4.15914965      14.6895557     0.246228047      0.27561633
          wgpu 1d 100g 189c x3w 3ms | egraph 13g->43v+0snap 6ms | graft 28 (-64n, 0 snap) cpu 0 | f64 20 | gen 0.3s
 169     0     100               0     0.622948976     0.437099943      4.15914965      14.6895557     0.246228047      0.27561633
 169     1      50               0     0.622948976     0.437099943      4.15914965      14.6895557     0.246228047      0.27561633
          wgpu 1d 119g 197c x3w 4ms | egraph 16g->51v+0snap 12ms | graft 33 (-76n, 0 snap) cpu 0 | f64 20 | gen 0.3s
 170     0     100               0     0.622948976     0.437099943      4.15914965      14.6895557     0.246228047      0.27561633
 170     1      50               0     0.622948976     0.437099943      4.15914965      14.6895557     0.246228047      0.27561633
          wgpu 1d 84g 185c x3w 3ms | egraph 12g->39v+0snap 4ms | graft 27 (-63n, 0 snap) cpu 0 | f64 20 | gen 0.2s | dropped inexpr 1 oversz 0 unbuild 0 {}
--------- pump migration: intra (promote-2 + intake-reset) ---------
 171     0     100               0     0.622948976     0.437099943      4.15914965      14.6895557     0.246228047      0.27561633
 171     1      50               0     0.622948976     0.437099943      4.15914965      14.6895557     0.246228047      0.27561633
          wgpu 2d 327g 381c x3w 9ms | egraph 93g->155v+0snap 26ms | graft 75 (-225n, 0 snap) cpu 0 | f64 30 | gen 0.2s | dropped inexpr 3 oversz 0 unbuild 0 {}
 172     0     100               0     0.622948976     0.437099943      4.15914965      14.6895557     0.246228047      0.27561633
 172     1      50               0     0.622948976     0.437099943      4.15914965      14.6895557     0.246228047      0.27561633
          wgpu 1d 92g 188c x3w 3ms | egraph 11g->42v+0snap 11ms | graft 25 (-56n, 0 snap) cpu 0 | f64 20 | gen 0.3s
 173     0     100               0     0.622948976     0.437099943      4.15914965      14.6895557     0.246228047      0.27561633
 173     1      50               0     0.622948976     0.437099943      4.15914965      14.6895557     0.246228047      0.27561633
          wgpu 1d 92g 191c x3w 4ms | egraph 11g->45v+0snap 3ms | graft 23 (-53n, 0 snap) cpu 0 | f64 20 | gen 0.2s
 174     0     100               0     0.622948976     0.437099943      4.15914965      14.6895557     0.246228047      0.27561633
 174     1      50               0     0.622948976     0.437099943      4.15914965      14.6895557     0.246228047      0.27561633
          wgpu 1d 82g 182c x3w 3ms | egraph 9g->36v+0snap 3ms | graft 25 (-59n, 0 snap) cpu 0 | f64 20 | gen 0.2s
 175     0     100               0     0.622948976     0.437099943      4.15914965      14.6895557     0.246228047      0.27561633
 175     1      50               0     0.622948976     0.437099943      4.15914965      14.6895557     0.246228047      0.27561633
          wgpu 1d 120g 199c x3w 4ms | egraph 16g->53v+0snap 5ms | graft 32 (-68n, 0 snap) cpu 0 | f64 20 | gen 0.2s
 176     0     100               0     0.622948976     0.437099943      4.15914965      14.6895557     0.246228047      0.27561633
 176     1      50               0     0.622948976     0.437099943      4.15914965      14.6895557     0.246228047      0.27561633
          wgpu 1d 100g 187c x3w 3ms | egraph 14g->41v+0snap 4ms | graft 25 (-74n, 0 snap) cpu 0 | f64 20 | gen 0.2s
 177     0     100               0     0.622948976     0.437099943      4.15914965      14.6895557     0.246228047      0.27561633
 177     1      50               0     0.622948976     0.437099943      4.15914965      14.6895557     0.246228047      0.27561633
          wgpu 1d 106g 190c x3w 20ms | egraph 10g->44v+0snap 3ms | graft 30 (-69n, 0 snap) cpu 0 | f64 20 | gen 0.2s
 178     0     100               0     0.622948976     0.437099943      4.15914965      14.6895557     0.246228047      0.27561633
 178     1      50               0     0.622948976     0.437099943      4.15914965      14.6895557     0.246228047      0.27561633
          wgpu 1d 101g 194c x3w 3ms | egraph 6g->48v+0snap 3ms | graft 28 (-66n, 0 snap) cpu 0 | f64 20 | gen 0.2s
 179     0     100               0     0.622948976     0.437099943      4.15914965      14.6895557     0.246228047      0.27561633
 179     1      50               0     0.622948976     0.437099943      4.15914965      14.6895557     0.246228047      0.27561633
          wgpu 1d 83g 177c x3w 3ms | egraph 11g->31v+0snap 4ms | graft 21 (-50n, 0 snap) cpu 0 | f64 20 | gen 0.2s
 180     0     100               0     0.622948976     0.437099943      4.15914965      14.6895557     0.246228047      0.27561633
 180     1      50               0     0.622948976     0.437099943      4.15914965      14.6895557     0.246228047      0.27561633
          wgpu 1d 95g 184c x3w 3ms | egraph 11g->38v+0snap 3ms | graft 26 (-68n, 0 snap) cpu 0 | f64 20 | gen 0.2s
--------- pump migration: intra (promote-2 + intake-reset) + cross ---------
 181     0     100               0     0.622948976     0.437099943      4.15914965      14.6895557     0.246228047      0.27561633
 181     1      50               0     0.622948976     0.437099943      4.15914965      14.6895557     0.246228047      0.27561633
          wgpu 2d 302g 370c x3w 7ms | egraph 94g->144v+0snap 34ms | graft 74 (-214n, 0 snap) cpu 0 | f64 30 | gen 0.2s | dropped inexpr 1 oversz 0 unbuild 0 {}
 182     0     100               0     0.622948976     0.437099943      4.15914965      14.6895557     0.246228047      0.27561633
 182     1      50               0     0.622948976     0.437099943      4.15914965      14.6895557     0.246228047      0.27561633
          wgpu 1d 112g 192c x3w 3ms | egraph 10g->46v+0snap 4ms | graft 31 (-77n, 0 snap) cpu 0 | f64 20 | gen 0.2s
 183     0     100               0     0.622948976     0.437099943      4.15914965      14.6895557     0.246228047      0.27561633
 183     1      50               0     0.622948976     0.437099943      4.15914965      14.6895557     0.246228047      0.27561633
          wgpu 1d 99g 191c x3w 3ms | egraph 10g->45v+0snap 4ms | graft 29 (-73n, 0 snap) cpu 0 | f64 20 | gen 0.2s
 184     0     100               0     0.622948976     0.437099943      4.15914965      14.6895557     0.246228047      0.27561633
 184     1      50               0     0.622948976     0.437099943      4.15914965      14.6895557     0.246228047      0.27561633
          wgpu 1d 113g 192c x3w 3ms | egraph 17g->46v+0snap 4ms | graft 32 (-65n, 0 snap) cpu 0 | f64 20 | gen 0.2s | dropped inexpr 1 oversz 0 unbuild 0 {}
 185     0     100               0     0.622948976     0.437099943      4.15914965      14.6895557     0.246228047      0.27561633
 185     1      50               0     0.622948976     0.437099943      4.15914965      14.6895557     0.246228047      0.27561633
          wgpu 1d 101g 192c x3w 3ms | egraph 13g->46v+0snap 4ms | graft 33 (-85n, 0 snap) cpu 0 | f64 20 | gen 0.2s
 186     0     100               0     0.622948976     0.437099943      4.15914965      14.6895557     0.246228047      0.27561633
 186     1      50               0     0.622948976     0.437099943      4.15914965      14.6895557     0.246228047      0.27561633
          wgpu 1d 100g 181c x3w 3ms | egraph 8g->35v+0snap 3ms | graft 24 (-47n, 0 snap) cpu 0 | f64 20 | gen 0.3s
 187     0     100               0     0.622948976     0.437099943      4.15914965      14.6895557     0.246228047      0.27561633
 187     1      50               0     0.622948976     0.437099943      4.15914965      14.6895557     0.246228047      0.27561633
          wgpu 1d 112g 195c x3w 3ms | egraph 15g->49v+0snap 4ms | graft 31 (-72n, 0 snap) cpu 0 | f64 20 | gen 0.2s
 188     0     100               0     0.622948976     0.437099943      4.15914965      14.6895557     0.246228047      0.27561633
 188     1      50               0     0.622948976     0.437099943      4.15914965      14.6895557     0.246228047      0.27561633
          wgpu 1d 100g 190c x3w 4ms | egraph 8g->44v+0snap 3ms | graft 24 (-61n, 0 snap) cpu 0 | f64 20 | gen 0.2s
 189     0     100               0     0.622948976     0.437099943      4.15914965      14.6895557     0.246228047      0.27561633
 189     1      50               0     0.622948976     0.437099943      4.15914965      14.6895557     0.246228047      0.27561633
          wgpu 1d 97g 187c x3w 3ms | egraph 16g->41v+0snap 4ms | graft 28 (-69n, 0 snap) cpu 0 | f64 20 | gen 0.2s
 190     0     100               0     0.622948976     0.437099943      4.15914965      14.6895557     0.246228047      0.27561633
 190     1      50               0     0.622948976     0.437099943      4.15914965      14.6895557     0.246228047      0.27561633
          wgpu 1d 109g 194c x3w 3ms | egraph 9g->48v+0snap 3ms | graft 25 (-63n, 0 snap) cpu 0 | f64 20 | gen 0.2s
--------- pump migration: intra (promote-2 + intake-reset) ---------
 191     0     100               0     0.622948976     0.437099943      4.15914965      14.6895557     0.246228047      0.27561633
 191     1      50               0     0.622948976     0.437099943      4.15914965      14.6895557     0.246228047      0.27561633
          wgpu 2d 317g 382c x3w 8ms | egraph 86g->156v+0snap 21ms | graft 79 (-246n, 0 snap) cpu 0 | f64 30 | gen 0.2s | dropped inexpr 4 oversz 0 unbuild 0 {}
 192     0     100               0     0.622948976     0.437099943      4.15914965      14.6895557     0.246228047      0.27561633
 192     1      50               0     0.622948976     0.437099943      4.15914965      14.6895557     0.246228047      0.27561633
          wgpu 1d 107g 185c x3w 4ms | egraph 20g->39v+0snap 32ms | graft 23 (-55n, 0 snap) cpu 0 | f64 20 | gen 0.2s
 193     0     100               0     0.622948976     0.437099943      4.15914965      14.6895557     0.246228047      0.27561633
 193     1      50               0     0.622948976     0.437099943      4.15914965      14.6895557     0.246228047      0.27561633
          wgpu 1d 97g 182c x3w 3ms | egraph 6g->36v+0snap 3ms | graft 23 (-50n, 0 snap) cpu 0 | f64 20 | gen 0.2s
 194     0     100               0     0.622948976     0.437099943      4.15914965      14.6895557     0.246228047      0.27561633
 194     1      50               0     0.622948976     0.437099943      4.15914965      14.6895557     0.246228047      0.27561633
          wgpu 1d 101g 192c x3w 3ms | egraph 9g->46v+0snap 3ms | graft 30 (-83n, 0 snap) cpu 0 | f64 20 | gen 0.2s
 195     0     100               0     0.622948976     0.437099943      4.15914965      14.6895557     0.246228047      0.27561633
 195     1      50               0     0.622948976     0.437099943      4.15914965      14.6895557     0.246228047      0.27561633
          wgpu 1d 95g 183c x3w 3ms | egraph 13g->37v+0snap 8ms | graft 20 (-58n, 0 snap) cpu 0 | f64 20 | gen 0.2s | dropped inexpr 1 oversz 0 unbuild 0 {}
 196     0     100               0     0.622948976     0.437099943      4.15914965      14.6895557     0.246228047      0.27561633
 196     1      50               0     0.622948976     0.437099943      4.15914965      14.6895557     0.246228047      0.27561633
          wgpu 1d 99g 183c x3w 3ms | egraph 10g->37v+0snap 3ms | graft 25 (-52n, 0 snap) cpu 0 | f64 20 | gen 0.2s
 197     0     100               0     0.622948976     0.437099943      4.15914965      14.6895557     0.246228047      0.27561633
 197     1      50               0     0.622948976     0.437099943      4.15914965      14.6895557     0.246228047      0.27561633
          wgpu 1d 104g 186c x3w 3ms | egraph 8g->40v+0snap 14ms | graft 26 (-54n, 0 snap) cpu 0 | f64 20 | gen 0.2s
 198     0     100               0     0.622948976     0.437099943      4.15914965      14.6895557     0.246228047      0.27561633
 198     1      50               0     0.622948976     0.437099943      4.15914965      14.6895557     0.246228047      0.27561633
          wgpu 1d 88g 183c x3w 3ms | egraph 8g->37v+0snap 3ms | graft 24 (-67n, 0 snap) cpu 0 | f64 20 | gen 0.2s
 199     0     100               0     0.622948976     0.437099943      4.15914965      14.6895557     0.246228047      0.27561633
 199     1      50               0     0.622948976     0.437099943      4.15914965      14.6895557     0.246228047      0.27561633
          wgpu 1d 87g 185c x3w 3ms | egraph 14g->39v+0snap 4ms | graft 24 (-58n, 0 snap) cpu 0 | f64 20 | gen 0.2s
 200     0     100               0     0.622948976     0.437099943      4.15914965      14.6895557     0.246228047      0.27561633
 200     1      50               0     0.622948976     0.437099943      4.15914965      14.6895557     0.246228047      0.27561633
          wgpu 1d 85g 180c x3w 3ms | egraph 7g->34v+0snap 5ms | graft 21 (-50n, 0 snap) cpu 0 | f64 20 | gen 0.3s
--------- pump migration: intra (promote-2 + intake-reset) ---------
 201     0     100               0     0.622948976     0.437099943      4.15914965      14.6895557     0.246228047      0.27561633
 201     1      50               0     0.622948976     0.437099943      4.15914965      14.6895557     0.246228047      0.27561633
          wgpu 2d 320g 361c x3w 20ms | egraph 102g->135v+0snap 24ms | graft 67 (-195n, 0 snap) cpu 0 | f64 30 | gen 0.3s | dropped inexpr 5 oversz 0 unbuild 0 {}
 202     0     100               0     0.622948976     0.437099943      4.15914965      14.6895557     0.246228047      0.27561633
 202     1      50               0     0.622948976     0.437099943      4.15914965      14.6895557     0.246228047      0.27561633
          wgpu 1d 92g 197c x3w 3ms | egraph 14g->51v+0snap 5ms | graft 32 (-79n, 0 snap) cpu 0 | f64 20 | gen 0.2s
 203     0     100               0     0.622948976     0.437099943      4.15914965      14.6895557     0.246228047      0.27561633
 203     1      50               0     0.622948976     0.437099943      4.15914965      14.6895557     0.246228047      0.27561633
          wgpu 1d 94g 178c x3w 3ms | egraph 7g->32v+0snap 2ms | graft 29 (-67n, 0 snap) cpu 0 | f64 20 | gen 0.2s
 204     0     100               0     0.622948976     0.437099943      4.15914965      14.6895557     0.246228047      0.27561633
 204     1      50               0     0.622948976     0.437099943      4.15914965      14.6895557     0.246228047      0.27561633
          wgpu 1d 110g 197c x3w 18ms | egraph 16g->51v+0snap 4ms | graft 34 (-69n, 0 snap) cpu 0 | f64 20 | gen 0.2s
 205     0     100               0     0.622948976     0.437099943      4.15914965      14.6895557     0.246228047      0.27561633
 205     1      50               0     0.622948976     0.437099943      4.15914965      14.6895557     0.246228047      0.27561633
          wgpu 1d 96g 189c x3w 3ms | egraph 12g->43v+0snap 5ms | graft 28 (-86n, 0 snap) cpu 0 | f64 20 | gen 0.2s
 206     0     100               0     0.622948976     0.437099943      4.15914965      14.6895557     0.246228047      0.27561633
 206     1      50               0     0.622948976     0.437099943      4.15914965      14.6895557     0.246228047      0.27561633
          wgpu 1d 99g 194c x3w 3ms | egraph 10g->48v+0snap 3ms | graft 30 (-75n, 0 snap) cpu 0 | f64 20 | gen 0.2s
 207     0     100               0     0.622948976     0.437099943      4.15914965      14.6895557     0.246228047      0.27561633
 207     1      50               0     0.622948976     0.437099943      4.15914965      14.6895557     0.246228047      0.27561633
          wgpu 1d 78g 178c x3w 3ms | egraph 4g->32v+0snap 2ms | graft 23 (-48n, 0 snap) cpu 0 | f64 20 | gen 0.2s
 208     0     100               0     0.622948976     0.437099943      4.15914965      14.6895557     0.246228047      0.27561633
 208     1      50               0     0.622948976     0.437099943      4.15914965      14.6895557     0.246228047      0.27561633
          wgpu 1d 82g 184c x3w 3ms | egraph 9g->38v+0snap 3ms | graft 26 (-63n, 0 snap) cpu 0 | f64 20 | gen 0.2s
 209     0     100               0     0.622948976     0.437099943      4.15914965      14.6895557     0.246228047      0.27561633
 209     1      50               0     0.622948976     0.437099943      4.15914965      14.6895557     0.246228047      0.27561633
          wgpu 1d 90g 183c x3w 3ms | egraph 10g->37v+0snap 3ms | graft 28 (-74n, 0 snap) cpu 0 | f64 20 | gen 0.2s
 210     0     100               0     0.622948976     0.437099943      4.15914965      14.6895557     0.246228047      0.27561633
 210     1      50               0     0.622948976     0.437099943      4.15914965      14.6895557     0.246228047      0.27561633
          wgpu 1d 88g 176c x3w 4ms | egraph 12g->30v+0snap 11ms | graft 19 (-39n, 0 snap) cpu 0 | f64 20 | gen 0.3s
--------- pump migration: intra (promote-2 + intake-reset) + cross ---------
 211     0     100               0     0.622948976     0.437099943      4.15914965      14.6895557     0.246228047      0.27561633
 211     1      50               0     0.622948976     0.437099943      4.15914965      14.6895557     0.246228047      0.27561633
          wgpu 2d 374g 456c x3w 10ms | egraph 108g->230v+0snap 29ms | graft 87 (-290n, 0 snap) cpu 0 | f64 30 | gen 0.2s | dropped inexpr 7 oversz 0 unbuild 0 {}
 212     0     100               0     0.622948976     0.437099943      4.15914965      14.6895557     0.246228047      0.27561633
 212     1      50               0     0.622948976     0.437099943      4.15914965      14.6895557     0.246228047      0.27561633
          wgpu 1d 88g 181c x3w 3ms | egraph 5g->35v+0snap 2ms | graft 27 (-55n, 0 snap) cpu 0 | f64 20 | gen 0.2s
 213     0     100               0     0.622948976     0.437099943      4.15914965      14.6895557     0.246228047      0.27561633
 213     1      50               0     0.622948976     0.437099943      4.15914965      14.6895557     0.246228047      0.27561633
          wgpu 1d 100g 201c x3w 3ms | egraph 13g->55v+0snap 3ms | graft 30 (-65n, 0 snap) cpu 0 | f64 20 | gen 0.2s
 214     0     100               0     0.622948976     0.437099943      4.15914965      14.6895557     0.246228047      0.27561633
 214     1      50               0     0.622948976     0.437099943      4.15914965      14.6895557     0.246228047      0.27561633
          wgpu 1d 84g 176c x3w 3ms | egraph 8g->30v+0snap 3ms | graft 23 (-44n, 0 snap) cpu 0 | f64 20 | gen 0.3s
 215     0     100               0     0.622948976     0.437099943      4.15914965      14.6895557     0.246228047      0.27561633
 215     1      50               0     0.622948976     0.437099943      4.15914965      14.6895557     0.246228047      0.27561633
          wgpu 1d 100g 186c x3w 4ms | egraph 8g->40v+0snap 3ms | graft 30 (-74n, 0 snap) cpu 0 | f64 20 | gen 0.2s
 216     0     100               0     0.622948976     0.437099943      4.15914965      14.6895557     0.246228047      0.27561633
 216     1      50               0     0.622948976     0.437099943      4.15914965      14.6895557     0.246228047      0.27561633
          wgpu 1d 96g 191c x3w 4ms | egraph 9g->45v+0snap 3ms | graft 27 (-58n, 0 snap) cpu 0 | f64 20 | gen 0.2s
 217     0     100               0     0.622948976     0.437099943      4.15914965      14.6895557     0.246228047      0.27561633
 217     1      50               0     0.622948976     0.437099943      4.15914965      14.6895557     0.246228047      0.27561633
          wgpu 1d 106g 189c x3w 3ms | egraph 10g->43v+0snap 3ms | graft 27 (-65n, 0 snap) cpu 0 | f64 20 | gen 0.2s
 218     0     100               0     0.622948976     0.437099943      4.15914965      14.6895557     0.246228047      0.27561633
 218     1      50               0     0.622948976     0.437099943      4.15914965      14.6895557     0.246228047      0.27561633
          wgpu 1d 112g 195c x3w 3ms | egraph 15g->49v+0snap 9ms | graft 30 (-64n, 0 snap) cpu 0 | f64 20 | gen 0.2s
 219     0     100               0     0.622948976     0.437099943      4.15914965      14.6895557     0.246228047      0.27561633
 219     1      50               0     0.622948976     0.437099943      4.15914965      14.6895557     0.246228047      0.27561633
          wgpu 1d 109g 190c x3w 5ms | egraph 15g->44v+0snap 5ms | graft 28 (-68n, 0 snap) cpu 0 | f64 20 | gen 0.2s
 220     0     100               0     0.622948976     0.437099943      4.15914965      14.6895557     0.246228047      0.27561633
 220     1      50               0     0.622948976     0.437099943      4.15914965      14.6895557     0.246228047      0.27561633
          wgpu 1d 94g 188c x3w 3ms | egraph 8g->42v+0snap 3ms | graft 27 (-63n, 0 snap) cpu 0 | f64 20 | gen 0.2s
--------- pump migration: intra (promote-2 + intake-reset) ---------
 221     0     100               0      1.66573753      1.05480646      7.61678479      16.8111057     0.658402719     0.665115362
 221     1      50               0     0.622948976     0.437099943      4.15914965      14.6895557     0.246228047      0.27561633
          wgpu 2d 308g 344c x3w 7ms | egraph 87g->118v+0snap 22ms | graft 63 (-153n, 0 snap) cpu 0 | f64 30 | gen 0.2s | dropped inexpr 3 oversz 0 unbuild 0 {}
 222     0     100               0      1.66573753      1.05480646      7.61678479      16.8111057     0.658402719     0.665115362
 222     1      50               0     0.622948976     0.437099943      4.15914965      14.6895557     0.246228047      0.27561633
          wgpu 1d 88g 188c x3w 3ms | egraph 10g->42v+0snap 3ms | graft 26 (-66n, 0 snap) cpu 0 | f64 20 | gen 0.2s
 223     0     100               0      1.66573753      1.05480646      7.61678479      16.8111057     0.658402719     0.665115362
 223     1      50               0     0.622948976     0.437099943      4.15914965      14.6895557     0.246228047      0.27561633
          wgpu 1d 97g 182c x3w 3ms | egraph 10g->36v+0snap 3ms | graft 25 (-68n, 0 snap) cpu 0 | f64 20 | gen 0.2s
 224     0     100               0      1.66573753      1.05480646      7.61678479      16.8111057     0.658402719     0.665115362
 224     1      50               0     0.622948976     0.437099943      4.15914965      14.6895557     0.246228047      0.27561633
          wgpu 1d 112g 188c x3w 4ms | egraph 20g->42v+0snap 11ms | graft 24 (-50n, 0 snap) cpu 0 | f64 20 | gen 0.2s | dropped inexpr 2 oversz 0 unbuild 0 {}
 225     0     100               0      1.66573753      1.05480646      7.61678479      16.8111057     0.658402719     0.665115362
 225     1      50               0     0.622948976     0.437099943      4.15914965      14.6895557     0.246228047      0.27561633
          wgpu 1d 93g 181c x3w 3ms | egraph 12g->35v+0snap 4ms | graft 25 (-58n, 0 snap) cpu 0 | f64 20 | gen 0.2s
 226     0     100               0      1.66573753      1.05480646      7.61678479      16.8111057     0.658402719     0.665115362
 226     1      50               0     0.622948976     0.437099943      4.15914965      14.6895557     0.246228047      0.27561633
          wgpu 1d 89g 183c x3w 12ms | egraph 10g->37v+0snap 3ms | graft 25 (-58n, 0 snap) cpu 0 | f64 20 | gen 0.2s
 227     0     100               0      1.66573753      1.05480646      7.61678479      16.8111057     0.658402719     0.665115362
 227     1      50               0     0.622948976     0.437099943      4.15914965      14.6895557     0.246228047      0.27561633
          wgpu 1d 96g 173c x3w 3ms | egraph 12g->27v+0snap 3ms | graft 24 (-54n, 0 snap) cpu 0 | f64 20 | gen 0.2s
 228     0     100               0      1.66573753      1.05480646      7.61678479      16.8111057     0.658402719     0.665115362
 228     1      50               0     0.622948976     0.437099943      4.15914965      14.6895557     0.246228047      0.27561633
          wgpu 1d 99g 184c x3w 3ms | egraph 12g->38v+0snap 4ms | graft 25 (-75n, 0 snap) cpu 0 | f64 20 | gen 0.2s
 229     0     100               0      1.66573753      1.05480646      7.61678479      16.8111057     0.658402719     0.665115362
 229     1      50               0     0.622948976     0.437099943      4.15914965      14.6895557     0.246228047      0.27561633
          wgpu 1d 113g 182c x3w 3ms | egraph 17g->36v+0snap 10ms | graft 23 (-54n, 0 snap) cpu 0 | f64 20 | gen 0.2s | dropped inexpr 1 oversz 0 unbuild 0 {}
 230     0     100               0      1.66573753      1.05480646      7.61678479      16.8111057     0.658402719     0.665115362
 230     1      50               0     0.622948976     0.437099943      4.15914965      14.6895557     0.246228047      0.27561633
          wgpu 1d 82g 174c x3w 3ms | egraph 12g->28v+0snap 3ms | graft 22 (-51n, 0 snap) cpu 0 | f64 20 | gen 0.2s
--------- pump migration: intra (promote-2 + intake-reset) ---------
 231     0     100               0      1.66573753      1.05480646      7.61678479      16.8111057     0.658402719     0.665115362
 231     1      50               0      1.66573753      1.05480646      7.61678479      16.8111057     0.658402719     0.665115362
          wgpu 2d 306g 354c x3w 8ms | egraph 74g->128v+0snap 19ms | graft 57 (-155n, 0 snap) cpu 0 | f64 30 | gen 0.2s | dropped inexpr 2 oversz 0 unbuild 0 {}
 232     0     100               0      1.66573753      1.05480646      7.61678479      16.8111057     0.658402719     0.665115362
 232     1      50               0      1.66573753      1.05480646      7.61678479      16.8111057     0.658402719     0.665115362
          wgpu 1d 91g 178c x3w 3ms | egraph 5g->32v+0snap 6ms | graft 25 (-54n, 0 snap) cpu 0 | f64 20 | gen 0.2s
 233     0     100               0      1.66573753      1.05480646      7.61678479      16.8111057     0.658402719     0.665115362
 233     1      50               0      1.66573753      1.05480646      7.61678479      16.8111057     0.658402719     0.665115362
          wgpu 1d 103g 182c x3w 3ms | egraph 13g->36v+0snap 4ms | graft 25 (-58n, 0 snap) cpu 0 | f64 20 | gen 0.2s
 234     0     100               0      1.66573753      1.05480646      7.61678479      16.8111057     0.658402719     0.665115362
 234     1      50               0      1.66573753      1.05480646      7.61678479      16.8111057     0.658402719     0.665115362
          wgpu 1d 85g 176c x3w 3ms | egraph 12g->30v+0snap 3ms | graft 21 (-66n, 0 snap) cpu 0 | f64 20 | gen 0.2s
 235     0     100               0      1.66573753      1.05480646      7.61678479      16.8111057     0.658402719     0.665115362
 235     1      50               0      1.66573753      1.05480646      7.61678479      16.8111057     0.658402719     0.665115362
          wgpu 1d 105g 181c x3w 3ms | egraph 21g->35v+0snap 5ms | graft 24 (-63n, 0 snap) cpu 0 | f64 20 | gen 0.2s
 236     0     100               0     0.622948817     0.437100084      4.15914944      14.6895553     0.246227984     0.275616419
 236     1      50               0      1.66573753      1.05480646      7.61678479      16.8111057     0.658402719     0.665115362
          wgpu 1d 106g 178c x3w 3ms | egraph 21g->32v+0snap 6ms | graft 24 (-70n, 0 snap) cpu 0 | f64 20 | gen 0.2s
 237     0     100               0     0.622948817     0.437100084      4.15914944      14.6895553     0.246227984     0.275616419
 237     1      50               0      1.66573753      1.05480646      7.61678479      16.8111057     0.658402719     0.665115362
          wgpu 1d 102g 194c x3w 3ms | egraph 9g->48v+0snap 4ms | graft 35 (-96n, 0 snap) cpu 0 | f64 20 | gen 0.2s
 238     0     100               0     0.622948817     0.437100084      4.15914944      14.6895553     0.246227984     0.275616419
 238     1      50               0      1.66573753      1.05480646      7.61678479      16.8111057     0.658402719     0.665115362
          wgpu 1d 105g 184c x3w 10ms | egraph 16g->38v+0snap 5ms | graft 26 (-58n, 0 snap) cpu 0 | f64 20 | gen 0.2s
 239     0     100               0     0.622948817     0.437100084      4.15914944      14.6895553     0.246227984     0.275616419
 239     1      50               0      1.66573753      1.05480646      7.61678479      16.8111057     0.658402719     0.665115362
          wgpu 1d 90g 185c x3w 3ms | egraph 11g->39v+0snap 4ms | graft 24 (-76n, 0 snap) cpu 0 | f64 20 | gen 0.2s
 240     0     100               0     0.622948817     0.437100084      4.15914944      14.6895553     0.246227984     0.275616419
 240     1      50               0      1.66573753      1.05480646      7.61678479      16.8111057     0.658402719     0.665115362
          wgpu 1d 94g 175c x3w 3ms | egraph 14g->29v+0snap 4ms | graft 19 (-47n, 0 snap) cpu 0 | f64 20 | gen 0.2s
--------- pump migration: intra (promote-2 + intake-reset) + cross ---------
 241     0     100               0     0.622948817     0.437100084      4.15914944      14.6895553     0.246227984     0.275616419
 241     1      50               0     0.622948817     0.437100084      4.15914944      14.6895553     0.246227984     0.275616419
          wgpu 2d 350g 397c x3w 8ms | egraph 99g->171v+0snap 33ms | graft 71 (-251n, 0 snap) cpu 0 | f64 30 | gen 0.2s | dropped inexpr 6 oversz 0 unbuild 0 {}
 242     0     100               0     0.622948817     0.437100084      4.15914944      14.6895553     0.246227984     0.275616419
 242     1      50               0     0.622948817     0.437100084      4.15914944      14.6895553     0.246227984     0.275616419
          wgpu 1d 108g 194c x3w 3ms | egraph 14g->48v+0snap 5ms | graft 30 (-62n, 0 snap) cpu 0 | f64 20 | gen 0.2s | dropped inexpr 3 oversz 0 unbuild 0 {}
 243     0     100               0     0.622948817     0.437100084      4.15914944      14.6895553     0.246227984     0.275616419
 243     1      50               0     0.622948817     0.437100084      4.15914944      14.6895553     0.246227984     0.275616419
          wgpu 1d 102g 192c x3w 3ms | egraph 13g->46v+0snap 4ms | graft 31 (-78n, 0 snap) cpu 0 | f64 20 | gen 0.2s
 244     0     100               0     0.622948817     0.437100084      4.15914944      14.6895553     0.246227984     0.275616419
 244     1      50               0     0.622948817     0.437100084      4.15914944      14.6895553     0.246227984     0.275616419
          wgpu 1d 113g 195c x3w 4ms | egraph 18g->49v+0snap 6ms | graft 26 (-78n, 0 snap) cpu 0 | f64 20 | gen 0.2s
 245     0     100               0     0.622948817     0.437100084      4.15914944      14.6895553     0.246227984     0.275616419
 245     1      50               0     0.622948817     0.437100084      4.15914944      14.6895553     0.246227984     0.275616419
          wgpu 1d 86g 178c x3w 3ms | egraph 7g->32v+0snap 2ms | graft 23 (-45n, 0 snap) cpu 0 | f64 20 | gen 0.2s
 246     0     100               0     0.622948817     0.437100084      4.15914944      14.6895553     0.246227984     0.275616419
 246     1      50               0     0.622948817     0.437100084      4.15914944      14.6895553     0.246227984     0.275616419
          wgpu 1d 95g 191c x3w 3ms | egraph 11g->45v+0snap 3ms | graft 26 (-72n, 0 snap) cpu 0 | f64 20 | gen 0.2s
 247     0     100               0     0.622948817     0.437100084      4.15914944      14.6895553     0.246227984     0.275616419
 247     1      50               0     0.622948817     0.437100084      4.15914944      14.6895553     0.246227984     0.275616419
          wgpu 1d 106g 199c x3w 3ms | egraph 12g->53v+0snap 3ms | graft 35 (-83n, 0 snap) cpu 0 | f64 20 | gen 0.2s
 248     0     100               0     0.622948817     0.437100084      4.15914944      14.6895553     0.246227984     0.275616419
 248     1      50               0     0.622948817     0.437100084      4.15914944      14.6895553     0.246227984     0.275616419
          wgpu 1d 85g 189c x3w 3ms | egraph 8g->43v+0snap 2ms | graft 31 (-73n, 0 snap) cpu 0 | f64 20 | gen 0.2s
 249     0     100               0     0.622948817     0.437100084      4.15914944      14.6895553     0.246227984     0.275616419
 249     1      50               0     0.622948817     0.437100084      4.15914944      14.6895553     0.246227984     0.275616419
          wgpu 1d 101g 190c x3w 4ms | egraph 15g->44v+0snap 5ms | graft 24 (-62n, 0 snap) cpu 0 | f64 20 | gen 0.2s
 250     0     100               0     0.622948817     0.437100084      4.15914944      14.6895553     0.246227984     0.275616419
 250     1      50               0     0.622948817     0.437100084      4.15914944      14.6895553     0.246227984     0.275616419
          wgpu 1d 101g 188c x3w 3ms | egraph 17g->42v+0snap 5ms | graft 30 (-67n, 0 snap) cpu 0 | f64 20 | gen 0.3s
--------- pump migration: intra (promote-2 + intake-reset) ---------
 251     0     100               0     0.622948817     0.437100084      4.15914944      14.6895553     0.246227984     0.275616419
 251     1      50               0     0.622948817     0.437100084      4.15914944      14.6895553     0.246227984     0.275616419
          wgpu 2d 346g 387c x3w 8ms | egraph 101g->161v+0snap 26ms | graft 71 (-228n, 0 snap) cpu 0 | f64 30 | gen 0.2s | dropped inexpr 1 oversz 0 unbuild 0 {}
 252     0     100               0     0.622948817     0.437100084      4.15914944      14.6895553     0.246227984     0.275616419
 252     1      50               0     0.622948817     0.437100084      4.15914944      14.6895553     0.246227984     0.275616419
          wgpu 1d 85g 178c x3w 3ms | egraph 16g->32v+0snap 3ms | graft 21 (-53n, 0 snap) cpu 0 | f64 20 | gen 0.2s
 253     0     100               0     0.622948817     0.437100084      4.15914944      14.6895553     0.246227984     0.275616419
 253     1      50               0     0.622948817     0.437100084      4.15914944      14.6895553     0.246227984     0.275616419
          wgpu 1d 88g 184c x3w 3ms | egraph 6g->38v+0snap 2ms | graft 21 (-54n, 0 snap) cpu 0 | f64 20 | gen 0.2s
 254     0     100               0     0.622948817     0.437100084      4.15914944      14.6895553     0.246227984     0.275616419
 254     1      50               0     0.622948817     0.437100084      4.15914944      14.6895553     0.246227984     0.275616419
          wgpu 1d 94g 194c x3w 12ms | egraph 11g->48v+0snap 3ms | graft 23 (-73n, 0 snap) cpu 0 | f64 20 | gen 0.2s | dropped inexpr 1 oversz 0 unbuild 0 {}
 255     0     100               0     0.622948817     0.437100084      4.15914944      14.6895553     0.246227984     0.275616419
 255     1      50               0     0.622948817     0.437100084      4.15914944      14.6895553     0.246227984     0.275616419
          wgpu 1d 91g 187c x3w 3ms | egraph 9g->41v+0snap 3ms | graft 30 (-68n, 0 snap) cpu 0 | f64 20 | gen 0.2s
 256     0     100               0     0.622948817     0.437100084      4.15914944      14.6895553     0.246227984     0.275616419
 256     1      50               0     0.622948817     0.437100084      4.15914944      14.6895553     0.246227984     0.275616419
          wgpu 1d 104g 194c x3w 4ms | egraph 9g->48v+0snap 5ms | graft 24 (-62n, 0 snap) cpu 0 | f64 20 | gen 0.2s | dropped inexpr 2 oversz 0 unbuild 0 {}
 257     0     100               0     0.622948817     0.437100084      4.15914944      14.6895553     0.246227984     0.275616419
 257     1      50               0     0.622948817     0.437100084      4.15914944      14.6895553     0.246227984     0.275616419
          wgpu 1d 116g 190c x3w 4ms | egraph 19g->44v+0snap 5ms | graft 28 (-62n, 0 snap) cpu 0 | f64 20 | gen 0.2s
 258     0     100               0     0.622948817     0.437100084      4.15914944      14.6895553     0.246227984     0.275616419
 258     1      50               0     0.622948817     0.437100084      4.15914944      14.6895553     0.246227984     0.275616419
          wgpu 1d 102g 197c x3w 4ms | egraph 10g->51v+0snap 12ms | graft 36 (-85n, 0 snap) cpu 0 | f64 20 | gen 0.2s
 259     0     100               0     0.622948817     0.437100084      4.15914944      14.6895553     0.246227984     0.275616419
 259     1      50               0     0.622948817     0.437100084      4.15914944      14.6895553     0.246227984     0.275616419
          wgpu 1d 107g 187c x3w 3ms | egraph 13g->41v+0snap 5ms | graft 28 (-74n, 0 snap) cpu 0 | f64 20 | gen 0.2s
 260     0     100               0     0.622948817     0.437100084      4.15914944      14.6895553     0.246227984     0.275616419
 260     1      50               0     0.622948817     0.437100084      4.15914944      14.6895553     0.246227984     0.275616419
          wgpu 1d 87g 179c x3w 3ms | egraph 15g->33v+0snap 4ms | graft 21 (-41n, 0 snap) cpu 0 | f64 20 | gen 0.2s
--------- pump migration: intra (promote-2 + intake-reset) ---------
 261     0     100               0     0.622948817     0.437100084      4.15914944      14.6895553     0.246227984     0.275616419
 261     1      50               0     0.622948817     0.437100084      4.15914944      14.6895553     0.246227984     0.275616419
          wgpu 2d 300g 363c x3w 8ms | egraph 72g->137v+0snap 21ms | graft 65 (-183n, 0 snap) cpu 0 | f64 30 | gen 0.2s | dropped inexpr 1 oversz 0 unbuild 0 {}
 262     0     100               0     0.622948817     0.437100084      4.15914944      14.6895553     0.246227984     0.275616419
 262     1      50               0     0.622948817     0.437100084      4.15914944      14.6895553     0.246227984     0.275616419
          wgpu 1d 93g 180c x3w 12ms | egraph 9g->34v+0snap 3ms | graft 24 (-58n, 0 snap) cpu 0 | f64 20 | gen 0.2s
 263     0     100               0     0.622948817     0.437100084      4.15914944      14.6895553     0.246227984     0.275616419
 263     1      50               0     0.622948817     0.437100084      4.15914944      14.6895553     0.246227984     0.275616419
          wgpu 1d 112g 198c x3w 8ms | egraph 12g->52v+0snap 9ms | graft 33 (-88n, 0 snap) cpu 0 | f64 20 | gen 0.5s
 264     0     100               0     0.622948817     0.437100084      4.15914944      14.6895553     0.246227984     0.275616419
 264     1      50               0     0.622948817     0.437100084      4.15914944      14.6895553     0.246227984     0.275616419
          wgpu 1d 103g 183c x3w 3ms | egraph 15g->37v+0snap 7ms | graft 18 (-75n, 0 snap) cpu 0 | f64 20 | gen 0.2s
 265     0     100               0     0.622948817     0.437100084      4.15914944      14.6895553     0.246227984     0.275616419
 265     1      50               0     0.622948817     0.437100084      4.15914944      14.6895553     0.246227984     0.275616419
          wgpu 1d 95g 185c x3w 3ms | egraph 13g->39v+0snap 3ms | graft 25 (-54n, 0 snap) cpu 0 | f64 20 | gen 0.2s
 266     0     100               0     0.622948817     0.437100084      4.15914944      14.6895553     0.246227984     0.275616419
 266     1      50               0     0.622948817     0.437100084      4.15914944      14.6895553     0.246227984     0.275616419
          wgpu 1d 114g 205c x3w 4ms | egraph 14g->59v+0snap 6ms | graft 28 (-74n, 0 snap) cpu 0 | f64 20 | gen 0.2s
 267     0     100               0     0.622948976     0.437099943      4.15914965      14.6895557     0.246228047      0.27561633
 267     1      50               0     0.622948817     0.437100084      4.15914944      14.6895553     0.246227984     0.275616419
          wgpu 1d 104g 188c x3w 3ms | egraph 12g->42v+0snap 6ms | graft 20 (-54n, 0 snap) cpu 0 | f64 20 | gen 0.2s
 268     0     100               0     0.622948976     0.437099943      4.15914965      14.6895557     0.246228047      0.27561633
 268     1      50               0     0.622948817     0.437100084      4.15914944      14.6895553     0.246227984     0.275616419
          wgpu 1d 117g 197c x3w 3ms | egraph 22g->51v+0snap 7ms | graft 28 (-86n, 0 snap) cpu 0 | f64 20 | gen 0.2s
 269     0     100               0     0.622948976     0.437099943      4.15914965      14.6895557     0.246228047      0.27561633
 269     1      50               0     0.622948817     0.437100084      4.15914944      14.6895553     0.246227984     0.275616419
          wgpu 1d 91g 185c x3w 4ms | egraph 16g->39v+0snap 8ms | graft 25 (-62n, 0 snap) cpu 0 | f64 20 | gen 0.2s
 270     0     100               0     0.622948976     0.437099943      4.15914965      14.6895557     0.246228047      0.27561633
 270     1      50               0     0.622948817     0.437100084      4.15914944      14.6895553     0.246227984     0.275616419
          wgpu 1d 115g 191c x3w 3ms | egraph 15g->45v+0snap 4ms | graft 25 (-66n, 0 snap) cpu 0 | f64 20 | gen 0.2s
--------- pump migration: intra (promote-2 + intake-reset) + cross ---------
 271     0     100               0     0.622948976     0.437099943      4.15914965      14.6895557     0.246228047      0.27561633
 271     1      50               0     0.622948817     0.437100084      4.15914944      14.6895553     0.246227984     0.275616419
          wgpu 2d 311g 365c x3w 8ms | egraph 81g->139v+0snap 25ms | graft 65 (-171n, 0 snap) cpu 0 | f64 30 | gen 0.2s | dropped inexpr 3 oversz 0 unbuild 0 {}
 272     0     100               0      1.49093595     0.920483357      5.94843989      15.7898939     0.589310297     0.580417016
 272     1      50               0     0.622948817     0.437100084      4.15914944      14.6895553     0.246227984     0.275616419
          wgpu 1d 122g 197c x3w 6ms | egraph 19g->51v+0snap 7ms | graft 27 (-81n, 0 snap) cpu 0 | f64 20 | gen 0.2s
 273     0     100               0     0.622948976     0.437099943      4.15914965      14.6895557     0.246228047      0.27561633
 273     1      50               0     0.622948976     0.437099943      4.15914965      14.6895557     0.246228047      0.27561633
          wgpu 1d 108g 190c x3w 3ms | egraph 17g->44v+0snap 10ms | graft 23 (-86n, 0 snap) cpu 0 | f64 20 | gen 0.2s
 274     0     100               0      1.49093595     0.920483357      5.94843989      15.7898939     0.589310297     0.580417016
 274     1      50               0     0.622948976     0.437099943      4.15914965      14.6895557     0.246228047      0.27561633
          wgpu 1d 96g 187c x3w 3ms | egraph 14g->41v+0snap 5ms | graft 21 (-66n, 0 snap) cpu 0 | f64 20 | gen 0.2s
 275     0     100               0      1.49093595     0.920483357      5.94843989      15.7898939     0.589310297     0.580417016
 275     1      50               0     0.622948976     0.437099943      4.15914965      14.6895557     0.246228047      0.27561633
          wgpu 1d 82g 177c x3w 4ms | egraph 16g->31v+0snap 6ms | graft 18 (-49n, 0 snap) cpu 0 | f64 20 | gen 0.2s
 276     0     100               0      1.49093595     0.920483357      5.94843989      15.7898939     0.589310297     0.580417016
 276     1      50               0     0.622948976     0.437099943      4.15914965      14.6895557     0.246228047      0.27561633
          wgpu 1d 92g 181c x3w 3ms | egraph 20g->35v+0snap 7ms | graft 21 (-51n, 0 snap) cpu 0 | f64 20 | gen 0.2s | dropped inexpr 1 oversz 0 unbuild 0 {}
 277     0     100               0      1.49093595     0.920483357      5.94843989      15.7898939     0.589310297     0.580417016
 277     1      50               0     0.622948976     0.437099943      4.15914965      14.6895557     0.246228047      0.27561633
          wgpu 1d 82g 168c x3w 3ms | egraph 16g->22v+0snap 4ms | graft 13 (-28n, 0 snap) cpu 0 | f64 20 | gen 0.2s
 278     0     100               0      1.49093595     0.920483357      5.94843989      15.7898939     0.589310297     0.580417016
 278     1      50               0     0.622948976     0.437099943      4.15914965      14.6895557     0.246228047      0.27561633
          wgpu 1d 87g 180c x3w 3ms | egraph 13g->34v+0snap 5ms | graft 21 (-85n, 0 snap) cpu 0 | f64 20 | gen 0.2s | dropped inexpr 1 oversz 0 unbuild 0 {}
 279     0     100               0      1.49093595     0.920483357      5.94843989      15.7898939     0.589310297     0.580417016
 279     1      50               0     0.622948976     0.437099943      4.15914965      14.6895557     0.246228047      0.27561633
          wgpu 1d 95g 179c x3w 3ms | egraph 20g->33v+0snap 7ms | graft 21 (-73n, 0 snap) cpu 0 | f64 20 | gen 0.2s
 280     0     100               0      1.49093595     0.920483357      5.94843989      15.7898939     0.589310297     0.580417016
 280     1      50               0     0.622948976     0.437099943      4.15914965      14.6895557     0.246228047      0.27561633
          wgpu 1d 88g 180c x3w 3ms | egraph 14g->34v+0snap 4ms | graft 25 (-59n, 0 snap) cpu 0 | f64 20 | gen 0.2s
--------- pump migration: intra (promote-2 + intake-reset) ---------
 281     0     100               0      1.49093595     0.920483357      5.94843989      15.7898939     0.589310297     0.580417016
 281     1      50               0      1.49093595     0.920483357      5.94843989      15.7898939     0.589310297     0.580417016
          wgpu 2d 325g 378c x3w 9ms | egraph 88g->152v+0snap 46ms | graft 64 (-191n, 0 snap) cpu 0 | f64 30 | gen 0.3s | dropped inexpr 1 oversz 0 unbuild 0 {}
 282     0     100               0     0.622948817     0.437100084      4.15914944      14.6895553     0.246227984     0.275616419
 282     1      50               0      1.49093595     0.920483357      5.94843989      15.7898939     0.589310297     0.580417016
          wgpu 1d 95g 178c x3w 3ms | egraph 17g->32v+0snap 6ms | graft 19 (-52n, 0 snap) cpu 0 | f64 20 | gen 0.2s
 283     0     100               0     0.622948817     0.437100084      4.15914944      14.6895553     0.246227984     0.275616419
 283     1      50               0      1.49093595     0.920483357      5.94843989      15.7898939     0.589310297     0.580417016
          wgpu 1d 109g 208c x3w 4ms | egraph 20g->62v+0snap 10ms | graft 37 (-90n, 0 snap) cpu 0 | f64 20 | gen 0.3s
 284     0     100               0     0.622948817     0.437100084      4.15914944      14.6895553     0.246227984     0.275616419
 284     1      50               0      1.49093595     0.920483357      5.94843989      15.7898939     0.589310297     0.580417016
          wgpu 1d 102g 192c x3w 4ms | egraph 23g->46v+0snap 6ms | graft 25 (-70n, 0 snap) cpu 0 | f64 20 | gen 0.2s
 285     0     100               0     0.622948817     0.437100084      4.15914944      14.6895553     0.246227984     0.275616419
 285     1      50               0      1.49093595     0.920483357      5.94843989      15.7898939     0.589310297     0.580417016
          wgpu 1d 107g 199c x3w 4ms | egraph 23g->53v+0snap 5ms | graft 24 (-52n, 0 snap) cpu 0 | f64 20 | gen 0.2s
 286     0     100               0     0.622948817     0.437100084      4.15914944      14.6895553     0.246227984     0.275616419
 286     1      50               0      1.49093595     0.920483357      5.94843989      15.7898939     0.589310297     0.580417016
          wgpu 1d 108g 212c x3w 4ms | egraph 17g->66v+0snap 5ms | graft 22 (-74n, 0 snap) cpu 0 | f64 20 | gen 0.1s
 287     0     100               0     0.622948817     0.437100084      4.15914944      14.6895553     0.246227984     0.275616419
 287     1      50               0      1.49093595     0.920483357      5.94843989      15.7898939     0.589310297     0.580417016
          wgpu 1d 120g 217c x3w 3ms | egraph 18g->71v+0snap 7ms | graft 32 (-81n, 0 snap) cpu 0 | f64 20 | gen 0.2s | dropped inexpr 1 oversz 0 unbuild 0 {}
 288     0     100               0     0.622948976     0.437099943      4.15914965      14.6895557     0.246228047      0.27561633
 288     1      50               0      1.49093595     0.920483357      5.94843989      15.7898939     0.589310297     0.580417016
          wgpu 1d 99g 197c x3w 3ms | egraph 21g->51v+0snap 5ms | graft 24 (-59n, 0 snap) cpu 0 | f64 20 | gen 0.1s
 289     0     100               0     0.622948817     0.437100084      4.15914944      14.6895553     0.246227984     0.275616419
 289     1      50               0      1.49093595     0.920483357      5.94843989      15.7898939     0.589310297     0.580417016
          wgpu 1d 117g 218c x3w 4ms | egraph 26g->72v+0snap 10ms | graft 37 (-90n, 0 snap) cpu 0 | f64 20 | gen 0.2s
 290     0     100               0     0.622948976     0.437099943      4.15914965      14.6895557     0.246228047      0.27561633
 290     1      50               0      1.49093595     0.920483357      5.94843989      15.7898939     0.589310297     0.580417016
          wgpu 1d 95g 208c x3w 4ms | egraph 24g->62v+0snap 6ms | graft 31 (-60n, 0 snap) cpu 0 | f64 20 | gen 0.2s | dropped inexpr 1 oversz 0 unbuild 0 {}
--------- pump migration: intra (promote-2 + intake-reset) ---------
 291     0     100               0     0.622948817     0.437100084      4.15914944      14.6895553     0.246227984     0.275616419
 291     1      50               0     0.622948976     0.437099943      4.15914965      14.6895557     0.246228047      0.27561633
          wgpu 2d 343g 379c x3w 15ms | egraph 95g->153v+0snap 29ms | graft 73 (-215n, 0 snap) cpu 0 | f64 30 | gen 0.2s | dropped inexpr 4 oversz 0 unbuild 0 {}
 292     0     100               0     0.622948817     0.437100084      4.15914944      14.6895553     0.246227984     0.275616419
 292     1      50               0     0.622948976     0.437099943      4.15914965      14.6895557     0.246228047      0.27561633
          wgpu 1d 87g 176c x3w 3ms | egraph 17g->30v+0snap 4ms | graft 26 (-59n, 0 snap) cpu 0 | f64 20 | gen 0.2s
 293     0     100               0     0.622948817     0.437100084      4.15914944      14.6895553     0.246227984     0.275616419
 293     1      50               0     0.622948976     0.437099943      4.15914965      14.6895557     0.246228047      0.27561633
          wgpu 1d 97g 183c x3w 6ms | egraph 19g->37v+0snap 6ms | graft 23 (-62n, 0 snap) cpu 0 | f64 20 | gen 0.1s
 294     0     100               0     0.622948817     0.437100084      4.15914944      14.6895553     0.246227984     0.275616419
 294     1      50               0     0.622948976     0.437099943      4.15914965      14.6895557     0.246228047      0.27561633
          wgpu 1d 97g 175c x3w 3ms | egraph 17g->29v+0snap 4ms | graft 23 (-59n, 0 snap) cpu 0 | f64 20 | gen 0.1s
 295     0     100               0     0.622948817     0.437100084      4.15914944      14.6895553     0.246227984     0.275616419
 295     1      50               0     0.622948976     0.437099943      4.15914965      14.6895557     0.246228047      0.27561633
          wgpu 1d 85g 172c x3w 3ms | egraph 12g->26v+0snap 3ms | graft 21 (-46n, 0 snap) cpu 0 | f64 20 | gen 0.2s
 296     0     100               0     0.622948817     0.437100084      4.15914944      14.6895553     0.246227984     0.275616419
 296     1      50               0     0.622948976     0.437099943      4.15914965      14.6895557     0.246228047      0.27561633
          wgpu 1d 91g 172c x3w 3ms | egraph 18g->26v+0snap 13ms | graft 17 (-35n, 0 snap) cpu 0 | f64 20 | gen 0.2s
 297     0     100               0     0.622948817     0.437100084      4.15914944      14.6895553     0.246227984     0.275616419
 297     1      50               0     0.622948976     0.437099943      4.15914965      14.6895557     0.246228047      0.27561633
          wgpu 1d 93g 173c x3w 3ms | egraph 19g->27v+0snap 6ms | graft 22 (-58n, 0 snap) cpu 0 | f64 20 | gen 0.2s
 298     0     100               0     0.622948817     0.437100084      4.15914944      14.6895553     0.246227984     0.275616419
 298     1      50               0     0.622948976     0.437099943      4.15914965      14.6895557     0.246228047      0.27561633
          wgpu 1d 97g 182c x3w 3ms | egraph 15g->36v+0snap 6ms | graft 20 (-49n, 0 snap) cpu 0 | f64 20 | gen 0.3s
 299     0     100               0     0.622948817     0.437100084      4.15914944      14.6895553     0.246227984     0.275616419
 299     1      50               0     0.622948976     0.437099943      4.15914965      14.6895557     0.246228047      0.27561633
          wgpu 1d 93g 178c x3w 6ms | egraph 14g->32v+0snap 6ms | graft 28 (-64n, 0 snap) cpu 0 | f64 20 | gen 0.2s
 300     0     100               0     0.622948817     0.437100084      4.15914944      14.6895553     0.246227984     0.275616419
 300     1      50               0     0.622948976     0.437099943      4.15914965      14.6895557     0.246228047      0.27561633
          wgpu 1d 101g 185c x3w 12ms | egraph 20g->39v+0snap 6ms | graft 30 (-84n, 0 snap) cpu 0 | f64 20 | gen 0.2s
--------- pump migration: intra (promote-2 + intake-reset) + cross ---------
 301     0     100               0     0.622948817     0.437100084      4.15914944      14.6895553     0.246227984     0.275616419
 301     1      50               0     0.622948817     0.437100084      4.15914944      14.6895553     0.246227984     0.275616419
          wgpu 2d 323g 365c x3w 8ms | egraph 90g->139v+0snap 32ms | graft 66 (-196n, 0 snap) cpu 0 | f64 30 | gen 0.2s | dropped inexpr 3 oversz 0 unbuild 0 {}
 302     0     100               0     0.622948817     0.437100084      4.15914944      14.6895553     0.246227984     0.275616419
 302     1      50               0     0.622948976     0.437099943      4.15914965      14.6895557     0.246228047      0.27561633
          wgpu 1d 91g 170c x3w 3ms | egraph 15g->24v+0snap 4ms | graft 18 (-41n, 0 snap) cpu 0 | f64 20 | gen 0.1s
 303     0     100               0     0.622948817     0.437100084      4.15914944      14.6895553     0.246227984     0.275616419
 303     1      50               0     0.622948976     0.437099943      4.15914965      14.6895557     0.246228047      0.27561633
          wgpu 1d 86g 175c x3w 3ms | egraph 16g->29v+0snap 4ms | graft 22 (-52n, 0 snap) cpu 0 | f64 20 | gen 0.2s
 304     0     100               0     0.622948817     0.437100084      4.15914944      14.6895553     0.246227984     0.275616419
 304     1      50               0     0.622948976     0.437099943      4.15914965      14.6895557     0.246228047      0.27561633
          wgpu 1d 75g 169c x3w 3ms | egraph 7g->23v+0snap 2ms | graft 20 (-36n, 0 snap) cpu 0 | f64 20 | gen 0.2s
 305     0     100               0     0.622948817     0.437100084      4.15914944      14.6895553     0.246227984     0.275616419
 305     1      50               0     0.622948976     0.437099943      4.15914965      14.6895557     0.246228047      0.27561633
          wgpu 1d 85g 170c x3w 3ms | egraph 9g->24v+0snap 7ms | graft 17 (-39n, 0 snap) cpu 0 | f64 20 | gen 0.1s
 306     0     100               0     0.622948817     0.437100084      4.15914944      14.6895553     0.246227984     0.275616419
 306     1      50               0     0.622948976     0.437099943      4.15914965      14.6895557     0.246228047      0.27561633
          wgpu 1d 98g 183c x3w 12ms | egraph 17g->37v+0snap 5ms | graft 30 (-74n, 0 snap) cpu 0 | f64 20 | gen 0.2s | dropped inexpr 1 oversz 0 unbuild 0 {}
 307     0     100               0     0.622948817     0.437100084      4.15914944      14.6895553     0.246227984     0.275616419
 307     1      50               0     0.622948976     0.437099943      4.15914965      14.6895557     0.246228047      0.27561633
          wgpu 1d 81g 168c x3w 3ms | egraph 7g->22v+0snap 3ms | graft 17 (-44n, 0 snap) cpu 0 | f64 20 | gen 0.2s
 308     0     100               0     0.622948817     0.437100084      4.15914944      14.6895553     0.246227984     0.275616419
 308     1      50               0     0.622948976     0.437099943      4.15914965      14.6895557     0.246228047      0.27561633
          wgpu 1d 89g 178c x3w 3ms | egraph 12g->32v+0snap 3ms | graft 23 (-63n, 0 snap) cpu 0 | f64 20 | gen 0.1s
 309     0     100               0     0.622948817     0.437100084      4.15914944      14.6895553     0.246227984     0.275616419
 309     1      50               0     0.622948976     0.437099943      4.15914965      14.6895557     0.246228047      0.27561633
          wgpu 1d 78g 171c x3w 3ms | egraph 9g->25v+0snap 3ms | graft 19 (-41n, 0 snap) cpu 0 | f64 20 | gen 0.2s
 310     0     100               0     0.622948817     0.437100084      4.15914944      14.6895553     0.246227984     0.275616419
 310     1      50               0     0.622948976     0.437099943      4.15914965      14.6895557     0.246228047      0.27561633
          wgpu 1d 92g 172c x3w 3ms | egraph 19g->26v+0snap 5ms | graft 17 (-54n, 0 snap) cpu 0 | f64 20 | gen 0.1s
--------- pump migration: intra (promote-2 + intake-reset) ---------
 311     0     100               0     0.622948817     0.437100084      4.15914944      14.6895553     0.246227984     0.275616419
 311     1      50               0     0.622948817     0.437100084      4.15914944      14.6895553     0.246227984     0.275616419
          wgpu 2d 289g 374c x3w 11ms | egraph 85g->148v+0snap 26ms | graft 76 (-197n, 0 snap) cpu 0 | f64 30 | gen 0.1s | dropped inexpr 6 oversz 0 unbuild 0 {}
 312     0     100               0     0.622948817     0.437100084      4.15914944      14.6895553     0.246227984     0.275616419
 312     1      50               0     0.622948976     0.437099943      4.15914965      14.6895557     0.246228047      0.27561633
          wgpu 1d 82g 171c x3w 4ms | egraph 12g->25v+0snap 4ms | graft 17 (-45n, 0 snap) cpu 0 | f64 20 | gen 0.1s
 313     0     100               0     0.622948817     0.437100084      4.15914944      14.6895553     0.246227984     0.275616419
 313     1      50               0     0.622948976     0.437099943      4.15914965      14.6895557     0.246228047      0.27561633
          wgpu 1d 96g 176c x3w 3ms | egraph 13g->30v+0snap 13ms | graft 24 (-62n, 0 snap) cpu 0 | f64 20 | gen 0.2s
 314     0     100               0     0.622948817     0.437100084      4.15914944      14.6895553     0.246227984     0.275616419
 314     1      50               0     0.622948817     0.437100084      4.15914944      14.6895553     0.246227984     0.275616419
          wgpu 1d 99g 183c x3w 13ms | egraph 16g->37v+0snap 7ms | graft 24 (-66n, 0 snap) cpu 0 | f64 20 | gen 0.2s
 315     0     100               0     0.622948817     0.437100084      4.15914944      14.6895553     0.246227984     0.275616419
 315     1      50               0     0.622948817     0.437100084      4.15914944      14.6895553     0.246227984     0.275616419
          wgpu 1d 88g 175c x3w 5ms | egraph 8g->29v+0snap 5ms | graft 23 (-43n, 0 snap) cpu 0 | f64 20 | gen 0.2s
 316     0     100               0     0.622948817     0.437100084      4.15914944      14.6895553     0.246227984     0.275616419
 316     1      50               0     0.622948817     0.437100084      4.15914944      14.6895553     0.246227984     0.275616419
          wgpu 1d 96g 171c x3w 5ms | egraph 11g->25v+0snap 7ms | graft 19 (-43n, 0 snap) cpu 0 | f64 20 | gen 0.2s
 317     0     100               0     0.622948817     0.437100084      4.15914944      14.6895553     0.246227984     0.275616419
 317     1      50               0     0.622948817     0.437100084      4.15914944      14.6895553     0.246227984     0.275616419
          wgpu 1d 90g 176c x3w 20ms | egraph 11g->30v+0snap 9ms | graft 21 (-53n, 0 snap) cpu 0 | f64 20 | gen 0.2s
 318     0     100               0     0.622948817     0.437100084      4.15914944      14.6895553     0.246227984     0.275616419
 318     1      50               0     0.622948817     0.437100084      4.15914944      14.6895553     0.246227984     0.275616419
          wgpu 1d 80g 175c x3w 18ms | egraph 11g->29v+0snap 7ms | graft 21 (-56n, 0 snap) cpu 0 | f64 20 | gen 0.2s
 319     0     100               0     0.622948817     0.437100084      4.15914944      14.6895553     0.246227984     0.275616419
 319     1      50               0     0.622948817     0.437100084      4.15914944      14.6895553     0.246227984     0.275616419
          wgpu 1d 81g 177c x3w 12ms | egraph 12g->31v+0snap 11ms | graft 20 (-52n, 0 snap) cpu 0 | f64 20 | gen 0.2s
 320     0     100               0     0.622948817     0.437100084      4.15914944      14.6895553     0.246227984     0.275616419
 320     1      50               0     0.622948817     0.437100084      4.15914944      14.6895553     0.246227984     0.275616419
          wgpu 1d 87g 182c x3w 5ms | egraph 9g->36v+0snap 8ms | graft 30 (-62n, 0 snap) cpu 0 | f64 20 | gen 0.2s
--------- pump migration: intra (promote-2 + intake-reset) ---------
 321     0     100               0     0.622948817     0.437100084      4.15914944      14.6895553     0.246227984     0.275616419
 321     1      50               0     0.622948817     0.437100084      4.15914944      14.6895553     0.246227984     0.275616419
          wgpu 2d 330g 366c x3w 16ms | egraph 98g->140v+0snap 59ms | graft 67 (-243n, 0 snap) cpu 0 | f64 30 | gen 0.2s | dropped inexpr 1 oversz 0 unbuild 0 {}
 322     0     100               0     0.622948817     0.437100084      4.15914944      14.6895553     0.246227984     0.275616419
 322     1      50               0     0.622948817     0.437100084      4.15914944      14.6895553     0.246227984     0.275616419
          wgpu 1d 88g 171c x3w 4ms | egraph 14g->25v+0snap 17ms | graft 18 (-40n, 0 snap) cpu 0 | f64 20 | gen 0.2s
 323     0     100               0     0.622948817     0.437100084      4.15914944      14.6895553     0.246227984     0.275616419
 323     1      50               0     0.622948817     0.437100084      4.15914944      14.6895553     0.246227984     0.275616419
          wgpu 1d 86g 175c x3w 18ms | egraph 15g->29v+0snap 9ms | graft 21 (-46n, 0 snap) cpu 0 | f64 20 | gen 0.2s
 324     0     100               0     0.622948817     0.437100084      4.15914944      14.6895553     0.246227984     0.275616419
 324     1      50               0     0.622948817     0.437100084      4.15914944      14.6895553     0.246227984     0.275616419
          wgpu 1d 87g 174c x3w 15ms | egraph 13g->28v+0snap 8ms | graft 18 (-46n, 0 snap) cpu 0 | f64 20 | gen 0.2s
 325     0     100               0     0.622948817     0.437100084      4.15914944      14.6895553     0.246227984     0.275616419
 325     1      50               0     0.622948817     0.437100084      4.15914944      14.6895553     0.246227984     0.275616419
          wgpu 1d 102g 183c x3w 5ms | egraph 15g->37v+0snap 39ms | graft 27 (-69n, 0 snap) cpu 0 | f64 20 | gen 0.2s
 326     0     100               0     0.622948817     0.437100084      4.15914944      14.6895553     0.246227984     0.275616419
 326     1      50               0     0.622948817     0.437100084      4.15914944      14.6895553     0.246227984     0.275616419
          wgpu 1d 100g 193c x3w 5ms | egraph 16g->47v+0snap 20ms | graft 20 (-44n, 0 snap) cpu 0 | f64 20 | gen 0.2s
 327     0     100               0     0.622948817     0.437100084      4.15914944      14.6895553     0.246227984     0.275616419
 327     1      50               0     0.622948817     0.437100084      4.15914944      14.6895553     0.246227984     0.275616419
          wgpu 1d 105g 224c x3w 8ms | egraph 17g->78v+0snap 10ms | graft 27 (-67n, 0 snap) cpu 0 | f64 20 | gen 0.2s
 328     0     100               0     0.622948817     0.437100084      4.15914944      14.6895553     0.246227984     0.275616419
 328     1      50               0     0.622948817     0.437100084      4.15914944      14.6895553     0.246227984     0.275616419
          wgpu 1d 92g 219c x3w 5ms | egraph 11g->73v+0snap 19ms | graft 28 (-69n, 0 snap) cpu 0 | f64 20 | gen 0.2s
 329     0     100               0     0.622948817     0.437100084      4.15914944      14.6895553     0.246227984     0.275616419
 329     1      50               0     0.622948817     0.437100084      4.15914944      14.6895553     0.246227984     0.275616419
          wgpu 1d 115g 230c x3w 39ms | egraph 15g->84v+0snap 14ms | graft 34 (-90n, 0 snap) cpu 0 | f64 20 | gen 0.2s | dropped inexpr 1 oversz 0 unbuild 0 {}
 330     0     100               0     0.622948817     0.437100084      4.15914944      14.6895553     0.246227984     0.275616419
 330     1      50               0     0.622948817     0.437100084      4.15914944      14.6895553     0.246227984     0.275616419
          wgpu 1d 94g 241c x3w 5ms | egraph 13g->95v+0snap 14ms | graft 29 (-87n, 0 snap) cpu 0 | f64 20 | gen 0.2s
--------- pump migration: intra (promote-2 + intake-reset) + cross ---------
 331     0     100               0     0.622948817     0.437100084      4.15914944      14.6895553     0.246227984     0.275616419
 331     1      50               0     0.622948817     0.437100084      4.15914944      14.6895553     0.246227984     0.275616419
          wgpu 2d 327g 376c x3w 27ms | egraph 79g->150v+0snap 60ms | graft 62 (-200n, 0 snap) cpu 0 | f64 30 | gen 0.3s | dropped inexpr 2 oversz 0 unbuild 0 {}
 332     0     100               0     0.622948817     0.437100084      4.15914944      14.6895553     0.246227984     0.275616419
 332     1      50               0     0.622948817     0.437100084      4.15914944      14.6895553     0.246227984     0.275616419
          wgpu 1d 98g 194c x3w 10ms | egraph 13g->48v+0snap 12ms | graft 19 (-44n, 0 snap) cpu 0 | f64 20 | gen 0.2s
 333     0     100               0     0.622948817     0.437100084      4.15914944      14.6895553     0.246227984     0.275616419
 333     1      50               0     0.622948817     0.437100084      4.15914944      14.6895553     0.246227984     0.275616419
          wgpu 1d 101g 206c x3w 58ms | egraph 17g->60v+0snap 8ms | graft 19 (-51n, 0 snap) cpu 0 | f64 20 | gen 0.3s | dropped inexpr 1 oversz 0 unbuild 0 {}
 334     0     100               0     0.622948817     0.437100084      4.15914944      14.6895553     0.246227984     0.275616419
 334     1      50               0     0.622948817     0.437100084      4.15914944      14.6895553     0.246227984     0.275616419
          wgpu 1d 101g 203c x3w 6ms | egraph 14g->57v+0snap 10ms | graft 28 (-90n, 0 snap) cpu 0 | f64 20 | gen 0.2s
 335     0     100               0     0.622948817     0.437100084      4.15914944      14.6895553     0.246227984     0.275616419
 335     1      50               0     0.622948817     0.437100084      4.15914944      14.6895553     0.246227984     0.275616419
          wgpu 1d 89g 198c x3w 4ms | egraph 7g->52v+0snap 5ms | graft 27 (-61n, 0 snap) cpu 0 | f64 20 | gen 0.2s
 336     0     100               0     0.622948817     0.437100084      4.15914944      14.6895553     0.246227984     0.275616419
 336     1      50               0     0.622948817     0.437100084      4.15914944      14.6895553     0.246227984     0.275616419
          wgpu 1d 114g 228c x3w 6ms | egraph 18g->82v+0snap 27ms | graft 32 (-76n, 0 snap) cpu 0 | f64 20 | gen 0.2s | dropped inexpr 1 oversz 0 unbuild 0 {}
 337     0     100               0     0.622948817     0.437100084      4.15914944      14.6895553     0.246227984     0.275616419
 337     1      50               0     0.622948817     0.437100084      4.15914944      14.6895553     0.246227984     0.275616419
          wgpu 1d 97g 190c x3w 5ms | egraph 10g->44v+0snap 7ms | graft 23 (-56n, 0 snap) cpu 0 | f64 20 | gen 0.2s
 338     0     100               0     0.622948817     0.437100084      4.15914944      14.6895553     0.246227984     0.275616419
 338     1      50               0     0.622948817     0.437100084      4.15914944      14.6895553     0.246227984     0.275616419
          wgpu 1d 99g 202c x3w 40ms | egraph 10g->56v+0snap 24ms | graft 27 (-82n, 0 snap) cpu 0 | f64 20 | gen 0.2s
 339     0     100               0     0.622948817     0.437100084      4.15914944      14.6895553     0.246227984     0.275616419
 339     1      50               0     0.622948817     0.437100084      4.15914944      14.6895553     0.246227984     0.275616419
          wgpu 1d 109g 205c x3w 6ms | egraph 13g->59v+0snap 22ms | graft 28 (-86n, 0 snap) cpu 0 | f64 20 | gen 0.2s
 340     0     100               0     0.622948817     0.437100084      4.15914944      14.6895553     0.246227984     0.275616419
 340     1      50               0     0.622948817     0.437100084      4.15914944      14.6895553     0.246227984     0.275616419
          wgpu 1d 112g 219c x3w 21ms | egraph 17g->73v+0snap 12ms | graft 24 (-78n, 0 snap) cpu 0 | f64 20 | gen 0.2s
--------- pump migration: intra (promote-2 + intake-reset) ---------
 341     0     100               0     0.622948817     0.437100084      4.15914944      14.6895553     0.246227984     0.275616419
 341     1      50               0     0.622948817     0.437100084      4.15914944      14.6895553     0.246227984     0.275616419
          wgpu 2d 339g 426c x3w 12ms | egraph 96g->200v+0snap 67ms | graft 95 (-326n, 0 snap) cpu 0 | f64 30 | gen 0.3s | dropped inexpr 1 oversz 0 unbuild 0 {}
 342     0     100               0     0.622948817     0.437100084      4.15914944      14.6895553     0.246227984     0.275616419
 342     1      50               0     0.622948817     0.437100084      4.15914944      14.6895553     0.246227984     0.275616419
          wgpu 1d 126g 223c x3w 26ms | egraph 22g->77v+0snap 15ms | graft 31 (-90n, 0 snap) cpu 0 | f64 20 | gen 0.2s
 343     0     100               0     0.622948817     0.437100084      4.15914944      14.6895553     0.246227984     0.275616419
 343     1      50               0     0.622948817     0.437100084      4.15914944      14.6895553     0.246227984     0.275616419
          wgpu 1d 93g 223c x3w 5ms | egraph 8g->77v+0snap 6ms | graft 31 (-70n, 0 snap) cpu 0 | f64 20 | gen 0.2s
 344     0     100               0     0.622948817     0.437100084      4.15914944      14.6895553     0.246227984     0.275616419
 344     1      50               0     0.622948817     0.437100084      4.15914944      14.6895553     0.246227984     0.275616419
          wgpu 1d 102g 238c x3w 13ms | egraph 16g->92v+0snap 12ms | graft 34 (-78n, 0 snap) cpu 0 | f64 20 | gen 0.3s
 345     0     100               0     0.622948817     0.437100084      4.15914944      14.6895553     0.246227984     0.275616419
 345     1      50               0     0.622948817     0.437100084      4.15914944      14.6895553     0.246227984     0.275616419
          wgpu 1d 100g 242c x3w 15ms | egraph 15g->96v+0snap 11ms | graft 26 (-57n, 0 snap) cpu 0 | f64 20 | gen 0.2s | dropped inexpr 1 oversz 0 unbuild 0 {}
 346     0     100               0     0.622948817     0.437100084      4.15914944      14.6895553     0.246227984     0.275616419
 346     1      50               0     0.622948817     0.437100084      4.15914944      14.6895553     0.246227984     0.275616419
          wgpu 1d 119g 237c x3w 6ms | egraph 16g->91v+0snap 12ms | graft 27 (-62n, 0 snap) cpu 0 | f64 20 | gen 0.2s
 347     0     100               0     0.622948817     0.437100084      4.15914944      14.6895553     0.246227984     0.275616419
 347     1      50               0     0.622948817     0.437100084      4.15914944      14.6895553     0.246227984     0.275616419
          wgpu 1d 125g 221c x3w 5ms | egraph 22g->75v+0snap 12ms | graft 29 (-78n, 0 snap) cpu 0 | f64 20 | gen 0.2s
 348     0     100               0     0.622948817     0.437100084      4.15914944      14.6895553     0.246227984     0.275616419
 348     1      50               0     0.622948817     0.437100084      4.15914944      14.6895553     0.246227984     0.275616419
          wgpu 1d 96g 209c x3w 5ms | egraph 13g->63v+0snap 31ms | graft 27 (-58n, 0 snap) cpu 0 | f64 20 | gen 0.2s
 349     0     100               0     0.622948817     0.437100084      4.15914944      14.6895553     0.246227984     0.275616419
 349     1      50               0     0.622948817     0.437100084      4.15914944      14.6895553     0.246227984     0.275616419
          wgpu 1d 107g 210c x3w 5ms | egraph 12g->64v+0snap 12ms | graft 20 (-52n, 0 snap) cpu 0 | f64 20 | gen 0.2s
 350     0     100               0     0.622948817     0.437100084      4.15914944      14.6895553     0.246227984     0.275616419
 350     1      50               0     0.622948817     0.437100084      4.15914944      14.6895553     0.246227984     0.275616419
          wgpu 1d 99g 242c x3w 5ms | egraph 15g->96v+0snap 58ms | graft 24 (-67n, 0 snap) cpu 0 | f64 20 | gen 0.2s | dropped inexpr 1 oversz 0 unbuild 0 {}
--------- pump migration: intra (promote-2 + intake-reset) ---------
 351     0     100               0     0.622948817     0.437100084      4.15914944      14.6895553     0.246227984     0.275616419
 351     1      50               0     0.622948817     0.437100084      4.15914944      14.6895553     0.246227984     0.275616419
          wgpu 2d 329g 410c x3w 28ms | egraph 92g->184v+0snap 60ms | graft 65 (-205n, 0 snap) cpu 0 | f64 30 | gen 0.4s | dropped inexpr 2 oversz 0 unbuild 0 {}
 352     0     100               0     0.622948817     0.437100084      4.15914944      14.6895553     0.246227984     0.275616419
 352     1      50               0     0.622948817     0.437100084      4.15914944      14.6895553     0.246227984     0.275616419
          wgpu 1d 103g 220c x3w 19ms | egraph 12g->74v+0snap 9ms | graft 27 (-71n, 0 snap) cpu 0 | f64 20 | gen 0.2s
 353     0     100               0     0.622948817     0.437100084      4.15914944      14.6895553     0.246227984     0.275616419
 353     1      50               0     0.622948817     0.437100084      4.15914944      14.6895553     0.246227984     0.275616419
          wgpu 1d 99g 213c x3w 4ms | egraph 18g->67v+0snap 15ms | graft 19 (-55n, 0 snap) cpu 0 | f64 20 | gen 0.2s | dropped inexpr 2 oversz 0 unbuild 0 {}
 354     0     100               0     0.622948817     0.437100084      4.15914944      14.6895553     0.246227984     0.275616419
 354     1      50               0     0.622948817     0.437100084      4.15914944      14.6895553     0.246227984     0.275616419
          wgpu 1d 80g 210c x3w 4ms | egraph 9g->64v+0snap 24ms | graft 26 (-71n, 0 snap) cpu 0 | f64 20 | gen 0.2s
 355     0     100               0     0.622948817     0.437100084      4.15914944      14.6895553     0.246227984     0.275616419
 355     1      50               0     0.622948817     0.437100084      4.15914944      14.6895553     0.246227984     0.275616419
          wgpu 1d 110g 227c x3w 19ms | egraph 8g->81v+0snap 5ms | graft 28 (-68n, 0 snap) cpu 0 | f64 20 | gen 0.2s
 356     0     100               0     0.622948817     0.437100084      4.15914944      14.6895553     0.246227984     0.275616419
 356     1      50               0     0.622948817     0.437100084      4.15914944      14.6895553     0.246227984     0.275616419
          wgpu 1d 100g 223c x3w 56ms | egraph 11g->77v+0snap 17ms | graft 28 (-78n, 0 snap) cpu 0 | f64 20 | gen 0.3s
 357     0     100               0     0.622948817     0.437100084      4.15914944      14.6895553     0.246227984     0.275616419
 357     1      50               0     0.622948817     0.437100084      4.15914944      14.6895553     0.246227984     0.275616419
          wgpu 1d 106g 231c x3w 6ms | egraph 12g->85v+0snap 21ms | graft 26 (-67n, 0 snap) cpu 0 | f64 20 | gen 0.2s
 358     0     100               0     0.622948817     0.437100084      4.15914944      14.6895553     0.246227984     0.275616419
 358     1      50               0     0.622948817     0.437100084      4.15914944      14.6895553     0.246227984     0.275616419
          wgpu 1d 90g 201c x3w 6ms | egraph 10g->55v+0snap 5ms | graft 21 (-65n, 0 snap) cpu 0 | f64 20 | gen 0.2s
 359     0     100               0     0.622948817     0.437100084      4.15914944      14.6895553     0.246227984     0.275616419
 359     1      50               0     0.622948817     0.437100084      4.15914944      14.6895553     0.246227984     0.275616419
          wgpu 1d 98g 219c x3w 30ms | egraph 9g->73v+0snap 25ms | graft 23 (-59n, 0 snap) cpu 0 | f64 20 | gen 0.2s
 360     0     100               0     0.622948817     0.437100084      4.15914944      14.6895553     0.246227984     0.275616419
 360     1      50               0     0.622948817     0.437100084      4.15914944      14.6895553     0.246227984     0.275616419
          wgpu 1d 94g 214c x3w 5ms | egraph 12g->68v+0snap 21ms | graft 32 (-96n, 0 snap) cpu 0 | f64 20 | gen 0.3s
--------- pump migration: intra (promote-2 + intake-reset) + cross ---------
 361     0     100               0     0.622948817     0.437100084      4.15914944      14.6895553     0.246227984     0.275616419
 361     1      50               0     0.622948817     0.437100084      4.15914944      14.6895553     0.246227984     0.275616419
          wgpu 2d 327g 414c x3w 16ms | egraph 75g->188v+0snap 91ms | graft 70 (-231n, 0 snap) cpu 0 | f64 30 | gen 0.2s | dropped inexpr 3 oversz 0 unbuild 0 {}
 362     0     100               0     0.622948817     0.437100084      4.15914944      14.6895553     0.246227984     0.275616419
 362     1      50               0     0.622948817     0.437100084      4.15914944      14.6895553     0.246227984     0.275616419
          wgpu 1d 108g 211c x3w 5ms | egraph 11g->65v+0snap 6ms | graft 19 (-59n, 0 snap) cpu 0 | f64 20 | gen 0.2s
 363     0     100               0     0.622948817     0.437100084      4.15914944      14.6895553     0.246227984     0.275616419
 363     1      50               0     0.622948817     0.437100084      4.15914944      14.6895553     0.246227984     0.275616419
          wgpu 1d 102g 230c x3w 5ms | egraph 11g->84v+0snap 17ms | graft 21 (-63n, 0 snap) cpu 0 | f64 20 | gen 0.2s
 364     0     100               0     0.622948817     0.437100084      4.15914944      14.6895553     0.246227984     0.275616419
 364     1      50               0     0.622948817     0.437100084      4.15914944      14.6895553     0.246227984     0.275616419
          wgpu 1d 104g 208c x3w 6ms | egraph 13g->62v+0snap 12ms | graft 28 (-75n, 0 snap) cpu 0 | f64 20 | gen 0.2s | dropped inexpr 1 oversz 0 unbuild 0 {}
 365     0     100               0     0.622948817     0.437100084      4.15914944      14.6895553     0.246227984     0.275616419
 365     1      50               0     0.622948817     0.437100084      4.15914944      14.6895553     0.246227984     0.275616419
          wgpu 1d 118g 230c x3w 5ms | egraph 16g->84v+0snap 40ms | graft 28 (-79n, 0 snap) cpu 0 | f64 20 | gen 0.2s
 366     0     100               0     0.622948817     0.437100084      4.15914944      14.6895553     0.246227984     0.275616419
 366     1      50               0     0.622948817     0.437100084      4.15914944      14.6895553     0.246227984     0.275616419
          wgpu 1d 111g 224c x3w 25ms | egraph 12g->78v+0snap 15ms | graft 30 (-114n, 0 snap) cpu 0 | f64 20 | gen 0.4s | dropped inexpr 1 oversz 0 unbuild 0 {}
 367     0     100               0     0.622948817     0.437100084      4.15914944      14.6895553     0.246227984     0.275616419
 367     1      50               0     0.622948817     0.437100084      4.15914944      14.6895553     0.246227984     0.275616419
          wgpu 1d 104g 209c x3w 22ms | egraph 14g->63v+0snap 10ms | graft 31 (-83n, 0 snap) cpu 0 | f64 20 | gen 0.2s
 368     0     100               0     0.622948817     0.437100084      4.15914944      14.6895553     0.246227984     0.275616419
 368     1      50               0     0.622948817     0.437100084      4.15914944      14.6895553     0.246227984     0.275616419
          wgpu 1d 100g 218c x3w 8ms | egraph 13g->72v+0snap 13ms | graft 31 (-94n, 0 snap) cpu 0 | f64 20 | gen 0.2s
 369     0     100               0     0.622948817     0.437100084      4.15914944      14.6895553     0.246227984     0.275616419
 369     1      50               0     0.622948817     0.437100084      4.15914944      14.6895553     0.246227984     0.275616419
          wgpu 1d 97g 207c x3w 10ms | egraph 14g->61v+0snap 9ms | graft 25 (-66n, 0 snap) cpu 0 | f64 20 | gen 0.2s
 370     0     100               0     0.622948817     0.437100084      4.15914944      14.6895553     0.246227984     0.275616419
 370     1      50               0     0.622948817     0.437100084      4.15914944      14.6895553     0.246227984     0.275616419
          wgpu 1d 98g 245c x3w 6ms | egraph 14g->99v+0snap 8ms | graft 31 (-76n, 0 snap) cpu 0 | f64 20 | gen 0.2s
--------- pump migration: intra (promote-2 + intake-reset) ---------
 371     0     100               0     0.622948817     0.437100084      4.15914944      14.6895553     0.246227984     0.275616419
 371     1      50               0     0.622948976     0.437099943      4.15914965      14.6895557     0.246228047      0.27561633
          wgpu 2d 265g 365c x3w 37ms | egraph 50g->139v+0snap 31ms | graft 65 (-165n, 0 snap) cpu 0 | f64 30 | gen 0.2s
 372     0     100               0     0.622948817     0.437100084      4.15914944      14.6895553     0.246227984     0.275616419
 372     1      50               0     0.622948817     0.437100084      4.15914944      14.6895553     0.246227984     0.275616419
          wgpu 1d 114g 222c x3w 5ms | egraph 14g->76v+0snap 8ms | graft 27 (-81n, 0 snap) cpu 0 | f64 20 | gen 0.2s | dropped inexpr 1 oversz 0 unbuild 0 {}
 373     0     100               0     0.622948817     0.437100084      4.15914944      14.6895553     0.246227984     0.275616419
 373     1      50               0     0.622948817     0.437100084      4.15914944      14.6895553     0.246227984     0.275616419
          wgpu 1d 101g 194c x3w 22ms | egraph 8g->48v+0snap 33ms | graft 25 (-62n, 0 snap) cpu 0 | f64 20 | gen 0.2s | dropped inexpr 1 oversz 0 unbuild 0 {}
 374     0     100               0     0.622948817     0.437100084      4.15914944      14.6895553     0.246227984     0.275616419
 374     1      50               0     0.622948817     0.437100084      4.15914944      14.6895553     0.246227984     0.275616419
          wgpu 1d 103g 214c x3w 7ms | egraph 12g->68v+0snap 10ms | graft 29 (-77n, 0 snap) cpu 0 | f64 20 | gen 0.2s
 375     0     100               0     0.622948817     0.437100084      4.15914944      14.6895553     0.246227984     0.275616419
 375     1      50               0     0.622948817     0.437100084      4.15914944      14.6895553     0.246227984     0.275616419
          wgpu 1d 133g 229c x3w 6ms | egraph 17g->83v+0snap 7ms | graft 32 (-78n, 0 snap) cpu 0 | f64 20 | gen 0.2s
 376     0     100               0     0.622948817     0.437100084      4.15914944      14.6895553     0.246227984     0.275616419
 376     1      50               0     0.622948817     0.437100084      4.15914944      14.6895553     0.246227984     0.275616419
          wgpu 1d 100g 206c x3w 5ms | egraph 19g->60v+0snap 11ms | graft 24 (-60n, 0 snap) cpu 0 | f64 20 | gen 0.2s | dropped inexpr 2 oversz 0 unbuild 0 {}
 377     0     100               0     0.622948817     0.437100084      4.15914944      14.6895553     0.246227984     0.275616419
 377     1      50               0     0.622948817     0.437100084      4.15914944      14.6895553     0.246227984     0.275616419
          wgpu 1d 121g 210c x3w 6ms | egraph 27g->64v+0snap 22ms | graft 39 (-86n, 0 snap) cpu 0 | f64 20 | gen 0.3s | dropped inexpr 2 oversz 0 unbuild 0 {}
 378     0     100               0     0.622948817     0.437100084      4.15914944      14.6895553     0.246227984     0.275616419
 378     1      50               0     0.622948817     0.437100084      4.15914944      14.6895553     0.246227984     0.275616419
          wgpu 1d 100g 188c x3w 4ms | egraph 11g->42v+0snap 8ms | graft 18 (-47n, 0 snap) cpu 0 | f64 20 | gen 0.2s
 379     0     100               0     0.622948817     0.437100084      4.15914944      14.6895553     0.246227984     0.275616419
 379     1      50               0     0.622948817     0.437100084      4.15914944      14.6895553     0.246227984     0.275616419
          wgpu 1d 82g 182c x3w 5ms | egraph 10g->36v+0snap 6ms | graft 17 (-47n, 0 snap) cpu 0 | f64 20 | gen 0.2s
 380     0     100               0     0.622948817     0.437100084      4.15914944      14.6895553     0.246227984     0.275616419
 380     1      50               0     0.622948817     0.437100084      4.15914944      14.6895553     0.246227984     0.275616419
          wgpu 1d 94g 223c x3w 5ms | egraph 12g->77v+0snap 6ms | graft 32 (-82n, 0 snap) cpu 0 | f64 20 | gen 0.2s
--------- pump migration: intra (promote-2 + intake-reset) ---------
 381     0     100               0     0.622948817     0.437100084      4.15914944      14.6895553     0.246227984     0.275616419
 381     1      50               0     0.622948817     0.437100084      4.15914944      14.6895553     0.246227984     0.275616419
          wgpu 2d 354g 386c x3w 11ms | egraph 107g->160v+0snap 114ms | graft 81 (-319n, 0 snap) cpu 0 | f64 30 | gen 0.5s | dropped inexpr 18 oversz 0 unbuild 0 {}
 382     0     100               0     0.622948817     0.437100084      4.15914944      14.6895553     0.246227984     0.275616419
 382     1      50               0     0.622948817     0.437100084      4.15914944      14.6895553     0.246227984     0.275616419
          wgpu 1d 98g 176c x3w 9ms | egraph 17g->30v+0snap 9ms | graft 20 (-43n, 0 snap) cpu 0 | f64 20 | gen 0.2s
 383     0     100               0     0.622948817     0.437100084      4.15914944      14.6895553     0.246227984     0.275616419
 383     1      50               0     0.622948817     0.437100084      4.15914944      14.6895553     0.246227984     0.275616419
          wgpu 1d 88g 173c x3w 4ms | egraph 8g->27v+0snap 5ms | graft 16 (-41n, 0 snap) cpu 0 | f64 20 | gen 0.2s
 384     0     100               0     0.622948976     0.437099943      4.15914965      14.6895557     0.246228047      0.27561633
 384     1      50               0     0.622948817     0.437100084      4.15914944      14.6895553     0.246227984     0.275616419
          wgpu 1d 88g 175c x3w 4ms | egraph 9g->29v+0snap 7ms | graft 22 (-60n, 0 snap) cpu 0 | f64 20 | gen 0.2s
 385     0     100               0     0.622948976     0.437099943      4.15914965      14.6895557     0.246228047      0.27561633
 385     1      50               0     0.622948817     0.437100084      4.15914944      14.6895553     0.246227984     0.275616419
          wgpu 1d 107g 181c x3w 7ms | egraph 14g->35v+0snap 7ms | graft 25 (-65n, 0 snap) cpu 0 | f64 20 | gen 0.2s
 386     0     100               0     0.622948976     0.437099943      4.15914965      14.6895557     0.246228047      0.27561633
 386     1      50               0     0.622948817     0.437100084      4.15914944      14.6895553     0.246227984     0.275616419
          wgpu 1d 82g 174c x3w 16ms | egraph 6g->28v+0snap 4ms | graft 21 (-44n, 0 snap) cpu 0 | f64 20 | gen 0.2s
 387     0     100               0     0.622948976     0.437099943      4.15914965      14.6895557     0.246228047      0.27561633
 387     1      50               0     0.622948817     0.437100084      4.15914944      14.6895553     0.246227984     0.275616419
          wgpu 1d 103g 190c x3w 5ms | egraph 12g->44v+0snap 26ms | graft 26 (-60n, 0 snap) cpu 0 | f64 20 | gen 0.2s
 388     0     100               0     0.622948976     0.437099943      4.15914965      14.6895557     0.246228047      0.27561633
 388     1      50               0     0.622948817     0.437100084      4.15914944      14.6895553     0.246227984     0.275616419
          wgpu 1d 94g 178c x3w 17ms | egraph 9g->32v+0snap 16ms | graft 21 (-46n, 0 snap) cpu 0 | f64 20 | gen 0.2s | dropped inexpr 1 oversz 0 unbuild 0 {}
 389     0     100               0     0.622948976     0.437099943      4.15914965      14.6895557     0.246228047      0.27561633
 389     1      50               0     0.622948817     0.437100084      4.15914944      14.6895553     0.246227984     0.275616419
          wgpu 1d 110g 198c x3w 21ms | egraph 10g->52v+0snap 36ms | graft 32 (-67n, 0 snap) cpu 0 | f64 20 | gen 0.2s
 390     0     100               0     0.622948976     0.437099943      4.15914965      14.6895557     0.246228047      0.27561633
 390     1      50               0     0.622948817     0.437100084      4.15914944      14.6895553     0.246227984     0.275616419
          wgpu 1d 92g 178c x3w 9ms | egraph 7g->32v+0snap 38ms | graft 20 (-43n, 0 snap) cpu 0 | f64 20 | gen 0.2s | dropped inexpr 1 oversz 0 unbuild 0 {}
--------- pump migration: intra (promote-2 + intake-reset) + cross ---------
 391     0     100               0     0.622948976     0.437099943      4.15914965      14.6895557     0.246228047      0.27561633
 391     1      50               0     0.622948817     0.437100084      4.15914944      14.6895553     0.246227984     0.275616419
          wgpu 2d 329g 373c x3w 28ms | egraph 81g->147v+0snap 77ms | graft 70 (-218n, 0 snap) cpu 0 | f64 30 | gen 0.3s | dropped inexpr 3 oversz 0 unbuild 0 {}
--------- pump migration: cross-class ---------
 392     0     100               0     0.622948976     0.437099943      4.15914965      14.6895557     0.246228047      0.27561633
 392     1      50               0     0.622948817     0.437100084      4.15914944      14.6895553     0.246227984     0.275616419
          wgpu 2d 313g 356c x3w 60ms | egraph 85g->130v+0snap 40ms | graft 70 (-189n, 0 snap) cpu 0 | f64 30 | gen 0.2s | dropped inexpr 3 oversz 0 unbuild 0 {}
--------- pump migration: cross-class ---------
 393     0     100               0     0.622948976     0.437099943      4.15914965      14.6895557     0.246228047      0.27561633
 393     1      50               0     0.622948817     0.437100084      4.15914944      14.6895553     0.246227984     0.275616419
          wgpu 2d 268g 340c x3w 24ms | egraph 61g->114v+0snap 75ms | graft 59 (-157n, 0 snap) cpu 0 | f64 30 | gen 0.2s | dropped inexpr 3 oversz 0 unbuild 0 {}
--------- pump migration: cross-class ---------
 394     0     100               0     0.622948976     0.437099943      4.15914965      14.6895557     0.246228047      0.27561633
 394     1      50               0     0.622948817     0.437100084      4.15914944      14.6895553     0.246227984     0.275616419
          wgpu 2d 305g 347c x3w 19ms | egraph 84g->121v+0snap 56ms | graft 62 (-194n, 0 snap) cpu 0 | f64 30 | gen 0.2s
--------- pump migration: cross-class ---------
 395     0     100               0     0.622948976     0.437099943      4.15914965      14.6895557     0.246228047      0.27561633
 395     1      50               0     0.622948817     0.437100084      4.15914944      14.6895553     0.246227984     0.275616419
          wgpu 2d 311g 364c x3w 12ms | egraph 88g->138v+0snap 40ms | graft 69 (-194n, 0 snap) cpu 0 | f64 30 | gen 0.3s
--------- pump migration: cross-class ---------
 396     0     100               0       1.5912089     0.978731215      7.13172354      16.6927237     0.628944382     0.617145598
 396     1      50               0     0.622948817     0.437100084      4.15914944      14.6895553     0.246227984     0.275616419
          wgpu 2d 292g 356c x3w 9ms | egraph 83g->130v+0snap 61ms | graft 66 (-218n, 0 snap) cpu 0 | f64 30 | gen 0.2s | dropped inexpr 1 oversz 0 unbuild 0 {}
--------- pump migration: cross-class ---------
 397     0     100               0     0.622948976     0.437099943      4.15914965      14.6895557     0.246228047      0.27561633
 397     1      50               0     0.622948817     0.437100084      4.15914944      14.6895553     0.246227984     0.275616419
          wgpu 2d 289g 361c x3w 33ms | egraph 85g->135v+0snap 48ms | graft 66 (-208n, 0 snap) cpu 0 | f64 30 | gen 0.3s | dropped inexpr 1 oversz 0 unbuild 0 {}
--------- pump migration: cross-class ---------
 398     0     100               0     0.622948976     0.437099943      4.15914965      14.6895557     0.246228047      0.27561633
 398     1      50               0     0.622948817     0.437100084      4.15914944      14.6895553     0.246227984     0.275616419
          wgpu 2d 369g 400c x3w 27ms | egraph 104g->174v+0snap 62ms | graft 66 (-213n, 0 snap) cpu 0 | f64 30 | gen 0.2s | dropped inexpr 6 oversz 0 unbuild 0 {}
--------- pump migration: cross-class ---------
 399     0     100               0     0.622948976     0.437099943      4.15914965      14.6895557     0.246228047      0.27561633
 399     1      50               0     0.622948817     0.437100084      4.15914944      14.6895553     0.246227984     0.275616419
          wgpu 2d 303g 334c x3w 31ms | egraph 76g->108v+0snap 56ms | graft 49 (-125n, 0 snap) cpu 0 | f64 30 | gen 0.2s | dropped inexpr 1 oversz 0 unbuild 0 {}
--------- pump migration: cross-class ---------
 400     0     100               0     0.622948976     0.437099943      4.15914965      14.6895557     0.246228047      0.27561633
 400     1      50               0     0.622948817     0.437100084      4.15914944      14.6895553     0.246227984     0.275616419
          wgpu 2d 298g 343c x3w 51ms | egraph 81g->117v+0snap 84ms | graft 62 (-174n, 0 snap) cpu 0 | f64 30 | gen 0.2s | dropped inexpr 1 oversz 0 unbuild 0 {}
--------- pump migration: intra (promote-2 + intake-reset) + cross ---------

This sub-run: 2026-09-19 06:10:14.968776 → 2026-09-19 06:11:45.354031
Now at generation 400 (HOF size: 30)
[join] 450 dispatches, 51,582 genes, 259,299 candidates scored in 2.82s GPU+host; e-graph 10,472 trees -> 23,941 variants + 22 snaps in 5.00s; 12,799 grafts (18 snap), 35,178 nodes removed; cpu-path individuals 0, f64-rejected 0, snaps refused for naming an input 5
[join]   inexpressible:    203  no pset token for semantic id "pow" with arity 2
[join]   inexpressible:     60  no pset token for semantic id "div" with arity 2
[join]   inexpressible:      2  no pset token for semantic id "sqrt" with arity 1
  HFF-chosen LSM kept: a=-2.35684, b=1.73103
Chromosome wrapper: id=1  →  log_abs
hof[0] runtime val: mse=9.774e-01  R²=0.383689
Pre-snap expression (after sympify + LSM compose):
  1.73102616724171 - 2.35683869942968*log(Abs(m/3 + q/3 - 0.416146836547142))

Per-level snap results (before MSE scoring):
  strict      →  1.73102616724171 - 2.35683869942968*log(Abs(m + q - 1.24844050964143)/3)
  default     →  -3*pi*log(Abs(m + q - 1.24844050964143)/3)/4 + 1.73102616724171
  aggressive  →  -3*pi*log(Abs(2*m + 2*q - sqrt(2)*sqrt(pi))/6)/4 + 1.73102616724171

Snap-level comparison (sorted by holdout MSE, lowest first)
------------------------------------------------------------------------------------------
  level       MSE            R²         expression                                        
------------------------------------------------------------------------------------------
★ aggressive  1.233          0.4007     -3*pi*log(Abs(2*m + 2*q - sqrt(2)*sqrt(pi))/6)/4 +
  default     1.234          0.4005     -3*pi*log(Abs(m + q - 1.24844050964143)/3)/4 + 1.7
  strict      1.234          0.4004     1.73102616724171 - 2.35683869942968*log(Abs(m + q 

Winning snap level: 'aggressive'  →  -3*pi*log(Abs(2*m + 2*q - sqrt(2)*sqrt(pi))/6)/4 + 1.73102616724171

Canonical discovered expression: -3*pi*log(Abs(2*m + 2*q - sqrt(2)*sqrt(pi))/6)/4 + 1.73102616724171
[38;2;0;50;255m
############################################################ [38;2;255;255;255m
[38;2;0;50;255m Equation Recovery: I_38_12 [38;2;255;255;255m
[38;2;0;50;255m Truth: 4*pi*epsilon*(h/(2*pi))**2/(m*q**2) [38;2;255;255;255m
[38;2;0;50;255m [38;2;255;255;255m
[38;2;255;0;255m     Exact recovery     : False [38;2;255;255;255m
[38;2;255;0;255m     Numerical recovery : False (max rel_err 1.45e+03 on 10k samples) [38;2;255;255;255m
[38;2;255;0;255m     Discovered         : -3*pi*log(Abs(2*m + 2*q - sqrt(2)*sqrt(pi))/6)/4 + 1.73102616724171 [38;2;255;255;255m
[38;2;255;0;255m     LSM (a, b)         : (-2.35684, 1.73103) [38;2;255;255;255m
[38;2;0;50;255m
############################################################ [38;2;255;255;255m
In-range holdout : MSE=1.234  MAE=0.6747  R²=0.4004
Extrapolation    : MSE=16.42  MAE=1.694  R²=0.1114

Top 10 HOF models (north_pole=truenorth) (★ = Pareto-optimal)
(deduped HOF: 2 unique chromosomes from 30 raw HOF entries)
 ----------------------------------------------------------------------------------------------------------------
       model     wrapper      length   train_mse     val_mse     max_err    train_r2      val_r2 angular_distance
 ----------------------------------------------------------------------------------------------------------------
★           0     log_abs           3      1.6115      0.9774      6.7436      0.3630      0.3837      0.0000
           27     log_abs           3      1.6437      0.9972      6.9395      0.3503      0.3712      1.5708

Pareto-optimal in top 2: 1    Pareto-optimal in full HOF: 1 / 2

Recovery sweep across 2/2 unique HOF chromosomes (capped):
  Structural / exact     : 0/2  (0.0%)
  Numerical (≤1e-6 err)  : 0/2  (0.0%)
{
    "date": "2026/09/19",
    "seed": "5",
    "task": "equation_recovery",
    "north_pole_method": "truenorth",
    "hff_include_val": true,
    "problem": "I_38_12",
    "truth_expr": "4*pi*epsilon*(h/(2*pi))**2/(m*q**2)",
    "final_terminal_inputs": [
        "m",
        "q",
        "h",
        "epsilon"
    ],
    "wide_primitives": true,
    "head_length": "48",
    "n_genes": "3",
    "rnc_array_length": "10",
    "tournament size": "intake=8, champion=5",
    "population size": "150",
    "population per island": "intake=100, champion=50",
    "gpu_join": true,
    "eclass_k": 8,
    "number of elites": "2",
    "number of generations": "400",
    "number of islands": "2",
    "migration FREQ": "30",
    "wrapper_id": 1,
    "wrapper_name": "log_abs",
    "recovery_exact": false,
    "recovery_numerical": false,
    "recovery_max_rel_err": 1451.0248471066586,
    "discovered_expr": "-3*pi*log(Abs(2*m + 2*q - sqrt(2)*sqrt(pi))/6)/4 + 1.73102616724171",
    "holdout_mse": 1.2337460266314444,
    "holdout_r2": 0.4004495272681585,
    "extrap_mse": 16.421639723090642,
    "extrap_r2": 0.11142899783489524,
    "hof_size": 2,
    "hof_exact_recoveries": 0,
    "hof_numerical_recoveries": 0
}
