/opt/anaconda3/lib/python3.12/site-packages/geppy/__init__.py:26: UserWarning: pkg_resources is deprecated as an API. See https://setuptools.pypa.io/en/latest/pkg_resources.html. The pkg_resources package is slated for removal as early as 2025-11-30. Refrain from using this package or pin to Setuptools<81.
  from pkg_resources import get_distribution, DistributionNotFound
hff library OK (test fitness: (0.1415394733244273,))
registry: ['circle_area', 'gravity', 'coulomb', 'pendulum', 'keplers3', 'ideal_gas', 'I_6_2a', 'I_6_2', 'I_6_2b', 'I_8_14', 'I_9_18', 'I_10_7', 'I_11_19', 'I_12_1', 'I_12_2', 'I_12_4', 'I_12_5', 'I_12_11', 'I_13_4', 'I_13_12', 'I_14_3', 'I_14_4', 'I_15_3x', 'I_15_3t', 'I_15_1', 'I_16_6', 'I_18_4', 'I_18_12', 'I_18_14', 'I_24_6', 'I_25_13', 'I_26_2', 'I_27_6', 'I_29_4', 'I_29_16', 'I_30_3', 'I_30_5', 'I_32_5', 'I_32_17', 'I_34_8', 'I_34_1', 'I_34_14', 'I_34_27', 'I_37_4', 'I_38_12', 'I_39_1', 'I_39_11', 'I_39_22', 'I_40_1', 'I_41_16', 'I_43_16', 'I_43_31', 'I_43_43', 'I_44_4', 'I_47_23', 'I_48_2', 'I_50_26', 'II_2_42', 'II_3_24', 'II_4_23', 'II_6_11', 'II_6_15a', 'II_6_15b', 'II_8_7', 'II_8_31', 'II_10_9', 'II_11_3', 'II_11_17', 'II_11_20', 'II_11_27', 'II_11_28', 'II_13_17', 'II_13_23', 'II_13_34', 'II_15_4', 'II_15_5', 'II_21_32', 'II_24_17', 'II_27_16', 'II_27_18', 'II_34_2a', 'II_34_2', 'II_34_11', 'II_34_29a', 'II_34_29b', 'II_35_18', 'II_35_21', 'II_36_38', 'II_37_1', 'II_38_3', 'II_38_14', 'III_4_32', 'III_4_33', 'III_7_38', 'III_8_54', 'III_9_52', 'III_10_19', 'III_12_43', 'III_13_18', 'III_14_14', 'III_15_12', 'III_15_14', 'III_15_27', 'III_17_37', 'III_19_51', 'III_21_20', 'test_1', 'test_2', 'test_3', 'test_4', 'test_5', 'test_6', 'test_7', 'test_8', 'test_9', 'test_10', 'test_11', 'test_12', 'test_13', 'test_14', 'test_15', 'test_16', 'test_17', 'test_18', 'test_19', 'test_20']
[feynman override] head_length=48 (keep n_genes=3, avgval linker)
Selected problem: I_41_16
  Description : Feynman I-III I.41.16: L_rad = h/(2*pi)*omega**3/(pi**2*c**2*(exp((h/(2*pi))*omega/(kb*T))-1))
  Variables   : ['omega', 'T', 'h', 'kb', 'c']
  Train range : {'omega': (1.0, 5.0), 'T': (1.0, 5.0), 'h': (1.0, 5.0), 'kb': (1.0, 5.0), 'c': (1.0, 5.0)}
  Extrap range: {'omega': (1.0, 7.5), 'T': (1.0, 7.5), 'h': (1.0, 7.5), 'kb': (1.0, 7.5), 'c': (1.0, 7.5)}
  Truth       : h/(2*pi)*omega**3/(pi**2*c**2*(exp((h/(2*pi))*omega/(kb*T))-1))
  ✓ cache hit  (data/equations/I_41_16, key=241b08a59d8b9915)
  train           (800, 6)  target range=[0.01483, 27.14]
  val             (200, 6)  target range=[0.02224, 19.21]
  holdout         (200, 6)  target range=[0.02374, 20.1]
  extrapolation   (200, 6)  target range=[0.01273, 79.67]
(skipping pairplot — too many variables: 5)
Wide primitive set enabled: sin, cos, exp, log added.
[E22 rules] variable pattern tags: {'no_pattern'}
[E22/23 rules] static candidate count: 1
[E22/23 rules] allowed to take a fitness slot (exact): 0
  [sum_sq_all/sum_sq] a=0.0322 b=9.8805e-02 1-R²_va=9.9241e-01
[fuller] denoise + snap IN THE JOIN (every gene, every generation, K=8); mutation operators: physics=0.2 concretize=0.05
Wrapper scope: per_island  (island → wrapper map: ['identity', 'identity'])
[wgpu] process pool disabled — Metal cannot survive fork(); the population is evaluated in one dispatch instead
Genes: head_length=48, n_genes=3, rnc_array_length=10
Population: (per-island, see below), elites: 2, generations: 400, migration FREQ: 30
  pump per-island sizes: intake=100 (tournsize=8), champion=50 (tournsize=5)
Initialising evolution at 2026-09-19 06:10:47.054230
 gen  deme   evals     min fitness          mse_tr          mse_va         max_err      mse_extrap  one_minus_r2_tr  one_minus_r2_va
   0     0     100  0.000511926915      3.67005096      4.37549272       9.4148824      40.5635921     0.405087299     0.388664297
   0     1      50      0.10609482      6.11102672      6.66055909      15.0147212       78.386705     0.674513604     0.591641143
          wgpu 1d 363g 328c x3w 11ms | egraph 199g->178v+0snap 82ms | graft 72 (-216n, 0 snap) cpu 0 | f64 30 | gen 0.0s | dropped inexpr 5 oversz 0 unbuild 0 {}
Extending evolution: gen 1 → 400 (+400 generations)
   1     0     100               0      2.09845851      2.64520827      6.86469491      30.5954814     0.231620459     0.234967369
   1     1      50    0.0149377944      5.23440369      4.77200723      11.1669551      69.9453641     0.577755042     0.423885709
          wgpu 1d 247g 300c x3w 5ms | egraph 114g->154v+0snap 45ms | graft 59 (-178n, 0 snap) cpu 0 | f64 31 | gen 0.4s | dropped inexpr 1 oversz 0 unbuild 0 {}
   2     0     100               0      2.09845851      2.64520827      6.86469491      30.5954814     0.231620459     0.234967369
   2     1      50    0.0149377944      5.23440369      4.77200723      11.1669551      69.9453641     0.577755042     0.423885709
          wgpu 1d 253g 331c x3w 5ms | egraph 111g->185v+0snap 25ms | graft 63 (-134n, 0 snap) cpu 0 | f64 24 | gen 0.3s
   3     0     100               0      2.09845851      2.64520827      6.86469491      30.5954814     0.231620459     0.234967369
   3     1      50   0.00579887599      5.23440369      4.77200723      11.1669551      69.9453641     0.577755042     0.423885709
          wgpu 1d 212g 282c x3w 5ms | egraph 105g->136v+0snap 30ms | graft 80 (-154n, 0 snap) cpu 0 | f64 38 | gen 0.3s | dropped inexpr 1 oversz 0 unbuild 0 {}
   4     0     100               0      2.09845851      2.64520827      6.86469491      30.5954814     0.231620459     0.234967369
   4     1      50   0.00207525427      5.23440369      4.77200723      11.1669551      69.9453641     0.577755042     0.423885709
          wgpu 1d 188g 262c x3w 5ms | egraph 85g->116v+0snap 36ms | graft 65 (-131n, 0 snap) cpu 0 | f64 33 | gen 0.3s
   5     0     100               0      2.09845851      2.64520827      6.86469491      30.5954814     0.231620459     0.234967369
   5     1      50  0.000292876912      5.23440369      4.77200723      11.1669551      69.9453641     0.577755042     0.423885709
          wgpu 1d 168g 278c x3w 4ms | egraph 67g->132v+0snap 16ms | graft 74 (-129n, 0 snap) cpu 0 | f64 36 | gen 0.3s
   6     0     100               0      2.09845851      2.64520827      6.86469491      30.5954814     0.231620459     0.234967369
   6     1      50  0.000292876912      5.23440382      4.77200768      11.1669553      69.9453651     0.577755057     0.423885749
          wgpu 1d 205g 291c x3w 5ms | egraph 74g->145v+0snap 22ms | graft 76 (-154n, 0 snap) cpu 0 | f64 20 | gen 0.4s | dropped inexpr 1 oversz 0 unbuild 0 {}
   7     0     100               0      2.09845851      2.64520827      6.86469491      30.5954814     0.231620459     0.234967369
   7     1      50  0.000292876912      5.23440369      4.77200723      11.1669551      69.9453641     0.577755042     0.423885709
          wgpu 1d 195g 269c x3w 5ms | egraph 71g->123v+0snap 18ms | graft 65 (-119n, 0 snap) cpu 0 | f64 20 | gen 0.4s
   8     0     100               0      2.09845851      2.64520827      6.86469491      30.5954814     0.231620459     0.234967369
   8     1      50  4.22520843e-07      5.23440369      4.77200723      11.1669551      69.9453641     0.577755042     0.423885709
          wgpu 1d 207g 278c x3w 5ms | egraph 70g->132v+0snap 16ms | graft 79 (-181n, 0 snap) cpu 0 | f64 38 | gen 0.3s
   9     0     100               0      2.09845851      2.64520827      6.86469491      30.5954814     0.231620459     0.234967369
   9     1      50               0      5.23440369      4.77200723      11.1669551      69.9453641     0.577755042     0.423885709
          wgpu 1d 179g 276c x3w 6ms | egraph 60g->130v+0snap 23ms | graft 74 (-142n, 0 snap) cpu 0 | f64 33 | gen 0.5s
  10     0     100               0      2.09845851      2.64520827      6.86469491      30.5954814     0.231620459     0.234967369
  10     1      50               0      5.23440369      4.77200723      11.1669551      69.9453641     0.577755042     0.423885709
          wgpu 1d 187g 274c x3w 5ms | egraph 60g->128v+0snap 23ms | graft 73 (-135n, 0 snap) cpu 0 | f64 20 | gen 0.3s
--------- pump migration: intra (promote-2 + intake-reset) ---------
  11     0     100               0      2.09845851      2.64520827      6.86469491      30.5954814     0.231620459     0.234967369
  11     1      50               0      5.23440382      4.77200768      11.1669553      69.9453651     0.577755057     0.423885749
          wgpu 2d 373g 404c x3w 8ms | egraph 154g->178v+0snap 36ms | graft 97 (-211n, 0 snap) cpu 0 | f64 30 | gen 0.3s | dropped inexpr 3 oversz 0 unbuild 0 {}
  12     0     100               0      2.09845851      2.64520827      6.86469491      30.5954814     0.231620459     0.234967369
  12     1      50               0      2.09845851      2.64520827      6.86469491      30.5954814     0.231620459     0.234967369
          wgpu 1d 221g 313c x3w 5ms | egraph 60g->167v+0snap 20ms | graft 87 (-191n, 0 snap) cpu 0 | f64 20 | gen 0.6s | dropped inexpr 2 oversz 0 unbuild 0 {}
  13     0     100               0      2.09845851      2.64520827      6.86469491      30.5954814     0.231620459     0.234967369
  13     1      50               0      2.09845851      2.64520827      6.86469491      30.5954814     0.231620459     0.234967369
          wgpu 1d 198g 308c x3w 5ms | egraph 72g->162v+0snap 14ms | graft 67 (-124n, 0 snap) cpu 0 | f64 20 | gen 0.3s
  14     0     100               0      2.09845851      2.64520827      6.86469491      30.5954814     0.231620459     0.234967369
  14     1      50               0      2.09845851      2.64520827      6.86469491      30.5954814     0.231620459     0.234967369
          wgpu 1d 221g 351c x3w 5ms | egraph 53g->205v+0snap 19ms | graft 101 (-147n, 0 snap) cpu 0 | f64 20 | gen 0.3s
  15     0     100               0      2.09845851      2.64520827      6.86469491      30.5954814     0.231620459     0.234967369
  15     1      50               0      1.69464935       2.2187695      5.77985209       29.099111     0.187049426     0.197087858
          wgpu 1d 225g 328c x3w 6ms | egraph 57g->182v+0snap 26ms | graft 92 (-146n, 0 snap) cpu 0 | f64 20 | gen 0.3s | dropped inexpr 1 oversz 0 unbuild 0 {}
  16     0     100               0      2.09845851      2.64520827      6.86469491      30.5954814     0.231620459     0.234967369
  16     1      50               0      1.69464935       2.2187695      5.77985209       29.099111     0.187049426     0.197087858
          wgpu 1d 216g 320c x3w 5ms | egraph 65g->174v+0snap 17ms | graft 91 (-135n, 0 snap) cpu 0 | f64 20 | gen 0.2s
  17     0     100               0      2.09845851      2.64520827      6.86469491      30.5954814     0.231620459     0.234967369
  17     1      50               0      1.69464935       2.2187695      5.77985209       29.099111     0.187049426     0.197087858
          wgpu 1d 193g 306c x3w 6ms | egraph 52g->160v+0snap 20ms | graft 68 (-104n, 0 snap) cpu 0 | f64 20 | gen 0.3s
  18     0     100               0      2.09845851      2.64520827      6.86469491      30.5954814     0.231620459     0.234967369
  18     1      50               0      1.69464935       2.2187695      5.77985209       29.099111     0.187049426     0.197087858
          wgpu 1d 191g 321c x3w 6ms | egraph 52g->175v+0snap 13ms | graft 83 (-150n, 0 snap) cpu 0 | f64 20 | gen 0.3s
  19     0     100               0      2.09845851      2.64520827      6.86469491      30.5954814     0.231620459     0.234967369
  19     1      50               0      1.69464935       2.2187695      5.77985209       29.099111     0.187049426     0.197087858
          wgpu 1d 227g 370c x3w 6ms | egraph 57g->224v+0snap 16ms | graft 87 (-154n, 0 snap) cpu 0 | f64 20 | gen 0.3s | dropped inexpr 2 oversz 0 unbuild 0 {}
  20     0     100               0      2.09845851      2.64520827      6.86469491      30.5954814     0.231620459     0.234967369
  20     1      50               0      1.69464935       2.2187695      5.77985209       29.099111     0.187049426     0.197087858
          wgpu 1d 198g 343c x3w 5ms | egraph 52g->196v+1snap 18ms | graft 82 (-169n, 0 snap) cpu 0 | f64 20 | gen 0.3s | dropped inexpr 1 oversz 0 unbuild 0 {}
--------- pump migration: intra (promote-2 + intake-reset) ---------
  21     0     100               0      5.98908086      6.60514239      13.1251698      62.4825713      0.66105365     0.586718613
  21     1      50               0      2.09845851      2.64520827      6.86469491      30.5954814     0.231620459     0.234967369
          wgpu 2d 416g 508c x3w 15ms | egraph 157g->282v+0snap 51ms | graft 122 (-273n, 0 snap) cpu 0 | f64 30 | gen 0.5s | dropped inexpr 2 oversz 0 unbuild 0 {}
  22     0     100               0      5.98908086      6.60514239      13.1251698      62.4825713      0.66105365     0.586718613
  22     1      50               0      1.69464935       2.2187695      5.77985209       29.099111     0.187049426     0.197087858
          wgpu 1d 186g 285c x3w 4ms | egraph 55g->139v+0snap 15ms | graft 68 (-112n, 0 snap) cpu 0 | f64 20 | gen 0.3s
  23     0     100               0      5.98908086      6.60514239      13.1251698      62.4825713      0.66105365     0.586718613
  23     1      50               0      2.09845851      2.64520827      6.86469491      30.5954814     0.231620459     0.234967369
          wgpu 1d 174g 284c x3w 7ms | egraph 41g->138v+0snap 11ms | graft 69 (-99n, 0 snap) cpu 0 | f64 20 | gen 0.3s
  24     0     100               0      5.98908086      6.60514239      13.1251698      62.4825713      0.66105365     0.586718613
  24     1      50               0      2.09845851      2.64520827      6.86469491      30.5954814     0.231620459     0.234967369
          wgpu 1d 202g 281c x3w 4ms | egraph 54g->135v+0snap 11ms | graft 64 (-124n, 0 snap) cpu 0 | f64 20 | gen 0.3s
  25     0     100               0      5.98908086      6.60514239      13.1251698      62.4825713      0.66105365     0.586718613
  25     1      50               0      2.09845851      2.64520827      6.86469491      30.5954814     0.231620459     0.234967369
          wgpu 1d 186g 271c x3w 7ms | egraph 40g->125v+0snap 15ms | graft 65 (-110n, 0 snap) cpu 0 | f64 20 | gen 0.8s
  26     0     100               0      5.98908086      6.60514239      13.1251698      62.4825713      0.66105365     0.586718613
  26     1      50               0      2.09845851      2.64520827      6.86469491      30.5954814     0.231620459     0.234967369
          wgpu 1d 149g 232c x3w 6ms | egraph 36g->86v+0snap 10ms | graft 48 (-105n, 0 snap) cpu 0 | f64 20 | gen 0.2s
  27     0     100               0      5.98908086      6.60514239      13.1251698      62.4825713      0.66105365     0.586718613
  27     1      50               0      2.09845851      2.64520827      6.86469491      30.5954814     0.231620459     0.234967369
          wgpu 1d 181g 247c x3w 4ms | egraph 46g->101v+0snap 19ms | graft 42 (-121n, 0 snap) cpu 0 | f64 20 | gen 0.2s
  28     0     100               0      5.98908086      6.60514239      13.1251698      62.4825713      0.66105365     0.586718613
  28     1      50               0      2.09845851      2.64520827      6.86469491      30.5954814     0.231620459     0.234967369
          wgpu 1d 160g 242c x3w 10ms | egraph 49g->96v+0snap 10ms | graft 52 (-94n, 0 snap) cpu 0 | f64 20 | gen 0.2s
  29     0     100               0      5.98908086      6.60514239      13.1251698      62.4825713      0.66105365     0.586718613
  29     1      50               0      2.09845851      2.64520827      6.86469491      30.5954814     0.231620459     0.234967369
          wgpu 1d 152g 221c x3w 4ms | egraph 46g->75v+0snap 19ms | graft 47 (-95n, 0 snap) cpu 0 | f64 20 | gen 0.5s
  30     0     100               0      5.98908086      6.60514239      13.1251698      62.4825713      0.66105365     0.586718613
  30     1      50               0      2.09845851      2.64520827      6.86469491      30.5954814     0.231620459     0.234967369
          wgpu 1d 157g 230c x3w 4ms | egraph 47g->84v+0snap 29ms | graft 40 (-114n, 0 snap) cpu 0 | f64 20 | gen 0.2s | dropped inexpr 2 oversz 0 unbuild 0 {}
--------- pump migration: intra (promote-2 + intake-reset) ---------
  31     0     100               0      5.98908086      6.60514239      13.1251698      62.4825713      0.66105365     0.586718613
  31     1      50               0      5.98908086      6.60514239      13.1251698      62.4825713      0.66105365     0.586718613
          wgpu 2d 402g 421c x3w 8ms | egraph 142g->195v+0snap 32ms | graft 107 (-238n, 0 snap) cpu 0 | f64 30 | gen 0.2s | dropped inexpr 3 oversz 0 unbuild 0 {}
  32     0     100               0      5.98908086      6.60514239      13.1251698      62.4825713      0.66105365     0.586718613
  32     1      50               0      5.98908086      6.60514239      13.1251698      62.4825713      0.66105365     0.586718613
          wgpu 1d 151g 222c x3w 4ms | egraph 48g->76v+0snap 14ms | graft 32 (-87n, 0 snap) cpu 0 | f64 20 | gen 0.2s | dropped inexpr 2 oversz 0 unbuild 0 {}
  33     0     100               0      5.98908086      6.60514239      13.1251698      62.4825713      0.66105365     0.586718613
  33     1      50               0      1.51409226      2.01554305      5.56804884      27.0024311     0.167120171      0.17903575
          wgpu 1d 106g 219c x3w 3ms | egraph 27g->73v+0snap 8ms | graft 31 (-99n, 0 snap) cpu 0 | f64 20 | gen 0.2s | dropped inexpr 1 oversz 0 unbuild 0 {}
  34     0     100               0      1.45235881      2.12090976      6.00876308       26.581482      0.16030625     0.188395217
  34     1      50               0      1.51409226      2.01554305      5.56804884      27.0024311     0.167120171      0.17903575
          wgpu 1d 183g 275c x3w 4ms | egraph 56g->129v+0snap 13ms | graft 49 (-114n, 0 snap) cpu 0 | f64 20 | gen 0.2s | dropped inexpr 4 oversz 0 unbuild 0 {}
  35     0     100               0      1.45235881      2.12090976      6.00876308       26.581482      0.16030625     0.188395217
  35     1      50               0      1.51409226      2.01554305      5.56804884      27.0024311     0.167120171      0.17903575
          wgpu 1d 191g 268c x3w 4ms | egraph 62g->122v+0snap 14ms | graft 54 (-157n, 0 snap) cpu 0 | f64 20 | gen 0.2s | dropped inexpr 3 oversz 0 unbuild 0 {}
  36     0     100               0      1.45235881      2.12090976      6.00876308       26.581482      0.16030625     0.188395217
  36     1      50               0      1.51409226      2.01554305      5.56804884      27.0024311     0.167120171      0.17903575
          wgpu 1d 182g 273c x3w 4ms | egraph 61g->127v+0snap 13ms | graft 56 (-146n, 0 snap) cpu 0 | f64 20 | gen 0.2s | dropped inexpr 2 oversz 0 unbuild 0 {}
  37     0     100               0      1.45235881      2.12090976      6.00876308       26.581482      0.16030625     0.188395217
  37     1      50               0      1.51409226      2.01554305      5.56804884      27.0024311     0.167120171      0.17903575
          wgpu 1d 182g 278c x3w 4ms | egraph 59g->132v+0snap 14ms | graft 49 (-126n, 0 snap) cpu 0 | f64 20 | gen 0.2s | dropped inexpr 5 oversz 0 unbuild 0 {}
  38     0     100               0      1.45235881      2.12090976      6.00876308       26.581482      0.16030625     0.188395217
  38     1      50               0      1.51409226      2.01554305      5.56804884      27.0024311     0.167120171      0.17903575
          wgpu 1d 187g 280c x3w 5ms | egraph 54g->134v+0snap 19ms | graft 49 (-119n, 0 snap) cpu 0 | f64 20 | gen 0.3s
  39     0     100               0      1.45235881      2.12090976      6.00876308       26.581482      0.16030625     0.188395217
  39     1      50               0      1.51409226      2.01554305      5.56804884      27.0024311     0.167120171      0.17903575
          wgpu 1d 196g 271c x3w 5ms | egraph 54g->125v+0snap 14ms | graft 52 (-144n, 0 snap) cpu 0 | f64 20 | gen 0.2s | dropped inexpr 2 oversz 0 unbuild 0 {}
  40     0     100               0      1.45235881      2.12090976      6.00876308       26.581482      0.16030625     0.188395217
  40     1      50               0      1.51409226      2.01554305      5.56804884      27.0024311     0.167120171      0.17903575
          wgpu 1d 195g 286c x3w 4ms | egraph 54g->140v+0snap 19ms | graft 60 (-154n, 0 snap) cpu 0 | f64 20 | gen 0.2s | dropped inexpr 1 oversz 0 unbuild 0 {}
--------- pump migration: intra (promote-2 + intake-reset) ---------
  41     0     100               0      1.45235881      2.12090976      6.00876308       26.581482      0.16030625     0.188395217
  41     1      50               0      1.45235881      2.12090976      6.00876308       26.581482      0.16030625     0.188395217
          wgpu 2d 403g 424c x3w 9ms | egraph 125g->198v+0snap 28ms | graft 88 (-230n, 0 snap) cpu 0 | f64 30 | gen 0.2s | dropped inexpr 4 oversz 0 unbuild 0 {}
  42     0     100               0      1.45235881      2.12090976      6.00876308       26.581482      0.16030625     0.188395217
  42     1      50               0      1.45235881      2.12090976      6.00876308       26.581482      0.16030625     0.188395217
          wgpu 1d 153g 225c x3w 4ms | egraph 26g->79v+0snap 7ms | graft 41 (-93n, 0 snap) cpu 0 | f64 20 | gen 0.2s | dropped inexpr 1 oversz 0 unbuild 0 {}
  43     0     100               0      1.45235881      2.12090976      6.00876308       26.581482      0.16030625     0.188395217
  43     1      50               0      1.45235881      2.12090976      6.00876308       26.581482      0.16030625     0.188395217
          wgpu 1d 172g 220c x3w 4ms | egraph 39g->74v+0snap 16ms | graft 44 (-114n, 0 snap) cpu 0 | f64 20 | gen 0.2s
  44     0     100               0      1.45235881      2.12090976      6.00876308       26.581482      0.16030625     0.188395217
  44     1      50               0      1.45235881      2.12090976      6.00876308       26.581482      0.16030625     0.188395217
          wgpu 1d 121g 194c x3w 4ms | egraph 24g->48v+0snap 5ms | graft 29 (-59n, 0 snap) cpu 0 | f64 20 | gen 0.2s | dropped inexpr 1 oversz 0 unbuild 0 {}
  45     0     100               0      1.45235881      2.12090976      6.00876308       26.581482      0.16030625     0.188395217
  45     1      50               0      1.45235881      2.12090976      6.00876308       26.581482      0.16030625     0.188395217
          wgpu 1d 167g 219c x3w 4ms | egraph 31g->73v+0snap 8ms | graft 37 (-100n, 0 snap) cpu 0 | f64 20 | gen 0.2s | dropped inexpr 3 oversz 0 unbuild 0 {}
  46     0     100               0      1.45235881      2.12090976      6.00876308       26.581482      0.16030625     0.188395217
  46     1      50               0      1.45235881      2.12090976      6.00876308       26.581482      0.16030625     0.188395217
          wgpu 1d 161g 221c x3w 4ms | egraph 31g->75v+0snap 7ms | graft 43 (-114n, 0 snap) cpu 0 | f64 20 | gen 0.2s | dropped inexpr 3 oversz 0 unbuild 0 {}
  47     0     100               0      1.45235881      2.12090976      6.00876308       26.581482      0.16030625     0.188395217
  47     1      50               0      1.45235881      2.12090976      6.00876308       26.581482      0.16030625     0.188395217
          wgpu 1d 153g 205c x3w 4ms | egraph 34g->59v+0snap 8ms | graft 41 (-103n, 0 snap) cpu 0 | f64 20 | gen 0.2s
  48     0     100               0      1.45235881      2.12090976      6.00876308       26.581482      0.16030625     0.188395217
  48     1      50               0      1.45235881      2.12090976      6.00876308       26.581482      0.16030625     0.188395217
          wgpu 1d 173g 220c x3w 5ms | egraph 45g->74v+0snap 11ms | graft 42 (-106n, 0 snap) cpu 0 | f64 20 | gen 0.2s | dropped inexpr 3 oversz 0 unbuild 0 {}
  49     0     100               0      1.45235881      2.12090976      6.00876308       26.581482      0.16030625     0.188395217
  49     1      50               0      1.45235881      2.12090976      6.00876308       26.581482      0.16030625     0.188395217
          wgpu 1d 148g 199c x3w 19ms | egraph 31g->53v+0snap 13ms | graft 38 (-82n, 0 snap) cpu 0 | f64 20 | gen 0.2s | dropped inexpr 2 oversz 0 unbuild 0 {}
  50     0     100               0      1.45235881      2.12090976      6.00876308       26.581482      0.16030625     0.188395217
  50     1      50               0      1.45155488      2.12032618      6.00861159      26.5626364     0.160217514     0.188343379
          wgpu 1d 146g 201c x3w 4ms | egraph 31g->55v+0snap 8ms | graft 33 (-97n, 0 snap) cpu 0 | f64 20 | gen 0.2s | dropped inexpr 3 oversz 0 unbuild 0 {}
--------- pump migration: intra (promote-2 + intake-reset) ---------
  51     0     100               0      1.45235881      2.12090976      6.00876308       26.581482      0.16030625     0.188395217
  51     1      50               0      1.45155488      2.12032618      6.00861159      26.5626364     0.160217514     0.188343379
          wgpu 2d 360g 379c x3w 9ms | egraph 99g->153v+0snap 23ms | graft 71 (-209n, 0 snap) cpu 0 | f64 30 | gen 0.2s | dropped inexpr 5 oversz 0 unbuild 0 {}
  52     0     100               0      1.45235881      2.12090976      6.00876308       26.581482      0.16030625     0.188395217
  52     1      50               0      1.45155488      2.12032618      6.00861159      26.5626364     0.160217514     0.188343379
          wgpu 1d 167g 198c x3w 4ms | egraph 36g->52v+0snap 8ms | graft 32 (-69n, 0 snap) cpu 0 | f64 20 | gen 0.2s | dropped inexpr 1 oversz 0 unbuild 0 {}
  53     0     100               0      1.45235881      2.12090976      6.00876308       26.581482      0.16030625     0.188395217
  53     1      50               0      1.45155497      2.12032597      6.00861037      26.5626352     0.160217525      0.18834336
          wgpu 1d 138g 201c x3w 4ms | egraph 31g->55v+0snap 7ms | graft 42 (-91n, 0 snap) cpu 0 | f64 20 | gen 0.2s | dropped inexpr 2 oversz 0 unbuild 0 {}
  54     0     100               0      1.45235881      2.12090976      6.00876308       26.581482      0.16030625     0.188395217
  54     1      50               0      1.45155488      2.12032618      6.00861159      26.5626364     0.160217514     0.188343379
          wgpu 1d 139g 191c x3w 4ms | egraph 30g->45v+0snap 6ms | graft 30 (-80n, 0 snap) cpu 0 | f64 20 | gen 0.2s | dropped inexpr 1 oversz 0 unbuild 0 {}
  55     0     100               0      1.45235881      2.12090976      6.00876308       26.581482      0.16030625     0.188395217
  55     1      50               0      1.45155488      2.12032618      6.00861159      26.5626364     0.160217514     0.188343379
          wgpu 1d 146g 192c x3w 4ms | egraph 35g->46v+0snap 18ms | graft 27 (-77n, 0 snap) cpu 0 | f64 20 | gen 0.2s
  56     0     100               0      1.45235881      2.12090976      6.00876308       26.581482      0.16030625     0.188395217
  56     1      50               0      1.45155488      2.12032618      6.00861159      26.5626364     0.160217514     0.188343379
          wgpu 1d 154g 198c x3w 4ms | egraph 34g->52v+0snap 7ms | graft 35 (-84n, 0 snap) cpu 0 | f64 20 | gen 0.2s
  57     0     100               0      1.45235881      2.12090976      6.00876308       26.581482      0.16030625     0.188395217
  57     1      50               0      1.45155488      2.12032618      6.00861159      26.5626364     0.160217514     0.188343379
          wgpu 1d 153g 211c x3w 4ms | egraph 35g->65v+0snap 8ms | graft 35 (-86n, 0 snap) cpu 0 | f64 20 | gen 0.2s
  58     0     100               0     0.843464191      1.03394227      4.59155261      24.2536072    0.0930986065    0.0918425586
  58     1      50               0      1.45155488      2.12032618      6.00861159      26.5626364     0.160217514     0.188343379
          wgpu 1d 149g 191c x3w 4ms | egraph 30g->45v+0snap 6ms | graft 30 (-62n, 0 snap) cpu 0 | f64 20 | gen 0.2s
  59     0     100               0     0.843464191      1.03394227      4.59155261      24.2536072    0.0930986065    0.0918425586
  59     1      50               0      1.45155488      2.12032618      6.00861159      26.5626364     0.160217514     0.188343379
          wgpu 1d 196g 219c x3w 4ms | egraph 46g->73v+0snap 24ms | graft 35 (-92n, 0 snap) cpu 0 | f64 20 | gen 0.2s
  60     0     100               0     0.843464191      1.03394227      4.59155261      24.2536072    0.0930986065    0.0918425586
  60     1      50               0      1.45155488      2.12032618      6.00861159      26.5626364     0.160217514     0.188343379
          wgpu 1d 141g 184c x3w 4ms | egraph 36g->38v+0snap 11ms | graft 20 (-40n, 0 snap) cpu 0 | f64 20 | gen 0.2s
--------- pump migration: intra (promote-2 + intake-reset) + cross ---------
  61     0     100               0         6.05666      7.31163588      14.2483681      77.7815175     0.668512798     0.649474699
  61     1      50               0      1.45155488      2.12032618      6.00861159      26.5626364     0.160217514     0.188343379
          wgpu 2d 335g 370c x3w 7ms | egraph 106g->144v+0snap 25ms | graft 59 (-199n, 0 snap) cpu 0 | f64 30 | gen 0.2s | dropped inexpr 1 oversz 0 unbuild 0 {}
  62     0     100               0         6.05666      7.31163588      14.2483681      77.7815175     0.668512798     0.649474699
  62     1      50               0     0.843464191      1.03394227      4.59155261      24.2536072    0.0930986065    0.0918425586
          wgpu 1d 116g 195c x3w 3ms | egraph 34g->49v+0snap 9ms | graft 22 (-51n, 0 snap) cpu 0 | f64 20 | gen 0.2s
  63     0     100               0         6.05666      7.31163588      14.2483681      77.7815175     0.668512798     0.649474699
  63     1      50               0     0.843464191      1.03394227      4.59155261      24.2536072    0.0930986065    0.0918425586
          wgpu 1d 120g 194c x3w 3ms | egraph 39g->48v+0snap 12ms | graft 24 (-59n, 0 snap) cpu 0 | f64 20 | gen 0.2s
  64     0     100               0     0.776139103     0.991094229      4.73495369       23.748584    0.0856675004    0.0880364718
  64     1      50               0     0.843464191      1.03394227      4.59155261      24.2536072    0.0930986065    0.0918425586
          wgpu 1d 136g 196c x3w 8ms | egraph 45g->50v+0snap 9ms | graft 22 (-53n, 0 snap) cpu 0 | f64 20 | gen 0.2s
  65     0     100               0     0.776139103     0.991094229      4.73495369       23.748584    0.0856675004    0.0880364718
  65     1      50               0     0.843464223      1.03394218       4.5915509      24.2536053      0.09309861    0.0918425503
          wgpu 1d 156g 201c x3w 4ms | egraph 54g->55v+0snap 26ms | graft 26 (-92n, 0 snap) cpu 0 | f64 20 | gen 0.4s
  66     0     100               0     0.776139103     0.991094229      4.73495369       23.748584    0.0856675004    0.0880364718
  66     1      50               0     0.843464191      1.03394227      4.59155261      24.2536072    0.0930986065    0.0918425586
          wgpu 1d 144g 198c x3w 4ms | egraph 39g->52v+0snap 10ms | graft 25 (-74n, 0 snap) cpu 0 | f64 20 | gen 0.2s
  67     0     100               0     0.776139103     0.991094229      4.73495369       23.748584    0.0856675004    0.0880364718
  67     1      50               0     0.843464223      1.03394218       4.5915509      24.2536053      0.09309861    0.0918425503
          wgpu 1d 152g 189c x3w 4ms | egraph 49g->43v+0snap 12ms | graft 20 (-40n, 0 snap) cpu 0 | f64 20 | gen 0.4s
  68     0     100               0     0.776139103     0.991094229      4.73495369       23.748584    0.0856675004    0.0880364718
  68     1      50               0     0.843464223      1.03394218       4.5915509      24.2536053      0.09309861    0.0918425503
          wgpu 1d 163g 200c x3w 4ms | egraph 49g->54v+0snap 11ms | graft 28 (-64n, 0 snap) cpu 0 | f64 20 | gen 0.2s | dropped inexpr 1 oversz 0 unbuild 0 {}
  69     0     100               0     0.776139103     0.991094229      4.73495369       23.748584    0.0856675004    0.0880364718
  69     1      50               0     0.843464191      1.03394227      4.59155261      24.2536072    0.0930986065    0.0918425586
          wgpu 1d 164g 205c x3w 4ms | egraph 45g->59v+0snap 14ms | graft 30 (-74n, 0 snap) cpu 0 | f64 20 | gen 0.2s
  70     0     100               0     0.776139103     0.991094229      4.73495369       23.748584    0.0856675004    0.0880364718
  70     1      50               0     0.843464191      1.03394227      4.59155261      24.2536072    0.0930986065    0.0918425586
          wgpu 1d 156g 209c x3w 4ms | egraph 34g->63v+0snap 7ms | graft 31 (-71n, 0 snap) cpu 0 | f64 20 | gen 0.2s
--------- pump migration: intra (promote-2 + intake-reset) ---------
  71     0     100               0     0.776139103     0.991094229      4.73495369       23.748584    0.0856675004    0.0880364718
  71     1      50               0     0.843464191      1.03394227      4.59155261      24.2536072    0.0930986065    0.0918425586
          wgpu 2d 382g 394c x3w 8ms | egraph 125g->168v+0snap 42ms | graft 81 (-283n, 0 snap) cpu 0 | f64 30 | gen 0.2s | dropped inexpr 6 oversz 0 unbuild 0 {}
  72     0     100               0     0.776139131     0.991094095      4.73495137      23.7485824    0.0856675035    0.0880364598
  72     1      50               0     0.708525974     0.673542633      4.46136099      19.9699322    0.0782046014    0.0598291416
          wgpu 1d 165g 211c x3w 4ms | egraph 40g->65v+0snap 18ms | graft 27 (-92n, 0 snap) cpu 0 | f64 20 | gen 0.2s
  73     0     100               0     0.776139131     0.991094095      4.73495137      23.7485824    0.0856675035    0.0880364598
  73     1      50               0     0.708525974     0.673542633      4.46136099      19.9699322    0.0782046014    0.0598291416
          wgpu 1d 147g 197c x3w 4ms | egraph 36g->51v+0snap 8ms | graft 20 (-55n, 0 snap) cpu 0 | f64 20 | gen 0.2s
  74     0     100               0     0.776139131     0.991094095      4.73495137      23.7485824    0.0856675035    0.0880364598
  74     1      50               0        0.708526      0.67354252      4.46136065      19.9699312    0.0782046042    0.0598291316
          wgpu 1d 167g 214c x3w 5ms | egraph 39g->68v+0snap 11ms | graft 29 (-89n, 0 snap) cpu 0 | f64 20 | gen 0.2s
  75     0     100               0     0.776139131     0.991094095      4.73495137      23.7485824    0.0856675035    0.0880364598
  75     1      50               0        0.708526      0.67354252      4.46136065      19.9699312    0.0782046042    0.0598291316
          wgpu 1d 169g 209c x3w 4ms | egraph 48g->63v+0snap 12ms | graft 25 (-99n, 0 snap) cpu 0 | f64 20 | gen 0.2s
  76     0     100               0     0.776139131     0.991094095      4.73495137      23.7485824    0.0856675035    0.0880364598
  76     1      50               0     0.708525974     0.673542633      4.46136099      19.9699322    0.0782046014    0.0598291416
          wgpu 1d 174g 225c x3w 4ms | egraph 39g->79v+0snap 10ms | graft 33 (-146n, 0 snap) cpu 0 | f64 20 | gen 0.3s
  77     0     100               0     0.776139131     0.991094095      4.73495137      23.7485824    0.0856675035    0.0880364598
  77     1      50               0        0.708526      0.67354252      4.46136065      19.9699312    0.0782046042    0.0598291316
          wgpu 1d 157g 208c x3w 4ms | egraph 40g->62v+0snap 9ms | graft 22 (-76n, 0 snap) cpu 0 | f64 20 | gen 0.2s
  78     0     100               0     0.776139131     0.991094095      4.73495137      23.7485824    0.0856675035    0.0880364598
  78     1      50               0     0.708525974     0.673542633      4.46136099      19.9699322    0.0782046014    0.0598291416
          wgpu 1d 180g 213c x3w 4ms | egraph 41g->67v+0snap 13ms | graft 24 (-70n, 0 snap) cpu 0 | f64 20 | gen 0.2s
  79     0     100               0     0.776139131     0.991094095      4.73495137      23.7485824    0.0856675035    0.0880364598
  79     1      50               0     0.708525974     0.673542633      4.46136099      19.9699322    0.0782046014    0.0598291416
          wgpu 1d 150g 197c x3w 4ms | egraph 41g->51v+0snap 17ms | graft 25 (-67n, 0 snap) cpu 0 | f64 20 | gen 0.2s
  80     0     100               0     0.776139131     0.991094095      4.73495137      23.7485824    0.0856675035    0.0880364598
  80     1      50               0     0.708525974     0.673542633      4.46136099      19.9699322    0.0782046014    0.0598291416
          wgpu 1d 188g 227c x3w 4ms | egraph 39g->81v+0snap 17ms | graft 23 (-104n, 0 snap) cpu 0 | f64 20 | gen 0.2s
--------- pump migration: intra (promote-2 + intake-reset) ---------
  81     0     100               0     0.776139131     0.991094095      4.73495137      23.7485824    0.0856675035    0.0880364598
  81     1      50               0     0.708525974     0.673542633      4.46136099      19.9699322    0.0782046014    0.0598291416
          wgpu 2d 355g 416c x3w 9ms | egraph 113g->190v+0snap 27ms | graft 72 (-215n, 0 snap) cpu 0 | f64 30 | gen 0.2s | dropped inexpr 1 oversz 0 unbuild 0 {}
  82     0     100               0     0.776139131     0.991094095      4.73495137      23.7485824    0.0856675035    0.0880364598
  82     1      50               0     0.708525974     0.673542633      4.46136099      19.9699322    0.0782046014    0.0598291416
          wgpu 1d 183g 223c x3w 4ms | egraph 37g->77v+0snap 15ms | graft 34 (-109n, 0 snap) cpu 0 | f64 20 | gen 0.2s
  83     0     100               0     0.776139131     0.991094095      4.73495137      23.7485824    0.0856675035    0.0880364598
  83     1      50               0     0.708525974     0.673542633      4.46136099      19.9699322    0.0782046014    0.0598291416
          wgpu 1d 138g 191c x3w 4ms | egraph 29g->45v+0snap 7ms | graft 19 (-51n, 0 snap) cpu 0 | f64 20 | gen 0.2s
  84     0     100               0     0.776139131     0.991094095      4.73495137      23.7485824    0.0856675035    0.0880364598
  84     1      50               0     0.708525974     0.673542633      4.46136099      19.9699322    0.0782046014    0.0598291416
          wgpu 1d 156g 199c x3w 3ms | egraph 42g->53v+0snap 11ms | graft 21 (-65n, 0 snap) cpu 0 | f64 20 | gen 0.2s
  85     0     100               0     0.776139131     0.991094095      4.73495137      23.7485824    0.0856675035    0.0880364598
  85     1      50               0     0.708525974     0.673542633      4.46136099      19.9699322    0.0782046014    0.0598291416
          wgpu 1d 174g 215c x3w 4ms | egraph 33g->69v+0snap 9ms | graft 28 (-59n, 0 snap) cpu 0 | f64 20 | gen 0.2s
  86     0     100               0     0.776139131     0.991094095      4.73495137      23.7485824    0.0856675035    0.0880364598
  86     1      50               0     0.708525974     0.673542633      4.46136099      19.9699322    0.0782046014    0.0598291416
          wgpu 1d 150g 199c x3w 7ms | egraph 33g->53v+0snap 7ms | graft 23 (-60n, 0 snap) cpu 0 | f64 20 | gen 0.2s | dropped inexpr 1 oversz 0 unbuild 0 {}
  87     0     100               0     0.776139131     0.991094095      4.73495137      23.7485824    0.0856675035    0.0880364598
  87     1      50               0     0.708525974     0.673542633      4.46136099      19.9699322    0.0782046014    0.0598291416
          wgpu 1d 143g 197c x3w 4ms | egraph 26g->51v+0snap 18ms | graft 22 (-71n, 0 snap) cpu 0 | f64 20 | gen 0.2s
  88     0     100               0     0.776139131     0.991094095      4.73495137      23.7485824    0.0856675035    0.0880364598
  88     1      50               0     0.708525974     0.673542633      4.46136099      19.9699322    0.0782046014    0.0598291416
          wgpu 1d 153g 193c x3w 5ms | egraph 40g->47v+0snap 15ms | graft 18 (-55n, 0 snap) cpu 0 | f64 20 | gen 0.2s
  89     0     100               0     0.776139131     0.991094095      4.73495137      23.7485824    0.0856675035    0.0880364598
  89     1      50               0     0.708525974     0.673542633      4.46136099      19.9699322    0.0782046014    0.0598291416
          wgpu 1d 186g 220c x3w 15ms | egraph 41g->74v+0snap 9ms | graft 33 (-100n, 0 snap) cpu 0 | f64 20 | gen 0.2s
  90     0     100               0     0.776139131     0.991094095      4.73495137      23.7485824    0.0856675035    0.0880364598
  90     1      50               0     0.708525974     0.673542633      4.46136099      19.9699322    0.0782046014    0.0598291416
          wgpu 1d 158g 202c x3w 4ms | egraph 37g->56v+0snap 20ms | graft 24 (-93n, 0 snap) cpu 0 | f64 20 | gen 0.2s
--------- pump migration: intra (promote-2 + intake-reset) + cross ---------
  91     0     100               0     0.776139131     0.991094095      4.73495137      23.7485824    0.0856675035    0.0880364598
  91     1      50               0     0.708525974     0.673542633      4.46136099      19.9699322    0.0782046014    0.0598291416
          wgpu 2d 346g 359c x3w 8ms | egraph 98g->133v+0snap 28ms | graft 56 (-173n, 0 snap) cpu 0 | f64 30 | gen 0.2s | dropped inexpr 1 oversz 0 unbuild 0 {}
  92     0     100               0     0.776139131     0.991094095      4.73495137      23.7485824    0.0856675035    0.0880364598
  92     1      50               0     0.708525974     0.673542633      4.46136099      19.9699322    0.0782046014    0.0598291416
          wgpu 1d 146g 195c x3w 15ms | egraph 27g->49v+0snap 8ms | graft 22 (-49n, 0 snap) cpu 0 | f64 20 | gen 0.2s
  93     0     100               0     0.776139131     0.991094095      4.73495137      23.7485824    0.0856675035    0.0880364598
  93     1      50               0     0.708525974     0.673542633      4.46136099      19.9699322    0.0782046014    0.0598291416
          wgpu 1d 154g 194c x3w 4ms | egraph 35g->48v+0snap 10ms | graft 21 (-58n, 0 snap) cpu 0 | f64 20 | gen 0.2s
  94     0     100               0     0.776139131     0.991094095      4.73495137      23.7485824    0.0856675035    0.0880364598
  94     1      50               0     0.708525974     0.673542633      4.46136099      19.9699322    0.0782046014    0.0598291416
          wgpu 1d 181g 222c x3w 6ms | egraph 42g->76v+0snap 10ms | graft 31 (-126n, 0 snap) cpu 0 | f64 20 | gen 0.2s
  95     0     100               0     0.776139131     0.991094095      4.73495137      23.7485824    0.0856675035    0.0880364598
  95     1      50               0     0.708525974     0.673542633      4.46136099      19.9699322    0.0782046014    0.0598291416
          wgpu 1d 139g 186c x3w 4ms | egraph 33g->40v+0snap 8ms | graft 19 (-54n, 0 snap) cpu 0 | f64 20 | gen 0.3s | dropped inexpr 1 oversz 0 unbuild 0 {}
  96     0     100               0     0.687209201     0.747753274      4.16933657      19.5447426     0.075851731    0.0664210911
  96     1      50               0     0.708525974     0.673542633      4.46136099      19.9699322    0.0782046014    0.0598291416
          wgpu 1d 172g 210c x3w 4ms | egraph 55g->64v+0snap 13ms | graft 33 (-78n, 0 snap) cpu 0 | f64 20 | gen 0.2s | dropped inexpr 4 oversz 0 unbuild 0 {}
  97     0     100               0     0.687209201     0.747753274      4.16933657      19.5447426     0.075851731    0.0664210911
  97     1      50               0     0.708525974     0.673542633      4.46136099      19.9699322    0.0782046014    0.0598291416
          wgpu 1d 138g 194c x3w 4ms | egraph 40g->48v+0snap 13ms | graft 19 (-51n, 0 snap) cpu 0 | f64 20 | gen 0.4s | dropped inexpr 3 oversz 0 unbuild 0 {}
  98     0     100               0     0.687209201     0.747753274      4.16933657      19.5447426     0.075851731    0.0664210911
  98     1      50               0     0.708525974     0.673542633      4.46136099      19.9699322    0.0782046014    0.0598291416
          wgpu 1d 146g 202c x3w 4ms | egraph 52g->56v+0snap 12ms | graft 24 (-63n, 0 snap) cpu 0 | f64 20 | gen 0.2s | dropped inexpr 1 oversz 0 unbuild 0 {}
  99     0     100               0     0.687209201     0.747753274      4.16933657      19.5447426     0.075851731    0.0664210911
  99     1      50               0     0.708525974     0.673542633      4.46136099      19.9699322    0.0782046014    0.0598291416
          wgpu 1d 152g 209c x3w 5ms | egraph 43g->63v+0snap 9ms | graft 31 (-74n, 0 snap) cpu 0 | f64 20 | gen 0.2s
 100     0     100               0     0.687209201     0.747753274      4.16933657      19.5447426     0.075851731    0.0664210911
 100     1      50               0     0.708525974     0.673542633      4.46136099      19.9699322    0.0782046014    0.0598291416
          wgpu 1d 151g 199c x3w 4ms | egraph 44g->53v+0snap 23ms | graft 28 (-63n, 0 snap) cpu 0 | f64 20 | gen 0.2s | dropped inexpr 5 oversz 0 unbuild 0 {}
--------- pump migration: intra (promote-2 + intake-reset) ---------
 101     0     100               0     0.687209201     0.747753274      4.16933657      19.5447426     0.075851731    0.0664210911
 101     1      50               0     0.687209201     0.747753274      4.16933657      19.5447426     0.075851731    0.0664210911
          wgpu 2d 358g 378c x3w 8ms | egraph 109g->152v+0snap 30ms | graft 61 (-162n, 0 snap) cpu 0 | f64 30 | gen 0.4s | dropped inexpr 6 oversz 0 unbuild 0 {}
 102     0     100               0     0.687209173     0.747753126       4.1693368      19.5447416    0.0758517279    0.0664210778
 102     1      50               0     0.687209201     0.747753274      4.16933657      19.5447426     0.075851731    0.0664210911
          wgpu 1d 145g 192c x3w 4ms | egraph 34g->46v+0snap 8ms | graft 27 (-66n, 0 snap) cpu 0 | f64 20 | gen 0.2s | dropped inexpr 4 oversz 0 unbuild 0 {}
 103     0     100               0     0.687209173     0.747753126       4.1693368      19.5447416    0.0758517279    0.0664210778
 103     1      50               0     0.687209201     0.747753274      4.16933657      19.5447426     0.075851731    0.0664210911
          wgpu 1d 135g 202c x3w 5ms | egraph 32g->56v+0snap 8ms | graft 26 (-75n, 0 snap) cpu 0 | f64 20 | gen 0.2s | dropped inexpr 4 oversz 0 unbuild 0 {}
 104     0     100               0     0.687209173     0.747753126       4.1693368      19.5447416    0.0758517279    0.0664210778
 104     1      50               0     0.687209201     0.747753274      4.16933657      19.5447426     0.075851731    0.0664210911
          wgpu 1d 151g 201c x3w 4ms | egraph 36g->55v+0snap 8ms | graft 24 (-81n, 0 snap) cpu 0 | f64 20 | gen 0.2s | dropped inexpr 3 oversz 0 unbuild 0 {}
 105     0     100               0     0.687209201     0.747753274      4.16933657      19.5447426     0.075851731    0.0664210911
 105     1      50               0     0.687209201     0.747753274      4.16933657      19.5447426     0.075851731    0.0664210911
          wgpu 1d 148g 200c x3w 4ms | egraph 37g->54v+0snap 10ms | graft 25 (-61n, 0 snap) cpu 0 | f64 20 | gen 0.3s | dropped inexpr 3 oversz 0 unbuild 0 {}
 106     0     100               0     0.687209201     0.747753274      4.16933657      19.5447426     0.075851731    0.0664210911
 106     1      50               0     0.687209201     0.747753274      4.16933657      19.5447426     0.075851731    0.0664210911
          wgpu 1d 142g 197c x3w 4ms | egraph 28g->51v+0snap 10ms | graft 23 (-65n, 0 snap) cpu 0 | f64 20 | gen 0.2s | dropped inexpr 4 oversz 0 unbuild 0 {}
 107     0     100               0     0.687209173     0.747753126       4.1693368      19.5447416    0.0758517279    0.0664210778
 107     1      50               0     0.687209201     0.747753274      4.16933657      19.5447426     0.075851731    0.0664210911
          wgpu 1d 144g 203c x3w 4ms | egraph 32g->57v+0snap 18ms | graft 30 (-85n, 0 snap) cpu 0 | f64 20 | gen 0.2s | dropped inexpr 7 oversz 0 unbuild 0 {}
 108     0     100               0     0.687209201     0.747753274      4.16933657      19.5447426     0.075851731    0.0664210911
 108     1      50               0     0.687209201     0.747753274      4.16933657      19.5447426     0.075851731    0.0664210911
          wgpu 1d 135g 192c x3w 4ms | egraph 27g->46v+0snap 7ms | graft 21 (-87n, 0 snap) cpu 0 | f64 20 | gen 0.2s | dropped inexpr 8 oversz 0 unbuild 0 {}
 109     0     100               0     0.687209201     0.747753274      4.16933657      19.5447426     0.075851731    0.0664210911
 109     1      50               0     0.687209201     0.747753274      4.16933657      19.5447426     0.075851731    0.0664210911
          wgpu 1d 160g 209c x3w 4ms | egraph 33g->63v+0snap 13ms | graft 36 (-113n, 0 snap) cpu 0 | f64 20 | gen 0.2s | dropped inexpr 6 oversz 0 unbuild 0 {}
 110     0     100               0     0.687209201     0.747753274      4.16933657      19.5447426     0.075851731    0.0664210911
 110     1      50               0     0.687209201     0.747753274      4.16933657      19.5447426     0.075851731    0.0664210911
          wgpu 1d 167g 201c x3w 4ms | egraph 38g->55v+0snap 9ms | graft 27 (-84n, 0 snap) cpu 0 | f64 20 | gen 0.2s | dropped inexpr 5 oversz 0 unbuild 0 {}
--------- pump migration: intra (promote-2 + intake-reset) ---------
 111     0     100               0     0.687209173     0.747753126       4.1693368      19.5447416    0.0758517279    0.0664210778
 111     1      50               0     0.687209201     0.747753274      4.16933657      19.5447426     0.075851731    0.0664210911
          wgpu 2d 351g 362c x3w 11ms | egraph 123g->136v+0snap 43ms | graft 62 (-215n, 0 snap) cpu 0 | f64 30 | gen 0.2s | dropped inexpr 8 oversz 0 unbuild 0 {}
 112     0     100               0     0.687209173     0.747753126       4.1693368      19.5447416    0.0758517279    0.0664210778
 112     1      50               0     0.687209201     0.747753274      4.16933657      19.5447426     0.075851731    0.0664210911
          wgpu 1d 134g 188c x3w 6ms | egraph 31g->42v+0snap 7ms | graft 19 (-45n, 0 snap) cpu 0 | f64 20 | gen 0.2s | dropped inexpr 4 oversz 0 unbuild 0 {}
 113     0     100               0     0.687209173     0.747753126       4.1693368      19.5447416    0.0758517279    0.0664210778
 113     1      50               0     0.687209201     0.747753274      4.16933657      19.5447426     0.075851731    0.0664210911
          wgpu 1d 138g 201c x3w 13ms | egraph 26g->55v+0snap 8ms | graft 28 (-108n, 0 snap) cpu 0 | f64 20 | gen 0.2s | dropped inexpr 3 oversz 0 unbuild 0 {}
 114     0     100               0     0.687209173     0.747753126       4.1693368      19.5447416    0.0758517279    0.0664210778
 114     1      50               0     0.687209173     0.747753126       4.1693368      19.5447416    0.0758517279    0.0664210778
          wgpu 1d 136g 204c x3w 4ms | egraph 26g->58v+0snap 7ms | graft 27 (-96n, 0 snap) cpu 0 | f64 20 | gen 0.1s | dropped inexpr 5 oversz 0 unbuild 0 {}
 115     0     100               0     0.687209173     0.747753126       4.1693368      19.5447416    0.0758517279    0.0664210778
 115     1      50               0     0.687209173     0.747753126       4.1693368      19.5447416    0.0758517279    0.0664210778
          wgpu 1d 160g 220c x3w 4ms | egraph 36g->74v+0snap 14ms | graft 37 (-126n, 0 snap) cpu 0 | f64 20 | gen 0.2s | dropped inexpr 7 oversz 0 unbuild 0 {}
 116     0     100               0     0.687209173     0.747753126       4.1693368      19.5447416    0.0758517279    0.0664210778
 116     1      50               0     0.687209173     0.747753126       4.1693368      19.5447416    0.0758517279    0.0664210778
          wgpu 1d 150g 225c x3w 4ms | egraph 40g->79v+0snap 8ms | graft 32 (-97n, 0 snap) cpu 0 | f64 20 | gen 0.2s | dropped inexpr 4 oversz 0 unbuild 0 {}
 117     0     100               0     0.687209173     0.747753126       4.1693368      19.5447416    0.0758517279    0.0664210778
 117     1      50               0     0.687209173     0.747753126       4.1693368      19.5447416    0.0758517279    0.0664210778
          wgpu 1d 166g 242c x3w 4ms | egraph 41g->96v+0snap 9ms | graft 34 (-119n, 0 snap) cpu 0 | f64 20 | gen 0.2s | dropped inexpr 5 oversz 0 unbuild 0 {}
 118     0     100               0     0.687209173     0.747753126       4.1693368      19.5447416    0.0758517279    0.0664210778
 118     1      50               0     0.687209173     0.747753126       4.1693368      19.5447416    0.0758517279    0.0664210778
          wgpu 1d 151g 206c x3w 16ms | egraph 33g->60v+0snap 7ms | graft 24 (-85n, 0 snap) cpu 0 | f64 20 | gen 0.2s | dropped inexpr 3 oversz 0 unbuild 0 {}
 119     0     100               0     0.687209173     0.747753126       4.1693368      19.5447416    0.0758517279    0.0664210778
 119     1      50               0     0.687209201     0.747753274      4.16933657      19.5447426     0.075851731    0.0664210911
          wgpu 1d 128g 201c x3w 4ms | egraph 23g->55v+0snap 7ms | graft 23 (-98n, 0 snap) cpu 0 | f64 20 | gen 0.2s | dropped inexpr 4 oversz 0 unbuild 0 {}
 120     0     100               0     0.687209173     0.747753126       4.1693368      19.5447416    0.0758517279    0.0664210778
 120     1      50               0     0.687209201     0.747753274      4.16933657      19.5447426     0.075851731    0.0664210911
          wgpu 1d 154g 224c x3w 4ms | egraph 31g->78v+0snap 7ms | graft 33 (-99n, 0 snap) cpu 0 | f64 20 | gen 0.2s | dropped inexpr 6 oversz 0 unbuild 0 {}
--------- pump migration: intra (promote-2 + intake-reset) + cross ---------
 121     0     100               0      5.70550253      6.63268379      13.5258691      67.2609079     0.629753273     0.589165048
 121     1      50               0     0.687209201     0.747753274      4.16933657      19.5447426     0.075851731    0.0664210911
          wgpu 2d 413g 500c x3w 9ms | egraph 122g->274v+0snap 30ms | graft 120 (-338n, 0 snap) cpu 0 | f64 30 | gen 0.2s | dropped inexpr 1 oversz 0 unbuild 0 {}
 122     0     100               0      5.70550253      6.63268379      13.5258691      67.2609079     0.629753273     0.589165048
 122     1      50               0     0.687209201     0.747753274      4.16933657      19.5447426     0.075851731    0.0664210911
          wgpu 1d 165g 296c x3w 4ms | egraph 35g->150v+0snap 8ms | graft 64 (-187n, 0 snap) cpu 0 | f64 20 | gen 0.2s | dropped inexpr 4 oversz 0 unbuild 0 {}
 123     0     100               0      5.70550253      6.63268379      13.5258691      67.2609079     0.629753273     0.589165048
 123     1      50               0     0.687209201     0.747753274      4.16933657      19.5447426     0.075851731    0.0664210911
          wgpu 1d 180g 340c x3w 5ms | egraph 50g->194v+0snap 13ms | graft 81 (-173n, 0 snap) cpu 0 | f64 20 | gen 0.2s | dropped inexpr 5 oversz 0 unbuild 0 {}
 124     0     100               0     0.701970837     0.693055729      4.19780038      19.6906241    0.0774810685    0.0615624421
 124     1      50               0     0.687209201     0.747753274      4.16933657      19.5447426     0.075851731    0.0664210911
          wgpu 1d 172g 282c x3w 4ms | egraph 46g->136v+0snap 10ms | graft 51 (-111n, 0 snap) cpu 0 | f64 20 | gen 0.2s | dropped inexpr 6 oversz 0 unbuild 0 {}
 125     0     100               0     0.701970837     0.693055729      4.19780038      19.6906241    0.0774810685    0.0615624421
 125     1      50               0     0.687209201     0.747753274      4.16933657      19.5447426     0.075851731    0.0664210911
          wgpu 1d 156g 274c x3w 4ms | egraph 44g->128v+0snap 10ms | graft 36 (-91n, 0 snap) cpu 0 | f64 20 | gen 0.2s | dropped inexpr 7 oversz 0 unbuild 0 {}
 126     0     100               0     0.701970904     0.693055557      4.19779913      19.6906229    0.0774810758    0.0615624268
 126     1      50               0     0.687209173     0.747753126       4.1693368      19.5447416    0.0758517279    0.0664210778
          wgpu 1d 158g 272c x3w 5ms | egraph 42g->126v+0snap 9ms | graft 43 (-124n, 0 snap) cpu 0 | f64 20 | gen 0.2s | dropped inexpr 2 oversz 0 unbuild 0 {}
 127     0     100               0     0.701970904     0.693055557      4.19779913      19.6906229    0.0774810758    0.0615624268
 127     1      50               0     0.687209173     0.747753126       4.1693368      19.5447416    0.0758517279    0.0664210778
          wgpu 1d 171g 276c x3w 4ms | egraph 43g->130v+0snap 14ms | graft 42 (-109n, 0 snap) cpu 0 | f64 20 | gen 0.2s | dropped inexpr 2 oversz 0 unbuild 0 {}
 128     0     100               0     0.701970904     0.693055557      4.19779913      19.6906229    0.0774810758    0.0615624268
 128     1      50               0     0.687209201     0.747753274      4.16933657      19.5447426     0.075851731    0.0664210911
          wgpu 1d 191g 287c x3w 14ms | egraph 54g->141v+0snap 16ms | graft 41 (-116n, 0 snap) cpu 0 | f64 20 | gen 0.2s | dropped inexpr 2 oversz 0 unbuild 0 {}
 129     0     100               0     0.701970837     0.693055729      4.19780038      19.6906241    0.0774810685    0.0615624421
 129     1      50               0     0.687209173     0.747753126       4.1693368      19.5447416    0.0758517279    0.0664210778
          wgpu 1d 160g 270c x3w 4ms | egraph 30g->124v+0snap 11ms | graft 36 (-87n, 0 snap) cpu 0 | f64 20 | gen 0.2s | dropped inexpr 2 oversz 0 unbuild 0 {}
 130     0     100               0     0.701970837     0.693055729      4.19780038      19.6906241    0.0774810685    0.0615624421
 130     1      50               0     0.687209201     0.747753274      4.16933657      19.5447426     0.075851731    0.0664210911
          wgpu 1d 180g 288c x3w 4ms | egraph 46g->142v+0snap 14ms | graft 41 (-114n, 0 snap) cpu 0 | f64 20 | gen 0.2s | dropped inexpr 1 oversz 0 unbuild 0 {}
--------- pump migration: intra (promote-2 + intake-reset) ---------
 131     0     100               0     0.701970837     0.693055729      4.19780038      19.6906241    0.0774810685    0.0615624421
 131     1      50               0     0.701970837     0.693055729      4.19780038      19.6906241    0.0774810685    0.0615624421
          wgpu 2d 398g 498c x3w 9ms | egraph 122g->272v+0snap 36ms | graft 87 (-273n, 0 snap) cpu 0 | f64 30 | gen 0.2s | dropped inexpr 2 oversz 0 unbuild 0 {}
 132     0     100               0     0.701970837     0.693055729      4.19780038      19.6906241    0.0774810685    0.0615624421
 132     1      50               0     0.701970837     0.693055729      4.19780038      19.6906241    0.0774810685    0.0615624421
          wgpu 1d 177g 340c x3w 4ms | egraph 43g->194v+0snap 10ms | graft 50 (-144n, 0 snap) cpu 0 | f64 20 | gen 0.2s | dropped inexpr 1 oversz 0 unbuild 0 {}
 133     0     100               0     0.701970837     0.693055729      4.19780038      19.6906241    0.0774810685    0.0615624421
 133     1      50               0     0.687209201     0.747753274      4.16933657      19.5447426     0.075851731    0.0664210911
          wgpu 1d 189g 328c x3w 5ms | egraph 57g->182v+0snap 13ms | graft 49 (-138n, 0 snap) cpu 0 | f64 20 | gen 0.2s | dropped inexpr 1 oversz 0 unbuild 0 {}
 134     0     100               0     0.701970837     0.693055729      4.19780038      19.6906241    0.0774810685    0.0615624421
 134     1      50               0     0.701970837     0.693055729      4.19780038      19.6906241    0.0774810685    0.0615624421
          wgpu 1d 175g 326c x3w 4ms | egraph 47g->180v+0snap 10ms | graft 47 (-125n, 0 snap) cpu 0 | f64 20 | gen 0.2s
 135     0     100               0     0.701970837     0.693055729      4.19780038      19.6906241    0.0774810685    0.0615624421
 135     1      50               0     0.701970837     0.693055729      4.19780038      19.6906241    0.0774810685    0.0615624421
          wgpu 1d 188g 329c x3w 6ms | egraph 50g->183v+0snap 15ms | graft 50 (-132n, 0 snap) cpu 0 | f64 20 | gen 0.2s
 136     0     100               0     0.701970837     0.693055729      4.19780038      19.6906241    0.0774810685    0.0615624421
 136     1      50               0     0.701970837     0.693055729      4.19780038      19.6906241    0.0774810685    0.0615624421
          wgpu 1d 158g 320c x3w 4ms | egraph 39g->174v+0snap 8ms | graft 45 (-123n, 0 snap) cpu 0 | f64 20 | gen 0.2s | dropped inexpr 1 oversz 0 unbuild 0 {}
 137     0     100               0     0.701970837     0.693055729      4.19780038      19.6906241    0.0774810685    0.0615624421
 137     1      50               0     0.701970837     0.693055729      4.19780038      19.6906241    0.0774810685    0.0615624421
          wgpu 1d 182g 333c x3w 4ms | egraph 40g->187v+0snap 13ms | graft 42 (-112n, 0 snap) cpu 0 | f64 20 | gen 0.2s | dropped inexpr 2 oversz 0 unbuild 0 {}
 138     0     100               0     0.701970837     0.693055729      4.19780038      19.6906241    0.0774810685    0.0615624421
 138     1      50               0     0.701970904     0.693055557      4.19779913      19.6906229    0.0774810758    0.0615624268
          wgpu 1d 192g 330c x3w 5ms | egraph 48g->184v+0snap 10ms | graft 54 (-159n, 0 snap) cpu 0 | f64 20 | gen 0.2s | dropped inexpr 1 oversz 0 unbuild 0 {}
 139     0     100               0     0.536270327     0.553008251      3.69822704      8.99301765    0.0591916298    0.0491223678
 139     1      50               0     0.701970904     0.693055557      4.19779913      19.6906229    0.0774810758    0.0615624268
          wgpu 1d 199g 368c x3w 5ms | egraph 57g->222v+0snap 17ms | graft 50 (-122n, 0 snap) cpu 0 | f64 20 | gen 0.2s
 140     0     100               0     0.701970837     0.693055729      4.19780038      19.6906241    0.0774810685    0.0615624421
 140     1      50               0     0.701970837     0.693055729      4.19780038      19.6906241    0.0774810685    0.0615624421
          wgpu 1d 229g 381c x3w 5ms | egraph 55g->235v+0snap 15ms | graft 51 (-140n, 0 snap) cpu 0 | f64 20 | gen 0.2s | dropped inexpr 1 oversz 0 unbuild 0 {}
--------- pump migration: intra (promote-2 + intake-reset) ---------
 141     0     100               0     0.536270327     0.553008251      3.69822704      8.99301765    0.0591916298    0.0491223678
 141     1      50               0     0.701970837     0.693055729      4.19780038      19.6906241    0.0774810685    0.0615624421
          wgpu 2d 472g 552c x3w 15ms | egraph 144g->326v+0snap 42ms | graft 97 (-262n, 0 snap) cpu 0 | f64 30 | gen 0.3s | dropped inexpr 5 oversz 0 unbuild 0 {}
 142     0     100               0     0.701970837     0.693055729      4.19780038      19.6906241    0.0774810685    0.0615624421
 142     1      50               0     0.701970837     0.693055729      4.19780038      19.6906241    0.0774810685    0.0615624421
          wgpu 1d 239g 382c x3w 6ms | egraph 65g->236v+0snap 15ms | graft 61 (-162n, 0 snap) cpu 0 | f64 20 | gen 0.2s | dropped inexpr 1 oversz 0 unbuild 0 {}
 143     0     100               0     0.701970837     0.693055729      4.19780038      19.6906241    0.0774810685    0.0615624421
 143     1      50               0     0.701970837     0.693055729      4.19780038      19.6906241    0.0774810685    0.0615624421
          wgpu 1d 247g 396c x3w 8ms | egraph 70g->250v+0snap 18ms | graft 59 (-156n, 0 snap) cpu 0 | f64 20 | gen 0.3s
 144     0     100               0     0.701970837     0.693055729      4.19780038      19.6906241    0.0774810685    0.0615624421
 144     1      50               0     0.701970837     0.693055729      4.19780038      19.6906241    0.0774810685    0.0615624421
          wgpu 1d 215g 342c x3w 5ms | egraph 40g->196v+0snap 11ms | graft 49 (-120n, 0 snap) cpu 0 | f64 20 | gen 0.2s
 145     0     100               0     0.701970837     0.693055729      4.19780038      19.6906241    0.0774810685    0.0615624421
 145     1      50               0     0.701970837     0.693055729      4.19780038      19.6906241    0.0774810685    0.0615624421
          wgpu 1d 199g 325c x3w 5ms | egraph 37g->179v+0snap 13ms | graft 42 (-143n, 0 snap) cpu 0 | f64 20 | gen 0.4s
 146     0     100               0     0.701970837     0.693055729      4.19780038      19.6906241    0.0774810685    0.0615624421
 146     1      50               0     0.701970837     0.693055729      4.19780038      19.6906241    0.0774810685    0.0615624421
          wgpu 1d 191g 330c x3w 5ms | egraph 44g->184v+0snap 27ms | graft 45 (-123n, 0 snap) cpu 0 | f64 20 | gen 0.2s | dropped inexpr 1 oversz 0 unbuild 0 {}
 147     0     100               0     0.701970837     0.693055729      4.19780038      19.6906241    0.0774810685    0.0615624421
 147     1      50               0     0.701970837     0.693055729      4.19780038      19.6906241    0.0774810685    0.0615624421
          wgpu 1d 171g 325c x3w 5ms | egraph 33g->179v+0snap 8ms | graft 42 (-103n, 0 snap) cpu 0 | f64 20 | gen 0.2s
 148     0     100               0     0.701970837     0.693055729      4.19780038      19.6906241    0.0774810685    0.0615624421
 148     1      50               0     0.701970837     0.693055729      4.19780038      19.6906241    0.0774810685    0.0615624421
          wgpu 1d 193g 344c x3w 5ms | egraph 44g->198v+0snap 12ms | graft 48 (-141n, 0 snap) cpu 0 | f64 20 | gen 0.2s
 149     0     100               0     0.701970837     0.693055729      4.19780038      19.6906241    0.0774810685    0.0615624421
 149     1      50               0     0.701970837     0.693055729      4.19780038      19.6906241    0.0774810685    0.0615624421
          wgpu 1d 181g 323c x3w 4ms | egraph 32g->177v+0snap 8ms | graft 54 (-164n, 0 snap) cpu 0 | f64 20 | gen 0.2s
 150     0     100               0     0.647310756     0.661270144      4.07382023      10.3933364    0.0714478812    0.0587390065
 150     1      50               0     0.701970837     0.693055729      4.19780038      19.6906241    0.0774810685    0.0615624421
          wgpu 1d 213g 341c x3w 5ms | egraph 55g->195v+0snap 14ms | graft 60 (-188n, 0 snap) cpu 0 | f64 20 | gen 0.2s | dropped inexpr 1 oversz 0 unbuild 0 {}
--------- pump migration: intra (promote-2 + intake-reset) + cross ---------
 151     0     100               0     0.536856328     0.576840791      3.64082439      4.13287369    0.0592563106    0.0512393539
 151     1      50               0     0.701970837     0.693055729      4.19780038      19.6906241    0.0774810685    0.0615624421
          wgpu 2d 406g 496c x3w 9ms | egraph 124g->270v+0snap 30ms | graft 82 (-276n, 0 snap) cpu 0 | f64 30 | gen 0.2s | dropped inexpr 1 oversz 0 unbuild 0 {}
 152     0     100               0     0.536856328     0.576840791      3.64082439      4.13287369    0.0592563106    0.0512393539
 152     1      50               0     0.647310756     0.661270144      4.07382023      10.3933364    0.0714478812    0.0587390065
          wgpu 1d 169g 309c x3w 23ms | egraph 39g->163v+0snap 7ms | graft 51 (-156n, 0 snap) cpu 0 | f64 20 | gen 0.2s
 153     0     100               0     0.379741497     0.458967841      2.97423935      10.8551512    0.0419145289    0.0407689886
 153     1      50               0     0.647310756     0.661270144      4.07382023      10.3933364    0.0714478812    0.0587390065
          wgpu 1d 156g 308c x3w 4ms | egraph 36g->162v+0snap 8ms | graft 38 (-104n, 0 snap) cpu 0 | f64 20 | gen 0.2s
 154     0     100               0     0.379741497     0.458967841      2.97423935      10.8551512    0.0419145289    0.0407689886
 154     1      50               0     0.536856328     0.576840791      3.64082439      4.13287369    0.0592563106    0.0512393539
          wgpu 1d 184g 313c x3w 6ms | egraph 39g->167v+0snap 11ms | graft 40 (-133n, 0 snap) cpu 0 | f64 20 | gen 0.2s
 155     0     100               0     0.379741497     0.458967841      2.97423935      10.8551512    0.0419145289    0.0407689886
 155     1      50               0     0.536856328     0.576840791      3.64082439      4.13287369    0.0592563106    0.0512393539
          wgpu 1d 184g 314c x3w 5ms | egraph 39g->168v+0snap 8ms | graft 48 (-121n, 0 snap) cpu 0 | f64 20 | gen 0.2s | dropped inexpr 1 oversz 0 unbuild 0 {}
 156     0     100               0     0.379741497     0.458967841      2.97423935      10.8551512    0.0419145289    0.0407689886
 156     1      50               0     0.536856328     0.576840791      3.64082439      4.13287369    0.0592563106    0.0512393539
          wgpu 1d 169g 304c x3w 4ms | egraph 22g->157v+0snap 8ms | graft 46 (-103n, 0 snap) cpu 0 | f64 20 | gen 0.2s
 157     0     100               0     0.379741497     0.458967841      2.97423935      10.8551512    0.0419145289    0.0407689886
 157     1      50               0     0.536856328     0.576840791      3.64082439      4.13287369    0.0592563106    0.0512393539
          wgpu 1d 167g 303c x3w 10ms | egraph 24g->157v+0snap 6ms | graft 41 (-118n, 0 snap) cpu 0 | f64 20 | gen 0.2s
 158     0     100               0     0.379741497     0.458967841      2.97423935      10.8551512    0.0419145289    0.0407689886
 158     1      50               0     0.379741497     0.458967841      2.97423935      10.8551512    0.0419145289    0.0407689886
          wgpu 1d 166g 301c x3w 4ms | egraph 29g->155v+0snap 6ms | graft 37 (-94n, 0 snap) cpu 0 | f64 20 | gen 0.2s
 159     0     100               0     0.379741497     0.458967841      2.97423935      10.8551512    0.0419145289    0.0407689886
 159     1      50               0     0.379741497     0.458967841      2.97423935      10.8551512    0.0419145289    0.0407689886
          wgpu 1d 207g 329c x3w 9ms | egraph 27g->183v+0snap 27ms | graft 46 (-139n, 0 snap) cpu 0 | f64 20 | gen 0.2s
 160     0     100               0     0.379741497     0.458967841      2.97423935      10.8551512    0.0419145289    0.0407689886
 160     1      50               0     0.379741497     0.458967841      2.97423935      10.8551512    0.0419145289    0.0407689886
          wgpu 1d 168g 301c x3w 7ms | egraph 34g->155v+0snap 33ms | graft 37 (-110n, 0 snap) cpu 0 | f64 20 | gen 0.3s
--------- pump migration: intra (promote-2 + intake-reset) ---------
 161     0     100               0      4.65364485      5.16403483      11.7241197      79.0699659     0.513652927      0.45870856
 161     1      50               0     0.379741607     0.458967705      2.97423713      10.8551435     0.041914541    0.0407689766
          wgpu 2d 371g 446c x3w 15ms | egraph 91g->220v+0snap 57ms | graft 72 (-255n, 0 snap) cpu 0 | f64 30 | gen 0.4s | dropped inexpr 2 oversz 0 unbuild 0 {}
 162     0     100               0      4.65364485      5.16403483      11.7241197      79.0699659     0.513652927      0.45870856
 162     1      50               0     0.379741607     0.458967705      2.97423713      10.8551435     0.041914541    0.0407689766
          wgpu 1d 166g 292c x3w 18ms | egraph 30g->146v+0snap 17ms | graft 38 (-122n, 0 snap) cpu 0 | f64 20 | gen 0.2s | dropped inexpr 1 oversz 0 unbuild 0 {}
 163     0     100               0      4.65364485      5.16403483      11.7241197      79.0699659     0.513652927      0.45870856
 163     1      50               0     0.379741607     0.458967705      2.97423713      10.8551435     0.041914541    0.0407689766
          wgpu 1d 156g 250c x3w 7ms | egraph 32g->104v+0snap 16ms | graft 26 (-84n, 0 snap) cpu 0 | f64 20 | gen 0.2s | dropped inexpr 1 oversz 0 unbuild 0 {}
 164     0     100               0      4.65364485      5.16403483      11.7241197      79.0699659     0.513652927      0.45870856
 164     1      50               0     0.379741607     0.458967705      2.97423713      10.8551435     0.041914541    0.0407689766
          wgpu 1d 202g 333c x3w 8ms | egraph 39g->187v+0snap 22ms | graft 50 (-198n, 0 snap) cpu 0 | f64 20 | gen 0.3s | dropped inexpr 3 oversz 0 unbuild 0 {}
 165     0     100               0      4.65364485      5.16403483      11.7241197      79.0699659     0.513652927      0.45870856
 165     1      50               0     0.379741607     0.458967705      2.97423713      10.8551435     0.041914541    0.0407689766
          wgpu 1d 133g 296c x3w 8ms | egraph 27g->150v+0snap 15ms | graft 49 (-151n, 0 snap) cpu 0 | f64 20 | gen 0.3s
 166     0     100               0      4.65364485      5.16403483      11.7241197      79.0699659     0.513652927      0.45870856
 166     1      50               0     0.379741607     0.458967705      2.97423713      10.8551435     0.041914541    0.0407689766
          wgpu 1d 156g 300c x3w 7ms | egraph 27g->154v+0snap 15ms | graft 44 (-127n, 0 snap) cpu 0 | f64 20 | gen 0.4s
 167     0     100               0      4.65364485      5.16403483      11.7241197      79.0699659     0.513652927      0.45870856
 167     1      50               0     0.379741607     0.458967705      2.97423713      10.8551435     0.041914541    0.0407689766
          wgpu 1d 149g 280c x3w 10ms | egraph 27g->134v+0snap 20ms | graft 35 (-116n, 0 snap) cpu 0 | f64 20 | gen 0.2s | dropped inexpr 1 oversz 0 unbuild 0 {}
 168     0     100               0      4.65364485      5.16403483      11.7241197      79.0699659     0.513652927      0.45870856
 168     1      50               0     0.379741607     0.458967705      2.97423713      10.8551435     0.041914541    0.0407689766
          wgpu 1d 136g 265c x3w 26ms | egraph 21g->119v+0snap 14ms | graft 41 (-111n, 0 snap) cpu 0 | f64 20 | gen 0.3s | dropped inexpr 1 oversz 0 unbuild 0 {}
 169     0     100               0      4.65364485      5.16403483      11.7241197      79.0699659     0.513652927      0.45870856
 169     1      50               0     0.379741607     0.458967705      2.97423713      10.8551435     0.041914541    0.0407689766
          wgpu 1d 167g 285c x3w 8ms | egraph 34g->139v+0snap 40ms | graft 41 (-98n, 0 snap) cpu 0 | f64 20 | gen 0.4s
 170     0     100               0      4.65364485      5.16403483      11.7241197      79.0699659     0.513652927      0.45870856
 170     1      50               0     0.379741497     0.458967841      2.97423935      10.8551512    0.0419145289    0.0407689886
          wgpu 1d 126g 241c x3w 8ms | egraph 27g->95v+0snap 12ms | graft 32 (-66n, 0 snap) cpu 0 | f64 20 | gen 0.2s
--------- pump migration: intra (promote-2 + intake-reset) ---------
 171     0     100               0     0.601418181     0.678783883      3.50768308      25.5026694    0.0663824205     0.060294709
 171     1      50               0     0.379741607     0.458967705      2.97423713      10.8551435     0.041914541    0.0407689766
          wgpu 2d 365g 426c x3w 22ms | egraph 104g->200v+0snap 73ms | graft 85 (-290n, 0 snap) cpu 0 | f64 30 | gen 0.2s | dropped inexpr 2 oversz 0 unbuild 0 {}
 172     0     100               0     0.601418181     0.678783883      3.50768308      25.5026694    0.0663824205     0.060294709
 172     1      50               0     0.379741497     0.458967841      2.97423935      10.8551512    0.0419145289    0.0407689886
          wgpu 1d 213g 307c x3w 6ms | egraph 64g->161v+0snap 63ms | graft 44 (-145n, 0 snap) cpu 0 | f64 20 | gen 0.2s
 173     0     100               0     0.601418181     0.678783883      3.50768308      25.5026694    0.0663824205     0.060294709
 173     1      50               0     0.379741497     0.458967841      2.97423935      10.8551512    0.0419145289    0.0407689886
          wgpu 1d 207g 311c x3w 6ms | egraph 68g->165v+0snap 118ms | graft 50 (-150n, 0 snap) cpu 0 | f64 20 | gen 0.4s | dropped inexpr 2 oversz 0 unbuild 0 {}
 174     0     100               0     0.601418181     0.678783883      3.50768308      25.5026694    0.0663824205     0.060294709
 174     1      50               0     0.379741497     0.458967841      2.97423935      10.8551512    0.0419145289    0.0407689886
          wgpu 1d 170g 283c x3w 7ms | egraph 50g->137v+0snap 27ms | graft 37 (-88n, 0 snap) cpu 0 | f64 20 | gen 0.2s
 175     0     100               0     0.601418181     0.678783883      3.50768308      25.5026694    0.0663824205     0.060294709
 175     1      50               0     0.379741497     0.458967841      2.97423935      10.8551512    0.0419145289    0.0407689886
          wgpu 1d 197g 306c x3w 25ms | egraph 53g->160v+0snap 30ms | graft 45 (-137n, 0 snap) cpu 0 | f64 20 | gen 0.2s
 176     0     100               0     0.601418181     0.678783883      3.50768308      25.5026694    0.0663824205     0.060294709
 176     1      50               0     0.379741497     0.458967841      2.97423935      10.8551512    0.0419145289    0.0407689886
          wgpu 1d 179g 290c x3w 6ms | egraph 39g->144v+0snap 102ms | graft 37 (-104n, 0 snap) cpu 0 | f64 20 | gen 0.4s | dropped inexpr 5 oversz 0 unbuild 0 {}
 177     0     100               0     0.601418181     0.678783883      3.50768308      25.5026694    0.0663824205     0.060294709
 177     1      50               0     0.379741497     0.458967841      2.97423935      10.8551512    0.0419145289    0.0407689886
          wgpu 1d 213g 307c x3w 9ms | egraph 48g->161v+0snap 22ms | graft 49 (-120n, 0 snap) cpu 0 | f64 20 | gen 0.2s
 178     0     100               0     0.601418181     0.678783883      3.50768308      25.5026694    0.0663824205     0.060294709
 178     1      50               0     0.379741497     0.458967841      2.97423935      10.8551512    0.0419145289    0.0407689886
          wgpu 1d 204g 320c x3w 28ms | egraph 36g->174v+0snap 30ms | graft 43 (-129n, 0 snap) cpu 0 | f64 20 | gen 0.3s | dropped inexpr 2 oversz 0 unbuild 0 {}
 179     0     100               0     0.601418181     0.678783883      3.50768308      25.5026694    0.0663824205     0.060294709
 179     1      50               0     0.379741497     0.458967841      2.97423935      10.8551512    0.0419145289    0.0407689886
          wgpu 1d 158g 308c x3w 9ms | egraph 30g->162v+0snap 22ms | graft 34 (-96n, 0 snap) cpu 0 | f64 20 | gen 0.3s
 180     0     100               0     0.601418181     0.678783883      3.50768308      25.5026694    0.0663824205     0.060294709
 180     1      50               0     0.379741497     0.458967841      2.97423935      10.8551512    0.0419145289    0.0407689886
          wgpu 1d 190g 333c x3w 9ms | egraph 34g->187v+0snap 19ms | graft 54 (-157n, 0 snap) cpu 0 | f64 20 | gen 0.2s
--------- pump migration: intra (promote-2 + intake-reset) + cross ---------
 181     0     100               0     0.601418181     0.678783883      3.50768308      25.5026694    0.0663824205     0.060294709
 181     1      50               0     0.601418181     0.678783883      3.50768308      25.5026694    0.0663824205     0.060294709
          wgpu 2d 365g 448c x3w 12ms | egraph 105g->222v+0snap 71ms | graft 66 (-170n, 0 snap) cpu 0 | f64 30 | gen 0.3s | dropped inexpr 3 oversz 0 unbuild 0 {}
 182     0     100               0     0.601418181     0.678783883      3.50768308      25.5026694    0.0663824205     0.060294709
 182     1      50               0     0.379741497     0.458967841      2.97423935      10.8551512    0.0419145289    0.0407689886
          wgpu 1d 184g 290c x3w 7ms | egraph 36g->144v+0snap 19ms | graft 34 (-96n, 0 snap) cpu 0 | f64 20 | gen 0.2s | dropped inexpr 5 oversz 0 unbuild 0 {}
 183     0     100               0     0.601418181     0.678783883      3.50768308      25.5026694    0.0663824205     0.060294709
 183     1      50               0     0.379741497     0.458967841      2.97423935      10.8551512    0.0419145289    0.0407689886
          wgpu 1d 175g 287c x3w 5ms | egraph 34g->141v+0snap 17ms | graft 35 (-109n, 0 snap) cpu 0 | f64 20 | gen 0.2s | dropped inexpr 5 oversz 0 unbuild 0 {}
 184     0     100               0     0.601418181     0.678783883      3.50768308      25.5026694    0.0663824205     0.060294709
 184     1      50               0     0.379741497     0.458967841      2.97423935      10.8551512    0.0419145289    0.0407689886
          wgpu 1d 208g 315c x3w 18ms | egraph 36g->169v+0snap 29ms | graft 53 (-157n, 0 snap) cpu 0 | f64 20 | gen 0.2s | dropped inexpr 2 oversz 0 unbuild 0 {}
 185     0     100               0     0.601418181     0.678783883      3.50768308      25.5026694    0.0663824205     0.060294709
 185     1      50               0     0.379741497     0.458967841      2.97423935      10.8551512    0.0419145289    0.0407689886
          wgpu 1d 197g 280c x3w 8ms | egraph 40g->134v+0snap 44ms | graft 45 (-102n, 0 snap) cpu 0 | f64 20 | gen 0.3s | dropped inexpr 3 oversz 0 unbuild 0 {}
 186     0     100               0     0.601418181     0.678783883      3.50768308      25.5026694    0.0663824205     0.060294709
 186     1      50               0     0.379741497     0.458967841      2.97423935      10.8551512    0.0419145289    0.0407689886
          wgpu 1d 150g 275c x3w 7ms | egraph 24g->129v+0snap 24ms | graft 23 (-69n, 0 snap) cpu 0 | f64 20 | gen 0.2s | dropped inexpr 1 oversz 0 unbuild 0 {}
 187     0     100               0     0.601418181     0.678783883      3.50768308      25.5026694    0.0663824205     0.060294709
 187     1      50               0     0.379741497     0.458967841      2.97423935      10.8551512    0.0419145289    0.0407689886
          wgpu 1d 200g 301c x3w 8ms | egraph 34g->155v+0snap 33ms | graft 42 (-123n, 0 snap) cpu 0 | f64 20 | gen 0.2s | dropped inexpr 1 oversz 0 unbuild 0 {}
 188     0     100               0     0.601418181     0.678783883      3.50768308      25.5026694    0.0663824205     0.060294709
 188     1      50               0     0.379741497     0.458967841      2.97423935      10.8551512    0.0419145289    0.0407689886
          wgpu 1d 198g 290c x3w 9ms | egraph 37g->144v+0snap 71ms | graft 51 (-134n, 0 snap) cpu 0 | f64 20 | gen 0.3s | dropped inexpr 2 oversz 0 unbuild 0 {}
 189     0     100               0     0.601418181     0.678783883      3.50768308      25.5026694    0.0663824205     0.060294709
 189     1      50               0     0.379741497     0.458967841      2.97423935      10.8551512    0.0419145289    0.0407689886
          wgpu 1d 198g 279c x3w 10ms | egraph 47g->133v+0snap 75ms | graft 35 (-80n, 0 snap) cpu 0 | f64 20 | gen 0.3s | dropped inexpr 7 oversz 0 unbuild 0 {}
 190     0     100               0     0.601418181     0.678783883      3.50768308      25.5026694    0.0663824205     0.060294709
 190     1      50               0     0.379741497     0.458967841      2.97423935      10.8551512    0.0419145289    0.0407689886
          wgpu 1d 212g 293c x3w 14ms | egraph 46g->147v+0snap 23ms | graft 34 (-106n, 0 snap) cpu 0 | f64 20 | gen 0.2s | dropped inexpr 2 oversz 0 unbuild 0 {}
--------- pump migration: intra (promote-2 + intake-reset) ---------
 191     0     100               0      2.64087618      2.81286473       6.5531193      20.4219754     0.291490611     0.249859881
 191     1      50               0     0.379741497     0.458967841      2.97423935      10.8551512    0.0419145289    0.0407689886
          wgpu 2d 539g 562c x3w 31ms | egraph 139g->336v+0snap 81ms | graft 106 (-666n, 0 snap) cpu 0 | f64 30 | gen 2.6s | dropped inexpr 3 oversz 0 unbuild 0 {}
 192     0     100               0      2.64087618      2.81286473       6.5531193      20.4219754     0.291490611     0.249859881
 192     1      50               0     0.601418181     0.678783883      3.50768308      25.5026694    0.0663824205     0.060294709
          wgpu 1d 312g 363c x3w 33ms | egraph 75g->217v+0snap 59ms | graft 58 (-325n, 0 snap) cpu 0 | f64 20 | gen 3.2s | dropped inexpr 3 oversz 0 unbuild 0 {}
 193     0     100               0      2.64087618      2.81286473       6.5531193      20.4219754     0.291490611     0.249859881
 193     1      50               0     0.379741497     0.458967841      2.97423935      10.8551512    0.0419145289    0.0407689886
          wgpu 1d 385g 437c x3w 16ms | egraph 98g->291v+0snap 85ms | graft 73 (-691n, 0 snap) cpu 0 | f64 20 | gen 2.9s | dropped inexpr 1 oversz 0 unbuild 0 {}
 194     0     100               0     0.415746427     0.563709043      2.95025088      36.1042491    0.0458886262     0.050072893
 194     1      50               0     0.379741497     0.458967841      2.97423935      10.8551512    0.0419145289    0.0407689886
          wgpu 1d 291g 341c x3w 27ms | egraph 65g->195v+0snap 54ms | graft 50 (-336n, 0 snap) cpu 0 | f64 20 | gen 2.5s
 195     0     100               0     0.415746427     0.563709043      2.95025088      36.1042491    0.0458886262     0.050072893
 195     1      50               0     0.379741497     0.458967841      2.97423935      10.8551512    0.0419145289    0.0407689886
          wgpu 1d 274g 336c x3w 14ms | egraph 64g->190v+0snap 53ms | graft 49 (-245n, 0 snap) cpu 0 | f64 20 | gen 2.8s
 196     0     100               0     0.415746427     0.563709043      2.95025088      36.1042491    0.0458886262     0.050072893
 196     1      50               0     0.379741497     0.458967841      2.97423935      10.8551512    0.0419145289    0.0407689886
          wgpu 1d 168g 228c x3w 6ms | egraph 21g->82v+0snap 13ms | graft 26 (-69n, 0 snap) cpu 0 | f64 20 | gen 0.2s
 197     0     100               0     0.415746427     0.563709043      2.95025088      36.1042491    0.0458886262     0.050072893
 197     1      50               0     0.379741497     0.458967841      2.97423935      10.8551512    0.0419145289    0.0407689886
          wgpu 1d 154g 238c x3w 27ms | egraph 35g->92v+0snap 18ms | graft 31 (-109n, 0 snap) cpu 0 | f64 20 | gen 0.2s
 198     0     100               0     0.415746427     0.563709043      2.95025088      36.1042491    0.0458886262     0.050072893
 198     1      50               0     0.379741497     0.458967841      2.97423935      10.8551512    0.0419145289    0.0407689886
          wgpu 1d 149g 242c x3w 7ms | egraph 29g->96v+0snap 11ms | graft 32 (-124n, 0 snap) cpu 0 | f64 20 | gen 0.4s
 199     0     100               0     0.415746427     0.563709043      2.95025088      36.1042491    0.0458886262     0.050072893
 199     1      50               0     0.379741497     0.458967841      2.97423935      10.8551512    0.0419145289    0.0407689886
          wgpu 1d 157g 251c x3w 5ms | egraph 22g->105v+0snap 25ms | graft 41 (-116n, 0 snap) cpu 0 | f64 20 | gen 0.2s
 200     0     100               0     0.415746427     0.563709043      2.95025088      36.1042491    0.0458886262     0.050072893
 200     1      50               0     0.379741497     0.458967841      2.97423935      10.8551512    0.0419145289    0.0407689886
          wgpu 1d 142g 235c x3w 22ms | egraph 22g->89v+0snap 23ms | graft 31 (-87n, 0 snap) cpu 0 | f64 20 | gen 0.3s
--------- pump migration: intra (promote-2 + intake-reset) ---------
 201     0     100               0     0.415746427     0.563709043      2.95025088      36.1042491    0.0458886262     0.050072893
 201     1      50               0     0.415746427     0.563709043      2.95025088      36.1042491    0.0458886262     0.050072893
          wgpu 2d 390g 424c x3w 14ms | egraph 102g->198v+0snap 98ms | graft 68 (-212n, 0 snap) cpu 0 | f64 30 | gen 0.2s | dropped inexpr 3 oversz 0 unbuild 0 {}
 202     0     100               0     0.415746427     0.563709043      2.95025088      36.1042491    0.0458886262     0.050072893
 202     1      50               0     0.415746427     0.563709043      2.95025088      36.1042491    0.0458886262     0.050072893
          wgpu 1d 132g 204c x3w 5ms | egraph 14g->58v+0snap 9ms | graft 30 (-65n, 0 snap) cpu 0 | f64 20 | gen 0.2s
 203     0     100               0     0.415746427     0.563709043      2.95025088      36.1042491    0.0458886262     0.050072893
 203     1      50               0     0.415746427     0.563709043      2.95025088      36.1042491    0.0458886262     0.050072893
          wgpu 1d 149g 209c x3w 5ms | egraph 21g->63v+0snap 34ms | graft 39 (-112n, 0 snap) cpu 0 | f64 20 | gen 0.2s
 204     0     100               0     0.415746427     0.563709043      2.95025088      36.1042491    0.0458886262     0.050072893
 204     1      50               0     0.415746427     0.563709043      2.95025088      36.1042491    0.0458886262     0.050072893
          wgpu 1d 153g 203c x3w 5ms | egraph 22g->57v+0snap 21ms | graft 37 (-100n, 0 snap) cpu 0 | f64 20 | gen 0.2s
 205     0     100               0     0.415746427     0.563709043      2.95025088      36.1042491    0.0458886262     0.050072893
 205     1      50               0     0.415746427     0.563709043      2.95025088      36.1042491    0.0458886262     0.050072893
          wgpu 1d 128g 190c x3w 11ms | egraph 20g->44v+0snap 11ms | graft 29 (-74n, 0 snap) cpu 0 | f64 20 | gen 0.2s | dropped inexpr 1 oversz 0 unbuild 0 {}
 206     0     100               0     0.415746427     0.563709043      2.95025088      36.1042491    0.0458886262     0.050072893
 206     1      50               0     0.415746427     0.563709043      2.95025088      36.1042491    0.0458886262     0.050072893
          wgpu 1d 112g 181c x3w 10ms | egraph 13g->35v+0snap 52ms | graft 29 (-71n, 0 snap) cpu 0 | f64 20 | gen 0.3s
 207     0     100               0     0.415746427     0.563709043      2.95025088      36.1042491    0.0458886262     0.050072893
 207     1      50               0     0.415746427     0.563709043      2.95025088      36.1042491    0.0458886262     0.050072893
          wgpu 1d 138g 188c x3w 5ms | egraph 19g->42v+0snap 20ms | graft 27 (-67n, 0 snap) cpu 0 | f64 20 | gen 0.2s
 208     0     100               0     0.415746427     0.563709043      2.95025088      36.1042491    0.0458886262     0.050072893
 208     1      50               0     0.415746427     0.563709043      2.95025088      36.1042491    0.0458886262     0.050072893
          wgpu 1d 122g 181c x3w 20ms | egraph 16g->35v+0snap 11ms | graft 23 (-84n, 0 snap) cpu 0 | f64 20 | gen 0.2s | dropped inexpr 1 oversz 0 unbuild 0 {}
 209     0     100               0     0.415746427     0.563709043      2.95025088      36.1042491    0.0458886262     0.050072893
 209     1      50               0     0.415746427     0.563709043      2.95025088      36.1042491    0.0458886262     0.050072893
          wgpu 1d 131g 187c x3w 9ms | egraph 21g->41v+0snap 15ms | graft 21 (-50n, 0 snap) cpu 0 | f64 20 | gen 0.2s
 210     0     100               0     0.415746427     0.563709043      2.95025088      36.1042491    0.0458886262     0.050072893
 210     1      50               0     0.415746427     0.563709043      2.95025088      36.1042491    0.0458886262     0.050072893
          wgpu 1d 134g 199c x3w 4ms | egraph 23g->53v+0snap 21ms | graft 35 (-80n, 0 snap) cpu 0 | f64 20 | gen 0.2s
--------- pump migration: intra (promote-2 + intake-reset) + cross ---------
 211     0     100               0     0.415746427     0.563709043      2.95025088      36.1042491    0.0458886262     0.050072893
 211     1      50               0     0.415746427     0.563709043      2.95025088      36.1042491    0.0458886262     0.050072893
          wgpu 2d 345g 370c x3w 13ms | egraph 96g->144v+0snap 96ms | graft 64 (-222n, 0 snap) cpu 0 | f64 30 | gen 0.3s | dropped inexpr 7 oversz 0 unbuild 0 {}
 212     0     100               0     0.415746427     0.563709043      2.95025088      36.1042491    0.0458886262     0.050072893
 212     1      50               0     0.415746427     0.563709043      2.95025088      36.1042491    0.0458886262     0.050072893
          wgpu 1d 133g 183c x3w 5ms | egraph 16g->37v+0snap 9ms | graft 17 (-47n, 0 snap) cpu 0 | f64 20 | gen 0.2s
 213     0     100               0     0.415746427     0.563709043      2.95025088      36.1042491    0.0458886262     0.050072893
 213     1      50               0     0.415746427     0.563709043      2.95025088      36.1042491    0.0458886262     0.050072893
          wgpu 1d 136g 191c x3w 25ms | egraph 17g->45v+0snap 21ms | graft 26 (-68n, 0 snap) cpu 0 | f64 20 | gen 0.2s
 214     0     100               0     0.415746427     0.563709043      2.95025088      36.1042491    0.0458886262     0.050072893
 214     1      50               0     0.415746427     0.563709043      2.95025088      36.1042491    0.0458886262     0.050072893
          wgpu 1d 149g 201c x3w 8ms | egraph 26g->55v+0snap 15ms | graft 30 (-78n, 0 snap) cpu 0 | f64 20 | gen 0.2s
 215     0     100               0     0.415746427     0.563709043      2.95025088      36.1042491    0.0458886262     0.050072893
 215     1      50               0     0.415746427     0.563709043      2.95025088      36.1042491    0.0458886262     0.050072893
          wgpu 1d 149g 198c x3w 5ms | egraph 27g->52v+0snap 54ms | graft 28 (-65n, 0 snap) cpu 0 | f64 20 | gen 0.2s | dropped inexpr 1 oversz 0 unbuild 0 {}
 216     0     100               0     0.415746427     0.563709043      2.95025088      36.1042491    0.0458886262     0.050072893
 216     1      50               0     0.415746427     0.563709043      2.95025088      36.1042491    0.0458886262     0.050072893
          wgpu 1d 123g 187c x3w 9ms | egraph 14g->41v+0snap 10ms | graft 27 (-79n, 0 snap) cpu 0 | f64 20 | gen 0.2s
 217     0     100               0     0.415746427     0.563709043      2.95025088      36.1042491    0.0458886262     0.050072893
 217     1      50               0     0.415746427     0.563709043      2.95025088      36.1042491    0.0458886262     0.050072893
          wgpu 1d 136g 199c x3w 6ms | egraph 17g->53v+0snap 13ms | graft 29 (-73n, 0 snap) cpu 0 | f64 20 | gen 0.2s
 218     0     100               0     0.415746427     0.563709043      2.95025088      36.1042491    0.0458886262     0.050072893
 218     1      50               0     0.415746427     0.563709043      2.95025088      36.1042491    0.0458886262     0.050072893
          wgpu 1d 143g 190c x3w 5ms | egraph 24g->44v+0snap 11ms | graft 20 (-52n, 0 snap) cpu 0 | f64 20 | gen 0.3s
 219     0     100               0     0.415746427     0.563709043      2.95025088      36.1042491    0.0458886262     0.050072893
 219     1      50               0     0.415746427     0.563709043      2.95025088      36.1042491    0.0458886262     0.050072893
          wgpu 1d 143g 191c x3w 6ms | egraph 19g->45v+0snap 13ms | graft 25 (-55n, 0 snap) cpu 0 | f64 20 | gen 0.2s | dropped inexpr 1 oversz 0 unbuild 0 {}
 220     0     100               0     0.415746427     0.563709043      2.95025088      36.1042491    0.0458886262     0.050072893
 220     1      50               0     0.415746427     0.563709043      2.95025088      36.1042491    0.0458886262     0.050072893
          wgpu 1d 118g 183c x3w 5ms | egraph 21g->37v+0snap 10ms | graft 23 (-55n, 0 snap) cpu 0 | f64 20 | gen 0.2s
--------- pump migration: intra (promote-2 + intake-reset) ---------
 221     0     100               0     0.415746427     0.563709043      2.95025088      36.1042491    0.0458886262     0.050072893
 221     1      50               0     0.415746427     0.563709043      2.95025088      36.1042491    0.0458886262     0.050072893
          wgpu 2d 403g 400c x3w 48ms | egraph 107g->174v+0snap 56ms | graft 70 (-199n, 0 snap) cpu 0 | f64 30 | gen 0.2s | dropped inexpr 5 oversz 0 unbuild 0 {}
 222     0     100               0     0.415746427     0.563709043      2.95025088      36.1042491    0.0458886262     0.050072893
 222     1      50               0     0.415746427     0.563709043      2.95025088      36.1042491    0.0458886262     0.050072893
          wgpu 1d 142g 200c x3w 8ms | egraph 22g->54v+0snap 39ms | graft 32 (-73n, 0 snap) cpu 0 | f64 20 | gen 0.2s
 223     0     100               0     0.415746427     0.563709043      2.95025088      36.1042491    0.0458886262     0.050072893
 223     1      50               0     0.415746427     0.563709043      2.95025088      36.1042491    0.0458886262     0.050072893
          wgpu 1d 123g 192c x3w 9ms | egraph 18g->46v+0snap 42ms | graft 35 (-74n, 0 snap) cpu 0 | f64 20 | gen 0.3s | dropped inexpr 1 oversz 0 unbuild 0 {}
 224     0     100               0     0.415746427     0.563709043      2.95025088      36.1042491    0.0458886262     0.050072893
 224     1      50               0     0.415746427     0.563709043      2.95025088      36.1042491    0.0458886262     0.050072893
          wgpu 1d 154g 209c x3w 38ms | egraph 16g->63v+0snap 15ms | graft 34 (-79n, 0 snap) cpu 0 | f64 20 | gen 0.2s
 225     0     100               0     0.415746427     0.563709043      2.95025088      36.1042491    0.0458886262     0.050072893
 225     1      50               0     0.415746427     0.563709043      2.95025088      36.1042491    0.0458886262     0.050072893
          wgpu 1d 128g 188c x3w 18ms | egraph 11g->42v+0snap 8ms | graft 31 (-77n, 0 snap) cpu 0 | f64 20 | gen 0.2s
 226     0     100               0     0.415746427     0.563709043      2.95025088      36.1042491    0.0458886262     0.050072893
 226     1      50               0     0.415746427     0.563709043      2.95025088      36.1042491    0.0458886262     0.050072893
          wgpu 1d 151g 196c x3w 5ms | egraph 23g->50v+0snap 19ms | graft 29 (-70n, 0 snap) cpu 0 | f64 20 | gen 0.2s | dropped inexpr 1 oversz 0 unbuild 0 {}
 227     0     100               0     0.415746427     0.563709043      2.95025088      36.1042491    0.0458886262     0.050072893
 227     1      50               0     0.415746427     0.563709043      2.95025088      36.1042491    0.0458886262     0.050072893
          wgpu 1d 124g 183c x3w 6ms | egraph 16g->37v+0snap 10ms | graft 22 (-49n, 0 snap) cpu 0 | f64 20 | gen 0.2s
 228     0     100               0     0.415746427     0.563709043      2.95025088      36.1042491    0.0458886262     0.050072893
 228     1      50               0     0.415746427     0.563709043      2.95025088      36.1042491    0.0458886262     0.050072893
          wgpu 1d 153g 197c x3w 27ms | egraph 19g->51v+0snap 32ms | graft 26 (-65n, 0 snap) cpu 0 | f64 20 | gen 0.2s
 229     0     100               0     0.415746427     0.563709043      2.95025088      36.1042491    0.0458886262     0.050072893
 229     1      50               0     0.415746427     0.563709043      2.95025088      36.1042491    0.0458886262     0.050072893
          wgpu 1d 128g 192c x3w 5ms | egraph 16g->46v+0snap 15ms | graft 27 (-77n, 0 snap) cpu 0 | f64 20 | gen 0.2s
 230     0     100               0     0.415746427     0.563709043      2.95025088      36.1042491    0.0458886262     0.050072893
 230     1      50               0     0.415746427     0.563709043      2.95025088      36.1042491    0.0458886262     0.050072893
          wgpu 1d 130g 191c x3w 5ms | egraph 18g->45v+0snap 13ms | graft 26 (-72n, 0 snap) cpu 0 | f64 20 | gen 0.2s
--------- pump migration: intra (promote-2 + intake-reset) ---------
 231     0     100               0      3.05058181       4.3941832      7.75811918      37.2263534     0.336712476     0.390324526
 231     1      50               0     0.415746427     0.563709043      2.95025088      36.1042491    0.0458886262     0.050072893
          wgpu 2d 312g 351c x3w 31ms | egraph 84g->125v+0snap 98ms | graft 51 (-123n, 0 snap) cpu 0 | f64 30 | gen 0.3s | dropped inexpr 4 oversz 0 unbuild 0 {}
 232     0     100               0      3.05058181       4.3941832      7.75811918      37.2263534     0.336712476     0.390324526
 232     1      50               0     0.415746427     0.563709043      2.95025088      36.1042491    0.0458886262     0.050072893
          wgpu 1d 148g 198c x3w 5ms | egraph 28g->52v+0snap 36ms | graft 26 (-58n, 0 snap) cpu 0 | f64 20 | gen 0.2s | dropped inexpr 2 oversz 0 unbuild 0 {}
 233     0     100               0      3.05058181       4.3941832      7.75811918      37.2263534     0.336712476     0.390324526
 233     1      50               0     0.415746427     0.563709043      2.95025088      36.1042491    0.0458886262     0.050072893
          wgpu 1d 120g 189c x3w 5ms | egraph 35g->43v+0snap 33ms | graft 23 (-80n, 0 snap) cpu 0 | f64 20 | gen 0.2s | dropped inexpr 2 oversz 0 unbuild 0 {}
 234     0     100               0      3.05058181       4.3941832      7.75811918      37.2263534     0.336712476     0.390324526
 234     1      50               0     0.415746427     0.563709043      2.95025088      36.1042491    0.0458886262     0.050072893
          wgpu 1d 151g 195c x3w 46ms | egraph 34g->49v+0snap 40ms | graft 36 (-84n, 0 snap) cpu 0 | f64 20 | gen 0.3s | dropped inexpr 2 oversz 0 unbuild 0 {}
 235     0     100               0      3.05058181       4.3941832      7.75811918      37.2263534     0.336712476     0.390324526
 235     1      50               0     0.415746427     0.563709043      2.95025088      36.1042491    0.0458886262     0.050072893
          wgpu 1d 132g 188c x3w 7ms | egraph 32g->42v+0snap 29ms | graft 27 (-85n, 0 snap) cpu 0 | f64 20 | gen 0.2s | dropped inexpr 1 oversz 0 unbuild 0 {}
 236     0     100               0      3.05058181       4.3941832      7.75811918      37.2263534     0.336712476     0.390324526
 236     1      50               0     0.415746427     0.563709043      2.95025088      36.1042491    0.0458886262     0.050072893
          wgpu 1d 175g 208c x3w 6ms | egraph 43g->62v+0snap 41ms | graft 31 (-83n, 0 snap) cpu 0 | f64 20 | gen 0.3s
 237     0     100               0      3.05058181       4.3941832      7.75811918      37.2263534     0.336712476     0.390324526
 237     1      50               0     0.415746427     0.563709043      2.95025088      36.1042491    0.0458886262     0.050072893
          wgpu 1d 140g 195c x3w 5ms | egraph 38g->49v+0snap 24ms | graft 29 (-103n, 0 snap) cpu 0 | f64 20 | gen 0.2s | dropped inexpr 4 oversz 0 unbuild 0 {}
 238     0     100               0      3.05058181       4.3941832      7.75811918      37.2263534     0.336712476     0.390324526
 238     1      50               0     0.415746427     0.563709043      2.95025088      36.1042491    0.0458886262     0.050072893
          wgpu 1d 184g 206c x3w 6ms | egraph 53g->60v+0snap 100ms | graft 28 (-76n, 0 snap) cpu 0 | f64 20 | gen 0.3s | dropped inexpr 3 oversz 0 unbuild 0 {}
 239     0     100               0      3.05058181       4.3941832      7.75811918      37.2263534     0.336712476     0.390324526
 239     1      50               0     0.415746427     0.563709043      2.95025088      36.1042491    0.0458886262     0.050072893
          wgpu 1d 137g 192c x3w 7ms | egraph 34g->46v+0snap 27ms | graft 23 (-67n, 0 snap) cpu 0 | f64 20 | gen 0.2s | dropped inexpr 3 oversz 0 unbuild 0 {}
 240     0     100               0      3.05058181       4.3941832      7.75811918      37.2263534     0.336712476     0.390324526
 240     1      50               0     0.415746427     0.563709043      2.95025088      36.1042491    0.0458886262     0.050072893
          wgpu 1d 150g 195c x3w 5ms | egraph 30g->49v+0snap 40ms | graft 24 (-66n, 0 snap) cpu 0 | f64 20 | gen 0.2s | dropped inexpr 5 oversz 0 unbuild 0 {}
--------- pump migration: intra (promote-2 + intake-reset) + cross ---------
 241     0     100               0      1.18323468      1.29180876       5.1185642        24.28301     0.130601276     0.114748206
 241     1      50               0     0.415746427     0.563709043      2.95025088      36.1042491    0.0458886262     0.050072893
          wgpu 2d 356g 383c x3w 12ms | egraph 94g->157v+0snap 74ms | graft 72 (-242n, 0 snap) cpu 0 | f64 30 | gen 0.3s | dropped inexpr 4 oversz 0 unbuild 0 {}
 242     0     100               0      1.18323468      1.29180876       5.1185642        24.28301     0.130601276     0.114748206
 242     1      50               0      3.05058181       4.3941832      7.75811918      37.2263534     0.336712476     0.390324526
          wgpu 1d 174g 212c x3w 6ms | egraph 39g->66v+0snap 20ms | graft 36 (-88n, 0 snap) cpu 0 | f64 20 | gen 0.2s | dropped inexpr 2 oversz 0 unbuild 0 {}
 243     0     100               0      1.18323468      1.29180876       5.1185642        24.28301     0.130601276     0.114748206
 243     1      50               0      3.05058181       4.3941832      7.75811918      37.2263534     0.336712476     0.390324526
          wgpu 1d 155g 196c x3w 5ms | egraph 37g->50v+0snap 15ms | graft 25 (-121n, 0 snap) cpu 0 | f64 20 | gen 0.4s
 244     0     100               0      1.03356197      1.13622764       4.3354075      22.2222656      0.11408093     0.100928317
 244     1      50               0      3.05058181       4.3941832      7.75811918      37.2263534     0.336712476     0.390324526
          wgpu 1d 162g 199c x3w 6ms | egraph 47g->53v+0snap 27ms | graft 26 (-78n, 0 snap) cpu 0 | f64 20 | gen 0.2s
 245     0     100               0      1.03356197      1.13622764       4.3354075      22.2222656      0.11408093     0.100928317
 245     1      50               0      3.05058181       4.3941832      7.75811918      37.2263534     0.336712476     0.390324526
          wgpu 1d 166g 217c x3w 6ms | egraph 37g->71v+0snap 37ms | graft 29 (-81n, 0 snap) cpu 0 | f64 20 | gen 0.4s
 246     0     100               0      1.18323468      1.29180876       5.1185642        24.28301     0.130601276     0.114748206
 246     1      50               0      3.05058181       4.3941832      7.75811918      37.2263534     0.336712476     0.390324526
          wgpu 1d 175g 220c x3w 17ms | egraph 29g->74v+0snap 14ms | graft 44 (-110n, 0 snap) cpu 0 | f64 20 | gen 0.3s
 247     0     100               0      1.18323468      1.29180876       5.1185642        24.28301     0.130601276     0.114748206
 247     1      50               0      3.05058181       4.3941832      7.75811918      37.2263534     0.336712476     0.390324526
          wgpu 1d 158g 207c x3w 6ms | egraph 31g->61v+0snap 45ms | graft 30 (-79n, 0 snap) cpu 0 | f64 20 | gen 0.3s | dropped inexpr 1 oversz 0 unbuild 0 {}
 248     0     100               0      1.18323468      1.29180876       5.1185642        24.28301     0.130601276     0.114748206
 248     1      50               0      3.05058181       4.3941832      7.75811918      37.2263534     0.336712476     0.390324526
          wgpu 1d 176g 214c x3w 5ms | egraph 36g->68v+0snap 60ms | graft 38 (-91n, 0 snap) cpu 0 | f64 20 | gen 0.4s | dropped inexpr 1 oversz 0 unbuild 0 {}
 249     0     100               0     0.887041879     0.991591442      4.25888163      21.3948597    0.0979085582     0.088080638
 249     1      50               0      3.05058181       4.3941832      7.75811918      37.2263534     0.336712476     0.390324526
          wgpu 1d 158g 221c x3w 9ms | egraph 43g->75v+0snap 40ms | graft 34 (-80n, 0 snap) cpu 0 | f64 20 | gen 0.3s
 250     0     100               0     0.815835124     0.921964284      4.23462746      19.9834196    0.0900490074    0.0818958281
 250     1      50               0      3.05058181       4.3941832      7.75811918      37.2263534     0.336712476     0.390324526
          wgpu 1d 180g 229c x3w 8ms | egraph 50g->83v+0snap 37ms | graft 35 (-82n, 0 snap) cpu 0 | f64 20 | gen 0.3s | dropped inexpr 1 oversz 0 unbuild 0 {}
--------- pump migration: intra (promote-2 + intake-reset) ---------
 251     0     100               0      3.88458926      4.36868641      10.5888186      60.3556573     0.428767279     0.388059709
 251     1      50               0     0.887041879     0.991591442      4.25888163      21.3948597    0.0979085582     0.088080638
          wgpu 2d 410g 421c x3w 11ms | egraph 117g->192v+3snap 90ms | graft 86 (-278n, 0 snap) cpu 0 | f64 30 | gen 0.3s | dropped inexpr 3 oversz 0 unbuild 0 {}
 252     0     100               0      3.88458926      4.36868641      10.5888186      60.3556573     0.428767279     0.388059709
 252     1      50               0     0.887041879     0.991591442      4.25888163      21.3948597    0.0979085582     0.088080638
          wgpu 1d 151g 227c x3w 5ms | egraph 42g->76v+5snap 22ms | graft 37 (-105n, 0 snap) cpu 0 | f64 20 | gen 0.3s
 253     0     100               0      3.88458926      4.36868641      10.5888186      60.3556573     0.428767279     0.388059709
 253     1      50               0     0.887041879     0.991591442      4.25888163      21.3948597    0.0979085582     0.088080638
          wgpu 1d 192g 254c x3w 6ms | egraph 49g->105v+3snap 30ms | graft 48 (-142n, 0 snap) cpu 0 | f64 20 | gen 0.3s
 254     0     100               0     0.815835124     0.921964284      4.23462746      19.9834196    0.0900490074    0.0818958281
 254     1      50               0     0.887041879     0.991591442      4.25888163      21.3948597    0.0979085582     0.088080638
          wgpu 1d 192g 267c x3w 9ms | egraph 61g->119v+2snap 36ms | graft 53 (-119n, 0 snap) cpu 0 | f64 20 | gen 0.3s
 255     0     100               0     0.815835124     0.921964284      4.23462746      19.9834196    0.0900490074    0.0818958281
 255     1      50               0     0.887041879     0.991591442      4.25888163      21.3948597    0.0979085582     0.088080638
          wgpu 1d 197g 291c x3w 31ms | egraph 50g->145v+0snap 34ms | graft 53 (-141n, 0 snap) cpu 0 | f64 20 | gen 0.3s | dropped inexpr 1 oversz 0 unbuild 0 {}
 256     0     100               0     0.815835124     0.921964284      4.23462746      19.9834196    0.0900490074    0.0818958281
 256     1      50               0     0.887041879     0.991591442      4.25888163      21.3948597    0.0979085582     0.088080638
          wgpu 1d 224g 301c x3w 8ms | egraph 64g->155v+0snap 22ms | graft 58 (-147n, 0 snap) cpu 0 | f64 20 | gen 0.3s
 257     0     100               0     0.815835124     0.921964284      4.23462746      19.9834196    0.0900490074    0.0818958281
 257     1      50               0     0.887041879     0.991591442      4.25888163      21.3948597    0.0979085582     0.088080638
          wgpu 1d 243g 312c x3w 8ms | egraph 69g->166v+0snap 31ms | graft 69 (-159n, 0 snap) cpu 0 | f64 20 | gen 0.3s
 258     0     100               0     0.815835124     0.921964284      4.23462746      19.9834196    0.0900490074    0.0818958281
 258     1      50               0     0.887041879     0.991591442      4.25888163      21.3948597    0.0979085582     0.088080638
          wgpu 1d 196g 271c x3w 26ms | egraph 54g->125v+0snap 20ms | graft 48 (-123n, 0 snap) cpu 0 | f64 20 | gen 0.3s
 259     0     100               0     0.815835124     0.921964284      4.23462746      19.9834196    0.0900490074    0.0818958281
 259     1      50               0     0.887041879     0.991591442      4.25888163      21.3948597    0.0979085582     0.088080638
          wgpu 1d 208g 286c x3w 6ms | egraph 57g->140v+0snap 24ms | graft 56 (-148n, 0 snap) cpu 0 | f64 20 | gen 0.3s
 260     0     100               0     0.815835124     0.921964284      4.23462746      19.9834196    0.0900490074    0.0818958281
 260     1      50               0     0.887041879     0.991591442      4.25888163      21.3948597    0.0979085582     0.088080638
          wgpu 1d 206g 320c x3w 10ms | egraph 53g->174v+0snap 23ms | graft 63 (-131n, 0 snap) cpu 0 | f64 20 | gen 0.3s
--------- pump migration: intra (promote-2 + intake-reset) ---------
 261     0     100               0     0.815835124     0.921964284      4.23462746      19.9834196    0.0900490074    0.0818958281
 261     1      50               0     0.815835124     0.921964284      4.23462746      19.9834196    0.0900490074    0.0818958281
          wgpu 2d 494g 541c x3w 13ms | egraph 141g->315v+0snap 115ms | graft 121 (-328n, 0 snap) cpu 0 | f64 30 | gen 0.3s | dropped inexpr 1 oversz 0 unbuild 0 {}
 262     0     100               0     0.815835124     0.921964284      4.23462746      19.9834196    0.0900490074    0.0818958281
 262     1      50               0     0.815835124     0.921964284      4.23462746      19.9834196    0.0900490074    0.0818958281
          wgpu 1d 203g 329c x3w 39ms | egraph 48g->183v+0snap 30ms | graft 73 (-167n, 0 snap) cpu 0 | f64 20 | gen 0.4s
 263     0     100               0     0.815835124     0.921964284      4.23462746      19.9834196    0.0900490074    0.0818958281
 263     1      50               0     0.815835124     0.921964284      4.23462746      19.9834196    0.0900490074    0.0818958281
          wgpu 1d 216g 331c x3w 7ms | egraph 48g->185v+0snap 33ms | graft 71 (-172n, 0 snap) cpu 0 | f64 20 | gen 0.4s
 264     0     100               0     0.815835124     0.921964284      4.23462746      19.9834196    0.0900490074    0.0818958281
 264     1      50               0     0.887041879     0.991591442      4.25888163      21.3948597    0.0979085582     0.088080638
          wgpu 1d 224g 312c x3w 12ms | egraph 48g->166v+0snap 22ms | graft 63 (-171n, 0 snap) cpu 0 | f64 20 | gen 0.4s
 265     0     100               0     0.815835124     0.921964284      4.23462746      19.9834196    0.0900490074    0.0818958281
 265     1      50               0     0.887041879     0.991591442      4.25888163      21.3948597    0.0979085582     0.088080638
          wgpu 1d 211g 286c x3w 41ms | egraph 55g->140v+0snap 26ms | graft 54 (-141n, 0 snap) cpu 0 | f64 20 | gen 0.3s
 266     0     100               0     0.815835124     0.921964284      4.23462746      19.9834196    0.0900490074    0.0818958281
 266     1      50               0     0.887041879     0.991591442      4.25888163      21.3948597    0.0979085582     0.088080638
          wgpu 1d 219g 302c x3w 17ms | egraph 58g->156v+0snap 20ms | graft 56 (-138n, 0 snap) cpu 0 | f64 20 | gen 0.3s
 267     0     100               0     0.815835124     0.921964284      4.23462746      19.9834196    0.0900490074    0.0818958281
 267     1      50               0     0.887041879     0.991591442      4.25888163      21.3948597    0.0979085582     0.088080638
          wgpu 1d 188g 287c x3w 9ms | egraph 37g->141v+0snap 35ms | graft 54 (-129n, 0 snap) cpu 0 | f64 20 | gen 0.3s
 268     0     100               0     0.815835124     0.921964284      4.23462746      19.9834196    0.0900490074    0.0818958281
 268     1      50               0     0.887041879     0.991591442      4.25888163      21.3948597    0.0979085582     0.088080638
          wgpu 1d 205g 307c x3w 7ms | egraph 51g->161v+0snap 23ms | graft 60 (-138n, 0 snap) cpu 0 | f64 20 | gen 0.3s
 269     0     100               0     0.815835124     0.921964284      4.23462746      19.9834196    0.0900490074    0.0818958281
 269     1      50               0     0.887041879     0.991591442      4.25888163      21.3948597    0.0979085582     0.088080638
          wgpu 1d 220g 320c x3w 7ms | egraph 38g->174v+0snap 30ms | graft 74 (-162n, 0 snap) cpu 0 | f64 20 | gen 0.3s
 270     0     100               0     0.815835124     0.921964284      4.23462746      19.9834196    0.0900490074    0.0818958281
 270     1      50               0     0.887041879     0.991591442      4.25888163      21.3948597    0.0979085582     0.088080638
          wgpu 1d 223g 325c x3w 26ms | egraph 38g->179v+0snap 26ms | graft 62 (-153n, 0 snap) cpu 0 | f64 20 | gen 0.4s
--------- pump migration: intra (promote-2 + intake-reset) + cross ---------
 271     0     100               0     0.815835124     0.921964284      4.23462746      19.9834196    0.0900490074    0.0818958281
 271     1      50               0     0.887041879     0.991591442      4.25888163      21.3948597    0.0979085582     0.088080638
          wgpu 2d 428g 466c x3w 54ms | egraph 113g->240v+0snap 62ms | graft 109 (-293n, 0 snap) cpu 0 | f64 30 | gen 0.3s | dropped inexpr 2 oversz 0 unbuild 0 {}
 272     0     100               0     0.815835124     0.921964284      4.23462746      19.9834196    0.0900490074    0.0818958281
 272     1      50               0     0.887041879     0.991591442      4.25888163      21.3948597    0.0979085582     0.088080638
          wgpu 1d 189g 303c x3w 50ms | egraph 41g->157v+0snap 20ms | graft 66 (-158n, 0 snap) cpu 0 | f64 20 | gen 0.3s
 273     0     100               0     0.815835124     0.921964284      4.23462746      19.9834196    0.0900490074    0.0818958281
 273     1      50               0     0.887041879     0.991591442      4.25888163      21.3948597    0.0979085582     0.088080638
          wgpu 1d 223g 326c x3w 7ms | egraph 38g->180v+0snap 19ms | graft 65 (-149n, 0 snap) cpu 0 | f64 20 | gen 0.5s
 274     0     100               0     0.815835124     0.921964284      4.23462746      19.9834196    0.0900490074    0.0818958281
 274     1      50               0     0.815835124     0.921964284      4.23462746      19.9834196    0.0900490074    0.0818958281
          wgpu 1d 171g 290c x3w 7ms | egraph 28g->144v+0snap 13ms | graft 53 (-127n, 0 snap) cpu 0 | f64 20 | gen 0.3s
 275     0     100               0     0.815835124     0.921964284      4.23462746      19.9834196    0.0900490074    0.0818958281
 275     1      50               0     0.887041879     0.991591442      4.25888163      21.3948597    0.0979085582     0.088080638
          wgpu 1d 232g 322c x3w 44ms | egraph 45g->176v+0snap 35ms | graft 69 (-159n, 0 snap) cpu 0 | f64 20 | gen 0.5s
 276     0     100               0     0.815835124     0.921964284      4.23462746      19.9834196    0.0900490074    0.0818958281
 276     1      50               0     0.887041879     0.991591442      4.25888163      21.3948597    0.0979085582     0.088080638
          wgpu 1d 185g 306c x3w 12ms | egraph 31g->160v+0snap 15ms | graft 67 (-146n, 0 snap) cpu 0 | f64 20 | gen 0.5s
 277     0     100               0     0.815835124     0.921964284      4.23462746      19.9834196    0.0900490074    0.0818958281
 277     1      50               0     0.815835124     0.921964284      4.23462746      19.9834196    0.0900490074    0.0818958281
          wgpu 1d 199g 302c x3w 23ms | egraph 36g->156v+0snap 21ms | graft 64 (-140n, 0 snap) cpu 0 | f64 20 | gen 0.3s
 278     0     100               0     0.815835124     0.921964284      4.23462746      19.9834196    0.0900490074    0.0818958281
 278     1      50               0     0.815835124     0.921964284      4.23462746      19.9834196    0.0900490074    0.0818958281
          wgpu 1d 164g 287c x3w 21ms | egraph 25g->141v+0snap 17ms | graft 52 (-107n, 0 snap) cpu 0 | f64 20 | gen 0.3s
 279     0     100               0     0.815835124     0.921964284      4.23462746      19.9834196    0.0900490074    0.0818958281
 279     1      50               0     0.815835124     0.921964284      4.23462746      19.9834196    0.0900490074    0.0818958281
          wgpu 1d 183g 297c x3w 6ms | egraph 35g->151v+0snap 32ms | graft 59 (-137n, 0 snap) cpu 0 | f64 20 | gen 0.3s
 280     0     100               0     0.815835124     0.921964284      4.23462746      19.9834196    0.0900490074    0.0818958281
 280     1      50               0     0.815835124     0.921964284      4.23462746      19.9834196    0.0900490074    0.0818958281
          wgpu 1d 196g 290c x3w 22ms | egraph 35g->144v+0snap 14ms | graft 56 (-135n, 0 snap) cpu 0 | f64 20 | gen 0.3s
--------- pump migration: intra (promote-2 + intake-reset) ---------
 281     0     100               0     0.815835124     0.921964284      4.23462746      19.9834196    0.0900490074    0.0818958281
 281     1      50               0     0.815835124     0.921964284      4.23462746      19.9834196    0.0900490074    0.0818958281
          wgpu 2d 396g 443c x3w 12ms | egraph 98g->217v+0snap 90ms | graft 86 (-217n, 0 snap) cpu 0 | f64 30 | gen 0.4s
 282     0     100               0     0.815835124     0.921964284      4.23462746      19.9834196    0.0900490074    0.0818958281
 282     1      50               0     0.815835124     0.921964284      4.23462746      19.9834196    0.0900490074    0.0818958281
          wgpu 1d 183g 321c x3w 31ms | egraph 27g->175v+0snap 23ms | graft 60 (-129n, 0 snap) cpu 0 | f64 20 | gen 0.3s
 283     0     100               0     0.815835124     0.921964284      4.23462746      19.9834196    0.0900490074    0.0818958281
 283     1      50               0     0.815835124     0.921964284      4.23462746      19.9834196    0.0900490074    0.0818958281
          wgpu 1d 198g 299c x3w 10ms | egraph 36g->153v+0snap 17ms | graft 67 (-153n, 0 snap) cpu 0 | f64 20 | gen 0.3s
 284     0     100               0     0.815835124     0.921964284      4.23462746      19.9834196    0.0900490074    0.0818958281
 284     1      50               0     0.815835124     0.921964284      4.23462746      19.9834196    0.0900490074    0.0818958281
          wgpu 1d 202g 290c x3w 7ms | egraph 42g->144v+0snap 25ms | graft 52 (-119n, 0 snap) cpu 0 | f64 20 | gen 0.5s
 285     0     100               0     0.815835124     0.921964284      4.23462746      19.9834196    0.0900490074    0.0818958281
 285     1      50               0     0.815835124     0.921964284      4.23462746      19.9834196    0.0900490074    0.0818958281
          wgpu 1d 181g 296c x3w 8ms | egraph 27g->150v+0snap 30ms | graft 52 (-117n, 0 snap) cpu 0 | f64 20 | gen 0.3s
 286     0     100               0     0.815835124     0.921964284      4.23462746      19.9834196    0.0900490074    0.0818958281
 286     1      50               0     0.815835124     0.921964284      4.23462746      19.9834196    0.0900490074    0.0818958281
          wgpu 1d 217g 301c x3w 17ms | egraph 46g->155v+0snap 71ms | graft 64 (-136n, 0 snap) cpu 0 | f64 20 | gen 0.4s
 287     0     100               0     0.815835124     0.921964284      4.23462746      19.9834196    0.0900490074    0.0818958281
 287     1      50               0     0.815835053     0.921964225      4.23462708      19.9834194    0.0900489996    0.0818958229
          wgpu 1d 205g 296c x3w 11ms | egraph 37g->150v+0snap 42ms | graft 59 (-163n, 0 snap) cpu 0 | f64 20 | gen 0.3s
 288     0     100               0     0.815835124     0.921964284      4.23462746      19.9834196    0.0900490074    0.0818958281
 288     1      50               0     0.815835124     0.921964284      4.23462746      19.9834196    0.0900490074    0.0818958281
          wgpu 1d 215g 276c x3w 7ms | egraph 40g->130v+0snap 26ms | graft 52 (-124n, 0 snap) cpu 0 | f64 20 | gen 0.4s | dropped inexpr 1 oversz 0 unbuild 0 {}
 289     0     100               0     0.815835124     0.921964284      4.23462746      19.9834196    0.0900490074    0.0818958281
 289     1      50               0     0.815835124     0.921964284      4.23462746      19.9834196    0.0900490074    0.0818958281
          wgpu 1d 173g 276c x3w 6ms | egraph 26g->130v+0snap 17ms | graft 43 (-110n, 0 snap) cpu 0 | f64 20 | gen 0.3s
 290     0     100               0     0.815835124     0.921964284      4.23462746      19.9834196    0.0900490074    0.0818958281
 290     1      50               0     0.815835124     0.921964284      4.23462746      19.9834196    0.0900490074    0.0818958281
          wgpu 1d 198g 306c x3w 26ms | egraph 34g->160v+0snap 27ms | graft 59 (-136n, 0 snap) cpu 0 | f64 20 | gen 0.3s
--------- pump migration: intra (promote-2 + intake-reset) ---------
 291     0     100               0     0.815835124     0.921964284      4.23462746      19.9834196    0.0900490074    0.0818958281
 291     1      50               0     0.815835124     0.921964284      4.23462746      19.9834196    0.0900490074    0.0818958281
          wgpu 2d 424g 484c x3w 32ms | egraph 95g->258v+0snap 52ms | graft 95 (-271n, 0 snap) cpu 0 | f64 30 | gen 0.3s | dropped inexpr 1 oversz 0 unbuild 0 {}
 292     0     100               0     0.815835124     0.921964284      4.23462746      19.9834196    0.0900490074    0.0818958281
 292     1      50               0     0.815835124     0.921964284      4.23462746      19.9834196    0.0900490074    0.0818958281
          wgpu 1d 201g 303c x3w 7ms | egraph 27g->157v+0snap 17ms | graft 59 (-156n, 0 snap) cpu 0 | f64 20 | gen 0.3s
 293     0     100               0     0.815835124     0.921964284      4.23462746      19.9834196    0.0900490074    0.0818958281
 293     1      50               0     0.815835124     0.921964284      4.23462746      19.9834196    0.0900490074    0.0818958281
          wgpu 1d 205g 320c x3w 8ms | egraph 35g->174v+0snap 24ms | graft 73 (-162n, 0 snap) cpu 0 | f64 20 | gen 0.3s
 294     0     100               0     0.815835124     0.921964284      4.23462746      19.9834196    0.0900490074    0.0818958281
 294     1      50               0     0.815835124     0.921964284      4.23462746      19.9834196    0.0900490074    0.0818958281
          wgpu 1d 186g 313c x3w 8ms | egraph 29g->167v+0snap 22ms | graft 55 (-150n, 0 snap) cpu 0 | f64 20 | gen 0.5s
 295     0     100               0     0.815835124     0.921964284      4.23462746      19.9834196    0.0900490074    0.0818958281
 295     1      50               0     0.815835124     0.921964284      4.23462746      19.9834196    0.0900490074    0.0818958281
          wgpu 1d 235g 326c x3w 44ms | egraph 38g->180v+0snap 25ms | graft 65 (-174n, 0 snap) cpu 0 | f64 20 | gen 0.4s
 296     0     100               0     0.815835124     0.921964284      4.23462746      19.9834196    0.0900490074    0.0818958281
 296     1      50               0     0.815835124     0.921964284      4.23462746      19.9834196    0.0900490074    0.0818958281
          wgpu 1d 239g 326c x3w 7ms | egraph 47g->180v+0snap 27ms | graft 70 (-164n, 0 snap) cpu 0 | f64 20 | gen 0.9s
 297     0     100               0     0.815835124     0.921964284      4.23462746      19.9834196    0.0900490074    0.0818958281
 297     1      50               0     0.815835124     0.921964284      4.23462746      19.9834196    0.0900490074    0.0818958281
          wgpu 1d 240g 333c x3w 19ms | egraph 40g->187v+0snap 30ms | graft 73 (-158n, 0 snap) cpu 0 | f64 20 | gen 0.3s
 298     0     100               0     0.815835124     0.921964284      4.23462746      19.9834196    0.0900490074    0.0818958281
 298     1      50               0     0.815835124     0.921964284      4.23462746      19.9834196    0.0900490074    0.0818958281
          wgpu 1d 203g 318c x3w 6ms | egraph 28g->172v+0snap 24ms | graft 65 (-193n, 0 snap) cpu 0 | f64 20 | gen 0.3s
 299     0     100               0     0.815835124     0.921964284      4.23462746      19.9834196    0.0900490074    0.0818958281
 299     1      50               0     0.815835124     0.921964284      4.23462746      19.9834196    0.0900490074    0.0818958281
          wgpu 1d 223g 319c x3w 7ms | egraph 36g->173v+0snap 21ms | graft 72 (-155n, 0 snap) cpu 0 | f64 20 | gen 0.3s
 300     0     100               0     0.815835124     0.921964284      4.23462746      19.9834196    0.0900490074    0.0818958281
 300     1      50               0     0.815835124     0.921964284      4.23462746      19.9834196    0.0900490074    0.0818958281
          wgpu 1d 201g 311c x3w 6ms | egraph 38g->165v+0snap 18ms | graft 62 (-128n, 0 snap) cpu 0 | f64 20 | gen 0.3s
--------- pump migration: intra (promote-2 + intake-reset) + cross ---------
 301     0     100               0     0.815835124     0.921964284      4.23462746      19.9834196    0.0900490074    0.0818958281
 301     1      50               0     0.815835124     0.921964284      4.23462746      19.9834196    0.0900490074    0.0818958281
          wgpu 2d 394g 455c x3w 18ms | egraph 95g->229v+0snap 67ms | graft 91 (-232n, 0 snap) cpu 0 | f64 30 | gen 0.3s | dropped inexpr 2 oversz 0 unbuild 0 {}
 302     0     100               0     0.815835124     0.921964284      4.23462746      19.9834196    0.0900490074    0.0818958281
 302     1      50               0     0.815835124     0.921964284      4.23462746      19.9834196    0.0900490074    0.0818958281
          wgpu 1d 195g 297c x3w 10ms | egraph 24g->151v+0snap 23ms | graft 63 (-147n, 0 snap) cpu 0 | f64 20 | gen 0.3s
 303     0     100               0     0.815835124     0.921964284      4.23462746      19.9834196    0.0900490074    0.0818958281
 303     1      50               0     0.815835124     0.921964284      4.23462746      19.9834196    0.0900490074    0.0818958281
          wgpu 1d 204g 304c x3w 21ms | egraph 31g->158v+0snap 17ms | graft 69 (-153n, 0 snap) cpu 0 | f64 20 | gen 0.4s
 304     0     100               0     0.815835124     0.921964284      4.23462746      19.9834196    0.0900490074    0.0818958281
 304     1      50               0     0.815835124     0.921964284      4.23462746      19.9834196    0.0900490074    0.0818958281
          wgpu 1d 227g 324c x3w 24ms | egraph 32g->178v+0snap 17ms | graft 75 (-173n, 0 snap) cpu 0 | f64 20 | gen 0.3s
 305     0     100               0     0.815835124     0.921964284      4.23462746      19.9834196    0.0900490074    0.0818958281
 305     1      50               0     0.815835124     0.921964284      4.23462746      19.9834196    0.0900490074    0.0818958281
          wgpu 1d 196g 306c x3w 8ms | egraph 32g->160v+0snap 32ms | graft 57 (-114n, 0 snap) cpu 0 | f64 20 | gen 0.3s
 306     0     100               0     0.815835124     0.921964284      4.23462746      19.9834196    0.0900490074    0.0818958281
 306     1      50               0     0.815835124     0.921964284      4.23462746      19.9834196    0.0900490074    0.0818958281
          wgpu 1d 245g 321c x3w 7ms | egraph 34g->175v+0snap 22ms | graft 65 (-157n, 0 snap) cpu 0 | f64 20 | gen 0.7s | dropped inexpr 1 oversz 0 unbuild 0 {}
 307     0     100               0     0.815835124     0.921964284      4.23462746      19.9834196    0.0900490074    0.0818958281
 307     1      50               0     0.815835124     0.921964284      4.23462746      19.9834196    0.0900490074    0.0818958281
          wgpu 1d 211g 318c x3w 6ms | egraph 27g->172v+0snap 27ms | graft 59 (-130n, 0 snap) cpu 0 | f64 20 | gen 0.3s
 308     0     100               0     0.815835124     0.921964284      4.23462746      19.9834196    0.0900490074    0.0818958281
 308     1      50               0     0.815835124     0.921964284      4.23462746      19.9834196    0.0900490074    0.0818958281
          wgpu 1d 183g 300c x3w 7ms | egraph 19g->154v+0snap 20ms | graft 64 (-133n, 0 snap) cpu 0 | f64 20 | gen 0.3s
 309     0     100               0     0.815835124     0.921964284      4.23462746      19.9834196    0.0900490074    0.0818958281
 309     1      50               0     0.815835124     0.921964284      4.23462746      19.9834196    0.0900490074    0.0818958281
          wgpu 1d 182g 306c x3w 6ms | egraph 25g->160v+0snap 36ms | graft 64 (-138n, 0 snap) cpu 0 | f64 20 | gen 0.3s | dropped inexpr 1 oversz 0 unbuild 0 {}
 310     0     100               0     0.815835124     0.921964284      4.23462746      19.9834196    0.0900490074    0.0818958281
 310     1      50               0     0.815835124     0.921964284      4.23462746      19.9834196    0.0900490074    0.0818958281
          wgpu 1d 218g 328c x3w 8ms | egraph 34g->182v+0snap 25ms | graft 76 (-182n, 0 snap) cpu 0 | f64 20 | gen 0.3s
--------- pump migration: intra (promote-2 + intake-reset) ---------
 311     0     100               0       6.1320614      6.91063606       13.426446      80.1346805     0.676835339     0.613854868
 311     1      50               0     0.815835124     0.921964284      4.23462746      19.9834196    0.0900490074    0.0818958281
          wgpu 2d 426g 474c x3w 16ms | egraph 119g->248v+0snap 74ms | graft 105 (-290n, 0 snap) cpu 0 | f64 30 | gen 0.4s
 312     0     100               0     0.815835124     0.921964284      4.23462746      19.9834196    0.0900490074    0.0818958281
 312     1      50               0     0.815835054     0.921964245      4.23462708      19.9834194    0.0900489996    0.0818958247
          wgpu 1d 229g 321c x3w 8ms | egraph 31g->175v+0snap 18ms | graft 64 (-171n, 0 snap) cpu 0 | f64 20 | gen 0.3s | dropped inexpr 1 oversz 0 unbuild 0 {}
 313     0     100               0       6.1320614      6.91063606       13.426446      80.1346805     0.676835339     0.613854868
 313     1      50               0     0.815835124     0.921964284      4.23462746      19.9834196    0.0900490074    0.0818958281
          wgpu 1d 226g 304c x3w 21ms | egraph 43g->158v+0snap 21ms | graft 66 (-163n, 0 snap) cpu 0 | f64 20 | gen 0.3s
 314     0     100               0       6.1320614      6.91063606       13.426446      80.1346805     0.676835339     0.613854868
 314     1      50               0     0.815835124     0.921964284      4.23462746      19.9834196    0.0900490074    0.0818958281
          wgpu 1d 216g 309c x3w 23ms | egraph 45g->163v+0snap 25ms | graft 59 (-160n, 0 snap) cpu 0 | f64 20 | gen 0.3s
 315     0     100               0     0.815835124     0.921964284      4.23462746      19.9834196    0.0900490074    0.0818958281
 315     1      50               0     0.815835124     0.921964284      4.23462746      19.9834196    0.0900490074    0.0818958281
          wgpu 1d 235g 292c x3w 8ms | egraph 42g->146v+0snap 22ms | graft 65 (-171n, 0 snap) cpu 0 | f64 20 | gen 0.3s
 316     0     100               0     0.815835124     0.921964284      4.23462746      19.9834196    0.0900490074    0.0818958281
 316     1      50               0     0.815835124     0.921964284      4.23462746      19.9834196    0.0900490074    0.0818958281
          wgpu 1d 218g 314c x3w 21ms | egraph 36g->168v+0snap 21ms | graft 69 (-152n, 0 snap) cpu 0 | f64 20 | gen 0.3s
 317     0     100               0     0.815835124     0.921964284      4.23462746      19.9834196    0.0900490074    0.0818958281
 317     1      50               0     0.815835124     0.921964284      4.23462746      19.9834196    0.0900490074    0.0818958281
          wgpu 1d 235g 331c x3w 7ms | egraph 41g->185v+0snap 21ms | graft 69 (-157n, 0 snap) cpu 0 | f64 20 | gen 0.5s
 318     0     100               0     0.815835124     0.921964284      4.23462746      19.9834196    0.0900490074    0.0818958281
 318     1      50               0     0.815835124     0.921964284      4.23462746      19.9834196    0.0900490074    0.0818958281
          wgpu 1d 234g 351c x3w 8ms | egraph 38g->205v+0snap 24ms | graft 74 (-172n, 0 snap) cpu 0 | f64 20 | gen 0.3s
 319     0     100               0     0.815835124     0.921964284      4.23462746      19.9834196    0.0900490074    0.0818958281
 319     1      50               0     0.815835124     0.921964284      4.23462746      19.9834196    0.0900490074    0.0818958281
          wgpu 1d 243g 357c x3w 8ms | egraph 32g->211v+0snap 14ms | graft 84 (-194n, 0 snap) cpu 0 | f64 20 | gen 0.3s
 320     0     100               0     0.815835124     0.921964284      4.23462746      19.9834196    0.0900490074    0.0818958281
 320     1      50               0     0.815835124     0.921964284      4.23462746      19.9834196    0.0900490074    0.0818958281
          wgpu 1d 232g 363c x3w 9ms | egraph 34g->217v+0snap 15ms | graft 79 (-185n, 0 snap) cpu 0 | f64 20 | gen 0.3s
--------- pump migration: intra (promote-2 + intake-reset) ---------
 321     0     100               0     0.815835124     0.921964284      4.23462746      19.9834196    0.0900490074    0.0818958281
 321     1      50               0     0.815835124     0.921964284      4.23462746      19.9834196    0.0900490074    0.0818958281
          wgpu 2d 414g 481c x3w 39ms | egraph 97g->255v+0snap 66ms | graft 102 (-300n, 0 snap) cpu 0 | f64 30 | gen 0.3s | dropped inexpr 3 oversz 0 unbuild 0 {}
 322     0     100               0     0.815835124     0.921964284      4.23462746      19.9834196    0.0900490074    0.0818958281
 322     1      50               0     0.815835124     0.921964284      4.23462746      19.9834196    0.0900490074    0.0818958281
          wgpu 1d 200g 310c x3w 14ms | egraph 31g->164v+0snap 22ms | graft 66 (-156n, 0 snap) cpu 0 | f64 20 | gen 0.3s
 323     0     100               0     0.815835124     0.921964284      4.23462746      19.9834196    0.0900490074    0.0818958281
 323     1      50               0     0.815835124     0.921964284      4.23462746      19.9834196    0.0900490074    0.0818958281
          wgpu 1d 218g 324c x3w 8ms | egraph 29g->178v+0snap 35ms | graft 68 (-158n, 0 snap) cpu 0 | f64 20 | gen 0.4s
 324     0     100               0     0.815835124     0.921964284      4.23462746      19.9834196    0.0900490074    0.0818958281
 324     1      50               0     0.815835124     0.921964284      4.23462746      19.9834196    0.0900490074    0.0818958281
          wgpu 1d 212g 312c x3w 7ms | egraph 36g->166v+0snap 24ms | graft 66 (-173n, 0 snap) cpu 0 | f64 20 | gen 0.6s
 325     0     100               0     0.815835054     0.921964245      4.23462708      19.9834194    0.0900489996    0.0818958247
 325     1      50               0     0.815835124     0.921964284      4.23462746      19.9834196    0.0900490074    0.0818958281
          wgpu 1d 225g 338c x3w 9ms | egraph 35g->192v+0snap 42ms | graft 78 (-186n, 0 snap) cpu 0 | f64 20 | gen 0.4s
 326     0     100               0     0.815835054     0.921964245      4.23462708      19.9834194    0.0900489996    0.0818958247
 326     1      50               0     0.815835124     0.921964284      4.23462746      19.9834196    0.0900490074    0.0818958281
          wgpu 1d 226g 320c x3w 13ms | egraph 42g->174v+0snap 33ms | graft 65 (-169n, 0 snap) cpu 0 | f64 20 | gen 0.5s
 327     0     100               0     0.815835054     0.921964245      4.23462708      19.9834194    0.0900489996    0.0818958247
 327     1      50               0     0.815835124     0.921964284      4.23462746      19.9834196    0.0900490074    0.0818958281
          wgpu 1d 183g 270c x3w 8ms | egraph 38g->124v+0snap 32ms | graft 52 (-127n, 0 snap) cpu 0 | f64 20 | gen 0.3s | dropped inexpr 2 oversz 0 unbuild 0 {}
 328     0     100               0     0.815835054     0.921964245      4.23462708      19.9834194    0.0900489996    0.0818958247
 328     1      50               0     0.815835124     0.921964284      4.23462746      19.9834196    0.0900490074    0.0818958281
          wgpu 1d 212g 309c x3w 22ms | egraph 34g->163v+0snap 19ms | graft 57 (-151n, 0 snap) cpu 0 | f64 20 | gen 0.3s
 329     0     100               0     0.815835054     0.921964245      4.23462708      19.9834194    0.0900489996    0.0818958247
 329     1      50               0     0.815835124     0.921964284      4.23462746      19.9834196    0.0900490074    0.0818958281
          wgpu 1d 185g 308c x3w 6ms | egraph 36g->162v+0snap 29ms | graft 64 (-161n, 0 snap) cpu 0 | f64 20 | gen 0.3s
 330     0     100               0     0.815835054     0.921964245      4.23462708      19.9834194    0.0900489996    0.0818958247
 330     1      50               0     0.815835054     0.921964245      4.23462708      19.9834194    0.0900489996    0.0818958247
          wgpu 1d 211g 312c x3w 18ms | egraph 38g->166v+0snap 50ms | graft 63 (-153n, 0 snap) cpu 0 | f64 20 | gen 0.3s
--------- pump migration: intra (promote-2 + intake-reset) + cross ---------
 331     0     100               0     0.815835054     0.921964245      4.23462708      19.9834194    0.0900489996    0.0818958247
 331     1      50               0     0.815835054     0.921964245      4.23462708      19.9834194    0.0900489996    0.0818958247
          wgpu 2d 400g 486c x3w 19ms | egraph 101g->260v+0snap 91ms | graft 89 (-237n, 0 snap) cpu 0 | f64 30 | gen 0.3s | dropped inexpr 2 oversz 0 unbuild 0 {}
 332     0     100               0     0.815835054     0.921964245      4.23462708      19.9834194    0.0900489996    0.0818958247
 332     1      50               0     0.815835054     0.921964245      4.23462708      19.9834194    0.0900489996    0.0818958247
          wgpu 1d 219g 354c x3w 11ms | egraph 29g->208v+0snap 19ms | graft 80 (-179n, 0 snap) cpu 0 | f64 20 | gen 0.3s
 333     0     100               0     0.815835054     0.921964245      4.23462708      19.9834194    0.0900489996    0.0818958247
 333     1      50               0     0.815835124     0.921964284      4.23462746      19.9834196    0.0900490074    0.0818958281
          wgpu 1d 210g 330c x3w 7ms | egraph 38g->184v+0snap 36ms | graft 77 (-187n, 0 snap) cpu 0 | f64 20 | gen 0.3s
 334     0     100               0     0.815835054     0.921964245      4.23462708      19.9834194    0.0900489996    0.0818958247
 334     1      50               0     0.815835124     0.921964284      4.23462746      19.9834196    0.0900490074    0.0818958281
          wgpu 1d 198g 325c x3w 7ms | egraph 37g->179v+0snap 27ms | graft 69 (-152n, 0 snap) cpu 0 | f64 20 | gen 0.3s
 335     0     100               0     0.815835054     0.921964245      4.23462708      19.9834194    0.0900489996    0.0818958247
 335     1      50               0     0.815835124     0.921964284      4.23462746      19.9834196    0.0900490074    0.0818958281
          wgpu 1d 200g 333c x3w 7ms | egraph 39g->187v+0snap 22ms | graft 67 (-157n, 0 snap) cpu 0 | f64 20 | gen 0.3s
 336     0     100               0     0.815835054     0.921964245      4.23462708      19.9834194    0.0900489996    0.0818958247
 336     1      50               0     0.815835124     0.921964284      4.23462746      19.9834196    0.0900490074    0.0818958281
          wgpu 1d 237g 353c x3w 8ms | egraph 43g->207v+0snap 22ms | graft 67 (-174n, 0 snap) cpu 0 | f64 20 | gen 0.3s
 337     0     100               0     0.815835054     0.921964245      4.23462708      19.9834194    0.0900489996    0.0818958247
 337     1      50               0     0.815835124     0.921964284      4.23462746      19.9834196    0.0900490074    0.0818958281
          wgpu 1d 207g 330c x3w 7ms | egraph 29g->184v+0snap 30ms | graft 66 (-210n, 0 snap) cpu 0 | f64 20 | gen 0.3s
 338     0     100               0     0.815835054     0.921964245      4.23462708      19.9834194    0.0900489996    0.0818958247
 338     1      50               0     0.815835124     0.921964284      4.23462746      19.9834196    0.0900490074    0.0818958281
          wgpu 1d 213g 347c x3w 17ms | egraph 32g->201v+0snap 42ms | graft 67 (-186n, 0 snap) cpu 0 | f64 20 | gen 0.3s
 339     0     100               0     0.815835054     0.921964245      4.23462708      19.9834194    0.0900489996    0.0818958247
 339     1      50               0     0.815835124     0.921964284      4.23462746      19.9834196    0.0900490074    0.0818958281
          wgpu 1d 188g 321c x3w 9ms | egraph 21g->175v+0snap 13ms | graft 68 (-158n, 0 snap) cpu 0 | f64 20 | gen 0.2s
 340     0     100               0     0.815835054     0.921964245      4.23462708      19.9834194    0.0900489996    0.0818958247
 340     1      50               0     0.815835124     0.921964284      4.23462746      19.9834196    0.0900490074    0.0818958281
          wgpu 1d 207g 336c x3w 8ms | egraph 25g->190v+0snap 16ms | graft 69 (-162n, 0 snap) cpu 0 | f64 20 | gen 0.4s
--------- pump migration: intra (promote-2 + intake-reset) ---------
 341     0     100               0     0.815835054     0.921964245      4.23462708      19.9834194    0.0900489996    0.0818958247
 341     1      50               0     0.815835124     0.921964284      4.23462746      19.9834196    0.0900490074    0.0818958281
          wgpu 2d 448g 493c x3w 13ms | egraph 111g->267v+0snap 66ms | graft 101 (-291n, 0 snap) cpu 0 | f64 30 | gen 0.3s | dropped inexpr 1 oversz 0 unbuild 0 {}
 342     0     100               0     0.815835054     0.921964245      4.23462708      19.9834194    0.0900489996    0.0818958247
 342     1      50               0     0.815835054     0.921964245      4.23462708      19.9834194    0.0900489996    0.0818958247
          wgpu 1d 210g 325c x3w 8ms | egraph 37g->179v+0snap 34ms | graft 61 (-215n, 0 snap) cpu 0 | f64 20 | gen 0.3s
 343     0     100               0     0.815835054     0.921964245      4.23462708      19.9834194    0.0900489996    0.0818958247
 343     1      50               0     0.815835054     0.921964245      4.23462708      19.9834194    0.0900489996    0.0818958247
          wgpu 1d 219g 343c x3w 7ms | egraph 35g->197v+0snap 28ms | graft 70 (-172n, 0 snap) cpu 0 | f64 20 | gen 0.3s
 344     0     100               0     0.815835054     0.921964245      4.23462708      19.9834194    0.0900489996    0.0818958247
 344     1      50               0     0.815835054     0.921964245      4.23462708      19.9834194    0.0900489996    0.0818958247
          wgpu 1d 173g 315c x3w 5ms | egraph 22g->169v+0snap 10ms | graft 66 (-147n, 0 snap) cpu 0 | f64 20 | gen 0.2s
 345     0     100               0     0.815835054     0.921964245      4.23462708      19.9834194    0.0900489996    0.0818958247
 345     1      50               0     0.815835054     0.921964245      4.23462708      19.9834194    0.0900489996    0.0818958247
          wgpu 1d 189g 331c x3w 7ms | egraph 27g->185v+0snap 32ms | graft 67 (-158n, 0 snap) cpu 0 | f64 20 | gen 0.3s
 346     0     100               0     0.815835054     0.921964245      4.23462708      19.9834194    0.0900489996    0.0818958247
 346     1      50               0     0.815835054     0.921964245      4.23462708      19.9834194    0.0900489996    0.0818958247
          wgpu 1d 204g 330c x3w 7ms | egraph 26g->184v+0snap 48ms | graft 72 (-167n, 0 snap) cpu 0 | f64 20 | gen 0.4s
 347     0     100               0     0.815835054     0.921964245      4.23462708      19.9834194    0.0900489996    0.0818958247
 347     1      50               0     0.815835054     0.921964245      4.23462708      19.9834194    0.0900489996    0.0818958247
          wgpu 1d 195g 319c x3w 10ms | egraph 34g->173v+0snap 18ms | graft 66 (-145n, 0 snap) cpu 0 | f64 20 | gen 0.3s
 348     0     100               0     0.815835054     0.921964245      4.23462708      19.9834194    0.0900489996    0.0818958247
 348     1      50               0     0.815835054     0.921964245      4.23462708      19.9834194    0.0900489996    0.0818958247
          wgpu 1d 232g 336c x3w 8ms | egraph 37g->190v+0snap 29ms | graft 72 (-170n, 0 snap) cpu 0 | f64 20 | gen 0.4s
 349     0     100               0     0.815835054     0.921964245      4.23462708      19.9834194    0.0900489996    0.0818958247
 349     1      50               0     0.815835054     0.921964245      4.23462708      19.9834194    0.0900489996    0.0818958247
          wgpu 1d 166g 314c x3w 13ms | egraph 28g->168v+0snap 24ms | graft 59 (-141n, 0 snap) cpu 0 | f64 20 | gen 0.3s
 350     0     100               0     0.815835054     0.921964245      4.23462708      19.9834194    0.0900489996    0.0818958247
 350     1      50               0     0.815835054     0.921964245      4.23462708      19.9834194    0.0900489996    0.0818958247
          wgpu 1d 184g 322c x3w 42ms | egraph 32g->176v+0snap 21ms | graft 58 (-170n, 0 snap) cpu 0 | f64 20 | gen 0.4s
--------- pump migration: intra (promote-2 + intake-reset) ---------
 351     0     100               0     0.815835054     0.921964245      4.23462708      19.9834194    0.0900489996    0.0818958247
 351     1      50               0     0.815835054     0.921964245      4.23462708      19.9834194    0.0900489996    0.0818958247
          wgpu 2d 422g 517c x3w 21ms | egraph 102g->291v+0snap 61ms | graft 114 (-325n, 0 snap) cpu 0 | f64 30 | gen 0.3s
 352     0     100               0     0.815835054     0.921964245      4.23462708      19.9834194    0.0900489996    0.0818958247
 352     1      50               0     0.815835054     0.921964245      4.23462708      19.9834194    0.0900489996    0.0818958247
          wgpu 1d 216g 322c x3w 8ms | egraph 24g->176v+0snap 32ms | graft 79 (-177n, 0 snap) cpu 0 | f64 20 | gen 0.3s
 353     0     100               0     0.815835054     0.921964245      4.23462708      19.9834194    0.0900489996    0.0818958247
 353     1      50               0     0.815835054     0.921964245      4.23462708      19.9834194    0.0900489996    0.0818958247
          wgpu 1d 211g 330c x3w 15ms | egraph 30g->184v+0snap 39ms | graft 64 (-161n, 0 snap) cpu 0 | f64 20 | gen 0.3s
 354     0     100               0     0.815835054     0.921964245      4.23462708      19.9834194    0.0900489996    0.0818958247
 354     1      50               0     0.815835054     0.921964245      4.23462708      19.9834194    0.0900489996    0.0818958247
          wgpu 1d 198g 317c x3w 6ms | egraph 27g->171v+0snap 19ms | graft 61 (-147n, 0 snap) cpu 0 | f64 20 | gen 0.4s
 355     0     100               0     0.815835054     0.921964245      4.23462708      19.9834194    0.0900489996    0.0818958247
 355     1      50               0     0.815835054     0.921964245      4.23462708      19.9834194    0.0900489996    0.0818958247
          wgpu 1d 195g 330c x3w 8ms | egraph 26g->184v+0snap 26ms | graft 66 (-155n, 0 snap) cpu 0 | f64 20 | gen 0.3s
 356     0     100               0     0.815835054     0.921964245      4.23462708      19.9834194    0.0900489996    0.0818958247
 356     1      50               0     0.815835054     0.921964245      4.23462708      19.9834194    0.0900489996    0.0818958247
          wgpu 1d 206g 327c x3w 6ms | egraph 33g->181v+0snap 30ms | graft 72 (-170n, 0 snap) cpu 0 | f64 20 | gen 0.3s
 357     0     100               0     0.815835054     0.921964245      4.23462708      19.9834194    0.0900489996    0.0818958247
 357     1      50               0     0.815835054     0.921964245      4.23462708      19.9834194    0.0900489996    0.0818958247
          wgpu 1d 234g 339c x3w 7ms | egraph 27g->193v+0snap 26ms | graft 70 (-174n, 0 snap) cpu 0 | f64 20 | gen 0.3s
 358     0     100               0     0.815835054     0.921964245      4.23462708      19.9834194    0.0900489996    0.0818958247
 358     1      50               0     0.815835124     0.921964284      4.23462746      19.9834196    0.0900490074    0.0818958281
          wgpu 1d 192g 323c x3w 10ms | egraph 28g->177v+0snap 76ms | graft 60 (-141n, 0 snap) cpu 0 | f64 20 | gen 0.4s
 359     0     100               0     0.815835054     0.921964245      4.23462708      19.9834194    0.0900489996    0.0818958247
 359     1      50               0     0.815835124     0.921964284      4.23462746      19.9834196    0.0900490074    0.0818958281
          wgpu 1d 203g 326c x3w 32ms | egraph 29g->180v+0snap 33ms | graft 69 (-147n, 0 snap) cpu 0 | f64 20 | gen 0.4s
 360     0     100               0     0.815835054     0.921964245      4.23462708      19.9834194    0.0900489996    0.0818958247
 360     1      50               0     0.815835124     0.921964284      4.23462746      19.9834196    0.0900490074    0.0818958281
          wgpu 1d 188g 318c x3w 7ms | egraph 29g->172v+0snap 31ms | graft 63 (-140n, 0 snap) cpu 0 | f64 20 | gen 0.6s
--------- pump migration: intra (promote-2 + intake-reset) + cross ---------
 361     0     100               0     0.815835054     0.921964245      4.23462708      19.9834194    0.0900489996    0.0818958247
 361     1      50               0     0.815835124     0.921964284      4.23462746      19.9834196    0.0900490074    0.0818958281
          wgpu 2d 385g 484c x3w 33ms | egraph 93g->258v+0snap 71ms | graft 98 (-275n, 0 snap) cpu 0 | f64 30 | gen 0.5s
 362     0     100               0     0.815835054     0.921964245      4.23462708      19.9834194    0.0900489996    0.0818958247
 362     1      50               0     0.815835124     0.921964284      4.23462746      19.9834196    0.0900490074    0.0818958281
          wgpu 1d 215g 336c x3w 7ms | egraph 37g->190v+0snap 20ms | graft 80 (-157n, 0 snap) cpu 0 | f64 20 | gen 0.3s
 363     0     100               0     0.815835054     0.921964245      4.23462708      19.9834194    0.0900489996    0.0818958247
 363     1      50               0     0.815835124     0.921964284      4.23462746      19.9834196    0.0900490074    0.0818958281
          wgpu 1d 197g 313c x3w 19ms | egraph 31g->167v+0snap 23ms | graft 56 (-133n, 0 snap) cpu 0 | f64 20 | gen 0.3s
 364     0     100               0     0.815835054     0.921964245      4.23462708      19.9834194    0.0900489996    0.0818958247
 364     1      50               0     0.815835124     0.921964284      4.23462746      19.9834196    0.0900490074    0.0818958281
          wgpu 1d 183g 308c x3w 8ms | egraph 26g->162v+0snap 22ms | graft 65 (-145n, 0 snap) cpu 0 | f64 20 | gen 0.3s
 365     0     100               0     0.815835054     0.921964245      4.23462708      19.9834194    0.0900489996    0.0818958247
 365     1      50               0     0.815835124     0.921964284      4.23462746      19.9834196    0.0900490074    0.0818958281
          wgpu 1d 186g 306c x3w 7ms | egraph 32g->160v+0snap 26ms | graft 64 (-176n, 0 snap) cpu 0 | f64 20 | gen 0.4s
 366     0     100               0     0.815835054     0.921964245      4.23462708      19.9834194    0.0900489996    0.0818958247
 366     1      50               0     0.815835124     0.921964284      4.23462746      19.9834196    0.0900490074    0.0818958281
          wgpu 1d 203g 321c x3w 6ms | egraph 22g->175v+0snap 12ms | graft 68 (-176n, 0 snap) cpu 0 | f64 20 | gen 0.3s
 367     0     100               0     0.815835054     0.921964245      4.23462708      19.9834194    0.0900489996    0.0818958247
 367     1      50               0     0.815835054     0.921964245      4.23462708      19.9834194    0.0900489996    0.0818958247
          wgpu 1d 205g 334c x3w 28ms | egraph 30g->188v+0snap 25ms | graft 71 (-160n, 0 snap) cpu 0 | f64 20 | gen 0.6s
 368     0     100               0     0.815835054     0.921964245      4.23462708      19.9834194    0.0900489996    0.0818958247
 368     1      50               0     0.815835124     0.921964284      4.23462746      19.9834196    0.0900490074    0.0818958281
          wgpu 1d 195g 316c x3w 8ms | egraph 25g->170v+0snap 16ms | graft 73 (-165n, 0 snap) cpu 0 | f64 20 | gen 0.3s
 369     0     100               0     0.815835054     0.921964245      4.23462708      19.9834194    0.0900489996    0.0818958247
 369     1      50               0     0.815835124     0.921964284      4.23462746      19.9834196    0.0900490074    0.0818958281
          wgpu 1d 232g 320c x3w 33ms | egraph 41g->174v+0snap 36ms | graft 69 (-184n, 0 snap) cpu 0 | f64 20 | gen 0.4s
 370     0     100               0     0.815835054     0.921964245      4.23462708      19.9834194    0.0900489996    0.0818958247
 370     1      50               0     0.815835124     0.921964284      4.23462746      19.9834196    0.0900490074    0.0818958281
          wgpu 1d 163g 276c x3w 9ms | egraph 25g->130v+0snap 15ms | graft 47 (-104n, 0 snap) cpu 0 | f64 20 | gen 0.3s | dropped inexpr 1 oversz 0 unbuild 0 {}
--------- pump migration: intra (promote-2 + intake-reset) ---------
 371     0     100               0     0.815835054     0.921964245      4.23462708      19.9834194    0.0900489996    0.0818958247
 371     1      50               0     0.815835124     0.921964284      4.23462746      19.9834196    0.0900490074    0.0818958281
          wgpu 2d 401g 471c x3w 12ms | egraph 87g->245v+0snap 71ms | graft 102 (-251n, 0 snap) cpu 0 | f64 30 | gen 0.3s | dropped inexpr 1 oversz 0 unbuild 0 {}
 372     0     100               0     0.815835054     0.921964245      4.23462708      19.9834194    0.0900489996    0.0818958247
 372     1      50               0     0.815835054     0.921964245      4.23462708      19.9834194    0.0900489996    0.0818958247
          wgpu 1d 222g 320c x3w 9ms | egraph 42g->174v+0snap 30ms | graft 66 (-161n, 0 snap) cpu 0 | f64 20 | gen 0.3s
 373     0     100               0     0.815835054     0.921964245      4.23462708      19.9834194    0.0900489996    0.0818958247
 373     1      50               0     0.815835124     0.921964284      4.23462746      19.9834196    0.0900490074    0.0818958281
          wgpu 1d 203g 298c x3w 7ms | egraph 33g->152v+0snap 29ms | graft 59 (-138n, 0 snap) cpu 0 | f64 20 | gen 0.3s
 374     0     100               0     0.815835054     0.921964245      4.23462708      19.9834194    0.0900489996    0.0818958247
 374     1      50               0     0.815835054     0.921964245      4.23462708      19.9834194    0.0900489996    0.0818958247
          wgpu 1d 194g 304c x3w 9ms | egraph 34g->158v+0snap 25ms | graft 53 (-126n, 0 snap) cpu 0 | f64 20 | gen 0.5s
 375     0     100               0     0.815835054     0.921964245      4.23462708      19.9834194    0.0900489996    0.0818958247
 375     1      50               0     0.815835124     0.921964284      4.23462746      19.9834196    0.0900490074    0.0818958281
          wgpu 1d 213g 319c x3w 9ms | egraph 30g->173v+0snap 51ms | graft 67 (-157n, 0 snap) cpu 0 | f64 20 | gen 0.3s
 376     0     100               0     0.815835054     0.921964245      4.23462708      19.9834194    0.0900489996    0.0818958247
 376     1      50               0     0.815835124     0.921964284      4.23462746      19.9834196    0.0900490074    0.0818958281
          wgpu 1d 214g 307c x3w 8ms | egraph 35g->161v+0snap 22ms | graft 68 (-143n, 0 snap) cpu 0 | f64 20 | gen 0.3s
 377     0     100               0     0.815835054     0.921964245      4.23462708      19.9834194    0.0900489996    0.0818958247
 377     1      50               0     0.815835124     0.921964284      4.23462746      19.9834196    0.0900490074    0.0818958281
          wgpu 1d 193g 302c x3w 7ms | egraph 25g->156v+0snap 22ms | graft 57 (-128n, 0 snap) cpu 0 | f64 20 | gen 0.3s
 378     0     100               0     0.815835054     0.921964245      4.23462708      19.9834194    0.0900489996    0.0818958247
 378     1      50               0     0.815835124     0.921964284      4.23462746      19.9834196    0.0900490074    0.0818958281
          wgpu 1d 254g 343c x3w 8ms | egraph 39g->197v+0snap 27ms | graft 66 (-170n, 0 snap) cpu 0 | f64 20 | gen 0.3s | dropped inexpr 1 oversz 0 unbuild 0 {}
 379     0     100               0     0.815835054     0.921964245      4.23462708      19.9834194    0.0900489996    0.0818958247
 379     1      50               0     0.815835124     0.921964284      4.23462746      19.9834196    0.0900490074    0.0818958281
          wgpu 1d 199g 325c x3w 7ms | egraph 23g->179v+0snap 34ms | graft 69 (-165n, 0 snap) cpu 0 | f64 20 | gen 0.3s
 380     0     100               0     0.815835054     0.921964245      4.23462708      19.9834194    0.0900489996    0.0818958247
 380     1      50               0     0.815835124     0.921964284      4.23462746      19.9834196    0.0900490074    0.0818958281
          wgpu 1d 236g 350c x3w 10ms | egraph 34g->204v+0snap 29ms | graft 71 (-161n, 0 snap) cpu 0 | f64 20 | gen 0.5s
--------- pump migration: intra (promote-2 + intake-reset) ---------
 381     0     100               0     0.815835054     0.921964245      4.23462708      19.9834194    0.0900489996    0.0818958247
 381     1      50               0     0.815835124     0.921964284      4.23462746      19.9834196    0.0900490074    0.0818958281
          wgpu 2d 432g 513c x3w 27ms | egraph 89g->287v+0snap 70ms | graft 109 (-299n, 0 snap) cpu 0 | f64 30 | gen 0.3s | dropped inexpr 1 oversz 0 unbuild 0 {}
 382     0     100               0     0.815835054     0.921964245      4.23462708      19.9834194    0.0900489996    0.0818958247
 382     1      50               0     0.815835124     0.921964284      4.23462746      19.9834196    0.0900490074    0.0818958281
          wgpu 1d 216g 324c x3w 10ms | egraph 38g->178v+0snap 25ms | graft 69 (-187n, 0 snap) cpu 0 | f64 20 | gen 0.3s
 383     0     100               0     0.815835054     0.921964245      4.23462708      19.9834194    0.0900489996    0.0818958247
 383     1      50               0     0.815835124     0.921964284      4.23462746      19.9834196    0.0900490074    0.0818958281
          wgpu 1d 197g 309c x3w 20ms | egraph 27g->163v+0snap 34ms | graft 61 (-149n, 0 snap) cpu 0 | f64 20 | gen 0.5s
 384     0     100               0     0.815835054     0.921964245      4.23462708      19.9834194    0.0900489996    0.0818958247
 384     1      50               0     0.815835124     0.921964284      4.23462746      19.9834196    0.0900490074    0.0818958281
          wgpu 1d 193g 303c x3w 7ms | egraph 32g->157v+0snap 26ms | graft 57 (-132n, 0 snap) cpu 0 | f64 20 | gen 0.3s
 385     0     100               0     0.815835054     0.921964245      4.23462708      19.9834194    0.0900489996    0.0818958247
 385     1      50               0     0.815835124     0.921964284      4.23462746      19.9834196    0.0900490074    0.0818958281
          wgpu 1d 168g 281c x3w 11ms | egraph 25g->135v+0snap 20ms | graft 64 (-138n, 0 snap) cpu 0 | f64 20 | gen 0.3s
 386     0     100               0     0.815835054     0.921964245      4.23462708      19.9834194    0.0900489996    0.0818958247
 386     1      50               0     0.815835124     0.921964284      4.23462746      19.9834196    0.0900490074    0.0818958281
          wgpu 1d 185g 286c x3w 7ms | egraph 28g->140v+0snap 21ms | graft 56 (-124n, 0 snap) cpu 0 | f64 20 | gen 0.3s
 387     0     100               0     0.815835054     0.921964245      4.23462708      19.9834194    0.0900489996    0.0818958247
 387     1      50               0     0.815835124     0.921964284      4.23462746      19.9834196    0.0900490074    0.0818958281
          wgpu 1d 197g 331c x3w 6ms | egraph 34g->185v+0snap 37ms | graft 59 (-167n, 0 snap) cpu 0 | f64 20 | gen 0.3s
 388     0     100               0     0.815835054     0.921964245      4.23462708      19.9834194    0.0900489996    0.0818958247
 388     1      50               0     0.815835124     0.921964284      4.23462746      19.9834196    0.0900490074    0.0818958281
          wgpu 1d 203g 287c x3w 7ms | egraph 29g->141v+0snap 17ms | graft 70 (-155n, 0 snap) cpu 0 | f64 20 | gen 0.2s | dropped inexpr 1 oversz 0 unbuild 0 {}
 389     0     100               0     0.815835054     0.921964245      4.23462708      19.9834194    0.0900489996    0.0818958247
 389     1      50               0     0.815835124     0.921964284      4.23462746      19.9834196    0.0900490074    0.0818958281
          wgpu 1d 224g 294c x3w 21ms | egraph 43g->148v+0snap 30ms | graft 60 (-155n, 0 snap) cpu 0 | f64 20 | gen 0.4s
 390     0     100               0     0.815835054     0.921964245      4.23462708      19.9834194    0.0900489996    0.0818958247
 390     1      50               0     0.815835124     0.921964284      4.23462746      19.9834196    0.0900490074    0.0818958281
          wgpu 1d 238g 322c x3w 8ms | egraph 41g->176v+0snap 45ms | graft 68 (-168n, 0 snap) cpu 0 | f64 20 | gen 0.5s
--------- pump migration: intra (promote-2 + intake-reset) + cross ---------
 391     0     100               0     0.815835054     0.921964245      4.23462708      19.9834194    0.0900489996    0.0818958247
 391     1      50               0     0.815835054     0.921964245      4.23462708      19.9834194    0.0900489996    0.0818958247
          wgpu 2d 409g 473c x3w 39ms | egraph 97g->247v+0snap 79ms | graft 98 (-282n, 0 snap) cpu 0 | f64 30 | gen 0.5s | dropped inexpr 2 oversz 0 unbuild 0 {}
--------- pump migration: cross-class ---------
 392     0     100               0     0.815835054     0.921964245      4.23462708      19.9834194    0.0900489996    0.0818958247
 392     1      50               0     0.815835054     0.921964245      4.23462708      19.9834194    0.0900489996    0.0818958247
          wgpu 2d 369g 442c x3w 13ms | egraph 92g->216v+0snap 67ms | graft 90 (-317n, 0 snap) cpu 0 | f64 30 | gen 0.3s | dropped inexpr 2 oversz 0 unbuild 0 {}
--------- pump migration: cross-class ---------
 393     0     100               0     0.815835054     0.921964245      4.23462708      19.9834194    0.0900489996    0.0818958247
 393     1      50               0     0.815835054     0.921964245      4.23462708      19.9834194    0.0900489996    0.0818958247
          wgpu 2d 455g 501c x3w 17ms | egraph 108g->275v+0snap 72ms | graft 94 (-297n, 0 snap) cpu 0 | f64 30 | gen 0.5s | dropped inexpr 1 oversz 0 unbuild 0 {}
--------- pump migration: cross-class ---------
 394     0     100               0     0.815835054     0.921964245      4.23462708      19.9834194    0.0900489996    0.0818958247
 394     1      50               0     0.815835124     0.921964284      4.23462746      19.9834196    0.0900490074    0.0818958281
          wgpu 2d 412g 455c x3w 32ms | egraph 100g->229v+0snap 53ms | graft 85 (-262n, 0 snap) cpu 0 | f64 30 | gen 0.3s | dropped inexpr 3 oversz 0 unbuild 0 {}
--------- pump migration: cross-class ---------
 395     0     100               0      5.52767099      6.72673711      11.8722392      52.3717519     0.610124854     0.597519574
 395     1      50               0     0.815835124     0.921964284      4.23462746      19.9834196    0.0900490074    0.0818958281
          wgpu 2d 390g 451c x3w 13ms | egraph 96g->225v+0snap 58ms | graft 91 (-248n, 0 snap) cpu 0 | f64 30 | gen 0.3s | dropped inexpr 3 oversz 0 unbuild 0 {}
--------- pump migration: cross-class ---------
 396     0     100               0      5.52767099      6.72673711      11.8722392      52.3717519     0.610124854     0.597519574
 396     1      50               0     0.815835124     0.921964284      4.23462746      19.9834196    0.0900490074    0.0818958281
          wgpu 2d 413g 445c x3w 54ms | egraph 103g->219v+0snap 57ms | graft 81 (-254n, 0 snap) cpu 0 | f64 30 | gen 0.4s | dropped inexpr 8 oversz 0 unbuild 0 {}
--------- pump migration: cross-class ---------
 397     0     100               0      5.52767099      6.72673711      11.8722392      52.3717519     0.610124854     0.597519574
 397     1      50               0     0.815835124     0.921964284      4.23462746      19.9834196    0.0900490074    0.0818958281
          wgpu 2d 366g 417c x3w 11ms | egraph 95g->191v+0snap 59ms | graft 87 (-268n, 0 snap) cpu 0 | f64 30 | gen 0.3s | dropped inexpr 2 oversz 0 unbuild 0 {}
--------- pump migration: cross-class ---------
 398     0     100               0      5.52767099      6.72673711      11.8722392      52.3717519     0.610124854     0.597519574
 398     1      50               0     0.815835124     0.921964284      4.23462746      19.9834196    0.0900490074    0.0818958281
          wgpu 2d 358g 401c x3w 19ms | egraph 114g->175v+0snap 85ms | graft 73 (-199n, 0 snap) cpu 0 | f64 30 | gen 0.3s | dropped inexpr 1 oversz 0 unbuild 0 {}
--------- pump migration: cross-class ---------
 399     0     100               0     0.631710325     0.875641422      4.13221905      2.79100745    0.0697259606    0.0777810818
 399     1      50               0     0.815835124     0.921964284      4.23462746      19.9834196    0.0900490074    0.0818958281
          wgpu 2d 413g 424c x3w 11ms | egraph 114g->198v+0snap 76ms | graft 90 (-284n, 0 snap) cpu 0 | f64 30 | gen 0.3s | dropped inexpr 2 oversz 0 unbuild 0 {}
--------- pump migration: cross-class ---------
 400     0     100               0     0.631710325     0.875641422      4.13221905      2.79100745    0.0697259606    0.0777810818
 400     1      50               0     0.815835124     0.921964284      4.23462746      19.9834196    0.0900490074    0.0818958281
          wgpu 2d 421g 431c x3w 13ms | egraph 119g->205v+0snap 68ms | graft 93 (-259n, 0 snap) cpu 0 | f64 30 | gen 0.3s | dropped inexpr 2 oversz 0 unbuild 0 {}
--------- pump migration: intra (promote-2 + intake-reset) + cross ---------

This sub-run: 2026-09-19 06:10:47.333518 → 2026-09-19 06:12:55.990400
Now at generation 400 (HOF size: 30)
[join] 450 dispatches, 83,752 genes, 352,821 candidates scored in 4.14s GPU+host; e-graph 19,031 trees -> 55,122 variants + 14 snaps in 10.80s; 21,315 grafts (0 snap), 56,222 nodes removed; cpu-path individuals 0, f64-rejected 0, snaps refused for naming an input 31
[join]   inexpressible:    294  no pset token for semantic id "pow" with arity 2
[join]   inexpressible:     75  no pset token for semantic id "sqrt" with arity 1
[join]   inexpressible:     46  no pset token for semantic id "div" with arity 2
  HFF-chosen LSM kept: a=2.73666, b=-5.47832
Chromosome wrapper: id=0  →  identity
hof[0] runtime val: mse=2.219e+00  R²=0.802912
Pre-snap expression (after sympify + LSM compose):
  0.912221158845156*kb + 0.912221158845156*log(exp(T*omega/c)) + 0.912221158845156*sqrt(Abs(log(Abs(h)) + sin(T))) - 5.22412827064457

Per-level snap results (before MSE scoring):
  strict      →  0.912221158845156*T*omega/c + 0.912221158845156*kb + 0.912221158845156*sqrt(Abs(log(h) + sin(T))) - 5.22412827064457
  default     →  0.912221158845156*T*omega/c + 0.912221158845156*kb + 0.912221158845156*sqrt(Abs(log(h) + sin(T))) - 5.22412827064457
  aggressive  →  (E*T*omega + c*(E*kb + E*sqrt(Abs(log(h) + sin(T))) - 15.6723848119337))/(3*c)

Snap-level comparison (sorted by holdout MSE, lowest first)
------------------------------------------------------------------------------------------
  level       MSE            R²         expression                                        
------------------------------------------------------------------------------------------
★ aggressive  1.81           0.8199     (E*T*omega + c*(E*kb + E*sqrt(Abs(log(h) + sin(T))
  strict      1.821          0.8189     0.912221158845156*T*omega/c + 0.912221158845156*kb
  default     1.821          0.8189     0.912221158845156*T*omega/c + 0.912221158845156*kb

Winning snap level: 'aggressive'  →  (E*T*omega + c*(E*kb + E*sqrt(Abs(log(h) + sin(T))) - 15.6723848119337))/(3*c)

Canonical discovered expression: (E*T*omega + c*(E*kb + E*sqrt(Abs(log(h) + sin(T))) - 15.6723848119337))/(3*c)
[38;2;0;50;255m
############################################################ [38;2;255;255;255m
[38;2;0;50;255m Equation Recovery: I_41_16 [38;2;255;255;255m
[38;2;0;50;255m Truth: h/(2*pi)*omega**3/(pi**2*c**2*(exp((h/(2*pi))*omega/(kb*T))-1)) [38;2;255;255;255m
[38;2;0;50;255m [38;2;255;255;255m
[38;2;255;0;255m     Exact recovery     : False [38;2;255;255;255m
[38;2;255;0;255m     Numerical recovery : False (max rel_err 1.36e+03 on 10k samples) [38;2;255;255;255m
[38;2;255;0;255m     Discovered         : (E*T*omega + c*(E*kb + E*sqrt(Abs(log(h) + sin(T))) - 15.6723848119337))/(3*c) [38;2;255;255;255m
[38;2;255;0;255m     LSM (a, b)         : (2.73666, -5.47832) [38;2;255;255;255m
[38;2;0;50;255m
############################################################ [38;2;255;255;255m
In-range holdout : MSE=1.821  MAE=0.9819  R²=0.8189
Extrapolation    : MSE=29.1  MAE=2.615  R²=0.6286

Top 10 HOF models (north_pole=truenorth) (★ = Pareto-optimal)
(deduped HOF: 6 unique chromosomes from 30 raw HOF entries)
 ----------------------------------------------------------------------------------------------------------------
       model     wrapper      length   train_mse     val_mse     max_err    train_r2      val_r2 angular_distance
 ----------------------------------------------------------------------------------------------------------------
★           0    identity          16      1.6946      2.2188      5.7799      0.8130      0.8029      0.0000
           29    identity          20      2.0985      2.6452      6.8647      0.7684      0.7650      0.2217
            5     log_abs           5      4.0268      4.3092     10.0090      0.5555      0.6172      1.1208
            6     log_abs           5      5.2344      4.7720     11.1670      0.4222      0.5761      1.5708
           27     log_abs           5      5.2344      4.7720     11.1670      0.4222      0.5761      1.5708
           21     log_abs           5      5.2344      4.7720     11.1670      0.4222      0.5761      1.5708

Pareto-optimal in top 6: 1    Pareto-optimal in full HOF: 1 / 6

Recovery sweep across 6/6 unique HOF chromosomes (capped):
  Structural / exact     : 0/6  (0.0%)
  Numerical (≤1e-6 err)  : 0/6  (0.0%)
{
    "date": "2026/09/19",
    "seed": "5",
    "task": "equation_recovery",
    "north_pole_method": "truenorth",
    "hff_include_val": true,
    "problem": "I_41_16",
    "truth_expr": "h/(2*pi)*omega**3/(pi**2*c**2*(exp((h/(2*pi))*omega/(kb*T))-1))",
    "final_terminal_inputs": [
        "omega",
        "T",
        "h",
        "kb",
        "c"
    ],
    "wide_primitives": true,
    "head_length": "48",
    "n_genes": "3",
    "rnc_array_length": "10",
    "tournament size": "intake=8, champion=5",
    "population size": "150",
    "population per island": "intake=100, champion=50",
    "gpu_join": true,
    "eclass_k": 8,
    "number of elites": "2",
    "number of generations": "400",
    "number of islands": "2",
    "migration FREQ": "30",
    "wrapper_id": 0,
    "wrapper_name": "identity",
    "recovery_exact": false,
    "recovery_numerical": false,
    "recovery_max_rel_err": 1363.0343609999697,
    "discovered_expr": "(E*T*omega + c*(E*kb + E*sqrt(Abs(log(h) + sin(T))) - 15.6723848119337))/(3*c)",
    "holdout_mse": 1.820525690227703,
    "holdout_r2": 0.8189182525257466,
    "extrap_mse": 29.099110952326928,
    "extrap_r2": 0.6286157150405682,
    "hof_size": 6,
    "hof_exact_recoveries": 0,
    "hof_numerical_recoveries": 0
}
