/opt/anaconda3/lib/python3.12/site-packages/geppy/__init__.py:26: UserWarning: pkg_resources is deprecated as an API. See https://setuptools.pypa.io/en/latest/pkg_resources.html. The pkg_resources package is slated for removal as early as 2025-11-30. Refrain from using this package or pin to Setuptools<81.
  from pkg_resources import get_distribution, DistributionNotFound
hff library OK (test fitness: (0.1415394733244273,))
registry: ['circle_area', 'gravity', 'coulomb', 'pendulum', 'keplers3', 'ideal_gas', 'I_6_2a', 'I_6_2', 'I_6_2b', 'I_8_14', 'I_9_18', 'I_10_7', 'I_11_19', 'I_12_1', 'I_12_2', 'I_12_4', 'I_12_5', 'I_12_11', 'I_13_4', 'I_13_12', 'I_14_3', 'I_14_4', 'I_15_3x', 'I_15_3t', 'I_15_1', 'I_16_6', 'I_18_4', 'I_18_12', 'I_18_14', 'I_24_6', 'I_25_13', 'I_26_2', 'I_27_6', 'I_29_4', 'I_29_16', 'I_30_3', 'I_30_5', 'I_32_5', 'I_32_17', 'I_34_8', 'I_34_1', 'I_34_14', 'I_34_27', 'I_37_4', 'I_38_12', 'I_39_1', 'I_39_11', 'I_39_22', 'I_40_1', 'I_41_16', 'I_43_16', 'I_43_31', 'I_43_43', 'I_44_4', 'I_47_23', 'I_48_2', 'I_50_26', 'II_2_42', 'II_3_24', 'II_4_23', 'II_6_11', 'II_6_15a', 'II_6_15b', 'II_8_7', 'II_8_31', 'II_10_9', 'II_11_3', 'II_11_17', 'II_11_20', 'II_11_27', 'II_11_28', 'II_13_17', 'II_13_23', 'II_13_34', 'II_15_4', 'II_15_5', 'II_21_32', 'II_24_17', 'II_27_16', 'II_27_18', 'II_34_2a', 'II_34_2', 'II_34_11', 'II_34_29a', 'II_34_29b', 'II_35_18', 'II_35_21', 'II_36_38', 'II_37_1', 'II_38_3', 'II_38_14', 'III_4_32', 'III_4_33', 'III_7_38', 'III_8_54', 'III_9_52', 'III_10_19', 'III_12_43', 'III_13_18', 'III_14_14', 'III_15_12', 'III_15_14', 'III_15_27', 'III_17_37', 'III_19_51', 'III_21_20', 'test_1', 'test_2', 'test_3', 'test_4', 'test_5', 'test_6', 'test_7', 'test_8', 'test_9', 'test_10', 'test_11', 'test_12', 'test_13', 'test_14', 'test_15', 'test_16', 'test_17', 'test_18', 'test_19', 'test_20']
[feynman override] head_length=48 (keep n_genes=3, avgval linker)
Selected problem: I_27_6
  Description : Feynman I-III I.27.6: foc = 1/(1/d1+n/d2)
  Variables   : ['d1', 'd2', 'n']
  Train range : {'d1': (1.0, 5.0), 'd2': (1.0, 5.0), 'n': (1.0, 5.0)}
  Extrap range: {'d1': (1.0, 7.5), 'd2': (1.0, 7.5), 'n': (1.0, 7.5)}
  Truth       : 1/(1/d1+n/d2)
  ✓ cache hit  (data/equations/I_27_6, key=b2f003d6b788f0e3)
  train           (800, 4)  target range=[0.2002, 2.21]
  val             (200, 4)  target range=[0.2066, 2.122]
  holdout         (200, 4)  target range=[0.2076, 2.128]
  extrapolation   (200, 4)  target range=[0.165, 2.598]
  saved figure → data/figures/I_27_6/eda_pairplot.png
Wide primitive set enabled: sin, cos, exp, log added.
[E22 rules] variable pattern tags: {'paired_numbered'}
[E22/23 rules] static candidate count: 3
[E22/23 rules] allowed to take a fitness slot (exact): 0
  [sum_sq_all/sum_sq] a=0.0051 b=6.4029e-01 1-R²_va=1.0049e+00
  [prefix_sum_sq/d1^2+d2^2] a=0.0228 b=3.1586e-01 1-R²_va=6.0696e-01
  [harmonic/1/(1/d1+1/d2)] a=0.5471 b=2.9655e-02 1-R²_va=5.8361e-01
[fuller] denoise + snap IN THE JOIN (every gene, every generation, K=8); mutation operators: physics=0.2 concretize=0.05
Wrapper scope: per_island  (island → wrapper map: ['identity', 'identity'])
[wgpu] process pool disabled — Metal cannot survive fork(); the population is evaluated in one dispatch instead
Genes: head_length=48, n_genes=3, rnc_array_length=10
Population: (per-island, see below), elites: 2, generations: 400, migration FREQ: 30
  pump per-island sizes: intake=100 (tournsize=8), champion=50 (tournsize=5)
Initialising evolution at 2026-09-19 07:09:43.232671
 gen  deme   evals     min fitness          mse_tr          mse_va         max_err      mse_extrap  one_minus_r2_tr  one_minus_r2_va
   0     0     100               0    0.0252539009    0.0200469453     0.536005269    0.0611053349     0.191373569     0.185235942
   0     1      50    0.0119886785    0.0366845673    0.0292525233     0.610435115    0.0971277761     0.277994937     0.270296478
          wgpu 1d 323g 279c x3w 9ms | egraph 187g->129v+0snap 79ms | graft 21 (-110n, 0 snap) cpu 0 | f64 30 | gen 0.0s | dropped inexpr 2 oversz 0 unbuild 0 {}
Extending evolution: gen 1 → 400 (+400 generations)
   1     0     100               0    0.0252539009    0.0200469453     0.536005269    0.0611053349     0.191373569     0.185235942
   1     1      50    0.0119886785    0.0366845673    0.0292525233     0.610435115    0.0971277761     0.277994937     0.270296478
          wgpu 1d 159g 295c x3w 4ms | egraph 69g->149v+0snap 13ms | graft 9 (-32n, 0 snap) cpu 0 | f64 35 | gen 0.2s | dropped inexpr 1 oversz 0 unbuild 0 {}
   2     0     100               0    0.0252539009    0.0200469453     0.536005269    0.0611053349     0.191373569     0.185235942
   2     1      50    0.0119886785    0.0366845673    0.0292525233     0.610435115    0.0971277761     0.277994937     0.270296478
          wgpu 1d 198g 393c x3w 4ms | egraph 79g->247v+0snap 17ms | graft 17 (-45n, 0 snap) cpu 0 | f64 20 | gen 0.3s | dropped inexpr 2 oversz 0 unbuild 0 {}
   3     0     100               0    0.0252539009    0.0200469453     0.536005269    0.0611053349     0.191373569     0.185235942
   3     1      50    0.0119886785    0.0366845673    0.0292525233     0.610435115    0.0971277761     0.277994937     0.270296478
          wgpu 1d 154g 335c x3w 4ms | egraph 60g->189v+0snap 11ms | graft 6 (-15n, 0 snap) cpu 0 | f64 20 | gen 0.2s
   4     0     100               0    0.0252539009    0.0200469453     0.536005269    0.0611053349     0.191373569     0.185235942
   4     1      50    0.0119886785    0.0366845673    0.0292525233     0.610435115    0.0971277761     0.277994937     0.270296478
          wgpu 1d 152g 319c x3w 4ms | egraph 54g->173v+0snap 10ms | graft 13 (-45n, 0 snap) cpu 0 | f64 20 | gen 0.2s
   5     0     100               0    0.0252539009    0.0200469453     0.536005269    0.0611053349     0.191373569     0.185235942
   5     1      50    0.0119886785    0.0366845673    0.0292525233     0.610435115    0.0971277761     0.277994937     0.270296478
          wgpu 1d 170g 357c x3w 4ms | egraph 51g->211v+0snap 10ms | graft 9 (-42n, 0 snap) cpu 0 | f64 20 | gen 0.3s
   6     0     100               0    0.0252539009    0.0200469453     0.536005269    0.0611053349     0.191373569     0.185235942
   6     1      50    0.0117253761   0.00934566378   0.00836344738      0.38350222    0.0652893002    0.0708212582    0.0772791581
          wgpu 1d 208g 359c x3w 5ms | egraph 61g->213v+0snap 31ms | graft 20 (-69n, 0 snap) cpu 0 | f64 20 | gen 0.2s
   7     0     100               0    0.0252539009    0.0200469453     0.536005269    0.0611053349     0.191373569     0.185235942
   7     1      50    0.0117253761   0.00934566378   0.00836344738      0.38350222    0.0652893002    0.0708212582    0.0772791581
          wgpu 1d 122g 341c x3w 4ms | egraph 30g->195v+0snap 6ms | graft 6 (-20n, 0 snap) cpu 0 | f64 20 | gen 0.2s
   8     0     100               0    0.0252539009    0.0200469453     0.536005269    0.0611053349     0.191373569     0.185235942
   8     1      50   0.00698297638   0.00689044246   0.00515409058     0.314469068    0.0840386166    0.0522156388    0.0476243542
          wgpu 1d 152g 329c x3w 4ms | egraph 33g->183v+0snap 12ms | graft 9 (-25n, 0 snap) cpu 0 | f64 20 | gen 0.2s | dropped inexpr 1 oversz 0 unbuild 0 {}
   9     0     100               0    0.0252539009    0.0200469453     0.536005269    0.0611053349     0.191373569     0.185235942
   9     1      50   0.00698297638   0.00689044246   0.00515409058     0.314469068    0.0840386166    0.0522156388    0.0476243542
          wgpu 1d 192g 352c x3w 4ms | egraph 57g->206v+0snap 11ms | graft 16 (-55n, 0 snap) cpu 0 | f64 20 | gen 0.2s | dropped inexpr 1 oversz 0 unbuild 0 {}
  10     0     100               0    0.0252539009    0.0200469453     0.536005269    0.0611053349     0.191373569     0.185235942
  10     1      50   0.00698297638   0.00689044246   0.00515409058     0.314469068    0.0840386166    0.0522156388    0.0476243542
          wgpu 1d 131g 341c x3w 4ms | egraph 35g->195v+0snap 7ms | graft 11 (-40n, 0 snap) cpu 0 | f64 20 | gen 0.2s
--------- pump migration: intra (promote-2 + intake-reset) ---------
  11     0     100               0    0.0252539009    0.0200469453     0.536005269    0.0611053349     0.191373569     0.185235942
  11     1      50               0    0.0252539009    0.0200469453     0.536005269    0.0611053349     0.191373569     0.185235942
          wgpu 2d 353g 461c x3w 8ms | egraph 131g->235v+0snap 26ms | graft 31 (-88n, 0 snap) cpu 0 | f64 30 | gen 0.2s | dropped inexpr 4 oversz 0 unbuild 0 {}
  12     0     100               0     0.018125422    0.0171039548     0.554455515    0.0622428571     0.137354095     0.158042392
  12     1      50               0    0.0252539009    0.0200469453     0.536005269    0.0611053349     0.191373569     0.185235942
          wgpu 1d 156g 287c x3w 4ms | egraph 43g->141v+0snap 8ms | graft 14 (-48n, 0 snap) cpu 0 | f64 20 | gen 0.2s
  13     0     100               0    0.0252539009    0.0200469453     0.536005269    0.0611053349     0.191373569     0.185235942
  13     1      50               0    0.0252539009    0.0200469453     0.536005269    0.0611053349     0.191373569     0.185235942
          wgpu 1d 167g 307c x3w 4ms | egraph 58g->161v+0snap 16ms | graft 12 (-34n, 0 snap) cpu 0 | f64 20 | gen 0.3s | dropped inexpr 3 oversz 0 unbuild 0 {}
  14     0     100               0    0.0252539009    0.0200469453     0.536005269    0.0611053349     0.191373569     0.185235942
  14     1      50               0    0.0252539009    0.0200469453     0.536005269    0.0611053349     0.191373569     0.185235942
          wgpu 1d 163g 351c x3w 4ms | egraph 35g->205v+0snap 7ms | graft 9 (-21n, 0 snap) cpu 0 | f64 20 | gen 0.2s
  15     0     100               0    0.0252539009    0.0200469453     0.536005269    0.0611053349     0.191373569     0.185235942
  15     1      50               0    0.0252539009    0.0200469453     0.536005269    0.0611053349     0.191373569     0.185235942
          wgpu 1d 181g 372c x3w 4ms | egraph 40g->226v+0snap 9ms | graft 10 (-32n, 0 snap) cpu 0 | f64 20 | gen 0.2s
  16     0     100               0    0.0252539009    0.0200469453     0.536005269    0.0611053349     0.191373569     0.185235942
  16     1      50               0    0.0252539009    0.0200469453     0.536005269    0.0611053349     0.191373569     0.185235942
          wgpu 1d 150g 326c x3w 4ms | egraph 32g->180v+0snap 7ms | graft 12 (-38n, 0 snap) cpu 0 | f64 23 | gen 0.2s
  17     0     100               0    0.0252539009    0.0200469453     0.536005269    0.0611053349     0.191373569     0.185235942
  17     1      50               0    0.0252539009    0.0200469453     0.536005269    0.0611053349     0.191373569     0.185235942
          wgpu 1d 141g 336c x3w 4ms | egraph 30g->190v+0snap 7ms | graft 13 (-43n, 0 snap) cpu 0 | f64 20 | gen 0.2s
  18     0     100               0    0.0252539009    0.0200469453     0.536005269    0.0611053349     0.191373569     0.185235942
  18     1      50               0    0.0252539009    0.0200469453     0.536005269    0.0611053349     0.191373569     0.185235942
          wgpu 1d 144g 355c x3w 4ms | egraph 25g->209v+0snap 11ms | graft 8 (-22n, 0 snap) cpu 0 | f64 20 | gen 0.2s
  19     0     100               0    0.0252539009    0.0200469453     0.536005269    0.0611053349     0.191373569     0.185235942
  19     1      50               0    0.0252539009    0.0200469453     0.536005269    0.0611053349     0.191373569     0.185235942
          wgpu 1d 152g 334c x3w 4ms | egraph 31g->188v+0snap 7ms | graft 8 (-23n, 0 snap) cpu 0 | f64 20 | gen 0.2s
  20     0     100               0    0.0252539009    0.0200469453     0.536005269    0.0611053349     0.191373569     0.185235942
  20     1      50               0    0.0252539009    0.0200469453     0.536005269    0.0611053349     0.191373569     0.185235942
          wgpu 1d 181g 339c x3w 4ms | egraph 36g->193v+0snap 8ms | graft 11 (-27n, 0 snap) cpu 0 | f64 20 | gen 0.2s | dropped inexpr 1 oversz 0 unbuild 0 {}
--------- pump migration: intra (promote-2 + intake-reset) ---------
  21     0     100               0    0.0252539009    0.0200469453     0.536005269    0.0611053349     0.191373569     0.185235942
  21     1      50               0    0.0252539009    0.0200469453     0.536005269    0.0611053349     0.191373569     0.185235942
          wgpu 2d 353g 449c x3w 13ms | egraph 110g->223v+0snap 25ms | graft 21 (-77n, 0 snap) cpu 0 | f64 30 | gen 0.3s | dropped inexpr 3 oversz 0 unbuild 0 {}
  22     0     100               0    0.0252539009    0.0200469453     0.536005269    0.0611053349     0.191373569     0.185235942
  22     1      50               0    0.0252539009    0.0200469453     0.536005269    0.0611053349     0.191373569     0.185235942
          wgpu 1d 170g 389c x3w 4ms | egraph 32g->243v+0snap 7ms | graft 9 (-26n, 0 snap) cpu 0 | f64 20 | gen 0.2s | dropped inexpr 1 oversz 0 unbuild 0 {}
  23     0     100               0    0.0252539009    0.0200469453     0.536005269    0.0611053349     0.191373569     0.185235942
  23     1      50               0    0.0252539009    0.0200469453     0.536005269    0.0611053349     0.191373569     0.185235942
          wgpu 1d 168g 378c x3w 4ms | egraph 20g->232v+0snap 5ms | graft 9 (-30n, 0 snap) cpu 0 | f64 20 | gen 0.2s
  24     0     100               0    0.0252539009    0.0200469453     0.536005269    0.0611053349     0.191373569     0.185235942
  24     1      50               0    0.0252539009    0.0200469453     0.536005269    0.0611053349     0.191373569     0.185235942
          wgpu 1d 145g 367c x3w 4ms | egraph 24g->221v+0snap 6ms | graft 14 (-45n, 0 snap) cpu 0 | f64 20 | gen 0.2s
  25     0     100               0    0.0252539009    0.0200469453     0.536005269    0.0611053349     0.191373569     0.185235942
  25     1      50               0    0.0252539009    0.0200469453     0.536005269    0.0611053349     0.191373569     0.185235942
          wgpu 1d 124g 328c x3w 4ms | egraph 18g->182v+0snap 5ms | graft 11 (-26n, 0 snap) cpu 0 | f64 20 | gen 0.2s
  26     0     100               0    0.0252539009    0.0200469453     0.536005269    0.0611053349     0.191373569     0.185235942
  26     1      50               0    0.0252539009    0.0200469453     0.536005269    0.0611053349     0.191373569     0.185235942
          wgpu 1d 155g 376c x3w 4ms | egraph 25g->230v+0snap 6ms | graft 15 (-38n, 0 snap) cpu 0 | f64 20 | gen 0.2s
  27     0     100               0    0.0252539009    0.0200469453     0.536005269    0.0611053349     0.191373569     0.185235942
  27     1      50               0    0.0252539009    0.0200469453     0.536005269    0.0611053349     0.191373569     0.185235942
          wgpu 1d 161g 356c x3w 4ms | egraph 29g->210v+0snap 6ms | graft 17 (-56n, 0 snap) cpu 0 | f64 20 | gen 0.2s | dropped inexpr 2 oversz 0 unbuild 0 {}
  28     0     100               0    0.0252539009    0.0200469453     0.536005269    0.0611053349     0.191373569     0.185235942
  28     1      50               0    0.0252539009    0.0200469453     0.536005269    0.0611053349     0.191373569     0.185235942
          wgpu 1d 144g 346c x3w 4ms | egraph 29g->200v+0snap 6ms | graft 9 (-26n, 0 snap) cpu 0 | f64 20 | gen 0.2s
  29     0     100               0    0.0252539009    0.0200469453     0.536005269    0.0611053349     0.191373569     0.185235942
  29     1      50               0    0.0252539009    0.0200469453     0.536005269    0.0611053349     0.191373569     0.185235942
          wgpu 1d 176g 370c x3w 4ms | egraph 36g->224v+0snap 8ms | graft 16 (-44n, 0 snap) cpu 0 | f64 20 | gen 0.2s
  30     0     100               0    0.0252539009    0.0200469453     0.536005269    0.0611053349     0.191373569     0.185235942
  30     1      50               0    0.0252539009    0.0200469453     0.536005269    0.0611053349     0.191373569     0.185235942
          wgpu 1d 177g 339c x3w 4ms | egraph 30g->193v+0snap 7ms | graft 10 (-33n, 0 snap) cpu 0 | f64 20 | gen 0.2s
--------- pump migration: intra (promote-2 + intake-reset) ---------
  31     0     100               0    0.0252539009    0.0200469453     0.536005269    0.0611053349     0.191373569     0.185235942
  31     1      50               0    0.0252539009    0.0200469453     0.536005269    0.0611053349     0.191373569     0.185235942
          wgpu 2d 334g 480c x3w 7ms | egraph 109g->254v+0snap 26ms | graft 22 (-83n, 0 snap) cpu 0 | f64 30 | gen 0.2s | dropped inexpr 6 oversz 0 unbuild 0 {}
  32     0     100               0    0.0115298899     0.008908111     0.310497268     0.110719399    0.0873732809    0.0823119088
  32     1      50               0    0.0252539009    0.0200469453     0.536005269    0.0611053349     0.191373569     0.185235942
          wgpu 1d 114g 278c x3w 3ms | egraph 16g->132v+0snap 6ms | graft 5 (-10n, 0 snap) cpu 0 | f64 20 | gen 0.2s
  33     0     100               0    0.0115298899     0.008908111     0.310497268     0.110719399    0.0873732809    0.0823119088
  33     1      50               0    0.0252539009    0.0200469453     0.536005269    0.0611053349     0.191373569     0.185235942
          wgpu 1d 111g 235c x3w 3ms | egraph 14g->89v+0snap 3ms | graft 4 (-9n, 0 snap) cpu 0 | f64 20 | gen 0.1s
  34     0     100               0    0.0115298899     0.008908111     0.310497268     0.110719399    0.0873732809    0.0823119088
  34     1      50               0    0.0252539009    0.0200469453     0.536005269    0.0611053349     0.191373569     0.185235942
          wgpu 1d 123g 257c x3w 3ms | egraph 23g->111v+0snap 5ms | graft 7 (-25n, 0 snap) cpu 0 | f64 20 | gen 0.2s | dropped inexpr 1 oversz 0 unbuild 0 {}
  35     0     100               0    0.0115298899     0.008908111     0.310497268     0.110719399    0.0873732809    0.0823119088
  35     1      50               0    0.0252539009    0.0200469453     0.536005269    0.0611053349     0.191373569     0.185235942
          wgpu 1d 101g 233c x3w 3ms | egraph 22g->87v+0snap 6ms | graft 4 (-8n, 0 snap) cpu 0 | f64 20 | gen 0.2s
  36     0     100               0    0.0115298899     0.008908111     0.310497268     0.110719399    0.0873732809    0.0823119088
  36     1      50               0    0.0252539009    0.0200469453     0.536005269    0.0611053349     0.191373569     0.185235942
          wgpu 1d 118g 235c x3w 4ms | egraph 20g->89v+0snap 8ms | graft 6 (-15n, 0 snap) cpu 0 | f64 20 | gen 0.2s
  37     0     100               0    0.0115298899     0.008908111     0.310497268     0.110719399    0.0873732809    0.0823119088
  37     1      50               0    0.0252539009    0.0200469453     0.536005269    0.0611053349     0.191373569     0.185235942
          wgpu 1d 117g 233c x3w 3ms | egraph 26g->87v+0snap 9ms | graft 6 (-17n, 0 snap) cpu 0 | f64 27 | gen 0.2s
  38     0     100               0    0.0115298899     0.008908111     0.310497268     0.110719399    0.0873732809    0.0823119088
  38     1      50               0    0.0183994632    0.0143093269     0.514073095    0.0541540624     0.139430774     0.132219728
          wgpu 1d 117g 224c x3w 3ms | egraph 26g->78v+0snap 6ms | graft 8 (-22n, 0 snap) cpu 0 | f64 20 | gen 0.2s
  39     0     100               0    0.0115298899     0.008908111     0.310497268     0.110719399    0.0873732809    0.0823119088
  39     1      50               0    0.0183994632    0.0143093269     0.514073095    0.0541540624     0.139430774     0.132219728
          wgpu 1d 118g 222c x3w 3ms | egraph 24g->76v+0snap 7ms | graft 7 (-30n, 0 snap) cpu 0 | f64 20 | gen 0.2s
  40     0     100               0    0.0115298899     0.008908111     0.310497268     0.110719399    0.0873732809    0.0823119088
  40     1      50               0    0.0183994632    0.0143093269     0.514073095    0.0541540624     0.139430774     0.132219728
          wgpu 1d 110g 216c x3w 10ms | egraph 20g->70v+0snap 5ms | graft 5 (-12n, 0 snap) cpu 0 | f64 20 | gen 0.2s
--------- pump migration: intra (promote-2 + intake-reset) ---------
  41     0     100               0    0.0115298899     0.008908111     0.310497268     0.110719399    0.0873732809    0.0823119088
  41     1      50               0    0.0115298899     0.008908111     0.310497268     0.110719399    0.0873732809    0.0823119088
          wgpu 2d 313g 374c x3w 10ms | egraph 103g->148v+0snap 20ms | graft 21 (-106n, 0 snap) cpu 0 | f64 30 | gen 0.2s | dropped inexpr 1 oversz 0 unbuild 0 {}
  42     0     100               0    0.0115298899     0.008908111     0.310497268     0.110719399    0.0873732809    0.0823119088
  42     1      50               0     0.017737708    0.0140969302     0.509197513    0.0451429639     0.134416006     0.130257159
          wgpu 1d 90g 196c x3w 3ms | egraph 19g->50v+0snap 4ms | graft 5 (-13n, 0 snap) cpu 0 | f64 20 | gen 0.1s
  43     0     100               0    0.0115298899     0.008908111     0.310497268     0.110719399    0.0873732809    0.0823119088
  43     1      50               0     0.017737708    0.0140969302     0.509197513    0.0451429639     0.134416006     0.130257159
          wgpu 1d 71g 162c x3w 3ms | egraph 14g->16v+0snap 3ms | graft 1 (-2n, 0 snap) cpu 0 | f64 20 | gen 0.1s
  44     0     100               0    0.0115298899     0.008908111     0.310497268     0.110719399    0.0873732809    0.0823119088
  44     1      50               0     0.017737708    0.0140969302     0.509197513    0.0451429639     0.134416006     0.130257159
          wgpu 1d 77g 167c x3w 3ms | egraph 12g->21v+0snap 3ms | graft 0 (-0n, 0 snap) cpu 0 | f64 20 | gen 0.1s | dropped inexpr 1 oversz 0 unbuild 0 {}
  45     0     100               0    0.0115298899     0.008908111     0.310497268     0.110719399    0.0873732809    0.0823119088
  45     1      50               0    0.0115298899     0.008908111     0.310497268     0.110719399    0.0873732809    0.0823119088
          wgpu 1d 89g 178c x3w 3ms | egraph 17g->32v+0snap 7ms | graft 7 (-19n, 0 snap) cpu 0 | f64 20 | gen 0.2s
  46     0     100               0    0.0115298899     0.008908111     0.310497268     0.110719399    0.0873732809    0.0823119088
  46     1      50               0     0.017737708    0.0140969302     0.509197513    0.0451429639     0.134416006     0.130257159
          wgpu 1d 73g 165c x3w 3ms | egraph 13g->19v+0snap 3ms | graft 1 (-2n, 0 snap) cpu 0 | f64 20 | gen 0.1s
  47     0     100               0    0.0115298899     0.008908111     0.310497268     0.110719399    0.0873732809    0.0823119088
  47     1      50               0    0.0115298899     0.008908111     0.310497268     0.110719399    0.0873732809    0.0823119088
          wgpu 1d 87g 165c x3w 3ms | egraph 18g->19v+0snap 17ms | graft 2 (-21n, 0 snap) cpu 0 | f64 20 | gen 0.2s
  48     0     100               0    0.0115298899     0.008908111     0.310497268     0.110719399    0.0873732809    0.0823119088
  48     1      50               0    0.0115298899     0.008908111     0.310497268     0.110719399    0.0873732809    0.0823119088
          wgpu 1d 80g 175c x3w 3ms | egraph 9g->29v+0snap 3ms | graft 4 (-11n, 0 snap) cpu 0 | f64 20 | gen 0.2s
  49     0     100               0    0.0115298899     0.008908111     0.310497268     0.110719399    0.0873732809    0.0823119088
  49     1      50               0    0.0115298899     0.008908111     0.310497268     0.110719399    0.0873732809    0.0823119088
          wgpu 1d 82g 178c x3w 3ms | egraph 11g->32v+0snap 3ms | graft 1 (-2n, 0 snap) cpu 0 | f64 20 | gen 0.1s
  50     0     100               0    0.0115298899     0.008908111     0.310497268     0.110719399    0.0873732809    0.0823119088
  50     1      50               0     0.017737708    0.0140969302     0.509197513    0.0451429639     0.134416006     0.130257159
          wgpu 1d 84g 169c x3w 4ms | egraph 13g->23v+0snap 3ms | graft 4 (-12n, 0 snap) cpu 0 | f64 20 | gen 0.2s
--------- pump migration: intra (promote-2 + intake-reset) ---------
  51     0     100               0    0.0479447991    0.0338722738     0.463924432     0.157898264     0.363324754     0.312983473
  51     1      50               0     0.017737708    0.0140969302     0.509197513    0.0451429639     0.134416006     0.130257159
          wgpu 2d 283g 325c x3w 7ms | egraph 95g->99v+0snap 25ms | graft 14 (-55n, 0 snap) cpu 0 | f64 30 | gen 0.1s | dropped inexpr 6 oversz 0 unbuild 0 {}
  52     0     100               0    0.0115298899     0.008908111     0.310497268     0.110719399    0.0873732809    0.0823119088
  52     1      50               0    0.0115298899     0.008908111     0.310497268     0.110719399    0.0873732809    0.0823119088
          wgpu 1d 99g 172c x3w 3ms | egraph 34g->26v+0snap 11ms | graft 2 (-4n, 0 snap) cpu 0 | f64 20 | gen 0.1s | dropped inexpr 1 oversz 0 unbuild 0 {}
  53     0     100               0    0.0115298895   0.00890811074     0.310497264     0.110719447    0.0873732778    0.0823119064
  53     1      50               0    0.0115298899     0.008908111     0.310497268     0.110719399    0.0873732809    0.0823119088
          wgpu 1d 78g 174c x3w 3ms | egraph 14g->28v+0snap 3ms | graft 4 (-10n, 0 snap) cpu 0 | f64 20 | gen 0.1s
  54     0     100               0    0.0115298895   0.00890811074     0.310497264     0.110719447    0.0873732778    0.0823119064
  54     1      50               0    0.0115298899     0.008908111     0.310497268     0.110719399    0.0873732809    0.0823119088
          wgpu 1d 64g 169c x3w 3ms | egraph 11g->23v+0snap 3ms | graft 4 (-16n, 0 snap) cpu 0 | f64 20 | gen 0.2s
  55     0     100               0    0.0115298895   0.00890811074     0.310497264     0.110719447    0.0873732778    0.0823119064
  55     1      50               0    0.0115298899     0.008908111     0.310497268     0.110719399    0.0873732809    0.0823119088
          wgpu 1d 72g 169c x3w 3ms | egraph 12g->23v+0snap 3ms | graft 2 (-5n, 0 snap) cpu 0 | f64 20 | gen 0.1s
  56     0     100               0    0.0115298895   0.00890811074     0.310497264     0.110719447    0.0873732778    0.0823119064
  56     1      50               0    0.0115298899     0.008908111     0.310497268     0.110719399    0.0873732809    0.0823119088
          wgpu 1d 68g 167c x3w 5ms | egraph 13g->21v+0snap 4ms | graft 4 (-10n, 0 snap) cpu 0 | f64 20 | gen 0.2s
  57     0     100               0    0.0115298895   0.00890811074     0.310497264     0.110719447    0.0873732778    0.0823119064
  57     1      50               0    0.0115298899     0.008908111     0.310497268     0.110719399    0.0873732809    0.0823119088
          wgpu 1d 79g 178c x3w 3ms | egraph 8g->32v+0snap 11ms | graft 4 (-8n, 0 snap) cpu 0 | f64 20 | gen 0.2s
  58     0     100               0    0.0115298895   0.00890811074     0.310497264     0.110719447    0.0873732778    0.0823119064
  58     1      50               0    0.0115298899     0.008908111     0.310497268     0.110719399    0.0873732809    0.0823119088
          wgpu 1d 68g 175c x3w 7ms | egraph 14g->29v+0snap 3ms | graft 5 (-21n, 0 snap) cpu 0 | f64 20 | gen 0.1s
  59     0     100               0    0.0115298895   0.00890811074     0.310497264     0.110719447    0.0873732778    0.0823119064
  59     1      50               0    0.0115298899     0.008908111     0.310497268     0.110719399    0.0873732809    0.0823119088
          wgpu 1d 60g 168c x3w 3ms | egraph 15g->22v+0snap 3ms | graft 2 (-4n, 0 snap) cpu 0 | f64 20 | gen 0.1s
  60     0     100               0    0.0115298895   0.00890811074     0.310497264     0.110719447    0.0873732778    0.0823119064
  60     1      50               0    0.0115298899     0.008908111     0.310497268     0.110719399    0.0873732809    0.0823119088
          wgpu 1d 79g 183c x3w 3ms | egraph 19g->37v+0snap 4ms | graft 7 (-36n, 0 snap) cpu 0 | f64 20 | gen 0.1s
--------- pump migration: intra (promote-2 + intake-reset) + cross ---------
  61     0     100               0    0.0115298895   0.00890811074     0.310497264     0.110719447    0.0873732778    0.0823119064
  61     1      50               0    0.0115298899     0.008908111     0.310497268     0.110719399    0.0873732809    0.0823119088
          wgpu 2d 250g 304c x3w 7ms | egraph 87g->78v+0snap 29ms | graft 19 (-84n, 0 snap) cpu 0 | f64 30 | gen 0.2s | dropped inexpr 3 oversz 0 unbuild 0 {}
  62     0     100               0    0.0115298895   0.00890811074     0.310497264     0.110719447    0.0873732778    0.0823119064
  62     1      50               0    0.0115298895   0.00890811074     0.310497264     0.110719447    0.0873732778    0.0823119064
          wgpu 1d 68g 176c x3w 3ms | egraph 10g->30v+0snap 3ms | graft 4 (-12n, 0 snap) cpu 0 | f64 20 | gen 0.1s
  63     0     100               0    0.0115298895   0.00890811074     0.310497264     0.110719447    0.0873732778    0.0823119064
  63     1      50               0    0.0115298895   0.00890811074     0.310497264     0.110719447    0.0873732778    0.0823119064
          wgpu 1d 76g 171c x3w 3ms | egraph 14g->25v+0snap 3ms | graft 6 (-27n, 0 snap) cpu 0 | f64 20 | gen 0.1s
  64     0     100               0    0.0115298895   0.00890811074     0.310497264     0.110719447    0.0873732778    0.0823119064
  64     1      50               0    0.0115298895   0.00890811074     0.310497264     0.110719447    0.0873732778    0.0823119064
          wgpu 1d 70g 168c x3w 3ms | egraph 8g->22v+0snap 3ms | graft 2 (-9n, 0 snap) cpu 0 | f64 20 | gen 0.1s
  65     0     100               0    0.0115298895   0.00890811074     0.310497264     0.110719447    0.0873732778    0.0823119064
  65     1      50               0    0.0115298895   0.00890811074     0.310497264     0.110719447    0.0873732778    0.0823119064
          wgpu 1d 77g 170c x3w 3ms | egraph 14g->24v+0snap 3ms | graft 6 (-33n, 0 snap) cpu 0 | f64 20 | gen 0.1s
  66     0     100               0    0.0115298895   0.00890811074     0.310497264     0.110719447    0.0873732778    0.0823119064
  66     1      50               0    0.0115298895   0.00890811074     0.310497264     0.110719447    0.0873732778    0.0823119064
          wgpu 1d 67g 159c x3w 3ms | egraph 11g->13v+0snap 3ms | graft 1 (-7n, 0 snap) cpu 0 | f64 20 | gen 0.2s
  67     0     100               0    0.0115298895   0.00890811074     0.310497264     0.110719447    0.0873732778    0.0823119064
  67     1      50               0    0.0115298895   0.00890811074     0.310497264     0.110719447    0.0873732778    0.0823119064
          wgpu 1d 84g 183c x3w 3ms | egraph 11g->37v+0snap 6ms | graft 9 (-64n, 0 snap) cpu 0 | f64 20 | gen 0.2s
  68     0     100               0    0.0115298895   0.00890811074     0.310497264     0.110719447    0.0873732778    0.0823119064
  68     1      50               0    0.0115298895   0.00890811074     0.310497264     0.110719447    0.0873732778    0.0823119064
          wgpu 1d 73g 173c x3w 3ms | egraph 12g->27v+0snap 3ms | graft 4 (-14n, 0 snap) cpu 0 | f64 20 | gen 0.1s
  69     0     100               0    0.0115298895   0.00890811074     0.310497264     0.110719447    0.0873732778    0.0823119064
  69     1      50               0    0.0115298895   0.00890811074     0.310497264     0.110719447    0.0873732778    0.0823119064
          wgpu 1d 67g 168c x3w 3ms | egraph 6g->22v+0snap 5ms | graft 6 (-34n, 0 snap) cpu 0 | f64 20 | gen 0.1s
  70     0     100               0    0.0115298895   0.00890811074     0.310497264     0.110719447    0.0873732778    0.0823119064
  70     1      50               0    0.0115298895   0.00890811074     0.310497264     0.110719447    0.0873732778    0.0823119064
          wgpu 1d 79g 173c x3w 3ms | egraph 18g->27v+0snap 4ms | graft 6 (-20n, 0 snap) cpu 0 | f64 20 | gen 0.2s
--------- pump migration: intra (promote-2 + intake-reset) ---------
  71     0     100               0    0.0115298895   0.00890811074     0.310497264     0.110719447    0.0873732778    0.0823119064
  71     1      50               0    0.0115298895   0.00890811074     0.310497264     0.110719447    0.0873732778    0.0823119064
          wgpu 2d 305g 344c x3w 15ms | egraph 111g->118v+0snap 23ms | graft 23 (-113n, 0 snap) cpu 0 | f64 30 | gen 0.2s | dropped inexpr 6 oversz 0 unbuild 0 {}
  72     0     100               0    0.0115298895   0.00890811074     0.310497264     0.110719447    0.0873732778    0.0823119064
  72     1      50               0    0.0115298895   0.00890811074     0.310497264     0.110719447    0.0873732778    0.0823119064
          wgpu 1d 87g 173c x3w 3ms | egraph 22g->27v+0snap 6ms | graft 10 (-47n, 0 snap) cpu 0 | f64 20 | gen 0.2s
  73     0     100               0    0.0115298895   0.00890811074     0.310497264     0.110719447    0.0873732778    0.0823119064
  73     1      50               0    0.0115298895   0.00890811074     0.310497264     0.110719447    0.0873732778    0.0823119064
          wgpu 1d 68g 161c x3w 3ms | egraph 15g->15v+0snap 4ms | graft 4 (-14n, 0 snap) cpu 0 | f64 20 | gen 0.1s
  74     0     100               0    0.0115298895   0.00890811074     0.310497264     0.110719447    0.0873732778    0.0823119064
  74     1      50               0    0.0115298895   0.00890811074     0.310497264     0.110719447    0.0873732778    0.0823119064
          wgpu 1d 88g 178c x3w 10ms | egraph 16g->32v+0snap 4ms | graft 8 (-39n, 0 snap) cpu 0 | f64 20 | gen 0.2s
  75     0     100               0    0.0115298895   0.00890811074     0.310497264     0.110719447    0.0873732778    0.0823119064
  75     1      50               0    0.0115298895   0.00890811074     0.310497264     0.110719447    0.0873732778    0.0823119064
          wgpu 1d 102g 180c x3w 3ms | egraph 31g->34v+0snap 45ms | graft 6 (-36n, 0 snap) cpu 0 | f64 20 | gen 0.2s
  76     0     100               0    0.0115298895   0.00890811074     0.310497264     0.110719447    0.0873732778    0.0823119064
  76     1      50               0    0.0115298895   0.00890811074     0.310497264     0.110719447    0.0873732778    0.0823119064
          wgpu 1d 72g 167c x3w 3ms | egraph 10g->21v+0snap 3ms | graft 4 (-15n, 0 snap) cpu 0 | f64 20 | gen 0.1s
  77     0     100               0    0.0115298895   0.00890811074     0.310497264     0.110719447    0.0873732778    0.0823119064
  77     1      50               0    0.0115298895   0.00890811074     0.310497264     0.110719447    0.0873732778    0.0823119064
          wgpu 1d 68g 168c x3w 3ms | egraph 8g->22v+0snap 3ms | graft 2 (-23n, 0 snap) cpu 0 | f64 20 | gen 0.1s
  78     0     100               0    0.0115298899     0.008908111     0.310497268     0.110719399    0.0873732809    0.0823119088
  78     1      50               0    0.0115298895   0.00890811074     0.310497264     0.110719447    0.0873732778    0.0823119064
          wgpu 1d 91g 183c x3w 3ms | egraph 15g->37v+0snap 4ms | graft 5 (-26n, 0 snap) cpu 0 | f64 20 | gen 0.2s
  79     0     100               0    0.0115298899     0.008908111     0.310497268     0.110719399    0.0873732809    0.0823119088
  79     1      50               0    0.0115298895   0.00890811074     0.310497264     0.110719447    0.0873732778    0.0823119064
          wgpu 1d 77g 180c x3w 3ms | egraph 13g->34v+0snap 4ms | graft 7 (-31n, 0 snap) cpu 0 | f64 20 | gen 0.1s
  80     0     100               0    0.0115298899     0.008908111     0.310497268     0.110719399    0.0873732809    0.0823119088
  80     1      50               0    0.0115298895   0.00890811074     0.310497264     0.110719447    0.0873732778    0.0823119064
          wgpu 1d 69g 168c x3w 3ms | egraph 14g->22v+0snap 3ms | graft 6 (-32n, 0 snap) cpu 0 | f64 20 | gen 0.1s
--------- pump migration: intra (promote-2 + intake-reset) ---------
  81     0     100               0    0.0115298899     0.008908111     0.310497268     0.110719399    0.0873732809    0.0823119088
  81     1      50               0    0.0115298899     0.008908111     0.310497268     0.110719399    0.0873732809    0.0823119088
          wgpu 2d 277g 326c x3w 7ms | egraph 95g->100v+0snap 29ms | graft 12 (-64n, 0 snap) cpu 0 | f64 30 | gen 0.1s | dropped inexpr 3 oversz 0 unbuild 0 {}
  82     0     100               0    0.0115298899     0.008908111     0.310497268     0.110719399    0.0873732809    0.0823119088
  82     1      50               0    0.0115298899     0.008908111     0.310497268     0.110719399    0.0873732809    0.0823119088
          wgpu 1d 92g 180c x3w 3ms | egraph 18g->34v+0snap 4ms | graft 6 (-12n, 0 snap) cpu 0 | f64 20 | gen 0.1s | dropped inexpr 1 oversz 0 unbuild 0 {}
  83     0     100               0    0.0115298899     0.008908111     0.310497268     0.110719399    0.0873732809    0.0823119088
  83     1      50               0    0.0115298895   0.00890811074     0.310497264     0.110719447    0.0873732778    0.0823119064
          wgpu 1d 61g 170c x3w 3ms | egraph 8g->24v+0snap 2ms | graft 2 (-14n, 0 snap) cpu 0 | f64 20 | gen 0.1s
  84     0     100               0    0.0115298899     0.008908111     0.310497268     0.110719399    0.0873732809    0.0823119088
  84     1      50               0    0.0115298895   0.00890811074     0.310497264     0.110719447    0.0873732778    0.0823119064
          wgpu 1d 72g 180c x3w 3ms | egraph 10g->34v+0snap 3ms | graft 5 (-27n, 0 snap) cpu 0 | f64 20 | gen 0.2s
  85     0     100               0    0.0115298899     0.008908111     0.310497268     0.110719399    0.0873732809    0.0823119088
  85     1      50               0    0.0115298895   0.00890811074     0.310497264     0.110719447    0.0873732778    0.0823119064
          wgpu 1d 107g 185c x3w 3ms | egraph 27g->39v+0snap 5ms | graft 3 (-18n, 0 snap) cpu 0 | f64 20 | gen 0.2s
  86     0     100               0    0.0115298899     0.008908111     0.310497268     0.110719399    0.0873732809    0.0823119088
  86     1      50               0    0.0115298895   0.00890811074     0.310497264     0.110719447    0.0873732778    0.0823119064
          wgpu 1d 83g 185c x3w 3ms | egraph 13g->39v+0snap 6ms | graft 3 (-12n, 0 snap) cpu 0 | f64 20 | gen 0.2s
  87     0     100               0    0.0115298899     0.008908111     0.310497268     0.110719399    0.0873732809    0.0823119088
  87     1      50               0    0.0115298895   0.00890811074     0.310497264     0.110719447    0.0873732778    0.0823119064
          wgpu 1d 95g 195c x3w 3ms | egraph 17g->49v+0snap 4ms | graft 4 (-14n, 0 snap) cpu 0 | f64 20 | gen 0.1s
  88     0     100               0    0.0115298899     0.008908111     0.310497268     0.110719399    0.0873732809    0.0823119088
  88     1      50               0    0.0115298895   0.00890811074     0.310497264     0.110719447    0.0873732778    0.0823119064
          wgpu 1d 61g 163c x3w 9ms | egraph 5g->17v+0snap 3ms | graft 2 (-11n, 0 snap) cpu 0 | f64 20 | gen 0.1s
  89     0     100               0    0.0115298899     0.008908111     0.310497268     0.110719399    0.0873732809    0.0823119088
  89     1      50               0    0.0115298895   0.00890811074     0.310497264     0.110719447    0.0873732778    0.0823119064
          wgpu 1d 63g 180c x3w 3ms | egraph 13g->34v+0snap 3ms | graft 4 (-28n, 0 snap) cpu 0 | f64 20 | gen 0.1s
  90     0     100               0    0.0115298899     0.008908111     0.310497268     0.110719399    0.0873732809    0.0823119088
  90     1      50               0    0.0115298895   0.00890811074     0.310497264     0.110719447    0.0873732778    0.0823119064
          wgpu 1d 73g 181c x3w 3ms | egraph 13g->35v+0snap 5ms | graft 5 (-34n, 0 snap) cpu 0 | f64 20 | gen 0.2s | dropped inexpr 1 oversz 0 unbuild 0 {}
--------- pump migration: intra (promote-2 + intake-reset) + cross ---------
  91     0     100               0    0.0115298899     0.008908111     0.310497268     0.110719399    0.0873732809    0.0823119088
  91     1      50               0    0.0115298895   0.00890811074     0.310497264     0.110719447    0.0873732778    0.0823119064
          wgpu 2d 283g 343c x3w 8ms | egraph 88g->117v+0snap 23ms | graft 29 (-137n, 0 snap) cpu 0 | f64 30 | gen 0.2s
  92     0     100               0    0.0115298899     0.008908111     0.310497268     0.110719399    0.0873732809    0.0823119088
  92     1      50               0    0.0115298895   0.00890811074     0.310497264     0.110719447    0.0873732778    0.0823119064
          wgpu 1d 67g 177c x3w 3ms | egraph 8g->31v+0snap 6ms | graft 2 (-10n, 0 snap) cpu 0 | f64 20 | gen 0.2s | dropped inexpr 1 oversz 0 unbuild 0 {}
  93     0     100               0    0.0115298899     0.008908111     0.310497268     0.110719399    0.0873732809    0.0823119088
  93     1      50               0    0.0115298895   0.00890811074     0.310497264     0.110719447    0.0873732778    0.0823119064
          wgpu 1d 85g 179c x3w 3ms | egraph 19g->33v+0snap 4ms | graft 5 (-27n, 0 snap) cpu 0 | f64 20 | gen 0.1s | dropped inexpr 1 oversz 0 unbuild 0 {}
  94     0     100               0    0.0115298899     0.008908111     0.310497268     0.110719399    0.0873732809    0.0823119088
  94     1      50               0    0.0115298895   0.00890811074     0.310497264     0.110719447    0.0873732778    0.0823119064
          wgpu 1d 86g 177c x3w 3ms | egraph 13g->31v+0snap 3ms | graft 2 (-12n, 0 snap) cpu 0 | f64 20 | gen 0.1s
  95     0     100               0    0.0115298899     0.008908111     0.310497268     0.110719399    0.0873732809    0.0823119088
  95     1      50               0    0.0115298895   0.00890811074     0.310497264     0.110719447    0.0873732778    0.0823119064
          wgpu 1d 95g 186c x3w 3ms | egraph 12g->40v+0snap 7ms | graft 3 (-16n, 0 snap) cpu 0 | f64 20 | gen 0.2s
  96     0     100               0    0.0115298899     0.008908111     0.310497268     0.110719399    0.0873732809    0.0823119088
  96     1      50               0    0.0115298895   0.00890811074     0.310497264     0.110719447    0.0873732778    0.0823119064
          wgpu 1d 83g 182c x3w 3ms | egraph 10g->36v+0snap 4ms | graft 5 (-21n, 0 snap) cpu 0 | f64 20 | gen 0.2s
  97     0     100               0    0.0115298899     0.008908111     0.310497268     0.110719399    0.0873732809    0.0823119088
  97     1      50               0    0.0115298895   0.00890811074     0.310497264     0.110719447    0.0873732778    0.0823119064
          wgpu 1d 75g 179c x3w 3ms | egraph 16g->33v+0snap 4ms | graft 4 (-15n, 0 snap) cpu 0 | f64 20 | gen 0.2s
  98     0     100               0    0.0115298899     0.008908111     0.310497268     0.110719399    0.0873732809    0.0823119088
  98     1      50               0    0.0115298895   0.00890811074     0.310497264     0.110719447    0.0873732778    0.0823119064
          wgpu 1d 78g 177c x3w 3ms | egraph 12g->31v+0snap 3ms | graft 7 (-44n, 0 snap) cpu 0 | f64 20 | gen 0.2s
  99     0     100               0    0.0115298899     0.008908111     0.310497268     0.110719399    0.0873732809    0.0823119088
  99     1      50               0    0.0115298895   0.00890811074     0.310497264     0.110719447    0.0873732778    0.0823119064
          wgpu 1d 85g 182c x3w 3ms | egraph 11g->36v+0snap 3ms | graft 5 (-27n, 0 snap) cpu 0 | f64 20 | gen 0.2s
 100     0     100               0    0.0115298899     0.008908111     0.310497268     0.110719399    0.0873732809    0.0823119088
 100     1      50               0    0.0115298895   0.00890811074     0.310497264     0.110719447    0.0873732778    0.0823119064
          wgpu 1d 83g 176c x3w 3ms | egraph 14g->30v+0snap 4ms | graft 6 (-31n, 0 snap) cpu 0 | f64 20 | gen 0.1s
--------- pump migration: intra (promote-2 + intake-reset) ---------
 101     0     100               0    0.0115298899     0.008908111     0.310497268     0.110719399    0.0873732809    0.0823119088
 101     1      50               0    0.0115298899     0.008908111     0.310497268     0.110719399    0.0873732809    0.0823119088
          wgpu 2d 286g 361c x3w 7ms | egraph 96g->135v+0snap 27ms | graft 17 (-90n, 0 snap) cpu 0 | f64 30 | gen 0.2s | dropped inexpr 2 oversz 0 unbuild 0 {}
 102     0     100               0    0.0115298899     0.008908111     0.310497268     0.110719399    0.0873732809    0.0823119088
 102     1      50               0    0.0115298895   0.00890811074     0.310497264     0.110719447    0.0873732778    0.0823119064
          wgpu 1d 72g 171c x3w 3ms | egraph 11g->25v+0snap 3ms | graft 4 (-14n, 0 snap) cpu 0 | f64 20 | gen 0.1s
 103     0     100               0    0.0115298899     0.008908111     0.310497268     0.110719399    0.0873732809    0.0823119088
 103     1      50               0    0.0115298895   0.00890811074     0.310497264     0.110719447    0.0873732778    0.0823119064
          wgpu 1d 80g 183c x3w 3ms | egraph 12g->37v+0snap 10ms | graft 5 (-28n, 0 snap) cpu 0 | f64 20 | gen 0.2s
 104     0     100               0    0.0115298899     0.008908111     0.310497268     0.110719399    0.0873732809    0.0823119088
 104     1      50               0    0.0115298895   0.00890811074     0.310497264     0.110719447    0.0873732778    0.0823119064
          wgpu 1d 109g 209c x3w 3ms | egraph 23g->63v+0snap 6ms | graft 7 (-37n, 0 snap) cpu 0 | f64 20 | gen 0.2s
 105     0     100               0    0.0115298899     0.008908111     0.310497268     0.110719399    0.0873732809    0.0823119088
 105     1      50               0    0.0115298895   0.00890811074     0.310497264     0.110719447    0.0873732778    0.0823119064
          wgpu 1d 90g 198c x3w 3ms | egraph 18g->52v+0snap 4ms | graft 5 (-16n, 0 snap) cpu 0 | f64 20 | gen 0.1s
 106     0     100               0    0.0115298899     0.008908111     0.310497268     0.110719399    0.0873732809    0.0823119088
 106     1      50               0    0.0115298895   0.00890811074     0.310497264     0.110719447    0.0873732778    0.0823119064
          wgpu 1d 82g 192c x3w 4ms | egraph 13g->46v+0snap 4ms | graft 4 (-39n, 0 snap) cpu 0 | f64 20 | gen 0.2s
 107     0     100               0    0.0115298899     0.008908111     0.310497268     0.110719399    0.0873732809    0.0823119088
 107     1      50               0    0.0115298895   0.00890811074     0.310497264     0.110719447    0.0873732778    0.0823119064
          wgpu 1d 111g 201c x3w 3ms | egraph 21g->55v+0snap 5ms | graft 9 (-46n, 0 snap) cpu 0 | f64 20 | gen 0.2s
 108     0     100               0    0.0115298899     0.008908111     0.310497268     0.110719399    0.0873732809    0.0823119088
 108     1      50               0    0.0115298895   0.00890811074     0.310497264     0.110719447    0.0873732778    0.0823119064
          wgpu 1d 83g 192c x3w 3ms | egraph 11g->46v+0snap 3ms | graft 4 (-13n, 0 snap) cpu 0 | f64 20 | gen 0.1s
 109     0     100               0    0.0115298899     0.008908111     0.310497268     0.110719399    0.0873732809    0.0823119088
 109     1      50               0    0.0115298895   0.00890811074     0.310497264     0.110719447    0.0873732778    0.0823119064
          wgpu 1d 90g 183c x3w 3ms | egraph 11g->37v+0snap 3ms | graft 4 (-25n, 0 snap) cpu 0 | f64 20 | gen 0.2s
 110     0     100               0    0.0115295354   0.00877637801     0.308847241    0.0771127591    0.0873705944    0.0810946817
 110     1      50               0    0.0115298895   0.00890811074     0.310497264     0.110719447    0.0873732778    0.0823119064
          wgpu 1d 94g 216c x3w 9ms | egraph 14g->70v+0snap 3ms | graft 6 (-31n, 0 snap) cpu 0 | f64 20 | gen 0.2s
--------- pump migration: intra (promote-2 + intake-reset) ---------
 111     0     100               0    0.0115295354   0.00877637801     0.308847241    0.0771127591    0.0873705944    0.0810946817
 111     1      50               0    0.0115295354   0.00877637801     0.308847241    0.0771127591    0.0873705944    0.0810946817
          wgpu 2d 357g 423c x3w 8ms | egraph 100g->197v+0snap 24ms | graft 23 (-173n, 0 snap) cpu 0 | f64 30 | gen 0.2s | dropped inexpr 1 oversz 0 unbuild 0 {}
 112     0     100               0    0.0115295354   0.00877637801     0.308847241    0.0771127591    0.0873705944    0.0810946817
 112     1      50               0    0.0115298895   0.00890811074     0.310497264     0.110719447    0.0873732778    0.0823119064
          wgpu 1d 134g 266c x3w 4ms | egraph 27g->120v+0snap 6ms | graft 7 (-28n, 0 snap) cpu 0 | f64 20 | gen 0.2s
 113     0     100               0    0.0115295354   0.00877637801     0.308847241    0.0771127591    0.0873705944    0.0810946817
 113     1      50               0    0.0115298895   0.00890811074     0.310497264     0.110719447    0.0873732778    0.0823119064
          wgpu 1d 110g 256c x3w 3ms | egraph 21g->110v+0snap 9ms | graft 4 (-12n, 0 snap) cpu 0 | f64 20 | gen 0.2s
 114     0     100               0    0.0115295354   0.00877637801     0.308847241    0.0771127591    0.0873705944    0.0810946817
 114     1      50               0    0.0115298895   0.00890811074     0.310497264     0.110719447    0.0873732778    0.0823119064
          wgpu 1d 120g 267c x3w 5ms | egraph 25g->121v+0snap 6ms | graft 3 (-14n, 0 snap) cpu 0 | f64 20 | gen 0.3s
 115     0     100               0    0.0115295354   0.00877637801     0.308847241    0.0771127591    0.0873705944    0.0810946817
 115     1      50               0    0.0115298895   0.00890811074     0.310497264     0.110719447    0.0873732778    0.0823119064
          wgpu 1d 120g 252c x3w 4ms | egraph 23g->106v+0snap 6ms | graft 8 (-37n, 0 snap) cpu 0 | f64 20 | gen 0.2s
 116     0     100               0    0.0115295354   0.00877637801     0.308847241    0.0771127591    0.0873705944    0.0810946817
 116     1      50               0    0.0115298895   0.00890811074     0.310497264     0.110719447    0.0873732778    0.0823119064
          wgpu 1d 124g 265c x3w 4ms | egraph 17g->119v+0snap 4ms | graft 6 (-21n, 0 snap) cpu 0 | f64 20 | gen 0.1s
 117     0     100               0    0.0115295349   0.00877637772     0.308847237    0.0771127443    0.0873705913    0.0810946791
 117     1      50               0    0.0115298895   0.00890811074     0.310497264     0.110719447    0.0873732778    0.0823119064
          wgpu 1d 120g 253c x3w 5ms | egraph 18g->107v+0snap 5ms | graft 3 (-21n, 0 snap) cpu 0 | f64 20 | gen 0.2s
 118     0     100               0    0.0115295349   0.00877637772     0.308847237    0.0771127443    0.0873705913    0.0810946791
 118     1      50               0    0.0115298895   0.00890811074     0.310497264     0.110719447    0.0873732778    0.0823119064
          wgpu 1d 124g 262c x3w 4ms | egraph 21g->116v+0snap 7ms | graft 4 (-29n, 0 snap) cpu 0 | f64 20 | gen 0.2s
 119     0     100               0    0.0115295349   0.00877637772     0.308847237    0.0771127443    0.0873705913    0.0810946791
 119     1      50               0    0.0115298895   0.00890811074     0.310497264     0.110719447    0.0873732778    0.0823119064
          wgpu 1d 118g 249c x3w 3ms | egraph 14g->103v+0snap 4ms | graft 4 (-12n, 0 snap) cpu 0 | f64 20 | gen 0.1s
 120     0     100               0    0.0115295349   0.00877637772     0.308847237    0.0771127443    0.0873705913    0.0810946791
 120     1      50               0    0.0115298895   0.00890811074     0.310497264     0.110719447    0.0873732778    0.0823119064
          wgpu 1d 122g 268c x3w 3ms | egraph 21g->122v+0snap 7ms | graft 5 (-20n, 0 snap) cpu 0 | f64 20 | gen 0.2s
--------- pump migration: intra (promote-2 + intake-reset) + cross ---------
 121     0     100               0    0.0115295349   0.00877637772     0.308847237    0.0771127443    0.0873705913    0.0810946791
 121     1      50               0    0.0115298895   0.00890811074     0.310497264     0.110719447    0.0873732778    0.0823119064
          wgpu 2d 291g 376c x3w 10ms | egraph 73g->150v+0snap 15ms | graft 14 (-51n, 0 snap) cpu 0 | f64 30 | gen 0.2s | dropped inexpr 1 oversz 0 unbuild 0 {}
 122     0     100               0    0.0115295349   0.00877637772     0.308847237    0.0771127443    0.0873705913    0.0810946791
 122     1      50               0    0.0115298895   0.00890811074     0.310497264     0.110719447    0.0873732778    0.0823119064
          wgpu 1d 112g 257c x3w 3ms | egraph 19g->111v+0snap 5ms | graft 3 (-9n, 0 snap) cpu 0 | f64 20 | gen 0.2s | dropped inexpr 1 oversz 0 unbuild 0 {}
 123     0     100               0    0.0115295349   0.00877637772     0.308847237    0.0771127443    0.0873705913    0.0810946791
 123     1      50               0    0.0115298895   0.00890811074     0.310497264     0.110719447    0.0873732778    0.0823119064
          wgpu 1d 103g 245c x3w 3ms | egraph 14g->99v+0snap 4ms | graft 5 (-19n, 0 snap) cpu 0 | f64 20 | gen 0.1s
 124     0     100               0    0.0115295349   0.00877637772     0.308847237    0.0771127443    0.0873705913    0.0810946791
 124     1      50               0    0.0115298895   0.00890811074     0.310497264     0.110719447    0.0873732778    0.0823119064
          wgpu 1d 85g 242c x3w 3ms | egraph 8g->96v+0snap 3ms | graft 2 (-6n, 0 snap) cpu 0 | f64 20 | gen 0.1s
 125     0     100               0    0.0115295349   0.00877637772     0.308847237    0.0771127443    0.0873705913    0.0810946791
 125     1      50               0    0.0115298895   0.00890811074     0.310497264     0.110719447    0.0873732778    0.0823119064
          wgpu 1d 96g 231c x3w 4ms | egraph 13g->85v+0snap 3ms | graft 2 (-7n, 0 snap) cpu 0 | f64 20 | gen 0.1s
 126     0     100               0    0.0115295349   0.00877637772     0.308847237    0.0771127443    0.0873705913    0.0810946791
 126     1      50               0    0.0115298895   0.00890811074     0.310497264     0.110719447    0.0873732778    0.0823119064
          wgpu 1d 105g 237c x3w 5ms | egraph 14g->91v+0snap 3ms | graft 1 (-2n, 0 snap) cpu 0 | f64 20 | gen 0.2s
 127     0     100               0    0.0115295349   0.00877637772     0.308847237    0.0771127443    0.0873705913    0.0810946791
 127     1      50               0    0.0115298895   0.00890811074     0.310497264     0.110719447    0.0873732778    0.0823119064
          wgpu 1d 113g 248c x3w 3ms | egraph 18g->102v+0snap 4ms | graft 6 (-20n, 0 snap) cpu 0 | f64 20 | gen 0.1s | dropped inexpr 1 oversz 0 unbuild 0 {}
 128     0     100               0    0.0115295349   0.00877637772     0.308847237    0.0771127443    0.0873705913    0.0810946791
 128     1      50               0    0.0115298895   0.00890811074     0.310497264     0.110719447    0.0873732778    0.0823119064
          wgpu 1d 102g 234c x3w 3ms | egraph 13g->88v+0snap 3ms | graft 1 (-3n, 0 snap) cpu 0 | f64 20 | gen 0.1s
 129     0     100               0    0.0115295349   0.00877637772     0.308847237    0.0771127443    0.0873705913    0.0810946791
 129     1      50               0    0.0115298895   0.00890811074     0.310497264     0.110719447    0.0873732778    0.0823119064
          wgpu 1d 107g 239c x3w 4ms | egraph 17g->93v+0snap 4ms | graft 5 (-14n, 0 snap) cpu 0 | f64 20 | gen 0.2s
 130     0     100               0    0.0115295349   0.00877637772     0.308847237    0.0771127443    0.0873705913    0.0810946791
 130     1      50               0    0.0115298895   0.00890811074     0.310497264     0.110719447    0.0873732778    0.0823119064
          wgpu 1d 124g 248c x3w 3ms | egraph 16g->102v+0snap 4ms | graft 4 (-10n, 0 snap) cpu 0 | f64 20 | gen 0.2s
--------- pump migration: intra (promote-2 + intake-reset) ---------
 131     0     100               0    0.0229674808    0.0157101877     0.396666074    0.0543207585     0.174047122     0.145163833
 131     1      50               0    0.0115295349   0.00877637772     0.308847237    0.0771127443    0.0873705913    0.0810946791
          wgpu 2d 310g 376c x3w 21ms | egraph 103g->150v+0snap 45ms | graft 20 (-73n, 0 snap) cpu 0 | f64 30 | gen 0.2s | dropped inexpr 1 oversz 0 unbuild 0 {}
 132     0     100               0    0.0229674808    0.0157101877     0.396666074    0.0543207585     0.174047122     0.145163833
 132     1      50               0    0.0115295349   0.00877637772     0.308847237    0.0771127443    0.0873705913    0.0810946791
          wgpu 1d 112g 212c x3w 3ms | egraph 32g->66v+0snap 7ms | graft 2 (-5n, 0 snap) cpu 0 | f64 20 | gen 0.2s
 133     0     100               0    0.0229674808    0.0157101877     0.396666074    0.0543207585     0.174047122     0.145163833
 133     1      50               0    0.0115295349   0.00877637772     0.308847237    0.0771127443    0.0873705913    0.0810946791
          wgpu 1d 143g 212c x3w 4ms | egraph 38g->66v+0snap 14ms | graft 7 (-26n, 0 snap) cpu 0 | f64 20 | gen 0.1s
 134     0     100               0    0.0104862967   0.00632062321     0.279011439     0.028826387    0.0794649523    0.0584032419
 134     1      50               0    0.0115295349   0.00877637772     0.308847237    0.0771127443    0.0873705913    0.0810946791
          wgpu 1d 153g 229c x3w 4ms | egraph 45g->83v+0snap 10ms | graft 13 (-51n, 0 snap) cpu 0 | f64 20 | gen 0.3s
 135     0     100               0    0.0104862969   0.00632062293     0.279011577    0.0288263931    0.0794649539    0.0584032393
 135     1      50               0    0.0115295349   0.00877637772     0.308847237    0.0771127443    0.0873705913    0.0810946791
          wgpu 1d 127g 211c x3w 3ms | egraph 31g->65v+0snap 8ms | graft 8 (-36n, 0 snap) cpu 0 | f64 20 | gen 0.1s
 136     0     100               0    0.0104862969   0.00632062293     0.279011577    0.0288263931    0.0794649539    0.0584032393
 136     1      50               0    0.0115295349   0.00877637772     0.308847237    0.0771127443    0.0873705913    0.0810946791
          wgpu 1d 123g 225c x3w 3ms | egraph 32g->79v+0snap 7ms | graft 8 (-30n, 0 snap) cpu 0 | f64 20 | gen 0.2s | dropped inexpr 1 oversz 0 unbuild 0 {}
 137     0     100               0    0.0104862969   0.00632062293     0.279011577    0.0288263931    0.0794649539    0.0584032393
 137     1      50               0    0.0115295349   0.00877637772     0.308847237    0.0771127443    0.0873705913    0.0810946791
          wgpu 1d 152g 237c x3w 4ms | egraph 35g->91v+0snap 7ms | graft 8 (-36n, 0 snap) cpu 0 | f64 20 | gen 0.2s
 138     0     100               0    0.0104862969   0.00632062293     0.279011577    0.0288263931    0.0794649539    0.0584032393
 138     1      50               0    0.0115295349   0.00877637772     0.308847237    0.0771127443    0.0873705913    0.0810946791
          wgpu 1d 159g 227c x3w 4ms | egraph 32g->81v+0snap 8ms | graft 10 (-43n, 0 snap) cpu 0 | f64 20 | gen 0.2s
 139     0     100               0    0.0104862969   0.00632062293     0.279011577    0.0288263931    0.0794649539    0.0584032393
 139     1      50               0    0.0115295349   0.00877637772     0.308847237    0.0771127443    0.0873705913    0.0810946791
          wgpu 1d 139g 229c x3w 4ms | egraph 33g->83v+0snap 7ms | graft 12 (-51n, 0 snap) cpu 0 | f64 20 | gen 0.2s
 140     0     100               0    0.0104862969   0.00632062293     0.279011577    0.0288263931    0.0794649539    0.0584032393
 140     1      50               0    0.0115295349   0.00877637772     0.308847237    0.0771127443    0.0873705913    0.0810946791
          wgpu 1d 168g 258c x3w 3ms | egraph 41g->112v+0snap 9ms | graft 13 (-55n, 0 snap) cpu 0 | f64 20 | gen 0.2s | dropped inexpr 1 oversz 0 unbuild 0 {}
--------- pump migration: intra (promote-2 + intake-reset) ---------
 141     0     100               0    0.0104862969   0.00632062293     0.279011577    0.0288263931    0.0794649539    0.0584032393
 141     1      50               0    0.0115295349   0.00877637772     0.308847237    0.0771127443    0.0873705913    0.0810946791
          wgpu 2d 345g 391c x3w 8ms | egraph 109g->165v+0snap 29ms | graft 23 (-135n, 0 snap) cpu 0 | f64 30 | gen 0.2s | dropped inexpr 5 oversz 0 unbuild 0 {}
 142     0     100               0    0.0104862969   0.00632062293     0.279011577    0.0288263931    0.0794649539    0.0584032393
 142     1      50               0    0.0104862969   0.00632062293     0.279011577    0.0288263931    0.0794649539    0.0584032393
          wgpu 1d 135g 209c x3w 3ms | egraph 40g->63v+0snap 8ms | graft 13 (-35n, 0 snap) cpu 0 | f64 20 | gen 0.2s | dropped inexpr 1 oversz 0 unbuild 0 {}
 143     0     100               0    0.0042999144   0.00331783966     0.209429524    0.0205028836    0.0325846676    0.0306571972
 143     1      50               0    0.0104862969   0.00632062293     0.279011577    0.0288263931    0.0794649539    0.0584032393
          wgpu 1d 163g 220c x3w 4ms | egraph 53g->74v+0snap 12ms | graft 13 (-95n, 0 snap) cpu 0 | f64 20 | gen 0.3s
 144     0     100               0    0.0042999144   0.00331783966     0.209429524    0.0205028836    0.0325846676    0.0306571972
 144     1      50               0    0.0104862969   0.00632062293     0.279011577    0.0288263931    0.0794649539    0.0584032393
          wgpu 1d 136g 200c x3w 4ms | egraph 46g->54v+0snap 47ms | graft 10 (-35n, 0 snap) cpu 0 | f64 20 | gen 0.2s
 145     0     100               0    0.0042999144   0.00331783966     0.209429524    0.0205028836    0.0325846676    0.0306571972
 145     1      50               0    0.0104862969   0.00632062293     0.279011577    0.0288263931    0.0794649539    0.0584032393
          wgpu 1d 144g 225c x3w 3ms | egraph 46g->79v+0snap 9ms | graft 8 (-46n, 0 snap) cpu 0 | f64 20 | gen 0.2s
 146     0     100               0    0.0042999144   0.00331783966     0.209429524    0.0205028836    0.0325846676    0.0306571972
 146     1      50               0    0.0104862969   0.00632062293     0.279011577    0.0288263931    0.0794649539    0.0584032393
          wgpu 1d 176g 261c x3w 4ms | egraph 51g->115v+0snap 13ms | graft 10 (-41n, 0 snap) cpu 0 | f64 20 | gen 0.2s | dropped inexpr 1 oversz 0 unbuild 0 {}
 147     0     100               0    0.0042999144   0.00331783966     0.209429524    0.0205028836    0.0325846676    0.0306571972
 147     1      50               0    0.0104862969   0.00632062293     0.279011577    0.0288263931    0.0794649539    0.0584032393
          wgpu 1d 184g 281c x3w 6ms | egraph 53g->135v+0snap 43ms | graft 14 (-131n, 0 snap) cpu 0 | f64 20 | gen 0.2s
 148     0     100               0   0.00367408116   0.00282756718     0.192911228    0.0191610426    0.0278421155    0.0261270265
 148     1      50               0    0.0104862969   0.00632062293     0.279011577    0.0288263931    0.0794649539    0.0584032393
          wgpu 1d 135g 204c x3w 3ms | egraph 37g->58v+0snap 7ms | graft 8 (-38n, 0 snap) cpu 0 | f64 20 | gen 0.2s
 149     0     100               0   0.00367408116   0.00282756718     0.192911228    0.0191610426    0.0278421155    0.0261270265
 149     1      50               0    0.0104862969   0.00632062293     0.279011577    0.0288263931    0.0794649539    0.0584032393
          wgpu 1d 142g 193c x3w 4ms | egraph 51g->47v+0snap 11ms | graft 6 (-27n, 0 snap) cpu 0 | f64 20 | gen 0.2s
 150     0     100               0   0.00367408116   0.00282756718     0.192911228    0.0191610426    0.0278421155    0.0261270265
 150     1      50               0    0.0104862969   0.00632062293     0.279011577    0.0288263931    0.0794649539    0.0584032393
          wgpu 1d 146g 192c x3w 4ms | egraph 42g->46v+0snap 8ms | graft 7 (-29n, 0 snap) cpu 0 | f64 20 | gen 0.2s
--------- pump migration: intra (promote-2 + intake-reset) + cross ---------
 151     0     100               0    0.0252539009    0.0200469453     0.536005269    0.0611053349     0.191373569     0.185235942
 151     1      50               0    0.0104862967   0.00632062321     0.279011439     0.028826387    0.0794649523    0.0584032419
          wgpu 2d 329g 324c x3w 13ms | egraph 111g->98v+0snap 25ms | graft 18 (-73n, 0 snap) cpu 0 | f64 30 | gen 0.2s
 152     0     100               0    0.0252539009    0.0200469453     0.536005269    0.0611053349     0.191373569     0.185235942
 152     1      50               0    0.0104862967   0.00632062321     0.279011439     0.028826387    0.0794649523    0.0584032419
          wgpu 1d 131g 180c x3w 3ms | egraph 44g->34v+0snap 8ms | graft 8 (-30n, 0 snap) cpu 0 | f64 20 | gen 0.1s
 153     0     100               0    0.0252539009    0.0200469453     0.536005269    0.0611053349     0.191373569     0.185235942
 153     1      50               0   0.00367408104   0.00282756685     0.192911196    0.0191610459    0.0278421145    0.0261270234
          wgpu 1d 121g 185c x3w 3ms | egraph 32g->39v+0snap 6ms | graft 7 (-24n, 0 snap) cpu 0 | f64 20 | gen 0.2s
 154     0     100               0    0.0252539009    0.0200469453     0.536005269    0.0611053349     0.191373569     0.185235942
 154     1      50               0   0.00367408104   0.00282756685     0.192911196    0.0191610459    0.0278421145    0.0261270234
          wgpu 1d 110g 178c x3w 3ms | egraph 22g->32v+0snap 5ms | graft 5 (-29n, 0 snap) cpu 0 | f64 20 | gen 0.2s
 155     0     100               0    0.0252539009    0.0200469453     0.536005269    0.0611053349     0.191373569     0.185235942
 155     1      50               0   0.00367408104   0.00282756685     0.192911196    0.0191610459    0.0278421145    0.0261270234
          wgpu 1d 110g 180c x3w 3ms | egraph 27g->34v+0snap 7ms | graft 7 (-19n, 0 snap) cpu 0 | f64 20 | gen 0.2s
 156     0     100               0   0.00364907966   0.00293109215     0.171680932    0.0209150022    0.0276526546    0.0270836084
 156     1      50               0   0.00367408104   0.00282756685     0.192911196    0.0191610459    0.0278421145    0.0261270234
          wgpu 1d 115g 172c x3w 3ms | egraph 32g->26v+0snap 6ms | graft 5 (-28n, 0 snap) cpu 0 | f64 20 | gen 0.2s
 157     0     100               0   0.00364907966   0.00293109215     0.171680932    0.0209150022    0.0276526546    0.0270836084
 157     1      50               0   0.00367408104   0.00282756685     0.192911196    0.0191610459    0.0278421145    0.0261270234
          wgpu 1d 106g 173c x3w 3ms | egraph 23g->27v+0snap 6ms | graft 7 (-25n, 0 snap) cpu 0 | f64 20 | gen 0.2s
 158     0     100               0   0.00364907966   0.00293109215     0.171680932    0.0209150022    0.0276526546    0.0270836084
 158     1      50               0   0.00367408104   0.00282756685     0.192911196    0.0191610459    0.0278421145    0.0261270234
          wgpu 1d 134g 189c x3w 3ms | egraph 36g->43v+0snap 8ms | graft 12 (-59n, 0 snap) cpu 0 | f64 20 | gen 0.2s
 159     0     100               0   0.00364907966   0.00293109215     0.171680932    0.0209150022    0.0276526546    0.0270836084
 159     1      50               0   0.00367408104   0.00282756685     0.192911196    0.0191610459    0.0278421145    0.0261270234
          wgpu 1d 123g 176c x3w 4ms | egraph 35g->30v+0snap 7ms | graft 7 (-33n, 0 snap) cpu 0 | f64 20 | gen 0.2s
 160     0     100               0   0.00364907966   0.00293109215     0.171680932    0.0209150022    0.0276526546    0.0270836084
 160     1      50               0   0.00367408104   0.00282756685     0.192911196    0.0191610459    0.0278421145    0.0261270234
          wgpu 1d 148g 193c x3w 3ms | egraph 41g->47v+0snap 12ms | graft 10 (-34n, 0 snap) cpu 0 | f64 20 | gen 0.2s | dropped inexpr 1 oversz 0 unbuild 0 {}
--------- pump migration: intra (promote-2 + intake-reset) ---------
 161     0     100               0   0.00364907966   0.00293109215     0.171680932    0.0209150022    0.0276526546    0.0270836084
 161     1      50               0   0.00361735345    0.0027948186     0.189845771    0.0191942114     0.027412234     0.025824426
          wgpu 2d 279g 321c x3w 7ms | egraph 81g->95v+0snap 17ms | graft 17 (-58n, 0 snap) cpu 0 | f64 30 | gen 0.2s | dropped inexpr 3 oversz 0 unbuild 0 {}
 162     0     100               0   0.00364907966   0.00293109215     0.171680932    0.0209150022    0.0276526546    0.0270836084
 162     1      50               0   0.00361735345    0.0027948186     0.189845771    0.0191942114     0.027412234     0.025824426
          wgpu 1d 140g 198c x3w 4ms | egraph 32g->52v+0snap 9ms | graft 12 (-51n, 0 snap) cpu 0 | f64 20 | gen 0.2s
 163     0     100               0   0.00364907966   0.00293109215     0.171680932    0.0209150022    0.0276526546    0.0270836084
 163     1      50               0   0.00361735345    0.0027948186     0.189845771    0.0191942114     0.027412234     0.025824426
          wgpu 1d 109g 186c x3w 3ms | egraph 24g->40v+0snap 5ms | graft 13 (-40n, 0 snap) cpu 0 | f64 20 | gen 0.2s
 164     0     100               0   0.00364907966   0.00293109215     0.171680932    0.0209150022    0.0276526546    0.0270836084
 164     1      50               0   0.00361735345    0.0027948186     0.189845771    0.0191942114     0.027412234     0.025824426
          wgpu 1d 132g 186c x3w 3ms | egraph 26g->40v+0snap 8ms | graft 5 (-35n, 0 snap) cpu 0 | f64 20 | gen 0.2s
 165     0     100               0   0.00364907966   0.00293109215     0.171680932    0.0209150022    0.0276526546    0.0270836084
 165     1      50               0   0.00361735345    0.0027948186     0.189845771    0.0191942114     0.027412234     0.025824426
          wgpu 1d 139g 195c x3w 3ms | egraph 28g->49v+0snap 7ms | graft 5 (-24n, 0 snap) cpu 0 | f64 20 | gen 0.2s
 166     0     100               0   0.00364907966   0.00293109215     0.171680932    0.0209150022    0.0276526546    0.0270836084
 166     1      50               0   0.00361735345    0.0027948186     0.189845771    0.0191942114     0.027412234     0.025824426
          wgpu 1d 122g 185c x3w 3ms | egraph 23g->39v+0snap 7ms | graft 10 (-26n, 0 snap) cpu 0 | f64 20 | gen 0.2s
 167     0     100               0   0.00364907937   0.00293109179     0.171680914     0.020915006    0.0276526524     0.027083605
 167     1      50               0   0.00361735345    0.0027948186     0.189845771    0.0191942114     0.027412234     0.025824426
          wgpu 1d 121g 181c x3w 9ms | egraph 24g->35v+0snap 8ms | graft 6 (-26n, 0 snap) cpu 0 | f64 20 | gen 0.2s
 168     0     100               0   0.00364907937   0.00293109179     0.171680914     0.020915006    0.0276526524     0.027083605
 168     1      50               0   0.00361735345    0.0027948186     0.189845771    0.0191942114     0.027412234     0.025824426
          wgpu 1d 130g 198c x3w 4ms | egraph 26g->52v+0snap 11ms | graft 9 (-37n, 0 snap) cpu 0 | f64 20 | gen 0.2s
 169     0     100               0   0.00364907937   0.00293109179     0.171680914     0.020915006    0.0276526524     0.027083605
 169     1      50               0   0.00361735345    0.0027948186     0.189845771    0.0191942114     0.027412234     0.025824426
          wgpu 1d 135g 194c x3w 4ms | egraph 38g->48v+0snap 13ms | graft 11 (-59n, 0 snap) cpu 0 | f64 20 | gen 0.2s
 170     0     100               0   0.00364907966   0.00293109215     0.171680932    0.0209150022    0.0276526546    0.0270836084
 170     1      50               0   0.00361735345    0.0027948186     0.189845771    0.0191942114     0.027412234     0.025824426
          wgpu 1d 131g 188c x3w 4ms | egraph 34g->42v+0snap 16ms | graft 6 (-46n, 0 snap) cpu 0 | f64 20 | gen 0.2s | dropped inexpr 2 oversz 0 unbuild 0 {}
--------- pump migration: intra (promote-2 + intake-reset) ---------
 171     0     100               0   0.00364907966   0.00293109215     0.171680932    0.0209150022    0.0276526546    0.0270836084
 171     1      50               0   0.00364907937   0.00293109179     0.171680914     0.020915006    0.0276526524     0.027083605
          wgpu 2d 356g 351c x3w 7ms | egraph 125g->125v+0snap 60ms | graft 16 (-90n, 0 snap) cpu 0 | f64 30 | gen 0.2s | dropped inexpr 6 oversz 0 unbuild 0 {}
 172     0     100               0   0.00364907966   0.00293109215     0.171680932    0.0209150022    0.0276526546    0.0270836084
 172     1      50               0   0.00361735345    0.0027948186     0.189845771    0.0191942114     0.027412234     0.025824426
          wgpu 1d 113g 173c x3w 3ms | egraph 21g->27v+0snap 4ms | graft 7 (-20n, 0 snap) cpu 0 | f64 20 | gen 0.2s
 173     0     100               0   0.00364907966   0.00293109215     0.171680932    0.0209150022    0.0276526546    0.0270836084
 173     1      50               0   0.00361735345    0.0027948186     0.189845771    0.0191942114     0.027412234     0.025824426
          wgpu 1d 126g 193c x3w 3ms | egraph 30g->47v+0snap 8ms | graft 11 (-38n, 0 snap) cpu 0 | f64 20 | gen 0.2s
 174     0     100               0   0.00364907966   0.00293109215     0.171680932    0.0209150022    0.0276526546    0.0270836084
 174     1      50               0   0.00361735345    0.0027948186     0.189845771    0.0191942114     0.027412234     0.025824426
          wgpu 1d 126g 197c x3w 4ms | egraph 27g->51v+0snap 7ms | graft 13 (-80n, 0 snap) cpu 0 | f64 20 | gen 0.2s
 175     0     100               0   0.00364907966   0.00293109215     0.171680932    0.0209150022    0.0276526546    0.0270836084
 175     1      50               0   0.00361735345    0.0027948186     0.189845771    0.0191942114     0.027412234     0.025824426
          wgpu 1d 119g 179c x3w 3ms | egraph 27g->33v+0snap 5ms | graft 6 (-37n, 0 snap) cpu 0 | f64 20 | gen 0.2s
 176     0     100               0   0.00364907966   0.00293109215     0.171680932    0.0209150022    0.0276526546    0.0270836084
 176     1      50               0   0.00361735345    0.0027948186     0.189845771    0.0191942114     0.027412234     0.025824426
          wgpu 1d 142g 191c x3w 4ms | egraph 29g->45v+0snap 7ms | graft 5 (-16n, 0 snap) cpu 0 | f64 20 | gen 0.2s
 177     0     100               0   0.00364907966   0.00293109215     0.171680932    0.0209150022    0.0276526546    0.0270836084
 177     1      50               0   0.00361735345    0.0027948186     0.189845771    0.0191942114     0.027412234     0.025824426
          wgpu 1d 120g 179c x3w 3ms | egraph 28g->33v+0snap 11ms | graft 7 (-20n, 0 snap) cpu 0 | f64 20 | gen 0.2s
 178     0     100               0   0.00364907966   0.00293109215     0.171680932    0.0209150022    0.0276526546    0.0270836084
 178     1      50               0   0.00361735345    0.0027948186     0.189845771    0.0191942114     0.027412234     0.025824426
          wgpu 1d 129g 191c x3w 4ms | egraph 27g->45v+0snap 13ms | graft 9 (-29n, 0 snap) cpu 0 | f64 20 | gen 0.2s | dropped inexpr 1 oversz 0 unbuild 0 {}
 179     0     100               0   0.00364907966   0.00293109215     0.171680932    0.0209150022    0.0276526546    0.0270836084
 179     1      50               0   0.00361735345    0.0027948186     0.189845771    0.0191942114     0.027412234     0.025824426
          wgpu 1d 128g 186c x3w 3ms | egraph 28g->40v+0snap 6ms | graft 10 (-36n, 0 snap) cpu 0 | f64 20 | gen 0.2s
 180     0     100               0   0.00364907966   0.00293109215     0.171680932    0.0209150022    0.0276526546    0.0270836084
 180     1      50               0   0.00361735345    0.0027948186     0.189845771    0.0191942114     0.027412234     0.025824426
          wgpu 1d 114g 177c x3w 3ms | egraph 18g->31v+0snap 5ms | graft 4 (-15n, 0 snap) cpu 0 | f64 20 | gen 0.2s | dropped inexpr 1 oversz 0 unbuild 0 {}
--------- pump migration: intra (promote-2 + intake-reset) + cross ---------
 181     0     100               0   0.00364907966   0.00293109215     0.171680932    0.0209150022    0.0276526546    0.0270836084
 181     1      50               0   0.00361735345    0.0027948186     0.189845771    0.0191942114     0.027412234     0.025824426
          wgpu 2d 343g 361c x3w 10ms | egraph 112g->135v+0snap 29ms | graft 30 (-212n, 0 snap) cpu 0 | f64 30 | gen 0.2s | dropped inexpr 3 oversz 0 unbuild 0 {}
 182     0     100               0   0.00364907966   0.00293109215     0.171680932    0.0209150022    0.0276526546    0.0270836084
 182     1      50               0   0.00364907966   0.00293109215     0.171680932    0.0209150022    0.0276526546    0.0270836084
          wgpu 1d 130g 190c x3w 4ms | egraph 27g->44v+0snap 7ms | graft 10 (-54n, 0 snap) cpu 0 | f64 20 | gen 0.2s
 183     0     100               0   0.00364907966   0.00293109215     0.171680932    0.0209150022    0.0276526546    0.0270836084
 183     1      50               0   0.00364907966   0.00293109215     0.171680932    0.0209150022    0.0276526546    0.0270836084
          wgpu 1d 129g 185c x3w 3ms | egraph 23g->39v+0snap 5ms | graft 9 (-31n, 0 snap) cpu 0 | f64 20 | gen 0.2s
 184     0     100               0   0.00364907966   0.00293109215     0.171680932    0.0209150022    0.0276526546    0.0270836084
 184     1      50               0   0.00361735345    0.0027948186     0.189845771    0.0191942114     0.027412234     0.025824426
          wgpu 1d 154g 199c x3w 4ms | egraph 29g->53v+0snap 6ms | graft 10 (-41n, 0 snap) cpu 0 | f64 20 | gen 0.2s | dropped inexpr 1 oversz 0 unbuild 0 {}
 185     0     100               0   0.00364907966   0.00293109215     0.171680932    0.0209150022    0.0276526546    0.0270836084
 185     1      50               0   0.00364907966   0.00293109215     0.171680932    0.0209150022    0.0276526546    0.0270836084
          wgpu 1d 105g 173c x3w 3ms | egraph 20g->27v+0snap 4ms | graft 6 (-23n, 0 snap) cpu 0 | f64 20 | gen 0.2s
 186     0     100               0   0.00364907966   0.00293109215     0.171680932    0.0209150022    0.0276526546    0.0270836084
 186     1      50               0   0.00364907966   0.00293109215     0.171680932    0.0209150022    0.0276526546    0.0270836084
          wgpu 1d 116g 178c x3w 3ms | egraph 17g->32v+0snap 5ms | graft 3 (-17n, 0 snap) cpu 0 | f64 20 | gen 0.2s
 187     0     100               0   0.00364907966   0.00293109215     0.171680932    0.0209150022    0.0276526546    0.0270836084
 187     1      50               0   0.00364907966   0.00293109215     0.171680932    0.0209150022    0.0276526546    0.0270836084
          wgpu 1d 108g 183c x3w 3ms | egraph 17g->37v+0snap 5ms | graft 14 (-50n, 0 snap) cpu 0 | f64 20 | gen 0.2s
 188     0     100               0   0.00364907966   0.00293109215     0.171680932    0.0209150022    0.0276526546    0.0270836084
 188     1      50               0   0.00364907966   0.00293109215     0.171680932    0.0209150022    0.0276526546    0.0270836084
          wgpu 1d 120g 196c x3w 3ms | egraph 29g->50v+0snap 6ms | graft 11 (-50n, 0 snap) cpu 0 | f64 20 | gen 0.2s
 189     0     100               0   0.00364907966   0.00293109215     0.171680932    0.0209150022    0.0276526546    0.0270836084
 189     1      50               0   0.00364907966   0.00293109215     0.171680932    0.0209150022    0.0276526546    0.0270836084
          wgpu 1d 128g 193c x3w 3ms | egraph 26g->47v+0snap 6ms | graft 7 (-22n, 0 snap) cpu 0 | f64 20 | gen 0.2s
 190     0     100               0   0.00364907966   0.00293109215     0.171680932    0.0209150022    0.0276526546    0.0270836084
 190     1      50               0   0.00364907966   0.00293109215     0.171680932    0.0209150022    0.0276526546    0.0270836084
          wgpu 1d 130g 208c x3w 4ms | egraph 31g->62v+0snap 8ms | graft 13 (-60n, 0 snap) cpu 0 | f64 20 | gen 0.2s
--------- pump migration: intra (promote-2 + intake-reset) ---------
 191     0     100               0   0.00364907966   0.00293109215     0.171680932    0.0209150022    0.0276526546    0.0270836084
 191     1      50               0   0.00364907966   0.00293109215     0.171680932    0.0209150022    0.0276526546    0.0270836084
          wgpu 2d 323g 376c x3w 7ms | egraph 94g->150v+0snap 26ms | graft 22 (-98n, 0 snap) cpu 0 | f64 30 | gen 0.2s | dropped inexpr 3 oversz 0 unbuild 0 {}
 192     0     100               0   0.00364907966   0.00293109215     0.171680932    0.0209150022    0.0276526546    0.0270836084
 192     1      50               0   0.00364907966   0.00293109215     0.171680932    0.0209150022    0.0276526546    0.0270836084
          wgpu 1d 154g 226c x3w 4ms | egraph 32g->80v+0snap 10ms | graft 15 (-49n, 0 snap) cpu 0 | f64 20 | gen 0.2s
 193     0     100               0   0.00364907966   0.00293109215     0.171680932    0.0209150022    0.0276526546    0.0270836084
 193     1      50               0   0.00364907937   0.00293109179     0.171680914     0.020915006    0.0276526524     0.027083605
          wgpu 1d 152g 223c x3w 4ms | egraph 32g->77v+0snap 14ms | graft 13 (-43n, 0 snap) cpu 0 | f64 20 | gen 0.2s
 194     0     100               0   0.00364907966   0.00293109215     0.171680932    0.0209150022    0.0276526546    0.0270836084
 194     1      50               0   0.00364907937   0.00293109179     0.171680914     0.020915006    0.0276526524     0.027083605
          wgpu 1d 166g 218c x3w 4ms | egraph 37g->72v+0snap 8ms | graft 16 (-58n, 0 snap) cpu 0 | f64 20 | gen 0.2s
 195     0     100               0   0.00364907966   0.00293109215     0.171680932    0.0209150022    0.0276526546    0.0270836084
 195     1      50               0   0.00364907937   0.00293109179     0.171680914     0.020915006    0.0276526524     0.027083605
          wgpu 1d 134g 200c x3w 7ms | egraph 22g->54v+0snap 6ms | graft 10 (-31n, 0 snap) cpu 0 | f64 20 | gen 0.2s
 196     0     100               0   0.00364907966   0.00293109215     0.171680932    0.0209150022    0.0276526546    0.0270836084
 196     1      50               0   0.00364907937   0.00293109179     0.171680914     0.020915006    0.0276526524     0.027083605
          wgpu 1d 137g 235c x3w 4ms | egraph 30g->89v+0snap 8ms | graft 8 (-30n, 0 snap) cpu 0 | f64 20 | gen 0.2s | dropped inexpr 1 oversz 0 unbuild 0 {}
 197     0     100               0   0.00364907966   0.00293109215     0.171680932    0.0209150022    0.0276526546    0.0270836084
 197     1      50               0   0.00364907937   0.00293109179     0.171680914     0.020915006    0.0276526524     0.027083605
          wgpu 1d 140g 240c x3w 4ms | egraph 30g->94v+0snap 8ms | graft 14 (-47n, 0 snap) cpu 0 | f64 20 | gen 0.2s
 198     0     100               0   0.00364907966   0.00293109215     0.171680932    0.0209150022    0.0276526546    0.0270836084
 198     1      50               0   0.00364907937   0.00293109179     0.171680914     0.020915006    0.0276526524     0.027083605
          wgpu 1d 149g 267c x3w 4ms | egraph 37g->121v+0snap 7ms | graft 12 (-42n, 0 snap) cpu 0 | f64 20 | gen 0.2s
 199     0     100               0   0.00364907966   0.00293109215     0.171680932    0.0209150022    0.0276526546    0.0270836084
 199     1      50               0   0.00364907937   0.00293109179     0.171680914     0.020915006    0.0276526524     0.027083605
          wgpu 1d 152g 246c x3w 4ms | egraph 36g->100v+0snap 7ms | graft 11 (-32n, 0 snap) cpu 0 | f64 20 | gen 0.2s | dropped inexpr 1 oversz 0 unbuild 0 {}
 200     0     100               0   0.00364907966   0.00293109215     0.171680932    0.0209150022    0.0276526546    0.0270836084
 200     1      50               0   0.00364907937   0.00293109179     0.171680914     0.020915006    0.0276526524     0.027083605
          wgpu 1d 142g 220c x3w 3ms | egraph 22g->74v+0snap 5ms | graft 11 (-45n, 0 snap) cpu 0 | f64 20 | gen 0.2s
--------- pump migration: intra (promote-2 + intake-reset) ---------
 201     0     100               0   0.00357954815    0.0028029221     0.173701305     0.019983794    0.0271257462    0.0258993033
 201     1      50               0   0.00364907966   0.00293109215     0.171680932    0.0209150022    0.0276526546    0.0270836084
          wgpu 2d 332g 413c x3w 7ms | egraph 96g->187v+0snap 19ms | graft 28 (-93n, 0 snap) cpu 0 | f64 30 | gen 0.2s | dropped inexpr 4 oversz 0 unbuild 0 {}
 202     0     100               0   0.00357954815    0.0028029221     0.173701305     0.019983794    0.0271257462    0.0258993033
 202     1      50               0   0.00364907966   0.00293109215     0.171680932    0.0209150022    0.0276526546    0.0270836084
          wgpu 1d 209g 302c x3w 4ms | egraph 61g->156v+0snap 11ms | graft 24 (-78n, 0 snap) cpu 0 | f64 20 | gen 0.2s | dropped inexpr 2 oversz 0 unbuild 0 {}
 203     0     100               0   0.00357954815    0.0028029221     0.173701305     0.019983794    0.0271257462    0.0258993033
 203     1      50               0   0.00364907966   0.00293109215     0.171680932    0.0209150022    0.0276526546    0.0270836084
          wgpu 1d 197g 331c x3w 5ms | egraph 42g->185v+0snap 9ms | graft 20 (-55n, 0 snap) cpu 0 | f64 20 | gen 0.2s
 204     0     100               0   0.00357954815    0.0028029221     0.173701305     0.019983794    0.0271257462    0.0258993033
 204     1      50               0   0.00364907937   0.00293109179     0.171680914     0.020915006    0.0276526524     0.027083605
          wgpu 1d 194g 329c x3w 4ms | egraph 45g->183v+0snap 11ms | graft 18 (-64n, 0 snap) cpu 0 | f64 20 | gen 0.2s | dropped inexpr 1 oversz 0 unbuild 0 {}
 205     0     100               0   0.00357954815    0.0028029221     0.173701305     0.019983794    0.0271257462    0.0258993033
 205     1      50               0   0.00364907937   0.00293109179     0.171680914     0.020915006    0.0276526524     0.027083605
          wgpu 1d 188g 344c x3w 4ms | egraph 43g->198v+0snap 11ms | graft 17 (-54n, 0 snap) cpu 0 | f64 20 | gen 0.2s | dropped inexpr 1 oversz 0 unbuild 0 {}
 206     0     100               0   0.00357954815    0.0028029221     0.173701305     0.019983794    0.0271257462    0.0258993033
 206     1      50               0   0.00364907937   0.00293109179     0.171680914     0.020915006    0.0276526524     0.027083605
          wgpu 1d 202g 328c x3w 4ms | egraph 39g->182v+0snap 7ms | graft 23 (-68n, 0 snap) cpu 0 | f64 20 | gen 0.2s
 207     0     100               0   0.00357954815    0.0028029221     0.173701305     0.019983794    0.0271257462    0.0258993033
 207     1      50               0   0.00364907937   0.00293109179     0.171680914     0.020915006    0.0276526524     0.027083605
          wgpu 1d 184g 337c x3w 12ms | egraph 34g->191v+0snap 7ms | graft 29 (-87n, 0 snap) cpu 0 | f64 20 | gen 0.2s
 208     0     100               0   0.00357954815    0.0028029221     0.173701305     0.019983794    0.0271257462    0.0258993033
 208     1      50               0   0.00364907937   0.00293109179     0.171680914     0.020915006    0.0276526524     0.027083605
          wgpu 1d 169g 330c x3w 6ms | egraph 28g->184v+0snap 6ms | graft 23 (-70n, 0 snap) cpu 0 | f64 20 | gen 0.2s
 209     0     100               0   0.00357954815    0.0028029221     0.173701305     0.019983794    0.0271257462    0.0258993033
 209     1      50               0   0.00364907937   0.00293109179     0.171680914     0.020915006    0.0276526524     0.027083605
          wgpu 1d 174g 313c x3w 8ms | egraph 31g->167v+0snap 6ms | graft 21 (-67n, 0 snap) cpu 0 | f64 20 | gen 0.2s
 210     0     100               0   0.00357954815    0.0028029221     0.173701305     0.019983794    0.0271257462    0.0258993033
 210     1      50               0   0.00364907937   0.00293109179     0.171680914     0.020915006    0.0276526524     0.027083605
          wgpu 1d 174g 314c x3w 4ms | egraph 23g->168v+0snap 5ms | graft 18 (-55n, 0 snap) cpu 0 | f64 20 | gen 0.2s
--------- pump migration: intra (promote-2 + intake-reset) + cross ---------
 211     0     100               0   0.00357954815    0.0028029221     0.173701305     0.019983794    0.0271257462    0.0258993033
 211     1      50               0   0.00357954815    0.0028029221     0.173701305     0.019983794    0.0271257462    0.0258993033
          wgpu 2d 394g 514c x3w 8ms | egraph 100g->288v+0snap 20ms | graft 38 (-141n, 0 snap) cpu 0 | f64 30 | gen 0.2s | dropped inexpr 6 oversz 0 unbuild 0 {}
 212     0     100               0   0.00357954815    0.0028029221     0.173701305     0.019983794    0.0271257462    0.0258993033
 212     1      50               0   0.00357954815    0.0028029221     0.173701305     0.019983794    0.0271257462    0.0258993033
          wgpu 1d 191g 380c x3w 4ms | egraph 37g->234v+0snap 8ms | graft 18 (-52n, 0 snap) cpu 0 | f64 20 | gen 0.2s
 213     0     100               0   0.00357954815    0.0028029221     0.173701305     0.019983794    0.0271257462    0.0258993033
 213     1      50               0   0.00357954815    0.0028029221     0.173701305     0.019983794    0.0271257462    0.0258993033
          wgpu 1d 182g 356c x3w 4ms | egraph 26g->210v+0snap 6ms | graft 26 (-74n, 0 snap) cpu 0 | f64 20 | gen 0.2s | dropped inexpr 1 oversz 0 unbuild 0 {}
 214     0     100               0   0.00357954815    0.0028029221     0.173701305     0.019983794    0.0271257462    0.0258993033
 214     1      50               0   0.00357954815    0.0028029221     0.173701305     0.019983794    0.0271257462    0.0258993033
          wgpu 1d 215g 373c x3w 5ms | egraph 44g->227v+0snap 12ms | graft 21 (-64n, 0 snap) cpu 0 | f64 20 | gen 0.2s | dropped inexpr 1 oversz 0 unbuild 0 {}
 215     0     100               0   0.00357954815    0.0028029221     0.173701305     0.019983794    0.0271257462    0.0258993033
 215     1      50               0   0.00357954815    0.0028029221     0.173701305     0.019983794    0.0271257462    0.0258993033
          wgpu 1d 222g 395c x3w 5ms | egraph 44g->249v+0snap 15ms | graft 27 (-72n, 0 snap) cpu 0 | f64 20 | gen 0.2s
 216     0     100               0   0.00357954815    0.0028029221     0.173701305     0.019983794    0.0271257462    0.0258993033
 216     1      50               0   0.00357954815    0.0028029221     0.173701305     0.019983794    0.0271257462    0.0258993033
          wgpu 1d 224g 428c x3w 10ms | egraph 34g->282v+0snap 7ms | graft 25 (-66n, 0 snap) cpu 0 | f64 20 | gen 0.2s
 217     0     100               0   0.00357954815    0.0028029221     0.173701305     0.019983794    0.0271257462    0.0258993033
 217     1      50               0   0.00357954815    0.0028029221     0.173701305     0.019983794    0.0271257462    0.0258993033
          wgpu 1d 196g 383c x3w 4ms | egraph 32g->237v+0snap 7ms | graft 29 (-96n, 0 snap) cpu 0 | f64 20 | gen 0.2s
 218     0     100               0   0.00357954815    0.0028029221     0.173701305     0.019983794    0.0271257462    0.0258993033
 218     1      50               0   0.00357954815    0.0028029221     0.173701305     0.019983794    0.0271257462    0.0258993033
          wgpu 1d 210g 393c x3w 4ms | egraph 30g->247v+0snap 8ms | graft 27 (-86n, 0 snap) cpu 0 | f64 20 | gen 0.2s
 219     0     100               0   0.00357954815    0.0028029221     0.173701305     0.019983794    0.0271257462    0.0258993033
 219     1      50               0   0.00357954815    0.0028029221     0.173701305     0.019983794    0.0271257462    0.0258993033
          wgpu 1d 235g 412c x3w 5ms | egraph 40g->266v+0snap 9ms | graft 29 (-82n, 0 snap) cpu 0 | f64 20 | gen 0.2s
 220     0     100               0   0.00357954815    0.0028029221     0.173701305     0.019983794    0.0271257462    0.0258993033
 220     1      50               0   0.00357954815    0.0028029221     0.173701305     0.019983794    0.0271257462    0.0258993033
          wgpu 1d 241g 426c x3w 5ms | egraph 38g->280v+0snap 10ms | graft 36 (-109n, 0 snap) cpu 0 | f64 20 | gen 0.2s
--------- pump migration: intra (promote-2 + intake-reset) ---------
 221     0     100               0   0.00357954815    0.0028029221     0.173701305     0.019983794    0.0271257462    0.0258993033
 221     1      50               0   0.00357954815    0.0028029221     0.173701305     0.019983794    0.0271257462    0.0258993033
          wgpu 2d 440g 568c x3w 12ms | egraph 113g->342v+0snap 22ms | graft 47 (-159n, 0 snap) cpu 0 | f64 30 | gen 0.2s | dropped inexpr 3 oversz 0 unbuild 0 {}
 222     0     100               0   0.00357954815    0.0028029221     0.173701305     0.019983794    0.0271257462    0.0258993033
 222     1      50               0   0.00357954815    0.0028029221     0.173701305     0.019983794    0.0271257462    0.0258993033
          wgpu 1d 245g 418c x3w 5ms | egraph 42g->272v+0snap 8ms | graft 28 (-100n, 0 snap) cpu 0 | f64 20 | gen 0.2s
 223     0     100               0   0.00357954815    0.0028029221     0.173701305     0.019983794    0.0271257462    0.0258993033
 223     1      50               0   0.00357954815    0.0028029221     0.173701305     0.019983794    0.0271257462    0.0258993033
          wgpu 1d 213g 407c x3w 5ms | egraph 32g->261v+0snap 9ms | graft 30 (-79n, 0 snap) cpu 0 | f64 20 | gen 0.2s | dropped inexpr 1 oversz 0 unbuild 0 {}
 224     0     100               0   0.00357954815    0.0028029221     0.173701305     0.019983794    0.0271257462    0.0258993033
 224     1      50               0   0.00357954815    0.0028029221     0.173701305     0.019983794    0.0271257462    0.0258993033
          wgpu 1d 210g 390c x3w 5ms | egraph 32g->244v+0snap 8ms | graft 30 (-80n, 0 snap) cpu 0 | f64 20 | gen 0.2s
 225     0     100               0   0.00357954815    0.0028029221     0.173701305     0.019983794    0.0271257462    0.0258993033
 225     1      50               0   0.00357954815    0.0028029221     0.173701305     0.019983794    0.0271257462    0.0258993033
          wgpu 1d 193g 408c x3w 4ms | egraph 24g->262v+0snap 6ms | graft 26 (-73n, 0 snap) cpu 0 | f64 20 | gen 0.3s | dropped inexpr 1 oversz 0 unbuild 0 {}
 226     0     100               0   0.00357954815    0.0028029221     0.173701305     0.019983794    0.0271257462    0.0258993033
 226     1      50               0   0.00357954815    0.0028029221     0.173701305     0.019983794    0.0271257462    0.0258993033
          wgpu 1d 226g 388c x3w 4ms | egraph 31g->242v+0snap 7ms | graft 36 (-104n, 0 snap) cpu 0 | f64 20 | gen 0.2s
 227     0     100               0   0.00357954815    0.0028029221     0.173701305     0.019983794    0.0271257462    0.0258993033
 227     1      50               0   0.00357954815    0.0028029221     0.173701305     0.019983794    0.0271257462    0.0258993033
          wgpu 1d 201g 389c x3w 4ms | egraph 25g->243v+0snap 6ms | graft 25 (-81n, 0 snap) cpu 0 | f64 20 | gen 0.2s
 228     0     100               0   0.00357954815    0.0028029221     0.173701305     0.019983794    0.0271257462    0.0258993033
 228     1      50               0   0.00357954815    0.0028029221     0.173701305     0.019983794    0.0271257462    0.0258993033
          wgpu 1d 189g 380c x3w 4ms | egraph 30g->234v+0snap 7ms | graft 23 (-60n, 0 snap) cpu 0 | f64 20 | gen 0.2s
 229     0     100               0   0.00357954815    0.0028029221     0.173701305     0.019983794    0.0271257462    0.0258993033
 229     1      50               0   0.00357954815    0.0028029221     0.173701305     0.019983794    0.0271257462    0.0258993033
          wgpu 1d 190g 390c x3w 4ms | egraph 30g->244v+0snap 6ms | graft 30 (-78n, 0 snap) cpu 0 | f64 20 | gen 0.2s
 230     0     100               0   0.00357954815    0.0028029221     0.173701305     0.019983794    0.0271257462    0.0258993033
 230     1      50               0   0.00357954815    0.0028029221     0.173701305     0.019983794    0.0271257462    0.0258993033
          wgpu 1d 195g 401c x3w 4ms | egraph 25g->255v+0snap 6ms | graft 26 (-75n, 0 snap) cpu 0 | f64 20 | gen 0.2s
--------- pump migration: intra (promote-2 + intake-reset) ---------
 231     0     100               0   0.00357954815    0.0028029221     0.173701305     0.019983794    0.0271257462    0.0258993033
 231     1      50               0   0.00357954815    0.0028029221     0.173701305     0.019983794    0.0271257462    0.0258993033
          wgpu 2d 410g 562c x3w 8ms | egraph 103g->336v+0snap 41ms | graft 46 (-177n, 0 snap) cpu 0 | f64 30 | gen 0.2s | dropped inexpr 2 oversz 0 unbuild 0 {}
 232     0     100               0   0.00357954815    0.0028029221     0.173701305     0.019983794    0.0271257462    0.0258993033
 232     1      50               0   0.00357954815    0.0028029221     0.173701305     0.019983794    0.0271257462    0.0258993033
          wgpu 1d 210g 406c x3w 4ms | egraph 33g->260v+0snap 7ms | graft 29 (-88n, 0 snap) cpu 0 | f64 20 | gen 0.2s
 233     0     100               0   0.00357954815    0.0028029221     0.173701305     0.019983794    0.0271257462    0.0258993033
 233     1      50               0   0.00357954815    0.0028029221     0.173701305     0.019983794    0.0271257462    0.0258993033
          wgpu 1d 202g 405c x3w 5ms | egraph 27g->259v+0snap 7ms | graft 22 (-58n, 0 snap) cpu 0 | f64 20 | gen 0.2s
 234     0     100               0   0.00357954815    0.0028029221     0.173701305     0.019983794    0.0271257462    0.0258993033
 234     1      50               0   0.00357954815    0.0028029221     0.173701305     0.019983794    0.0271257462    0.0258993033
          wgpu 1d 208g 419c x3w 5ms | egraph 29g->273v+0snap 6ms | graft 34 (-109n, 0 snap) cpu 0 | f64 20 | gen 0.3s
 235     0     100               0   0.00357954815    0.0028029221     0.173701305     0.019983794    0.0271257462    0.0258993033
 235     1      50               0   0.00357954815    0.0028029221     0.173701305     0.019983794    0.0271257462    0.0258993033
          wgpu 1d 231g 419c x3w 5ms | egraph 27g->273v+0snap 10ms | graft 33 (-103n, 0 snap) cpu 0 | f64 20 | gen 0.2s
 236     0     100               0   0.00357954815    0.0028029221     0.173701305     0.019983794    0.0271257462    0.0258993033
 236     1      50               0   0.00357954815    0.0028029221     0.173701305     0.019983794    0.0271257462    0.0258993033
          wgpu 1d 211g 389c x3w 4ms | egraph 30g->243v+0snap 6ms | graft 24 (-76n, 0 snap) cpu 0 | f64 20 | gen 0.2s
 237     0     100               0   0.00357954815    0.0028029221     0.173701305     0.019983794    0.0271257462    0.0258993033
 237     1      50               0   0.00357954815    0.0028029221     0.173701305     0.019983794    0.0271257462    0.0258993033
          wgpu 1d 212g 403c x3w 4ms | egraph 30g->257v+0snap 7ms | graft 24 (-73n, 0 snap) cpu 0 | f64 20 | gen 0.2s
 238     0     100               0   0.00357954815    0.0028029221     0.173701305     0.019983794    0.0271257462    0.0258993033
 238     1      50               0   0.00357954815    0.0028029221     0.173701305     0.019983794    0.0271257462    0.0258993033
          wgpu 1d 222g 409c x3w 6ms | egraph 35g->263v+0snap 9ms | graft 20 (-56n, 0 snap) cpu 0 | f64 20 | gen 0.2s
 239     0     100               0   0.00357954815    0.0028029221     0.173701305     0.019983794    0.0271257462    0.0258993033
 239     1      50               0   0.00357954815    0.0028029221     0.173701305     0.019983794    0.0271257462    0.0258993033
          wgpu 1d 205g 396c x3w 5ms | egraph 17g->250v+0snap 4ms | graft 31 (-88n, 0 snap) cpu 0 | f64 20 | gen 0.2s
 240     0     100               0   0.00357954815    0.0028029221     0.173701305     0.019983794    0.0271257462    0.0258993033
 240     1      50               0   0.00357954815    0.0028029221     0.173701305     0.019983794    0.0271257462    0.0258993033
          wgpu 1d 209g 417c x3w 5ms | egraph 21g->271v+0snap 5ms | graft 32 (-93n, 0 snap) cpu 0 | f64 20 | gen 0.2s
--------- pump migration: intra (promote-2 + intake-reset) + cross ---------
 241     0     100               0   0.00357954815    0.0028029221     0.173701305     0.019983794    0.0271257462    0.0258993033
 241     1      50               0   0.00357954815    0.0028029221     0.173701305     0.019983794    0.0271257462    0.0258993033
          wgpu 2d 364g 485c x3w 8ms | egraph 89g->259v+0snap 22ms | graft 28 (-138n, 0 snap) cpu 0 | f64 30 | gen 0.2s
 242     0     100               0    0.0284969015    0.0260140606     0.712385631    0.0677410053     0.215948965     0.240372733
 242     1      50               0   0.00357954815    0.0028029221     0.173701305     0.019983794    0.0271257462    0.0258993033
          wgpu 1d 201g 343c x3w 4ms | egraph 29g->197v+0snap 6ms | graft 21 (-50n, 0 snap) cpu 0 | f64 20 | gen 0.2s
 243     0     100               0   0.00357954815    0.0028029221     0.173701305     0.019983794    0.0271257462    0.0258993033
 243     1      50               0   0.00357954815    0.0028029221     0.173701305     0.019983794    0.0271257462    0.0258993033
          wgpu 1d 204g 335c x3w 4ms | egraph 32g->189v+0snap 11ms | graft 21 (-53n, 0 snap) cpu 0 | f64 20 | gen 0.3s | dropped inexpr 1 oversz 0 unbuild 0 {}
 244     0     100               0   0.00357954815    0.0028029221     0.173701305     0.019983794    0.0271257462    0.0258993033
 244     1      50               0   0.00357954815    0.0028029221     0.173701305     0.019983794    0.0271257462    0.0258993033
          wgpu 1d 195g 330c x3w 4ms | egraph 35g->184v+0snap 7ms | graft 25 (-92n, 0 snap) cpu 0 | f64 20 | gen 0.2s
 245     0     100               0   0.00357954815    0.0028029221     0.173701305     0.019983794    0.0271257462    0.0258993033
 245     1      50               0   0.00357954815    0.0028029221     0.173701305     0.019983794    0.0271257462    0.0258993033
          wgpu 1d 195g 344c x3w 4ms | egraph 29g->198v+0snap 6ms | graft 18 (-54n, 0 snap) cpu 0 | f64 20 | gen 0.2s
 246     0     100               0    0.0284969015    0.0260140606     0.712385631    0.0677410053     0.215948965     0.240372733
 246     1      50               0   0.00357954815    0.0028029221     0.173701305     0.019983794    0.0271257462    0.0258993033
          wgpu 1d 207g 377c x3w 4ms | egraph 38g->231v+0snap 9ms | graft 18 (-47n, 0 snap) cpu 0 | f64 20 | gen 0.2s
 247     0     100               0   0.00357954815    0.0028029221     0.173701305     0.019983794    0.0271257462    0.0258993033
 247     1      50               0   0.00357954815    0.0028029221     0.173701305     0.019983794    0.0271257462    0.0258993033
          wgpu 1d 178g 339c x3w 4ms | egraph 24g->193v+0snap 5ms | graft 22 (-54n, 0 snap) cpu 0 | f64 20 | gen 0.2s
 248     0     100               0    0.0284969015    0.0260140606     0.712385631    0.0677410053     0.215948965     0.240372733
 248     1      50               0   0.00357954815    0.0028029221     0.173701305     0.019983794    0.0271257462    0.0258993033
          wgpu 1d 199g 348c x3w 4ms | egraph 37g->202v+0snap 8ms | graft 24 (-80n, 0 snap) cpu 0 | f64 20 | gen 0.3s | dropped inexpr 1 oversz 0 unbuild 0 {}
 249     0     100               0    0.0284969015    0.0260140606     0.712385631    0.0677410053     0.215948965     0.240372733
 249     1      50               0   0.00357954815    0.0028029221     0.173701305     0.019983794    0.0271257462    0.0258993033
          wgpu 1d 168g 294c x3w 5ms | egraph 22g->148v+0snap 5ms | graft 19 (-53n, 0 snap) cpu 0 | f64 20 | gen 0.2s
 250     0     100               0    0.0284969015    0.0260140606     0.712385631    0.0677410053     0.215948965     0.240372733
 250     1      50               0   0.00357954815    0.0028029221     0.173701305     0.019983794    0.0271257462    0.0258993033
          wgpu 1d 155g 292c x3w 9ms | egraph 27g->146v+0snap 12ms | graft 18 (-119n, 0 snap) cpu 0 | f64 20 | gen 0.3s | dropped inexpr 1 oversz 0 unbuild 0 {}
--------- pump migration: intra (promote-2 + intake-reset) ---------
 251     0     100               0    0.0354561815    0.0296949582     0.650424299     0.116874265     0.268686253     0.274384625
 251     1      50               0    0.0284969015    0.0260140606     0.712385631    0.0677410053     0.215948965     0.240372733
          wgpu 2d 350g 426c x3w 8ms | egraph 106g->200v+0snap 24ms | graft 30 (-111n, 0 snap) cpu 0 | f64 30 | gen 0.2s | dropped inexpr 6 oversz 0 unbuild 0 {}
 252     0     100               0    0.0354561815    0.0296949582     0.650424299     0.116874265     0.268686253     0.274384625
 252     1      50               0   0.00357954815    0.0028029221     0.173701305     0.019983794    0.0271257462    0.0258993033
          wgpu 1d 156g 270c x3w 4ms | egraph 24g->124v+0snap 5ms | graft 16 (-42n, 0 snap) cpu 0 | f64 20 | gen 0.2s | dropped inexpr 1 oversz 0 unbuild 0 {}
 253     0     100               0   0.00357954815    0.0028029221     0.173701305     0.019983794    0.0271257462    0.0258993033
 253     1      50               0    0.0284969015    0.0260140606     0.712385631    0.0677410053     0.215948965     0.240372733
          wgpu 1d 193g 320c x3w 4ms | egraph 36g->174v+0snap 7ms | graft 19 (-53n, 0 snap) cpu 0 | f64 20 | gen 0.2s
 254     0     100               0   0.00357954815    0.0028029221     0.173701305     0.019983794    0.0271257462    0.0258993033
 254     1      50               0    0.0284969015    0.0260140606     0.712385631    0.0677410053     0.215948965     0.240372733
          wgpu 1d 237g 385c x3w 5ms | egraph 38g->239v+0snap 8ms | graft 32 (-98n, 0 snap) cpu 0 | f64 20 | gen 0.2s
 255     0     100               0   0.00357954815    0.0028029221     0.173701305     0.019983794    0.0271257462    0.0258993033
 255     1      50               0   0.00357954815    0.0028029221     0.173701305     0.019983794    0.0271257462    0.0258993033
          wgpu 1d 204g 378c x3w 4ms | egraph 52g->232v+0snap 10ms | graft 17 (-43n, 0 snap) cpu 0 | f64 20 | gen 0.2s
 256     0     100               0   0.00357954815    0.0028029221     0.173701305     0.019983794    0.0271257462    0.0258993033
 256     1      50               0   0.00357954815    0.0028029221     0.173701305     0.019983794    0.0271257462    0.0258993033
          wgpu 1d 243g 434c x3w 5ms | egraph 42g->288v+0snap 25ms | graft 33 (-95n, 0 snap) cpu 0 | f64 20 | gen 0.2s | dropped inexpr 1 oversz 0 unbuild 0 {}
 257     0     100               0   0.00357954815    0.0028029221     0.173701305     0.019983794    0.0271257462    0.0258993033
 257     1      50               0   0.00357954815    0.0028029221     0.173701305     0.019983794    0.0271257462    0.0258993033
          wgpu 1d 223g 410c x3w 5ms | egraph 34g->264v+0snap 7ms | graft 24 (-74n, 0 snap) cpu 0 | f64 20 | gen 0.2s
 258     0     100               0   0.00357954815    0.0028029221     0.173701305     0.019983794    0.0271257462    0.0258993033
 258     1      50               0   0.00357954815    0.0028029221     0.173701305     0.019983794    0.0271257462    0.0258993033
          wgpu 1d 227g 415c x3w 4ms | egraph 38g->269v+0snap 7ms | graft 27 (-83n, 0 snap) cpu 0 | f64 20 | gen 0.2s
 259     0     100               0   0.00357954815    0.0028029221     0.173701305     0.019983794    0.0271257462    0.0258993033
 259     1      50               0   0.00357954815    0.0028029221     0.173701305     0.019983794    0.0271257462    0.0258993033
          wgpu 1d 203g 390c x3w 5ms | egraph 32g->244v+0snap 6ms | graft 27 (-71n, 0 snap) cpu 0 | f64 20 | gen 0.2s | dropped inexpr 1 oversz 0 unbuild 0 {}
 260     0     100               0   0.00357954815    0.0028029221     0.173701305     0.019983794    0.0271257462    0.0258993033
 260     1      50               0   0.00357954815    0.0028029221     0.173701305     0.019983794    0.0271257462    0.0258993033
          wgpu 1d 199g 402c x3w 5ms | egraph 33g->256v+0snap 8ms | graft 33 (-91n, 0 snap) cpu 0 | f64 20 | gen 0.2s
--------- pump migration: intra (promote-2 + intake-reset) ---------
 261     0     100               0    0.0248584016    0.0203102088      0.55987827    0.0630321524     0.188376483     0.187668525
 261     1      50               0   0.00357954815    0.0028029221     0.173701305     0.019983794    0.0271257462    0.0258993033
          wgpu 2d 395g 529c x3w 8ms | egraph 104g->303v+0snap 25ms | graft 36 (-106n, 0 snap) cpu 0 | f64 30 | gen 0.2s | dropped inexpr 3 oversz 0 unbuild 0 {}
 262     0     100               0    0.0248584016    0.0203102088      0.55987827    0.0630321524     0.188376483     0.187668525
 262     1      50               0   0.00357954815    0.0028029221     0.173701305     0.019983794    0.0271257462    0.0258993033
          wgpu 1d 222g 390c x3w 5ms | egraph 43g->244v+0snap 16ms | graft 25 (-71n, 0 snap) cpu 0 | f64 20 | gen 0.2s
 263     0     100               0   0.00357954815    0.0028029221     0.173701305     0.019983794    0.0271257462    0.0258993033
 263     1      50               0   0.00357954815    0.0028029221     0.173701305     0.019983794    0.0271257462    0.0258993033
          wgpu 1d 171g 352c x3w 4ms | egraph 28g->206v+0snap 5ms | graft 15 (-46n, 0 snap) cpu 0 | f64 20 | gen 0.2s
 264     0     100               0   0.00357954815    0.0028029221     0.173701305     0.019983794    0.0271257462    0.0258993033
 264     1      50               0   0.00357954815    0.0028029221     0.173701305     0.019983794    0.0271257462    0.0258993033
          wgpu 1d 206g 411c x3w 5ms | egraph 28g->265v+0snap 7ms | graft 24 (-69n, 0 snap) cpu 0 | f64 20 | gen 0.2s
 265     0     100               0   0.00357954815    0.0028029221     0.173701305     0.019983794    0.0271257462    0.0258993033
 265     1      50               0   0.00357954815    0.0028029221     0.173701305     0.019983794    0.0271257462    0.0258993033
          wgpu 1d 193g 375c x3w 4ms | egraph 27g->229v+0snap 6ms | graft 36 (-87n, 0 snap) cpu 0 | f64 20 | gen 0.2s
 266     0     100               0   0.00357954815    0.0028029221     0.173701305     0.019983794    0.0271257462    0.0258993033
 266     1      50               0   0.00357954815    0.0028029221     0.173701305     0.019983794    0.0271257462    0.0258993033
          wgpu 1d 196g 391c x3w 4ms | egraph 24g->245v+0snap 8ms | graft 19 (-48n, 0 snap) cpu 0 | f64 20 | gen 0.2s
 267     0     100               0   0.00357954815    0.0028029221     0.173701305     0.019983794    0.0271257462    0.0258993033
 267     1      50               0   0.00357954815    0.0028029221     0.173701305     0.019983794    0.0271257462    0.0258993033
          wgpu 1d 185g 395c x3w 4ms | egraph 28g->249v+0snap 6ms | graft 25 (-75n, 0 snap) cpu 0 | f64 20 | gen 0.2s | dropped inexpr 1 oversz 0 unbuild 0 {}
 268     0     100               0   0.00357954815    0.0028029221     0.173701305     0.019983794    0.0271257462    0.0258993033
 268     1      50               0   0.00357954815    0.0028029221     0.173701305     0.019983794    0.0271257462    0.0258993033
          wgpu 1d 200g 422c x3w 4ms | egraph 26g->276v+0snap 6ms | graft 21 (-61n, 0 snap) cpu 0 | f64 20 | gen 0.2s
 269     0     100               0   0.00357954815    0.0028029221     0.173701305     0.019983794    0.0271257462    0.0258993033
 269     1      50               0   0.00357954815    0.0028029221     0.173701305     0.019983794    0.0271257462    0.0258993033
          wgpu 1d 196g 405c x3w 4ms | egraph 30g->259v+0snap 6ms | graft 30 (-90n, 0 snap) cpu 0 | f64 20 | gen 0.2s | dropped inexpr 1 oversz 0 unbuild 0 {}
 270     0     100               0   0.00357954815    0.0028029221     0.173701305     0.019983794    0.0271257462    0.0258993033
 270     1      50               0   0.00357954815    0.0028029221     0.173701305     0.019983794    0.0271257462    0.0258993033
          wgpu 1d 200g 405c x3w 4ms | egraph 25g->259v+0snap 6ms | graft 24 (-70n, 0 snap) cpu 0 | f64 20 | gen 0.3s
--------- pump migration: intra (promote-2 + intake-reset) + cross ---------
 271     0     100               0   0.00357954815    0.0028029221     0.173701305     0.019983794    0.0271257462    0.0258993033
 271     1      50               0   0.00357954815    0.0028029221     0.173701305     0.019983794    0.0271257462    0.0258993033
          wgpu 2d 415g 521c x3w 8ms | egraph 104g->295v+0snap 23ms | graft 38 (-125n, 0 snap) cpu 0 | f64 30 | gen 0.2s | dropped inexpr 2 oversz 0 unbuild 0 {}
 272     0     100               0   0.00357954815    0.0028029221     0.173701305     0.019983794    0.0271257462    0.0258993033
 272     1      50               0   0.00357954804   0.00280292166     0.173701218    0.0199837973    0.0271257453    0.0258992992
          wgpu 1d 269g 410c x3w 5ms | egraph 35g->264v+0snap 7ms | graft 30 (-92n, 0 snap) cpu 0 | f64 20 | gen 0.2s | dropped inexpr 1 oversz 0 unbuild 0 {}
 273     0     100               0   0.00357954815    0.0028029221     0.173701305     0.019983794    0.0271257462    0.0258993033
 273     1      50               0   0.00357954815    0.0028029221     0.173701305     0.019983794    0.0271257462    0.0258993033
          wgpu 1d 217g 433c x3w 5ms | egraph 27g->287v+0snap 10ms | graft 31 (-85n, 0 snap) cpu 0 | f64 20 | gen 0.2s | dropped inexpr 1 oversz 0 unbuild 0 {}
 274     0     100               0   0.00357954815    0.0028029221     0.173701305     0.019983794    0.0271257462    0.0258993033
 274     1      50               0   0.00357954815    0.0028029221     0.173701305     0.019983794    0.0271257462    0.0258993033
          wgpu 1d 206g 402c x3w 5ms | egraph 29g->256v+0snap 6ms | graft 28 (-77n, 0 snap) cpu 0 | f64 20 | gen 0.2s | dropped inexpr 1 oversz 0 unbuild 0 {}
 275     0     100               0   0.00357954815    0.0028029221     0.173701305     0.019983794    0.0271257462    0.0258993033
 275     1      50               0   0.00357954815    0.0028029221     0.173701305     0.019983794    0.0271257462    0.0258993033
          wgpu 1d 240g 408c x3w 8ms | egraph 36g->262v+0snap 8ms | graft 31 (-81n, 0 snap) cpu 0 | f64 20 | gen 0.2s | dropped inexpr 1 oversz 0 unbuild 0 {}
 276     0     100               0   0.00357954815    0.0028029221     0.173701305     0.019983794    0.0271257462    0.0258993033
 276     1      50               0   0.00357954815    0.0028029221     0.173701305     0.019983794    0.0271257462    0.0258993033
          wgpu 1d 216g 409c x3w 5ms | egraph 26g->263v+0snap 6ms | graft 22 (-59n, 0 snap) cpu 0 | f64 20 | gen 0.2s | dropped inexpr 1 oversz 0 unbuild 0 {}
 277     0     100               0   0.00357954815    0.0028029221     0.173701305     0.019983794    0.0271257462    0.0258993033
 277     1      50               0   0.00357954815    0.0028029221     0.173701305     0.019983794    0.0271257462    0.0258993033
          wgpu 1d 221g 424c x3w 5ms | egraph 28g->278v+0snap 9ms | graft 27 (-74n, 0 snap) cpu 0 | f64 20 | gen 0.2s
 278     0     100               0   0.00357954815    0.0028029221     0.173701305     0.019983794    0.0271257462    0.0258993033
 278     1      50               0   0.00357954815    0.0028029221     0.173701305     0.019983794    0.0271257462    0.0258993033
          wgpu 1d 230g 389c x3w 5ms | egraph 36g->243v+0snap 6ms | graft 45 (-125n, 0 snap) cpu 0 | f64 20 | gen 0.2s
 279     0     100               0   0.00357954815    0.0028029221     0.173701305     0.019983794    0.0271257462    0.0258993033
 279     1      50               0   0.00357954815    0.0028029221     0.173701305     0.019983794    0.0271257462    0.0258993033
          wgpu 1d 227g 386c x3w 4ms | egraph 22g->240v+0snap 7ms | graft 28 (-86n, 0 snap) cpu 0 | f64 20 | gen 0.2s
 280     0     100               0   0.00357954815    0.0028029221     0.173701305     0.019983794    0.0271257462    0.0258993033
 280     1      50               0   0.00357954815    0.0028029221     0.173701305     0.019983794    0.0271257462    0.0258993033
          wgpu 1d 197g 411c x3w 5ms | egraph 24g->265v+0snap 7ms | graft 34 (-99n, 0 snap) cpu 0 | f64 20 | gen 0.2s
--------- pump migration: intra (promote-2 + intake-reset) ---------
 281     0     100               0   0.00357954815    0.0028029221     0.173701305     0.019983794    0.0271257462    0.0258993033
 281     1      50               0   0.00357954815    0.0028029221     0.173701305     0.019983794    0.0271257462    0.0258993033
          wgpu 2d 413g 613c x3w 9ms | egraph 109g->387v+0snap 28ms | graft 31 (-121n, 0 snap) cpu 0 | f64 30 | gen 0.2s | dropped inexpr 11 oversz 0 unbuild 0 {}
 282     0     100               0    0.0271527797    0.0253813479     0.664820503     0.104006305     0.205763236     0.234526399
 282     1      50               0   0.00357954815    0.0028029221     0.173701305     0.019983794    0.0271257462    0.0258993033
          wgpu 1d 208g 460c x3w 4ms | egraph 36g->314v+0snap 7ms | graft 20 (-63n, 0 snap) cpu 0 | f64 20 | gen 0.2s
 283     0     100               0    0.0271527797    0.0253813479     0.664820503     0.104006305     0.205763236     0.234526399
 283     1      50               0   0.00357954804   0.00280292166     0.173701218    0.0199837973    0.0271257453    0.0258992992
          wgpu 1d 215g 474c x3w 5ms | egraph 41g->328v+0snap 8ms | graft 23 (-76n, 0 snap) cpu 0 | f64 20 | gen 0.2s
 284     0     100               0    0.0271527797    0.0253813479     0.664820503     0.104006305     0.205763236     0.234526399
 284     1      50               0   0.00357954815    0.0028029221     0.173701305     0.019983794    0.0271257462    0.0258993033
          wgpu 1d 206g 406c x3w 4ms | egraph 41g->260v+0snap 8ms | graft 16 (-44n, 0 snap) cpu 0 | f64 20 | gen 0.2s | dropped inexpr 1 oversz 0 unbuild 0 {}
 285     0     100               0    0.0271527797    0.0253813479     0.664820503     0.104006305     0.205763236     0.234526399
 285     1      50               0   0.00357954815    0.0028029221     0.173701305     0.019983794    0.0271257462    0.0258993033
          wgpu 1d 210g 452c x3w 4ms | egraph 42g->306v+0snap 8ms | graft 25 (-64n, 0 snap) cpu 0 | f64 20 | gen 0.2s | dropped inexpr 2 oversz 0 unbuild 0 {}
 286     0     100               0    0.0271527797    0.0253813479     0.664820503     0.104006305     0.205763236     0.234526399
 286     1      50               0   0.00357954815    0.0028029221     0.173701305     0.019983794    0.0271257462    0.0258993033
          wgpu 1d 233g 441c x3w 5ms | egraph 50g->295v+0snap 10ms | graft 34 (-90n, 0 snap) cpu 0 | f64 20 | gen 0.2s | dropped inexpr 1 oversz 0 unbuild 0 {}
 287     0     100               0    0.0271527797    0.0253813479     0.664820503     0.104006305     0.205763236     0.234526399
 287     1      50               0   0.00357954815    0.0028029221     0.173701305     0.019983794    0.0271257462    0.0258993033
          wgpu 1d 204g 444c x3w 4ms | egraph 38g->298v+0snap 7ms | graft 26 (-67n, 0 snap) cpu 0 | f64 20 | gen 0.2s
 288     0     100               0    0.0271527797    0.0253813479     0.664820503     0.104006305     0.205763236     0.234526399
 288     1      50               0   0.00357954815    0.0028029221     0.173701305     0.019983794    0.0271257462    0.0258993033
          wgpu 1d 234g 482c x3w 5ms | egraph 43g->336v+0snap 10ms | graft 24 (-58n, 0 snap) cpu 0 | f64 20 | gen 0.2s | dropped inexpr 1 oversz 0 unbuild 0 {}
 289     0     100               0    0.0271527797    0.0253813479     0.664820503     0.104006305     0.205763236     0.234526399
 289     1      50               0   0.00357954815    0.0028029221     0.173701305     0.019983794    0.0271257462    0.0258993033
          wgpu 1d 199g 453c x3w 4ms | egraph 38g->307v+0snap 8ms | graft 22 (-68n, 0 snap) cpu 0 | f64 20 | gen 0.2s | dropped inexpr 2 oversz 0 unbuild 0 {}
 290     0     100               0    0.0271527797    0.0253813479     0.664820503     0.104006305     0.205763236     0.234526399
 290     1      50               0   0.00357954815    0.0028029221     0.173701305     0.019983794    0.0271257462    0.0258993033
          wgpu 1d 210g 486c x3w 5ms | egraph 42g->340v+0snap 9ms | graft 19 (-42n, 0 snap) cpu 0 | f64 20 | gen 0.2s
--------- pump migration: intra (promote-2 + intake-reset) ---------
 291     0     100               0    0.0271527797    0.0253813479     0.664820503     0.104006305     0.205763236     0.234526399
 291     1      50               0   0.00357954815    0.0028029221     0.173701305     0.019983794    0.0271257462    0.0258993033
          wgpu 2d 408g 631c x3w 8ms | egraph 102g->404v+0snap 21ms | graft 27 (-109n, 0 snap) cpu 0 | f64 30 | gen 0.2s | dropped inexpr 6 oversz 0 unbuild 0 {}
 292     0     100               0    0.0271527797    0.0253813479     0.664820503     0.104006305     0.205763236     0.234526399
 292     1      50               0   0.00357954815    0.0028029221     0.173701305     0.019983794    0.0271257462    0.0258993033
          wgpu 1d 236g 450c x3w 5ms | egraph 50g->304v+0snap 10ms | graft 19 (-73n, 0 snap) cpu 0 | f64 20 | gen 0.2s
 293     0     100               0    0.0271527797    0.0253813479     0.664820503     0.104006305     0.205763236     0.234526399
 293     1      50               0   0.00357954815    0.0028029221     0.173701305     0.019983794    0.0271257462    0.0258993033
          wgpu 1d 218g 491c x3w 5ms | egraph 37g->344v+0snap 10ms | graft 25 (-85n, 0 snap) cpu 0 | f64 20 | gen 0.2s
 294     0     100               0    0.0271527797    0.0253813479     0.664820503     0.104006305     0.205763236     0.234526399
 294     1      50               0   0.00357954815    0.0028029221     0.173701305     0.019983794    0.0271257462    0.0258993033
          wgpu 1d 196g 451c x3w 4ms | egraph 37g->305v+0snap 7ms | graft 17 (-44n, 0 snap) cpu 0 | f64 20 | gen 0.2s
 295     0     100               0    0.0271527797    0.0253813479     0.664820503     0.104006305     0.205763236     0.234526399
 295     1      50               0   0.00357954815    0.0028029221     0.173701305     0.019983794    0.0271257462    0.0258993033
          wgpu 1d 207g 497c x3w 5ms | egraph 35g->351v+0snap 6ms | graft 25 (-62n, 0 snap) cpu 0 | f64 20 | gen 0.2s | dropped inexpr 1 oversz 0 unbuild 0 {}
 296     0     100               0    0.0271527797    0.0253813479     0.664820503     0.104006305     0.205763236     0.234526399
 296     1      50               0   0.00357954815    0.0028029221     0.173701305     0.019983794    0.0271257462    0.0258993033
          wgpu 1d 194g 468c x3w 5ms | egraph 23g->322v+0snap 15ms | graft 21 (-55n, 0 snap) cpu 0 | f64 20 | gen 0.2s | dropped inexpr 1 oversz 0 unbuild 0 {}
 297     0     100               0    0.0271527797    0.0253813479     0.664820503     0.104006305     0.205763236     0.234526399
 297     1      50               0   0.00357954815    0.0028029221     0.173701305     0.019983794    0.0271257462    0.0258993033
          wgpu 1d 216g 468c x3w 5ms | egraph 42g->322v+0snap 10ms | graft 21 (-65n, 0 snap) cpu 0 | f64 20 | gen 0.2s
 298     0     100               0    0.0271527797    0.0253813479     0.664820503     0.104006305     0.205763236     0.234526399
 298     1      50               0   0.00357954815    0.0028029221     0.173701305     0.019983794    0.0271257462    0.0258993033
          wgpu 1d 228g 492c x3w 5ms | egraph 28g->346v+0snap 6ms | graft 22 (-85n, 0 snap) cpu 0 | f64 20 | gen 0.2s
 299     0     100               0    0.0271527797    0.0253813479     0.664820503     0.104006305     0.205763236     0.234526399
 299     1      50               0   0.00357954815    0.0028029221     0.173701305     0.019983794    0.0271257462    0.0258993033
          wgpu 1d 224g 487c x3w 5ms | egraph 28g->341v+0snap 16ms | graft 24 (-74n, 0 snap) cpu 0 | f64 20 | gen 0.3s
 300     0     100               0    0.0271527797    0.0253813479     0.664820503     0.104006305     0.205763236     0.234526399
 300     1      50               0   0.00357954815    0.0028029221     0.173701305     0.019983794    0.0271257462    0.0258993033
          wgpu 1d 196g 484c x3w 5ms | egraph 22g->338v+0snap 5ms | graft 22 (-57n, 0 snap) cpu 0 | f64 20 | gen 0.2s
--------- pump migration: intra (promote-2 + intake-reset) + cross ---------
 301     0     100               0    0.0271527797    0.0253813479     0.664820503     0.104006305     0.205763236     0.234526399
 301     1      50               0   0.00357954815    0.0028029221     0.173701305     0.019983794    0.0271257462    0.0258993033
          wgpu 2d 425g 611c x3w 11ms | egraph 107g->385v+0snap 23ms | graft 34 (-146n, 0 snap) cpu 0 | f64 30 | gen 0.2s | dropped inexpr 5 oversz 0 unbuild 0 {}
 302     0     100               0    0.0271527797    0.0253813479     0.664820503     0.104006305     0.205763236     0.234526399
 302     1      50               0   0.00357954815    0.0028029221     0.173701305     0.019983794    0.0271257462    0.0258993033
          wgpu 1d 216g 495c x3w 5ms | egraph 42g->349v+0snap 12ms | graft 21 (-58n, 0 snap) cpu 0 | f64 20 | gen 0.2s
 303     0     100               0   0.00362575912   0.00289856958     0.171891625    0.0207221545     0.027475932    0.0267830964
 303     1      50               0   0.00357954815    0.0028029221     0.173701305     0.019983794    0.0271257462    0.0258993033
          wgpu 1d 226g 472c x3w 13ms | egraph 42g->326v+0snap 10ms | graft 29 (-89n, 0 snap) cpu 0 | f64 20 | gen 0.2s
 304     0     100               0   0.00362575912   0.00289856958     0.171891625    0.0207221545     0.027475932    0.0267830964
 304     1      50               0   0.00357954815    0.0028029221     0.173701305     0.019983794    0.0271257462    0.0258993033
          wgpu 1d 229g 415c x3w 6ms | egraph 36g->269v+0snap 8ms | graft 27 (-78n, 0 snap) cpu 0 | f64 20 | gen 0.2s
 305     0     100               0   0.00362575912   0.00289856958     0.171891625    0.0207221545     0.027475932    0.0267830964
 305     1      50               0   0.00357954815    0.0028029221     0.173701305     0.019983794    0.0271257462    0.0258993033
          wgpu 1d 202g 402c x3w 5ms | egraph 31g->256v+0snap 7ms | graft 26 (-71n, 0 snap) cpu 0 | f64 20 | gen 0.2s
 306     0     100               0   0.00362575912   0.00289856958     0.171891625    0.0207221545     0.027475932    0.0267830964
 306     1      50               0   0.00357954815    0.0028029221     0.173701305     0.019983794    0.0271257462    0.0258993033
          wgpu 1d 231g 421c x3w 5ms | egraph 48g->275v+0snap 10ms | graft 32 (-87n, 0 snap) cpu 0 | f64 20 | gen 0.2s
 307     0     100               0   0.00362575912   0.00289856958     0.171891625    0.0207221545     0.027475932    0.0267830964
 307     1      50               0   0.00357954815    0.0028029221     0.173701305     0.019983794    0.0271257462    0.0258993033
          wgpu 1d 249g 437c x3w 5ms | egraph 50g->291v+0snap 12ms | graft 36 (-126n, 0 snap) cpu 0 | f64 20 | gen 0.2s
 308     0     100               0   0.00362575912   0.00289856958     0.171891625    0.0207221545     0.027475932    0.0267830964
 308     1      50               0   0.00357954815    0.0028029221     0.173701305     0.019983794    0.0271257462    0.0258993033
          wgpu 1d 238g 403c x3w 5ms | egraph 42g->257v+0snap 13ms | graft 33 (-97n, 0 snap) cpu 0 | f64 20 | gen 0.2s
 309     0     100               0   0.00362575912   0.00289856958     0.171891625    0.0207221545     0.027475932    0.0267830964
 309     1      50               0   0.00357954815    0.0028029221     0.173701305     0.019983794    0.0271257462    0.0258993033
          wgpu 1d 214g 419c x3w 5ms | egraph 44g->273v+0snap 8ms | graft 34 (-96n, 0 snap) cpu 0 | f64 20 | gen 0.2s
 310     0     100               0   0.00362575912   0.00289856958     0.171891625    0.0207221545     0.027475932    0.0267830964
 310     1      50               0   0.00357954815    0.0028029221     0.173701305     0.019983794    0.0271257462    0.0258993033
          wgpu 1d 247g 439c x3w 5ms | egraph 34g->293v+0snap 7ms | graft 35 (-95n, 0 snap) cpu 0 | f64 20 | gen 0.2s | dropped inexpr 1 oversz 0 unbuild 0 {}
--------- pump migration: intra (promote-2 + intake-reset) ---------
 311     0     100               0   0.00362575912   0.00289856958     0.171891625    0.0207221545     0.027475932    0.0267830964
 311     1      50               0   0.00357954815    0.0028029221     0.173701305     0.019983794    0.0271257462    0.0258993033
          wgpu 2d 408g 550c x3w 11ms | egraph 94g->324v+0snap 20ms | graft 35 (-126n, 0 snap) cpu 0 | f64 30 | gen 0.2s | dropped inexpr 3 oversz 0 unbuild 0 {}
 312     0     100               0   0.00362575912   0.00289856958     0.171891625    0.0207221545     0.027475932    0.0267830964
 312     1      50               0   0.00357954815    0.0028029221     0.173701305     0.019983794    0.0271257462    0.0258993033
          wgpu 1d 234g 410c x3w 5ms | egraph 34g->264v+0snap 8ms | graft 20 (-65n, 0 snap) cpu 0 | f64 20 | gen 0.2s | dropped inexpr 2 oversz 0 unbuild 0 {}
 313     0     100               0   0.00362575912   0.00289856958     0.171891625    0.0207221545     0.027475932    0.0267830964
 313     1      50               0   0.00357954815    0.0028029221     0.173701305     0.019983794    0.0271257462    0.0258993033
          wgpu 1d 246g 417c x3w 5ms | egraph 31g->271v+0snap 8ms | graft 33 (-107n, 0 snap) cpu 0 | f64 20 | gen 0.2s
 314     0     100               0   0.00362575912   0.00289856958     0.171891625    0.0207221545     0.027475932    0.0267830964
 314     1      50               0   0.00357954815    0.0028029221     0.173701305     0.019983794    0.0271257462    0.0258993033
          wgpu 1d 202g 402c x3w 6ms | egraph 21g->256v+0snap 5ms | graft 32 (-95n, 0 snap) cpu 0 | f64 20 | gen 0.2s | dropped inexpr 1 oversz 0 unbuild 0 {}
 315     0     100               0   0.00362575912   0.00289856958     0.171891625    0.0207221545     0.027475932    0.0267830964
 315     1      50               0   0.00357954815    0.0028029221     0.173701305     0.019983794    0.0271257462    0.0258993033
          wgpu 1d 236g 410c x3w 5ms | egraph 36g->264v+0snap 10ms | graft 29 (-95n, 0 snap) cpu 0 | f64 20 | gen 0.2s
 316     0     100               0   0.00362575912   0.00289856958     0.171891625    0.0207221545     0.027475932    0.0267830964
 316     1      50               0   0.00357954815    0.0028029221     0.173701305     0.019983794    0.0271257462    0.0258993033
          wgpu 1d 263g 406c x3w 5ms | egraph 40g->260v+0snap 8ms | graft 35 (-104n, 0 snap) cpu 0 | f64 20 | gen 0.2s
 317     0     100               0   0.00362575912   0.00289856958     0.171891625    0.0207221545     0.027475932    0.0267830964
 317     1      50               0   0.00357954815    0.0028029221     0.173701305     0.019983794    0.0271257462    0.0258993033
          wgpu 1d 222g 412c x3w 4ms | egraph 27g->266v+0snap 6ms | graft 23 (-62n, 0 snap) cpu 0 | f64 20 | gen 0.2s | dropped inexpr 1 oversz 0 unbuild 0 {}
 318     0     100               0   0.00362575912   0.00289856958     0.171891625    0.0207221545     0.027475932    0.0267830964
 318     1      50               0   0.00357954815    0.0028029221     0.173701305     0.019983794    0.0271257462    0.0258993033
          wgpu 1d 235g 403c x3w 5ms | egraph 36g->257v+0snap 8ms | graft 37 (-114n, 0 snap) cpu 0 | f64 20 | gen 0.2s | dropped inexpr 1 oversz 0 unbuild 0 {}
 319     0     100               0   0.00362575912   0.00289856958     0.171891625    0.0207221545     0.027475932    0.0267830964
 319     1      50               0   0.00357954815    0.0028029221     0.173701305     0.019983794    0.0271257462    0.0258993033
          wgpu 1d 245g 417c x3w 5ms | egraph 32g->271v+0snap 7ms | graft 25 (-71n, 0 snap) cpu 0 | f64 20 | gen 0.2s | dropped inexpr 1 oversz 0 unbuild 0 {}
 320     0     100               0   0.00362575912   0.00289856958     0.171891625    0.0207221545     0.027475932    0.0267830964
 320     1      50               0   0.00357954815    0.0028029221     0.173701305     0.019983794    0.0271257462    0.0258993033
          wgpu 1d 222g 388c x3w 4ms | egraph 39g->242v+0snap 10ms | graft 22 (-58n, 0 snap) cpu 0 | f64 20 | gen 0.2s
--------- pump migration: intra (promote-2 + intake-reset) ---------
 321     0     100               0   0.00362575912   0.00289856958     0.171891625    0.0207221545     0.027475932    0.0267830964
 321     1      50               0   0.00357954815    0.0028029221     0.173701305     0.019983794    0.0271257462    0.0258993033
          wgpu 2d 407g 569c x3w 9ms | egraph 92g->343v+0snap 22ms | graft 48 (-183n, 0 snap) cpu 0 | f64 30 | gen 0.3s | dropped inexpr 2 oversz 0 unbuild 0 {}
 322     0     100               0   0.00362575912   0.00289856958     0.171891625    0.0207221545     0.027475932    0.0267830964
 322     1      50               0   0.00362575912   0.00289856958     0.171891625    0.0207221545     0.027475932    0.0267830964
          wgpu 1d 231g 418c x3w 4ms | egraph 23g->272v+0snap 6ms | graft 31 (-87n, 0 snap) cpu 0 | f64 20 | gen 0.2s
 323     0     100               0   0.00362575912   0.00289856958     0.171891625    0.0207221545     0.027475932    0.0267830964
 323     1      50               0   0.00362575912   0.00289856958     0.171891625    0.0207221545     0.027475932    0.0267830964
          wgpu 1d 203g 400c x3w 6ms | egraph 24g->254v+0snap 6ms | graft 32 (-108n, 0 snap) cpu 0 | f64 20 | gen 0.2s
 324     0     100               0   0.00362575912   0.00289856958     0.171891625    0.0207221545     0.027475932    0.0267830964
 324     1      50               0   0.00362575912   0.00289856958     0.171891625    0.0207221545     0.027475932    0.0267830964
          wgpu 1d 239g 408c x3w 5ms | egraph 28g->262v+0snap 7ms | graft 23 (-94n, 0 snap) cpu 0 | f64 20 | gen 0.2s
 325     0     100               0   0.00362575912   0.00289856958     0.171891625    0.0207221545     0.027475932    0.0267830964
 325     1      50               0   0.00362575912   0.00289856958     0.171891625    0.0207221545     0.027475932    0.0267830964
          wgpu 1d 218g 414c x3w 5ms | egraph 36g->268v+0snap 20ms | graft 22 (-72n, 0 snap) cpu 0 | f64 20 | gen 0.2s
 326     0     100               0   0.00362575912   0.00289856958     0.171891625    0.0207221545     0.027475932    0.0267830964
 326     1      50               0   0.00362575912   0.00289856958     0.171891625    0.0207221545     0.027475932    0.0267830964
          wgpu 1d 186g 391c x3w 4ms | egraph 23g->245v+0snap 9ms | graft 25 (-80n, 0 snap) cpu 0 | f64 20 | gen 0.2s
 327     0     100               0   0.00362575912   0.00289856958     0.171891625    0.0207221545     0.027475932    0.0267830964
 327     1      50               0   0.00362575912   0.00289856958     0.171891625    0.0207221545     0.027475932    0.0267830964
          wgpu 1d 227g 416c x3w 5ms | egraph 31g->270v+0snap 6ms | graft 32 (-106n, 0 snap) cpu 0 | f64 20 | gen 0.2s
 328     0     100               0   0.00362575912   0.00289856958     0.171891625    0.0207221545     0.027475932    0.0267830964
 328     1      50               0   0.00362575912   0.00289856958     0.171891625    0.0207221545     0.027475932    0.0267830964
          wgpu 1d 241g 409c x3w 9ms | egraph 40g->263v+0snap 8ms | graft 31 (-102n, 0 snap) cpu 0 | f64 20 | gen 0.2s
 329     0     100               0   0.00362575912   0.00289856958     0.171891625    0.0207221545     0.027475932    0.0267830964
 329     1      50               0   0.00362575912   0.00289856958     0.171891625    0.0207221545     0.027475932    0.0267830964
          wgpu 1d 247g 426c x3w 7ms | egraph 34g->280v+0snap 78ms | graft 27 (-89n, 0 snap) cpu 0 | f64 20 | gen 0.3s
 330     0     100               0   0.00362575912   0.00289856958     0.171891625    0.0207221545     0.027475932    0.0267830964
 330     1      50               0   0.00362575912   0.00289856958     0.171891625    0.0207221545     0.027475932    0.0267830964
          wgpu 1d 227g 396c x3w 5ms | egraph 29g->250v+0snap 10ms | graft 27 (-72n, 0 snap) cpu 0 | f64 20 | gen 0.2s | dropped inexpr 1 oversz 0 unbuild 0 {}
--------- pump migration: intra (promote-2 + intake-reset) + cross ---------
 331     0     100               0   0.00362575912   0.00289856958     0.171891625    0.0207221545     0.027475932    0.0267830964
 331     1      50               0   0.00362575912   0.00289856958     0.171891625    0.0207221545     0.027475932    0.0267830964
          wgpu 2d 426g 561c x3w 9ms | egraph 87g->335v+0snap 22ms | graft 51 (-172n, 0 snap) cpu 0 | f64 30 | gen 0.2s | dropped inexpr 1 oversz 0 unbuild 0 {}
 332     0     100               0   0.00362575912   0.00289856958     0.171891625    0.0207221545     0.027475932    0.0267830964
 332     1      50               0   0.00362575912   0.00289856958     0.171891625    0.0207221545     0.027475932    0.0267830964
          wgpu 1d 226g 422c x3w 5ms | egraph 32g->276v+0snap 7ms | graft 35 (-93n, 0 snap) cpu 0 | f64 20 | gen 0.2s
 333     0     100               0   0.00362575912   0.00289856958     0.171891625    0.0207221545     0.027475932    0.0267830964
 333     1      50               0   0.00362575912   0.00289856958     0.171891625    0.0207221545     0.027475932    0.0267830964
          wgpu 1d 196g 408c x3w 4ms | egraph 21g->262v+0snap 5ms | graft 22 (-62n, 0 snap) cpu 0 | f64 20 | gen 0.2s
 334     0     100               0   0.00362575912   0.00289856958     0.171891625    0.0207221545     0.027475932    0.0267830964
 334     1      50               0   0.00362575912   0.00289856958     0.171891625    0.0207221545     0.027475932    0.0267830964
          wgpu 1d 246g 440c x3w 5ms | egraph 35g->294v+0snap 9ms | graft 34 (-110n, 0 snap) cpu 0 | f64 20 | gen 0.2s
 335     0     100               0   0.00362575912   0.00289856958     0.171891625    0.0207221545     0.027475932    0.0267830964
 335     1      50               0   0.00362575912   0.00289856958     0.171891625    0.0207221545     0.027475932    0.0267830964
          wgpu 1d 236g 408c x3w 5ms | egraph 29g->262v+0snap 6ms | graft 24 (-92n, 0 snap) cpu 0 | f64 20 | gen 0.2s
 336     0     100               0   0.00362575912   0.00289856958     0.171891625    0.0207221545     0.027475932    0.0267830964
 336     1      50               0   0.00362575912   0.00289856958     0.171891625    0.0207221545     0.027475932    0.0267830964
          wgpu 1d 243g 439c x3w 5ms | egraph 28g->293v+0snap 7ms | graft 31 (-95n, 0 snap) cpu 0 | f64 20 | gen 0.3s
 337     0     100               0   0.00362575912   0.00289856958     0.171891625    0.0207221545     0.027475932    0.0267830964
 337     1      50               0   0.00362575912   0.00289856958     0.171891625    0.0207221545     0.027475932    0.0267830964
          wgpu 1d 232g 406c x3w 5ms | egraph 31g->260v+0snap 7ms | graft 35 (-110n, 0 snap) cpu 0 | f64 20 | gen 0.2s
 338     0     100               0   0.00362575912   0.00289856958     0.171891625    0.0207221545     0.027475932    0.0267830964
 338     1      50               0   0.00362575912   0.00289856958     0.171891625    0.0207221545     0.027475932    0.0267830964
          wgpu 1d 202g 411c x3w 5ms | egraph 28g->265v+0snap 6ms | graft 34 (-108n, 0 snap) cpu 0 | f64 20 | gen 0.2s
 339     0     100               0   0.00362575912   0.00289856958     0.171891625    0.0207221545     0.027475932    0.0267830964
 339     1      50               0   0.00362575912   0.00289856958     0.171891625    0.0207221545     0.027475932    0.0267830964
          wgpu 1d 240g 434c x3w 5ms | egraph 32g->288v+0snap 8ms | graft 29 (-109n, 0 snap) cpu 0 | f64 20 | gen 0.3s | dropped inexpr 1 oversz 0 unbuild 0 {}
 340     0     100               0   0.00362575912   0.00289856958     0.171891625    0.0207221545     0.027475932    0.0267830964
 340     1      50               0   0.00362575912   0.00289856958     0.171891625    0.0207221545     0.027475932    0.0267830964
          wgpu 1d 207g 423c x3w 5ms | egraph 28g->277v+0snap 7ms | graft 30 (-103n, 0 snap) cpu 0 | f64 20 | gen 0.2s
--------- pump migration: intra (promote-2 + intake-reset) ---------
 341     0     100               0   0.00362575912   0.00289856958     0.171891625    0.0207221545     0.027475932    0.0267830964
 341     1      50               0   0.00362575912   0.00289856958     0.171891625    0.0207221545     0.027475932    0.0267830964
          wgpu 2d 437g 566c x3w 9ms | egraph 111g->340v+0snap 33ms | graft 50 (-203n, 0 snap) cpu 0 | f64 30 | gen 0.2s | dropped inexpr 2 oversz 0 unbuild 0 {}
 342     0     100               0   0.00362575912   0.00289856958     0.171891625    0.0207221545     0.027475932    0.0267830964
 342     1      50               0   0.00362575912   0.00289856958     0.171891625    0.0207221545     0.027475932    0.0267830964
          wgpu 1d 217g 426c x3w 4ms | egraph 25g->280v+0snap 5ms | graft 28 (-101n, 0 snap) cpu 0 | f64 20 | gen 0.2s
 343     0     100               0   0.00362575912   0.00289856958     0.171891625    0.0207221545     0.027475932    0.0267830964
 343     1      50               0   0.00362575912   0.00289856958     0.171891625    0.0207221545     0.027475932    0.0267830964
          wgpu 1d 181g 422c x3w 4ms | egraph 21g->276v+0snap 6ms | graft 29 (-92n, 0 snap) cpu 0 | f64 20 | gen 0.2s
 344     0     100               0   0.00362575912   0.00289856958     0.171891625    0.0207221545     0.027475932    0.0267830964
 344     1      50               0   0.00362575912   0.00289856958     0.171891625    0.0207221545     0.027475932    0.0267830964
          wgpu 1d 200g 429c x3w 5ms | egraph 22g->283v+0snap 5ms | graft 32 (-96n, 0 snap) cpu 0 | f64 20 | gen 0.2s
 345     0     100               0   0.00362575912   0.00289856958     0.171891625    0.0207221545     0.027475932    0.0267830964
 345     1      50               0   0.00362575912   0.00289856958     0.171891625    0.0207221545     0.027475932    0.0267830964
          wgpu 1d 240g 426c x3w 5ms | egraph 32g->280v+0snap 7ms | graft 32 (-104n, 0 snap) cpu 0 | f64 20 | gen 0.2s
 346     0     100               0   0.00362575912   0.00289856958     0.171891625    0.0207221545     0.027475932    0.0267830964
 346     1      50               0   0.00362575912   0.00289856958     0.171891625    0.0207221545     0.027475932    0.0267830964
          wgpu 1d 235g 407c x3w 5ms | egraph 29g->261v+0snap 7ms | graft 31 (-104n, 0 snap) cpu 0 | f64 20 | gen 0.2s
 347     0     100               0   0.00362575912   0.00289856958     0.171891625    0.0207221545     0.027475932    0.0267830964
 347     1      50               0   0.00362575912   0.00289856958     0.171891625    0.0207221545     0.027475932    0.0267830964
          wgpu 1d 234g 415c x3w 21ms | egraph 26g->269v+0snap 6ms | graft 30 (-107n, 0 snap) cpu 0 | f64 20 | gen 0.3s
 348     0     100               0   0.00362575912   0.00289856958     0.171891625    0.0207221545     0.027475932    0.0267830964
 348     1      50               0   0.00362575912   0.00289856958     0.171891625    0.0207221545     0.027475932    0.0267830964
          wgpu 1d 204g 409c x3w 5ms | egraph 25g->263v+0snap 6ms | graft 26 (-89n, 0 snap) cpu 0 | f64 20 | gen 0.2s
 349     0     100               0   0.00362575912   0.00289856958     0.171891625    0.0207221545     0.027475932    0.0267830964
 349     1      50               0   0.00362575912   0.00289856958     0.171891625    0.0207221545     0.027475932    0.0267830964
          wgpu 1d 208g 416c x3w 5ms | egraph 19g->270v+0snap 5ms | graft 34 (-96n, 0 snap) cpu 0 | f64 20 | gen 0.2s
 350     0     100               0   0.00362575912   0.00289856958     0.171891625    0.0207221545     0.027475932    0.0267830964
 350     1      50               0   0.00362575912   0.00289856958     0.171891625    0.0207221545     0.027475932    0.0267830964
          wgpu 1d 238g 405c x3w 5ms | egraph 26g->259v+0snap 6ms | graft 35 (-112n, 0 snap) cpu 0 | f64 20 | gen 0.2s
--------- pump migration: intra (promote-2 + intake-reset) ---------
 351     0     100               0   0.00362575912   0.00289856958     0.171891625    0.0207221545     0.027475932    0.0267830964
 351     1      50               0   0.00362575912   0.00289856958     0.171891625    0.0207221545     0.027475932    0.0267830964
          wgpu 2d 367g 497c x3w 8ms | egraph 74g->271v+0snap 19ms | graft 38 (-127n, 0 snap) cpu 0 | f64 30 | gen 0.2s | dropped inexpr 2 oversz 0 unbuild 0 {}
 352     0     100               0   0.00362575912   0.00289856958     0.171891625    0.0207221545     0.027475932    0.0267830964
 352     1      50               0   0.00362575912   0.00289856958     0.171891625    0.0207221545     0.027475932    0.0267830964
          wgpu 1d 235g 422c x3w 5ms | egraph 27g->276v+0snap 6ms | graft 22 (-75n, 0 snap) cpu 0 | f64 20 | gen 0.3s
 353     0     100               0   0.00362575912   0.00289856958     0.171891625    0.0207221545     0.027475932    0.0267830964
 353     1      50               0   0.00362575912   0.00289856958     0.171891625    0.0207221545     0.027475932    0.0267830964
          wgpu 1d 208g 406c x3w 5ms | egraph 11g->260v+0snap 21ms | graft 24 (-82n, 0 snap) cpu 0 | f64 20 | gen 0.2s | dropped inexpr 1 oversz 0 unbuild 0 {}
 354     0     100               0   0.00362575912   0.00289856958     0.171891625    0.0207221545     0.027475932    0.0267830964
 354     1      50               0   0.00362575912   0.00289856958     0.171891625    0.0207221545     0.027475932    0.0267830964
          wgpu 1d 193g 402c x3w 9ms | egraph 22g->256v+0snap 11ms | graft 27 (-95n, 0 snap) cpu 0 | f64 20 | gen 0.2s | dropped inexpr 1 oversz 0 unbuild 0 {}
 355     0     100               0   0.00362575912   0.00289856958     0.171891625    0.0207221545     0.027475932    0.0267830964
 355     1      50               0   0.00362575912   0.00289856958     0.171891625    0.0207221545     0.027475932    0.0267830964
          wgpu 1d 220g 376c x3w 4ms | egraph 22g->230v+0snap 5ms | graft 22 (-61n, 0 snap) cpu 0 | f64 20 | gen 0.2s
 356     0     100               0   0.00362575912   0.00289856958     0.171891625    0.0207221545     0.027475932    0.0267830964
 356     1      50               0   0.00362575912   0.00289856958     0.171891625    0.0207221545     0.027475932    0.0267830964
          wgpu 1d 214g 401c x3w 5ms | egraph 25g->255v+0snap 6ms | graft 29 (-118n, 0 snap) cpu 0 | f64 20 | gen 0.2s
 357     0     100               0   0.00362575912   0.00289856958     0.171891625    0.0207221545     0.027475932    0.0267830964
 357     1      50               0   0.00362575912   0.00289856958     0.171891625    0.0207221545     0.027475932    0.0267830964
          wgpu 1d 202g 385c x3w 5ms | egraph 28g->239v+0snap 7ms | graft 26 (-92n, 0 snap) cpu 0 | f64 20 | gen 0.2s
 358     0     100               0   0.00362575912   0.00289856958     0.171891625    0.0207221545     0.027475932    0.0267830964
 358     1      50               0   0.00362575912   0.00289856958     0.171891625    0.0207221545     0.027475932    0.0267830964
          wgpu 1d 200g 359c x3w 5ms | egraph 27g->213v+0snap 6ms | graft 20 (-53n, 0 snap) cpu 0 | f64 20 | gen 0.2s
 359     0     100               0   0.00362575912   0.00289856958     0.171891625    0.0207221545     0.027475932    0.0267830964
 359     1      50               0   0.00362575912   0.00289856958     0.171891625    0.0207221545     0.027475932    0.0267830964
          wgpu 1d 189g 365c x3w 4ms | egraph 22g->219v+0snap 13ms | graft 24 (-69n, 0 snap) cpu 0 | f64 20 | gen 0.2s
 360     0     100               0   0.00362575912   0.00289856958     0.171891625    0.0207221545     0.027475932    0.0267830964
 360     1      50               0   0.00362575912   0.00289856958     0.171891625    0.0207221545     0.027475932    0.0267830964
          wgpu 1d 224g 431c x3w 6ms | egraph 26g->285v+0snap 6ms | graft 38 (-134n, 0 snap) cpu 0 | f64 20 | gen 0.2s
--------- pump migration: intra (promote-2 + intake-reset) + cross ---------
 361     0     100               0   0.00362575912   0.00289856958     0.171891625    0.0207221545     0.027475932    0.0267830964
 361     1      50               0   0.00362575912   0.00289856958     0.171891625    0.0207221545     0.027475932    0.0267830964
          wgpu 2d 430g 582c x3w 9ms | egraph 104g->356v+0snap 25ms | graft 53 (-189n, 0 snap) cpu 0 | f64 30 | gen 0.3s | dropped inexpr 3 oversz 0 unbuild 0 {}
 362     0     100               0   0.00362575912   0.00289856958     0.171891625    0.0207221545     0.027475932    0.0267830964
 362     1      50               0   0.00362575912   0.00289856958     0.171891625    0.0207221545     0.027475932    0.0267830964
          wgpu 1d 268g 433c x3w 5ms | egraph 40g->287v+0snap 10ms | graft 25 (-67n, 0 snap) cpu 0 | f64 20 | gen 0.2s
 363     0     100               0   0.00362575912   0.00289856958     0.171891625    0.0207221545     0.027475932    0.0267830964
 363     1      50               0   0.00362575912   0.00289856958     0.171891625    0.0207221545     0.027475932    0.0267830964
          wgpu 1d 205g 415c x3w 5ms | egraph 27g->269v+0snap 7ms | graft 24 (-79n, 0 snap) cpu 0 | f64 20 | gen 0.2s
 364     0     100               0   0.00362575912   0.00289856958     0.171891625    0.0207221545     0.027475932    0.0267830964
 364     1      50               0   0.00362575912   0.00289856958     0.171891625    0.0207221545     0.027475932    0.0267830964
          wgpu 1d 217g 431c x3w 5ms | egraph 31g->285v+0snap 7ms | graft 30 (-104n, 0 snap) cpu 0 | f64 20 | gen 0.2s
 365     0     100               0   0.00362575912   0.00289856958     0.171891625    0.0207221545     0.027475932    0.0267830964
 365     1      50               0   0.00362575912   0.00289856958     0.171891625    0.0207221545     0.027475932    0.0267830964
          wgpu 1d 250g 425c x3w 5ms | egraph 23g->279v+0snap 7ms | graft 33 (-92n, 0 snap) cpu 0 | f64 20 | gen 0.2s
 366     0     100               0   0.00362575912   0.00289856958     0.171891625    0.0207221545     0.027475932    0.0267830964
 366     1      50               0   0.00362575912   0.00289856958     0.171891625    0.0207221545     0.027475932    0.0267830964
          wgpu 1d 237g 411c x3w 5ms | egraph 30g->265v+0snap 6ms | graft 27 (-90n, 0 snap) cpu 0 | f64 20 | gen 0.2s | dropped inexpr 1 oversz 0 unbuild 0 {}
 367     0     100               0   0.00362575912   0.00289856958     0.171891625    0.0207221545     0.027475932    0.0267830964
 367     1      50               0   0.00362575912   0.00289856958     0.171891625    0.0207221545     0.027475932    0.0267830964
          wgpu 1d 221g 416c x3w 5ms | egraph 31g->270v+0snap 6ms | graft 28 (-94n, 0 snap) cpu 0 | f64 20 | gen 0.2s
 368     0     100               0   0.00362575912   0.00289856958     0.171891625    0.0207221545     0.027475932    0.0267830964
 368     1      50               0   0.00362575912   0.00289856958     0.171891625    0.0207221545     0.027475932    0.0267830964
          wgpu 1d 208g 420c x3w 5ms | egraph 16g->274v+0snap 4ms | graft 33 (-109n, 0 snap) cpu 0 | f64 20 | gen 0.2s
 369     0     100               0   0.00362575912   0.00289856958     0.171891625    0.0207221545     0.027475932    0.0267830964
 369     1      50               0   0.00362575912   0.00289856958     0.171891625    0.0207221545     0.027475932    0.0267830964
          wgpu 1d 220g 411c x3w 5ms | egraph 23g->265v+0snap 5ms | graft 35 (-93n, 0 snap) cpu 0 | f64 20 | gen 0.2s
 370     0     100               0   0.00362575912   0.00289856958     0.171891625    0.0207221545     0.027475932    0.0267830964
 370     1      50               0   0.00362575912   0.00289856958     0.171891625    0.0207221545     0.027475932    0.0267830964
          wgpu 1d 197g 410c x3w 4ms | egraph 25g->264v+0snap 21ms | graft 30 (-88n, 0 snap) cpu 0 | f64 20 | gen 0.2s
--------- pump migration: intra (promote-2 + intake-reset) ---------
 371     0     100               0   0.00362575912   0.00289856958     0.171891625    0.0207221545     0.027475932    0.0267830964
 371     1      50               0   0.00362575912   0.00289856958     0.171891625    0.0207221545     0.027475932    0.0267830964
          wgpu 2d 398g 531c x3w 9ms | egraph 96g->305v+0snap 24ms | graft 34 (-131n, 0 snap) cpu 0 | f64 30 | gen 0.2s | dropped inexpr 3 oversz 0 unbuild 0 {}
 372     0     100               0   0.00362575912   0.00289856958     0.171891625    0.0207221545     0.027475932    0.0267830964
 372     1      50               0   0.00362575912   0.00289856958     0.171891625    0.0207221545     0.027475932    0.0267830964
          wgpu 1d 217g 433c x3w 10ms | egraph 19g->287v+0snap 5ms | graft 19 (-52n, 0 snap) cpu 0 | f64 20 | gen 0.2s
 373     0     100               0   0.00362575912   0.00289856958     0.171891625    0.0207221545     0.027475932    0.0267830964
 373     1      50               0   0.00362575912   0.00289856958     0.171891625    0.0207221545     0.027475932    0.0267830964
          wgpu 1d 210g 405c x3w 4ms | egraph 27g->259v+0snap 6ms | graft 31 (-88n, 0 snap) cpu 0 | f64 20 | gen 0.2s
 374     0     100               0   0.00362575912   0.00289856958     0.171891625    0.0207221545     0.027475932    0.0267830964
 374     1      50               0   0.00362575912   0.00289856958     0.171891625    0.0207221545     0.027475932    0.0267830964
          wgpu 1d 220g 424c x3w 5ms | egraph 37g->278v+0snap 11ms | graft 33 (-102n, 0 snap) cpu 0 | f64 20 | gen 0.2s
 375     0     100               0   0.00362575912   0.00289856958     0.171891625    0.0207221545     0.027475932    0.0267830964
 375     1      50               0   0.00362575912   0.00289856958     0.171891625    0.0207221545     0.027475932    0.0267830964
          wgpu 1d 232g 432c x3w 5ms | egraph 28g->286v+0snap 7ms | graft 37 (-117n, 0 snap) cpu 0 | f64 20 | gen 0.2s
 376     0     100               0   0.00362575912   0.00289856958     0.171891625    0.0207221545     0.027475932    0.0267830964
 376     1      50               0   0.00362575912   0.00289856958     0.171891625    0.0207221545     0.027475932    0.0267830964
          wgpu 1d 245g 428c x3w 12ms | egraph 29g->282v+0snap 6ms | graft 29 (-107n, 0 snap) cpu 0 | f64 20 | gen 0.2s
 377     0     100               0   0.00362575912   0.00289856958     0.171891625    0.0207221545     0.027475932    0.0267830964
 377     1      50               0   0.00362575912   0.00289856958     0.171891625    0.0207221545     0.027475932    0.0267830964
          wgpu 1d 220g 420c x3w 5ms | egraph 28g->274v+0snap 7ms | graft 34 (-109n, 0 snap) cpu 0 | f64 20 | gen 0.2s
 378     0     100               0   0.00362575912   0.00289856958     0.171891625    0.0207221545     0.027475932    0.0267830964
 378     1      50               0   0.00362575912   0.00289856958     0.171891625    0.0207221545     0.027475932    0.0267830964
          wgpu 1d 228g 419c x3w 5ms | egraph 24g->273v+0snap 6ms | graft 26 (-86n, 0 snap) cpu 0 | f64 20 | gen 0.2s
 379     0     100               0   0.00362575912   0.00289856958     0.171891625    0.0207221545     0.027475932    0.0267830964
 379     1      50               0   0.00362575912   0.00289856958     0.171891625    0.0207221545     0.027475932    0.0267830964
          wgpu 1d 230g 419c x3w 5ms | egraph 30g->273v+0snap 6ms | graft 27 (-92n, 0 snap) cpu 0 | f64 20 | gen 0.2s
 380     0     100               0   0.00362575912   0.00289856958     0.171891625    0.0207221545     0.027475932    0.0267830964
 380     1      50               0   0.00362575912   0.00289856958     0.171891625    0.0207221545     0.027475932    0.0267830964
          wgpu 1d 216g 424c x3w 5ms | egraph 29g->278v+0snap 7ms | graft 34 (-120n, 0 snap) cpu 0 | f64 20 | gen 0.2s
--------- pump migration: intra (promote-2 + intake-reset) ---------
 381     0     100               0   0.00362575912   0.00289856958     0.171891625    0.0207221545     0.027475932    0.0267830964
 381     1      50               0   0.00362575912   0.00289856958     0.171891625    0.0207221545     0.027475932    0.0267830964
          wgpu 2d 380g 560c x3w 8ms | egraph 87g->334v+0snap 20ms | graft 25 (-71n, 0 snap) cpu 0 | f64 30 | gen 0.2s | dropped inexpr 2 oversz 0 unbuild 0 {}
 382     0     100               0   0.00362575912   0.00289856958     0.171891625    0.0207221545     0.027475932    0.0267830964
 382     1      50               0   0.00362575912   0.00289856958     0.171891625    0.0207221545     0.027475932    0.0267830964
          wgpu 1d 239g 397c x3w 5ms | egraph 41g->251v+0snap 8ms | graft 31 (-85n, 0 snap) cpu 0 | f64 20 | gen 0.2s
 383     0     100               0   0.00362575912   0.00289856958     0.171891625    0.0207221545     0.027475932    0.0267830964
 383     1      50               0   0.00362575912   0.00289856958     0.171891625    0.0207221545     0.027475932    0.0267830964
          wgpu 1d 238g 419c x3w 5ms | egraph 29g->273v+0snap 6ms | graft 30 (-93n, 0 snap) cpu 0 | f64 20 | gen 0.2s
 384     0     100               0   0.00362575912   0.00289856958     0.171891625    0.0207221545     0.027475932    0.0267830964
 384     1      50               0   0.00362575912   0.00289856958     0.171891625    0.0207221545     0.027475932    0.0267830964
          wgpu 1d 218g 417c x3w 5ms | egraph 26g->271v+0snap 6ms | graft 36 (-113n, 0 snap) cpu 0 | f64 20 | gen 0.2s
 385     0     100               0   0.00362575912   0.00289856958     0.171891625    0.0207221545     0.027475932    0.0267830964
 385     1      50               0   0.00362575912   0.00289856958     0.171891625    0.0207221545     0.027475932    0.0267830964
          wgpu 1d 199g 419c x3w 4ms | egraph 31g->273v+0snap 7ms | graft 18 (-59n, 0 snap) cpu 0 | f64 20 | gen 0.2s
 386     0     100               0   0.00362575912   0.00289856958     0.171891625    0.0207221545     0.027475932    0.0267830964
 386     1      50               0   0.00362575912   0.00289856958     0.171891625    0.0207221545     0.027475932    0.0267830964
          wgpu 1d 229g 427c x3w 5ms | egraph 26g->281v+0snap 9ms | graft 38 (-148n, 0 snap) cpu 0 | f64 20 | gen 0.2s
 387     0     100               0   0.00362575912   0.00289856958     0.171891625    0.0207221545     0.027475932    0.0267830964
 387     1      50               0   0.00362575912   0.00289856958     0.171891625    0.0207221545     0.027475932    0.0267830964
          wgpu 1d 237g 426c x3w 5ms | egraph 29g->280v+0snap 7ms | graft 36 (-100n, 0 snap) cpu 0 | f64 20 | gen 0.2s
 388     0     100               0   0.00362575912   0.00289856958     0.171891625    0.0207221545     0.027475932    0.0267830964
 388     1      50               0   0.00362575912   0.00289856958     0.171891625    0.0207221545     0.027475932    0.0267830964
          wgpu 1d 250g 436c x3w 12ms | egraph 22g->290v+0snap 6ms | graft 32 (-109n, 0 snap) cpu 0 | f64 20 | gen 0.2s | dropped inexpr 1 oversz 0 unbuild 0 {}
 389     0     100               0   0.00362575912   0.00289856958     0.171891625    0.0207221545     0.027475932    0.0267830964
 389     1      50               0   0.00362575912   0.00289856958     0.171891625    0.0207221545     0.027475932    0.0267830964
          wgpu 1d 230g 414c x3w 5ms | egraph 37g->268v+0snap 8ms | graft 24 (-63n, 0 snap) cpu 0 | f64 20 | gen 0.2s
 390     0     100               0   0.00362575912   0.00289856958     0.171891625    0.0207221545     0.027475932    0.0267830964
 390     1      50               0   0.00362575912   0.00289856958     0.171891625    0.0207221545     0.027475932    0.0267830964
          wgpu 1d 252g 445c x3w 5ms | egraph 26g->299v+0snap 8ms | graft 31 (-100n, 0 snap) cpu 0 | f64 20 | gen 0.2s
--------- pump migration: intra (promote-2 + intake-reset) + cross ---------
 391     0     100               0   0.00362575912   0.00289856958     0.171891625    0.0207221545     0.027475932    0.0267830964
 391     1      50               0   0.00362575912   0.00289856958     0.171891625    0.0207221545     0.027475932    0.0267830964
          wgpu 2d 420g 575c x3w 8ms | egraph 99g->349v+0snap 26ms | graft 41 (-138n, 0 snap) cpu 0 | f64 30 | gen 0.2s | dropped inexpr 5 oversz 0 unbuild 0 {}
--------- pump migration: cross-class ---------
 392     0     100               0    0.0390039387    0.0305124528     0.670064651     0.209342027     0.295571088     0.281938363
 392     1      50               0   0.00362575912   0.00289856958     0.171891625    0.0207221545     0.027475932    0.0267830964
          wgpu 2d 351g 491c x3w 8ms | egraph 71g->265v+0snap 20ms | graft 37 (-138n, 0 snap) cpu 0 | f64 30 | gen 0.2s | dropped inexpr 3 oversz 0 unbuild 0 {}
--------- pump migration: cross-class ---------
 393     0     100               0   0.00362575912   0.00289856958     0.171891625    0.0207221545     0.027475932    0.0267830964
 393     1      50               0   0.00362575912   0.00289856958     0.171891625    0.0207221545     0.027475932    0.0267830964
          wgpu 2d 347g 449c x3w 7ms | egraph 70g->223v+0snap 47ms | graft 32 (-103n, 0 snap) cpu 0 | f64 30 | gen 0.2s | dropped inexpr 3 oversz 0 unbuild 0 {}
--------- pump migration: cross-class ---------
 394     0     100               0    0.0289193091    0.0254282493     0.423429206     0.441583854     0.219149961     0.234959773
 394     1      50               0   0.00362575912   0.00289856958     0.171891625    0.0207221545     0.027475932    0.0267830964
          wgpu 2d 431g 527c x3w 9ms | egraph 119g->301v+0snap 32ms | graft 37 (-152n, 0 snap) cpu 0 | f64 30 | gen 0.4s | dropped inexpr 4 oversz 0 unbuild 0 {}
--------- pump migration: cross-class ---------
 395     0     100               0    0.0289193091    0.0254282493     0.423429206     0.441583854     0.219149961     0.234959773
 395     1      50               0   0.00362575912   0.00289856958     0.171891625    0.0207221545     0.027475932    0.0267830964
          wgpu 2d 386g 497c x3w 8ms | egraph 122g->271v+0snap 35ms | graft 35 (-136n, 0 snap) cpu 0 | f64 30 | gen 0.2s
--------- pump migration: cross-class ---------
 396     0     100               0    0.0289193091    0.0254282493     0.423429206     0.441583854     0.219149961     0.234959773
 396     1      50               0   0.00362575912   0.00289856958     0.171891625    0.0207221545     0.027475932    0.0267830964
          wgpu 2d 429g 516c x3w 12ms | egraph 135g->290v+0snap 29ms | graft 36 (-152n, 0 snap) cpu 0 | f64 30 | gen 0.2s | dropped inexpr 5 oversz 0 unbuild 0 {}
--------- pump migration: cross-class ---------
 397     0     100               0    0.0289193091    0.0254282493     0.423429206     0.441583854     0.219149961     0.234959773
 397     1      50               0   0.00362575912   0.00289856958     0.171891625    0.0207221545     0.027475932    0.0267830964
          wgpu 2d 373g 451c x3w 8ms | egraph 103g->225v+0snap 23ms | graft 24 (-108n, 0 snap) cpu 0 | f64 30 | gen 0.2s | dropped inexpr 2 oversz 0 unbuild 0 {}
--------- pump migration: cross-class ---------
 398     0     100               0    0.0289193091    0.0254282493     0.423429206     0.441583854     0.219149961     0.234959773
 398     1      50               0   0.00362575912   0.00289856958     0.171891625    0.0207221545     0.027475932    0.0267830964
          wgpu 2d 415g 497c x3w 8ms | egraph 108g->271v+0snap 25ms | graft 35 (-159n, 0 snap) cpu 0 | f64 30 | gen 0.2s | dropped inexpr 6 oversz 0 unbuild 0 {}
--------- pump migration: cross-class ---------
 399     0     100               0    0.0289193091    0.0254282493     0.423429206     0.441583854     0.219149961     0.234959773
 399     1      50               0   0.00362575912   0.00289856958     0.171891625    0.0207221545     0.027475932    0.0267830964
          wgpu 2d 399g 462c x3w 8ms | egraph 104g->236v+0snap 24ms | graft 30 (-110n, 0 snap) cpu 0 | f64 30 | gen 0.2s | dropped inexpr 3 oversz 0 unbuild 0 {}
--------- pump migration: cross-class ---------
 400     0     100               0    0.0289193091    0.0254282493     0.423429206     0.441583854     0.219149961     0.234959773
 400     1      50               0   0.00362575912   0.00289856958     0.171891625    0.0207221545     0.027475932    0.0267830964
          wgpu 2d 378g 454c x3w 8ms | egraph 127g->228v+0snap 28ms | graft 32 (-130n, 0 snap) cpu 0 | f64 30 | gen 0.2s | dropped inexpr 2 oversz 0 unbuild 0 {}
--------- pump migration: intra (promote-2 + intake-reset) + cross ---------

This sub-run: 2026-09-19 07:09:43.468775 → 2026-09-19 07:11:02.567111
Now at generation 400 (HOF size: 30)
[join] 450 dispatches, 75,859 genes, 397,446 candidates scored in 1.98s GPU+host; e-graph 15,028 trees -> 70,010 variants + 0 snaps in 4.09s; 7,411 grafts (0 snap), 25,267 nodes removed; cpu-path individuals 0, f64-rejected 0, snaps refused for naming an input 0
[join]   inexpressible:    239  no pset token for semantic id "pow" with arity 2
  HFF-chosen LSM kept: a=-0.496245, b=0.720212
Chromosome wrapper: id=0  →  identity
hof[0] runtime val: mse=1.410e-02  R²=0.869743
Pre-snap expression (after sympify + LSM compose):
  0.165414863896189*d1 + 0.165414863896189*d2 - 0.165414863896189*n - 0.165414863896189*log(Abs(d1)) - 0.165414863896189*sqrt(Abs(n)) + 0.720211553095769

Per-level snap results (before MSE scoring):
  strict      →  0.165414863896189*d1 + 0.165414863896189*d2 - 0.165414863896189*sqrt(n) - 0.165414863896189*n - 0.165414863896189*log(d1) + 0.720211553095769
  default     →  0.165414863896189*d1 + 0.165414863896189*d2 - 0.165414863896189*sqrt(n) - 0.165414863896189*n - 0.165414863896189*log(d1) + 0.720870247426678
  aggressive  →  0.165414863896189*d1 + 0.165414863896189*d2 - 0.165414863896189*sqrt(n) - 0.165414863896189*n - 0.165414863896189*log(d1) + 0.720870247426678

Snap-level comparison (sorted by holdout MSE, lowest first)
------------------------------------------------------------------------------------------
  level       MSE            R²         expression                                        
------------------------------------------------------------------------------------------
★ default     0.01545        0.8810     0.165414863896189*d1 + 0.165414863896189*d2 - 0.16
  aggressive  0.01545        0.8810     0.165414863896189*d1 + 0.165414863896189*d2 - 0.16
  strict      0.01547        0.8808     0.165414863896189*d1 + 0.165414863896189*d2 - 0.16

Winning snap level: 'default'  →  0.165414863896189*d1 + 0.165414863896189*d2 - 0.165414863896189*sqrt(n) - 0.165414863896189*n - 0.165414863896189*log(d1) + 0.720870247426678

Canonical discovered expression: 0.165414863896189*d1 + 0.165414863896189*d2 - 0.165414863896189*sqrt(n) - 0.165414863896189*n - 0.165414863896189*log(d1) + 0.720870247426678
[38;2;0;50;255m
############################################################ [38;2;255;255;255m
[38;2;0;50;255m Equation Recovery: I_27_6 [38;2;255;255;255m
[38;2;0;50;255m Truth: 1/(1/d1+n/d2) [38;2;255;255;255m
[38;2;0;50;255m [38;2;255;255;255m
[38;2;255;0;255m     Exact recovery     : False [38;2;255;255;255m
[38;2;255;0;255m     Numerical recovery : False (max rel_err 5.94e+00 on 10k samples) [38;2;255;255;255m
[38;2;255;0;255m     Discovered         : 0.165414863896189*d1 + 0.165414863896189*d2 - 0.165414863896189*sqrt(n) - 0.165414863896189*n - 0.165414863896189*log(d1) + 0.720870247426678 [38;2;255;255;255m
[38;2;255;0;255m     LSM (a, b)         : (-0.496245, 0.720212) [38;2;255;255;255m
[38;2;0;50;255m
############################################################ [38;2;255;255;255m
In-range holdout : MSE=0.01547  MAE=0.09237  R²=0.8808
Extrapolation    : MSE=0.04514  MAE=0.1663  R²=0.8099

Top 10 HOF models (north_pole=truenorth) (★ = Pareto-optimal)
(deduped HOF: 11 unique chromosomes from 30 raw HOF entries)
 ----------------------------------------------------------------------------------------------------------------
       model     wrapper      length   train_mse     val_mse     max_err    train_r2      val_r2 angular_distance
 ----------------------------------------------------------------------------------------------------------------
★          26     log_abs           6      0.0115      0.0089      0.3105      0.9126      0.9177      0.0000
            0    identity           9      0.0177      0.0141      0.5092      0.8656      0.8697      0.7972
            4    identity          10      0.0184      0.0143      0.5141      0.8606      0.8678      0.8413
           16    identity           9      0.0184      0.0143      0.5141      0.8606      0.8678      0.8413
            9    identity          10      0.0184      0.0143      0.5141      0.8606      0.8678      0.8413
            6    identity          10      0.0184      0.0143      0.5141      0.8606      0.8678      0.8413
            8    identity          10      0.0184      0.0143      0.5141      0.8606      0.8678      0.8413
           12    identity          10      0.0184      0.0143      0.5141      0.8606      0.8678      0.8413
           28    identity          10      0.0209      0.0165      0.4958      0.8420      0.8476      1.0304
           27    identity          12      0.0181      0.0171      0.5545      0.8626      0.8420      1.0575

Pareto-optimal in top 10: 1    Pareto-optimal in full HOF: 1 / 11

Recovery sweep across 11/11 unique HOF chromosomes (capped):
  Structural / exact     : 0/11  (0.0%)
  Numerical (≤1e-6 err)  : 0/11  (0.0%)
{
    "date": "2026/09/19",
    "seed": "5",
    "task": "equation_recovery",
    "north_pole_method": "truenorth",
    "hff_include_val": true,
    "problem": "I_27_6",
    "truth_expr": "1/(1/d1+n/d2)",
    "final_terminal_inputs": [
        "d1",
        "d2",
        "n"
    ],
    "wide_primitives": true,
    "head_length": "48",
    "n_genes": "3",
    "rnc_array_length": "10",
    "tournament size": "intake=8, champion=5",
    "population size": "150",
    "population per island": "intake=100, champion=50",
    "gpu_join": true,
    "eclass_k": 8,
    "number of elites": "2",
    "number of generations": "400",
    "number of islands": "2",
    "migration FREQ": "30",
    "wrapper_id": 0,
    "wrapper_name": "identity",
    "recovery_exact": false,
    "recovery_numerical": false,
    "recovery_max_rel_err": 5.9360975609189,
    "discovered_expr": "0.165414863896189*d1 + 0.165414863896189*d2 - 0.165414863896189*sqrt(n) - 0.165414863896189*n - 0.165414863896189*log(d1) + 0.720870247426678",
    "holdout_mse": 0.01546900455138983,
    "holdout_r2": 0.8808206804579216,
    "extrap_mse": 0.04514296393796458,
    "extrap_r2": 0.8098764813119895,
    "hof_size": 11,
    "hof_exact_recoveries": 0,
    "hof_numerical_recoveries": 0
}
