/opt/anaconda3/lib/python3.12/site-packages/geppy/__init__.py:26: UserWarning: pkg_resources is deprecated as an API. See https://setuptools.pypa.io/en/latest/pkg_resources.html. The pkg_resources package is slated for removal as early as 2025-11-30. Refrain from using this package or pin to Setuptools<81.
  from pkg_resources import get_distribution, DistributionNotFound
hff library OK (test fitness: (0.1415394733244273,))
registry: ['circle_area', 'gravity', 'coulomb', 'pendulum', 'keplers3', 'ideal_gas', 'I_6_2a', 'I_6_2', 'I_6_2b', 'I_8_14', 'I_9_18', 'I_10_7', 'I_11_19', 'I_12_1', 'I_12_2', 'I_12_4', 'I_12_5', 'I_12_11', 'I_13_4', 'I_13_12', 'I_14_3', 'I_14_4', 'I_15_3x', 'I_15_3t', 'I_15_1', 'I_16_6', 'I_18_4', 'I_18_12', 'I_18_14', 'I_24_6', 'I_25_13', 'I_26_2', 'I_27_6', 'I_29_4', 'I_29_16', 'I_30_3', 'I_30_5', 'I_32_5', 'I_32_17', 'I_34_8', 'I_34_1', 'I_34_14', 'I_34_27', 'I_37_4', 'I_38_12', 'I_39_1', 'I_39_11', 'I_39_22', 'I_40_1', 'I_41_16', 'I_43_16', 'I_43_31', 'I_43_43', 'I_44_4', 'I_47_23', 'I_48_2', 'I_50_26', 'II_2_42', 'II_3_24', 'II_4_23', 'II_6_11', 'II_6_15a', 'II_6_15b', 'II_8_7', 'II_8_31', 'II_10_9', 'II_11_3', 'II_11_17', 'II_11_20', 'II_11_27', 'II_11_28', 'II_13_17', 'II_13_23', 'II_13_34', 'II_15_4', 'II_15_5', 'II_21_32', 'II_24_17', 'II_27_16', 'II_27_18', 'II_34_2a', 'II_34_2', 'II_34_11', 'II_34_29a', 'II_34_29b', 'II_35_18', 'II_35_21', 'II_36_38', 'II_37_1', 'II_38_3', 'II_38_14', 'III_4_32', 'III_4_33', 'III_7_38', 'III_8_54', 'III_9_52', 'III_10_19', 'III_12_43', 'III_13_18', 'III_14_14', 'III_15_12', 'III_15_14', 'III_15_27', 'III_17_37', 'III_19_51', 'III_21_20', 'test_1', 'test_2', 'test_3', 'test_4', 'test_5', 'test_6', 'test_7', 'test_8', 'test_9', 'test_10', 'test_11', 'test_12', 'test_13', 'test_14', 'test_15', 'test_16', 'test_17', 'test_18', 'test_19', 'test_20']
[feynman override] head_length=48 (keep n_genes=3, avgval linker)
Selected problem: I_40_1
  Description : Feynman I-III I.40.1: n = n_0*exp(-m*g*x/(kb*T))
  Variables   : ['n_0', 'm', 'x', 'T', 'g', 'kb']
  Train range : {'n_0': (1.0, 5.0), 'm': (1.0, 5.0), 'x': (1.0, 5.0), 'T': (1.0, 5.0), 'g': (1.0, 5.0), 'kb': (1.0, 5.0)}
  Extrap range: {'n_0': (1.0, 7.5), 'm': (1.0, 7.5), 'x': (1.0, 7.5), 'T': (1.0, 7.5), 'g': (1.0, 7.5), 'kb': (1.0, 7.5)}
  Truth       : n_0*exp(-m*g*x/(kb*T))
  ✓ cache hit  (data/equations/I_40_1, key=3c330523b44b2487)
  train           (800, 7)  target range=[7.268e-18, 3.692]
  val             (200, 7)  target range=[4.195e-19, 2.649]
  holdout         (200, 7)  target range=[1.021e-18, 3.227]
  extrapolation   (200, 7)  target range=[2.782e-37, 5.422]
(skipping pairplot — too many variables: 6)
Wide primitive set enabled: sin, cos, exp, log added.
[E22 rules] variable pattern tags: {'no_pattern'}
[E22/23 rules] static candidate count: 1
[E22/23 rules] allowed to take a fitness slot (exact): 0
  [sum_sq_all/sum_sq] a=-0.0044 b=7.7445e-01 1-R²_va=1.0258e+00
[fuller] denoise + snap IN THE JOIN (every gene, every generation, K=8); mutation operators: physics=0.2 concretize=0.05
Wrapper scope: per_island  (island → wrapper map: ['identity', 'identity'])
[wgpu] process pool disabled — Metal cannot survive fork(); the population is evaluated in one dispatch instead
Genes: head_length=48, n_genes=3, rnc_array_length=10
Population: (per-island, see below), elites: 2, generations: 400, migration FREQ: 30
  pump per-island sizes: intake=100 (tournsize=8), champion=50 (tournsize=5)
Initialising evolution at 2026-09-19 07:11:10.430779
 gen  deme   evals     min fitness          mse_tr          mse_va         max_err      mse_extrap  one_minus_r2_tr  one_minus_r2_va
   0     0     100     0.107880041     0.319226905     0.236385669      1.49004824     0.743079042     0.700858844     0.715663376
   0     1      50   0.00995897771     0.243528663     0.177237812      1.56585055     0.979024958     0.534664262     0.536591797
          wgpu 1d 288g 237c x3w 9ms | egraph 190g->87v+0snap 55ms | graft 15 (-98n, 0 snap) cpu 0 | f64 34 | gen 0.0s | dropped inexpr 3 oversz 0 unbuild 0 {}
Extending evolution: gen 1 → 400 (+400 generations)
   1     0     100               0     0.200975569     0.165024756      1.32445733     0.568985296     0.441239454     0.499616472
   1     1      50    0.0014635005     0.243528663     0.177237812      1.56585055     0.979024958     0.534664262     0.536591797
          wgpu 1d 139g 254c x3w 4ms | egraph 75g->108v+0snap 13ms | graft 6 (-20n, 0 snap) cpu 0 | f64 29 | gen 0.2s | dropped inexpr 2 oversz 0 unbuild 0 {}
   2     0     100               0     0.200975569     0.165024756      1.32445733     0.568985296     0.441239454     0.499616472
   2     1      50    0.0014635005     0.243528663     0.177237812      1.56585055     0.979024958     0.534664262     0.536591797
          wgpu 1d 131g 260c x3w 3ms | egraph 66g->114v+0snap 11ms | graft 1 (-6n, 0 snap) cpu 0 | f64 26 | gen 0.2s
   3     0     100               0     0.200975569     0.165024756      1.32445733     0.568985296     0.441239454     0.499616472
   3     1      50    0.0014635005     0.243528663     0.177237812      1.56585055     0.979024958     0.534664262     0.536591797
          wgpu 1d 127g 258c x3w 3ms | egraph 51g->112v+0snap 9ms | graft 2 (-5n, 0 snap) cpu 0 | f64 25 | gen 0.2s
   4     0     100               0     0.200975569     0.165024756      1.32445733     0.568985296     0.441239454     0.499616472
   4     1      50    0.0014635005     0.243528663     0.177237812      1.56585055     0.979024958     0.534664262     0.536591797
          wgpu 1d 133g 259c x3w 3ms | egraph 59g->113v+0snap 23ms | graft 5 (-15n, 0 snap) cpu 0 | f64 20 | gen 0.2s
   5     0     100               0     0.200975569     0.165024756      1.32445733     0.568985296     0.441239454     0.499616472
   5     1      50    0.0014635005     0.243528663     0.177237812      1.56585055     0.979024958     0.534664262     0.536591797
          wgpu 1d 135g 272c x3w 3ms | egraph 50g->126v+0snap 9ms | graft 6 (-16n, 0 snap) cpu 0 | f64 20 | gen 0.2s
   6     0     100               0     0.200975569     0.165024756      1.32445733     0.568985296     0.441239454     0.499616472
   6     1      50    0.0014635005     0.243528663     0.177237812      1.56585055     0.979024958     0.534664262     0.536591797
          wgpu 1d 129g 256c x3w 3ms | egraph 47g->110v+0snap 16ms | graft 2 (-7n, 0 snap) cpu 0 | f64 20 | gen 0.2s
   7     0     100               0     0.200975569     0.165024756      1.32445733     0.568985296     0.441239454     0.499616472
   7     1      50    0.0014635005     0.243528663     0.177237812      1.56585055     0.979024958     0.534664262     0.536591797
          wgpu 1d 149g 267c x3w 6ms | egraph 52g->121v+0snap 9ms | graft 6 (-18n, 0 snap) cpu 0 | f64 20 | gen 0.2s
   8     0     100               0     0.200975569     0.165024756      1.32445733     0.568985296     0.441239454     0.499616472
   8     1      50    0.0014635005     0.243528663     0.177237812      1.56585055     0.979024958     0.534664262     0.536591797
          wgpu 1d 132g 264c x3w 4ms | egraph 43g->118v+0snap 9ms | graft 7 (-34n, 0 snap) cpu 0 | f64 20 | gen 0.2s
   9     0     100               0     0.200975569     0.165024756      1.32445733     0.568985296     0.441239454     0.499616472
   9     1      50    0.0014635005     0.243528663     0.177237812      1.56585055     0.979024958     0.534664262     0.536591797
          wgpu 1d 159g 263c x3w 7ms | egraph 48g->117v+0snap 9ms | graft 4 (-10n, 0 snap) cpu 0 | f64 20 | gen 0.2s | dropped inexpr 1 oversz 0 unbuild 0 {}
  10     0     100               0     0.200975569     0.165024756      1.32445733     0.568985296     0.441239454     0.499616472
  10     1      50    0.0014635005     0.243528663     0.177237812      1.56585055     0.979024958     0.534664262     0.536591797
          wgpu 1d 150g 281c x3w 4ms | egraph 38g->135v+0snap 9ms | graft 3 (-33n, 0 snap) cpu 0 | f64 20 | gen 0.2s
--------- pump migration: intra (promote-2 + intake-reset) ---------
  11     0     100               0     0.200975569     0.165024756      1.32445733     0.568985296     0.441239454     0.499616472
  11     1      50               0     0.200975569     0.165024756      1.32445733     0.568985296     0.441239454     0.499616472
          wgpu 2d 320g 438c x3w 9ms | egraph 125g->212v+0snap 25ms | graft 11 (-39n, 0 snap) cpu 0 | f64 30 | gen 0.2s | dropped inexpr 2 oversz 0 unbuild 0 {}
  12     0     100               0     0.200975569     0.165024756      1.32445733     0.568985296     0.441239454     0.499616472
  12     1      50               0     0.200975569     0.165024756      1.32445733     0.568985296     0.441239454     0.499616472
          wgpu 1d 173g 328c x3w 5ms | egraph 51g->182v+0snap 9ms | graft 6 (-22n, 0 snap) cpu 0 | f64 20 | gen 0.2s
  13     0     100               0     0.157651627     0.125508916      1.05245472     0.464836013     0.346122257     0.379981303
  13     1      50               0     0.200975569     0.165024756      1.32445733     0.568985296     0.441239454     0.499616472
          wgpu 1d 175g 338c x3w 4ms | egraph 59g->192v+0snap 12ms | graft 9 (-31n, 0 snap) cpu 0 | f64 20 | gen 0.3s
  14     0     100               0     0.157651627     0.125508916      1.05245472     0.464836013     0.346122257     0.379981303
  14     1      50               0     0.200975569     0.165024756      1.32445733     0.568985296     0.441239454     0.499616472
          wgpu 1d 221g 381c x3w 4ms | egraph 85g->235v+0snap 17ms | graft 7 (-22n, 0 snap) cpu 0 | f64 20 | gen 0.2s
  15     0     100               0     0.157651627     0.125508916      1.05245472     0.464836013     0.346122257     0.379981303
  15     1      50               0     0.200975569     0.165024756      1.32445733     0.568985296     0.441239454     0.499616472
          wgpu 1d 183g 361c x3w 7ms | egraph 61g->215v+0snap 11ms | graft 14 (-57n, 0 snap) cpu 0 | f64 20 | gen 0.2s | dropped inexpr 1 oversz 0 unbuild 0 {}
  16     0     100               0     0.157651627     0.125508916      1.05245472     0.464836013     0.346122257     0.379981303
  16     1      50               0     0.200975569     0.165024756      1.32445733     0.568985296     0.441239454     0.499616472
          wgpu 1d 188g 331c x3w 4ms | egraph 69g->185v+0snap 11ms | graft 9 (-32n, 0 snap) cpu 0 | f64 20 | gen 0.2s
  17     0     100               0     0.157651627     0.125508916      1.05245472     0.464836013     0.346122257     0.379981303
  17     1      50               0     0.200975569     0.165024756      1.32445733     0.568985296     0.441239454     0.499616472
          wgpu 1d 187g 346c x3w 4ms | egraph 58g->200v+0snap 19ms | graft 15 (-64n, 0 snap) cpu 0 | f64 20 | gen 0.2s
  18     0     100               0     0.157651627     0.125508916      1.05245472     0.464836013     0.346122257     0.379981303
  18     1      50               0     0.200975569     0.165024756      1.32445733     0.568985296     0.441239454     0.499616472
          wgpu 1d 220g 369c x3w 5ms | egraph 64g->223v+0snap 24ms | graft 10 (-35n, 0 snap) cpu 0 | f64 20 | gen 0.2s
  19     0     100               0     0.157651627     0.125508916      1.05245472     0.464836013     0.346122257     0.379981303
  19     1      50               0     0.151736946     0.127448204      1.07604527     0.439079587     0.333136648     0.385852546
          wgpu 1d 203g 347c x3w 4ms | egraph 62g->201v+0snap 11ms | graft 6 (-17n, 0 snap) cpu 0 | f64 20 | gen 0.2s
  20     0     100               0     0.157651627     0.125508916      1.05245472     0.464836013     0.346122257     0.379981303
  20     1      50               0     0.151736946     0.127448204      1.07604527     0.439079587     0.333136648     0.385852546
          wgpu 1d 175g 341c x3w 4ms | egraph 59g->195v+0snap 11ms | graft 12 (-40n, 0 snap) cpu 0 | f64 20 | gen 0.2s
--------- pump migration: intra (promote-2 + intake-reset) ---------
  21     0     100               0     0.157651627     0.125508916      1.05245472     0.464836013     0.346122257     0.379981303
  21     1      50               0     0.151736946     0.127448204      1.07604527     0.439079587     0.333136648     0.385852546
          wgpu 2d 352g 467c x3w 7ms | egraph 129g->241v+0snap 31ms | graft 25 (-102n, 0 snap) cpu 0 | f64 30 | gen 0.2s | dropped inexpr 3 oversz 0 unbuild 0 {}
  22     0     100               0     0.157651627     0.125508916      1.05245472     0.464836013     0.346122257     0.379981303
  22     1      50               0     0.151736946     0.127448204      1.07604527     0.439079587     0.333136648     0.385852546
          wgpu 1d 214g 367c x3w 4ms | egraph 49g->221v+0snap 9ms | graft 21 (-74n, 0 snap) cpu 0 | f64 20 | gen 0.3s
  23     0     100               0     0.157651627     0.125508916      1.05245472     0.464836013     0.346122257     0.379981303
  23     1      50               0     0.151736946     0.127448204      1.07604527     0.439079587     0.333136648     0.385852546
          wgpu 1d 207g 361c x3w 5ms | egraph 59g->215v+0snap 11ms | graft 13 (-37n, 0 snap) cpu 0 | f64 20 | gen 0.2s
  24     0     100               0     0.157651627     0.125508916      1.05245472     0.464836013     0.346122257     0.379981303
  24     1      50               0     0.151736946     0.127448204      1.07604527     0.439079587     0.333136648     0.385852546
          wgpu 1d 202g 335c x3w 12ms | egraph 52g->189v+0snap 9ms | graft 6 (-18n, 0 snap) cpu 0 | f64 20 | gen 0.3s
  25     0     100               0     0.157651627     0.125508916      1.05245472     0.464836013     0.346122257     0.379981303
  25     1      50               0     0.151736946     0.127448204      1.07604527     0.439079587     0.333136648     0.385852546
          wgpu 1d 192g 336c x3w 4ms | egraph 58g->190v+0snap 14ms | graft 9 (-29n, 0 snap) cpu 0 | f64 20 | gen 0.2s
  26     0     100               0     0.157651627     0.125508916      1.05245472     0.464836013     0.346122257     0.379981303
  26     1      50               0     0.151736946     0.127448204      1.07604527     0.439079587     0.333136648     0.385852546
          wgpu 1d 207g 363c x3w 4ms | egraph 59g->217v+0snap 12ms | graft 17 (-57n, 0 snap) cpu 0 | f64 20 | gen 0.2s
  27     0     100               0     0.157651627     0.125508916      1.05245472     0.464836013     0.346122257     0.379981303
  27     1      50               0     0.151736946     0.127448204      1.07604527     0.439079587     0.333136648     0.385852546
          wgpu 1d 190g 314c x3w 5ms | egraph 59g->168v+0snap 10ms | graft 13 (-48n, 0 snap) cpu 0 | f64 20 | gen 0.2s
  28     0     100               0     0.157651627     0.125508916      1.05245472     0.464836013     0.346122257     0.379981303
  28     1      50               0     0.151736946     0.127448204      1.07604527     0.439079587     0.333136648     0.385852546
          wgpu 1d 202g 353c x3w 4ms | egraph 37g->207v+0snap 8ms | graft 12 (-38n, 0 snap) cpu 0 | f64 20 | gen 0.2s
  29     0     100               0     0.157651627     0.125508916      1.05245472     0.464836013     0.346122257     0.379981303
  29     1      50               0     0.151736946     0.127448204      1.07604527     0.439079587     0.333136648     0.385852546
          wgpu 1d 200g 359c x3w 4ms | egraph 42g->213v+0snap 9ms | graft 13 (-36n, 0 snap) cpu 0 | f64 20 | gen 0.2s
  30     0     100               0     0.157651627     0.125508916      1.05245472     0.464836013     0.346122257     0.379981303
  30     1      50               0     0.151736946     0.127448204      1.07604527     0.439079587     0.333136648     0.385852546
          wgpu 1d 232g 351c x3w 5ms | egraph 46g->205v+0snap 9ms | graft 15 (-46n, 0 snap) cpu 0 | f64 20 | gen 0.2s
--------- pump migration: intra (promote-2 + intake-reset) ---------
  31     0     100               0     0.157651627     0.125508916      1.05245472     0.464836013     0.346122257     0.379981303
  31     1      50               0     0.157651627     0.125508916      1.05245472     0.464836013     0.346122257     0.379981303
          wgpu 2d 381g 477c x3w 8ms | egraph 129g->251v+0snap 27ms | graft 27 (-123n, 0 snap) cpu 0 | f64 30 | gen 0.3s | dropped inexpr 2 oversz 0 unbuild 0 {}
  32     0     100               0     0.157651627     0.125508916      1.05245472     0.464836013     0.346122257     0.379981303
  32     1      50               0     0.157651627     0.125508916      1.05245472     0.464836013     0.346122257     0.379981303
          wgpu 1d 231g 360c x3w 5ms | egraph 54g->214v+0snap 12ms | graft 24 (-96n, 0 snap) cpu 0 | f64 20 | gen 0.2s
  33     0     100               0     0.157651627     0.125508916      1.05245472     0.464836013     0.346122257     0.379981303
  33     1      50               0     0.157651627     0.125508916      1.05245472     0.464836013     0.346122257     0.379981303
          wgpu 1d 210g 378c x3w 4ms | egraph 55g->232v+0snap 9ms | graft 17 (-71n, 0 snap) cpu 0 | f64 20 | gen 0.2s | dropped inexpr 1 oversz 0 unbuild 0 {}
  34     0     100               0     0.157651627     0.125508916      1.05245472     0.464836013     0.346122257     0.379981303
  34     1      50               0     0.157651627     0.125508916      1.05245472     0.464836013     0.346122257     0.379981303
          wgpu 1d 231g 408c x3w 5ms | egraph 41g->262v+0snap 8ms | graft 16 (-53n, 0 snap) cpu 0 | f64 20 | gen 0.2s
  35     0     100               0     0.157651627     0.125508916      1.05245472     0.464836013     0.346122257     0.379981303
  35     1      50               0     0.157651627     0.125508916      1.05245472     0.464836013     0.346122257     0.379981303
          wgpu 1d 202g 372c x3w 4ms | egraph 46g->226v+0snap 9ms | graft 14 (-54n, 0 snap) cpu 0 | f64 20 | gen 0.2s
  36     0     100               0     0.157651627     0.125508916      1.05245472     0.464836013     0.346122257     0.379981303
  36     1      50               0     0.157651627     0.125508916      1.05245472     0.464836013     0.346122257     0.379981303
          wgpu 1d 192g 362c x3w 5ms | egraph 41g->216v+0snap 8ms | graft 9 (-29n, 0 snap) cpu 0 | f64 20 | gen 0.2s
  37     0     100               0     0.157651627     0.125508916      1.05245472     0.464836013     0.346122257     0.379981303
  37     1      50               0     0.157651627     0.125508916      1.05245472     0.464836013     0.346122257     0.379981303
          wgpu 1d 218g 389c x3w 4ms | egraph 39g->243v+0snap 8ms | graft 19 (-74n, 0 snap) cpu 0 | f64 20 | gen 0.2s | dropped inexpr 1 oversz 0 unbuild 0 {}
  38     0     100               0     0.157651627     0.125508916      1.05245472     0.464836013     0.346122257     0.379981303
  38     1      50               0     0.157651627     0.125508916      1.05245472     0.464836013     0.346122257     0.379981303
          wgpu 1d 206g 419c x3w 5ms | egraph 27g->273v+0snap 10ms | graft 21 (-73n, 0 snap) cpu 0 | f64 20 | gen 0.2s
  39     0     100               0     0.157651627     0.125508916      1.05245472     0.464836013     0.346122257     0.379981303
  39     1      50               0     0.157651627     0.125508916      1.05245472     0.464836013     0.346122257     0.379981303
          wgpu 1d 212g 410c x3w 4ms | egraph 27g->264v+0snap 6ms | graft 11 (-33n, 0 snap) cpu 0 | f64 20 | gen 0.2s
  40     0     100               0     0.157651627     0.125508916      1.05245472     0.464836013     0.346122257     0.379981303
  40     1      50               0     0.157651627     0.125508916      1.05245472     0.464836013     0.346122257     0.379981303
          wgpu 1d 212g 402c x3w 4ms | egraph 39g->256v+0snap 8ms | graft 15 (-47n, 0 snap) cpu 0 | f64 20 | gen 0.2s
--------- pump migration: intra (promote-2 + intake-reset) ---------
  41     0     100               0     0.157651627     0.125508916      1.05245472     0.464836013     0.346122257     0.379981303
  41     1      50               0     0.157651627     0.125508916      1.05245472     0.464836013     0.346122257     0.379981303
          wgpu 2d 379g 494c x3w 8ms | egraph 126g->268v+0snap 42ms | graft 30 (-136n, 0 snap) cpu 0 | f64 30 | gen 0.2s | dropped inexpr 3 oversz 0 unbuild 0 {}
  42     0     100               0     0.157651627     0.125508916      1.05245472     0.464836013     0.346122257     0.379981303
  42     1      50               0     0.157651627     0.125508916      1.05245472     0.464836013     0.346122257     0.379981303
          wgpu 1d 212g 376c x3w 4ms | egraph 42g->230v+0snap 8ms | graft 24 (-85n, 0 snap) cpu 0 | f64 20 | gen 0.2s
  43     0     100               0     0.157651627     0.125508916      1.05245472     0.464836013     0.346122257     0.379981303
  43     1      50               0     0.157651627     0.125508916      1.05245472     0.464836013     0.346122257     0.379981303
          wgpu 1d 223g 379c x3w 4ms | egraph 49g->233v+0snap 11ms | graft 20 (-79n, 0 snap) cpu 0 | f64 20 | gen 0.2s
  44     0     100               0     0.157651627     0.125508916      1.05245472     0.464836013     0.346122257     0.379981303
  44     1      50               0     0.157651627     0.125508916      1.05245472     0.464836013     0.346122257     0.379981303
          wgpu 1d 193g 364c x3w 5ms | egraph 42g->218v+0snap 8ms | graft 26 (-95n, 0 snap) cpu 0 | f64 20 | gen 0.3s
  45     0     100               0     0.157651627     0.125508916      1.05245472     0.464836013     0.346122257     0.379981303
  45     1      50               0     0.157651627     0.125508916      1.05245472     0.464836013     0.346122257     0.379981303
          wgpu 1d 207g 399c x3w 6ms | egraph 30g->253v+0snap 6ms | graft 17 (-46n, 0 snap) cpu 0 | f64 20 | gen 0.2s
  46     0     100               0     0.157651627     0.125508916      1.05245472     0.464836013     0.346122257     0.379981303
  46     1      50               0     0.157651627     0.125508916      1.05245472     0.464836013     0.346122257     0.379981303
          wgpu 1d 208g 385c x3w 5ms | egraph 41g->239v+0snap 9ms | graft 19 (-60n, 0 snap) cpu 0 | f64 20 | gen 0.3s
  47     0     100               0     0.157651627     0.125508916      1.05245472     0.464836013     0.346122257     0.379981303
  47     1      50               0     0.157651627     0.125508916      1.05245472     0.464836013     0.346122257     0.379981303
          wgpu 1d 220g 386c x3w 4ms | egraph 43g->240v+0snap 10ms | graft 15 (-55n, 0 snap) cpu 0 | f64 20 | gen 0.2s | dropped inexpr 1 oversz 0 unbuild 0 {}
  48     0     100               0     0.157651627     0.125508916      1.05245472     0.464836013     0.346122257     0.379981303
  48     1      50               0     0.157651627     0.125508916      1.05245472     0.464836013     0.346122257     0.379981303
          wgpu 1d 220g 392c x3w 5ms | egraph 34g->246v+0snap 6ms | graft 14 (-43n, 0 snap) cpu 0 | f64 20 | gen 0.2s
  49     0     100               0     0.157651627     0.125508916      1.05245472     0.464836013     0.346122257     0.379981303
  49     1      50               0     0.157651627     0.125508916      1.05245472     0.464836013     0.346122257     0.379981303
          wgpu 1d 219g 340c x3w 5ms | egraph 52g->194v+0snap 12ms | graft 10 (-48n, 0 snap) cpu 0 | f64 20 | gen 0.3s
  50     0     100               0     0.157651627     0.125508916      1.05245472     0.464836013     0.346122257     0.379981303
  50     1      50               0     0.157651627     0.125508916      1.05245472     0.464836013     0.346122257     0.379981303
          wgpu 1d 184g 366c x3w 4ms | egraph 39g->220v+0snap 7ms | graft 19 (-59n, 0 snap) cpu 0 | f64 20 | gen 0.2s
--------- pump migration: intra (promote-2 + intake-reset) ---------
  51     0     100               0     0.157651627     0.125508916      1.05245472     0.464836013     0.346122257     0.379981303
  51     1      50               0     0.157651627     0.125508916      1.05245472     0.464836013     0.346122257     0.379981303
          wgpu 2d 330g 482c x3w 9ms | egraph 109g->256v+0snap 21ms | graft 24 (-83n, 0 snap) cpu 0 | f64 30 | gen 0.2s | dropped inexpr 1 oversz 0 unbuild 0 {}
  52     0     100               0     0.157651627     0.125508916      1.05245472     0.464836013     0.346122257     0.379981303
  52     1      50               0     0.157651627     0.125508916      1.05245472     0.464836013     0.346122257     0.379981303
          wgpu 1d 189g 406c x3w 4ms | egraph 23g->260v+0snap 5ms | graft 20 (-68n, 0 snap) cpu 0 | f64 20 | gen 0.2s
  53     0     100               0     0.157651627     0.125508916      1.05245472     0.464836013     0.346122257     0.379981303
  53     1      50               0     0.157651627     0.125508916      1.05245472     0.464836013     0.346122257     0.379981303
          wgpu 1d 211g 382c x3w 7ms | egraph 42g->236v+0snap 15ms | graft 25 (-93n, 0 snap) cpu 0 | f64 20 | gen 0.2s
  54     0     100               0     0.157651627     0.125508916      1.05245472     0.464836013     0.346122257     0.379981303
  54     1      50               0     0.157651627     0.125508916      1.05245472     0.464836013     0.346122257     0.379981303
          wgpu 1d 199g 392c x3w 4ms | egraph 36g->246v+0snap 8ms | graft 18 (-114n, 0 snap) cpu 0 | f64 20 | gen 0.2s
  55     0     100               0     0.157651627     0.125508916      1.05245472     0.464836013     0.346122257     0.379981303
  55     1      50               0     0.157651627     0.125508916      1.05245472     0.464836013     0.346122257     0.379981303
          wgpu 1d 227g 363c x3w 5ms | egraph 56g->217v+0snap 12ms | graft 17 (-85n, 0 snap) cpu 0 | f64 20 | gen 0.2s
  56     0     100               0     0.157651627     0.125508916      1.05245472     0.464836013     0.346122257     0.379981303
  56     1      50               0     0.157651627     0.125508916      1.05245472     0.464836013     0.346122257     0.379981303
          wgpu 1d 201g 348c x3w 4ms | egraph 41g->202v+0snap 18ms | graft 20 (-99n, 0 snap) cpu 0 | f64 20 | gen 0.2s
  57     0     100               0     0.157651627     0.125508916      1.05245472     0.464836013     0.346122257     0.379981303
  57     1      50               0     0.157651627     0.125508916      1.05245472     0.464836013     0.346122257     0.379981303
          wgpu 1d 214g 392c x3w 4ms | egraph 37g->246v+0snap 8ms | graft 17 (-76n, 0 snap) cpu 0 | f64 20 | gen 0.3s
  58     0     100               0     0.157651627     0.125508916      1.05245472     0.464836013     0.346122257     0.379981303
  58     1      50               0     0.157651627     0.125508916      1.05245472     0.464836013     0.346122257     0.379981303
          wgpu 1d 247g 388c x3w 5ms | egraph 48g->242v+0snap 18ms | graft 19 (-81n, 0 snap) cpu 0 | f64 20 | gen 0.2s
  59     0     100               0     0.157651627     0.125508916      1.05245472     0.464836013     0.346122257     0.379981303
  59     1      50               0     0.157651627     0.125508916      1.05245472     0.464836013     0.346122257     0.379981303
          wgpu 1d 196g 361c x3w 5ms | egraph 41g->215v+0snap 15ms | graft 20 (-71n, 0 snap) cpu 0 | f64 20 | gen 0.2s
  60     0     100               0     0.120119053    0.0937696178     0.908013822     0.374115719     0.263719943     0.283889804
  60     1      50               0     0.157651627     0.125508916      1.05245472     0.464836013     0.346122257     0.379981303
          wgpu 1d 185g 265c x3w 4ms | egraph 56g->119v+0snap 11ms | graft 15 (-55n, 0 snap) cpu 0 | f64 20 | gen 0.2s
--------- pump migration: intra (promote-2 + intake-reset) + cross ---------
  61     0     100               0     0.120119058    0.0937696133     0.908013733     0.374115707     0.263719952      0.28388979
  61     1      50               0     0.157651627     0.125508916      1.05245472     0.464836013     0.346122257     0.379981303
          wgpu 2d 370g 389c x3w 8ms | egraph 140g->163v+0snap 28ms | graft 22 (-110n, 0 snap) cpu 0 | f64 30 | gen 0.2s | dropped inexpr 5 oversz 0 unbuild 0 {}
  62     0     100               0     0.120119058    0.0937696133     0.908013733     0.374115707     0.263719952      0.28388979
  62     1      50               0     0.157651627     0.125508916      1.05245472     0.464836013     0.346122257     0.379981303
          wgpu 1d 166g 217c x3w 4ms | egraph 53g->71v+0snap 10ms | graft 13 (-55n, 0 snap) cpu 0 | f64 20 | gen 0.2s
  63     0     100               0     0.120119058    0.0937696133     0.908013733     0.374115707     0.263719952      0.28388979
  63     1      50               0     0.107929164    0.0849860812     0.965880392     0.326423694     0.236957187     0.257297433
          wgpu 1d 126g 189c x3w 3ms | egraph 34g->43v+0snap 7ms | graft 3 (-18n, 0 snap) cpu 0 | f64 20 | gen 0.2s
  64     0     100               0     0.120119058    0.0937696133     0.908013733     0.374115707     0.263719952      0.28388979
  64     1      50               0     0.107929164    0.0849860812     0.965880392     0.326423694     0.236957187     0.257297433
          wgpu 1d 135g 187c x3w 4ms | egraph 50g->41v+0snap 10ms | graft 9 (-62n, 0 snap) cpu 0 | f64 20 | gen 0.2s | dropped inexpr 1 oversz 0 unbuild 0 {}
  65     0     100               0     0.120119058    0.0937696133     0.908013733     0.374115707     0.263719952      0.28388979
  65     1      50               0     0.107929164    0.0849860812     0.965880392     0.326423694     0.236957187     0.257297433
          wgpu 1d 123g 171c x3w 3ms | egraph 34g->25v+0snap 7ms | graft 5 (-22n, 0 snap) cpu 0 | f64 20 | gen 0.2s
  66     0     100               0     0.120119058    0.0937696133     0.908013733     0.374115707     0.263719952      0.28388979
  66     1      50               0     0.107929164    0.0849860812     0.965880392     0.326423694     0.236957187     0.257297433
          wgpu 1d 154g 192c x3w 4ms | egraph 48g->46v+0snap 14ms | graft 14 (-79n, 0 snap) cpu 0 | f64 20 | gen 0.2s
  67     0     100               0     0.119493532    0.0910199364     0.815127298      0.35012236     0.262346619     0.275565077
  67     1      50               0     0.107929164    0.0849860812     0.965880392     0.326423694     0.236957187     0.257297433
          wgpu 1d 113g 164c x3w 3ms | egraph 24g->18v+0snap 5ms | graft 6 (-22n, 0 snap) cpu 0 | f64 20 | gen 0.2s
  68     0     100               0     0.119493532    0.0910199364     0.815127298      0.35012236     0.262346619     0.275565077
  68     1      50               0     0.107929164    0.0849860812     0.965880392     0.326423694     0.236957187     0.257297433
          wgpu 1d 128g 171c x3w 3ms | egraph 40g->25v+0snap 8ms | graft 11 (-31n, 0 snap) cpu 0 | f64 20 | gen 0.2s
  69     0     100               0     0.119493537     0.091019929     0.815127199     0.350122349     0.262346629     0.275565054
  69     1      50               0     0.107929164    0.0849860812     0.965880392     0.326423694     0.236957187     0.257297433
          wgpu 1d 126g 170c x3w 3ms | egraph 42g->24v+0snap 11ms | graft 5 (-20n, 0 snap) cpu 0 | f64 20 | gen 0.2s
  70     0     100               0     0.119493532    0.0910199364     0.815127298      0.35012236     0.262346619     0.275565077
  70     1      50               0     0.107929168    0.0849860786     0.965880358     0.326423689     0.236957194     0.257297425
          wgpu 1d 134g 169c x3w 3ms | egraph 33g->23v+0snap 13ms | graft 9 (-28n, 0 snap) cpu 0 | f64 20 | gen 0.2s
--------- pump migration: intra (promote-2 + intake-reset) ---------
  71     0     100               0     0.119493537     0.091019929     0.815127199     0.350122349     0.262346629     0.275565054
  71     1      50               0     0.107929168    0.0849860786     0.965880358     0.326423689     0.236957194     0.257297425
          wgpu 2d 305g 296c x3w 7ms | egraph 119g->70v+0snap 26ms | graft 17 (-66n, 0 snap) cpu 0 | f64 30 | gen 0.2s
  72     0     100               0     0.119493532    0.0910199364     0.815127298      0.35012236     0.262346619     0.275565077
  72     1      50               0     0.107929168    0.0849860786     0.965880358     0.326423689     0.236957194     0.257297425
          wgpu 1d 127g 171c x3w 3ms | egraph 35g->25v+0snap 6ms | graft 8 (-21n, 0 snap) cpu 0 | f64 20 | gen 0.2s
  73     0     100               0     0.119493537     0.091019929     0.815127199     0.350122349     0.262346629     0.275565054
  73     1      50               0     0.119493532    0.0910199364     0.815127298      0.35012236     0.262346619     0.275565077
          wgpu 1d 143g 175c x3w 3ms | egraph 38g->29v+0snap 8ms | graft 7 (-16n, 0 snap) cpu 0 | f64 20 | gen 0.2s | dropped inexpr 2 oversz 0 unbuild 0 {}
  74     0     100               0     0.119493537     0.091019929     0.815127199     0.350122349     0.262346629     0.275565054
  74     1      50               0     0.119493532    0.0910199364     0.815127298      0.35012236     0.262346619     0.275565077
          wgpu 1d 159g 186c x3w 3ms | egraph 35g->40v+0snap 7ms | graft 17 (-49n, 0 snap) cpu 0 | f64 20 | gen 0.2s
  75     0     100               0     0.119493537     0.091019929     0.815127199     0.350122349     0.262346629     0.275565054
  75     1      50               0     0.119493532    0.0910199364     0.815127298      0.35012236     0.262346619     0.275565077
          wgpu 1d 126g 166c x3w 3ms | egraph 30g->20v+0snap 6ms | graft 5 (-13n, 0 snap) cpu 0 | f64 20 | gen 0.1s
  76     0     100               0     0.119493537     0.091019929     0.815127199     0.350122349     0.262346629     0.275565054
  76     1      50               0     0.119493532    0.0910199364     0.815127298      0.35012236     0.262346619     0.275565077
          wgpu 1d 150g 176c x3w 3ms | egraph 40g->30v+0snap 8ms | graft 9 (-29n, 0 snap) cpu 0 | f64 20 | gen 0.2s
  77     0     100               0     0.119493537     0.091019929     0.815127199     0.350122349     0.262346629     0.275565054
  77     1      50               0     0.119493532    0.0910199364     0.815127298      0.35012236     0.262346619     0.275565077
          wgpu 1d 120g 165c x3w 3ms | egraph 34g->19v+0snap 7ms | graft 11 (-35n, 0 snap) cpu 0 | f64 20 | gen 0.2s
  78     0     100               0     0.119493537     0.091019929     0.815127199     0.350122349     0.262346629     0.275565054
  78     1      50               0     0.119493532    0.0910199364     0.815127298      0.35012236     0.262346619     0.275565077
          wgpu 1d 138g 170c x3w 3ms | egraph 37g->24v+0snap 6ms | graft 8 (-28n, 0 snap) cpu 0 | f64 20 | gen 0.2s
  79     0     100               0     0.119493537     0.091019929     0.815127199     0.350122349     0.262346629     0.275565054
  79     1      50               0     0.119493532    0.0910199364     0.815127298      0.35012236     0.262346619     0.275565077
          wgpu 1d 122g 164c x3w 3ms | egraph 31g->18v+0snap 10ms | graft 6 (-22n, 0 snap) cpu 0 | f64 20 | gen 0.1s
  80     0     100               0     0.119493537     0.091019929     0.815127199     0.350122349     0.262346629     0.275565054
  80     1      50               0     0.119493532    0.0910199364     0.815127298      0.35012236     0.262346619     0.275565077
          wgpu 1d 129g 169c x3w 3ms | egraph 34g->23v+0snap 7ms | graft 5 (-20n, 0 snap) cpu 0 | f64 20 | gen 0.2s
--------- pump migration: intra (promote-2 + intake-reset) ---------
  81     0     100               0     0.119493537     0.091019929     0.815127199     0.350122349     0.262346629     0.275565054
  81     1      50               0     0.119493532    0.0910199364     0.815127298      0.35012236     0.262346619     0.275565077
          wgpu 2d 305g 304c x3w 7ms | egraph 122g->78v+0snap 34ms | graft 20 (-78n, 0 snap) cpu 0 | f64 30 | gen 0.2s
  82     0     100               0     0.119493537     0.091019929     0.815127199     0.350122349     0.262346629     0.275565054
  82     1      50               0     0.119493532    0.0910199364     0.815127298      0.35012236     0.262346619     0.275565077
          wgpu 1d 140g 187c x3w 3ms | egraph 38g->41v+0snap 7ms | graft 12 (-78n, 0 snap) cpu 0 | f64 20 | gen 0.2s
  83     0     100               0     0.119493537     0.091019929     0.815127199     0.350122349     0.262346629     0.275565054
  83     1      50               0     0.119493532    0.0910199364     0.815127298      0.35012236     0.262346619     0.275565077
          wgpu 1d 134g 193c x3w 3ms | egraph 33g->47v+0snap 6ms | graft 12 (-48n, 0 snap) cpu 0 | f64 20 | gen 0.1s
  84     0     100               0     0.119493537     0.091019929     0.815127199     0.350122349     0.262346629     0.275565054
  84     1      50               0     0.119493537     0.091019929     0.815127199     0.350122349     0.262346629     0.275565054
          wgpu 1d 146g 209c x3w 3ms | egraph 51g->63v+0snap 9ms | graft 28 (-126n, 0 snap) cpu 0 | f64 20 | gen 0.2s
  85     0     100               0     0.119493537     0.091019929     0.815127199     0.350122349     0.262346629     0.275565054
  85     1      50               0     0.119493537     0.091019929     0.815127199     0.350122349     0.262346629     0.275565054
          wgpu 1d 155g 187c x3w 4ms | egraph 47g->41v+0snap 11ms | graft 14 (-48n, 0 snap) cpu 0 | f64 20 | gen 0.2s
  86     0     100               0     0.116299898    0.0853907135     0.794971546      0.34996733     0.255335033     0.258522467
  86     1      50               0     0.119493537     0.091019929     0.815127199     0.350122349     0.262346629     0.275565054
          wgpu 1d 125g 189c x3w 3ms | egraph 39g->43v+0snap 7ms | graft 21 (-85n, 0 snap) cpu 0 | f64 20 | gen 0.2s
  87     0     100               0     0.116299898    0.0853907135     0.794971546      0.34996733     0.255335033     0.258522467
  87     1      50               0     0.119493532    0.0910199364     0.815127298      0.35012236     0.262346619     0.275565077
          wgpu 1d 171g 242c x3w 12ms | egraph 74g->96v+0snap 14ms | graft 33 (-157n, 0 snap) cpu 0 | f64 20 | gen 0.2s
  88     0     100               0     0.116299898    0.0853907135     0.794971546      0.34996733     0.255335033     0.258522467
  88     1      50               0     0.119493532    0.0910199364     0.815127298      0.35012236     0.262346619     0.275565077
          wgpu 1d 149g 234c x3w 4ms | egraph 55g->88v+0snap 10ms | graft 31 (-152n, 0 snap) cpu 0 | f64 20 | gen 0.2s
  89     0     100               0     0.116299898    0.0853907135     0.794971546      0.34996733     0.255335033     0.258522467
  89     1      50               0     0.119493532    0.0910199364     0.815127298      0.35012236     0.262346619     0.275565077
          wgpu 1d 145g 235c x3w 4ms | egraph 52g->89v+0snap 10ms | graft 28 (-144n, 0 snap) cpu 0 | f64 20 | gen 0.2s
  90     0     100               0     0.116299898    0.0853907135     0.794971546      0.34996733     0.255335033     0.258522467
  90     1      50               0     0.119493532    0.0910199364     0.815127298      0.35012236     0.262346619     0.275565077
          wgpu 1d 145g 230c x3w 4ms | egraph 50g->84v+0snap 9ms | graft 27 (-138n, 0 snap) cpu 0 | f64 20 | gen 0.2s
--------- pump migration: intra (promote-2 + intake-reset) + cross ---------
  91     0     100               0     0.116299898    0.0853907135     0.794971546      0.34996733     0.255335033     0.258522467
  91     1      50               0     0.119493532    0.0910199364     0.815127298      0.35012236     0.262346619     0.275565077
          wgpu 2d 331g 354c x3w 8ms | egraph 126g->128v+0snap 29ms | graft 42 (-188n, 0 snap) cpu 0 | f64 30 | gen 0.3s | dropped inexpr 2 oversz 0 unbuild 0 {}
  92     0     100               0     0.116299898    0.0853907135     0.794971546      0.34996733     0.255335033     0.258522467
  92     1      50               0     0.119493532    0.0910199364     0.815127298      0.35012236     0.262346619     0.275565077
          wgpu 1d 158g 236c x3w 4ms | egraph 52g->90v+0snap 10ms | graft 27 (-131n, 0 snap) cpu 0 | f64 20 | gen 0.2s
  93     0     100               0     0.116299898    0.0853907135     0.794971546      0.34996733     0.255335033     0.258522467
  93     1      50               0     0.119493532    0.0910199364     0.815127298      0.35012236     0.262346619     0.275565077
          wgpu 1d 153g 235c x3w 4ms | egraph 38g->89v+0snap 7ms | graft 27 (-133n, 0 snap) cpu 0 | f64 20 | gen 0.2s
  94     0     100               0     0.116299898    0.0853907135     0.794971546      0.34996733     0.255335033     0.258522467
  94     1      50               0     0.119493532    0.0910199364     0.815127298      0.35012236     0.262346619     0.275565077
          wgpu 1d 149g 239c x3w 4ms | egraph 47g->93v+0snap 10ms | graft 25 (-115n, 0 snap) cpu 0 | f64 20 | gen 0.2s
  95     0     100               0     0.116299898    0.0853907135     0.794971546      0.34996733     0.255335033     0.258522467
  95     1      50               0     0.119493537     0.091019929     0.815127199     0.350122349     0.262346629     0.275565054
          wgpu 1d 150g 240c x3w 4ms | egraph 42g->94v+0snap 7ms | graft 36 (-166n, 0 snap) cpu 0 | f64 20 | gen 0.2s
  96     0     100               0     0.116299898    0.0853907135     0.794971546      0.34996733     0.255335033     0.258522467
  96     1      50               0     0.119493532    0.0910199364     0.815127298      0.35012236     0.262346619     0.275565077
          wgpu 1d 159g 238c x3w 4ms | egraph 30g->92v+0snap 6ms | graft 34 (-170n, 0 snap) cpu 0 | f64 20 | gen 0.2s
  97     0     100               0     0.116299898    0.0853907135     0.794971546      0.34996733     0.255335033     0.258522467
  97     1      50               0     0.119493537     0.091019929     0.815127199     0.350122349     0.262346629     0.275565054
          wgpu 1d 152g 230c x3w 4ms | egraph 39g->84v+0snap 8ms | graft 27 (-112n, 0 snap) cpu 0 | f64 20 | gen 0.2s
  98     0     100               0     0.116299898    0.0853907135     0.794971546      0.34996733     0.255335033     0.258522467
  98     1      50               0     0.119493532    0.0910199364     0.815127298      0.35012236     0.262346619     0.275565077
          wgpu 1d 159g 238c x3w 4ms | egraph 35g->92v+0snap 7ms | graft 29 (-146n, 0 snap) cpu 0 | f64 20 | gen 0.3s
  99     0     100               0     0.116299898    0.0853907135     0.794971546      0.34996733     0.255335033     0.258522467
  99     1      50               0     0.119493532    0.0910199364     0.815127298      0.35012236     0.262346619     0.275565077
          wgpu 1d 159g 246c x3w 4ms | egraph 38g->100v+0snap 7ms | graft 32 (-192n, 0 snap) cpu 0 | f64 20 | gen 0.2s
 100     0     100               0     0.116299898    0.0853907135     0.794971546      0.34996733     0.255335033     0.258522467
 100     1      50               0     0.119493532    0.0910199364     0.815127298      0.35012236     0.262346619     0.275565077
          wgpu 1d 141g 238c x3w 4ms | egraph 33g->92v+0snap 6ms | graft 29 (-155n, 0 snap) cpu 0 | f64 20 | gen 0.2s
--------- pump migration: intra (promote-2 + intake-reset) ---------
 101     0     100               0     0.116299898    0.0853907135     0.794971546      0.34996733     0.255335033     0.258522467
 101     1      50               0     0.119493537     0.091019929     0.815127199     0.350122349     0.262346629     0.275565054
          wgpu 2d 335g 359c x3w 7ms | egraph 105g->133v+0snap 21ms | graft 35 (-180n, 0 snap) cpu 0 | f64 30 | gen 0.2s | dropped inexpr 3 oversz 0 unbuild 0 {}
 102     0     100               0     0.116299898    0.0853907135     0.794971546      0.34996733     0.255335033     0.258522467
 102     1      50               0     0.119493537     0.091019929     0.815127199     0.350122349     0.262346629     0.275565054
          wgpu 1d 169g 241c x3w 4ms | egraph 26g->95v+0snap 6ms | graft 35 (-172n, 0 snap) cpu 0 | f64 20 | gen 0.2s
 103     0     100               0     0.116299898    0.0853907135     0.794971546      0.34996733     0.255335033     0.258522467
 103     1      50               0     0.119493537     0.091019929     0.815127199     0.350122349     0.262346629     0.275565054
          wgpu 1d 161g 255c x3w 4ms | egraph 36g->109v+0snap 8ms | graft 32 (-166n, 0 snap) cpu 0 | f64 20 | gen 0.2s
 104     0     100               0     0.116299898    0.0853907135     0.794971546      0.34996733     0.255335033     0.258522467
 104     1      50               0     0.119493532    0.0910199364     0.815127298      0.35012236     0.262346619     0.275565077
          wgpu 1d 152g 248c x3w 4ms | egraph 28g->102v+0snap 6ms | graft 29 (-172n, 0 snap) cpu 0 | f64 20 | gen 0.2s
 105     0     100               0     0.116299898    0.0853907135     0.794971546      0.34996733     0.255335033     0.258522467
 105     1      50               0     0.119493532    0.0910199364     0.815127298      0.35012236     0.262346619     0.275565077
          wgpu 1d 172g 267c x3w 4ms | egraph 46g->121v+0snap 9ms | graft 36 (-214n, 0 snap) cpu 0 | f64 20 | gen 0.3s
 106     0     100               0     0.116299903    0.0853907095     0.794971384     0.349967314     0.255335043     0.258522455
 106     1      50               0     0.119493532    0.0910199364     0.815127298      0.35012236     0.262346619     0.275565077
          wgpu 1d 153g 257c x3w 4ms | egraph 34g->111v+0snap 9ms | graft 33 (-158n, 0 snap) cpu 0 | f64 20 | gen 0.2s
 107     0     100               0     0.116299903    0.0853907095     0.794971384     0.349967314     0.255335043     0.258522455
 107     1      50               0     0.117844341     0.089031923     0.779587483     0.351975237     0.258725838     0.269546318
          wgpu 1d 156g 252c x3w 4ms | egraph 33g->106v+0snap 8ms | graft 32 (-185n, 0 snap) cpu 0 | f64 20 | gen 0.2s
 108     0     100               0     0.116299903    0.0853907095     0.794971384     0.349967314     0.255335043     0.258522455
 108     1      50               0     0.117844341     0.089031923     0.779587483     0.351975237     0.258725838     0.269546318
          wgpu 1d 164g 271c x3w 4ms | egraph 38g->125v+0snap 8ms | graft 47 (-239n, 0 snap) cpu 0 | f64 20 | gen 0.3s
 109     0     100               0     0.116299903    0.0853907095     0.794971384     0.349967314     0.255335043     0.258522455
 109     1      50               0     0.117844345    0.0890319157     0.779587455     0.351975226     0.258725847     0.269546295
          wgpu 1d 180g 286c x3w 4ms | egraph 35g->140v+0snap 8ms | graft 51 (-251n, 0 snap) cpu 0 | f64 20 | gen 0.3s
 110     0     100               0     0.116299903    0.0853907095     0.794971384     0.349967314     0.255335043     0.258522455
 110     1      50               0     0.117844341     0.089031923     0.779587483     0.351975237     0.258725838     0.269546318
          wgpu 1d 177g 281c x3w 4ms | egraph 50g->135v+0snap 14ms | graft 45 (-218n, 0 snap) cpu 0 | f64 20 | gen 0.5s
--------- pump migration: intra (promote-2 + intake-reset) ---------
 111     0     100               0     0.116299903    0.0853907095     0.794971384     0.349967314     0.255335043     0.258522455
 111     1      50               0     0.117844341     0.089031923     0.779587483     0.351975237     0.258725838     0.269546318
          wgpu 2d 357g 399c x3w 8ms | egraph 123g->173v+0snap 32ms | graft 47 (-230n, 0 snap) cpu 0 | f64 30 | gen 0.3s | dropped inexpr 4 oversz 0 unbuild 0 {}
 112     0     100               0     0.116299903    0.0853907095     0.794971384     0.349967314     0.255335043     0.258522455
 112     1      50               0     0.116299903    0.0853907095     0.794971384     0.349967314     0.255335043     0.258522455
          wgpu 1d 180g 274c x3w 4ms | egraph 34g->128v+0snap 9ms | graft 50 (-273n, 0 snap) cpu 0 | f64 20 | gen 0.2s
 113     0     100               0     0.116299903    0.0853907095     0.794971384     0.349967314     0.255335043     0.258522455
 113     1      50               0     0.117844341     0.089031923     0.779587483     0.351975237     0.258725838     0.269546318
          wgpu 1d 171g 270c x3w 4ms | egraph 36g->124v+0snap 9ms | graft 54 (-294n, 0 snap) cpu 0 | f64 20 | gen 0.3s
 114     0     100               0     0.116299903    0.0853907095     0.794971384     0.349967314     0.255335043     0.258522455
 114     1      50               0     0.117844341     0.089031923     0.779587483     0.351975237     0.258725838     0.269546318
          wgpu 1d 159g 270c x3w 4ms | egraph 27g->124v+0snap 6ms | graft 49 (-263n, 0 snap) cpu 0 | f64 20 | gen 0.2s
 115     0     100               0     0.116299903    0.0853907095     0.794971384     0.349967314     0.255335043     0.258522455
 115     1      50               0     0.117844341     0.089031923     0.779587483     0.351975237     0.258725838     0.269546318
          wgpu 1d 165g 262c x3w 4ms | egraph 42g->116v+0snap 9ms | graft 32 (-222n, 0 snap) cpu 0 | f64 20 | gen 0.2s
 116     0     100               0     0.116299903    0.0853907095     0.794971384     0.349967314     0.255335043     0.258522455
 116     1      50               0     0.117844341     0.089031923     0.779587483     0.351975237     0.258725838     0.269546318
          wgpu 1d 179g 279c x3w 4ms | egraph 47g->133v+0snap 10ms | graft 40 (-215n, 0 snap) cpu 0 | f64 20 | gen 0.3s
 117     0     100               0     0.116299903    0.0853907095     0.794971384     0.349967314     0.255335043     0.258522455
 117     1      50               0     0.117844341     0.089031923     0.779587483     0.351975237     0.258725838     0.269546318
          wgpu 1d 178g 277c x3w 4ms | egraph 35g->131v+0snap 11ms | graft 44 (-280n, 0 snap) cpu 0 | f64 20 | gen 0.2s
 118     0     100               0     0.116299903    0.0853907095     0.794971384     0.349967314     0.255335043     0.258522455
 118     1      50               0     0.117844341     0.089031923     0.779587483     0.351975237     0.258725838     0.269546318
          wgpu 1d 183g 275c x3w 4ms | egraph 43g->129v+0snap 9ms | graft 44 (-230n, 0 snap) cpu 0 | f64 20 | gen 0.2s
 119     0     100               0     0.116299903    0.0853907095     0.794971384     0.349967314     0.255335043     0.258522455
 119     1      50               0     0.117844341     0.089031923     0.779587483     0.351975237     0.258725838     0.269546318
          wgpu 1d 161g 266c x3w 4ms | egraph 35g->120v+0snap 8ms | graft 34 (-160n, 0 snap) cpu 0 | f64 20 | gen 0.3s
 120     0     100               0     0.116299903    0.0853907095     0.794971384     0.349967314     0.255335043     0.258522455
 120     1      50               0     0.117844341     0.089031923     0.779587483     0.351975237     0.258725838     0.269546318
          wgpu 1d 170g 275c x3w 4ms | egraph 36g->129v+0snap 8ms | graft 38 (-207n, 0 snap) cpu 0 | f64 20 | gen 0.2s
--------- pump migration: intra (promote-2 + intake-reset) + cross ---------
 121     0     100               0     0.116299903    0.0853907095     0.794971384     0.349967314     0.255335043     0.258522455
 121     1      50               0     0.116299903    0.0853907095     0.794971384     0.349967314     0.255335043     0.258522455
          wgpu 2d 314g 390c x3w 7ms | egraph 91g->164v+0snap 27ms | graft 46 (-227n, 0 snap) cpu 0 | f64 30 | gen 0.2s
 122     0     100               0     0.116299903    0.0853907095     0.794971384     0.349967314     0.255335043     0.258522455
 122     1      50               0     0.116299903    0.0853907095     0.794971384     0.349967314     0.255335043     0.258522455
          wgpu 1d 154g 282c x3w 4ms | egraph 23g->136v+0snap 6ms | graft 55 (-284n, 0 snap) cpu 0 | f64 20 | gen 0.3s
 123     0     100               0     0.116299903    0.0853907095     0.794971384     0.349967314     0.255335043     0.258522455
 123     1      50               0     0.116299903    0.0853907095     0.794971384     0.349967314     0.255335043     0.258522455
          wgpu 1d 173g 268c x3w 4ms | egraph 36g->122v+0snap 7ms | graft 39 (-195n, 0 snap) cpu 0 | f64 20 | gen 0.3s | dropped inexpr 1 oversz 0 unbuild 0 {}
 124     0     100               0     0.116299903    0.0853907095     0.794971384     0.349967314     0.255335043     0.258522455
 124     1      50               0     0.116299898    0.0853907135     0.794971546      0.34996733     0.255335033     0.258522467
          wgpu 1d 184g 277c x3w 4ms | egraph 37g->131v+0snap 8ms | graft 44 (-246n, 0 snap) cpu 0 | f64 20 | gen 0.3s
 125     0     100               0     0.116299903    0.0853907095     0.794971384     0.349967314     0.255335043     0.258522455
 125     1      50               0     0.116299903    0.0853907095     0.794971384     0.349967314     0.255335043     0.258522455
          wgpu 1d 144g 268c x3w 4ms | egraph 32g->122v+0snap 6ms | graft 38 (-191n, 0 snap) cpu 0 | f64 20 | gen 0.2s
 126     0     100               0     0.116299903    0.0853907095     0.794971384     0.349967314     0.255335043     0.258522455
 126     1      50               0     0.116299898    0.0853907135     0.794971546      0.34996733     0.255335033     0.258522467
          wgpu 1d 152g 260c x3w 4ms | egraph 31g->114v+0snap 10ms | graft 42 (-226n, 0 snap) cpu 0 | f64 20 | gen 0.3s
 127     0     100               0     0.116299903    0.0853907095     0.794971384     0.349967314     0.255335043     0.258522455
 127     1      50               0     0.116299903    0.0853907095     0.794971384     0.349967314     0.255335043     0.258522455
          wgpu 1d 156g 272c x3w 4ms | egraph 25g->126v+0snap 10ms | graft 39 (-203n, 0 snap) cpu 0 | f64 20 | gen 0.3s
 128     0     100               0     0.116299903    0.0853907095     0.794971384     0.349967314     0.255335043     0.258522455
 128     1      50               0     0.116299898    0.0853907135     0.794971546      0.34996733     0.255335033     0.258522467
          wgpu 1d 177g 286c x3w 4ms | egraph 37g->140v+0snap 9ms | graft 37 (-179n, 0 snap) cpu 0 | f64 20 | gen 0.3s
 129     0     100               0     0.116299898    0.0853907135     0.794971546      0.34996733     0.255335033     0.258522467
 129     1      50               0     0.116299898    0.0853907135     0.794971546      0.34996733     0.255335033     0.258522467
          wgpu 1d 168g 279c x3w 4ms | egraph 34g->133v+0snap 8ms | graft 36 (-197n, 0 snap) cpu 0 | f64 20 | gen 0.2s
 130     0     100               0     0.116299903    0.0853907095     0.794971384     0.349967314     0.255335043     0.258522455
 130     1      50               0     0.116299898    0.0853907135     0.794971546      0.34996733     0.255335033     0.258522467
          wgpu 1d 164g 281c x3w 4ms | egraph 34g->135v+0snap 7ms | graft 41 (-203n, 0 snap) cpu 0 | f64 20 | gen 0.2s
--------- pump migration: intra (promote-2 + intake-reset) ---------
 131     0     100               0     0.116299903    0.0853907095     0.794971384     0.349967314     0.255335043     0.258522455
 131     1      50               0     0.116299898    0.0853907135     0.794971546      0.34996733     0.255335033     0.258522467
          wgpu 2d 380g 413c x3w 9ms | egraph 124g->187v+0snap 29ms | graft 61 (-326n, 0 snap) cpu 0 | f64 30 | gen 0.2s | dropped inexpr 2 oversz 0 unbuild 0 {}
 132     0     100               0     0.116299903    0.0853907095     0.794971384     0.349967314     0.255335043     0.258522455
 132     1      50               0     0.116299898    0.0853907135     0.794971546      0.34996733     0.255335033     0.258522467
          wgpu 1d 182g 271c x3w 4ms | egraph 25g->125v+0snap 7ms | graft 49 (-279n, 0 snap) cpu 0 | f64 20 | gen 0.3s
 133     0     100               0     0.116299903    0.0853907095     0.794971384     0.349967314     0.255335043     0.258522455
 133     1      50               0     0.116299898    0.0853907135     0.794971546      0.34996733     0.255335033     0.258522467
          wgpu 1d 177g 282c x3w 4ms | egraph 30g->136v+0snap 8ms | graft 45 (-241n, 0 snap) cpu 0 | f64 20 | gen 0.3s
 134     0     100               0     0.116299903    0.0853907095     0.794971384     0.349967314     0.255335043     0.258522455
 134     1      50               0     0.116299898    0.0853907135     0.794971546      0.34996733     0.255335033     0.258522467
          wgpu 1d 160g 284c x3w 17ms | egraph 36g->138v+0snap 9ms | graft 44 (-284n, 0 snap) cpu 0 | f64 20 | gen 0.4s
 135     0     100               0     0.116299898    0.0853907135     0.794971546      0.34996733     0.255335033     0.258522467
 135     1      50               0     0.116299898    0.0853907135     0.794971546      0.34996733     0.255335033     0.258522467
          wgpu 1d 144g 279c x3w 4ms | egraph 26g->133v+0snap 6ms | graft 39 (-216n, 0 snap) cpu 0 | f64 20 | gen 0.2s
 136     0     100               0     0.116299903    0.0853907095     0.794971384     0.349967314     0.255335043     0.258522455
 136     1      50               0     0.116299898    0.0853907135     0.794971546      0.34996733     0.255335033     0.258522467
          wgpu 1d 184g 274c x3w 4ms | egraph 52g->128v+0snap 11ms | graft 47 (-260n, 0 snap) cpu 0 | f64 20 | gen 0.3s
 137     0     100               0     0.116299903    0.0853907095     0.794971384     0.349967314     0.255335043     0.258522455
 137     1      50               0     0.116299898    0.0853907135     0.794971546      0.34996733     0.255335033     0.258522467
          wgpu 1d 177g 287c x3w 4ms | egraph 37g->141v+0snap 8ms | graft 51 (-313n, 0 snap) cpu 0 | f64 20 | gen 0.2s
 138     0     100               0     0.116299902    0.0853907068     0.794971324     0.349967313     0.255335041     0.258522447
 138     1      50               0     0.116299898    0.0853907135     0.794971546      0.34996733     0.255335033     0.258522467
          wgpu 1d 157g 267c x3w 4ms | egraph 33g->121v+0snap 8ms | graft 40 (-209n, 0 snap) cpu 0 | f64 20 | gen 0.2s
 139     0     100               0     0.116299898    0.0853907135     0.794971546      0.34996733     0.255335033     0.258522467
 139     1      50               0     0.116299898    0.0853907135     0.794971546      0.34996733     0.255335033     0.258522467
          wgpu 1d 169g 276c x3w 6ms | egraph 33g->130v+0snap 14ms | graft 43 (-256n, 0 snap) cpu 0 | f64 20 | gen 0.2s
 140     0     100               0     0.116299898    0.0853907135     0.794971546      0.34996733     0.255335033     0.258522467
 140     1      50               0     0.116299898    0.0853907135     0.794971546      0.34996733     0.255335033     0.258522467
          wgpu 1d 184g 280c x3w 4ms | egraph 48g->134v+0snap 13ms | graft 49 (-332n, 0 snap) cpu 0 | f64 20 | gen 0.2s
--------- pump migration: intra (promote-2 + intake-reset) ---------
 141     0     100               0     0.116299898    0.0853907135     0.794971546      0.34996733     0.255335033     0.258522467
 141     1      50               0     0.116299902    0.0853907068     0.794971324     0.349967313     0.255335041     0.258522447
          wgpu 2d 336g 398c x3w 8ms | egraph 121g->172v+0snap 24ms | graft 54 (-274n, 0 snap) cpu 0 | f64 30 | gen 0.2s | dropped inexpr 2 oversz 0 unbuild 0 {}
 142     0     100               0     0.116299898    0.0853907135     0.794971546      0.34996733     0.255335033     0.258522467
 142     1      50               0     0.116299902    0.0853907068     0.794971324     0.349967313     0.255335041     0.258522447
          wgpu 1d 182g 289c x3w 5ms | egraph 45g->143v+0snap 14ms | graft 46 (-302n, 0 snap) cpu 0 | f64 20 | gen 0.4s
 143     0     100               0     0.116299898    0.0853907135     0.794971546      0.34996733     0.255335033     0.258522467
 143     1      50               0     0.116299902    0.0853907068     0.794971324     0.349967313     0.255335041     0.258522447
          wgpu 1d 169g 281c x3w 4ms | egraph 39g->135v+0snap 7ms | graft 46 (-217n, 0 snap) cpu 0 | f64 20 | gen 0.2s
 144     0     100               0     0.116299898    0.0853907135     0.794971546      0.34996733     0.255335033     0.258522467
 144     1      50               0     0.116299902    0.0853907068     0.794971324     0.349967313     0.255335041     0.258522447
          wgpu 1d 185g 295c x3w 4ms | egraph 45g->149v+0snap 11ms | graft 54 (-329n, 0 snap) cpu 0 | f64 20 | gen 0.3s
 145     0     100               0     0.116299898    0.0853907135     0.794971546      0.34996733     0.255335033     0.258522467
 145     1      50               0     0.116299902    0.0853907068     0.794971324     0.349967313     0.255335041     0.258522447
          wgpu 1d 189g 292c x3w 4ms | egraph 41g->146v+0snap 10ms | graft 44 (-224n, 0 snap) cpu 0 | f64 20 | gen 0.3s
 146     0     100               0     0.116299902    0.0853907068     0.794971324     0.349967313     0.255335041     0.258522447
 146     1      50               0     0.116299902    0.0853907068     0.794971324     0.349967313     0.255335041     0.258522447
          wgpu 1d 206g 295c x3w 4ms | egraph 46g->149v+0snap 11ms | graft 50 (-321n, 0 snap) cpu 0 | f64 20 | gen 0.2s
 147     0     100               0     0.116299902    0.0853907068     0.794971324     0.349967313     0.255335041     0.258522447
 147     1      50               0     0.116299898    0.0853907135     0.794971546      0.34996733     0.255335033     0.258522467
          wgpu 1d 222g 297c x3w 5ms | egraph 43g->151v+0snap 14ms | graft 46 (-285n, 0 snap) cpu 0 | f64 20 | gen 0.6s
 148     0     100               0     0.116299902    0.0853907068     0.794971324     0.349967313     0.255335041     0.258522447
 148     1      50               0     0.116299902    0.0853907068     0.794971324     0.349967313     0.255335041     0.258522447
          wgpu 1d 185g 284c x3w 4ms | egraph 43g->138v+0snap 10ms | graft 41 (-231n, 0 snap) cpu 0 | f64 20 | gen 0.4s
 149     0     100               0     0.116299902    0.0853907068     0.794971324     0.349967313     0.255335041     0.258522447
 149     1      50               0     0.116299902    0.0853907068     0.794971324     0.349967313     0.255335041     0.258522447
          wgpu 1d 178g 283c x3w 4ms | egraph 39g->137v+0snap 12ms | graft 41 (-228n, 0 snap) cpu 0 | f64 20 | gen 0.4s
 150     0     100               0     0.116299902    0.0853907068     0.794971324     0.349967313     0.255335041     0.258522447
 150     1      50               0     0.116299898    0.0853907135     0.794971546      0.34996733     0.255335033     0.258522467
          wgpu 1d 191g 292c x3w 4ms | egraph 40g->146v+0snap 21ms | graft 46 (-258n, 0 snap) cpu 0 | f64 20 | gen 0.5s
--------- pump migration: intra (promote-2 + intake-reset) + cross ---------
 151     0     100               0     0.116299898    0.0853907135     0.794971546      0.34996733     0.255335033     0.258522467
 151     1      50               0     0.116299898    0.0853907135     0.794971546      0.34996733     0.255335033     0.258522467
          wgpu 2d 357g 407c x3w 8ms | egraph 114g->181v+0snap 34ms | graft 51 (-262n, 0 snap) cpu 0 | f64 30 | gen 0.3s | dropped inexpr 1 oversz 0 unbuild 0 {}
 152     0     100               0     0.116299898    0.0853907135     0.794971546      0.34996733     0.255335033     0.258522467
 152     1      50               0     0.116299902    0.0853907068     0.794971324     0.349967313     0.255335041     0.258522447
          wgpu 1d 186g 299c x3w 4ms | egraph 43g->153v+0snap 13ms | graft 47 (-262n, 0 snap) cpu 0 | f64 20 | gen 0.5s
 153     0     100               0     0.116299902    0.0853907068     0.794971324     0.349967313     0.255335041     0.258522447
 153     1      50               0     0.116299898    0.0853907135     0.794971546      0.34996733     0.255335033     0.258522467
          wgpu 1d 211g 301c x3w 5ms | egraph 42g->155v+0snap 11ms | graft 47 (-273n, 0 snap) cpu 0 | f64 20 | gen 0.3s | dropped inexpr 1 oversz 0 unbuild 0 {}
 154     0     100               0     0.116299898    0.0853907135     0.794971546      0.34996733     0.255335033     0.258522467
 154     1      50               0     0.116299898    0.0853907135     0.794971546      0.34996733     0.255335033     0.258522467
          wgpu 1d 213g 322c x3w 5ms | egraph 44g->176v+0snap 13ms | graft 53 (-296n, 0 snap) cpu 0 | f64 20 | gen 0.3s
 155     0     100               0     0.116299902    0.0853907068     0.794971324     0.349967313     0.255335041     0.258522447
 155     1      50               0     0.116299898    0.0853907135     0.794971546      0.34996733     0.255335033     0.258522467
          wgpu 1d 199g 304c x3w 4ms | egraph 49g->158v+0snap 11ms | graft 41 (-223n, 0 snap) cpu 0 | f64 20 | gen 0.2s
 156     0     100               0     0.116299902    0.0853907068     0.794971324     0.349967313     0.255335041     0.258522447
 156     1      50               0     0.116299898    0.0853907135     0.794971546      0.34996733     0.255335033     0.258522467
          wgpu 1d 183g 299c x3w 4ms | egraph 37g->153v+0snap 9ms | graft 51 (-249n, 0 snap) cpu 0 | f64 20 | gen 0.2s
 157     0     100               0     0.116299898    0.0853907135     0.794971546      0.34996733     0.255335033     0.258522467
 157     1      50               0     0.116299898    0.0853907135     0.794971546      0.34996733     0.255335033     0.258522467
          wgpu 1d 189g 309c x3w 6ms | egraph 42g->163v+0snap 10ms | graft 57 (-317n, 0 snap) cpu 0 | f64 20 | gen 0.2s
 158     0     100               0     0.116299902    0.0853907068     0.794971324     0.349967313     0.255335041     0.258522447
 158     1      50               0     0.116299898    0.0853907135     0.794971546      0.34996733     0.255335033     0.258522467
          wgpu 1d 193g 288c x3w 4ms | egraph 49g->142v+0snap 11ms | graft 40 (-235n, 0 snap) cpu 0 | f64 20 | gen 0.4s
 159     0     100               0     0.116299902    0.0853907068     0.794971324     0.349967313     0.255335041     0.258522447
 159     1      50               0     0.116299898    0.0853907135     0.794971546      0.34996733     0.255335033     0.258522467
          wgpu 1d 180g 306c x3w 4ms | egraph 40g->160v+0snap 10ms | graft 41 (-232n, 0 snap) cpu 0 | f64 20 | gen 0.5s
 160     0     100               0     0.116299898    0.0853907135     0.794971546      0.34996733     0.255335033     0.258522467
 160     1      50               0     0.116299898    0.0853907135     0.794971546      0.34996733     0.255335033     0.258522467
          wgpu 1d 214g 307c x3w 5ms | egraph 42g->161v+0snap 10ms | graft 59 (-298n, 0 snap) cpu 0 | f64 20 | gen 0.4s
--------- pump migration: intra (promote-2 + intake-reset) ---------
 161     0     100               0     0.116299898    0.0853907135     0.794971546      0.34996733     0.255335033     0.258522467
 161     1      50               0     0.116299898    0.0853907135     0.794971546      0.34996733     0.255335033     0.258522467
          wgpu 2d 354g 414c x3w 7ms | egraph 119g->188v+0snap 24ms | graft 53 (-291n, 0 snap) cpu 0 | f64 30 | gen 0.2s | dropped inexpr 2 oversz 0 unbuild 0 {}
 162     0     100               0     0.116299898    0.0853907135     0.794971546      0.34996733     0.255335033     0.258522467
 162     1      50               0     0.116299898    0.0853907135     0.794971546      0.34996733     0.255335033     0.258522467
          wgpu 1d 193g 296c x3w 9ms | egraph 30g->150v+0snap 12ms | graft 51 (-269n, 0 snap) cpu 0 | f64 20 | gen 0.3s
 163     0     100               0     0.116299898    0.0853907135     0.794971546      0.34996733     0.255335033     0.258522467
 163     1      50               0     0.116299898    0.0853907135     0.794971546      0.34996733     0.255335033     0.258522467
          wgpu 1d 194g 307c x3w 5ms | egraph 35g->161v+0snap 9ms | graft 59 (-306n, 0 snap) cpu 0 | f64 20 | gen 0.3s
 164     0     100               0     0.116299898    0.0853907135     0.794971546      0.34996733     0.255335033     0.258522467
 164     1      50               0     0.116299898    0.0853907135     0.794971546      0.34996733     0.255335033     0.258522467
          wgpu 1d 191g 299c x3w 5ms | egraph 38g->153v+0snap 13ms | graft 51 (-309n, 0 snap) cpu 0 | f64 20 | gen 0.2s
 165     0     100               0     0.116299898    0.0853907135     0.794971546      0.34996733     0.255335033     0.258522467
 165     1      50               0     0.116299898    0.0853907135     0.794971546      0.34996733     0.255335033     0.258522467
          wgpu 1d 226g 324c x3w 5ms | egraph 38g->178v+0snap 16ms | graft 58 (-422n, 0 snap) cpu 0 | f64 20 | gen 0.4s
 166     0     100               0     0.116299898    0.0853907135     0.794971546      0.34996733     0.255335033     0.258522467
 166     1      50               0     0.116299898    0.0853907135     0.794971546      0.34996733     0.255335033     0.258522467
          wgpu 1d 190g 302c x3w 4ms | egraph 47g->156v+0snap 16ms | graft 44 (-263n, 0 snap) cpu 0 | f64 20 | gen 0.4s
 167     0     100               0     0.116299898    0.0853907135     0.794971546      0.34996733     0.255335033     0.258522467
 167     1      50               0     0.116299898    0.0853907135     0.794971546      0.34996733     0.255335033     0.258522467
          wgpu 1d 186g 296c x3w 5ms | egraph 34g->150v+0snap 12ms | graft 45 (-283n, 0 snap) cpu 0 | f64 20 | gen 0.3s
 168     0     100               0     0.116299898    0.0853907135     0.794971546      0.34996733     0.255335033     0.258522467
 168     1      50               0     0.116299898    0.0853907135     0.794971546      0.34996733     0.255335033     0.258522467
          wgpu 1d 195g 301c x3w 5ms | egraph 40g->155v+0snap 18ms | graft 39 (-232n, 0 snap) cpu 0 | f64 20 | gen 0.3s
 169     0     100               0     0.116299898    0.0853907135     0.794971546      0.34996733     0.255335033     0.258522467
 169     1      50               0     0.116299898    0.0853907135     0.794971546      0.34996733     0.255335033     0.258522467
          wgpu 1d 205g 296c x3w 4ms | egraph 47g->150v+0snap 16ms | graft 50 (-301n, 0 snap) cpu 0 | f64 20 | gen 0.2s
 170     0     100               0     0.116299898    0.0853907135     0.794971546      0.34996733     0.255335033     0.258522467
 170     1      50               0     0.116299898    0.0853907135     0.794971546      0.34996733     0.255335033     0.258522467
          wgpu 1d 215g 296c x3w 4ms | egraph 39g->150v+0snap 13ms | graft 49 (-276n, 0 snap) cpu 0 | f64 20 | gen 0.5s
--------- pump migration: intra (promote-2 + intake-reset) ---------
 171     0     100               0     0.116299898    0.0853907135     0.794971546      0.34996733     0.255335033     0.258522467
 171     1      50               0     0.116299898    0.0853907135     0.794971546      0.34996733     0.255335033     0.258522467
          wgpu 2d 360g 427c x3w 8ms | egraph 105g->201v+0snap 24ms | graft 52 (-342n, 0 snap) cpu 0 | f64 30 | gen 0.4s | dropped inexpr 1 oversz 0 unbuild 0 {}
 172     0     100               0     0.116299898    0.0853907135     0.794971546      0.34996733     0.255335033     0.258522467
 172     1      50               0     0.116299898    0.0853907135     0.794971546      0.34996733     0.255335033     0.258522467
          wgpu 1d 190g 287c x3w 4ms | egraph 39g->141v+0snap 9ms | graft 40 (-218n, 0 snap) cpu 0 | f64 20 | gen 0.3s
 173     0     100               0     0.116299898    0.0853907135     0.794971546      0.34996733     0.255335033     0.258522467
 173     1      50               0     0.116299902    0.0853907068     0.794971324     0.349967313     0.255335041     0.258522447
          wgpu 1d 241g 320c x3w 5ms | egraph 44g->174v+0snap 11ms | graft 54 (-312n, 0 snap) cpu 0 | f64 20 | gen 0.5s
 174     0     100               0     0.116299898    0.0853907135     0.794971546      0.34996733     0.255335033     0.258522467
 174     1      50               0     0.116299898    0.0853907135     0.794971546      0.34996733     0.255335033     0.258522467
          wgpu 1d 198g 306c x3w 4ms | egraph 34g->160v+0snap 11ms | graft 50 (-323n, 0 snap) cpu 0 | f64 20 | gen 0.2s
 175     0     100               0     0.116299898    0.0853907135     0.794971546      0.34996733     0.255335033     0.258522467
 175     1      50               0     0.116299902    0.0853907068     0.794971324     0.349967313     0.255335041     0.258522447
          wgpu 1d 198g 291c x3w 4ms | egraph 39g->145v+0snap 10ms | graft 52 (-333n, 0 snap) cpu 0 | f64 20 | gen 0.3s
 176     0     100               0     0.116299898    0.0853907135     0.794971546      0.34996733     0.255335033     0.258522467
 176     1      50               0     0.116299902    0.0853907068     0.794971324     0.349967313     0.255335041     0.258522447
          wgpu 1d 195g 306c x3w 5ms | egraph 29g->160v+0snap 12ms | graft 49 (-249n, 0 snap) cpu 0 | f64 20 | gen 0.3s
 177     0     100               0     0.116299898    0.0853907135     0.794971546      0.34996733     0.255335033     0.258522467
 177     1      50               0     0.116299898    0.0853907135     0.794971546      0.34996733     0.255335033     0.258522467
          wgpu 1d 223g 313c x3w 5ms | egraph 37g->167v+0snap 9ms | graft 57 (-334n, 0 snap) cpu 0 | f64 20 | gen 0.3s
 178     0     100               0     0.116299898    0.0853907135     0.794971546      0.34996733     0.255335033     0.258522467
 178     1      50               0     0.116299898    0.0853907135     0.794971546      0.34996733     0.255335033     0.258522467
          wgpu 1d 196g 301c x3w 5ms | egraph 40g->155v+0snap 11ms | graft 47 (-248n, 0 snap) cpu 0 | f64 20 | gen 0.2s
 179     0     100               0     0.116299898    0.0853907135     0.794971546      0.34996733     0.255335033     0.258522467
 179     1      50               0     0.116299898    0.0853907135     0.794971546      0.34996733     0.255335033     0.258522467
          wgpu 1d 167g 293c x3w 4ms | egraph 23g->147v+0snap 6ms | graft 39 (-198n, 0 snap) cpu 0 | f64 20 | gen 0.2s
 180     0     100               0     0.116299898    0.0853907135     0.794971546      0.34996733     0.255335033     0.258522467
 180     1      50               0     0.116299898    0.0853907135     0.794971546      0.34996733     0.255335033     0.258522467
          wgpu 1d 195g 301c x3w 5ms | egraph 38g->155v+0snap 10ms | graft 50 (-254n, 0 snap) cpu 0 | f64 20 | gen 0.3s
--------- pump migration: intra (promote-2 + intake-reset) + cross ---------
 181     0     100               0     0.116299898    0.0853907135     0.794971546      0.34996733     0.255335033     0.258522467
 181     1      50               0     0.116299898    0.0853907135     0.794971546      0.34996733     0.255335033     0.258522467
          wgpu 2d 359g 415c x3w 8ms | egraph 100g->189v+0snap 25ms | graft 46 (-221n, 0 snap) cpu 0 | f64 30 | gen 0.2s
 182     0     100               0     0.116299898    0.0853907135     0.794971546      0.34996733     0.255335033     0.258522467
 182     1      50               0     0.116299898    0.0853907135     0.794971546      0.34996733     0.255335033     0.258522467
          wgpu 1d 222g 324c x3w 5ms | egraph 38g->178v+0snap 12ms | graft 59 (-372n, 0 snap) cpu 0 | f64 20 | gen 0.5s | dropped inexpr 7 oversz 0 unbuild 0 {}
 183     0     100               0     0.116299898    0.0853907135     0.794971546      0.34996733     0.255335033     0.258522467
 183     1      50               0     0.116299898    0.0853907135     0.794971546      0.34996733     0.255335033     0.258522467
          wgpu 1d 201g 301c x3w 5ms | egraph 36g->155v+0snap 11ms | graft 47 (-273n, 0 snap) cpu 0 | f64 20 | gen 0.4s | dropped inexpr 3 oversz 0 unbuild 0 {}
 184     0     100               0     0.116299898    0.0853907135     0.794971546      0.34996733     0.255335033     0.258522467
 184     1      50               0     0.116299898    0.0853907135     0.794971546      0.34996733     0.255335033     0.258522467
          wgpu 1d 217g 323c x3w 5ms | egraph 42g->177v+0snap 10ms | graft 54 (-286n, 0 snap) cpu 0 | f64 20 | gen 0.3s | dropped inexpr 2 oversz 0 unbuild 0 {}
 185     0     100               0     0.116299898    0.0853907135     0.794971546      0.34996733     0.255335033     0.258522467
 185     1      50               0     0.116299902    0.0853907068     0.794971324     0.349967313     0.255335041     0.258522447
          wgpu 1d 205g 311c x3w 5ms | egraph 43g->165v+0snap 14ms | graft 46 (-241n, 0 snap) cpu 0 | f64 20 | gen 0.2s | dropped inexpr 3 oversz 0 unbuild 0 {}
 186     0     100               0     0.116299898    0.0853907135     0.794971546      0.34996733     0.255335033     0.258522467
 186     1      50               0     0.116299898    0.0853907135     0.794971546      0.34996733     0.255335033     0.258522467
          wgpu 1d 201g 301c x3w 5ms | egraph 32g->155v+0snap 11ms | graft 51 (-308n, 0 snap) cpu 0 | f64 20 | gen 0.4s
 187     0     100               0     0.116299898    0.0853907135     0.794971546      0.34996733     0.255335033     0.258522467
 187     1      50               0     0.116299898    0.0853907135     0.794971546      0.34996733     0.255335033     0.258522467
          wgpu 1d 235g 315c x3w 5ms | egraph 37g->169v+0snap 15ms | graft 53 (-302n, 0 snap) cpu 0 | f64 20 | gen 0.3s | dropped inexpr 2 oversz 0 unbuild 0 {}
 188     0     100               0     0.116299898    0.0853907135     0.794971546      0.34996733     0.255335033     0.258522467
 188     1      50               0     0.116299898    0.0853907135     0.794971546      0.34996733     0.255335033     0.258522467
          wgpu 1d 213g 318c x3w 5ms | egraph 33g->172v+0snap 13ms | graft 55 (-310n, 0 snap) cpu 0 | f64 20 | gen 0.4s
 189     0     100               0     0.116299898    0.0853907135     0.794971546      0.34996733     0.255335033     0.258522467
 189     1      50               0     0.116299898    0.0853907135     0.794971546      0.34996733     0.255335033     0.258522467
          wgpu 1d 217g 302c x3w 6ms | egraph 45g->156v+0snap 16ms | graft 54 (-347n, 0 snap) cpu 0 | f64 20 | gen 0.4s | dropped inexpr 2 oversz 0 unbuild 0 {}
 190     0     100               0     0.116299898    0.0853907135     0.794971546      0.34996733     0.255335033     0.258522467
 190     1      50               0     0.116299898    0.0853907135     0.794971546      0.34996733     0.255335033     0.258522467
          wgpu 1d 176g 292c x3w 4ms | egraph 31g->146v+0snap 10ms | graft 50 (-265n, 0 snap) cpu 0 | f64 20 | gen 0.3s | dropped inexpr 1 oversz 0 unbuild 0 {}
--------- pump migration: intra (promote-2 + intake-reset) ---------
 191     0     100               0     0.116299898    0.0853907135     0.794971546      0.34996733     0.255335033     0.258522467
 191     1      50               0     0.116299898    0.0853907135     0.794971546      0.34996733     0.255335033     0.258522467
          wgpu 2d 384g 424c x3w 9ms | egraph 107g->198v+0snap 26ms | graft 59 (-352n, 0 snap) cpu 0 | f64 30 | gen 0.9s | dropped inexpr 1 oversz 0 unbuild 0 {}
 192     0     100               0     0.116299898    0.0853907135     0.794971546      0.34996733     0.255335033     0.258522467
 192     1      50               0     0.116299898    0.0853907135     0.794971546      0.34996733     0.255335033     0.258522467
          wgpu 1d 200g 310c x3w 4ms | egraph 39g->164v+0snap 9ms | graft 52 (-259n, 0 snap) cpu 0 | f64 20 | gen 0.4s
 193     0     100               0     0.116299898    0.0853907135     0.794971546      0.34996733     0.255335033     0.258522467
 193     1      50               0     0.116299898    0.0853907135     0.794971546      0.34996733     0.255335033     0.258522467
          wgpu 1d 203g 313c x3w 5ms | egraph 33g->167v+0snap 8ms | graft 56 (-321n, 0 snap) cpu 0 | f64 20 | gen 0.2s
 194     0     100               0     0.116299898    0.0853907135     0.794971546      0.34996733     0.255335033     0.258522467
 194     1      50               0     0.116299898    0.0853907135     0.794971546      0.34996733     0.255335033     0.258522467
          wgpu 1d 203g 319c x3w 4ms | egraph 24g->173v+0snap 6ms | graft 48 (-270n, 0 snap) cpu 0 | f64 20 | gen 0.2s
 195     0     100               0     0.116299898    0.0853907135     0.794971546      0.34996733     0.255335033     0.258522467
 195     1      50               0     0.116299898    0.0853907135     0.794971546      0.34996733     0.255335033     0.258522467
          wgpu 1d 210g 301c x3w 4ms | egraph 32g->155v+0snap 8ms | graft 47 (-275n, 0 snap) cpu 0 | f64 20 | gen 0.4s
 196     0     100               0     0.116299898    0.0853907135     0.794971546      0.34996733     0.255335033     0.258522467
 196     1      50               0     0.116299898    0.0853907135     0.794971546      0.34996733     0.255335033     0.258522467
          wgpu 1d 181g 278c x3w 4ms | egraph 29g->132v+0snap 7ms | graft 42 (-223n, 0 snap) cpu 0 | f64 20 | gen 0.2s
 197     0     100               0     0.116299898    0.0853907135     0.794971546      0.34996733     0.255335033     0.258522467
 197     1      50               0     0.116299898    0.0853907135     0.794971546      0.34996733     0.255335033     0.258522467
          wgpu 1d 210g 318c x3w 5ms | egraph 36g->172v+0snap 13ms | graft 47 (-305n, 0 snap) cpu 0 | f64 20 | gen 0.5s
 198     0     100               0     0.116299902    0.0853907068     0.794971324     0.349967313     0.255335041     0.258522447
 198     1      50               0     0.116299898    0.0853907135     0.794971546      0.34996733     0.255335033     0.258522467
          wgpu 1d 224g 299c x3w 5ms | egraph 47g->153v+0snap 12ms | graft 42 (-225n, 0 snap) cpu 0 | f64 20 | gen 0.2s
 199     0     100               0     0.116299902    0.0853907068     0.794971324     0.349967313     0.255335041     0.258522447
 199     1      50               0     0.116299898    0.0853907135     0.794971546      0.34996733     0.255335033     0.258522467
          wgpu 1d 194g 298c x3w 4ms | egraph 38g->152v+0snap 11ms | graft 44 (-338n, 0 snap) cpu 0 | f64 20 | gen 0.2s
 200     0     100               0     0.116299898    0.0853907135     0.794971546      0.34996733     0.255335033     0.258522467
 200     1      50               0     0.116299898    0.0853907135     0.794971546      0.34996733     0.255335033     0.258522467
          wgpu 1d 197g 304c x3w 4ms | egraph 44g->158v+0snap 19ms | graft 49 (-289n, 0 snap) cpu 0 | f64 20 | gen 0.4s
--------- pump migration: intra (promote-2 + intake-reset) ---------
 201     0     100               0     0.116299898    0.0853907135     0.794971546      0.34996733     0.255335033     0.258522467
 201     1      50               0     0.116299898    0.0853907135     0.794971546      0.34996733     0.255335033     0.258522467
          wgpu 2d 387g 436c x3w 8ms | egraph 127g->210v+0snap 27ms | graft 65 (-343n, 0 snap) cpu 0 | f64 30 | gen 0.3s | dropped inexpr 4 oversz 0 unbuild 0 {}
 202     0     100               0     0.116299898    0.0853907135     0.794971546      0.34996733     0.255335033     0.258522467
 202     1      50               0     0.116299898    0.0853907135     0.794971546      0.34996733     0.255335033     0.258522467
          wgpu 1d 219g 313c x3w 13ms | egraph 49g->167v+0snap 11ms | graft 47 (-370n, 0 snap) cpu 0 | f64 20 | gen 0.5s
 203     0     100               0     0.116299898    0.0853907135     0.794971546      0.34996733     0.255335033     0.258522467
 203     1      50               0     0.116299898    0.0853907135     0.794971546      0.34996733     0.255335033     0.258522467
          wgpu 1d 190g 306c x3w 5ms | egraph 35g->160v+0snap 12ms | graft 46 (-286n, 0 snap) cpu 0 | f64 20 | gen 0.2s
 204     0     100               0     0.116299898    0.0853907135     0.794971546      0.34996733     0.255335033     0.258522467
 204     1      50               0     0.116299898    0.0853907135     0.794971546      0.34996733     0.255335033     0.258522467
          wgpu 1d 208g 313c x3w 5ms | egraph 40g->167v+0snap 13ms | graft 44 (-247n, 0 snap) cpu 0 | f64 20 | gen 0.3s
 205     0     100               0     0.116299898    0.0853907135     0.794971546      0.34996733     0.255335033     0.258522467
 205     1      50               0     0.116299898    0.0853907135     0.794971546      0.34996733     0.255335033     0.258522467
          wgpu 1d 190g 281c x3w 4ms | egraph 38g->135v+0snap 9ms | graft 37 (-186n, 0 snap) cpu 0 | f64 20 | gen 0.4s
 206     0     100               0     0.116299898    0.0853907135     0.794971546      0.34996733     0.255335033     0.258522467
 206     1      50               0     0.116299898    0.0853907135     0.794971546      0.34996733     0.255335033     0.258522467
          wgpu 1d 208g 323c x3w 5ms | egraph 45g->177v+0snap 12ms | graft 53 (-324n, 0 snap) cpu 0 | f64 20 | gen 0.4s
 207     0     100               0     0.116299898    0.0853907135     0.794971546      0.34996733     0.255335033     0.258522467
 207     1      50               0     0.116299898    0.0853907135     0.794971546      0.34996733     0.255335033     0.258522467
          wgpu 1d 243g 323c x3w 5ms | egraph 51g->177v+0snap 14ms | graft 58 (-290n, 0 snap) cpu 0 | f64 20 | gen 0.7s
 208     0     100               0     0.116299898    0.0853907135     0.794971546      0.34996733     0.255335033     0.258522467
 208     1      50               0     0.116299898    0.0853907135     0.794971546      0.34996733     0.255335033     0.258522467
          wgpu 1d 215g 291c x3w 5ms | egraph 46g->145v+0snap 12ms | graft 57 (-304n, 0 snap) cpu 0 | f64 20 | gen 0.3s | dropped inexpr 1 oversz 0 unbuild 0 {}
 209     0     100               0     0.116299898    0.0853907135     0.794971546      0.34996733     0.255335033     0.258522467
 209     1      50               0     0.116299898    0.0853907135     0.794971546      0.34996733     0.255335033     0.258522467
          wgpu 1d 184g 292c x3w 5ms | egraph 34g->146v+0snap 14ms | graft 45 (-342n, 0 snap) cpu 0 | f64 20 | gen 0.3s
 210     0     100               0     0.116299898    0.0853907135     0.794971546      0.34996733     0.255335033     0.258522467
 210     1      50               0     0.116299898    0.0853907135     0.794971546      0.34996733     0.255335033     0.258522467
          wgpu 1d 230g 320c x3w 5ms | egraph 42g->174v+0snap 11ms | graft 51 (-331n, 0 snap) cpu 0 | f64 20 | gen 0.3s
--------- pump migration: intra (promote-2 + intake-reset) + cross ---------
 211     0     100               0     0.116299898    0.0853907135     0.794971546      0.34996733     0.255335033     0.258522467
 211     1      50               0     0.116299898    0.0853907135     0.794971546      0.34996733     0.255335033     0.258522467
          wgpu 2d 387g 431c x3w 14ms | egraph 114g->205v+0snap 27ms | graft 55 (-286n, 0 snap) cpu 0 | f64 30 | gen 0.3s | dropped inexpr 3 oversz 0 unbuild 0 {}
 212     0     100               0     0.116299902    0.0853907068     0.794971324     0.349967313     0.255335041     0.258522447
 212     1      50               0     0.116299898    0.0853907135     0.794971546      0.34996733     0.255335033     0.258522467
          wgpu 1d 207g 311c x3w 4ms | egraph 44g->165v+0snap 17ms | graft 51 (-367n, 0 snap) cpu 0 | f64 20 | gen 0.3s
 213     0     100               0     0.116299902    0.0853907068     0.794971324     0.349967313     0.255335041     0.258522447
 213     1      50               0     0.116299898    0.0853907135     0.794971546      0.34996733     0.255335033     0.258522467
          wgpu 1d 190g 313c x3w 4ms | egraph 39g->167v+0snap 12ms | graft 56 (-383n, 0 snap) cpu 0 | f64 20 | gen 0.4s
 214     0     100               0     0.116299902    0.0853907068     0.794971324     0.349967313     0.255335041     0.258522447
 214     1      50               0     0.116299898    0.0853907135     0.794971546      0.34996733     0.255335033     0.258522467
          wgpu 1d 225g 322c x3w 9ms | egraph 49g->176v+0snap 12ms | graft 53 (-306n, 0 snap) cpu 0 | f64 20 | gen 0.2s
 215     0     100               0     0.116299902    0.0853907068     0.794971324     0.349967313     0.255335041     0.258522447
 215     1      50               0     0.116299898    0.0853907135     0.794971546      0.34996733     0.255335033     0.258522467
          wgpu 1d 205g 315c x3w 5ms | egraph 45g->169v+0snap 13ms | graft 52 (-369n, 0 snap) cpu 0 | f64 20 | gen 0.4s
 216     0     100               0     0.116299902    0.0853907068     0.794971324     0.349967313     0.255335041     0.258522447
 216     1      50               0     0.116299898    0.0853907135     0.794971546      0.34996733     0.255335033     0.258522467
          wgpu 1d 206g 300c x3w 7ms | egraph 47g->154v+0snap 11ms | graft 53 (-306n, 0 snap) cpu 0 | f64 20 | gen 0.2s | dropped inexpr 1 oversz 0 unbuild 0 {}
 217     0     100               0     0.116299902    0.0853907068     0.794971324     0.349967313     0.255335041     0.258522447
 217     1      50               0     0.116299898    0.0853907135     0.794971546      0.34996733     0.255335033     0.258522467
          wgpu 1d 219g 326c x3w 5ms | egraph 49g->180v+0snap 13ms | graft 42 (-253n, 0 snap) cpu 0 | f64 20 | gen 0.4s
 218     0     100               0     0.116299902    0.0853907068     0.794971324     0.349967313     0.255335041     0.258522447
 218     1      50               0     0.116299898    0.0853907135     0.794971546      0.34996733     0.255335033     0.258522467
          wgpu 1d 220g 316c x3w 5ms | egraph 46g->170v+0snap 12ms | graft 55 (-407n, 0 snap) cpu 0 | f64 20 | gen 0.2s
 219     0     100               0     0.115745466    0.0857863396     0.805088923     0.348255024     0.254117783     0.259720235
 219     1      50               0     0.116299898    0.0853907135     0.794971546      0.34996733     0.255335033     0.258522467
          wgpu 1d 210g 307c x3w 5ms | egraph 38g->161v+0snap 10ms | graft 47 (-331n, 0 snap) cpu 0 | f64 20 | gen 0.2s
 220     0     100               0     0.116299902    0.0853907068     0.794971324     0.349967313     0.255335041     0.258522447
 220     1      50               0     0.116299898    0.0853907135     0.794971546      0.34996733     0.255335033     0.258522467
          wgpu 1d 198g 306c x3w 5ms | egraph 44g->160v+0snap 19ms | graft 63 (-378n, 0 snap) cpu 0 | f64 20 | gen 0.6s
--------- pump migration: intra (promote-2 + intake-reset) ---------
 221     0     100               0     0.115745466    0.0857863396     0.805088923     0.348255024     0.254117783     0.259720235
 221     1      50               0     0.116299898    0.0853907135     0.794971546      0.34996733     0.255335033     0.258522467
          wgpu 2d 364g 429c x3w 8ms | egraph 98g->203v+0snap 21ms | graft 65 (-409n, 0 snap) cpu 0 | f64 30 | gen 0.4s | dropped inexpr 1 oversz 0 unbuild 0 {}
 222     0     100               0     0.115745466    0.0857863396     0.805088923     0.348255024     0.254117783     0.259720235
 222     1      50               0     0.116299898    0.0853907135     0.794971546      0.34996733     0.255335033     0.258522467
          wgpu 1d 188g 302c x3w 7ms | egraph 44g->156v+0snap 10ms | graft 57 (-344n, 0 snap) cpu 0 | f64 20 | gen 0.2s
 223     0     100               0     0.115745466    0.0857863396     0.805088923     0.348255024     0.254117783     0.259720235
 223     1      50               0     0.116299898    0.0853907135     0.794971546      0.34996733     0.255335033     0.258522467
          wgpu 1d 231g 307c x3w 5ms | egraph 62g->161v+0snap 15ms | graft 50 (-271n, 0 snap) cpu 0 | f64 20 | gen 0.2s
 224     0     100               0     0.115745466    0.0857863396     0.805088923     0.348255024     0.254117783     0.259720235
 224     1      50               0     0.116299898    0.0853907135     0.794971546      0.34996733     0.255335033     0.258522467
          wgpu 1d 214g 304c x3w 5ms | egraph 53g->158v+0snap 20ms | graft 45 (-265n, 0 snap) cpu 0 | f64 20 | gen 0.3s
 225     0     100               0     0.115745466    0.0857863396     0.805088923     0.348255024     0.254117783     0.259720235
 225     1      50               0     0.116299898    0.0853907135     0.794971546      0.34996733     0.255335033     0.258522467
          wgpu 1d 167g 294c x3w 11ms | egraph 28g->148v+0snap 9ms | graft 41 (-227n, 0 snap) cpu 0 | f64 20 | gen 0.2s
 226     0     100               0     0.115745466    0.0857863396     0.805088923     0.348255024     0.254117783     0.259720235
 226     1      50               0     0.116299898    0.0853907135     0.794971546      0.34996733     0.255335033     0.258522467
          wgpu 1d 202g 304c x3w 5ms | egraph 43g->158v+0snap 13ms | graft 63 (-377n, 0 snap) cpu 0 | f64 20 | gen 0.4s
 227     0     100               0     0.115745466    0.0857863396     0.805088923     0.348255024     0.254117783     0.259720235
 227     1      50               0     0.116299898    0.0853907135     0.794971546      0.34996733     0.255335033     0.258522467
          wgpu 1d 226g 315c x3w 5ms | egraph 49g->169v+0snap 15ms | graft 56 (-357n, 0 snap) cpu 0 | f64 20 | gen 0.5s
 228     0     100               0     0.115745466    0.0857863396     0.805088923     0.348255024     0.254117783     0.259720235
 228     1      50               0     0.116299898    0.0853907135     0.794971546      0.34996733     0.255335033     0.258522467
          wgpu 1d 199g 308c x3w 4ms | egraph 40g->162v+0snap 11ms | graft 53 (-297n, 0 snap) cpu 0 | f64 20 | gen 0.2s
 229     0     100               0     0.115745466    0.0857863396     0.805088923     0.348255024     0.254117783     0.259720235
 229     1      50               0     0.116299898    0.0853907135     0.794971546      0.34996733     0.255335033     0.258522467
          wgpu 1d 180g 293c x3w 4ms | egraph 44g->147v+0snap 13ms | graft 47 (-312n, 0 snap) cpu 0 | f64 20 | gen 0.5s
 230     0     100               0     0.115745468    0.0857863303     0.805088767     0.348255008     0.254117789     0.259720207
 230     1      50               0     0.116299898    0.0853907135     0.794971546      0.34996733     0.255335033     0.258522467
          wgpu 1d 198g 294c x3w 5ms | egraph 38g->148v+0snap 10ms | graft 39 (-211n, 0 snap) cpu 0 | f64 20 | gen 0.3s
--------- pump migration: intra (promote-2 + intake-reset) ---------
 231     0     100               0     0.115745468    0.0857863303     0.805088767     0.348255008     0.254117789     0.259720207
 231     1      50               0     0.116299898    0.0853907135     0.794971546      0.34996733     0.255335033     0.258522467
          wgpu 2d 397g 432c x3w 8ms | egraph 121g->206v+0snap 36ms | graft 67 (-452n, 0 snap) cpu 0 | f64 30 | gen 0.2s
 232     0     100               0     0.115745468    0.0857863303     0.805088767     0.348255008     0.254117789     0.259720207
 232     1      50               0     0.116299898    0.0853907135     0.794971546      0.34996733     0.255335033     0.258522467
          wgpu 1d 200g 309c x3w 5ms | egraph 47g->163v+0snap 11ms | graft 48 (-304n, 0 snap) cpu 0 | f64 20 | gen 0.3s
 233     0     100               0     0.115745468    0.0857863303     0.805088767     0.348255008     0.254117789     0.259720207
 233     1      50               0     0.116299898    0.0853907135     0.794971546      0.34996733     0.255335033     0.258522467
          wgpu 1d 196g 296c x3w 5ms | egraph 41g->150v+0snap 55ms | graft 53 (-297n, 0 snap) cpu 0 | f64 20 | gen 0.2s | dropped inexpr 1 oversz 0 unbuild 0 {}
 234     0     100               0     0.115745468    0.0857863303     0.805088767     0.348255008     0.254117789     0.259720207
 234     1      50               0     0.116299902    0.0853907068     0.794971324     0.349967313     0.255335041     0.258522447
          wgpu 1d 201g 303c x3w 4ms | egraph 35g->157v+0snap 10ms | graft 44 (-286n, 0 snap) cpu 0 | f64 20 | gen 0.2s | dropped inexpr 1 oversz 0 unbuild 0 {}
 235     0     100               0     0.115745468    0.0857863303     0.805088767     0.348255008     0.254117789     0.259720207
 235     1      50               0     0.116299898    0.0853907135     0.794971546      0.34996733     0.255335033     0.258522467
          wgpu 1d 186g 293c x3w 4ms | egraph 39g->147v+0snap 17ms | graft 47 (-281n, 0 snap) cpu 0 | f64 20 | gen 0.5s
 236     0     100               0     0.115745468    0.0857863303     0.805088767     0.348255008     0.254117789     0.259720207
 236     1      50               0     0.116299898    0.0853907135     0.794971546      0.34996733     0.255335033     0.258522467
          wgpu 1d 193g 289c x3w 5ms | egraph 41g->143v+0snap 12ms | graft 44 (-302n, 0 snap) cpu 0 | f64 20 | gen 0.2s
 237     0     100               0     0.115745468    0.0857863303     0.805088767     0.348255008     0.254117789     0.259720207
 237     1      50               0     0.116299898    0.0853907135     0.794971546      0.34996733     0.255335033     0.258522467
          wgpu 1d 191g 284c x3w 4ms | egraph 37g->138v+0snap 9ms | graft 46 (-271n, 0 snap) cpu 0 | f64 20 | gen 0.2s
 238     0     100               0     0.115745468    0.0857863303     0.805088767     0.348255008     0.254117789     0.259720207
 238     1      50               0     0.116299898    0.0853907135     0.794971546      0.34996733     0.255335033     0.258522467
          wgpu 1d 184g 278c x3w 5ms | egraph 32g->132v+0snap 8ms | graft 43 (-251n, 0 snap) cpu 0 | f64 20 | gen 0.2s
 239     0     100               0     0.115745468    0.0857863303     0.805088767     0.348255008     0.254117789     0.259720207
 239     1      50               0     0.116299898    0.0853907135     0.794971546      0.34996733     0.255335033     0.258522467
          wgpu 1d 205g 303c x3w 5ms | egraph 45g->157v+0snap 11ms | graft 50 (-345n, 0 snap) cpu 0 | f64 20 | gen 0.3s
 240     0     100               0     0.115745468    0.0857863303     0.805088767     0.348255008     0.254117789     0.259720207
 240     1      50               0     0.116299898    0.0853907135     0.794971546      0.34996733     0.255335033     0.258522467
          wgpu 1d 186g 283c x3w 4ms | egraph 27g->137v+0snap 13ms | graft 37 (-209n, 0 snap) cpu 0 | f64 20 | gen 0.2s
--------- pump migration: intra (promote-2 + intake-reset) + cross ---------
 241     0     100               0     0.115745468    0.0857863303     0.805088767     0.348255008     0.254117789     0.259720207
 241     1      50               0     0.116299898    0.0853907135     0.794971546      0.34996733     0.255335033     0.258522467
          wgpu 2d 373g 436c x3w 15ms | egraph 118g->210v+0snap 27ms | graft 73 (-416n, 0 snap) cpu 0 | f64 30 | gen 0.2s | dropped inexpr 2 oversz 0 unbuild 0 {}
 242     0     100               0     0.115745468    0.0857863303     0.805088767     0.348255008     0.254117789     0.259720207
 242     1      50               0     0.116299898    0.0853907135     0.794971546      0.34996733     0.255335033     0.258522467
          wgpu 1d 177g 285c x3w 5ms | egraph 37g->139v+0snap 9ms | graft 47 (-262n, 0 snap) cpu 0 | f64 20 | gen 0.2s | dropped inexpr 1 oversz 0 unbuild 0 {}
 243     0     100               0     0.115745468    0.0857863303     0.805088767     0.348255008     0.254117789     0.259720207
 243     1      50               0     0.116299898    0.0853907135     0.794971546      0.34996733     0.255335033     0.258522467
          wgpu 1d 190g 287c x3w 4ms | egraph 32g->141v+0snap 14ms | graft 46 (-267n, 0 snap) cpu 0 | f64 20 | gen 0.2s
 244     0     100               0     0.115745468    0.0857863303     0.805088767     0.348255008     0.254117789     0.259720207
 244     1      50               0     0.116299898    0.0853907135     0.794971546      0.34996733     0.255335033     0.258522467
          wgpu 1d 199g 302c x3w 5ms | egraph 35g->156v+0snap 14ms | graft 54 (-364n, 0 snap) cpu 0 | f64 20 | gen 0.2s
 245     0     100               0     0.115745468    0.0857863303     0.805088767     0.348255008     0.254117789     0.259720207
 245     1      50               0     0.116299898    0.0853907135     0.794971546      0.34996733     0.255335033     0.258522467
          wgpu 1d 188g 304c x3w 4ms | egraph 30g->158v+0snap 8ms | graft 53 (-315n, 0 snap) cpu 0 | f64 20 | gen 0.4s
 246     0     100               0     0.115745468    0.0857863303     0.805088767     0.348255008     0.254117789     0.259720207
 246     1      50               0     0.116299898    0.0853907135     0.794971546      0.34996733     0.255335033     0.258522467
          wgpu 1d 204g 307c x3w 5ms | egraph 37g->161v+0snap 9ms | graft 54 (-293n, 0 snap) cpu 0 | f64 20 | gen 0.2s
 247     0     100               0     0.115745468    0.0857863303     0.805088767     0.348255008     0.254117789     0.259720207
 247     1      50               0     0.116299898    0.0853907135     0.794971546      0.34996733     0.255335033     0.258522467
          wgpu 1d 204g 295c x3w 4ms | egraph 41g->149v+0snap 10ms | graft 50 (-265n, 0 snap) cpu 0 | f64 20 | gen 0.3s
 248     0     100               0     0.115745468    0.0857863303     0.805088767     0.348255008     0.254117789     0.259720207
 248     1      50               0     0.116299898    0.0853907135     0.794971546      0.34996733     0.255335033     0.258522467
          wgpu 1d 203g 299c x3w 5ms | egraph 48g->153v+0snap 13ms | graft 51 (-291n, 0 snap) cpu 0 | f64 20 | gen 0.4s
 249     0     100               0     0.115745468    0.0857863303     0.805088767     0.348255008     0.254117789     0.259720207
 249     1      50               0     0.116299898    0.0853907135     0.794971546      0.34996733     0.255335033     0.258522467
          wgpu 1d 171g 293c x3w 4ms | egraph 40g->147v+0snap 11ms | graft 52 (-287n, 0 snap) cpu 0 | f64 20 | gen 0.7s
 250     0     100               0     0.115745468    0.0857863303     0.805088767     0.348255008     0.254117789     0.259720207
 250     1      50               0     0.116299898    0.0853907135     0.794971546      0.34996733     0.255335033     0.258522467
          wgpu 1d 222g 303c x3w 5ms | egraph 48g->157v+0snap 12ms | graft 57 (-342n, 0 snap) cpu 0 | f64 20 | gen 0.4s
--------- pump migration: intra (promote-2 + intake-reset) ---------
 251     0     100               0     0.115745468    0.0857863303     0.805088767     0.348255008     0.254117789     0.259720207
 251     1      50               0     0.115745468    0.0857863303     0.805088767     0.348255008     0.254117789     0.259720207
          wgpu 2d 380g 401c x3w 8ms | egraph 120g->175v+0snap 26ms | graft 46 (-230n, 0 snap) cpu 0 | f64 30 | gen 0.2s | dropped inexpr 1 oversz 0 unbuild 0 {}
 252     0     100               0     0.115745468    0.0857863303     0.805088767     0.348255008     0.254117789     0.259720207
 252     1      50               0     0.115745468    0.0857863303     0.805088767     0.348255008     0.254117789     0.259720207
          wgpu 1d 185g 298c x3w 5ms | egraph 35g->152v+0snap 9ms | graft 53 (-306n, 0 snap) cpu 0 | f64 20 | gen 0.2s
 253     0     100               0     0.115745468    0.0857863303     0.805088767     0.348255008     0.254117789     0.259720207
 253     1      50               0     0.115745468    0.0857863303     0.805088767     0.348255008     0.254117789     0.259720207
          wgpu 1d 214g 308c x3w 5ms | egraph 32g->162v+0snap 10ms | graft 46 (-290n, 0 snap) cpu 0 | f64 20 | gen 0.2s
 254     0     100               0     0.115745468    0.0857863303     0.805088767     0.348255008     0.254117789     0.259720207
 254     1      50               0     0.115745468    0.0857863303     0.805088767     0.348255008     0.254117789     0.259720207
          wgpu 1d 202g 308c x3w 5ms | egraph 32g->162v+0snap 8ms | graft 55 (-319n, 0 snap) cpu 0 | f64 20 | gen 0.2s
 255     0     100               0     0.115745468    0.0857863303     0.805088767     0.348255008     0.254117789     0.259720207
 255     1      50               0     0.115745466    0.0857863396     0.805088923     0.348255024     0.254117783     0.259720235
          wgpu 1d 195g 305c x3w 10ms | egraph 30g->159v+0snap 7ms | graft 56 (-294n, 0 snap) cpu 0 | f64 20 | gen 0.4s
 256     0     100               0     0.115745468    0.0857863303     0.805088767     0.348255008     0.254117789     0.259720207
 256     1      50               0     0.115745466    0.0857863396     0.805088923     0.348255024     0.254117783     0.259720235
          wgpu 1d 222g 299c x3w 5ms | egraph 36g->153v+0snap 11ms | graft 56 (-371n, 0 snap) cpu 0 | f64 20 | gen 0.3s
 257     0     100               0     0.115745466    0.0857863396     0.805088923     0.348255024     0.254117783     0.259720235
 257     1      50               0     0.115745466    0.0857863396     0.805088923     0.348255024     0.254117783     0.259720235
          wgpu 1d 198g 290c x3w 4ms | egraph 40g->144v+0snap 10ms | graft 44 (-272n, 0 snap) cpu 0 | f64 20 | gen 0.4s
 258     0     100               0     0.115745466    0.0857863396     0.805088923     0.348255024     0.254117783     0.259720235
 258     1      50               0     0.115745468    0.0857863303     0.805088767     0.348255008     0.254117789     0.259720207
          wgpu 1d 162g 284c x3w 4ms | egraph 30g->138v+0snap 7ms | graft 39 (-245n, 0 snap) cpu 0 | f64 20 | gen 0.2s
 259     0     100               0     0.115745466    0.0857863396     0.805088923     0.348255024     0.254117783     0.259720235
 259     1      50               0     0.115745468    0.0857863303     0.805088767     0.348255008     0.254117789     0.259720207
          wgpu 1d 183g 285c x3w 4ms | egraph 35g->139v+0snap 10ms | graft 40 (-255n, 0 snap) cpu 0 | f64 20 | gen 0.4s
 260     0     100               0     0.115745466    0.0857863396     0.805088923     0.348255024     0.254117783     0.259720235
 260     1      50               0     0.115745468    0.0857863303     0.805088767     0.348255008     0.254117789     0.259720207
          wgpu 1d 169g 276c x3w 4ms | egraph 31g->130v+0snap 7ms | graft 50 (-260n, 0 snap) cpu 0 | f64 20 | gen 0.2s | dropped inexpr 1 oversz 0 unbuild 0 {}
--------- pump migration: intra (promote-2 + intake-reset) ---------
 261     0     100               0     0.115745466    0.0857863396     0.805088923     0.348255024     0.254117783     0.259720235
 261     1      50               0     0.115745466    0.0857863396     0.805088923     0.348255024     0.254117783     0.259720235
          wgpu 2d 383g 439c x3w 8ms | egraph 128g->213v+0snap 32ms | graft 58 (-345n, 0 snap) cpu 0 | f64 30 | gen 0.2s | dropped inexpr 3 oversz 0 unbuild 0 {}
 262     0     100               0     0.115745466    0.0857863396     0.805088923     0.348255024     0.254117783     0.259720235
 262     1      50               0     0.115745468    0.0857863303     0.805088767     0.348255008     0.254117789     0.259720207
          wgpu 1d 190g 299c x3w 4ms | egraph 38g->153v+0snap 8ms | graft 59 (-281n, 0 snap) cpu 0 | f64 20 | gen 0.2s
 263     0     100               0     0.115745466    0.0857863396     0.805088923     0.348255024     0.254117783     0.259720235
 263     1      50               0     0.115745468    0.0857863303     0.805088767     0.348255008     0.254117789     0.259720207
          wgpu 1d 169g 293c x3w 4ms | egraph 30g->147v+0snap 16ms | graft 43 (-241n, 0 snap) cpu 0 | f64 20 | gen 0.4s
 264     0     100               0     0.115745466    0.0857863396     0.805088923     0.348255024     0.254117783     0.259720235
 264     1      50               0     0.115745468    0.0857863303     0.805088767     0.348255008     0.254117789     0.259720207
          wgpu 1d 195g 304c x3w 5ms | egraph 39g->158v+0snap 10ms | graft 50 (-309n, 0 snap) cpu 0 | f64 20 | gen 0.2s
 265     0     100               0     0.115745466    0.0857863396     0.805088923     0.348255024     0.254117783     0.259720235
 265     1      50               0     0.115745468    0.0857863303     0.805088767     0.348255008     0.254117789     0.259720207
          wgpu 1d 193g 295c x3w 4ms | egraph 35g->149v+0snap 14ms | graft 41 (-206n, 0 snap) cpu 0 | f64 20 | gen 0.4s
 266     0     100               0     0.115745466    0.0857863396     0.805088923     0.348255024     0.254117783     0.259720235
 266     1      50               0     0.115745468    0.0857863303     0.805088767     0.348255008     0.254117789     0.259720207
          wgpu 1d 199g 305c x3w 6ms | egraph 36g->159v+0snap 10ms | graft 56 (-362n, 0 snap) cpu 0 | f64 20 | gen 0.2s
 267     0     100               0     0.115745466    0.0857863396     0.805088923     0.348255024     0.254117783     0.259720235
 267     1      50               0     0.115745468    0.0857863303     0.805088767     0.348255008     0.254117789     0.259720207
          wgpu 1d 219g 304c x3w 6ms | egraph 43g->158v+0snap 24ms | graft 50 (-253n, 0 snap) cpu 0 | f64 20 | gen 0.3s
 268     0     100               0     0.115745466    0.0857863396     0.805088923     0.348255024     0.254117783     0.259720235
 268     1      50               0     0.115745468    0.0857863303     0.805088767     0.348255008     0.254117789     0.259720207
          wgpu 1d 199g 297c x3w 5ms | egraph 40g->151v+0snap 12ms | graft 46 (-261n, 0 snap) cpu 0 | f64 20 | gen 0.3s
 269     0     100               0     0.115745466    0.0857863396     0.805088923     0.348255024     0.254117783     0.259720235
 269     1      50               0     0.115745468    0.0857863303     0.805088767     0.348255008     0.254117789     0.259720207
          wgpu 1d 217g 293c x3w 5ms | egraph 39g->147v+0snap 20ms | graft 45 (-251n, 0 snap) cpu 0 | f64 20 | gen 0.2s
 270     0     100               0     0.115745466    0.0857863396     0.805088923     0.348255024     0.254117783     0.259720235
 270     1      50               0     0.115745468    0.0857863303     0.805088767     0.348255008     0.254117789     0.259720207
          wgpu 1d 187g 293c x3w 5ms | egraph 32g->147v+0snap 9ms | graft 44 (-243n, 0 snap) cpu 0 | f64 20 | gen 0.6s
--------- pump migration: intra (promote-2 + intake-reset) + cross ---------
 271     0     100               0     0.115745466    0.0857863396     0.805088923     0.348255024     0.254117783     0.259720235
 271     1      50               0     0.115745466    0.0857863396     0.805088923     0.348255024     0.254117783     0.259720235
          wgpu 2d 363g 417c x3w 9ms | egraph 111g->191v+0snap 68ms | graft 53 (-292n, 0 snap) cpu 0 | f64 30 | gen 0.2s | dropped inexpr 2 oversz 0 unbuild 0 {}
 272     0     100               0     0.115745466    0.0857863396     0.805088923     0.348255024     0.254117783     0.259720235
 272     1      50               0     0.115745466    0.0857863396     0.805088923     0.348255024     0.254117783     0.259720235
          wgpu 1d 209g 302c x3w 6ms | egraph 39g->156v+0snap 20ms | graft 54 (-297n, 0 snap) cpu 0 | f64 20 | gen 0.3s
 273     0     100               0     0.115745466    0.0857863396     0.805088923     0.348255024     0.254117783     0.259720235
 273     1      50               0     0.115745466    0.0857863396     0.805088923     0.348255024     0.254117783     0.259720235
          wgpu 1d 189g 300c x3w 5ms | egraph 31g->154v+0snap 11ms | graft 44 (-288n, 0 snap) cpu 0 | f64 20 | gen 0.3s
 274     0     100               0     0.115745466    0.0857863396     0.805088923     0.348255024     0.254117783     0.259720235
 274     1      50               0     0.115745466    0.0857863396     0.805088923     0.348255024     0.254117783     0.259720235
          wgpu 1d 192g 292c x3w 5ms | egraph 35g->146v+0snap 32ms | graft 40 (-296n, 0 snap) cpu 0 | f64 20 | gen 0.2s
 275     0     100               0     0.115745466    0.0857863396     0.805088923     0.348255024     0.254117783     0.259720235
 275     1      50               0     0.115745466    0.0857863396     0.805088923     0.348255024     0.254117783     0.259720235
          wgpu 1d 182g 279c x3w 5ms | egraph 36g->133v+0snap 9ms | graft 46 (-205n, 0 snap) cpu 0 | f64 20 | gen 0.2s
 276     0     100               0     0.115745466    0.0857863396     0.805088923     0.348255024     0.254117783     0.259720235
 276     1      50               0     0.115745466    0.0857863396     0.805088923     0.348255024     0.254117783     0.259720235
          wgpu 1d 188g 289c x3w 4ms | egraph 43g->143v+0snap 11ms | graft 43 (-267n, 0 snap) cpu 0 | f64 20 | gen 0.2s
 277     0     100               0     0.115745466    0.0857863396     0.805088923     0.348255024     0.254117783     0.259720235
 277     1      50               0     0.115745466    0.0857863396     0.805088923     0.348255024     0.254117783     0.259720235
          wgpu 1d 155g 291c x3w 4ms | egraph 23g->145v+0snap 6ms | graft 39 (-209n, 0 snap) cpu 0 | f64 20 | gen 0.2s
 278     0     100               0     0.115745466    0.0857863396     0.805088923     0.348255024     0.254117783     0.259720235
 278     1      50               0     0.115745466    0.0857863396     0.805088923     0.348255024     0.254117783     0.259720235
          wgpu 1d 187g 272c x3w 5ms | egraph 35g->126v+0snap 10ms | graft 36 (-217n, 0 snap) cpu 0 | f64 20 | gen 0.2s
 279     0     100               0     0.115745466    0.0857863396     0.805088923     0.348255024     0.254117783     0.259720235
 279     1      50               0     0.115745466    0.0857863396     0.805088923     0.348255024     0.254117783     0.259720235
          wgpu 1d 178g 284c x3w 8ms | egraph 29g->138v+0snap 11ms | graft 48 (-238n, 0 snap) cpu 0 | f64 20 | gen 0.2s
 280     0     100               0     0.115745466    0.0857863396     0.805088923     0.348255024     0.254117783     0.259720235
 280     1      50               0     0.115745466    0.0857863396     0.805088923     0.348255024     0.254117783     0.259720235
          wgpu 1d 185g 292c x3w 5ms | egraph 44g->146v+0snap 11ms | graft 42 (-245n, 0 snap) cpu 0 | f64 20 | gen 0.2s
--------- pump migration: intra (promote-2 + intake-reset) ---------
 281     0     100               0     0.115745466    0.0857863396     0.805088923     0.348255024     0.254117783     0.259720235
 281     1      50               0     0.115745466    0.0857863396     0.805088923     0.348255024     0.254117783     0.259720235
          wgpu 2d 369g 447c x3w 9ms | egraph 106g->221v+0snap 35ms | graft 67 (-361n, 0 snap) cpu 0 | f64 30 | gen 0.6s | dropped inexpr 2 oversz 0 unbuild 0 {}
 282     0     100               0     0.115745466    0.0857863396     0.805088923     0.348255024     0.254117783     0.259720235
 282     1      50               0     0.115745466    0.0857863396     0.805088923     0.348255024     0.254117783     0.259720235
          wgpu 1d 197g 300c x3w 5ms | egraph 37g->154v+0snap 10ms | graft 61 (-377n, 0 snap) cpu 0 | f64 20 | gen 0.2s
 283     0     100               0     0.115745466    0.0857863396     0.805088923     0.348255024     0.254117783     0.259720235
 283     1      50               0     0.115745468    0.0857863303     0.805088767     0.348255008     0.254117789     0.259720207
          wgpu 1d 206g 296c x3w 5ms | egraph 36g->150v+0snap 9ms | graft 49 (-289n, 0 snap) cpu 0 | f64 20 | gen 0.4s | dropped inexpr 1 oversz 0 unbuild 0 {}
 284     0     100               0     0.115745466    0.0857863396     0.805088923     0.348255024     0.254117783     0.259720235
 284     1      50               0     0.115745468    0.0857863303     0.805088767     0.348255008     0.254117789     0.259720207
          wgpu 1d 196g 292c x3w 4ms | egraph 33g->146v+0snap 9ms | graft 42 (-228n, 0 snap) cpu 0 | f64 20 | gen 0.2s | dropped inexpr 1 oversz 0 unbuild 0 {}
 285     0     100               0     0.115745466    0.0857863396     0.805088923     0.348255024     0.254117783     0.259720235
 285     1      50               0     0.115745468    0.0857863303     0.805088767     0.348255008     0.254117789     0.259720207
          wgpu 1d 211g 297c x3w 4ms | egraph 38g->151v+0snap 11ms | graft 49 (-321n, 0 snap) cpu 0 | f64 20 | gen 0.2s | dropped inexpr 1 oversz 0 unbuild 0 {}
 286     0     100               0     0.115745466    0.0857863396     0.805088923     0.348255024     0.254117783     0.259720235
 286     1      50               0     0.115745466    0.0857863396     0.805088923     0.348255024     0.254117783     0.259720235
          wgpu 1d 194g 298c x3w 4ms | egraph 39g->152v+0snap 9ms | graft 51 (-264n, 0 snap) cpu 0 | f64 20 | gen 0.4s
 287     0     100               0     0.115745466    0.0857863396     0.805088923     0.348255024     0.254117783     0.259720235
 287     1      50               0     0.115745466    0.0857863396     0.805088923     0.348255024     0.254117783     0.259720235
          wgpu 1d 177g 284c x3w 4ms | egraph 37g->138v+0snap 11ms | graft 42 (-319n, 0 snap) cpu 0 | f64 20 | gen 0.2s
 288     0     100               0     0.115745466    0.0857863396     0.805088923     0.348255024     0.254117783     0.259720235
 288     1      50               0     0.115745466    0.0857863396     0.805088923     0.348255024     0.254117783     0.259720235
          wgpu 1d 154g 278c x3w 4ms | egraph 22g->132v+0snap 5ms | graft 41 (-219n, 0 snap) cpu 0 | f64 20 | gen 0.2s
 289     0     100               0     0.115745466    0.0857863396     0.805088923     0.348255024     0.254117783     0.259720235
 289     1      50               0     0.115745466    0.0857863396     0.805088923     0.348255024     0.254117783     0.259720235
          wgpu 1d 189g 314c x3w 5ms | egraph 35g->168v+0snap 8ms | graft 51 (-266n, 0 snap) cpu 0 | f64 20 | gen 0.2s
 290     0     100               0     0.115745466    0.0857863396     0.805088923     0.348255024     0.254117783     0.259720235
 290     1      50               0     0.115745466    0.0857863396     0.805088923     0.348255024     0.254117783     0.259720235
          wgpu 1d 165g 282c x3w 5ms | egraph 22g->136v+0snap 5ms | graft 56 (-286n, 0 snap) cpu 0 | f64 20 | gen 0.2s
--------- pump migration: intra (promote-2 + intake-reset) ---------
 291     0     100               0     0.115745466    0.0857863396     0.805088923     0.348255024     0.254117783     0.259720235
 291     1      50               0     0.115745466    0.0857863396     0.805088923     0.348255024     0.254117783     0.259720235
          wgpu 2d 300g 362c x3w 7ms | egraph 99g->136v+0snap 22ms | graft 31 (-149n, 0 snap) cpu 0 | f64 30 | gen 0.2s | dropped inexpr 2 oversz 0 unbuild 0 {}
 292     0     100               0     0.115745466    0.0857863396     0.805088923     0.348255024     0.254117783     0.259720235
 292     1      50               0     0.115745466    0.0857863396     0.805088923     0.348255024     0.254117783     0.259720235
          wgpu 1d 194g 291c x3w 4ms | egraph 32g->145v+0snap 9ms | graft 42 (-232n, 0 snap) cpu 0 | f64 20 | gen 0.2s
 293     0     100               0     0.115745466    0.0857863396     0.805088923     0.348255024     0.254117783     0.259720235
 293     1      50               0     0.115745466    0.0857863396     0.805088923     0.348255024     0.254117783     0.259720235
          wgpu 1d 167g 288c x3w 4ms | egraph 33g->142v+0snap 32ms | graft 50 (-290n, 0 snap) cpu 0 | f64 20 | gen 0.4s
 294     0     100               0     0.115745466    0.0857863396     0.805088923     0.348255024     0.254117783     0.259720235
 294     1      50               0     0.115745466    0.0857863396     0.805088923     0.348255024     0.254117783     0.259720235
          wgpu 1d 206g 303c x3w 6ms | egraph 46g->157v+0snap 12ms | graft 54 (-282n, 0 snap) cpu 0 | f64 20 | gen 0.2s
 295     0     100               0     0.115745466    0.0857863396     0.805088923     0.348255024     0.254117783     0.259720235
 295     1      50               0     0.115745466    0.0857863396     0.805088923     0.348255024     0.254117783     0.259720235
          wgpu 1d 188g 298c x3w 4ms | egraph 35g->152v+0snap 7ms | graft 45 (-247n, 0 snap) cpu 0 | f64 20 | gen 0.2s
 296     0     100               0     0.115745466    0.0857863396     0.805088923     0.348255024     0.254117783     0.259720235
 296     1      50               0     0.115745466    0.0857863396     0.805088923     0.348255024     0.254117783     0.259720235
          wgpu 1d 195g 320c x3w 5ms | egraph 39g->174v+0snap 17ms | graft 52 (-332n, 0 snap) cpu 0 | f64 20 | gen 0.2s
 297     0     100               0     0.115745466    0.0857863396     0.805088923     0.348255024     0.254117783     0.259720235
 297     1      50               0     0.115745466    0.0857863396     0.805088923     0.348255024     0.254117783     0.259720235
          wgpu 1d 182g 291c x3w 4ms | egraph 31g->145v+0snap 9ms | graft 40 (-202n, 0 snap) cpu 0 | f64 20 | gen 0.2s
 298     0     100               0     0.115745466    0.0857863396     0.805088923     0.348255024     0.254117783     0.259720235
 298     1      50               0     0.115745466    0.0857863396     0.805088923     0.348255024     0.254117783     0.259720235
          wgpu 1d 191g 275c x3w 4ms | egraph 34g->129v+0snap 8ms | graft 42 (-244n, 0 snap) cpu 0 | f64 20 | gen 0.2s
 299     0     100               0     0.115745466    0.0857863396     0.805088923     0.348255024     0.254117783     0.259720235
 299     1      50               0     0.115745466    0.0857863396     0.805088923     0.348255024     0.254117783     0.259720235
          wgpu 1d 191g 287c x3w 5ms | egraph 43g->141v+0snap 11ms | graft 44 (-284n, 0 snap) cpu 0 | f64 20 | gen 0.2s
 300     0     100               0     0.115745466    0.0857863396     0.805088923     0.348255024     0.254117783     0.259720235
 300     1      50               0     0.115745466    0.0857863396     0.805088923     0.348255024     0.254117783     0.259720235
          wgpu 1d 186g 283c x3w 4ms | egraph 30g->137v+0snap 7ms | graft 47 (-249n, 0 snap) cpu 0 | f64 20 | gen 0.2s | dropped inexpr 1 oversz 0 unbuild 0 {}
--------- pump migration: intra (promote-2 + intake-reset) + cross ---------
 301     0     100               0     0.115745466    0.0857863396     0.805088923     0.348255024     0.254117783     0.259720235
 301     1      50               0      0.11574547    0.0857863326     0.805088827     0.348255009     0.254117791     0.259720214
          wgpu 2d 358g 427c x3w 14ms | egraph 105g->201v+0snap 24ms | graft 55 (-363n, 0 snap) cpu 0 | f64 30 | gen 0.4s | dropped inexpr 2 oversz 0 unbuild 0 {}
 302     0     100               0     0.115745466    0.0857863396     0.805088923     0.348255024     0.254117783     0.259720235
 302     1      50               0     0.115745466    0.0857863396     0.805088923     0.348255024     0.254117783     0.259720235
          wgpu 1d 177g 294c x3w 4ms | egraph 28g->148v+0snap 7ms | graft 56 (-298n, 0 snap) cpu 0 | f64 20 | gen 0.4s
 303     0     100               0     0.115745466    0.0857863396     0.805088923     0.348255024     0.254117783     0.259720235
 303     1      50               0     0.115745466    0.0857863396     0.805088923     0.348255024     0.254117783     0.259720235
          wgpu 1d 167g 281c x3w 4ms | egraph 35g->135v+0snap 9ms | graft 37 (-200n, 0 snap) cpu 0 | f64 20 | gen 0.3s
 304     0     100               0     0.115745466    0.0857863396     0.805088923     0.348255024     0.254117783     0.259720235
 304     1      50               0     0.115745466    0.0857863396     0.805088923     0.348255024     0.254117783     0.259720235
          wgpu 1d 202g 289c x3w 4ms | egraph 30g->143v+0snap 17ms | graft 44 (-217n, 0 snap) cpu 0 | f64 20 | gen 0.2s
 305     0     100               0     0.115745466    0.0857863396     0.805088923     0.348255024     0.254117783     0.259720235
 305     1      50               0     0.115745466    0.0857863396     0.805088923     0.348255024     0.254117783     0.259720235
          wgpu 1d 174g 299c x3w 5ms | egraph 36g->153v+0snap 9ms | graft 49 (-272n, 0 snap) cpu 0 | f64 20 | gen 0.2s
 306     0     100               0     0.115745466    0.0857863396     0.805088923     0.348255024     0.254117783     0.259720235
 306     1      50               0     0.115745466    0.0857863396     0.805088923     0.348255024     0.254117783     0.259720235
          wgpu 1d 177g 282c x3w 4ms | egraph 31g->136v+0snap 7ms | graft 38 (-193n, 0 snap) cpu 0 | f64 20 | gen 0.2s
 307     0     100               0     0.115745466    0.0857863396     0.805088923     0.348255024     0.254117783     0.259720235
 307     1      50               0     0.115745466    0.0857863396     0.805088923     0.348255024     0.254117783     0.259720235
          wgpu 1d 189g 297c x3w 4ms | egraph 33g->151v+0snap 7ms | graft 46 (-263n, 0 snap) cpu 0 | f64 20 | gen 0.2s | dropped inexpr 1 oversz 0 unbuild 0 {}
 308     0     100               0     0.115745466    0.0857863396     0.805088923     0.348255024     0.254117783     0.259720235
 308     1      50               0     0.115745466    0.0857863396     0.805088923     0.348255024     0.254117783     0.259720235
          wgpu 1d 179g 283c x3w 5ms | egraph 36g->137v+0snap 8ms | graft 47 (-262n, 0 snap) cpu 0 | f64 20 | gen 0.2s
 309     0     100               0     0.115745466    0.0857863396     0.805088923     0.348255024     0.254117783     0.259720235
 309     1      50               0     0.115745466    0.0857863396     0.805088923     0.348255024     0.254117783     0.259720235
          wgpu 1d 191g 289c x3w 7ms | egraph 39g->143v+0snap 8ms | graft 53 (-248n, 0 snap) cpu 0 | f64 20 | gen 0.3s
 310     0     100               0     0.115745466    0.0857863396     0.805088923     0.348255024     0.254117783     0.259720235
 310     1      50               0     0.115745466    0.0857863396     0.805088923     0.348255024     0.254117783     0.259720235
          wgpu 1d 202g 283c x3w 5ms | egraph 39g->137v+0snap 17ms | graft 45 (-220n, 0 snap) cpu 0 | f64 20 | gen 0.2s | dropped inexpr 1 oversz 0 unbuild 0 {}
--------- pump migration: intra (promote-2 + intake-reset) ---------
 311     0     100               0     0.115745466    0.0857863396     0.805088923     0.348255024     0.254117783     0.259720235
 311     1      50               0     0.115745466    0.0857863396     0.805088923     0.348255024     0.254117783     0.259720235
          wgpu 2d 366g 403c x3w 15ms | egraph 111g->177v+0snap 27ms | graft 55 (-299n, 0 snap) cpu 0 | f64 30 | gen 0.2s | dropped inexpr 3 oversz 0 unbuild 0 {}
 312     0     100               0     0.115745466    0.0857863396     0.805088923     0.348255024     0.254117783     0.259720235
 312     1      50               0     0.115745466    0.0857863396     0.805088923     0.348255024     0.254117783     0.259720235
          wgpu 1d 181g 289c x3w 4ms | egraph 40g->143v+0snap 10ms | graft 46 (-287n, 0 snap) cpu 0 | f64 20 | gen 0.2s
 313     0     100               0     0.115745466    0.0857863396     0.805088923     0.348255024     0.254117783     0.259720235
 313     1      50               0     0.115745466    0.0857863396     0.805088923     0.348255024     0.254117783     0.259720235
          wgpu 1d 226g 312c x3w 5ms | egraph 43g->166v+0snap 11ms | graft 57 (-325n, 0 snap) cpu 0 | f64 20 | gen 0.3s
 314     0     100               0     0.115745466    0.0857863396     0.805088923     0.348255024     0.254117783     0.259720235
 314     1      50               0     0.115745466    0.0857863396     0.805088923     0.348255024     0.254117783     0.259720235
          wgpu 1d 195g 297c x3w 4ms | egraph 31g->151v+0snap 8ms | graft 46 (-227n, 0 snap) cpu 0 | f64 20 | gen 0.2s
 315     0     100               0     0.115745466    0.0857863396     0.805088923     0.348255024     0.254117783     0.259720235
 315     1      50               0     0.115745466    0.0857863396     0.805088923     0.348255024     0.254117783     0.259720235
          wgpu 1d 208g 300c x3w 5ms | egraph 37g->154v+0snap 8ms | graft 50 (-272n, 0 snap) cpu 0 | f64 20 | gen 0.2s
 316     0     100               0     0.115745466    0.0857863396     0.805088923     0.348255024     0.254117783     0.259720235
 316     1      50               0     0.115745466    0.0857863396     0.805088923     0.348255024     0.254117783     0.259720235
          wgpu 1d 204g 287c x3w 4ms | egraph 29g->141v+0snap 7ms | graft 48 (-294n, 0 snap) cpu 0 | f64 20 | gen 0.3s
 317     0     100               0     0.115745466    0.0857863396     0.805088923     0.348255024     0.254117783     0.259720235
 317     1      50               0     0.115745466    0.0857863396     0.805088923     0.348255024     0.254117783     0.259720235
          wgpu 1d 237g 325c x3w 11ms | egraph 44g->179v+0snap 11ms | graft 51 (-345n, 0 snap) cpu 0 | f64 20 | gen 0.4s
 318     0     100               0     0.115745466    0.0857863396     0.805088923     0.348255024     0.254117783     0.259720235
 318     1      50               0     0.115745466    0.0857863396     0.805088923     0.348255024     0.254117783     0.259720235
          wgpu 1d 192g 294c x3w 5ms | egraph 37g->148v+0snap 22ms | graft 38 (-182n, 0 snap) cpu 0 | f64 20 | gen 0.2s
 319     0     100               0     0.115745466    0.0857863396     0.805088923     0.348255024     0.254117783     0.259720235
 319     1      50               0     0.115745466    0.0857863396     0.805088923     0.348255024     0.254117783     0.259720235
          wgpu 1d 200g 289c x3w 5ms | egraph 42g->143v+0snap 10ms | graft 50 (-282n, 0 snap) cpu 0 | f64 20 | gen 0.3s
 320     0     100               0     0.115745466    0.0857863396     0.805088923     0.348255024     0.254117783     0.259720235
 320     1      50               0     0.115745466    0.0857863396     0.805088923     0.348255024     0.254117783     0.259720235
          wgpu 1d 194g 287c x3w 5ms | egraph 26g->141v+0snap 6ms | graft 51 (-250n, 0 snap) cpu 0 | f64 20 | gen 0.2s
--------- pump migration: intra (promote-2 + intake-reset) ---------
 321     0     100               0     0.115745466    0.0857863396     0.805088923     0.348255024     0.254117783     0.259720235
 321     1      50               0     0.115745466    0.0857863396     0.805088923     0.348255024     0.254117783     0.259720235
          wgpu 2d 340g 413c x3w 8ms | egraph 84g->187v+0snap 22ms | graft 56 (-338n, 0 snap) cpu 0 | f64 30 | gen 0.2s
 322     0     100               0     0.115745466    0.0857863396     0.805088923     0.348255024     0.254117783     0.259720235
 322     1      50               0     0.115745466    0.0857863396     0.805088923     0.348255024     0.254117783     0.259720235
          wgpu 1d 191g 285c x3w 4ms | egraph 33g->139v+0snap 8ms | graft 39 (-230n, 0 snap) cpu 0 | f64 20 | gen 0.2s
 323     0     100               0     0.115745466    0.0857863396     0.805088923     0.348255024     0.254117783     0.259720235
 323     1      50               0     0.115745466    0.0857863396     0.805088923     0.348255024     0.254117783     0.259720235
          wgpu 1d 202g 290c x3w 4ms | egraph 48g->144v+0snap 12ms | graft 49 (-285n, 0 snap) cpu 0 | f64 20 | gen 0.4s | dropped inexpr 1 oversz 0 unbuild 0 {}
 324     0     100               0     0.115745466    0.0857863396     0.805088923     0.348255024     0.254117783     0.259720235
 324     1      50               0     0.115745466    0.0857863396     0.805088923     0.348255024     0.254117783     0.259720235
          wgpu 1d 189g 306c x3w 4ms | egraph 34g->160v+0snap 14ms | graft 47 (-250n, 0 snap) cpu 0 | f64 20 | gen 0.2s
 325     0     100               0     0.115745466    0.0857863396     0.805088923     0.348255024     0.254117783     0.259720235
 325     1      50               0     0.115745466    0.0857863396     0.805088923     0.348255024     0.254117783     0.259720235
          wgpu 1d 181g 289c x3w 5ms | egraph 31g->143v+0snap 10ms | graft 37 (-235n, 0 snap) cpu 0 | f64 20 | gen 0.4s
 326     0     100               0     0.115745466    0.0857863396     0.805088923     0.348255024     0.254117783     0.259720235
 326     1      50               0     0.115745466    0.0857863396     0.805088923     0.348255024     0.254117783     0.259720235
          wgpu 1d 182g 274c x3w 4ms | egraph 31g->128v+0snap 6ms | graft 38 (-200n, 0 snap) cpu 0 | f64 20 | gen 0.2s
 327     0     100               0     0.115745466    0.0857863396     0.805088923     0.348255024     0.254117783     0.259720235
 327     1      50               0     0.115745466    0.0857863396     0.805088923     0.348255024     0.254117783     0.259720235
          wgpu 1d 157g 291c x3w 4ms | egraph 28g->145v+0snap 7ms | graft 39 (-203n, 0 snap) cpu 0 | f64 20 | gen 0.2s
 328     0     100               0     0.115745466    0.0857863396     0.805088923     0.348255024     0.254117783     0.259720235
 328     1      50               0     0.115745466    0.0857863396     0.805088923     0.348255024     0.254117783     0.259720235
          wgpu 1d 162g 271c x3w 4ms | egraph 26g->125v+0snap 7ms | graft 38 (-174n, 0 snap) cpu 0 | f64 20 | gen 0.2s
 329     0     100               0     0.115745466    0.0857863396     0.805088923     0.348255024     0.254117783     0.259720235
 329     1      50               0     0.115745466    0.0857863396     0.805088923     0.348255024     0.254117783     0.259720235
          wgpu 1d 203g 295c x3w 4ms | egraph 36g->149v+0snap 9ms | graft 45 (-274n, 0 snap) cpu 0 | f64 20 | gen 0.2s
 330     0     100               0     0.115745466    0.0857863396     0.805088923     0.348255024     0.254117783     0.259720235
 330     1      50               0     0.115745466    0.0857863396     0.805088923     0.348255024     0.254117783     0.259720235
          wgpu 1d 189g 293c x3w 4ms | egraph 29g->147v+0snap 9ms | graft 50 (-266n, 0 snap) cpu 0 | f64 20 | gen 0.5s
--------- pump migration: intra (promote-2 + intake-reset) + cross ---------
 331     0     100               0     0.115745466    0.0857863396     0.805088923     0.348255024     0.254117783     0.259720235
 331     1      50               0     0.115745466    0.0857863396     0.805088923     0.348255024     0.254117783     0.259720235
          wgpu 2d 373g 423c x3w 8ms | egraph 109g->197v+0snap 24ms | graft 57 (-283n, 0 snap) cpu 0 | f64 30 | gen 0.2s | dropped inexpr 3 oversz 0 unbuild 0 {}
 332     0     100               0     0.115745466    0.0857863396     0.805088923     0.348255024     0.254117783     0.259720235
 332     1      50               0     0.115745466    0.0857863396     0.805088923     0.348255024     0.254117783     0.259720235
          wgpu 1d 208g 302c x3w 5ms | egraph 34g->156v+0snap 7ms | graft 54 (-261n, 0 snap) cpu 0 | f64 20 | gen 0.2s
 333     0     100               0     0.115745466    0.0857863396     0.805088923     0.348255024     0.254117783     0.259720235
 333     1      50               0     0.115745466    0.0857863396     0.805088923     0.348255024     0.254117783     0.259720235
          wgpu 1d 193g 287c x3w 5ms | egraph 33g->141v+0snap 7ms | graft 47 (-276n, 0 snap) cpu 0 | f64 20 | gen 0.2s
 334     0     100               0     0.115745466    0.0857863396     0.805088923     0.348255024     0.254117783     0.259720235
 334     1      50               0     0.115745466    0.0857863396     0.805088923     0.348255024     0.254117783     0.259720235
          wgpu 1d 178g 308c x3w 4ms | egraph 33g->162v+0snap 8ms | graft 42 (-238n, 0 snap) cpu 0 | f64 20 | gen 0.2s
 335     0     100               0     0.115745466    0.0857863396     0.805088923     0.348255024     0.254117783     0.259720235
 335     1      50               0     0.115745466    0.0857863396     0.805088923     0.348255024     0.254117783     0.259720235
          wgpu 1d 183g 291c x3w 4ms | egraph 36g->145v+0snap 8ms | graft 55 (-301n, 0 snap) cpu 0 | f64 20 | gen 0.2s
 336     0     100               0     0.115745466    0.0857863396     0.805088923     0.348255024     0.254117783     0.259720235
 336     1      50               0     0.115745466    0.0857863396     0.805088923     0.348255024     0.254117783     0.259720235
          wgpu 1d 190g 291c x3w 4ms | egraph 32g->145v+0snap 8ms | graft 47 (-295n, 0 snap) cpu 0 | f64 20 | gen 0.2s
 337     0     100               0     0.115745466    0.0857863396     0.805088923     0.348255024     0.254117783     0.259720235
 337     1      50               0     0.115745466    0.0857863396     0.805088923     0.348255024     0.254117783     0.259720235
          wgpu 1d 200g 299c x3w 5ms | egraph 24g->153v+0snap 6ms | graft 62 (-319n, 0 snap) cpu 0 | f64 20 | gen 0.2s
 338     0     100               0     0.115745466    0.0857863396     0.805088923     0.348255024     0.254117783     0.259720235
 338     1      50               0     0.115745466    0.0857863396     0.805088923     0.348255024     0.254117783     0.259720235
          wgpu 1d 196g 295c x3w 5ms | egraph 40g->149v+0snap 10ms | graft 49 (-266n, 0 snap) cpu 0 | f64 20 | gen 0.2s
 339     0     100               0     0.115745466    0.0857863396     0.805088923     0.348255024     0.254117783     0.259720235
 339     1      50               0     0.115745466    0.0857863396     0.805088923     0.348255024     0.254117783     0.259720235
          wgpu 1d 213g 302c x3w 5ms | egraph 33g->156v+0snap 9ms | graft 47 (-343n, 0 snap) cpu 0 | f64 20 | gen 0.2s
 340     0     100               0     0.115745466    0.0857863396     0.805088923     0.348255024     0.254117783     0.259720235
 340     1      50               0     0.115745466    0.0857863396     0.805088923     0.348255024     0.254117783     0.259720235
          wgpu 1d 189g 284c x3w 4ms | egraph 30g->138v+0snap 10ms | graft 53 (-296n, 0 snap) cpu 0 | f64 20 | gen 0.2s | dropped inexpr 1 oversz 0 unbuild 0 {}
--------- pump migration: intra (promote-2 + intake-reset) ---------
 341     0     100               0     0.115745466    0.0857863396     0.805088923     0.348255024     0.254117783     0.259720235
 341     1      50               0     0.115745466    0.0857863396     0.805088923     0.348255024     0.254117783     0.259720235
          wgpu 2d 320g 390c x3w 8ms | egraph 84g->164v+0snap 27ms | graft 50 (-259n, 0 snap) cpu 0 | f64 30 | gen 0.5s | dropped inexpr 3 oversz 0 unbuild 0 {}
 342     0     100               0     0.115745466    0.0857863396     0.805088923     0.348255024     0.254117783     0.259720235
 342     1      50               0     0.115745466    0.0857863396     0.805088923     0.348255024     0.254117783     0.259720235
          wgpu 1d 198g 271c x3w 5ms | egraph 39g->125v+0snap 10ms | graft 43 (-298n, 0 snap) cpu 0 | f64 20 | gen 0.2s
 343     0     100               0     0.115745466    0.0857863396     0.805088923     0.348255024     0.254117783     0.259720235
 343     1      50               0     0.115745466    0.0857863396     0.805088923     0.348255024     0.254117783     0.259720235
          wgpu 1d 160g 242c x3w 4ms | egraph 22g->96v+0snap 7ms | graft 38 (-237n, 0 snap) cpu 0 | f64 20 | gen 0.4s
 344     0     100               0     0.115745466    0.0857863396     0.805088923     0.348255024     0.254117783     0.259720235
 344     1      50               0     0.115745466    0.0857863396     0.805088923     0.348255024     0.254117783     0.259720235
          wgpu 1d 174g 271c x3w 5ms | egraph 33g->125v+0snap 8ms | graft 42 (-215n, 0 snap) cpu 0 | f64 20 | gen 0.2s
 345     0     100               0     0.115745466    0.0857863396     0.805088923     0.348255024     0.254117783     0.259720235
 345     1      50               0     0.115745466    0.0857863396     0.805088923     0.348255024     0.254117783     0.259720235
          wgpu 1d 213g 307c x3w 5ms | egraph 38g->161v+0snap 11ms | graft 53 (-283n, 0 snap) cpu 0 | f64 20 | gen 0.4s | dropped inexpr 1 oversz 0 unbuild 0 {}
 346     0     100               0     0.115745466    0.0857863396     0.805088923     0.348255024     0.254117783     0.259720235
 346     1      50               0     0.115745466    0.0857863396     0.805088923     0.348255024     0.254117783     0.259720235
          wgpu 1d 216g 299c x3w 5ms | egraph 39g->153v+0snap 9ms | graft 57 (-344n, 0 snap) cpu 0 | f64 20 | gen 0.4s | dropped inexpr 1 oversz 0 unbuild 0 {}
 347     0     100               0     0.115745466    0.0857863396     0.805088923     0.348255024     0.254117783     0.259720235
 347     1      50               0     0.115745466    0.0857863396     0.805088923     0.348255024     0.254117783     0.259720235
          wgpu 1d 195g 284c x3w 4ms | egraph 34g->138v+0snap 9ms | graft 53 (-359n, 0 snap) cpu 0 | f64 20 | gen 0.2s
 348     0     100               0     0.115745466    0.0857863396     0.805088923     0.348255024     0.254117783     0.259720235
 348     1      50               0     0.115745466    0.0857863396     0.805088923     0.348255024     0.254117783     0.259720235
          wgpu 1d 185g 295c x3w 5ms | egraph 35g->149v+0snap 15ms | graft 52 (-266n, 0 snap) cpu 0 | f64 20 | gen 0.3s
 349     0     100               0     0.115745466    0.0857863396     0.805088923     0.348255024     0.254117783     0.259720235
 349     1      50               0     0.115745466    0.0857863396     0.805088923     0.348255024     0.254117783     0.259720235
          wgpu 1d 177g 277c x3w 4ms | egraph 29g->131v+0snap 8ms | graft 51 (-307n, 0 snap) cpu 0 | f64 20 | gen 0.2s
 350     0     100               0     0.115745466    0.0857863396     0.805088923     0.348255024     0.254117783     0.259720235
 350     1      50               0     0.115745466    0.0857863396     0.805088923     0.348255024     0.254117783     0.259720235
          wgpu 1d 221g 318c x3w 5ms | egraph 39g->172v+0snap 12ms | graft 68 (-389n, 0 snap) cpu 0 | f64 20 | gen 0.4s
--------- pump migration: intra (promote-2 + intake-reset) ---------
 351     0     100               0     0.115745466    0.0857863396     0.805088923     0.348255024     0.254117783     0.259720235
 351     1      50               0     0.115745466    0.0857863396     0.805088923     0.348255024     0.254117783     0.259720235
          wgpu 2d 381g 414c x3w 9ms | egraph 101g->188v+0snap 29ms | graft 57 (-385n, 0 snap) cpu 0 | f64 30 | gen 0.6s
 352     0     100               0     0.115745466    0.0857863396     0.805088923     0.348255024     0.254117783     0.259720235
 352     1      50               0     0.115745466    0.0857863396     0.805088923     0.348255024     0.254117783     0.259720235
          wgpu 1d 186g 294c x3w 4ms | egraph 31g->148v+0snap 8ms | graft 48 (-250n, 0 snap) cpu 0 | f64 20 | gen 0.3s | dropped inexpr 1 oversz 0 unbuild 0 {}
 353     0     100               0     0.115745466    0.0857863396     0.805088923     0.348255024     0.254117783     0.259720235
 353     1      50               0     0.115745466    0.0857863396     0.805088923     0.348255024     0.254117783     0.259720235
          wgpu 1d 176g 298c x3w 4ms | egraph 30g->152v+0snap 23ms | graft 51 (-258n, 0 snap) cpu 0 | f64 20 | gen 0.3s
 354     0     100               0     0.115745466    0.0857863396     0.805088923     0.348255024     0.254117783     0.259720235
 354     1      50               0     0.115745466    0.0857863396     0.805088923     0.348255024     0.254117783     0.259720235
          wgpu 1d 199g 291c x3w 4ms | egraph 38g->145v+0snap 16ms | graft 48 (-286n, 0 snap) cpu 0 | f64 20 | gen 0.2s
 355     0     100               0     0.115745466    0.0857863396     0.805088923     0.348255024     0.254117783     0.259720235
 355     1      50               0     0.115745466    0.0857863396     0.805088923     0.348255024     0.254117783     0.259720235
          wgpu 1d 192g 294c x3w 5ms | egraph 30g->148v+0snap 9ms | graft 49 (-288n, 0 snap) cpu 0 | f64 20 | gen 0.4s
 356     0     100               0     0.115745466    0.0857863396     0.805088923     0.348255024     0.254117783     0.259720235
 356     1      50               0     0.115745466    0.0857863396     0.805088923     0.348255024     0.254117783     0.259720235
          wgpu 1d 255g 362c x3w 6ms | egraph 52g->216v+0snap 17ms | graft 59 (-434n, 0 snap) cpu 0 | f64 20 | gen 0.9s
 357     0     100               0     0.115745466    0.0857863396     0.805088923     0.348255024     0.254117783     0.259720235
 357     1      50               0     0.115745466    0.0857863396     0.805088923     0.348255024     0.254117783     0.259720235
          wgpu 1d 225g 325c x3w 6ms | egraph 41g->179v+0snap 16ms | graft 55 (-425n, 0 snap) cpu 0 | f64 20 | gen 0.8s
 358     0     100               0     0.115745466    0.0857863396     0.805088923     0.348255024     0.254117783     0.259720235
 358     1      50               0     0.115745466    0.0857863396     0.805088923     0.348255024     0.254117783     0.259720235
          wgpu 1d 217g 326c x3w 6ms | egraph 42g->180v+0snap 14ms | graft 56 (-525n, 0 snap) cpu 0 | f64 20 | gen 0.2s
 359     0     100               0     0.115745466    0.0857863396     0.805088923     0.348255024     0.254117783     0.259720235
 359     1      50               0     0.115745466    0.0857863396     0.805088923     0.348255024     0.254117783     0.259720235
          wgpu 1d 217g 299c x3w 5ms | egraph 39g->153v+0snap 12ms | graft 48 (-331n, 0 snap) cpu 0 | f64 20 | gen 0.4s | dropped inexpr 1 oversz 0 unbuild 0 {}
 360     0     100               0     0.115745466    0.0857863396     0.805088923     0.348255024     0.254117783     0.259720235
 360     1      50               0     0.115745466    0.0857863396     0.805088923     0.348255024     0.254117783     0.259720235
          wgpu 1d 189g 289c x3w 5ms | egraph 33g->143v+0snap 10ms | graft 57 (-410n, 0 snap) cpu 0 | f64 20 | gen 0.2s
--------- pump migration: intra (promote-2 + intake-reset) + cross ---------
 361     0     100               0     0.115745466    0.0857863396     0.805088923     0.348255024     0.254117783     0.259720235
 361     1      50               0     0.115745466    0.0857863396     0.805088923     0.348255024     0.254117783     0.259720235
          wgpu 2d 346g 426c x3w 8ms | egraph 85g->200v+0snap 23ms | graft 60 (-323n, 0 snap) cpu 0 | f64 30 | gen 0.4s | dropped inexpr 1 oversz 0 unbuild 0 {}
 362     0     100               0     0.115745466    0.0857863396     0.805088923     0.348255024     0.254117783     0.259720235
 362     1      50               0     0.115745466    0.0857863396     0.805088923     0.348255024     0.254117783     0.259720235
          wgpu 1d 218g 296c x3w 6ms | egraph 50g->150v+0snap 13ms | graft 62 (-460n, 0 snap) cpu 0 | f64 20 | gen 0.7s
 363     0     100               0     0.115745466    0.0857863396     0.805088923     0.348255024     0.254117783     0.259720235
 363     1      50               0     0.115745466    0.0857863396     0.805088923     0.348255024     0.254117783     0.259720235
          wgpu 1d 238g 310c x3w 5ms | egraph 45g->164v+0snap 20ms | graft 43 (-330n, 0 snap) cpu 0 | f64 20 | gen 0.6s
 364     0     100               0     0.115745466    0.0857863396     0.805088923     0.348255024     0.254117783     0.259720235
 364     1      50               0     0.115745466    0.0857863396     0.805088923     0.348255024     0.254117783     0.259720235
          wgpu 1d 227g 306c x3w 5ms | egraph 48g->160v+0snap 12ms | graft 56 (-368n, 0 snap) cpu 0 | f64 20 | gen 0.6s
 365     0     100               0     0.115745466    0.0857863396     0.805088923     0.348255024     0.254117783     0.259720235
 365     1      50               0     0.115745466    0.0857863396     0.805088923     0.348255024     0.254117783     0.259720235
          wgpu 1d 227g 318c x3w 5ms | egraph 34g->172v+0snap 10ms | graft 67 (-415n, 0 snap) cpu 0 | f64 20 | gen 0.2s
 366     0     100               0     0.115745466    0.0857863396     0.805088923     0.348255024     0.254117783     0.259720235
 366     1      50               0     0.115745466    0.0857863396     0.805088923     0.348255024     0.254117783     0.259720235
          wgpu 1d 193g 299c x3w 4ms | egraph 38g->153v+0snap 10ms | graft 56 (-350n, 0 snap) cpu 0 | f64 20 | gen 0.2s
 367     0     100               0     0.115745466    0.0857863396     0.805088923     0.348255024     0.254117783     0.259720235
 367     1      50               0     0.115745466    0.0857863396     0.805088923     0.348255024     0.254117783     0.259720235
          wgpu 1d 210g 290c x3w 5ms | egraph 37g->144v+0snap 10ms | graft 66 (-336n, 0 snap) cpu 0 | f64 20 | gen 0.6s
 368     0     100               0     0.115745466    0.0857863396     0.805088923     0.348255024     0.254117783     0.259720235
 368     1      50               0     0.115745466    0.0857863396     0.805088923     0.348255024     0.254117783     0.259720235
          wgpu 1d 186g 299c x3w 4ms | egraph 38g->153v+0snap 9ms | graft 64 (-406n, 0 snap) cpu 0 | f64 20 | gen 0.2s
 369     0     100               0     0.115745466    0.0857863396     0.805088923     0.348255024     0.254117783     0.259720235
 369     1      50               0     0.115745466    0.0857863396     0.805088923     0.348255024     0.254117783     0.259720235
          wgpu 1d 191g 284c x3w 4ms | egraph 32g->138v+0snap 8ms | graft 56 (-335n, 0 snap) cpu 0 | f64 20 | gen 0.4s
 370     0     100               0     0.115745466    0.0857863396     0.805088923     0.348255024     0.254117783     0.259720235
 370     1      50               0     0.115745466    0.0857863396     0.805088923     0.348255024     0.254117783     0.259720235
          wgpu 1d 199g 296c x3w 5ms | egraph 34g->150v+0snap 8ms | graft 49 (-288n, 0 snap) cpu 0 | f64 20 | gen 0.2s
--------- pump migration: intra (promote-2 + intake-reset) ---------
 371     0     100               0     0.115745466    0.0857863396     0.805088923     0.348255024     0.254117783     0.259720235
 371     1      50               0     0.115745466    0.0857863396     0.805088923     0.348255024     0.254117783     0.259720235
          wgpu 2d 369g 410c x3w 8ms | egraph 129g->184v+0snap 36ms | graft 60 (-344n, 0 snap) cpu 0 | f64 30 | gen 0.2s
 372     0     100               0     0.115745466    0.0857863396     0.805088923     0.348255024     0.254117783     0.259720235
 372     1      50               0     0.115745466    0.0857863396     0.805088923     0.348255024     0.254117783     0.259720235
          wgpu 1d 224g 305c x3w 5ms | egraph 39g->159v+0snap 12ms | graft 58 (-343n, 0 snap) cpu 0 | f64 20 | gen 0.2s
 373     0     100               0     0.115745466    0.0857863396     0.805088923     0.348255024     0.254117783     0.259720235
 373     1      50               0     0.115745468    0.0857863303     0.805088767     0.348255008     0.254117789     0.259720207
          wgpu 1d 198g 297c x3w 5ms | egraph 32g->151v+0snap 9ms | graft 53 (-289n, 0 snap) cpu 0 | f64 20 | gen 0.2s
 374     0     100               0     0.115745466    0.0857863396     0.805088923     0.348255024     0.254117783     0.259720235
 374     1      50               0     0.115745468    0.0857863303     0.805088767     0.348255008     0.254117789     0.259720207
          wgpu 1d 203g 304c x3w 5ms | egraph 41g->158v+0snap 10ms | graft 53 (-291n, 0 snap) cpu 0 | f64 20 | gen 0.2s
 375     0     100               0     0.115745466    0.0857863396     0.805088923     0.348255024     0.254117783     0.259720235
 375     1      50               0     0.115745468    0.0857863303     0.805088767     0.348255008     0.254117789     0.259720207
          wgpu 1d 221g 318c x3w 5ms | egraph 39g->172v+0snap 11ms | graft 50 (-460n, 0 snap) cpu 0 | f64 20 | gen 0.3s
 376     0     100               0     0.115745466    0.0857863396     0.805088923     0.348255024     0.254117783     0.259720235
 376     1      50               0     0.115745468    0.0857863303     0.805088767     0.348255008     0.254117789     0.259720207
          wgpu 1d 213g 303c x3w 5ms | egraph 37g->157v+0snap 10ms | graft 57 (-343n, 0 snap) cpu 0 | f64 20 | gen 0.3s
 377     0     100               0     0.115745466    0.0857863396     0.805088923     0.348255024     0.254117783     0.259720235
 377     1      50               0     0.115745468    0.0857863303     0.805088767     0.348255008     0.254117789     0.259720207
          wgpu 1d 199g 285c x3w 4ms | egraph 31g->139v+0snap 11ms | graft 65 (-325n, 0 snap) cpu 0 | f64 20 | gen 0.2s
 378     0     100               0     0.115745466    0.0857863396     0.805088923     0.348255024     0.254117783     0.259720235
 378     1      50               0     0.115745468    0.0857863303     0.805088767     0.348255008     0.254117789     0.259720207
          wgpu 1d 180g 294c x3w 6ms | egraph 32g->148v+0snap 8ms | graft 55 (-343n, 0 snap) cpu 0 | f64 20 | gen 0.2s
 379     0     100               0     0.115745466    0.0857863396     0.805088923     0.348255024     0.254117783     0.259720235
 379     1      50               0     0.115745468    0.0857863303     0.805088767     0.348255008     0.254117789     0.259720207
          wgpu 1d 196g 307c x3w 4ms | egraph 26g->161v+0snap 9ms | graft 50 (-312n, 0 snap) cpu 0 | f64 20 | gen 0.2s
 380     0     100               0     0.115745466    0.0857863396     0.805088923     0.348255024     0.254117783     0.259720235
 380     1      50               0     0.115745468    0.0857863303     0.805088767     0.348255008     0.254117789     0.259720207
          wgpu 1d 181g 284c x3w 11ms | egraph 34g->138v+0snap 9ms | graft 54 (-263n, 0 snap) cpu 0 | f64 20 | gen 0.2s
--------- pump migration: intra (promote-2 + intake-reset) ---------
 381     0     100               0     0.115745466    0.0857863396     0.805088923     0.348255024     0.254117783     0.259720235
 381     1      50               0     0.115745466    0.0857863396     0.805088923     0.348255024     0.254117783     0.259720235
          wgpu 2d 415g 447c x3w 9ms | egraph 110g->221v+0snap 36ms | graft 64 (-480n, 0 snap) cpu 0 | f64 30 | gen 0.8s | dropped inexpr 3 oversz 0 unbuild 0 {}
 382     0     100               0     0.115745466    0.0857863396     0.805088923     0.348255024     0.254117783     0.259720235
 382     1      50               0     0.115745466    0.0857863396     0.805088923     0.348255024     0.254117783     0.259720235
          wgpu 1d 192g 304c x3w 4ms | egraph 33g->158v+0snap 8ms | graft 59 (-342n, 0 snap) cpu 0 | f64 20 | gen 0.3s
 383     0     100               0     0.115745466    0.0857863396     0.805088923     0.348255024     0.254117783     0.259720235
 383     1      50               0     0.115745466    0.0857863396     0.805088923     0.348255024     0.254117783     0.259720235
          wgpu 1d 189g 287c x3w 5ms | egraph 22g->141v+0snap 8ms | graft 50 (-307n, 0 snap) cpu 0 | f64 20 | gen 0.2s
 384     0     100               0     0.115745466    0.0857863396     0.805088923     0.348255024     0.254117783     0.259720235
 384     1      50               0     0.115745468    0.0857863303     0.805088767     0.348255008     0.254117789     0.259720207
          wgpu 1d 188g 303c x3w 4ms | egraph 24g->157v+0snap 6ms | graft 57 (-292n, 0 snap) cpu 0 | f64 20 | gen 0.2s
 385     0     100               0     0.115745466    0.0857863396     0.805088923     0.348255024     0.254117783     0.259720235
 385     1      50               0     0.115745466    0.0857863396     0.805088923     0.348255024     0.254117783     0.259720235
          wgpu 1d 180g 294c x3w 9ms | egraph 28g->148v+0snap 7ms | graft 55 (-265n, 0 snap) cpu 0 | f64 20 | gen 0.3s
 386     0     100               0     0.115745466    0.0857863396     0.805088923     0.348255024     0.254117783     0.259720235
 386     1      50               0     0.115745466    0.0857863396     0.805088923     0.348255024     0.254117783     0.259720235
          wgpu 1d 189g 300c x3w 5ms | egraph 30g->154v+0snap 11ms | graft 56 (-325n, 0 snap) cpu 0 | f64 20 | gen 0.2s
 387     0     100               0     0.115745466    0.0857863396     0.805088923     0.348255024     0.254117783     0.259720235
 387     1      50               0     0.115745466    0.0857863396     0.805088923     0.348255024     0.254117783     0.259720235
          wgpu 1d 194g 295c x3w 4ms | egraph 23g->149v+0snap 7ms | graft 47 (-265n, 0 snap) cpu 0 | f64 20 | gen 0.4s
 388     0     100               0     0.115745466    0.0857863396     0.805088923     0.348255024     0.254117783     0.259720235
 388     1      50               0     0.115745466    0.0857863396     0.805088923     0.348255024     0.254117783     0.259720235
          wgpu 1d 172g 285c x3w 5ms | egraph 34g->139v+0snap 9ms | graft 48 (-336n, 0 snap) cpu 0 | f64 20 | gen 0.5s
 389     0     100               0     0.115745466    0.0857863396     0.805088923     0.348255024     0.254117783     0.259720235
 389     1      50               0     0.115745466    0.0857863396     0.805088923     0.348255024     0.254117783     0.259720235
          wgpu 1d 192g 293c x3w 11ms | egraph 29g->147v+0snap 8ms | graft 56 (-310n, 0 snap) cpu 0 | f64 20 | gen 0.6s
 390     0     100               0     0.115745466    0.0857863396     0.805088923     0.348255024     0.254117783     0.259720235
 390     1      50               0     0.115745466    0.0857863396     0.805088923     0.348255024     0.254117783     0.259720235
          wgpu 1d 206g 301c x3w 5ms | egraph 37g->155v+0snap 19ms | graft 46 (-217n, 0 snap) cpu 0 | f64 20 | gen 0.6s
--------- pump migration: intra (promote-2 + intake-reset) + cross ---------
 391     0     100               0     0.115745466    0.0857863396     0.805088923     0.348255024     0.254117783     0.259720235
 391     1      50               0     0.115745466    0.0857863396     0.805088923     0.348255024     0.254117783     0.259720235
          wgpu 2d 357g 394c x3w 8ms | egraph 113g->168v+0snap 30ms | graft 55 (-309n, 0 snap) cpu 0 | f64 30 | gen 0.2s | dropped inexpr 2 oversz 0 unbuild 0 {}
--------- pump migration: cross-class ---------
 392     0     100               0     0.251680048     0.190885466      1.64869635     0.779225464      0.55256053     0.577910403
 392     1      50               0     0.115745468    0.0857863303     0.805088767     0.348255008     0.254117789     0.259720207
          wgpu 2d 386g 391c x3w 8ms | egraph 128g->165v+0snap 32ms | graft 48 (-278n, 0 snap) cpu 0 | f64 30 | gen 0.4s | dropped inexpr 3 oversz 0 unbuild 0 {}
--------- pump migration: cross-class ---------
 393     0     100               0     0.251680048     0.190885466      1.64869635     0.779225464      0.55256053     0.577910403
 393     1      50               0     0.115745468    0.0857863303     0.805088767     0.348255008     0.254117789     0.259720207
          wgpu 2d 354g 373c x3w 8ms | egraph 115g->147v+0snap 24ms | graft 41 (-300n, 0 snap) cpu 0 | f64 30 | gen 0.3s | dropped inexpr 3 oversz 0 unbuild 0 {}
--------- pump migration: cross-class ---------
 394     0     100               0     0.251680048     0.190885466      1.64869635     0.779225464      0.55256053     0.577910403
 394     1      50               0     0.115745466    0.0857863396     0.805088923     0.348255024     0.254117783     0.259720235
          wgpu 2d 351g 387c x3w 8ms | egraph 98g->161v+0snap 20ms | graft 47 (-234n, 0 snap) cpu 0 | f64 30 | gen 0.2s | dropped inexpr 3 oversz 0 unbuild 0 {}
--------- pump migration: cross-class ---------
 395     0     100               0     0.251680048     0.190885466      1.64869635     0.779225464      0.55256053     0.577910403
 395     1      50               0     0.115745466    0.0857863396     0.805088923     0.348255024     0.254117783     0.259720235
          wgpu 2d 340g 377c x3w 10ms | egraph 106g->151v+0snap 22ms | graft 49 (-294n, 0 snap) cpu 0 | f64 30 | gen 0.2s | dropped inexpr 2 oversz 0 unbuild 0 {}
--------- pump migration: cross-class ---------
 396     0     100               0     0.251680048     0.190885466      1.64869635     0.779225464      0.55256053     0.577910403
 396     1      50               0     0.115745466    0.0857863396     0.805088923     0.348255024     0.254117783     0.259720235
          wgpu 2d 355g 387c x3w 8ms | egraph 114g->161v+0snap 31ms | graft 53 (-372n, 0 snap) cpu 0 | f64 30 | gen 0.2s | dropped inexpr 3 oversz 0 unbuild 0 {}
--------- pump migration: cross-class ---------
 397     0     100               0     0.251680048     0.190885466      1.64869635     0.779225464      0.55256053     0.577910403
 397     1      50               0     0.115745466    0.0857863396     0.805088923     0.348255024     0.254117783     0.259720235
          wgpu 2d 342g 364c x3w 8ms | egraph 114g->138v+0snap 29ms | graft 39 (-231n, 0 snap) cpu 0 | f64 30 | gen 0.2s | dropped inexpr 1 oversz 0 unbuild 0 {}
--------- pump migration: cross-class ---------
 398     0     100               0     0.115745466    0.0857863396     0.805088923     0.348255024     0.254117783     0.259720235
 398     1      50               0     0.115745468    0.0857863303     0.805088767     0.348255008     0.254117789     0.259720207
          wgpu 2d 370g 391c x3w 8ms | egraph 103g->165v+0snap 22ms | graft 52 (-244n, 0 snap) cpu 0 | f64 30 | gen 0.2s | dropped inexpr 2 oversz 0 unbuild 0 {}
--------- pump migration: cross-class ---------
 399     0     100               0     0.251680048     0.190885466      1.64869635     0.779225464      0.55256053     0.577910403
 399     1      50               0     0.115745468    0.0857863303     0.805088767     0.348255008     0.254117789     0.259720207
          wgpu 2d 353g 392c x3w 7ms | egraph 113g->166v+0snap 25ms | graft 50 (-278n, 0 snap) cpu 0 | f64 30 | gen 0.4s
--------- pump migration: cross-class ---------
 400     0     100               0     0.251680048     0.190885466      1.64869635     0.779225464      0.55256053     0.577910403
 400     1      50               0     0.115745466    0.0857863396     0.805088923     0.348255024     0.254117783     0.259720235
          wgpu 2d 347g 365c x3w 8ms | egraph 107g->139v+0snap 40ms | graft 36 (-192n, 0 snap) cpu 0 | f64 30 | gen 0.2s | dropped inexpr 2 oversz 0 unbuild 0 {}
--------- pump migration: intra (promote-2 + intake-reset) + cross ---------

This sub-run: 2026-09-19 07:11:10.643954 → 2026-09-19 07:13:03.485440
Now at generation 400 (HOF size: 30)
[join] 450 dispatches, 83,672 genes, 369,207 candidates scored in 2.07s GPU+host; e-graph 19,413 trees -> 60,599 variants + 0 snaps in 5.22s; 16,266 grafts (0 snap), 91,870 nodes removed; cpu-path individuals 0, f64-rejected 0, snaps refused for naming an input 0
[join]   inexpressible:    143  no pset token for semantic id "pow" with arity 2
  HFF-chosen LSM kept: a=0.699074, b=-0.435296
Chromosome wrapper: id=0  →  identity
hof[0] runtime val: mse=9.377e-02  R²=0.716110
Pre-snap expression (after sympify + LSM compose):
  0.233024655940279*T - 0.233024655940279*m + 0.233024655940279*exp(sqrt(Abs(n_0))/x) - 0.435296259140588 - 0.233024655940279*sqrt(Abs(T))/kb + 0.233024655940279*(kb + n_0)/g

Per-level snap results (before MSE scoring):
  strict      →  -0.233024655940279*sqrt(T)/kb + 0.233024655940279*T - 0.233024655940279*m + 0.233024655940279*exp(sqrt(n_0)/x) - 0.435296259140588 + 0.233024655940279*kb/g + 0.233024655940279*n_0/g
  default     →  -0.233024655940279*sqrt(T)/kb + 0.233024655940279*T - 0.233024655940279*m + 0.233024655940279*exp(sqrt(n_0)/x) - 0.435296259140588 + 0.233024655940279*kb/g + 0.233024655940279*n_0/g
  aggressive  →  -0.233024655940279*sqrt(T)/kb + 0.233024655940279*T - 0.233024655940279*m + 0.233024655940279*exp(sqrt(n_0)/x) - 0.435296259140588 + 0.233024655940279*kb/g + 0.233024655940279*n_0/g

Snap-level comparison (sorted by holdout MSE, lowest first)
------------------------------------------------------------------------------------------
  level       MSE            R²         expression                                        
------------------------------------------------------------------------------------------
★ strict      0.1122         0.7795     -0.233024655940279*sqrt(T)/kb + 0.233024655940279*
  default     0.1122         0.7795     -0.233024655940279*sqrt(T)/kb + 0.233024655940279*
  aggressive  0.1122         0.7795     -0.233024655940279*sqrt(T)/kb + 0.233024655940279*

Winning snap level: 'strict'  →  -0.233024655940279*sqrt(T)/kb + 0.233024655940279*T - 0.233024655940279*m + 0.233024655940279*exp(sqrt(n_0)/x) - 0.435296259140588 + 0.233024655940279*kb/g + 0.233024655940279*n_0/g

Canonical discovered expression: -0.233024655940279*sqrt(T)/kb + 0.233024655940279*T - 0.233024655940279*m + 0.233024655940279*exp(sqrt(n_0)/x) - 0.435296259140588 + 0.233024655940279*kb/g + 0.233024655940279*n_0/g
[38;2;0;50;255m
############################################################ [38;2;255;255;255m
[38;2;0;50;255m Equation Recovery: I_40_1 [38;2;255;255;255m
[38;2;0;50;255m Truth: n_0*exp(-m*g*x/(kb*T)) [38;2;255;255;255m
[38;2;0;50;255m [38;2;255;255;255m
[38;2;255;0;255m     Exact recovery     : False [38;2;255;255;255m
[38;2;255;0;255m     Numerical recovery : False (max rel_err 8.71e+29 on 10k samples) [38;2;255;255;255m
[38;2;255;0;255m     Discovered         : -0.233024655940279*sqrt(T)/kb + 0.233024655940279*T - 0.233024655940279*m + 0.233024655940279*exp(sqrt(n_0)/x) - 0.435296259140588 + 0.233024655940279*kb/g + 0.233024655940279*n_0/g [38;2;255;255;255m
[38;2;255;0;255m     LSM (a, b)         : (0.699074, -0.435296) [38;2;255;255;255m
[38;2;0;50;255m
############################################################ [38;2;255;255;255m
In-range holdout : MSE=0.1122  MAE=0.262  R²=0.7795
Extrapolation    : MSE=0.3741  MAE=0.4631  R²=0.6016

Top 10 HOF models (north_pole=truenorth) (★ = Pareto-optimal)
(deduped HOF: 11 unique chromosomes from 30 raw HOF entries)
 ----------------------------------------------------------------------------------------------------------------
       model     wrapper      length   train_mse     val_mse     max_err    train_r2      val_r2 angular_distance
 ----------------------------------------------------------------------------------------------------------------
★           0    identity          18      0.1201      0.0938      0.9080      0.7363      0.7161      0.0127
            5    identity          17      0.1243      0.0969      0.9358      0.7272      0.7065      0.0813
★           1    identity          16      0.1421      0.1066      0.8994      0.6879      0.6774      0.2927
            2    identity          20      0.1415      0.1099      0.9241      0.6893      0.6674      0.3146
            4    identity          18      0.1468      0.1161      0.9643      0.6777      0.6484      0.4216
           26    identity          18      0.1517      0.1274      1.0760      0.6669      0.6141      0.6182
           23    identity          18      0.1517      0.1274      1.0760      0.6669      0.6141      0.6182
           18    identity          18      0.1517      0.1274      1.0760      0.6669      0.6141      0.6182
           27    identity          21      0.1577      0.1255      1.0525      0.6539      0.6200      0.6292
           28    identity          14      0.1709      0.1420      1.1888      0.6249      0.5702      0.9681

Pareto-optimal in top 10: 2    Pareto-optimal in full HOF: 2 / 11

Recovery sweep across 11/11 unique HOF chromosomes (capped):
  Structural / exact     : 0/11  (0.0%)
  Numerical (≤1e-6 err)  : 0/11  (0.0%)
{
    "date": "2026/09/19",
    "seed": "5",
    "task": "equation_recovery",
    "north_pole_method": "truenorth",
    "hff_include_val": true,
    "problem": "I_40_1",
    "truth_expr": "n_0*exp(-m*g*x/(kb*T))",
    "final_terminal_inputs": [
        "n_0",
        "m",
        "x",
        "T",
        "g",
        "kb"
    ],
    "wide_primitives": true,
    "head_length": "48",
    "n_genes": "3",
    "rnc_array_length": "10",
    "tournament size": "intake=8, champion=5",
    "population size": "150",
    "population per island": "intake=100, champion=50",
    "gpu_join": true,
    "eclass_k": 8,
    "number of elites": "2",
    "number of generations": "400",
    "number of islands": "2",
    "migration FREQ": "30",
    "wrapper_id": 0,
    "wrapper_name": "identity",
    "recovery_exact": false,
    "recovery_numerical": false,
    "recovery_max_rel_err": 8.712346136106965e+29,
    "discovered_expr": "-0.233024655940279*sqrt(T)/kb + 0.233024655940279*T - 0.233024655940279*m + 0.233024655940279*exp(sqrt(n_0)/x) - 0.435296259140588 + 0.233024655940279*kb/g + 0.233024655940279*n_0/g",
    "holdout_mse": 0.11217105534921182,
    "holdout_r2": 0.7795155747219302,
    "extrap_mse": 0.3741157186361776,
    "extrap_r2": 0.6015700344652835,
    "hof_size": 11,
    "hof_exact_recoveries": 0,
    "hof_numerical_recoveries": 0
}
