/opt/anaconda3/lib/python3.12/site-packages/geppy/__init__.py:26: UserWarning: pkg_resources is deprecated as an API. See https://setuptools.pypa.io/en/latest/pkg_resources.html. The pkg_resources package is slated for removal as early as 2025-11-30. Refrain from using this package or pin to Setuptools<81.
  from pkg_resources import get_distribution, DistributionNotFound
hff library OK (test fitness: (0.1415394733244273,))
registry: ['circle_area', 'gravity', 'coulomb', 'pendulum', 'keplers3', 'ideal_gas', 'I_6_2a', 'I_6_2', 'I_6_2b', 'I_8_14', 'I_9_18', 'I_10_7', 'I_11_19', 'I_12_1', 'I_12_2', 'I_12_4', 'I_12_5', 'I_12_11', 'I_13_4', 'I_13_12', 'I_14_3', 'I_14_4', 'I_15_3x', 'I_15_3t', 'I_15_1', 'I_16_6', 'I_18_4', 'I_18_12', 'I_18_14', 'I_24_6', 'I_25_13', 'I_26_2', 'I_27_6', 'I_29_4', 'I_29_16', 'I_30_3', 'I_30_5', 'I_32_5', 'I_32_17', 'I_34_8', 'I_34_1', 'I_34_14', 'I_34_27', 'I_37_4', 'I_38_12', 'I_39_1', 'I_39_11', 'I_39_22', 'I_40_1', 'I_41_16', 'I_43_16', 'I_43_31', 'I_43_43', 'I_44_4', 'I_47_23', 'I_48_2', 'I_50_26', 'II_2_42', 'II_3_24', 'II_4_23', 'II_6_11', 'II_6_15a', 'II_6_15b', 'II_8_7', 'II_8_31', 'II_10_9', 'II_11_3', 'II_11_17', 'II_11_20', 'II_11_27', 'II_11_28', 'II_13_17', 'II_13_23', 'II_13_34', 'II_15_4', 'II_15_5', 'II_21_32', 'II_24_17', 'II_27_16', 'II_27_18', 'II_34_2a', 'II_34_2', 'II_34_11', 'II_34_29a', 'II_34_29b', 'II_35_18', 'II_35_21', 'II_36_38', 'II_37_1', 'II_38_3', 'II_38_14', 'III_4_32', 'III_4_33', 'III_7_38', 'III_8_54', 'III_9_52', 'III_10_19', 'III_12_43', 'III_13_18', 'III_14_14', 'III_15_12', 'III_15_14', 'III_15_27', 'III_17_37', 'III_19_51', 'III_21_20', 'test_1', 'test_2', 'test_3', 'test_4', 'test_5', 'test_6', 'test_7', 'test_8', 'test_9', 'test_10', 'test_11', 'test_12', 'test_13', 'test_14', 'test_15', 'test_16', 'test_17', 'test_18', 'test_19', 'test_20']
[feynman override] head_length=48 (keep n_genes=3, avgval linker)
Selected problem: II_35_21
  Description : Feynman I-III II.35.21: M = n_rho*mom*tanh(mom*B/(kb*T))
  Variables   : ['n_rho', 'mom', 'B', 'kb', 'T']
  Train range : {'n_rho': (1.0, 5.0), 'mom': (1.0, 5.0), 'B': (1.0, 5.0), 'kb': (1.0, 5.0), 'T': (1.0, 5.0)}
  Extrap range: {'n_rho': (1.0, 7.5), 'mom': (1.0, 7.5), 'B': (1.0, 7.5), 'kb': (1.0, 7.5), 'T': (1.0, 7.5)}
  Truth       : n_rho*mom*tanh(mom*B/(kb*T))
  ✓ cache hit  (data/equations/II_35_21, key=47adb2d3162deaf7)
  train           (800, 6)  target range=[0.1807, 22.92]
  val             (200, 6)  target range=[0.167, 21.18]
  holdout         (200, 6)  target range=[0.2137, 23.41]
  extrapolation   (200, 6)  target range=[0.1077, 45.34]
(skipping pairplot — too many variables: 5)
Wide primitive set enabled: sin, cos, exp, log added.
[E22 rules] variable pattern tags: {'no_pattern'}
[E22/23 rules] static candidate count: 1
[E22/23 rules] allowed to take a fitness slot (exact): 0
  [sum_sq_all/sum_sq] a=0.1595 b=-1.2995e+00 1-R²_va=7.5524e-01
[fuller] denoise + snap IN THE JOIN (every gene, every generation, K=8); mutation operators: physics=0.2 concretize=0.05
Wrapper scope: per_island  (island → wrapper map: ['identity', 'identity'])
[wgpu] process pool disabled — Metal cannot survive fork(); the population is evaluated in one dispatch instead
Genes: head_length=48, n_genes=3, rnc_array_length=10
Population: (per-island, see below), elites: 2, generations: 400, migration FREQ: 30
  pump per-island sizes: intake=100 (tournsize=8), champion=50 (tournsize=5)
Initialising evolution at 2026-09-19 07:18:03.398190
 gen  deme   evals     min fitness          mse_tr          mse_va         max_err      mse_extrap  one_minus_r2_tr  one_minus_r2_va
   0     0     100    0.0344680269      4.65161635      5.56450636      7.82540225      30.2019826      0.18167431     0.191129143
   0     1      50  0.000394298462      8.96290608       8.5853544      7.61514622      55.5373876     0.350056767     0.294888948
          wgpu 1d 300g 245c x3w 9ms | egraph 199g->95v+0snap 72ms | graft 25 (-94n, 0 snap) cpu 0 | f64 30 | gen 0.0s | dropped inexpr 5 oversz 0 unbuild 0 {}
Extending evolution: gen 1 → 400 (+400 generations)
   1     0     100    0.0344680269      4.65161635      5.56450636      7.82540225      30.2019826      0.18167431     0.191129143
   1     1      50  0.000394298462      8.96290608       8.5853544      7.61514622      55.5373876     0.350056767     0.294888948
          wgpu 1d 166g 228c x3w 5ms | egraph 92g->82v+0snap 19ms | graft 4 (-9n, 0 snap) cpu 0 | f64 32 | gen 0.2s | dropped inexpr 4 oversz 0 unbuild 0 {}
   2     0     100   0.00407866326      3.46911245      3.55748017      6.48818373      29.0709472     0.135490239     0.122191995
   2     1      50  0.000394298462      8.96290608       8.5853544      7.61514622      55.5373876     0.350056767     0.294888948
          wgpu 1d 137g 174c x3w 3ms | egraph 75g->28v+0snap 14ms | graft 3 (-5n, 0 snap) cpu 0 | f64 26 | gen 0.2s | dropped inexpr 12 oversz 0 unbuild 0 {}
   3     0     100  0.000470360001      3.42296887      2.82672848      5.28546884      25.9550712     0.133688048    0.0970922047
   3     1      50  0.000394298462      8.96290608       8.5853544      7.61514622      55.5373876     0.350056767     0.294888948
          wgpu 1d 119g 166c x3w 3ms | egraph 64g->20v+0snap 11ms | graft 6 (-18n, 0 snap) cpu 0 | f64 24 | gen 0.3s | dropped inexpr 5 oversz 0 unbuild 0 {}
   4     0     100  0.000470360001      3.42296887      2.82672848      5.28546884      25.9550712     0.133688048    0.0970922047
   4     1      50  0.000394298462      8.96290608       8.5853544      7.61514622      55.5373876     0.350056767     0.294888948
          wgpu 1d 135g 179c x3w 3ms | egraph 77g->33v+0snap 13ms | graft 8 (-27n, 0 snap) cpu 0 | f64 23 | gen 0.4s
   5     0     100  0.000470360001      3.42296887      2.82672848      5.28546884      25.9550712     0.133688048    0.0970922047
   5     1      50  0.000394298462      8.96290608       8.5853544      7.61514622      55.5373876     0.350056767     0.294888948
          wgpu 1d 127g 174c x3w 3ms | egraph 60g->28v+0snap 13ms | graft 6 (-16n, 0 snap) cpu 0 | f64 29 | gen 0.4s
   6     0     100  0.000470360001      3.42296887      2.82672848      5.28546884      25.9550712     0.133688048    0.0970922047
   6     1      50               0      4.73007788      3.99094798      6.49198257      31.7454477     0.184738717     0.137080707
          wgpu 1d 134g 177c x3w 3ms | egraph 64g->31v+0snap 17ms | graft 6 (-32n, 0 snap) cpu 0 | f64 20 | gen 0.4s | dropped inexpr 1 oversz 0 unbuild 0 {}
   7     0     100  0.000470360001      3.42296887      2.82672848      5.28546884      25.9550712     0.133688048    0.0970922047
   7     1      50               0      4.73007788      3.99094798      6.49198257      31.7454477     0.184738717     0.137080707
          wgpu 1d 156g 182c x3w 4ms | egraph 59g->36v+0snap 11ms | graft 7 (-31n, 0 snap) cpu 0 | f64 20 | gen 0.4s
   8     0     100  7.01779833e-07      2.25784107      2.30465774      5.06739414       18.942359    0.0881826205    0.0791601678
   8     1      50               0      4.73007788      3.99094798      6.49198257      31.7454477     0.184738717     0.137080707
          wgpu 1d 148g 171c x3w 4ms | egraph 71g->25v+0snap 14ms | graft 6 (-19n, 0 snap) cpu 0 | f64 20 | gen 0.5s
   9     0     100  7.01779833e-07      2.25784107      2.30465774      5.06739414       18.942359    0.0881826205    0.0791601678
   9     1      50               0      4.73007788      3.99094798      6.49198257      31.7454477     0.184738717     0.137080707
          wgpu 1d 173g 180c x3w 4ms | egraph 64g->34v+0snap 15ms | graft 10 (-64n, 0 snap) cpu 0 | f64 20 | gen 0.5s | dropped inexpr 2 oversz 0 unbuild 0 {}
  10     0     100  7.01779833e-07      2.25784107      2.30465774      5.06739414       18.942359    0.0881826205    0.0791601678
  10     1      50               0      4.73007788      3.99094798      6.49198257      31.7454477     0.184738717     0.137080707
          wgpu 1d 154g 172c x3w 4ms | egraph 68g->26v+0snap 14ms | graft 7 (-28n, 0 snap) cpu 0 | f64 29 | gen 0.6s
--------- pump migration: intra (promote-2 + intake-reset) ---------
  11     0     100  7.01779833e-07      2.25784107      2.30465774      5.06739414       18.942359    0.0881826205    0.0791601678
  11     1      50               0      4.73007788      3.99094798      6.49198257      31.7454477     0.184738717     0.137080707
          wgpu 2d 306g 309c x3w 7ms | egraph 130g->83v+0snap 27ms | graft 14 (-81n, 0 snap) cpu 0 | f64 36 | gen 0.5s | dropped inexpr 4 oversz 0 unbuild 0 {}
  12     0     100  7.01779833e-07      2.25784107      2.30465774      5.06739414       18.942359    0.0881826205    0.0791601678
  12     1      50               0      2.25784107      2.30465774      5.06739414       18.942359    0.0881826205    0.0791601678
          wgpu 1d 166g 187c x3w 4ms | egraph 50g->41v+0snap 11ms | graft 5 (-28n, 0 snap) cpu 0 | f64 20 | gen 0.6s | dropped inexpr 1 oversz 0 unbuild 0 {}
  13     0     100  7.01779833e-07      2.25784107      2.30465774      5.06739414       18.942359    0.0881826205    0.0791601678
  13     1      50               0      4.73007788      3.99094798      6.49198257      31.7454477     0.184738717     0.137080707
          wgpu 1d 203g 225c x3w 6ms | egraph 80g->79v+0snap 19ms | graft 16 (-85n, 0 snap) cpu 0 | f64 20 | gen 0.6s | dropped inexpr 5 oversz 0 unbuild 0 {}
  14     0     100  7.01779833e-07      2.25784107      2.30465774      5.06739414       18.942359    0.0881826205    0.0791601678
  14     1      50               0      4.73007788      3.99094798      6.49198257      31.7454477     0.184738717     0.137080707
          wgpu 1d 235g 240c x3w 5ms | egraph 74g->94v+0snap 21ms | graft 16 (-171n, 0 snap) cpu 0 | f64 29 | gen 0.8s
  15     0     100  7.01779833e-07      2.25784107      2.30465774      5.06739414       18.942359    0.0881826205    0.0791601678
  15     1      50               0      4.73007788      3.99094798      6.49198257      31.7454477     0.184738717     0.137080707
          wgpu 1d 177g 198c x3w 4ms | egraph 51g->52v+0snap 12ms | graft 11 (-68n, 0 snap) cpu 0 | f64 20 | gen 0.5s
  16     0     100  7.01779833e-07      2.25784107      2.30465774      5.06739414       18.942359    0.0881826205    0.0791601678
  16     1      50               0      4.73007788      3.99094798      6.49198257      31.7454477     0.184738717     0.137080707
          wgpu 1d 200g 212c x3w 4ms | egraph 65g->66v+0snap 18ms | graft 8 (-42n, 0 snap) cpu 0 | f64 20 | gen 0.6s | dropped inexpr 5 oversz 0 unbuild 0 {}
  17     0     100  7.01779833e-07      2.25784107      2.30465774      5.06739414       18.942359    0.0881826205    0.0791601678
  17     1      50               0      4.73007788      3.99094798      6.49198257      31.7454477     0.184738717     0.137080707
          wgpu 1d 196g 219c x3w 4ms | egraph 53g->73v+0snap 13ms | graft 18 (-113n, 0 snap) cpu 0 | f64 34 | gen 0.6s
  18     0     100  7.01779833e-07      2.25784107      2.30465774      5.06739414       18.942359    0.0881826205    0.0791601678
  18     1      50               0      4.73007788      3.99094798      6.49198257      31.7454477     0.184738717     0.137080707
          wgpu 1d 177g 206c x3w 4ms | egraph 45g->60v+0snap 11ms | graft 9 (-41n, 0 snap) cpu 0 | f64 20 | gen 0.6s | dropped inexpr 1 oversz 0 unbuild 0 {}
  19     0     100  7.01779833e-07      2.25784107      2.30465774      5.06739414       18.942359    0.0881826205    0.0791601678
  19     1      50               0      4.73007788      3.99094798      6.49198257      31.7454477     0.184738717     0.137080707
          wgpu 1d 181g 205c x3w 10ms | egraph 53g->59v+0snap 11ms | graft 12 (-36n, 0 snap) cpu 0 | f64 20 | gen 0.9s
  20     0     100  7.01779833e-07      2.25784107      2.30465774      5.06739414       18.942359    0.0881826205    0.0791601678
  20     1      50               0      4.73007788      3.99094798      6.49198257      31.7454477     0.184738717     0.137080707
          wgpu 1d 186g 207c x3w 4ms | egraph 46g->61v+0snap 12ms | graft 12 (-45n, 0 snap) cpu 0 | f64 20 | gen 0.5s | dropped inexpr 2 oversz 0 unbuild 0 {}
--------- pump migration: intra (promote-2 + intake-reset) ---------
  21     0     100               0      6.13202736       5.8793468       6.3383824      42.4339237     0.239493492     0.201943253
  21     1      50               0      4.73007788      3.99094798      6.49198257      31.7454477     0.184738717     0.137080707
          wgpu 2d 332g 362c x3w 8ms | egraph 132g->136v+0snap 33ms | graft 18 (-92n, 0 snap) cpu 0 | f64 30 | gen 0.5s
  22     0     100               0      6.13202736       5.8793468       6.3383824      42.4339237     0.239493492     0.201943253
  22     1      50               0      4.73007788      3.99094798      6.49198257      31.7454477     0.184738717     0.137080707
          wgpu 1d 142g 237c x3w 4ms | egraph 48g->91v+0snap 9ms | graft 9 (-32n, 0 snap) cpu 0 | f64 20 | gen 0.3s | dropped inexpr 1 oversz 0 unbuild 0 {}
  23     0     100               0      6.13202736       5.8793468       6.3383824      42.4339237     0.239493492     0.201943253
  23     1      50               0      4.73007788      3.99094798      6.49198257      31.7454477     0.184738717     0.137080707
          wgpu 1d 146g 239c x3w 9ms | egraph 55g->93v+0snap 11ms | graft 8 (-40n, 0 snap) cpu 0 | f64 20 | gen 0.5s
  24     0     100               0      6.13202736       5.8793468       6.3383824      42.4339237     0.239493492     0.201943253
  24     1      50               0      2.43962902      2.22151168      4.78776369      20.0111018    0.0952825615    0.0763042748
          wgpu 1d 145g 251c x3w 4ms | egraph 48g->105v+0snap 9ms | graft 10 (-51n, 0 snap) cpu 0 | f64 20 | gen 0.7s | dropped inexpr 1 oversz 0 unbuild 0 {}
  25     0     100               0      6.13202736       5.8793468       6.3383824      42.4339237     0.239493492     0.201943253
  25     1      50               0      4.73007788      3.99094798      6.49198257      31.7454477     0.184738717     0.137080707
          wgpu 1d 191g 261c x3w 4ms | egraph 64g->115v+0snap 16ms | graft 15 (-55n, 0 snap) cpu 0 | f64 21 | gen 0.7s
  26     0     100               0      6.13202736       5.8793468       6.3383824      42.4339237     0.239493492     0.201943253
  26     1      50               0      2.43962902      2.22151168      4.78776369      20.0111018    0.0952825615    0.0763042748
          wgpu 1d 193g 267c x3w 4ms | egraph 63g->121v+0snap 13ms | graft 9 (-42n, 0 snap) cpu 0 | f64 25 | gen 0.3s | dropped inexpr 1 oversz 0 unbuild 0 {}
  27     0     100               0      6.13202736       5.8793468       6.3383824      42.4339237     0.239493492     0.201943253
  27     1      50               0      2.43962902      2.22151168      4.78776369      20.0111018    0.0952825615    0.0763042748
          wgpu 1d 166g 277c x3w 4ms | egraph 43g->131v+0snap 12ms | graft 10 (-87n, 0 snap) cpu 0 | f64 20 | gen 0.6s
  28     0     100               0      6.13202736       5.8793468       6.3383824      42.4339237     0.239493492     0.201943253
  28     1      50               0      2.43962924      2.22151153      4.78776379      20.0111003    0.0952825698    0.0763042696
          wgpu 1d 211g 284c x3w 5ms | egraph 67g->138v+0snap 17ms | graft 12 (-92n, 0 snap) cpu 0 | f64 20 | gen 0.9s | dropped inexpr 2 oversz 0 unbuild 0 {}
  29     0     100               0      2.43628059      2.27323598      4.92392799      20.3066722    0.0951517847    0.0780808964
  29     1      50               0      2.43962924      2.22151153      4.78776379      20.0111003    0.0952825698    0.0763042696
          wgpu 1d 249g 328c x3w 7ms | egraph 76g->182v+0snap 21ms | graft 15 (-99n, 0 snap) cpu 0 | f64 20 | gen 0.7s | dropped inexpr 1 oversz 0 unbuild 0 {}
  30     0     100               0      6.13202736       5.8793468       6.3383824      42.4339237     0.239493492     0.201943253
  30     1      50               0      2.43962924      2.22151153      4.78776379      20.0111003    0.0952825698    0.0763042696
          wgpu 1d 218g 315c x3w 5ms | egraph 61g->169v+0snap 16ms | graft 15 (-112n, 0 snap) cpu 0 | f64 20 | gen 0.5s
--------- pump migration: intra (promote-2 + intake-reset) ---------
  31     0     100               0      6.91139349        6.548338      6.78790417      48.5147897     0.269932547     0.224921699
  31     1      50               0      2.43628059      2.27323598      4.92392799      20.3066722    0.0951517847    0.0780808964
          wgpu 2d 357g 378c x3w 12ms | egraph 142g->152v+0snap 29ms | graft 14 (-67n, 0 snap) cpu 0 | f64 30 | gen 0.3s | dropped inexpr 2 oversz 0 unbuild 0 {}
  32     0     100               0      2.43628059      2.27323598      4.92392799      20.3066722    0.0951517847    0.0780808964
  32     1      50               0      2.43962924      2.22151153      4.78776379      20.0111003    0.0952825698    0.0763042696
          wgpu 1d 246g 291c x3w 5ms | egraph 86g->145v+0snap 19ms | graft 24 (-142n, 0 snap) cpu 0 | f64 20 | gen 0.7s | dropped inexpr 1 oversz 0 unbuild 0 {}
  33     0     100               0      6.91139349        6.548338      6.78790417      48.5147897     0.269932547     0.224921699
  33     1      50               0      2.43962924      2.22151153      4.78776379      20.0111003    0.0952825698    0.0763042696
          wgpu 1d 258g 305c x3w 5ms | egraph 77g->159v+0snap 20ms | graft 22 (-183n, 0 snap) cpu 0 | f64 20 | gen 0.7s | dropped inexpr 1 oversz 0 unbuild 0 {}
  34     0     100               0      6.91139349        6.548338      6.78790417      48.5147897     0.269932547     0.224921699
  34     1      50               0      2.43962924      2.22151153      4.78776379      20.0111003    0.0952825698    0.0763042696
          wgpu 1d 192g 237c x3w 4ms | egraph 51g->91v+0snap 14ms | graft 11 (-77n, 0 snap) cpu 0 | f64 20 | gen 0.4s | dropped inexpr 2 oversz 0 unbuild 0 {}
  35     0     100               0      2.43628059      2.27323598      4.92392799      20.3066722    0.0951517847    0.0780808964
  35     1      50               0      2.43962924      2.22151153      4.78776379      20.0111003    0.0952825698    0.0763042696
          wgpu 1d 251g 310c x3w 5ms | egraph 80g->164v+0snap 25ms | graft 17 (-131n, 0 snap) cpu 0 | f64 20 | gen 0.7s
  36     0     100               0      2.43628059      2.27323598      4.92392799      20.3066722    0.0951517847    0.0780808964
  36     1      50               0      2.43962924      2.22151153      4.78776379      20.0111003    0.0952825698    0.0763042696
          wgpu 1d 302g 354c x3w 7ms | egraph 82g->208v+0snap 30ms | graft 27 (-237n, 0 snap) cpu 0 | f64 20 | gen 1.5s
  37     0     100               0      6.91139349        6.548338      6.78790417      48.5147897     0.269932547     0.224921699
  37     1      50               0      2.43962924      2.22151153      4.78776379      20.0111003    0.0952825698    0.0763042696
          wgpu 1d 265g 323c x3w 7ms | egraph 86g->177v+0snap 21ms | graft 23 (-133n, 0 snap) cpu 0 | f64 20 | gen 0.5s | dropped inexpr 3 oversz 0 unbuild 0 {}
  38     0     100               0      6.91139349        6.548338      6.78790417      48.5147897     0.269932547     0.224921699
  38     1      50               0      2.43962924      2.22151153      4.78776379      20.0111003    0.0952825698    0.0763042696
          wgpu 1d 152g 213c x3w 4ms | egraph 45g->67v+0snap 10ms | graft 11 (-52n, 0 snap) cpu 0 | f64 20 | gen 0.2s | dropped inexpr 1 oversz 0 unbuild 0 {}
  39     0     100               0      6.91139349        6.548338      6.78790417      48.5147897     0.269932547     0.224921699
  39     1      50               0      2.43962924      2.22151153      4.78776379      20.0111003    0.0952825698    0.0763042696
          wgpu 1d 199g 229c x3w 4ms | egraph 69g->83v+0snap 19ms | graft 14 (-56n, 0 snap) cpu 0 | f64 20 | gen 0.6s | dropped inexpr 1 oversz 0 unbuild 0 {}
  40     0     100               0      6.91139349        6.548338      6.78790417      48.5147897     0.269932547     0.224921699
  40     1      50               0      2.43962924      2.22151153      4.78776379      20.0111003    0.0952825698    0.0763042696
          wgpu 1d 181g 247c x3w 4ms | egraph 49g->101v+0snap 14ms | graft 22 (-107n, 0 snap) cpu 0 | f64 20 | gen 0.5s | dropped inexpr 1 oversz 0 unbuild 0 {}
--------- pump migration: intra (promote-2 + intake-reset) ---------
  41     0     100               0      6.91139349        6.548338      6.78790417      48.5147897     0.269932547     0.224921699
  41     1      50               0      6.91139349        6.548338      6.78790417      48.5147897     0.269932547     0.224921699
          wgpu 2d 350g 349c x3w 8ms | egraph 150g->123v+0snap 37ms | graft 29 (-114n, 0 snap) cpu 0 | f64 30 | gen 0.3s | dropped inexpr 6 oversz 0 unbuild 0 {}
  42     0     100               0      6.91139349        6.548338      6.78790417      48.5147897     0.269932547     0.224921699
  42     1      50               0      6.91139349        6.548338      6.78790417      48.5147897     0.269932547     0.224921699
          wgpu 1d 153g 198c x3w 4ms | egraph 52g->52v+0snap 12ms | graft 10 (-54n, 0 snap) cpu 0 | f64 20 | gen 0.2s | dropped inexpr 3 oversz 0 unbuild 0 {}
  43     0     100               0      6.91139349        6.548338      6.78790417      48.5147897     0.269932547     0.224921699
  43     1      50               0      2.43962924      2.22151153      4.78776379      20.0111003    0.0952825698    0.0763042696
          wgpu 1d 155g 212c x3w 4ms | egraph 51g->66v+0snap 10ms | graft 13 (-77n, 0 snap) cpu 0 | f64 20 | gen 0.3s
  44     0     100               0      6.91139349        6.548338      6.78790417      48.5147897     0.269932547     0.224921699
  44     1      50               0      2.43962924      2.22151153      4.78776379      20.0111003    0.0952825698    0.0763042696
          wgpu 1d 173g 213c x3w 4ms | egraph 58g->67v+0snap 21ms | graft 12 (-57n, 0 snap) cpu 0 | f64 20 | gen 0.3s | dropped inexpr 3 oversz 0 unbuild 0 {}
  45     0     100               0      6.91139349        6.548338      6.78790417      48.5147897     0.269932547     0.224921699
  45     1      50               0      2.43962924      2.22151153      4.78776379      20.0111003    0.0952825698    0.0763042696
          wgpu 1d 148g 191c x3w 4ms | egraph 34g->45v+0snap 10ms | graft 5 (-43n, 0 snap) cpu 0 | f64 20 | gen 0.2s | dropped inexpr 2 oversz 0 unbuild 0 {}
  46     0     100               0      6.91139349        6.548338      6.78790417      48.5147897     0.269932547     0.224921699
  46     1      50               0      2.43962924      2.22151153      4.78776379      20.0111003    0.0952825698    0.0763042696
          wgpu 1d 171g 212c x3w 4ms | egraph 51g->66v+0snap 17ms | graft 20 (-105n, 0 snap) cpu 0 | f64 20 | gen 0.3s
  47     0     100               0      6.91139349        6.548338      6.78790417      48.5147897     0.269932547     0.224921699
  47     1      50               0      2.43962924      2.22151153      4.78776379      20.0111003    0.0952825698    0.0763042696
          wgpu 1d 177g 206c x3w 4ms | egraph 46g->60v+0snap 24ms | graft 11 (-65n, 0 snap) cpu 0 | f64 20 | gen 0.5s | dropped inexpr 5 oversz 0 unbuild 0 {}
  48     0     100               0      6.91139349        6.548338      6.78790417      48.5147897     0.269932547     0.224921699
  48     1      50               0      2.43962924      2.22151153      4.78776379      20.0111003    0.0952825698    0.0763042696
          wgpu 1d 178g 213c x3w 4ms | egraph 42g->67v+0snap 14ms | graft 14 (-136n, 0 snap) cpu 0 | f64 20 | gen 0.4s | dropped inexpr 3 oversz 0 unbuild 0 {}
  49     0     100               0      6.91139349        6.548338      6.78790417      48.5147897     0.269932547     0.224921699
  49     1      50               0      2.43962924      2.22151153      4.78776379      20.0111003    0.0952825698    0.0763042696
          wgpu 1d 164g 197c x3w 4ms | egraph 56g->51v+0snap 16ms | graft 12 (-102n, 0 snap) cpu 0 | f64 20 | gen 0.3s | dropped inexpr 2 oversz 0 unbuild 0 {}
  50     0     100               0      6.91139349        6.548338      6.78790417      48.5147897     0.269932547     0.224921699
  50     1      50               0      2.43962924      2.22151153      4.78776379      20.0111003    0.0952825698    0.0763042696
          wgpu 1d 152g 191c x3w 4ms | egraph 42g->45v+0snap 17ms | graft 11 (-106n, 0 snap) cpu 0 | f64 20 | gen 0.6s | dropped inexpr 2 oversz 0 unbuild 0 {}
--------- pump migration: intra (promote-2 + intake-reset) ---------
  51     0     100               0      6.91139349        6.548338      6.78790417      48.5147897     0.269932547     0.224921699
  51     1      50               0      6.91139349        6.548338      6.78790417      48.5147897     0.269932547     0.224921699
          wgpu 2d 352g 326c x3w 8ms | egraph 137g->100v+0snap 33ms | graft 15 (-81n, 0 snap) cpu 0 | f64 30 | gen 0.5s | dropped inexpr 4 oversz 0 unbuild 0 {}
  52     0     100               0      6.91139349        6.548338      6.78790417      48.5147897     0.269932547     0.224921699
  52     1      50               0      6.91139349        6.548338      6.78790417      48.5147897     0.269932547     0.224921699
          wgpu 1d 177g 212c x3w 4ms | egraph 53g->66v+0snap 17ms | graft 19 (-114n, 0 snap) cpu 0 | f64 20 | gen 0.2s
  53     0     100               0      6.91139349        6.548338      6.78790417      48.5147897     0.269932547     0.224921699
  53     1      50               0      6.91139349        6.548338      6.78790417      48.5147897     0.269932547     0.224921699
          wgpu 1d 175g 220c x3w 4ms | egraph 53g->74v+0snap 18ms | graft 23 (-116n, 0 snap) cpu 0 | f64 20 | gen 0.5s | dropped inexpr 1 oversz 0 unbuild 0 {}
  54     0     100               0      6.91139349        6.548338      6.78790417      48.5147897     0.269932547     0.224921699
  54     1      50               0      2.43962902      2.22151168      4.78776369      20.0111018    0.0952825615    0.0763042748
          wgpu 1d 162g 204c x3w 4ms | egraph 50g->58v+0snap 17ms | graft 12 (-45n, 0 snap) cpu 0 | f64 20 | gen 0.2s | dropped inexpr 2 oversz 0 unbuild 0 {}
  55     0     100               0      6.91139349        6.548338      6.78790417      48.5147897     0.269932547     0.224921699
  55     1      50               0      2.43962902      2.22151168      4.78776369      20.0111018    0.0952825615    0.0763042748
          wgpu 1d 181g 223c x3w 4ms | egraph 44g->77v+0snap 14ms | graft 12 (-191n, 0 snap) cpu 0 | f64 20 | gen 0.6s | dropped inexpr 3 oversz 0 unbuild 0 {}
  56     0     100               0      6.91139349        6.548338      6.78790417      48.5147897     0.269932547     0.224921699
  56     1      50               0      2.43962902      2.22151168      4.78776369      20.0111018    0.0952825615    0.0763042748
          wgpu 1d 178g 217c x3w 4ms | egraph 56g->71v+0snap 17ms | graft 11 (-94n, 0 snap) cpu 0 | f64 20 | gen 0.2s | dropped inexpr 3 oversz 0 unbuild 0 {}
  57     0     100               0      6.91139349        6.548338      6.78790417      48.5147897     0.269932547     0.224921699
  57     1      50               0      2.43962902      2.22151168      4.78776369      20.0111018    0.0952825615    0.0763042748
          wgpu 1d 257g 288c x3w 5ms | egraph 71g->142v+0snap 32ms | graft 26 (-208n, 0 snap) cpu 0 | f64 20 | gen 0.6s
  58     0     100               0      2.15129883      2.20324925      4.88221046      18.5554312    0.0840214892    0.0756769988
  58     1      50               0      2.43962902      2.22151168      4.78776369      20.0111018    0.0952825615    0.0763042748
          wgpu 1d 237g 259c x3w 6ms | egraph 66g->113v+0snap 34ms | graft 21 (-145n, 0 snap) cpu 0 | f64 20 | gen 0.9s | dropped inexpr 1 oversz 0 unbuild 0 {}
  59     0     100               0      2.15129883      2.20324925      4.88221046      18.5554312    0.0840214892    0.0756769988
  59     1      50               0      2.33135168      2.18277167       4.5253764      18.6713134    0.0910536632    0.0749736368
          wgpu 1d 339g 342c x3w 11ms | egraph 105g->196v+0snap 42ms | graft 36 (-325n, 0 snap) cpu 0 | f64 20 | gen 1.4s | dropped inexpr 7 oversz 0 unbuild 0 {}
  60     0     100               0      2.15129883      2.20324925      4.88221046      18.5554312    0.0840214892    0.0756769988
  60     1      50               0      2.33135168      2.18277167       4.5253764      18.6713134    0.0910536632    0.0749736368
          wgpu 1d 332g 348c x3w 9ms | egraph 106g->202v+0snap 40ms | graft 29 (-266n, 0 snap) cpu 0 | f64 20 | gen 1.3s | dropped inexpr 7 oversz 0 unbuild 0 {}
--------- pump migration: intra (promote-2 + intake-reset) + cross ---------
  61     0     100               0      2.15129883      2.20324925      4.88221046      18.5554312    0.0840214892    0.0756769988
  61     1      50               0      2.15129883      2.20324925      4.88221046      18.5554312    0.0840214892    0.0756769988
          wgpu 2d 560g 523c x3w 16ms | egraph 177g->297v+0snap 51ms | graft 43 (-353n, 0 snap) cpu 0 | f64 30 | gen 3.5s | dropped inexpr 9 oversz 0 unbuild 0 {}
  62     0     100               0      2.15129883      2.20324925      4.88221046      18.5554312    0.0840214892    0.0756769988
  62     1      50               0      2.15129883      2.20324925      4.88221046      18.5554312    0.0840214892    0.0756769988
          wgpu 1d 343g 371c x3w 10ms | egraph 102g->225v+0snap 41ms | graft 49 (-368n, 0 snap) cpu 0 | f64 20 | gen 1.6s | dropped inexpr 7 oversz 0 unbuild 0 {}
  63     0     100               0      2.15129883      2.20324925      4.88221046      18.5554312    0.0840214892    0.0756769988
  63     1      50               0      2.05116597      2.14235959       4.7271245      17.4438726    0.0801106833    0.0735855662
          wgpu 1d 409g 419c x3w 13ms | egraph 117g->273v+0snap 58ms | graft 58 (-463n, 0 snap) cpu 0 | f64 20 | gen 2.0s | dropped inexpr 11 oversz 0 unbuild 0 {}
  64     0     100               0      2.15129883      2.20324925      4.88221046      18.5554312    0.0840214892    0.0756769988
  64     1      50               0      2.05116597      2.14235959       4.7271245      17.4438726    0.0801106833    0.0735855662
          wgpu 1d 352g 371c x3w 11ms | egraph 106g->225v+0snap 41ms | graft 50 (-367n, 0 snap) cpu 0 | f64 20 | gen 1.5s | dropped inexpr 5 oversz 0 unbuild 0 {}
  65     0     100               0      2.15129883      2.20324925      4.88221046      18.5554312    0.0840214892    0.0756769988
  65     1      50               0      2.05116597      2.14235959       4.7271245      17.4438726    0.0801106833    0.0735855662
          wgpu 1d 370g 406c x3w 8ms | egraph 94g->260v+0snap 46ms | graft 57 (-473n, 0 snap) cpu 0 | f64 20 | gen 0.6s | dropped inexpr 4 oversz 0 unbuild 0 {}
  66     0     100               0      2.15129883      2.20324925      4.88221046      18.5554312    0.0840214892    0.0756769988
  66     1      50               0      2.05116597      2.14235959       4.7271245      17.4438726    0.0801106833    0.0735855662
          wgpu 1d 339g 354c x3w 11ms | egraph 90g->208v+0snap 38ms | graft 39 (-311n, 0 snap) cpu 0 | f64 20 | gen 1.9s | dropped inexpr 2 oversz 0 unbuild 0 {}
  67     0     100               0      2.15129883      2.20324925      4.88221046      18.5554312    0.0840214892    0.0756769988
  67     1      50               0      2.05116597      2.14235959       4.7271245      17.4438726    0.0801106833    0.0735855662
          wgpu 1d 339g 361c x3w 10ms | egraph 105g->215v+0snap 36ms | graft 40 (-201n, 0 snap) cpu 0 | f64 20 | gen 1.4s | dropped inexpr 2 oversz 0 unbuild 0 {}
  68     0     100               0      2.15129883      2.20324925      4.88221046      18.5554312    0.0840214892    0.0756769988
  68     1      50               0      2.05116597      2.14235959       4.7271245      17.4438726    0.0801106833    0.0735855662
          wgpu 1d 363g 374c x3w 19ms | egraph 95g->228v+0snap 32ms | graft 45 (-426n, 0 snap) cpu 0 | f64 20 | gen 1.7s | dropped inexpr 3 oversz 0 unbuild 0 {}
  69     0     100               0      2.15129883      2.20324925      4.88221046      18.5554312    0.0840214892    0.0756769988
  69     1      50               0      2.05116597      2.14235959       4.7271245      17.4438726    0.0801106833    0.0735855662
          wgpu 1d 310g 356c x3w 10ms | egraph 81g->210v+0snap 38ms | graft 45 (-298n, 0 snap) cpu 0 | f64 20 | gen 2.2s | dropped inexpr 5 oversz 0 unbuild 0 {}
  70     0     100               0      2.15129883      2.20324925      4.88221046      18.5554312    0.0840214892    0.0756769988
  70     1      50               0      2.05116597      2.14235959       4.7271245      17.4438726    0.0801106833    0.0735855662
          wgpu 1d 367g 385c x3w 10ms | egraph 91g->239v+0snap 40ms | graft 58 (-513n, 0 snap) cpu 0 | f64 20 | gen 1.1s | dropped inexpr 5 oversz 0 unbuild 0 {}
--------- pump migration: intra (promote-2 + intake-reset) ---------
  71     0     100               0      2.15129883      2.20324925      4.88221046      18.5554312    0.0840214892    0.0756769988
  71     1      50               0      2.15129883      2.20324925      4.88221046      18.5554312    0.0840214892    0.0756769988
          wgpu 2d 498g 473c x3w 12ms | egraph 175g->247v+0snap 64ms | graft 45 (-346n, 0 snap) cpu 0 | f64 30 | gen 1.6s | dropped inexpr 7 oversz 0 unbuild 0 {}
  72     0     100               0      2.15129883      2.20324925      4.88221046      18.5554312    0.0840214892    0.0756769988
  72     1      50               0      2.15129883      2.20324925      4.88221046      18.5554312    0.0840214892    0.0756769988
          wgpu 1d 339g 387c x3w 11ms | egraph 75g->241v+0snap 33ms | graft 50 (-364n, 0 snap) cpu 0 | f64 20 | gen 1.6s | dropped inexpr 7 oversz 0 unbuild 0 {}
  73     0     100               0      2.15129883      2.20324925      4.88221046      18.5554312    0.0840214892    0.0756769988
  73     1      50               0      2.05116597      2.14235959       4.7271245      17.4438726    0.0801106833    0.0735855662
          wgpu 1d 339g 355c x3w 10ms | egraph 93g->209v+0snap 30ms | graft 43 (-262n, 0 snap) cpu 0 | f64 20 | gen 1.8s | dropped inexpr 9 oversz 0 unbuild 0 {}
  74     0     100               0      2.15129883      2.20324925      4.88221046      18.5554312    0.0840214892    0.0756769988
  74     1      50               0      2.05116597      2.14235959       4.7271245      17.4438726    0.0801106833    0.0735855662
          wgpu 1d 351g 359c x3w 7ms | egraph 85g->213v+0snap 42ms | graft 46 (-345n, 0 snap) cpu 0 | f64 20 | gen 1.1s | dropped inexpr 7 oversz 0 unbuild 0 {}
  75     0     100               0      2.15129883      2.20324925      4.88221046      18.5554312    0.0840214892    0.0756769988
  75     1      50               0      2.05116597      2.14235959       4.7271245      17.4438726    0.0801106833    0.0735855662
          wgpu 1d 343g 362c x3w 9ms | egraph 87g->216v+0snap 38ms | graft 52 (-380n, 0 snap) cpu 0 | f64 20 | gen 2.2s | dropped inexpr 7 oversz 0 unbuild 0 {}
  76     0     100               0      2.15129883      2.20324925      4.88221046      18.5554312    0.0840214892    0.0756769988
  76     1      50               0      2.05116597      2.14235959       4.7271245      17.4438726    0.0801106833    0.0735855662
          wgpu 1d 351g 379c x3w 14ms | egraph 83g->233v+0snap 40ms | graft 44 (-305n, 0 snap) cpu 0 | f64 20 | gen 1.4s | dropped inexpr 6 oversz 0 unbuild 0 {}
  77     0     100               0      2.15129883      2.20324925      4.88221046      18.5554312    0.0840214892    0.0756769988
  77     1      50               0      2.05116597      2.14235959       4.7271245      17.4438726    0.0801106833    0.0735855662
          wgpu 1d 329g 358c x3w 7ms | egraph 91g->212v+0snap 39ms | graft 43 (-325n, 0 snap) cpu 0 | f64 20 | gen 1.0s | dropped inexpr 6 oversz 0 unbuild 0 {}
  78     0     100               0      2.15129883      2.20324925      4.88221046      18.5554312    0.0840214892    0.0756769988
  78     1      50               0      2.05116597      2.14235959       4.7271245      17.4438726    0.0801106833    0.0735855662
          wgpu 1d 344g 369c x3w 7ms | egraph 79g->223v+0snap 31ms | graft 56 (-399n, 0 snap) cpu 0 | f64 20 | gen 0.5s | dropped inexpr 6 oversz 0 unbuild 0 {}
  79     0     100               0      2.15129883      2.20324925      4.88221046      18.5554312    0.0840214892    0.0756769988
  79     1      50               0      2.05116597      2.14235959       4.7271245      17.4438726    0.0801106833    0.0735855662
          wgpu 1d 340g 357c x3w 9ms | egraph 70g->211v+0snap 29ms | graft 31 (-200n, 0 snap) cpu 0 | f64 20 | gen 1.7s | dropped inexpr 7 oversz 0 unbuild 0 {}
  80     0     100               0      2.15129883      2.20324925      4.88221046      18.5554312    0.0840214892    0.0756769988
  80     1      50               0      2.05116597      2.14235959       4.7271245      17.4438726    0.0801106833    0.0735855662
          wgpu 1d 376g 389c x3w 9ms | egraph 81g->243v+0snap 32ms | graft 44 (-317n, 0 snap) cpu 0 | f64 20 | gen 1.4s | dropped inexpr 9 oversz 0 unbuild 0 {}
--------- pump migration: intra (promote-2 + intake-reset) ---------
  81     0     100               0      2.15129883      2.20324925      4.88221046      18.5554312    0.0840214892    0.0756769988
  81     1      50               0      2.05116597      2.14235959       4.7271245      17.4438726    0.0801106833    0.0735855662
          wgpu 2d 456g 463c x3w 11ms | egraph 148g->237v+0snap 38ms | graft 54 (-361n, 0 snap) cpu 0 | f64 30 | gen 1.5s | dropped inexpr 4 oversz 0 unbuild 0 {}
  82     0     100               0      2.15129883      2.20324925      4.88221046      18.5554312    0.0840214892    0.0756769988
  82     1      50               0      2.05116597      2.14235959       4.7271245      17.4438726    0.0801106833    0.0735855662
          wgpu 1d 352g 369c x3w 7ms | egraph 72g->223v+0snap 30ms | graft 42 (-369n, 0 snap) cpu 0 | f64 20 | gen 0.9s | dropped inexpr 8 oversz 0 unbuild 0 {}
  83     0     100               0      2.15129883      2.20324925      4.88221046      18.5554312    0.0840214892    0.0756769988
  83     1      50               0      2.05116597      2.14235959       4.7271245      17.4438726    0.0801106833    0.0735855662
          wgpu 1d 336g 355c x3w 9ms | egraph 78g->209v+0snap 34ms | graft 30 (-216n, 0 snap) cpu 0 | f64 20 | gen 2.6s | dropped inexpr 6 oversz 0 unbuild 0 {}
  84     0     100               0      2.15129883      2.20324925      4.88221046      18.5554312    0.0840214892    0.0756769988
  84     1      50               0      2.05116597      2.14235959       4.7271245      17.4438726    0.0801106833    0.0735855662
          wgpu 1d 295g 328c x3w 7ms | egraph 61g->182v+0snap 24ms | graft 40 (-322n, 0 snap) cpu 0 | f64 20 | gen 1.0s | dropped inexpr 1 oversz 0 unbuild 0 {}
  85     0     100               0      2.15129883      2.20324925      4.88221046      18.5554312    0.0840214892    0.0756769988
  85     1      50               0      2.05116597      2.14235959       4.7271245      17.4438726    0.0801106833    0.0735855662
          wgpu 1d 377g 385c x3w 9ms | egraph 81g->239v+0snap 30ms | graft 51 (-400n, 0 snap) cpu 0 | f64 20 | gen 2.1s | dropped inexpr 8 oversz 0 unbuild 0 {}
  86     0     100               0      2.15129883      2.20324925      4.88221046      18.5554312    0.0840214892    0.0756769988
  86     1      50               0      2.05116597      2.14235959       4.7271245      17.4438726    0.0801106833    0.0735855662
          wgpu 1d 391g 387c x3w 11ms | egraph 89g->241v+0snap 33ms | graft 45 (-400n, 0 snap) cpu 0 | f64 20 | gen 2.6s | dropped inexpr 6 oversz 0 unbuild 0 {}
  87     0     100               0      2.15129883      2.20324925      4.88221046      18.5554312    0.0840214892    0.0756769988
  87     1      50               0      2.05116597      2.14235959       4.7271245      17.4438726    0.0801106833    0.0735855662
          wgpu 1d 343g 367c x3w 9ms | egraph 74g->221v+0snap 31ms | graft 44 (-308n, 0 snap) cpu 0 | f64 20 | gen 1.2s | dropped inexpr 4 oversz 0 unbuild 0 {}
  88     0     100               0      2.15129883      2.20324925      4.88221046      18.5554312    0.0840214892    0.0756769988
  88     1      50               0      2.05116597      2.14235959       4.7271245      17.4438726    0.0801106833    0.0735855662
          wgpu 1d 361g 363c x3w 7ms | egraph 80g->217v+0snap 31ms | graft 41 (-324n, 0 snap) cpu 0 | f64 20 | gen 1.0s | dropped inexpr 7 oversz 0 unbuild 0 {}
  89     0     100               0      2.15129883      2.20324925      4.88221046      18.5554312    0.0840214892    0.0756769988
  89     1      50               0      2.05116597      2.14235959       4.7271245      17.4438726    0.0801106833    0.0735855662
          wgpu 1d 353g 352c x3w 9ms | egraph 69g->206v+0snap 28ms | graft 42 (-374n, 0 snap) cpu 0 | f64 20 | gen 1.5s | dropped inexpr 4 oversz 0 unbuild 0 {}
  90     0     100               0      2.15129883      2.20324925      4.88221046      18.5554312    0.0840214892    0.0756769988
  90     1      50               0      2.05116597      2.14235959       4.7271245      17.4438726    0.0801106833    0.0735855662
          wgpu 1d 321g 356c x3w 9ms | egraph 69g->210v+0snap 29ms | graft 38 (-317n, 0 snap) cpu 0 | f64 20 | gen 1.5s | dropped inexpr 4 oversz 0 unbuild 0 {}
--------- pump migration: intra (promote-2 + intake-reset) + cross ---------
  91     0     100               0      2.15129883      2.20324925      4.88221046      18.5554312    0.0840214892    0.0756769988
  91     1      50               0      2.05116597      2.14235959       4.7271245      17.4438726    0.0801106833    0.0735855662
          wgpu 2d 442g 446c x3w 11ms | egraph 135g->220v+0snap 48ms | graft 41 (-223n, 0 snap) cpu 0 | f64 30 | gen 1.5s | dropped inexpr 7 oversz 0 unbuild 0 {}
  92     0     100               0      2.15129883      2.20324925      4.88221046      18.5554312    0.0840214892    0.0756769988
  92     1      50               0      2.05116597      2.14235959       4.7271245      17.4438726    0.0801106833    0.0735855662
          wgpu 1d 268g 292c x3w 7ms | egraph 62g->146v+0snap 23ms | graft 32 (-162n, 0 snap) cpu 0 | f64 20 | gen 0.7s | dropped inexpr 3 oversz 0 unbuild 0 {}
  93     0     100               0      2.12371924      2.46171516      5.26243218        17.94628     0.082944336    0.0845547615
  93     1      50               0      2.05116597      2.14235959       4.7271245      17.4438726    0.0801106833    0.0735855662
          wgpu 1d 287g 317c x3w 6ms | egraph 84g->171v+0snap 27ms | graft 32 (-313n, 0 snap) cpu 0 | f64 20 | gen 0.9s | dropped inexpr 3 oversz 0 unbuild 0 {}
  94     0     100               0      5.40208823      5.51969567      6.85904122      43.2876846     0.210984867     0.189589989
  94     1      50               0      2.05116597      2.14235959       4.7271245      17.4438726    0.0801106833    0.0735855662
          wgpu 1d 271g 321c x3w 6ms | egraph 68g->175v+0snap 23ms | graft 32 (-221n, 0 snap) cpu 0 | f64 20 | gen 0.9s | dropped inexpr 3 oversz 0 unbuild 0 {}
  95     0     100               0      5.40208823      5.51969567      6.85904122      43.2876846     0.210984867     0.189589989
  95     1      50               0      2.05116597      2.14235959       4.7271245      17.4438726    0.0801106833    0.0735855662
          wgpu 1d 172g 235c x3w 4ms | egraph 39g->89v+0snap 11ms | graft 15 (-55n, 0 snap) cpu 0 | f64 20 | gen 0.3s | dropped inexpr 1 oversz 0 unbuild 0 {}
  96     0     100               0      5.40208823      5.51969567      6.85904122      43.2876846     0.210984867     0.189589989
  96     1      50               0      2.05116597      2.14235959       4.7271245      17.4438726    0.0801106833    0.0735855662
          wgpu 1d 173g 229c x3w 3ms | egraph 49g->83v+0snap 19ms | graft 22 (-124n, 0 snap) cpu 0 | f64 20 | gen 0.8s | dropped inexpr 1 oversz 0 unbuild 0 {}
  97     0     100               0      5.40208823      5.51969567      6.85904122      43.2876846     0.210984867     0.189589989
  97     1      50               0      2.05116597      2.14235959       4.7271245      17.4438726    0.0801106833    0.0735855662
          wgpu 1d 155g 226c x3w 4ms | egraph 37g->80v+0snap 11ms | graft 20 (-90n, 0 snap) cpu 0 | f64 20 | gen 0.9s | dropped inexpr 1 oversz 0 unbuild 0 {}
  98     0     100               0      5.40208823      5.51969567      6.85904122      43.2876846     0.210984867     0.189589989
  98     1      50               0      2.05116597      2.14235959       4.7271245      17.4438726    0.0801106833    0.0735855662
          wgpu 1d 158g 213c x3w 4ms | egraph 36g->67v+0snap 8ms | graft 14 (-51n, 0 snap) cpu 0 | f64 20 | gen 0.3s | dropped inexpr 2 oversz 0 unbuild 0 {}
  99     0     100               0      5.40208823      5.51969567      6.85904122      43.2876846     0.210984867     0.189589989
  99     1      50               0      2.05116597      2.14235959       4.7271245      17.4438726    0.0801106833    0.0735855662
          wgpu 1d 132g 215c x3w 4ms | egraph 30g->69v+0snap 7ms | graft 15 (-50n, 0 snap) cpu 0 | f64 20 | gen 0.5s
 100     0     100               0      5.40208823      5.51969567      6.85904122      43.2876846     0.210984867     0.189589989
 100     1      50               0      2.05116597      2.14235959       4.7271245      17.4438726    0.0801106833    0.0735855662
          wgpu 1d 150g 219c x3w 4ms | egraph 30g->73v+0snap 9ms | graft 18 (-94n, 0 snap) cpu 0 | f64 20 | gen 0.4s | dropped inexpr 1 oversz 0 unbuild 0 {}
--------- pump migration: intra (promote-2 + intake-reset) ---------
 101     0     100               0      5.40208823      5.51969567      6.85904122      43.2876846     0.210984867     0.189589989
 101     1      50               0      2.05116597      2.14235959       4.7271245      17.4438726    0.0801106833    0.0735855662
          wgpu 2d 340g 354c x3w 8ms | egraph 116g->128v+0snap 31ms | graft 23 (-96n, 0 snap) cpu 0 | f64 30 | gen 0.1s | dropped inexpr 4 oversz 0 unbuild 0 {}
 102     0     100               0      2.20475839       2.0096879      4.20209697      15.3747082    0.0861094147    0.0690285714
 102     1      50               0      2.05116597      2.14235959       4.7271245      17.4438726    0.0801106833    0.0735855662
          wgpu 1d 166g 211c x3w 4ms | egraph 36g->65v+0snap 8ms | graft 15 (-69n, 0 snap) cpu 0 | f64 20 | gen 0.2s
 103     0     100               0      5.40208823      5.51969567      6.85904122      43.2876846     0.210984867     0.189589989
 103     1      50               0      2.05116597      2.14235959       4.7271245      17.4438726    0.0801106833    0.0735855662
          wgpu 1d 203g 231c x3w 4ms | egraph 62g->85v+0snap 12ms | graft 20 (-81n, 0 snap) cpu 0 | f64 20 | gen 0.4s
 104     0     100               0      2.20475839       2.0096879      4.20209697      15.3747082    0.0861094147    0.0690285714
 104     1      50               0      2.05116597      2.14235959       4.7271245      17.4438726    0.0801106833    0.0735855662
          wgpu 1d 202g 240c x3w 4ms | egraph 60g->94v+0snap 12ms | graft 21 (-78n, 0 snap) cpu 0 | f64 20 | gen 0.5s
 105     0     100               0      2.20475839       2.0096879      4.20209697      15.3747082    0.0861094147    0.0690285714
 105     1      50               0      2.05116597      2.14235959       4.7271245      17.4438726    0.0801106833    0.0735855662
          wgpu 1d 234g 250c x3w 5ms | egraph 63g->104v+0snap 12ms | graft 18 (-68n, 0 snap) cpu 0 | f64 20 | gen 0.3s
 106     0     100               0      2.20475839       2.0096879      4.20209697      15.3747082    0.0861094147    0.0690285714
 106     1      50               0      2.05116597      2.14235959       4.7271245      17.4438726    0.0801106833    0.0735855662
          wgpu 1d 235g 253c x3w 4ms | egraph 69g->107v+0snap 13ms | graft 25 (-107n, 0 snap) cpu 0 | f64 20 | gen 0.6s
 107     0     100               0      2.20475839       2.0096879      4.20209697      15.3747082    0.0861094147    0.0690285714
 107     1      50               0      2.05116597      2.14235959       4.7271245      17.4438726    0.0801106833    0.0735855662
          wgpu 1d 228g 224c x3w 4ms | egraph 65g->78v+0snap 12ms | graft 16 (-54n, 0 snap) cpu 0 | f64 20 | gen 0.3s
 108     0     100               0      2.20475839       2.0096879      4.20209697      15.3747082    0.0861094147    0.0690285714
 108     1      50               0      2.05116597      2.14235959       4.7271245      17.4438726    0.0801106833    0.0735855662
          wgpu 1d 238g 245c x3w 4ms | egraph 60g->99v+0snap 13ms | graft 19 (-69n, 0 snap) cpu 0 | f64 20 | gen 0.3s | dropped inexpr 1 oversz 0 unbuild 0 {}
 109     0     100               0      2.20475839       2.0096879      4.20209697      15.3747082    0.0861094147    0.0690285714
 109     1      50               0      2.05116597      2.14235959       4.7271245      17.4438726    0.0801106833    0.0735855662
          wgpu 1d 204g 226c x3w 4ms | egraph 56g->80v+0snap 10ms | graft 18 (-61n, 0 snap) cpu 0 | f64 20 | gen 0.5s | dropped inexpr 1 oversz 0 unbuild 0 {}
 110     0     100               0      2.20475839       2.0096879      4.20209697      15.3747082    0.0861094147    0.0690285714
 110     1      50               0      2.05116597      2.14235959       4.7271245      17.4438726    0.0801106833    0.0735855662
          wgpu 1d 231g 231c x3w 4ms | egraph 56g->85v+0snap 15ms | graft 14 (-76n, 0 snap) cpu 0 | f64 20 | gen 0.3s | dropped inexpr 1 oversz 0 unbuild 0 {}
--------- pump migration: intra (promote-2 + intake-reset) ---------
 111     0     100               0      2.20475839       2.0096879      4.20209697      15.3747082    0.0861094147    0.0690285714
 111     1      50               0      2.05116597      2.14235959       4.7271245      17.4438726    0.0801106833    0.0735855662
          wgpu 2d 431g 388c x3w 8ms | egraph 133g->162v+0snap 26ms | graft 35 (-146n, 0 snap) cpu 0 | f64 30 | gen 0.3s | dropped inexpr 3 oversz 0 unbuild 0 {}
 112     0     100               0      2.20475839       2.0096879      4.20209697      15.3747082    0.0861094147    0.0690285714
 112     1      50               0      2.05116597      2.14235959       4.7271245      17.4438726    0.0801106833    0.0735855662
          wgpu 1d 200g 222c x3w 4ms | egraph 48g->76v+0snap 10ms | graft 18 (-58n, 0 snap) cpu 0 | f64 20 | gen 0.4s
 113     0     100               0      2.20475839       2.0096879      4.20209697      15.3747082    0.0861094147    0.0690285714
 113     1      50               0      2.05116597      2.14235959       4.7271245      17.4438726    0.0801106833    0.0735855662
          wgpu 1d 191g 219c x3w 4ms | egraph 44g->73v+0snap 9ms | graft 12 (-58n, 0 snap) cpu 0 | f64 20 | gen 0.4s
 114     0     100               0      2.20475839       2.0096879      4.20209697      15.3747082    0.0861094147    0.0690285714
 114     1      50               0      2.05116597      2.14235959       4.7271245      17.4438726    0.0801106833    0.0735855662
          wgpu 1d 185g 208c x3w 4ms | egraph 46g->62v+0snap 21ms | graft 14 (-58n, 0 snap) cpu 0 | f64 20 | gen 0.3s | dropped inexpr 1 oversz 0 unbuild 0 {}
 115     0     100               0      2.20475839       2.0096879      4.20209697      15.3747082    0.0861094147    0.0690285714
 115     1      50               0      2.05116597      2.14235959       4.7271245      17.4438726    0.0801106833    0.0735855662
          wgpu 1d 200g 226c x3w 4ms | egraph 38g->80v+0snap 8ms | graft 19 (-62n, 0 snap) cpu 0 | f64 20 | gen 0.4s
 116     0     100               0      2.20475839       2.0096879      4.20209697      15.3747082    0.0861094147    0.0690285714
 116     1      50               0      2.05116597      2.14235959       4.7271245      17.4438726    0.0801106833    0.0735855662
          wgpu 1d 230g 243c x3w 4ms | egraph 51g->97v+0snap 10ms | graft 25 (-90n, 0 snap) cpu 0 | f64 20 | gen 0.4s | dropped inexpr 4 oversz 0 unbuild 0 {}
 117     0     100               0      2.20475839       2.0096879      4.20209697      15.3747082    0.0861094147    0.0690285714
 117     1      50               0      2.05116597      2.14235959       4.7271245      17.4438726    0.0801106833    0.0735855662
          wgpu 1d 224g 245c x3w 4ms | egraph 46g->99v+0snap 9ms | graft 9 (-56n, 0 snap) cpu 0 | f64 20 | gen 0.3s | dropped inexpr 1 oversz 0 unbuild 0 {}
 118     0     100               0      2.20475839       2.0096879      4.20209697      15.3747082    0.0861094147    0.0690285714
 118     1      50               0      2.05116597      2.14235959       4.7271245      17.4438726    0.0801106833    0.0735855662
          wgpu 1d 226g 237c x3w 4ms | egraph 60g->91v+0snap 12ms | graft 22 (-91n, 0 snap) cpu 0 | f64 20 | gen 0.4s | dropped inexpr 4 oversz 0 unbuild 0 {}
 119     0     100               0      2.20475839       2.0096879      4.20209697      15.3747082    0.0861094147    0.0690285714
 119     1      50               0      2.05116597      2.14235959       4.7271245      17.4438726    0.0801106833    0.0735855662
          wgpu 1d 199g 237c x3w 4ms | egraph 39g->91v+0snap 8ms | graft 20 (-70n, 0 snap) cpu 0 | f64 20 | gen 0.3s
 120     0     100               0      2.20475839       2.0096879      4.20209697      15.3747082    0.0861094147    0.0690285714
 120     1      50               0      2.05116597      2.14235959       4.7271245      17.4438726    0.0801106833    0.0735855662
          wgpu 1d 217g 251c x3w 4ms | egraph 36g->105v+0snap 9ms | graft 15 (-54n, 0 snap) cpu 0 | f64 20 | gen 0.7s
--------- pump migration: intra (promote-2 + intake-reset) + cross ---------
 121     0     100               0      2.20475839       2.0096879      4.20209697      15.3747082    0.0861094147    0.0690285714
 121     1      50               0      2.05116597      2.14235959       4.7271245      17.4438726    0.0801106833    0.0735855662
          wgpu 2d 407g 370c x3w 8ms | egraph 127g->144v+0snap 29ms | graft 28 (-137n, 0 snap) cpu 0 | f64 30 | gen 0.3s
 122     0     100               0      2.20475839       2.0096879      4.20209697      15.3747082    0.0861094147    0.0690285714
 122     1      50               0      2.05116597      2.14235959       4.7271245      17.4438726    0.0801106833    0.0735855662
          wgpu 1d 200g 229c x3w 4ms | egraph 37g->83v+0snap 8ms | graft 17 (-57n, 0 snap) cpu 0 | f64 20 | gen 0.4s | dropped inexpr 1 oversz 0 unbuild 0 {}
 123     0     100               0      2.20475839       2.0096879      4.20209697      15.3747082    0.0861094147    0.0690285714
 123     1      50               0      2.05116597      2.14235959       4.7271245      17.4438726    0.0801106833    0.0735855662
          wgpu 1d 224g 242c x3w 15ms | egraph 42g->96v+0snap 9ms | graft 22 (-67n, 0 snap) cpu 0 | f64 20 | gen 0.5s
 124     0     100               0      2.20475839       2.0096879      4.20209697      15.3747082    0.0861094147    0.0690285714
 124     1      50               0      2.05116597      2.14235959       4.7271245      17.4438726    0.0801106833    0.0735855662
          wgpu 1d 210g 222c x3w 4ms | egraph 34g->76v+0snap 7ms | graft 15 (-63n, 0 snap) cpu 0 | f64 20 | gen 0.6s
 125     0     100               0      2.20475839       2.0096879      4.20209697      15.3747082    0.0861094147    0.0690285714
 125     1      50               0      2.05116597      2.14235959       4.7271245      17.4438726    0.0801106833    0.0735855662
          wgpu 1d 214g 236c x3w 6ms | egraph 42g->90v+0snap 14ms | graft 18 (-67n, 0 snap) cpu 0 | f64 20 | gen 0.4s
 126     0     100               0      2.20475839       2.0096879      4.20209697      15.3747082    0.0861094147    0.0690285714
 126     1      50               0      2.05116597      2.14235959       4.7271245      17.4438726    0.0801106833    0.0735855662
          wgpu 1d 196g 229c x3w 4ms | egraph 37g->83v+0snap 14ms | graft 21 (-97n, 0 snap) cpu 0 | f64 20 | gen 0.4s
 127     0     100               0      2.20475839       2.0096879      4.20209697      15.3747082    0.0861094147    0.0690285714
 127     1      50               0      2.05116597      2.14235959       4.7271245      17.4438726    0.0801106833    0.0735855662
          wgpu 1d 198g 220c x3w 4ms | egraph 45g->74v+0snap 10ms | graft 19 (-68n, 0 snap) cpu 0 | f64 20 | gen 0.4s
 128     0     100               0      2.20475839       2.0096879      4.20209697      15.3747082    0.0861094147    0.0690285714
 128     1      50               0      2.05116597      2.14235959       4.7271245      17.4438726    0.0801106833    0.0735855662
          wgpu 1d 228g 239c x3w 4ms | egraph 44g->93v+0snap 9ms | graft 16 (-67n, 0 snap) cpu 0 | f64 20 | gen 0.3s
 129     0     100               0      2.20475839       2.0096879      4.20209697      15.3747082    0.0861094147    0.0690285714
 129     1      50               0      1.90109825      1.89293931       4.2291565      15.8692126    0.0742496131    0.0650185019
          wgpu 1d 192g 221c x3w 4ms | egraph 39g->75v+0snap 9ms | graft 10 (-34n, 0 snap) cpu 0 | f64 20 | gen 0.3s
 130     0     100               0      2.20475839       2.0096879      4.20209697      15.3747082    0.0861094147    0.0690285714
 130     1      50               0      1.90109825      1.89293931       4.2291565      15.8692126    0.0742496131    0.0650185019
          wgpu 1d 195g 213c x3w 4ms | egraph 54g->67v+0snap 11ms | graft 11 (-94n, 0 snap) cpu 0 | f64 20 | gen 0.5s
--------- pump migration: intra (promote-2 + intake-reset) ---------
 131     0     100               0      5.55734767      5.50451982      6.34751069      43.5918541     0.217048706     0.189068731
 131     1      50               0      1.90109825      1.89293931       4.2291565      15.8692126    0.0742496131    0.0650185019
          wgpu 2d 335g 382c x3w 7ms | egraph 124g->156v+0snap 32ms | graft 27 (-108n, 0 snap) cpu 0 | f64 30 | gen 0.4s | dropped inexpr 1 oversz 0 unbuild 0 {}
 132     0     100               0      5.55734767      5.50451982      6.34751069      43.5918541     0.217048706     0.189068731
 132     1      50               0      2.20475839       2.0096879      4.20209697      15.3747082    0.0861094147    0.0690285714
          wgpu 1d 150g 262c x3w 4ms | egraph 47g->116v+0snap 9ms | graft 9 (-27n, 0 snap) cpu 0 | f64 20 | gen 0.2s
 133     0     100               0      5.55734767      5.50451982      6.34751069      43.5918541     0.217048706     0.189068731
 133     1      50               0      1.90109825      1.89293931       4.2291565      15.8692126    0.0742496131    0.0650185019
          wgpu 1d 145g 319c x3w 4ms | egraph 40g->173v+0snap 8ms | graft 12 (-46n, 0 snap) cpu 0 | f64 20 | gen 0.2s | dropped inexpr 1 oversz 0 unbuild 0 {}
 134     0     100               0      5.55734767      5.50451982      6.34751069      43.5918541     0.217048706     0.189068731
 134     1      50               0      2.20475839       2.0096879      4.20209697      15.3747082    0.0861094147    0.0690285714
          wgpu 1d 166g 296c x3w 4ms | egraph 48g->150v+0snap 9ms | graft 6 (-16n, 0 snap) cpu 0 | f64 20 | gen 0.2s | dropped inexpr 1 oversz 0 unbuild 0 {}
 135     0     100               0      5.55734767      5.50451982      6.34751069      43.5918541     0.217048706     0.189068731
 135     1      50               0      2.20475839       2.0096879      4.20209697      15.3747082    0.0861094147    0.0690285714
          wgpu 1d 137g 308c x3w 4ms | egraph 28g->162v+0snap 7ms | graft 6 (-18n, 0 snap) cpu 0 | f64 20 | gen 0.2s
 136     0     100               0      5.55734767      5.50451982      6.34751069      43.5918541     0.217048706     0.189068731
 136     1      50               0      2.20475839       2.0096879      4.20209697      15.3747082    0.0861094147    0.0690285714
          wgpu 1d 156g 318c x3w 4ms | egraph 40g->172v+0snap 9ms | graft 13 (-55n, 0 snap) cpu 0 | f64 20 | gen 0.3s
 137     0     100               0      5.55734767      5.50451982      6.34751069      43.5918541     0.217048706     0.189068731
 137     1      50               0      2.20475839       2.0096879      4.20209697      15.3747082    0.0861094147    0.0690285714
          wgpu 1d 146g 325c x3w 4ms | egraph 43g->179v+0snap 17ms | graft 7 (-20n, 0 snap) cpu 0 | f64 20 | gen 0.2s
 138     0     100               0      2.18309092      2.43511997      5.16920278      18.6282843    0.0852631661    0.0836412722
 138     1      50               0      2.20475839       2.0096879      4.20209697      15.3747082    0.0861094147    0.0690285714
          wgpu 1d 179g 341c x3w 4ms | egraph 51g->195v+0snap 11ms | graft 12 (-35n, 0 snap) cpu 0 | f64 20 | gen 0.2s
 139     0     100               0      5.55734767      5.50451982      6.34751069      43.5918541     0.217048706     0.189068731
 139     1      50               0      2.20475839       2.0096879      4.20209697      15.3747082    0.0861094147    0.0690285714
          wgpu 1d 211g 331c x3w 4ms | egraph 58g->185v+0snap 20ms | graft 11 (-40n, 0 snap) cpu 0 | f64 20 | gen 0.4s | dropped inexpr 2 oversz 0 unbuild 0 {}
 140     0     100               0      5.55734767      5.50451982      6.34751069      43.5918541     0.217048706     0.189068731
 140     1      50               0      2.20475839       2.0096879      4.20209697      15.3747082    0.0861094147    0.0690285714
          wgpu 1d 203g 330c x3w 7ms | egraph 49g->184v+0snap 9ms | graft 16 (-58n, 0 snap) cpu 0 | f64 20 | gen 0.2s
--------- pump migration: intra (promote-2 + intake-reset) ---------
 141     0     100               0      2.18309092      2.43511997      5.16920278      18.6282843    0.0852631661    0.0836412722
 141     1      50               0      2.18309092      2.43511997      5.16920278      18.6282843    0.0852631661    0.0836412722
          wgpu 2d 363g 519c x3w 8ms | egraph 119g->293v+0snap 24ms | graft 19 (-98n, 0 snap) cpu 0 | f64 30 | gen 0.4s | dropped inexpr 2 oversz 0 unbuild 0 {}
 142     0     100               0      2.18309092      2.43511997      5.16920278      18.6282843    0.0852631661    0.0836412722
 142     1      50               0      1.90109825      1.89293931       4.2291565      15.8692126    0.0742496131    0.0650185019
          wgpu 1d 252g 378c x3w 5ms | egraph 86g->232v+0snap 16ms | graft 8 (-38n, 0 snap) cpu 0 | f64 20 | gen 0.3s | dropped inexpr 1 oversz 0 unbuild 0 {}
 143     0     100               0      2.18309092      2.43511997      5.16920278      18.6282843    0.0852631661    0.0836412722
 143     1      50               0      1.90109825      1.89293931       4.2291565      15.8692126    0.0742496131    0.0650185019
          wgpu 1d 238g 322c x3w 4ms | egraph 80g->176v+0snap 15ms | graft 13 (-45n, 0 snap) cpu 0 | f64 20 | gen 0.3s | dropped inexpr 2 oversz 0 unbuild 0 {}
 144     0     100               0      2.18309092      2.43511997      5.16920278      18.6282843    0.0852631661    0.0836412722
 144     1      50               0      1.90109825      1.89293931       4.2291565      15.8692126    0.0742496131    0.0650185019
          wgpu 1d 223g 316c x3w 4ms | egraph 75g->170v+0snap 16ms | graft 15 (-38n, 0 snap) cpu 0 | f64 20 | gen 0.3s
 145     0     100               0      2.18309092      2.43511997      5.16920278      18.6282843    0.0852631661    0.0836412722
 145     1      50               0      1.90109825      1.89293931       4.2291565      15.8692126    0.0742496131    0.0650185019
          wgpu 1d 211g 321c x3w 4ms | egraph 57g->175v+0snap 12ms | graft 8 (-22n, 0 snap) cpu 0 | f64 20 | gen 0.2s | dropped inexpr 1 oversz 0 unbuild 0 {}
 146     0     100               0      2.18309092      2.43511997      5.16920278      18.6282843    0.0852631661    0.0836412722
 146     1      50               0      1.90109825      1.89293931       4.2291565      15.8692126    0.0742496131    0.0650185019
          wgpu 1d 253g 344c x3w 5ms | egraph 55g->198v+0snap 12ms | graft 7 (-29n, 0 snap) cpu 0 | f64 20 | gen 0.4s
 147     0     100               0      2.18309092      2.43511997      5.16920278      18.6282843    0.0852631661    0.0836412722
 147     1      50               0      1.90109825      1.89293931       4.2291565      15.8692126    0.0742496131    0.0650185019
          wgpu 1d 253g 323c x3w 7ms | egraph 71g->177v+0snap 13ms | graft 10 (-26n, 0 snap) cpu 0 | f64 20 | gen 0.3s
 148     0     100               0      2.18309092      2.43511997      5.16920278      18.6282843    0.0852631661    0.0836412722
 148     1      50               0      1.90109825      1.89293931       4.2291565      15.8692126    0.0742496131    0.0650185019
          wgpu 1d 222g 327c x3w 4ms | egraph 54g->180v+0snap 15ms | graft 10 (-32n, 0 snap) cpu 0 | f64 20 | gen 0.3s
 149     0     100               0      2.18309092      2.43511997      5.16920278      18.6282843    0.0852631661    0.0836412722
 149     1      50               0      1.90109825      1.89293931       4.2291565      15.8692126    0.0742496131    0.0650185019
          wgpu 1d 226g 319c x3w 4ms | egraph 53g->173v+0snap 11ms | graft 12 (-37n, 0 snap) cpu 0 | f64 20 | gen 0.2s | dropped inexpr 1 oversz 0 unbuild 0 {}
 150     0     100               0      2.18309092      2.43511997      5.16920278      18.6282843    0.0852631661    0.0836412722
 150     1      50               0      1.90109825      1.89293931       4.2291565      15.8692126    0.0742496131    0.0650185019
          wgpu 1d 211g 338c x3w 5ms | egraph 39g->192v+0snap 8ms | graft 13 (-48n, 0 snap) cpu 0 | f64 20 | gen 0.4s
--------- pump migration: intra (promote-2 + intake-reset) + cross ---------
 151     0     100               0      2.18309092      2.43511997      5.16920278      18.6282843    0.0852631661    0.0836412722
 151     1      50               0      1.90109825      1.89293931       4.2291565      15.8692126    0.0742496131    0.0650185019
          wgpu 2d 356g 373c x3w 8ms | egraph 119g->147v+0snap 38ms | graft 17 (-60n, 0 snap) cpu 0 | f64 30 | gen 0.3s | dropped inexpr 1 oversz 0 unbuild 0 {}
 152     0     100               0      2.18309092      2.43511997      5.16920278      18.6282843    0.0852631661    0.0836412722
 152     1      50               0      1.90109825      1.89293931       4.2291565      15.8692126    0.0742496131    0.0650185019
          wgpu 1d 190g 281c x3w 13ms | egraph 43g->135v+0snap 8ms | graft 3 (-13n, 0 snap) cpu 0 | f64 20 | gen 0.2s
 153     0     100               0      2.18309092      2.43511997      5.16920278      18.6282843    0.0852631661    0.0836412722
 153     1      50               0      1.90109825      1.89293931       4.2291565      15.8692126    0.0742496131    0.0650185019
          wgpu 1d 228g 320c x3w 4ms | egraph 61g->174v+0snap 12ms | graft 14 (-39n, 0 snap) cpu 0 | f64 20 | gen 0.4s
 154     0     100               0      2.18309092      2.43511997      5.16920278      18.6282843    0.0852631661    0.0836412722
 154     1      50               0      1.90109825      1.89293931       4.2291565      15.8692126    0.0742496131    0.0650185019
          wgpu 1d 244g 334c x3w 10ms | egraph 49g->188v+0snap 10ms | graft 14 (-47n, 0 snap) cpu 0 | f64 20 | gen 0.3s
 155     0     100               0      2.18309092      2.43511997      5.16920278      18.6282843    0.0852631661    0.0836412722
 155     1      50               0      1.90109825      1.89293931       4.2291565      15.8692126    0.0742496131    0.0650185019
          wgpu 1d 224g 333c x3w 4ms | egraph 50g->187v+0snap 12ms | graft 11 (-42n, 0 snap) cpu 0 | f64 20 | gen 0.4s | dropped inexpr 1 oversz 0 unbuild 0 {}
 156     0     100               0      2.18309092      2.43511997      5.16920278      18.6282843    0.0852631661    0.0836412722
 156     1      50               0      1.90109825      1.89293931       4.2291565      15.8692126    0.0742496131    0.0650185019
          wgpu 1d 224g 357c x3w 4ms | egraph 48g->211v+0snap 11ms | graft 20 (-75n, 0 snap) cpu 0 | f64 20 | gen 0.3s
 157     0     100               0      2.18309092      2.43511997      5.16920278      18.6282843    0.0852631661    0.0836412722
 157     1      50               0      1.90109825      1.89293931       4.2291565      15.8692126    0.0742496131    0.0650185019
          wgpu 1d 219g 336c x3w 5ms | egraph 49g->190v+0snap 10ms | graft 13 (-39n, 0 snap) cpu 0 | f64 20 | gen 0.3s | dropped inexpr 2 oversz 0 unbuild 0 {}
 158     0     100               0      2.18309092      2.43511997      5.16920278      18.6282843    0.0852631661    0.0836412722
 158     1      50               0      1.90109825      1.89293931       4.2291565      15.8692126    0.0742496131    0.0650185019
          wgpu 1d 240g 339c x3w 5ms | egraph 52g->193v+0snap 10ms | graft 13 (-34n, 0 snap) cpu 0 | f64 20 | gen 0.3s
 159     0     100               0      2.18309092      2.43511997      5.16920278      18.6282843    0.0852631661    0.0836412722
 159     1      50               0      1.90109825      1.89293931       4.2291565      15.8692126    0.0742496131    0.0650185019
          wgpu 1d 224g 341c x3w 5ms | egraph 43g->195v+0snap 9ms | graft 10 (-27n, 0 snap) cpu 0 | f64 20 | gen 0.4s
 160     0     100               0      2.18309092      2.43511997      5.16920278      18.6282843    0.0852631661    0.0836412722
 160     1      50               0      1.90109825      1.89293931       4.2291565      15.8692126    0.0742496131    0.0650185019
          wgpu 1d 237g 320c x3w 4ms | egraph 51g->174v+0snap 13ms | graft 9 (-31n, 0 snap) cpu 0 | f64 20 | gen 0.3s
--------- pump migration: intra (promote-2 + intake-reset) ---------
 161     0     100               0      2.18309092      2.43511997      5.16920278      18.6282843    0.0852631661    0.0836412722
 161     1      50               0       1.9010984      1.89293916      4.22915738      15.8692111    0.0742496189    0.0650184967
          wgpu 2d 425g 481c x3w 9ms | egraph 141g->255v+0snap 34ms | graft 18 (-82n, 0 snap) cpu 0 | f64 30 | gen 0.3s | dropped inexpr 5 oversz 0 unbuild 0 {}
 162     0     100               0      2.03725477      2.26104718      5.10620619      17.2687531     0.079567365    0.0776622365
 162     1      50               0      1.90109825      1.89293931       4.2291565      15.8692126    0.0742496131    0.0650185019
          wgpu 1d 203g 292c x3w 4ms | egraph 42g->146v+0snap 8ms | graft 11 (-33n, 0 snap) cpu 0 | f64 20 | gen 0.2s | dropped inexpr 2 oversz 0 unbuild 0 {}
 163     0     100               0      2.03725477      2.26104718      5.10620619      17.2687531     0.079567365    0.0776622365
 163     1      50               0       1.9010984      1.89293916      4.22915738      15.8692111    0.0742496189    0.0650184967
          wgpu 1d 184g 262c x3w 4ms | egraph 49g->116v+0snap 15ms | graft 10 (-47n, 0 snap) cpu 0 | f64 20 | gen 0.3s
 164     0     100               0      2.03725477      2.26104718      5.10620619      17.2687531     0.079567365    0.0776622365
 164     1      50               0       1.9010984      1.89293916      4.22915738      15.8692111    0.0742496189    0.0650184967
          wgpu 1d 207g 292c x3w 4ms | egraph 56g->146v+0snap 11ms | graft 12 (-36n, 0 snap) cpu 0 | f64 20 | gen 0.2s | dropped inexpr 3 oversz 0 unbuild 0 {}
 165     0     100               0      2.03725477      2.26104718      5.10620619      17.2687531     0.079567365    0.0776622365
 165     1      50               0      1.90109825      1.89293931       4.2291565      15.8692126    0.0742496131    0.0650185019
          wgpu 1d 185g 272c x3w 4ms | egraph 40g->126v+0snap 11ms | graft 12 (-50n, 0 snap) cpu 0 | f64 20 | gen 0.4s | dropped inexpr 1 oversz 0 unbuild 0 {}
 166     0     100               0      2.03725477      2.26104718      5.10620619      17.2687531     0.079567365    0.0776622365
 166     1      50               0      1.90109825      1.89293931       4.2291565      15.8692126    0.0742496131    0.0650185019
          wgpu 1d 204g 276c x3w 5ms | egraph 45g->130v+0snap 10ms | graft 9 (-47n, 0 snap) cpu 0 | f64 20 | gen 0.3s | dropped inexpr 1 oversz 0 unbuild 0 {}
 167     0     100               0      2.03725477      2.26104718      5.10620619      17.2687531     0.079567365    0.0776622365
 167     1      50               0      1.90109825      1.89293931       4.2291565      15.8692126    0.0742496131    0.0650185019
          wgpu 1d 185g 278c x3w 4ms | egraph 42g->132v+0snap 9ms | graft 12 (-55n, 0 snap) cpu 0 | f64 20 | gen 0.3s | dropped inexpr 1 oversz 0 unbuild 0 {}
 168     0     100               0      2.03725477      2.26104718      5.10620619      17.2687531     0.079567365    0.0776622365
 168     1      50               0      1.90109825      1.89293931       4.2291565      15.8692126    0.0742496131    0.0650185019
          wgpu 1d 189g 281c x3w 4ms | egraph 39g->135v+0snap 8ms | graft 6 (-19n, 0 snap) cpu 0 | f64 20 | gen 0.3s
 169     0     100               0      2.03725492      2.26104707       5.1062065      17.2687516    0.0795673708    0.0776622326
 169     1      50               0      1.90109825      1.89293931       4.2291565      15.8692126    0.0742496131    0.0650185019
          wgpu 1d 175g 281c x3w 4ms | egraph 32g->135v+0snap 7ms | graft 14 (-48n, 0 snap) cpu 0 | f64 20 | gen 0.5s
 170     0     100               0      2.03725492      2.26104707       5.1062065      17.2687516    0.0795673708    0.0776622326
 170     1      50               0      1.90109825      1.89293931       4.2291565      15.8692126    0.0742496131    0.0650185019
          wgpu 1d 166g 261c x3w 4ms | egraph 29g->115v+0snap 6ms | graft 5 (-11n, 0 snap) cpu 0 | f64 20 | gen 0.3s
--------- pump migration: intra (promote-2 + intake-reset) ---------
 171     0     100               0      2.03725492      2.26104707       5.1062065      17.2687516    0.0795673708    0.0776622326
 171     1      50               0      1.90109825      1.89293931       4.2291565      15.8692126    0.0742496131    0.0650185019
          wgpu 2d 390g 442c x3w 8ms | egraph 115g->216v+0snap 31ms | graft 17 (-76n, 0 snap) cpu 0 | f64 30 | gen 0.4s | dropped inexpr 4 oversz 0 unbuild 0 {}
 172     0     100               0      2.03725492      2.26104707       5.1062065      17.2687516    0.0795673708    0.0776622326
 172     1      50               0      1.90109825      1.89293931       4.2291565      15.8692126    0.0742496131    0.0650185019
          wgpu 1d 226g 277c x3w 4ms | egraph 51g->131v+0snap 9ms | graft 13 (-34n, 0 snap) cpu 0 | f64 20 | gen 0.3s | dropped inexpr 3 oversz 0 unbuild 0 {}
 173     0     100               0      2.03725492      2.26104707       5.1062065      17.2687516    0.0795673708    0.0776622326
 173     1      50               0      1.90109825      1.89293931       4.2291565      15.8692126    0.0742496131    0.0650185019
          wgpu 1d 180g 256c x3w 4ms | egraph 44g->110v+0snap 8ms | graft 5 (-24n, 0 snap) cpu 0 | f64 20 | gen 0.2s | dropped inexpr 1 oversz 0 unbuild 0 {}
 174     0     100               0      2.03725492      2.26104707       5.1062065      17.2687516    0.0795673708    0.0776622326
 174     1      50               0      1.90109825      1.89293931       4.2291565      15.8692126    0.0742496131    0.0650185019
          wgpu 1d 226g 296c x3w 4ms | egraph 46g->150v+0snap 9ms | graft 13 (-48n, 0 snap) cpu 0 | f64 20 | gen 0.2s | dropped inexpr 3 oversz 0 unbuild 0 {}
 175     0     100               0      2.03725492      2.26104707       5.1062065      17.2687516    0.0795673708    0.0776622326
 175     1      50               0      1.90109825      1.89293931       4.2291565      15.8692126    0.0742496131    0.0650185019
          wgpu 1d 194g 284c x3w 4ms | egraph 38g->138v+0snap 14ms | graft 10 (-33n, 0 snap) cpu 0 | f64 20 | gen 0.3s | dropped inexpr 1 oversz 0 unbuild 0 {}
 176     0     100               0      2.03725492      2.26104707       5.1062065      17.2687516    0.0795673708    0.0776622326
 176     1      50               0       1.9010984      1.89293914      4.22915738      15.8692112     0.074249619    0.0650184961
          wgpu 1d 206g 300c x3w 5ms | egraph 53g->154v+0snap 11ms | graft 10 (-47n, 0 snap) cpu 0 | f64 20 | gen 0.3s | dropped inexpr 3 oversz 0 unbuild 0 {}
 177     0     100               0      2.03725492      2.26104707       5.1062065      17.2687516    0.0795673708    0.0776622326
 177     1      50               0      1.90109825      1.89293931       4.2291565      15.8692126    0.0742496131    0.0650185019
          wgpu 1d 197g 290c x3w 4ms | egraph 40g->144v+0snap 7ms | graft 8 (-23n, 0 snap) cpu 0 | f64 20 | gen 0.3s | dropped inexpr 4 oversz 0 unbuild 0 {}
 178     0     100               0      2.03725492      2.26104707       5.1062065      17.2687516    0.0795673708    0.0776622326
 178     1      50               0       1.9010984      1.89293914      4.22915738      15.8692112     0.074249619    0.0650184961
          wgpu 1d 190g 273c x3w 4ms | egraph 42g->127v+0snap 9ms | graft 10 (-29n, 0 snap) cpu 0 | f64 20 | gen 0.3s | dropped inexpr 5 oversz 0 unbuild 0 {}
 179     0     100               0      2.03725492      2.26104707       5.1062065      17.2687516    0.0795673708    0.0776622326
 179     1      50               0       1.9010984      1.89293914      4.22915738      15.8692112     0.074249619    0.0650184961
          wgpu 1d 189g 275c x3w 4ms | egraph 34g->129v+0snap 7ms | graft 5 (-15n, 0 snap) cpu 0 | f64 20 | gen 0.2s | dropped inexpr 2 oversz 0 unbuild 0 {}
 180     0     100               0      2.03725492      2.26104707       5.1062065      17.2687516    0.0795673708    0.0776622326
 180     1      50               0       1.9010984      1.89293914      4.22915738      15.8692112     0.074249619    0.0650184961
          wgpu 1d 197g 276c x3w 4ms | egraph 36g->130v+0snap 7ms | graft 8 (-30n, 0 snap) cpu 0 | f64 20 | gen 0.2s | dropped inexpr 4 oversz 0 unbuild 0 {}
--------- pump migration: intra (promote-2 + intake-reset) + cross ---------
 181     0     100               0      2.03725492      2.26104707       5.1062065      17.2687516    0.0795673708    0.0776622326
 181     1      50               0      1.90109825      1.89293931       4.2291565      15.8692126    0.0742496131    0.0650185019
          wgpu 2d 372g 412c x3w 7ms | egraph 108g->186v+0snap 19ms | graft 21 (-80n, 0 snap) cpu 0 | f64 30 | gen 0.3s | dropped inexpr 7 oversz 0 unbuild 0 {}
 182     0     100               0      2.03725492      2.26104707       5.1062065      17.2687516    0.0795673708    0.0776622326
 182     1      50               0      1.90109825      1.89293931       4.2291565      15.8692126    0.0742496131    0.0650185019
          wgpu 1d 178g 276c x3w 4ms | egraph 33g->130v+0snap 7ms | graft 6 (-23n, 0 snap) cpu 0 | f64 20 | gen 0.2s | dropped inexpr 4 oversz 0 unbuild 0 {}
 183     0     100               0      2.03725492      2.26104707       5.1062065      17.2687516    0.0795673708    0.0776622326
 183     1      50               0      1.90109825      1.89293931       4.2291565      15.8692126    0.0742496131    0.0650185019
          wgpu 1d 204g 287c x3w 4ms | egraph 32g->141v+0snap 7ms | graft 10 (-48n, 0 snap) cpu 0 | f64 20 | gen 0.3s | dropped inexpr 2 oversz 0 unbuild 0 {}
 184     0     100               0      2.03725492      2.26104707       5.1062065      17.2687516    0.0795673708    0.0776622326
 184     1      50               0      1.90109825      1.89293931       4.2291565      15.8692126    0.0742496131    0.0650185019
          wgpu 1d 186g 267c x3w 4ms | egraph 34g->121v+0snap 7ms | graft 7 (-19n, 0 snap) cpu 0 | f64 20 | gen 0.3s | dropped inexpr 4 oversz 0 unbuild 0 {}
 185     0     100               0      2.03725492      2.26104707       5.1062065      17.2687516    0.0795673708    0.0776622326
 185     1      50               0      1.90109825      1.89293931       4.2291565      15.8692126    0.0742496131    0.0650185019
          wgpu 1d 197g 276c x3w 4ms | egraph 43g->130v+0snap 9ms | graft 9 (-40n, 0 snap) cpu 0 | f64 20 | gen 0.3s | dropped inexpr 3 oversz 0 unbuild 0 {}
 186     0     100               0      2.03725492      2.26104707       5.1062065      17.2687516    0.0795673708    0.0776622326
 186     1      50               0      1.90109825      1.89293931       4.2291565      15.8692126    0.0742496131    0.0650185019
          wgpu 1d 195g 290c x3w 4ms | egraph 35g->144v+0snap 8ms | graft 11 (-39n, 0 snap) cpu 0 | f64 20 | gen 0.3s | dropped inexpr 6 oversz 0 unbuild 0 {}
 187     0     100               0      2.03725492      2.26104707       5.1062065      17.2687516    0.0795673708    0.0776622326
 187     1      50               0      1.90109825      1.89293931       4.2291565      15.8692126    0.0742496131    0.0650185019
          wgpu 1d 194g 271c x3w 4ms | egraph 31g->125v+0snap 7ms | graft 6 (-22n, 0 snap) cpu 0 | f64 20 | gen 0.2s | dropped inexpr 2 oversz 0 unbuild 0 {}
 188     0     100               0      2.03725492      2.26104707       5.1062065      17.2687516    0.0795673708    0.0776622326
 188     1      50               0      1.90109825      1.89293931       4.2291565      15.8692126    0.0742496131    0.0650185019
          wgpu 1d 185g 274c x3w 4ms | egraph 35g->128v+0snap 7ms | graft 10 (-36n, 0 snap) cpu 0 | f64 20 | gen 0.3s | dropped inexpr 4 oversz 0 unbuild 0 {}
 189     0     100               0      2.03725492      2.26104707       5.1062065      17.2687516    0.0795673708    0.0776622326
 189     1      50               0      1.90109825      1.89293931       4.2291565      15.8692126    0.0742496131    0.0650185019
          wgpu 1d 211g 264c x3w 4ms | egraph 42g->118v+0snap 15ms | graft 9 (-35n, 0 snap) cpu 0 | f64 20 | gen 0.4s | dropped inexpr 3 oversz 0 unbuild 0 {}
 190     0     100               0      2.03725492      2.26104707       5.1062065      17.2687516    0.0795673708    0.0776622326
 190     1      50               0      1.90109825      1.89293931       4.2291565      15.8692126    0.0742496131    0.0650185019
          wgpu 1d 207g 260c x3w 4ms | egraph 40g->114v+0snap 8ms | graft 13 (-41n, 0 snap) cpu 0 | f64 20 | gen 0.2s | dropped inexpr 3 oversz 0 unbuild 0 {}
--------- pump migration: intra (promote-2 + intake-reset) ---------
 191     0     100               0      2.03725492      2.26104707       5.1062065      17.2687516    0.0795673708    0.0776622326
 191     1      50               0      1.90109825      1.89293931       4.2291565      15.8692126    0.0742496131    0.0650185019
          wgpu 2d 339g 344c x3w 7ms | egraph 103g->118v+0snap 20ms | graft 13 (-41n, 0 snap) cpu 0 | f64 30 | gen 0.2s
 192     0     100               0      2.03725492      2.26104707       5.1062065      17.2687516    0.0795673708    0.0776622326
 192     1      50               0      1.90109825      1.89293931       4.2291565      15.8692126    0.0742496131    0.0650185019
          wgpu 1d 192g 251c x3w 4ms | egraph 37g->105v+0snap 9ms | graft 3 (-9n, 0 snap) cpu 0 | f64 20 | gen 0.2s | dropped inexpr 1 oversz 0 unbuild 0 {}
 193     0     100               0      2.03725492      2.26104707       5.1062065      17.2687516    0.0795673708    0.0776622326
 193     1      50               0      1.90109825      1.89293931       4.2291565      15.8692126    0.0742496131    0.0650185019
          wgpu 1d 178g 247c x3w 9ms | egraph 39g->101v+0snap 8ms | graft 7 (-21n, 0 snap) cpu 0 | f64 20 | gen 0.4s | dropped inexpr 1 oversz 0 unbuild 0 {}
 194     0     100               0      2.03725492      2.26104707       5.1062065      17.2687516    0.0795673708    0.0776622326
 194     1      50               0      1.90109825      1.89293931       4.2291565      15.8692126    0.0742496131    0.0650185019
          wgpu 1d 192g 253c x3w 10ms | egraph 42g->107v+0snap 8ms | graft 13 (-46n, 0 snap) cpu 0 | f64 20 | gen 0.3s
 195     0     100               0      2.03725492      2.26104707       5.1062065      17.2687516    0.0795673708    0.0776622326
 195     1      50               0      1.90109825      1.89293931       4.2291565      15.8692126    0.0742496131    0.0650185019
          wgpu 1d 180g 257c x3w 4ms | egraph 37g->111v+0snap 8ms | graft 9 (-29n, 0 snap) cpu 0 | f64 20 | gen 0.2s | dropped inexpr 2 oversz 0 unbuild 0 {}
 196     0     100               0      2.03725492      2.26104707       5.1062065      17.2687516    0.0795673708    0.0776622326
 196     1      50               0      1.90109825      1.89293931       4.2291565      15.8692126    0.0742496131    0.0650185019
          wgpu 1d 213g 271c x3w 5ms | egraph 49g->125v+0snap 13ms | graft 13 (-47n, 0 snap) cpu 0 | f64 20 | gen 0.3s | dropped inexpr 4 oversz 0 unbuild 0 {}
 197     0     100               0      2.03725492      2.26104707       5.1062065      17.2687516    0.0795673708    0.0776622326
 197     1      50               0      1.90109825      1.89293931       4.2291565      15.8692126    0.0742496131    0.0650185019
          wgpu 1d 200g 226c x3w 4ms | egraph 51g->80v+0snap 11ms | graft 10 (-39n, 0 snap) cpu 0 | f64 20 | gen 0.2s
 198     0     100               0      1.90109825      1.89293931       4.2291565      15.8692126    0.0742496131    0.0650185019
 198     1      50               0      1.90109825      1.89293931       4.2291565      15.8692126    0.0742496131    0.0650185019
          wgpu 1d 165g 189c x3w 4ms | egraph 34g->43v+0snap 7ms | graft 6 (-23n, 0 snap) cpu 0 | f64 20 | gen 0.2s | dropped inexpr 2 oversz 0 unbuild 0 {}
 199     0     100               0      1.90109839      1.89293916      4.22915739      15.8692113    0.0742496185    0.0650184967
 199     1      50               0      1.90109825      1.89293931       4.2291565      15.8692126    0.0742496131    0.0650185019
          wgpu 1d 167g 192c x3w 4ms | egraph 48g->46v+0snap 10ms | graft 8 (-29n, 0 snap) cpu 0 | f64 20 | gen 0.2s | dropped inexpr 2 oversz 0 unbuild 0 {}
 200     0     100               0      1.90109839      1.89293916      4.22915739      15.8692113    0.0742496185    0.0650184967
 200     1      50               0      1.90109825      1.89293931       4.2291565      15.8692126    0.0742496131    0.0650185019
          wgpu 1d 195g 211c x3w 4ms | egraph 43g->65v+0snap 8ms | graft 12 (-45n, 0 snap) cpu 0 | f64 20 | gen 0.3s | dropped inexpr 1 oversz 0 unbuild 0 {}
--------- pump migration: intra (promote-2 + intake-reset) ---------
 201     0     100               0      1.90109839      1.89293916      4.22915739      15.8692113    0.0742496185    0.0650184967
 201     1      50               0      1.90109839      1.89293916      4.22915739      15.8692113    0.0742496185    0.0650184967
          wgpu 2d 337g 338c x3w 9ms | egraph 94g->112v+0snap 24ms | graft 16 (-67n, 0 snap) cpu 0 | f64 30 | gen 0.3s | dropped inexpr 2 oversz 0 unbuild 0 {}
 202     0     100               0      1.90109839      1.89293916      4.22915739      15.8692113    0.0742496185    0.0650184967
 202     1      50               0      1.90109839      1.89293916      4.22915739      15.8692113    0.0742496185    0.0650184967
          wgpu 1d 171g 195c x3w 4ms | egraph 40g->49v+0snap 8ms | graft 13 (-40n, 0 snap) cpu 0 | f64 20 | gen 0.2s | dropped inexpr 1 oversz 0 unbuild 0 {}
 203     0     100               0      1.90109839      1.89293916      4.22915739      15.8692113    0.0742496185    0.0650184967
 203     1      50               0      1.90109839      1.89293916      4.22915739      15.8692113    0.0742496185    0.0650184967
          wgpu 1d 181g 200c x3w 4ms | egraph 42g->54v+0snap 9ms | graft 9 (-31n, 0 snap) cpu 0 | f64 20 | gen 0.3s | dropped inexpr 1 oversz 0 unbuild 0 {}
 204     0     100               0      1.90109839      1.89293916      4.22915739      15.8692113    0.0742496185    0.0650184967
 204     1      50               0      1.90109839      1.89293916      4.22915739      15.8692113    0.0742496185    0.0650184967
          wgpu 1d 152g 181c x3w 3ms | egraph 35g->35v+0snap 12ms | graft 4 (-11n, 0 snap) cpu 0 | f64 20 | gen 0.4s | dropped inexpr 1 oversz 0 unbuild 0 {}
 205     0     100               0      1.90109839      1.89293916      4.22915739      15.8692113    0.0742496185    0.0650184967
 205     1      50               0      1.90109839      1.89293916      4.22915739      15.8692113    0.0742496185    0.0650184967
          wgpu 1d 185g 213c x3w 4ms | egraph 36g->67v+0snap 8ms | graft 12 (-46n, 0 snap) cpu 0 | f64 20 | gen 0.3s | dropped inexpr 2 oversz 0 unbuild 0 {}
 206     0     100               0      1.90109839      1.89293916      4.22915739      15.8692113    0.0742496185    0.0650184967
 206     1      50               0       1.9010984      1.89293919      4.22915739      15.8692112    0.0742496188    0.0650184977
          wgpu 1d 186g 193c x3w 4ms | egraph 34g->47v+0snap 8ms | graft 9 (-35n, 0 snap) cpu 0 | f64 20 | gen 0.2s | dropped inexpr 1 oversz 0 unbuild 0 {}
 207     0     100               0      1.90109839      1.89293916      4.22915739      15.8692113    0.0742496185    0.0650184967
 207     1      50               0      1.90109825      1.89293931       4.2291565      15.8692126    0.0742496131    0.0650185019
          wgpu 1d 147g 185c x3w 4ms | egraph 31g->39v+0snap 7ms | graft 9 (-37n, 0 snap) cpu 0 | f64 20 | gen 0.2s | dropped inexpr 3 oversz 0 unbuild 0 {}
 208     0     100               0      1.90109839      1.89293916      4.22915739      15.8692113    0.0742496185    0.0650184967
 208     1      50               0      1.90109825      1.89293931       4.2291565      15.8692126    0.0742496131    0.0650185019
          wgpu 1d 155g 180c x3w 4ms | egraph 31g->34v+0snap 7ms | graft 5 (-40n, 0 snap) cpu 0 | f64 20 | gen 0.4s
 209     0     100               0      1.90109825      1.89293931       4.2291565      15.8692126    0.0742496131    0.0650185019
 209     1      50               0      1.90109825      1.89293931       4.2291565      15.8692126    0.0742496131    0.0650185019
          wgpu 1d 161g 181c x3w 4ms | egraph 34g->35v+0snap 7ms | graft 7 (-26n, 0 snap) cpu 0 | f64 20 | gen 0.3s
 210     0     100               0      1.90109825      1.89293931       4.2291565      15.8692126    0.0742496131    0.0650185019
 210     1      50               0      1.90109839      1.89293916      4.22915739      15.8692113    0.0742496185    0.0650184967
          wgpu 1d 157g 185c x3w 5ms | egraph 37g->39v+0snap 15ms | graft 10 (-51n, 0 snap) cpu 0 | f64 20 | gen 0.3s | dropped inexpr 1 oversz 0 unbuild 0 {}
--------- pump migration: intra (promote-2 + intake-reset) + cross ---------
 211     0     100               0      1.90109825      1.89293931       4.2291565      15.8692126    0.0742496131    0.0650185019
 211     1      50               0      1.90109825      1.89293931       4.2291565      15.8692126    0.0742496131    0.0650185019
          wgpu 2d 407g 351c x3w 8ms | egraph 135g->125v+0snap 26ms | graft 21 (-93n, 0 snap) cpu 0 | f64 30 | gen 0.2s | dropped inexpr 2 oversz 0 unbuild 0 {}
 212     0     100               0      1.90109825      1.89293931       4.2291565      15.8692126    0.0742496131    0.0650185019
 212     1      50               0      1.90109839      1.89293916      4.22915739      15.8692113    0.0742496185    0.0650184967
          wgpu 1d 163g 198c x3w 4ms | egraph 37g->52v+0snap 9ms | graft 12 (-45n, 0 snap) cpu 0 | f64 20 | gen 0.4s | dropped inexpr 1 oversz 0 unbuild 0 {}
 213     0     100               0       1.9010984      1.89293918      4.22915739      15.8692112    0.0742496187    0.0650184976
 213     1      50               0      1.90109839      1.89293916      4.22915739      15.8692113    0.0742496185    0.0650184967
          wgpu 1d 180g 192c x3w 4ms | egraph 47g->46v+0snap 11ms | graft 11 (-40n, 0 snap) cpu 0 | f64 20 | gen 0.2s | dropped inexpr 1 oversz 0 unbuild 0 {}
 214     0     100               0       1.9010984      1.89293918      4.22915739      15.8692112    0.0742496187    0.0650184976
 214     1      50               0      1.90109839      1.89293916      4.22915739      15.8692113    0.0742496185    0.0650184967
          wgpu 1d 179g 192c x3w 4ms | egraph 49g->46v+0snap 10ms | graft 11 (-34n, 0 snap) cpu 0 | f64 20 | gen 0.3s | dropped inexpr 4 oversz 0 unbuild 0 {}
 215     0     100               0       1.9010984      1.89293918      4.22915739      15.8692112    0.0742496187    0.0650184976
 215     1      50               0      1.90109825      1.89293931       4.2291565      15.8692126    0.0742496131    0.0650185019
          wgpu 1d 162g 184c x3w 4ms | egraph 36g->38v+0snap 9ms | graft 5 (-20n, 0 snap) cpu 0 | f64 20 | gen 0.3s | dropped inexpr 2 oversz 0 unbuild 0 {}
 216     0     100               0       1.9010984      1.89293918      4.22915739      15.8692112    0.0742496187    0.0650184976
 216     1      50               0      1.90109825      1.89293931       4.2291565      15.8692126    0.0742496131    0.0650185019
          wgpu 1d 184g 197c x3w 4ms | egraph 44g->51v+0snap 9ms | graft 13 (-54n, 0 snap) cpu 0 | f64 20 | gen 0.2s | dropped inexpr 3 oversz 0 unbuild 0 {}
 217     0     100               0       1.9010984      1.89293918      4.22915739      15.8692112    0.0742496187    0.0650184976
 217     1      50               0      1.90109825      1.89293931       4.2291565      15.8692126    0.0742496131    0.0650185019
          wgpu 1d 184g 197c x3w 4ms | egraph 44g->51v+0snap 9ms | graft 13 (-44n, 0 snap) cpu 0 | f64 20 | gen 0.2s | dropped inexpr 1 oversz 0 unbuild 0 {}
 218     0     100               0       1.9010984      1.89293918      4.22915739      15.8692112    0.0742496187    0.0650184976
 218     1      50               0      1.90109825      1.89293931       4.2291565      15.8692126    0.0742496131    0.0650185019
          wgpu 1d 194g 198c x3w 4ms | egraph 47g->52v+0snap 10ms | graft 15 (-69n, 0 snap) cpu 0 | f64 20 | gen 0.3s | dropped inexpr 2 oversz 0 unbuild 0 {}
 219     0     100               0      1.90109825      1.89293931       4.2291565      15.8692126    0.0742496131    0.0650185019
 219     1      50               0      1.90109825      1.89293931       4.2291565      15.8692126    0.0742496131    0.0650185019
          wgpu 1d 167g 184c x3w 4ms | egraph 45g->38v+0snap 9ms | graft 10 (-30n, 0 snap) cpu 0 | f64 20 | gen 0.4s | dropped inexpr 1 oversz 0 unbuild 0 {}
 220     0     100               0      1.90109825      1.89293931       4.2291565      15.8692126    0.0742496131    0.0650185019
 220     1      50               0      1.90109825      1.89293931       4.2291565      15.8692126    0.0742496131    0.0650185019
          wgpu 1d 174g 192c x3w 4ms | egraph 39g->46v+0snap 18ms | graft 14 (-43n, 0 snap) cpu 0 | f64 20 | gen 0.2s
--------- pump migration: intra (promote-2 + intake-reset) ---------
 221     0     100               0      1.90109825      1.89293931       4.2291565      15.8692126    0.0742496131    0.0650185019
 221     1      50               0      1.90109825      1.89293931       4.2291565      15.8692126    0.0742496131    0.0650185019
          wgpu 2d 331g 315c x3w 11ms | egraph 90g->89v+0snap 18ms | graft 23 (-112n, 0 snap) cpu 0 | f64 30 | gen 0.4s | dropped inexpr 4 oversz 0 unbuild 0 {}
 222     0     100               0      1.90109825      1.89293931       4.2291565      15.8692126    0.0742496131    0.0650185019
 222     1      50               0      1.90109825      1.89293931       4.2291565      15.8692126    0.0742496131    0.0650185019
          wgpu 1d 165g 190c x3w 4ms | egraph 35g->44v+0snap 7ms | graft 15 (-56n, 0 snap) cpu 0 | f64 20 | gen 0.3s | dropped inexpr 1 oversz 0 unbuild 0 {}
 223     0     100               0       1.9010984      1.89293918      4.22915739      15.8692112    0.0742496187    0.0650184976
 223     1      50               0      1.90109825      1.89293931       4.2291565      15.8692126    0.0742496131    0.0650185019
          wgpu 1d 175g 197c x3w 4ms | egraph 49g->51v+0snap 10ms | graft 11 (-45n, 0 snap) cpu 0 | f64 20 | gen 0.3s
 224     0     100               0      1.90109825      1.89293931       4.2291565      15.8692126    0.0742496131    0.0650185019
 224     1      50               0      1.90109825      1.89293931       4.2291565      15.8692126    0.0742496131    0.0650185019
          wgpu 1d 188g 194c x3w 4ms | egraph 47g->48v+0snap 10ms | graft 14 (-55n, 0 snap) cpu 0 | f64 20 | gen 0.2s | dropped inexpr 2 oversz 0 unbuild 0 {}
 225     0     100               0      1.90109825      1.89293931       4.2291565      15.8692126    0.0742496131    0.0650185019
 225     1      50               0      1.90109825      1.89293931       4.2291565      15.8692126    0.0742496131    0.0650185019
          wgpu 1d 178g 184c x3w 4ms | egraph 43g->38v+0snap 9ms | graft 7 (-46n, 0 snap) cpu 0 | f64 20 | gen 0.3s | dropped inexpr 4 oversz 0 unbuild 0 {}
 226     0     100               0       1.9010984      1.89293918      4.22915739      15.8692112    0.0742496187    0.0650184976
 226     1      50               0      1.90109825      1.89293931       4.2291565      15.8692126    0.0742496131    0.0650185019
          wgpu 1d 188g 193c x3w 4ms | egraph 34g->47v+0snap 14ms | graft 10 (-29n, 0 snap) cpu 0 | f64 20 | gen 0.3s | dropped inexpr 3 oversz 0 unbuild 0 {}
 227     0     100               0      1.90109825      1.89293931       4.2291565      15.8692126    0.0742496131    0.0650185019
 227     1      50               0      1.90109825      1.89293931       4.2291565      15.8692126    0.0742496131    0.0650185019
          wgpu 1d 172g 196c x3w 4ms | egraph 43g->50v+0snap 9ms | graft 13 (-51n, 0 snap) cpu 0 | f64 20 | gen 0.2s | dropped inexpr 2 oversz 0 unbuild 0 {}
 228     0     100               0       1.9010984      1.89293918      4.22915739      15.8692112    0.0742496187    0.0650184976
 228     1      50               0      1.90109825      1.89293931       4.2291565      15.8692126    0.0742496131    0.0650185019
          wgpu 1d 200g 207c x3w 4ms | egraph 50g->61v+0snap 11ms | graft 20 (-78n, 0 snap) cpu 0 | f64 20 | gen 0.3s
 229     0     100               0      1.90109825      1.89293931       4.2291565      15.8692126    0.0742496131    0.0650185019
 229     1      50               0      1.90109825      1.89293931       4.2291565      15.8692126    0.0742496131    0.0650185019
          wgpu 1d 200g 214c x3w 4ms | egraph 45g->68v+0snap 10ms | graft 14 (-83n, 0 snap) cpu 0 | f64 20 | gen 0.3s
 230     0     100               0       1.9010984      1.89293918      4.22915739      15.8692112    0.0742496187    0.0650184976
 230     1      50               0      1.90109825      1.89293931       4.2291565      15.8692126    0.0742496131    0.0650185019
          wgpu 1d 172g 204c x3w 6ms | egraph 37g->58v+0snap 8ms | graft 13 (-55n, 0 snap) cpu 0 | f64 20 | gen 0.4s
--------- pump migration: intra (promote-2 + intake-reset) ---------
 231     0     100               0       1.9010984      1.89293918      4.22915739      15.8692112    0.0742496187    0.0650184976
 231     1      50               0      1.90109825      1.89293931       4.2291565      15.8692126    0.0742496131    0.0650185019
          wgpu 2d 357g 328c x3w 7ms | egraph 102g->102v+0snap 23ms | graft 16 (-82n, 0 snap) cpu 0 | f64 30 | gen 0.2s | dropped inexpr 3 oversz 0 unbuild 0 {}
 232     0     100               0       1.9010984      1.89293918      4.22915739      15.8692112    0.0742496187    0.0650184976
 232     1      50               0      1.90109825      1.89293931       4.2291565      15.8692126    0.0742496131    0.0650185019
          wgpu 1d 189g 198c x3w 4ms | egraph 46g->52v+0snap 9ms | graft 6 (-42n, 0 snap) cpu 0 | f64 20 | gen 0.3s
 233     0     100               0       1.9010984      1.89293918      4.22915739      15.8692112    0.0742496187    0.0650184976
 233     1      50               0      1.90109825      1.89293931       4.2291565      15.8692126    0.0742496131    0.0650185019
          wgpu 1d 167g 193c x3w 4ms | egraph 35g->47v+0snap 12ms | graft 13 (-51n, 0 snap) cpu 0 | f64 20 | gen 0.2s
 234     0     100               0       1.9010984      1.89293918      4.22915739      15.8692112    0.0742496187    0.0650184976
 234     1      50               0      1.90109825      1.89293931       4.2291565      15.8692126    0.0742496131    0.0650185019
          wgpu 1d 174g 198c x3w 4ms | egraph 33g->52v+0snap 15ms | graft 13 (-71n, 0 snap) cpu 0 | f64 20 | gen 0.4s
 235     0     100               0       1.9010984      1.89293918      4.22915739      15.8692112    0.0742496187    0.0650184976
 235     1      50               0      1.90109825      1.89293931       4.2291565      15.8692126    0.0742496131    0.0650185019
          wgpu 1d 173g 194c x3w 5ms | egraph 37g->48v+0snap 8ms | graft 14 (-68n, 0 snap) cpu 0 | f64 20 | gen 0.3s
 236     0     100               0       1.9010984      1.89293918      4.22915739      15.8692112    0.0742496187    0.0650184976
 236     1      50               0       1.9010984      1.89293918      4.22915739      15.8692112    0.0742496187    0.0650184976
          wgpu 1d 159g 182c x3w 4ms | egraph 27g->36v+0snap 5ms | graft 10 (-40n, 0 snap) cpu 0 | f64 20 | gen 0.2s
 237     0     100               0       1.9010984      1.89293918      4.22915739      15.8692112    0.0742496187    0.0650184976
 237     1      50               0      1.90109825      1.89293931       4.2291565      15.8692126    0.0742496131    0.0650185019
          wgpu 1d 198g 207c x3w 4ms | egraph 39g->61v+0snap 9ms | graft 19 (-71n, 0 snap) cpu 0 | f64 20 | gen 0.3s
 238     0     100               0       1.9010984      1.89293918      4.22915739      15.8692112    0.0742496187    0.0650184976
 238     1      50               0      1.90109825      1.89293931       4.2291565      15.8692126    0.0742496131    0.0650185019
          wgpu 1d 188g 199c x3w 4ms | egraph 46g->53v+0snap 9ms | graft 14 (-52n, 0 snap) cpu 0 | f64 20 | gen 0.2s
 239     0     100               0       1.9010984      1.89293918      4.22915739      15.8692112    0.0742496187    0.0650184976
 239     1      50               0      1.90109825      1.89293931       4.2291565      15.8692126    0.0742496131    0.0650185019
          wgpu 1d 171g 195c x3w 4ms | egraph 31g->49v+0snap 7ms | graft 10 (-51n, 0 snap) cpu 0 | f64 20 | gen 0.2s
 240     0     100               0       1.9010984      1.89293918      4.22915739      15.8692112    0.0742496187    0.0650184976
 240     1      50               0      1.90109825      1.89293931       4.2291565      15.8692126    0.0742496131    0.0650185019
          wgpu 1d 159g 190c x3w 4ms | egraph 31g->44v+0snap 7ms | graft 11 (-45n, 0 snap) cpu 0 | f64 20 | gen 0.2s
--------- pump migration: intra (promote-2 + intake-reset) + cross ---------
 241     0     100               0       1.9010984      1.89293918      4.22915739      15.8692112    0.0742496187    0.0650184976
 241     1      50               0       1.9010984      1.89293918      4.22915739      15.8692112    0.0742496187    0.0650184976
          wgpu 2d 278g 291c x3w 7ms | egraph 78g->65v+0snap 17ms | graft 9 (-51n, 0 snap) cpu 0 | f64 30 | gen 0.2s | dropped inexpr 2 oversz 0 unbuild 0 {}
 242     0     100               0       1.9010984      1.89293918      4.22915739      15.8692112    0.0742496187    0.0650184976
 242     1      50               0      1.90109825      1.89293931       4.2291565      15.8692126    0.0742496131    0.0650185019
          wgpu 1d 165g 195c x3w 4ms | egraph 31g->49v+0snap 9ms | graft 12 (-53n, 0 snap) cpu 0 | f64 20 | gen 0.2s
 243     0     100               0       1.9010984      1.89293918      4.22915739      15.8692112    0.0742496187    0.0650184976
 243     1      50               0      1.90109825      1.89293931       4.2291565      15.8692126    0.0742496131    0.0650185019
          wgpu 1d 178g 195c x3w 4ms | egraph 37g->49v+0snap 8ms | graft 12 (-45n, 0 snap) cpu 0 | f64 20 | gen 0.3s | dropped inexpr 1 oversz 0 unbuild 0 {}
 244     0     100               0       1.9010984      1.89293918      4.22915739      15.8692112    0.0742496187    0.0650184976
 244     1      50               0      1.90109825      1.89293931       4.2291565      15.8692126    0.0742496131    0.0650185019
          wgpu 1d 151g 185c x3w 4ms | egraph 32g->39v+0snap 6ms | graft 11 (-49n, 0 snap) cpu 0 | f64 20 | gen 0.2s
 245     0     100               0       1.9010984      1.89293918      4.22915739      15.8692112    0.0742496187    0.0650184976
 245     1      50               0      1.90109825      1.89293931       4.2291565      15.8692126    0.0742496131    0.0650185019
          wgpu 1d 170g 189c x3w 4ms | egraph 32g->43v+0snap 7ms | graft 11 (-55n, 0 snap) cpu 0 | f64 20 | gen 0.2s
 246     0     100               0       1.9010984      1.89293918      4.22915739      15.8692112    0.0742496187    0.0650184976
 246     1      50               0      1.90109825      1.89293931       4.2291565      15.8692126    0.0742496131    0.0650185019
          wgpu 1d 175g 203c x3w 4ms | egraph 31g->57v+0snap 11ms | graft 9 (-30n, 0 snap) cpu 0 | f64 20 | gen 0.2s
 247     0     100               0       1.9010984      1.89293918      4.22915739      15.8692112    0.0742496187    0.0650184976
 247     1      50               0       1.9010984      1.89293918      4.22915739      15.8692112    0.0742496187    0.0650184975
          wgpu 1d 188g 193c x3w 4ms | egraph 39g->47v+0snap 9ms | graft 7 (-24n, 0 snap) cpu 0 | f64 20 | gen 0.3s | dropped inexpr 1 oversz 0 unbuild 0 {}
 248     0     100               0       1.9010984      1.89293918      4.22915739      15.8692112    0.0742496187    0.0650184976
 248     1      50               0       1.9010984      1.89293918      4.22915739      15.8692112    0.0742496187    0.0650184975
          wgpu 1d 204g 204c x3w 4ms | egraph 38g->58v+0snap 8ms | graft 20 (-80n, 0 snap) cpu 0 | f64 20 | gen 0.2s
 249     0     100               0       1.9010984      1.89293918      4.22915739      15.8692112    0.0742496187    0.0650184976
 249     1      50               0       1.9010984      1.89293918      4.22915739      15.8692112    0.0742496187    0.0650184975
          wgpu 1d 170g 204c x3w 4ms | egraph 33g->58v+0snap 7ms | graft 14 (-59n, 0 snap) cpu 0 | f64 20 | gen 0.2s | dropped inexpr 2 oversz 0 unbuild 0 {}
 250     0     100               0       1.9010984      1.89293918      4.22915739      15.8692112    0.0742496187    0.0650184976
 250     1      50               0       1.9010984      1.89293918      4.22915739      15.8692112    0.0742496187    0.0650184975
          wgpu 1d 168g 193c x3w 4ms | egraph 28g->47v+0snap 7ms | graft 12 (-53n, 0 snap) cpu 0 | f64 20 | gen 0.3s | dropped inexpr 1 oversz 0 unbuild 0 {}
--------- pump migration: intra (promote-2 + intake-reset) ---------
 251     0     100               0       1.9010984      1.89293918      4.22915739      15.8692112    0.0742496187    0.0650184976
 251     1      50               0       1.9010984      1.89293918      4.22915739      15.8692112    0.0742496187    0.0650184975
          wgpu 2d 347g 332c x3w 12ms | egraph 102g->106v+0snap 35ms | graft 21 (-77n, 0 snap) cpu 0 | f64 30 | gen 0.2s | dropped inexpr 1 oversz 0 unbuild 0 {}
 252     0     100               0       1.9010984      1.89293918      4.22915739      15.8692112    0.0742496187    0.0650184976
 252     1      50               0       1.9010984      1.89293918      4.22915739      15.8692112    0.0742496187    0.0650184975
          wgpu 1d 149g 181c x3w 4ms | egraph 25g->35v+0snap 12ms | graft 8 (-24n, 0 snap) cpu 0 | f64 20 | gen 0.3s | dropped inexpr 2 oversz 0 unbuild 0 {}
 253     0     100               0       1.9010984      1.89293918      4.22915739      15.8692112    0.0742496187    0.0650184976
 253     1      50               0       1.9010984      1.89293918      4.22915739      15.8692112    0.0742496187    0.0650184975
          wgpu 1d 184g 204c x3w 4ms | egraph 37g->58v+0snap 7ms | graft 11 (-50n, 0 snap) cpu 0 | f64 20 | gen 0.2s | dropped inexpr 7 oversz 0 unbuild 0 {}
 254     0     100               0       1.9010984      1.89293918      4.22915739      15.8692112    0.0742496187    0.0650184976
 254     1      50               0      1.90109825      1.89293931       4.2291565      15.8692126    0.0742496131    0.0650185019
          wgpu 1d 167g 194c x3w 4ms | egraph 31g->48v+0snap 7ms | graft 10 (-42n, 0 snap) cpu 0 | f64 20 | gen 0.2s | dropped inexpr 3 oversz 0 unbuild 0 {}
 255     0     100               0       1.9010984      1.89293918      4.22915739      15.8692112    0.0742496187    0.0650184976
 255     1      50               0      1.90109825      1.89293931       4.2291565      15.8692126    0.0742496131    0.0650185019
          wgpu 1d 175g 188c x3w 4ms | egraph 38g->42v+0snap 9ms | graft 10 (-33n, 0 snap) cpu 0 | f64 20 | gen 0.4s | dropped inexpr 3 oversz 0 unbuild 0 {}
 256     0     100               0       1.9010984      1.89293918      4.22915739      15.8692112    0.0742496187    0.0650184976
 256     1      50               0      1.90109825      1.89293931       4.2291565      15.8692126    0.0742496131    0.0650185019
          wgpu 1d 186g 199c x3w 4ms | egraph 36g->53v+0snap 7ms | graft 11 (-45n, 0 snap) cpu 0 | f64 20 | gen 0.4s
 257     0     100               0       1.9010984      1.89293918      4.22915739      15.8692112    0.0742496187    0.0650184976
 257     1      50               0      1.90109825      1.89293931       4.2291565      15.8692126    0.0742496131    0.0650185019
          wgpu 1d 159g 180c x3w 4ms | egraph 24g->34v+0snap 6ms | graft 6 (-27n, 0 snap) cpu 0 | f64 20 | gen 0.3s | dropped inexpr 1 oversz 0 unbuild 0 {}
 258     0     100               0       1.9010984      1.89293918      4.22915739      15.8692112    0.0742496187    0.0650184976
 258     1      50               0      1.90109825      1.89293931       4.2291565      15.8692126    0.0742496131    0.0650185019
          wgpu 1d 177g 187c x3w 4ms | egraph 39g->41v+0snap 10ms | graft 17 (-102n, 0 snap) cpu 0 | f64 20 | gen 0.2s
 259     0     100               0       1.9010984      1.89293918      4.22915739      15.8692112    0.0742496187    0.0650184976
 259     1      50               0      1.90109825      1.89293931       4.2291565      15.8692126    0.0742496131    0.0650185019
          wgpu 1d 169g 191c x3w 4ms | egraph 33g->45v+0snap 7ms | graft 10 (-50n, 0 snap) cpu 0 | f64 20 | gen 0.4s
 260     0     100               0       1.9010984      1.89293918      4.22915739      15.8692112    0.0742496187    0.0650184976
 260     1      50               0      1.90109825      1.89293931       4.2291565      15.8692126    0.0742496131    0.0650185019
          wgpu 1d 205g 216c x3w 5ms | egraph 43g->70v+0snap 11ms | graft 16 (-85n, 0 snap) cpu 0 | f64 20 | gen 0.6s | dropped inexpr 1 oversz 0 unbuild 0 {}
--------- pump migration: intra (promote-2 + intake-reset) ---------
 261     0     100               0       1.9010984      1.89293918      4.22915739      15.8692112    0.0742496187    0.0650184976
 261     1      50               0       1.9010984      1.89293918      4.22915739      15.8692112    0.0742496187    0.0650184976
          wgpu 2d 340g 312c x3w 12ms | egraph 113g->86v+0snap 23ms | graft 16 (-67n, 0 snap) cpu 0 | f64 30 | gen 0.2s | dropped inexpr 1 oversz 0 unbuild 0 {}
 262     0     100               0       1.9010984      1.89293918      4.22915739      15.8692112    0.0742496187    0.0650184976
 262     1      50               0      1.90109825      1.89293931       4.2291565      15.8692126    0.0742496131    0.0650185019
          wgpu 1d 171g 182c x3w 4ms | egraph 24g->36v+0snap 6ms | graft 5 (-11n, 0 snap) cpu 0 | f64 20 | gen 0.2s | dropped inexpr 3 oversz 0 unbuild 0 {}
 263     0     100               0       1.9010984      1.89293918      4.22915739      15.8692112    0.0742496187    0.0650184976
 263     1      50               0      1.90109825      1.89293931       4.2291565      15.8692126    0.0742496131    0.0650185019
          wgpu 1d 169g 181c x3w 4ms | egraph 27g->35v+0snap 6ms | graft 7 (-28n, 0 snap) cpu 0 | f64 20 | gen 0.2s
 264     0     100               0       1.9010984      1.89293918      4.22915739      15.8692112    0.0742496187    0.0650184976
 264     1      50               0      1.90109825      1.89293931       4.2291565      15.8692126    0.0742496131    0.0650185019
          wgpu 1d 209g 201c x3w 4ms | egraph 53g->55v+0snap 10ms | graft 12 (-37n, 0 snap) cpu 0 | f64 20 | gen 0.2s | dropped inexpr 1 oversz 0 unbuild 0 {}
 265     0     100               0       1.9010984      1.89293918      4.22915739      15.8692112    0.0742496188    0.0650184975
 265     1      50               0      1.90109825      1.89293931       4.2291565      15.8692126    0.0742496131    0.0650185019
          wgpu 1d 177g 192c x3w 4ms | egraph 39g->46v+0snap 8ms | graft 11 (-42n, 0 snap) cpu 0 | f64 20 | gen 0.2s
 266     0     100               0       1.9010984      1.89293918      4.22915739      15.8692112    0.0742496188    0.0650184975
 266     1      50               0      1.90109825      1.89293931       4.2291565      15.8692126    0.0742496131    0.0650185019
          wgpu 1d 168g 193c x3w 4ms | egraph 30g->47v+0snap 7ms | graft 14 (-71n, 0 snap) cpu 0 | f64 20 | gen 0.2s | dropped inexpr 1 oversz 0 unbuild 0 {}
 267     0     100               0       1.9010984      1.89293918      4.22915739      15.8692112    0.0742496188    0.0650184975
 267     1      50               0      1.90109825      1.89293931       4.2291565      15.8692126    0.0742496131    0.0650185019
          wgpu 1d 170g 184c x3w 7ms | egraph 33g->38v+0snap 9ms | graft 12 (-68n, 0 snap) cpu 0 | f64 20 | gen 0.2s
 268     0     100               0      1.90109839      1.89293918      4.22915739      15.8692112    0.0742496187    0.0650184976
 268     1      50               0      1.90109825      1.89293931       4.2291565      15.8692126    0.0742496131    0.0650185019
          wgpu 1d 190g 198c x3w 4ms | egraph 40g->52v+0snap 8ms | graft 9 (-41n, 0 snap) cpu 0 | f64 20 | gen 0.2s
 269     0     100               0       1.9010984      1.89293918      4.22915739      15.8692112    0.0742496188    0.0650184975
 269     1      50               0      1.90109825      1.89293931       4.2291565      15.8692126    0.0742496131    0.0650185019
          wgpu 1d 164g 184c x3w 4ms | egraph 31g->38v+0snap 6ms | graft 9 (-33n, 0 snap) cpu 0 | f64 20 | gen 0.2s | dropped inexpr 2 oversz 0 unbuild 0 {}
 270     0     100               0       1.9010984      1.89293918      4.22915739      15.8692112    0.0742496188    0.0650184975
 270     1      50               0      1.90109825      1.89293931       4.2291565      15.8692126    0.0742496131    0.0650185019
          wgpu 1d 173g 194c x3w 4ms | egraph 43g->48v+0snap 14ms | graft 14 (-40n, 0 snap) cpu 0 | f64 20 | gen 0.2s | dropped inexpr 1 oversz 0 unbuild 0 {}
--------- pump migration: intra (promote-2 + intake-reset) + cross ---------
 271     0     100               0       1.9010984      1.89293918      4.22915739      15.8692112    0.0742496188    0.0650184975
 271     1      50               0       1.9010984      1.89293919      4.22915738      15.8692112     0.074249619    0.0650184977
          wgpu 2d 346g 325c x3w 9ms | egraph 105g->99v+0snap 27ms | graft 23 (-82n, 0 snap) cpu 0 | f64 30 | gen 0.2s | dropped inexpr 4 oversz 0 unbuild 0 {}
 272     0     100               0       1.9010984      1.89293918      4.22915739      15.8692112    0.0742496188    0.0650184975
 272     1      50               0       1.9010984      1.89293919      4.22915738      15.8692112     0.074249619    0.0650184977
          wgpu 1d 175g 188c x3w 4ms | egraph 47g->42v+0snap 10ms | graft 9 (-48n, 0 snap) cpu 0 | f64 20 | gen 0.3s | dropped inexpr 1 oversz 0 unbuild 0 {}
 273     0     100               0       1.9010984      1.89293918      4.22915739      15.8692112    0.0742496188    0.0650184975
 273     1      50               0       1.9010984      1.89293919      4.22915738      15.8692112     0.074249619    0.0650184977
          wgpu 1d 165g 184c x3w 6ms | egraph 33g->38v+0snap 7ms | graft 19 (-62n, 0 snap) cpu 0 | f64 20 | gen 0.3s | dropped inexpr 1 oversz 0 unbuild 0 {}
 274     0     100               0       1.9010984      1.89293918      4.22915739      15.8692112    0.0742496188    0.0650184975
 274     1      50               0      1.90109825      1.89293931       4.2291565      15.8692126    0.0742496131    0.0650185019
          wgpu 1d 169g 174c x3w 4ms | egraph 57g->28v+0snap 11ms | graft 6 (-31n, 0 snap) cpu 0 | f64 20 | gen 0.2s | dropped inexpr 6 oversz 0 unbuild 0 {}
 275     0     100               0       1.9010984      1.89293918      4.22915739      15.8692112    0.0742496188    0.0650184975
 275     1      50               0      1.90109825      1.89293931       4.2291565      15.8692126    0.0742496131    0.0650185019
          wgpu 1d 160g 185c x3w 4ms | egraph 43g->39v+0snap 8ms | graft 7 (-17n, 0 snap) cpu 0 | f64 20 | gen 0.3s | dropped inexpr 2 oversz 0 unbuild 0 {}
 276     0     100               0       1.9010984      1.89293918      4.22915739      15.8692112    0.0742496188    0.0650184975
 276     1      50               0      1.90109825      1.89293931       4.2291565      15.8692126    0.0742496131    0.0650185019
          wgpu 1d 152g 176c x3w 4ms | egraph 45g->30v+0snap 15ms | graft 5 (-12n, 0 snap) cpu 0 | f64 20 | gen 0.2s | dropped inexpr 4 oversz 0 unbuild 0 {}
 277     0     100               0       1.9010984      1.89293918      4.22915739      15.8692112    0.0742496188    0.0650184975
 277     1      50               0      1.90109825      1.89293931       4.2291565      15.8692126    0.0742496131    0.0650185019
          wgpu 1d 195g 190c x3w 5ms | egraph 47g->44v+0snap 9ms | graft 10 (-32n, 0 snap) cpu 0 | f64 20 | gen 0.3s | dropped inexpr 5 oversz 0 unbuild 0 {}
 278     0     100               0       1.9010984      1.89293918      4.22915739      15.8692112    0.0742496188    0.0650184975
 278     1      50               0      1.90109825      1.89293931       4.2291565      15.8692126    0.0742496131    0.0650185019
          wgpu 1d 151g 175c x3w 4ms | egraph 39g->29v+0snap 8ms | graft 4 (-22n, 0 snap) cpu 0 | f64 20 | gen 0.2s | dropped inexpr 6 oversz 0 unbuild 0 {}
 279     0     100               0       1.9010984      1.89293918      4.22915739      15.8692112    0.0742496188    0.0650184975
 279     1      50               0      1.90109825      1.89293931       4.2291565      15.8692126    0.0742496131    0.0650185019
          wgpu 1d 167g 180c x3w 9ms | egraph 31g->34v+0snap 6ms | graft 10 (-35n, 0 snap) cpu 0 | f64 20 | gen 0.3s | dropped inexpr 1 oversz 0 unbuild 0 {}
 280     0     100               0       1.9010984      1.89293918      4.22915739      15.8692112    0.0742496188    0.0650184975
 280     1      50               0      1.90109825      1.89293931       4.2291565      15.8692126    0.0742496131    0.0650185019
          wgpu 1d 180g 190c x3w 4ms | egraph 38g->44v+0snap 9ms | graft 12 (-61n, 0 snap) cpu 0 | f64 20 | gen 0.2s | dropped inexpr 2 oversz 0 unbuild 0 {}
--------- pump migration: intra (promote-2 + intake-reset) ---------
 281     0     100               0       1.9010984      1.89293918      4.22915739      15.8692112    0.0742496188    0.0650184975
 281     1      50               0      1.90109825      1.89293931       4.2291565      15.8692126    0.0742496131    0.0650185019
          wgpu 2d 361g 327c x3w 8ms | egraph 106g->101v+0snap 31ms | graft 15 (-43n, 0 snap) cpu 0 | f64 30 | gen 0.2s | dropped inexpr 1 oversz 0 unbuild 0 {}
 282     0     100               0       1.9010984      1.89293918      4.22915739      15.8692112    0.0742496188    0.0650184975
 282     1      50               0      1.90109825      1.89293931       4.2291565      15.8692126    0.0742496131    0.0650185019
          wgpu 1d 162g 183c x3w 3ms | egraph 27g->37v+0snap 6ms | graft 10 (-45n, 0 snap) cpu 0 | f64 20 | gen 0.3s
 283     0     100               0       1.9010984      1.89293918      4.22915739      15.8692112    0.0742496188    0.0650184975
 283     1      50               0      1.90109825      1.89293931       4.2291565      15.8692126    0.0742496131    0.0650185019
          wgpu 1d 187g 201c x3w 5ms | egraph 40g->55v+0snap 18ms | graft 12 (-61n, 0 snap) cpu 0 | f64 20 | gen 0.4s
 284     0     100               0       1.9010984      1.89293918      4.22915739      15.8692112    0.0742496188    0.0650184975
 284     1      50               0      1.90109825      1.89293931       4.2291565      15.8692126    0.0742496131    0.0650185019
          wgpu 1d 170g 186c x3w 4ms | egraph 32g->40v+0snap 6ms | graft 9 (-21n, 0 snap) cpu 0 | f64 20 | gen 0.2s | dropped inexpr 1 oversz 0 unbuild 0 {}
 285     0     100               0       1.9010984      1.89293918      4.22915739      15.8692112    0.0742496188    0.0650184975
 285     1      50               0      1.90109825      1.89293931       4.2291565      15.8692126    0.0742496131    0.0650185019
          wgpu 1d 168g 183c x3w 4ms | egraph 33g->37v+0snap 7ms | graft 12 (-55n, 0 snap) cpu 0 | f64 20 | gen 0.2s
 286     0     100               0       1.9010984      1.89293918      4.22915739      15.8692112    0.0742496188    0.0650184975
 286     1      50               0      1.90109825      1.89293931       4.2291565      15.8692126    0.0742496131    0.0650185019
          wgpu 1d 178g 190c x3w 4ms | egraph 34g->44v+0snap 9ms | graft 11 (-43n, 0 snap) cpu 0 | f64 20 | gen 0.2s
 287     0     100               0       1.9010984      1.89293918      4.22915739      15.8692112    0.0742496188    0.0650184975
 287     1      50               0       1.9010984      1.89293919      4.22915738      15.8692112     0.074249619    0.0650184977
          wgpu 1d 167g 180c x3w 4ms | egraph 30g->34v+0snap 7ms | graft 11 (-50n, 0 snap) cpu 0 | f64 20 | gen 0.2s | dropped inexpr 3 oversz 0 unbuild 0 {}
 288     0     100               0       1.9010984      1.89293918      4.22915739      15.8692112    0.0742496188    0.0650184975
 288     1      50               0       1.9010984      1.89293919      4.22915738      15.8692112     0.074249619    0.0650184977
          wgpu 1d 180g 183c x3w 4ms | egraph 33g->37v+0snap 7ms | graft 13 (-47n, 0 snap) cpu 0 | f64 20 | gen 0.2s
 289     0     100               0       1.9010984      1.89293918      4.22915739      15.8692112    0.0742496188    0.0650184975
 289     1      50               0       1.9010984      1.89293919      4.22915738      15.8692112     0.074249619    0.0650184977
          wgpu 1d 174g 182c x3w 4ms | egraph 30g->36v+0snap 6ms | graft 11 (-50n, 0 snap) cpu 0 | f64 20 | gen 0.2s | dropped inexpr 1 oversz 0 unbuild 0 {}
 290     0     100               0       1.9010984      1.89293918      4.22915739      15.8692112    0.0742496188    0.0650184975
 290     1      50               0      1.90109825      1.89293931       4.2291565      15.8692126    0.0742496131    0.0650185019
          wgpu 1d 152g 179c x3w 4ms | egraph 27g->33v+0snap 9ms | graft 9 (-45n, 0 snap) cpu 0 | f64 20 | gen 0.3s
--------- pump migration: intra (promote-2 + intake-reset) ---------
 291     0     100               0      1.90109825      1.89293931       4.2291565      15.8692126    0.0742496131    0.0650185019
 291     1      50               0      1.90109825      1.89293931       4.2291565      15.8692126    0.0742496131    0.0650185019
          wgpu 2d 340g 311c x3w 8ms | egraph 95g->85v+0snap 21ms | graft 19 (-98n, 0 snap) cpu 0 | f64 30 | gen 0.3s | dropped inexpr 8 oversz 0 unbuild 0 {}
 292     0     100               0      1.90109825      1.89293931       4.2291565      15.8692126    0.0742496131    0.0650185019
 292     1      50               0      1.90109825      1.89293931       4.2291565      15.8692126    0.0742496131    0.0650185019
          wgpu 1d 182g 191c x3w 4ms | egraph 41g->45v+0snap 8ms | graft 9 (-20n, 0 snap) cpu 0 | f64 20 | gen 0.2s
 293     0     100               0      1.90109825      1.89293931       4.2291565      15.8692126    0.0742496131    0.0650185019
 293     1      50               0      1.90109825      1.89293931       4.2291565      15.8692126    0.0742496131    0.0650185019
          wgpu 1d 181g 186c x3w 4ms | egraph 42g->40v+0snap 8ms | graft 12 (-49n, 0 snap) cpu 0 | f64 20 | gen 0.2s | dropped inexpr 2 oversz 0 unbuild 0 {}
 294     0     100               0      1.90109825      1.89293931       4.2291565      15.8692126    0.0742496131    0.0650185019
 294     1      50               0      1.90109825      1.89293931       4.2291565      15.8692126    0.0742496131    0.0650185019
          wgpu 1d 184g 196c x3w 4ms | egraph 38g->50v+0snap 15ms | graft 7 (-19n, 0 snap) cpu 0 | f64 20 | gen 0.2s | dropped inexpr 1 oversz 0 unbuild 0 {}
 295     0     100               0      1.90109825      1.89293931       4.2291565      15.8692126    0.0742496131    0.0650185019
 295     1      50               0      1.90109825      1.89293931       4.2291565      15.8692126    0.0742496131    0.0650185019
          wgpu 1d 170g 197c x3w 4ms | egraph 30g->51v+0snap 7ms | graft 10 (-34n, 0 snap) cpu 0 | f64 20 | gen 0.4s | dropped inexpr 1 oversz 0 unbuild 0 {}
 296     0     100               0      1.90109825      1.89293931       4.2291565      15.8692126    0.0742496131    0.0650185019
 296     1      50               0      1.90109825      1.89293931       4.2291565      15.8692126    0.0742496131    0.0650185019
          wgpu 1d 176g 199c x3w 4ms | egraph 40g->53v+0snap 8ms | graft 15 (-52n, 0 snap) cpu 0 | f64 20 | gen 0.3s
 297     0     100               0      1.90109825      1.89293931       4.2291565      15.8692126    0.0742496131    0.0650185019
 297     1      50               0      1.90109825      1.89293931       4.2291565      15.8692126    0.0742496131    0.0650185019
          wgpu 1d 201g 211c x3w 4ms | egraph 46g->65v+0snap 10ms | graft 16 (-49n, 0 snap) cpu 0 | f64 20 | gen 0.3s
 298     0     100               0      1.90109825      1.89293931       4.2291565      15.8692126    0.0742496131    0.0650185019
 298     1      50               0      1.90109825      1.89293931       4.2291565      15.8692126    0.0742496131    0.0650185019
          wgpu 1d 171g 194c x3w 4ms | egraph 41g->48v+0snap 9ms | graft 11 (-41n, 0 snap) cpu 0 | f64 20 | gen 0.3s | dropped inexpr 1 oversz 0 unbuild 0 {}
 299     0     100               0      1.90109825      1.89293931       4.2291565      15.8692126    0.0742496131    0.0650185019
 299     1      50               0      1.90109825      1.89293931       4.2291565      15.8692126    0.0742496131    0.0650185019
          wgpu 1d 180g 193c x3w 4ms | egraph 38g->47v+0snap 8ms | graft 15 (-57n, 0 snap) cpu 0 | f64 20 | gen 0.2s
 300     0     100               0      1.90109825      1.89293931       4.2291565      15.8692126    0.0742496131    0.0650185019
 300     1      50               0       1.9010984      1.89293918      4.22915739      15.8692112    0.0742496187    0.0650184976
          wgpu 1d 195g 210c x3w 4ms | egraph 44g->64v+0snap 9ms | graft 14 (-52n, 0 snap) cpu 0 | f64 20 | gen 0.2s | dropped inexpr 1 oversz 0 unbuild 0 {}
--------- pump migration: intra (promote-2 + intake-reset) + cross ---------
 301     0     100               0      1.90109825      1.89293931       4.2291565      15.8692126    0.0742496131    0.0650185019
 301     1      50               0      1.90109825      1.89293931       4.2291565      15.8692126    0.0742496131    0.0650185019
          wgpu 2d 362g 336c x3w 11ms | egraph 112g->110v+0snap 31ms | graft 19 (-76n, 0 snap) cpu 0 | f64 30 | gen 0.3s | dropped inexpr 7 oversz 0 unbuild 0 {}
 302     0     100               0      1.90109825      1.89293931       4.2291565      15.8692126    0.0742496131    0.0650185019
 302     1      50               0      1.90109825      1.89293931       4.2291565      15.8692126    0.0742496131    0.0650185019
          wgpu 1d 203g 208c x3w 4ms | egraph 39g->62v+0snap 10ms | graft 14 (-56n, 0 snap) cpu 0 | f64 20 | gen 0.2s | dropped inexpr 1 oversz 0 unbuild 0 {}
 303     0     100               0      1.90109825      1.89293931       4.2291565      15.8692126    0.0742496131    0.0650185019
 303     1      50               0      1.90109825      1.89293931       4.2291565      15.8692126    0.0742496131    0.0650185019
          wgpu 1d 181g 189c x3w 4ms | egraph 33g->43v+0snap 11ms | graft 9 (-25n, 0 snap) cpu 0 | f64 20 | gen 0.2s
 304     0     100               0      1.90109825      1.89293931       4.2291565      15.8692126    0.0742496131    0.0650185019
 304     1      50               0      1.90109825      1.89293931       4.2291565      15.8692126    0.0742496131    0.0650185019
          wgpu 1d 164g 186c x3w 4ms | egraph 26g->40v+0snap 6ms | graft 15 (-51n, 0 snap) cpu 0 | f64 20 | gen 0.2s
 305     0     100               0      1.90109825      1.89293931       4.2291565      15.8692126    0.0742496131    0.0650185019
 305     1      50               0      1.90109825      1.89293931       4.2291565      15.8692126    0.0742496131    0.0650185019
          wgpu 1d 195g 205c x3w 4ms | egraph 34g->59v+0snap 7ms | graft 17 (-57n, 0 snap) cpu 0 | f64 20 | gen 0.2s
 306     0     100               0      1.90109825      1.89293931       4.2291565      15.8692126    0.0742496131    0.0650185019
 306     1      50               0      1.90109825      1.89293931       4.2291565      15.8692126    0.0742496131    0.0650185019
          wgpu 1d 156g 186c x3w 5ms | egraph 28g->40v+0snap 8ms | graft 9 (-47n, 0 snap) cpu 0 | f64 20 | gen 0.2s
 307     0     100               0      1.90109825      1.89293931       4.2291565      15.8692126    0.0742496131    0.0650185019
 307     1      50               0      1.90109839      1.89293918      4.22915739      15.8692112    0.0742496187    0.0650184976
          wgpu 1d 188g 195c x3w 4ms | egraph 36g->49v+0snap 7ms | graft 14 (-53n, 0 snap) cpu 0 | f64 20 | gen 0.2s
 308     0     100               0      1.90109825      1.89293931       4.2291565      15.8692126    0.0742496131    0.0650185019
 308     1      50               0      1.90109839      1.89293918      4.22915739      15.8692112    0.0742496187    0.0650184976
          wgpu 1d 163g 197c x3w 4ms | egraph 24g->51v+0snap 6ms | graft 13 (-51n, 0 snap) cpu 0 | f64 20 | gen 0.2s | dropped inexpr 1 oversz 0 unbuild 0 {}
 309     0     100               0       1.9010984      1.89293918      4.22915739      15.8692112    0.0742496187    0.0650184975
 309     1      50               0      1.90109839      1.89293918      4.22915739      15.8692112    0.0742496187    0.0650184976
          wgpu 1d 170g 185c x3w 4ms | egraph 31g->39v+0snap 16ms | graft 10 (-31n, 0 snap) cpu 0 | f64 20 | gen 0.3s | dropped inexpr 1 oversz 0 unbuild 0 {}
 310     0     100               0       1.9010984      1.89293918      4.22915739      15.8692112    0.0742496187    0.0650184975
 310     1      50               0      1.90109825      1.89293931       4.2291565      15.8692126    0.0742496131    0.0650185019
          wgpu 1d 171g 189c x3w 4ms | egraph 44g->43v+0snap 9ms | graft 10 (-41n, 0 snap) cpu 0 | f64 20 | gen 0.3s | dropped inexpr 4 oversz 0 unbuild 0 {}
--------- pump migration: intra (promote-2 + intake-reset) ---------
 311     0     100               0      1.90109825      1.89293931       4.2291565      15.8692126    0.0742496131    0.0650185019
 311     1      50               0      1.90109839      1.89293918      4.22915739      15.8692112    0.0742496187    0.0650184976
          wgpu 2d 356g 336c x3w 17ms | egraph 109g->110v+0snap 24ms | graft 15 (-72n, 0 snap) cpu 0 | f64 30 | gen 0.2s | dropped inexpr 3 oversz 0 unbuild 0 {}
 312     0     100               0       1.9010984      1.89293918      4.22915739      15.8692112    0.0742496187    0.0650184975
 312     1      50               0       1.9010984      1.89293919      4.22915739      15.8692112    0.0742496187    0.0650184977
          wgpu 1d 177g 189c x3w 9ms | egraph 47g->43v+0snap 67ms | graft 12 (-45n, 0 snap) cpu 0 | f64 20 | gen 0.3s
 313     0     100               0       1.9010984      1.89293918      4.22915739      15.8692112    0.0742496187    0.0650184975
 313     1      50               0       1.9010984      1.89293919      4.22915739      15.8692112    0.0742496187    0.0650184977
          wgpu 1d 156g 178c x3w 4ms | egraph 37g->32v+0snap 10ms | graft 9 (-32n, 0 snap) cpu 0 | f64 20 | gen 0.2s
 314     0     100               0       1.9010984      1.89293918      4.22915739      15.8692112    0.0742496187    0.0650184975
 314     1      50               0      1.90109825      1.89293931       4.2291565      15.8692126    0.0742496131    0.0650185019
          wgpu 1d 150g 174c x3w 4ms | egraph 36g->28v+0snap 7ms | graft 6 (-17n, 0 snap) cpu 0 | f64 20 | gen 0.3s | dropped inexpr 1 oversz 0 unbuild 0 {}
 315     0     100               0       1.9010984      1.89293918      4.22915739      15.8692112    0.0742496187    0.0650184975
 315     1      50               0      1.90109825      1.89293931       4.2291565      15.8692126    0.0742496131    0.0650185019
          wgpu 1d 174g 191c x3w 4ms | egraph 47g->45v+0snap 9ms | graft 12 (-43n, 0 snap) cpu 0 | f64 20 | gen 0.2s
 316     0     100               0       1.9010984      1.89293918      4.22915739      15.8692112    0.0742496187    0.0650184975
 316     1      50               0      1.90109825      1.89293931       4.2291565      15.8692126    0.0742496131    0.0650185019
          wgpu 1d 190g 202c x3w 4ms | egraph 43g->56v+0snap 9ms | graft 6 (-20n, 0 snap) cpu 0 | f64 20 | gen 0.3s | dropped inexpr 3 oversz 0 unbuild 0 {}
 317     0     100               0       1.9010984      1.89293918      4.22915739      15.8692112    0.0742496187    0.0650184975
 317     1      50               0      1.90109825      1.89293931       4.2291565      15.8692126    0.0742496131    0.0650185019
          wgpu 1d 160g 181c x3w 4ms | egraph 33g->35v+0snap 8ms | graft 7 (-18n, 0 snap) cpu 0 | f64 20 | gen 0.3s | dropped inexpr 2 oversz 0 unbuild 0 {}
 318     0     100               0      1.90109825      1.89293931       4.2291565      15.8692126    0.0742496131    0.0650185019
 318     1      50               0       1.9010984      1.89293919      4.22915739      15.8692112    0.0742496187    0.0650184977
          wgpu 1d 169g 186c x3w 4ms | egraph 45g->40v+0snap 8ms | graft 7 (-29n, 0 snap) cpu 0 | f64 20 | gen 0.2s
 319     0     100               0      1.90109825      1.89293931       4.2291565      15.8692126    0.0742496131    0.0650185019
 319     1      50               0      1.90109825      1.89293931       4.2291565      15.8692126    0.0742496131    0.0650185019
          wgpu 1d 169g 190c x3w 5ms | egraph 38g->44v+0snap 16ms | graft 17 (-61n, 0 snap) cpu 0 | f64 20 | gen 0.2s
 320     0     100               0      1.90109825      1.89293931       4.2291565      15.8692126    0.0742496131    0.0650185019
 320     1      50               0      1.90109825      1.89293931       4.2291565      15.8692126    0.0742496131    0.0650185019
          wgpu 1d 163g 188c x3w 4ms | egraph 46g->42v+0snap 9ms | graft 9 (-29n, 0 snap) cpu 0 | f64 20 | gen 0.2s
--------- pump migration: intra (promote-2 + intake-reset) ---------
 321     0     100               0      1.90109825      1.89293931       4.2291565      15.8692126    0.0742496131    0.0650185019
 321     1      50               0      1.90109825      1.89293931       4.2291565      15.8692126    0.0742496131    0.0650185019
          wgpu 2d 347g 316c x3w 8ms | egraph 112g->90v+0snap 24ms | graft 22 (-93n, 0 snap) cpu 0 | f64 30 | gen 0.3s | dropped inexpr 3 oversz 0 unbuild 0 {}
 322     0     100               0      1.90109825      1.89293931       4.2291565      15.8692126    0.0742496131    0.0650185019
 322     1      50               0      1.90109825      1.89293931       4.2291565      15.8692126    0.0742496131    0.0650185019
          wgpu 1d 179g 197c x3w 4ms | egraph 49g->51v+0snap 10ms | graft 12 (-54n, 0 snap) cpu 0 | f64 20 | gen 0.2s
 323     0     100               0      1.90109825      1.89293931       4.2291565      15.8692126    0.0742496131    0.0650185019
 323     1      50               0      1.90109825      1.89293931       4.2291565      15.8692126    0.0742496131    0.0650185019
          wgpu 1d 172g 188c x3w 4ms | egraph 46g->42v+0snap 14ms | graft 13 (-54n, 0 snap) cpu 0 | f64 20 | gen 0.2s
 324     0     100               0       1.9010984      1.89293917      4.22915738      15.8692112     0.074249619    0.0650184972
 324     1      50               0       1.9010984      1.89293917      4.22915738      15.8692112     0.074249619    0.0650184972
          wgpu 1d 172g 200c x3w 4ms | egraph 37g->54v+0snap 8ms | graft 6 (-25n, 0 snap) cpu 0 | f64 20 | gen 0.2s | dropped inexpr 1 oversz 0 unbuild 0 {}
 325     0     100               0      1.90109825      1.89293931       4.2291565      15.8692126    0.0742496131    0.0650185019
 325     1      50               0       1.9010984      1.89293917      4.22915738      15.8692112     0.074249619    0.0650184972
          wgpu 1d 170g 184c x3w 4ms | egraph 43g->38v+0snap 9ms | graft 12 (-44n, 0 snap) cpu 0 | f64 20 | gen 0.3s
 326     0     100               0       1.9010984      1.89293917      4.22915738      15.8692112     0.074249619    0.0650184972
 326     1      50               0      1.90109825      1.89293931       4.2291565      15.8692126    0.0742496131    0.0650185019
          wgpu 1d 177g 194c x3w 4ms | egraph 51g->48v+0snap 11ms | graft 6 (-16n, 0 snap) cpu 0 | f64 20 | gen 0.3s
 327     0     100               0       1.9010984      1.89293917      4.22915738      15.8692112     0.074249619    0.0650184972
 327     1      50               0      1.90109825      1.89293931       4.2291565      15.8692126    0.0742496131    0.0650185019
          wgpu 1d 180g 203c x3w 4ms | egraph 52g->57v+0snap 19ms | graft 9 (-45n, 0 snap) cpu 0 | f64 20 | gen 0.3s
 328     0     100               0       1.9010984      1.89293917      4.22915738      15.8692112     0.074249619    0.0650184972
 328     1      50               0      1.90109825      1.89293931       4.2291565      15.8692126    0.0742496131    0.0650185019
          wgpu 1d 166g 189c x3w 4ms | egraph 38g->43v+0snap 7ms | graft 13 (-51n, 0 snap) cpu 0 | f64 20 | gen 0.3s | dropped inexpr 1 oversz 0 unbuild 0 {}
 329     0     100               0       1.9010984      1.89293917      4.22915738      15.8692112     0.074249619    0.0650184972
 329     1      50               0      1.90109825      1.89293931       4.2291565      15.8692126    0.0742496131    0.0650185019
          wgpu 1d 206g 207c x3w 4ms | egraph 56g->61v+0snap 12ms | graft 12 (-45n, 0 snap) cpu 0 | f64 20 | gen 0.4s
 330     0     100               0       1.9010984      1.89293917      4.22915738      15.8692112     0.074249619    0.0650184972
 330     1      50               0      1.90109825      1.89293931       4.2291565      15.8692126    0.0742496131    0.0650185019
          wgpu 1d 173g 193c x3w 4ms | egraph 44g->47v+0snap 8ms | graft 8 (-28n, 0 snap) cpu 0 | f64 20 | gen 0.2s
--------- pump migration: intra (promote-2 + intake-reset) + cross ---------
 331     0     100               0       1.9010984      1.89293917      4.22915738      15.8692112     0.074249619    0.0650184972
 331     1      50               0       1.9010984      1.89293917      4.22915738      15.8692112     0.074249619    0.0650184972
          wgpu 2d 370g 335c x3w 7ms | egraph 96g->109v+0snap 22ms | graft 27 (-90n, 0 snap) cpu 0 | f64 30 | gen 0.3s | dropped inexpr 3 oversz 0 unbuild 0 {}
 332     0     100               0       1.9010984      1.89293917      4.22915738      15.8692112     0.074249619    0.0650184972
 332     1      50               0      1.90109825      1.89293931       4.2291565      15.8692126    0.0742496131    0.0650185019
          wgpu 1d 176g 197c x3w 4ms | egraph 38g->51v+0snap 9ms | graft 12 (-60n, 0 snap) cpu 0 | f64 20 | gen 0.3s | dropped inexpr 1 oversz 0 unbuild 0 {}
 333     0     100               0      1.90109825      1.89293931       4.2291565      15.8692126    0.0742496131    0.0650185019
 333     1      50               0       1.9010984      1.89293917      4.22915738      15.8692112     0.074249619    0.0650184972
          wgpu 1d 174g 199c x3w 4ms | egraph 38g->53v+0snap 8ms | graft 11 (-64n, 0 snap) cpu 0 | f64 20 | gen 0.4s | dropped inexpr 1 oversz 0 unbuild 0 {}
 334     0     100               0       1.9010984      1.89293918      4.22915739      15.8692112    0.0742496187    0.0650184975
 334     1      50               0      1.90109825      1.89293931       4.2291565      15.8692126    0.0742496131    0.0650185019
          wgpu 1d 187g 200c x3w 4ms | egraph 41g->54v+0snap 10ms | graft 10 (-67n, 0 snap) cpu 0 | f64 20 | gen 0.2s | dropped inexpr 2 oversz 0 unbuild 0 {}
 335     0     100               0       1.9010984      1.89293918      4.22915739      15.8692112    0.0742496187    0.0650184975
 335     1      50               0      1.90109825      1.89293931       4.2291565      15.8692126    0.0742496131    0.0650185019
          wgpu 1d 187g 193c x3w 4ms | egraph 44g->47v+0snap 13ms | graft 13 (-47n, 0 snap) cpu 0 | f64 20 | gen 0.3s
 336     0     100               0       1.9010984      1.89293918      4.22915739      15.8692112    0.0742496187    0.0650184975
 336     1      50               0      1.90109825      1.89293931       4.2291565      15.8692126    0.0742496131    0.0650185019
          wgpu 1d 188g 203c x3w 4ms | egraph 36g->57v+0snap 10ms | graft 14 (-68n, 0 snap) cpu 0 | f64 20 | gen 0.3s | dropped inexpr 2 oversz 0 unbuild 0 {}
 337     0     100               0       1.9010984      1.89293918      4.22915739      15.8692112    0.0742496187    0.0650184975
 337     1      50               0      1.90109825      1.89293931       4.2291565      15.8692126    0.0742496131    0.0650185019
          wgpu 1d 181g 204c x3w 4ms | egraph 39g->58v+0snap 9ms | graft 14 (-67n, 0 snap) cpu 0 | f64 20 | gen 0.3s
 338     0     100               0      1.90109825      1.89293931       4.2291565      15.8692126    0.0742496131    0.0650185019
 338     1      50               0      1.90109825      1.89293931       4.2291565      15.8692126    0.0742496131    0.0650185019
          wgpu 1d 223g 221c x3w 5ms | egraph 54g->75v+0snap 11ms | graft 18 (-84n, 0 snap) cpu 0 | f64 20 | gen 0.3s
 339     0     100               0      1.90109825      1.89293931       4.2291565      15.8692126    0.0742496131    0.0650185019
 339     1      50               0      1.90109825      1.89293931       4.2291565      15.8692126    0.0742496131    0.0650185019
          wgpu 1d 184g 201c x3w 4ms | egraph 38g->55v+0snap 8ms | graft 10 (-65n, 0 snap) cpu 0 | f64 20 | gen 0.4s
 340     0     100               0      1.90109825      1.89293931       4.2291565      15.8692126    0.0742496131    0.0650185019
 340     1      50               0      1.90109825      1.89293931       4.2291565      15.8692126    0.0742496131    0.0650185019
          wgpu 1d 173g 194c x3w 4ms | egraph 38g->48v+0snap 8ms | graft 13 (-57n, 0 snap) cpu 0 | f64 20 | gen 0.3s | dropped inexpr 1 oversz 0 unbuild 0 {}
--------- pump migration: intra (promote-2 + intake-reset) ---------
 341     0     100               0      1.90109825      1.89293931       4.2291565      15.8692126    0.0742496131    0.0650185019
 341     1      50               0       1.9010984      1.89293918      4.22915739      15.8692112     0.074249619    0.0650184975
          wgpu 2d 357g 328c x3w 7ms | egraph 94g->102v+0snap 19ms | graft 16 (-89n, 0 snap) cpu 0 | f64 30 | gen 0.2s | dropped inexpr 3 oversz 0 unbuild 0 {}
 342     0     100               0      1.90109825      1.89293931       4.2291565      15.8692126    0.0742496131    0.0650185019
 342     1      50               0      1.90109825      1.89293931       4.2291565      15.8692126    0.0742496131    0.0650185019
          wgpu 1d 204g 212c x3w 4ms | egraph 43g->66v+0snap 10ms | graft 11 (-84n, 0 snap) cpu 0 | f64 20 | gen 0.2s | dropped inexpr 3 oversz 0 unbuild 0 {}
 343     0     100               0      1.90109825      1.89293931       4.2291565      15.8692126    0.0742496131    0.0650185019
 343     1      50               0      1.90109825      1.89293931       4.2291565      15.8692126    0.0742496131    0.0650185019
          wgpu 1d 179g 200c x3w 4ms | egraph 30g->54v+0snap 8ms | graft 13 (-66n, 0 snap) cpu 0 | f64 20 | gen 0.3s
 344     0     100               0      1.90109825      1.89293931       4.2291565      15.8692126    0.0742496131    0.0650185019
 344     1      50               0      1.90109825      1.89293931       4.2291565      15.8692126    0.0742496131    0.0650185019
          wgpu 1d 203g 222c x3w 4ms | egraph 42g->76v+0snap 11ms | graft 12 (-70n, 0 snap) cpu 0 | f64 20 | gen 0.4s | dropped inexpr 4 oversz 0 unbuild 0 {}
 345     0     100               0      1.90109825      1.89293931       4.2291565      15.8692126    0.0742496131    0.0650185019
 345     1      50               0       1.9010984      1.89293918      4.22915739      15.8692112     0.074249619    0.0650184975
          wgpu 1d 205g 206c x3w 4ms | egraph 46g->60v+0snap 10ms | graft 10 (-43n, 0 snap) cpu 0 | f64 20 | gen 0.3s | dropped inexpr 1 oversz 0 unbuild 0 {}
 346     0     100               0       1.9010984      1.89293917      4.22915738      15.8692112     0.074249619    0.0650184972
 346     1      50               0      1.90109825      1.89293931       4.2291565      15.8692126    0.0742496131    0.0650185019
          wgpu 1d 150g 179c x3w 4ms | egraph 39g->33v+0snap 14ms | graft 7 (-24n, 0 snap) cpu 0 | f64 20 | gen 0.2s | dropped inexpr 2 oversz 0 unbuild 0 {}
 347     0     100               0       1.9010984      1.89293917      4.22915738      15.8692112     0.074249619    0.0650184972
 347     1      50               0      1.90109825      1.89293931       4.2291565      15.8692126    0.0742496131    0.0650185019
          wgpu 1d 186g 203c x3w 9ms | egraph 45g->57v+0snap 11ms | graft 14 (-72n, 0 snap) cpu 0 | f64 20 | gen 0.6s | dropped inexpr 1 oversz 0 unbuild 0 {}
 348     0     100               0       1.9010984      1.89293917      4.22915738      15.8692112     0.074249619    0.0650184972
 348     1      50               0      1.90109825      1.89293931       4.2291565      15.8692126    0.0742496131    0.0650185019
          wgpu 1d 201g 207c x3w 4ms | egraph 52g->61v+0snap 14ms | graft 10 (-33n, 0 snap) cpu 0 | f64 20 | gen 0.2s | dropped inexpr 4 oversz 0 unbuild 0 {}
 349     0     100               0       1.9010984      1.89293917      4.22915738      15.8692112     0.074249619    0.0650184972
 349     1      50               0      1.90109825      1.89293931       4.2291565      15.8692126    0.0742496131    0.0650185019
          wgpu 1d 177g 192c x3w 4ms | egraph 36g->46v+0snap 7ms | graft 11 (-66n, 0 snap) cpu 0 | f64 20 | gen 0.2s | dropped inexpr 1 oversz 0 unbuild 0 {}
 350     0     100               0       1.9010984      1.89293917      4.22915738      15.8692112     0.074249619    0.0650184972
 350     1      50               0      1.90109825      1.89293931       4.2291565      15.8692126    0.0742496131    0.0650185019
          wgpu 1d 167g 191c x3w 4ms | egraph 40g->45v+0snap 8ms | graft 9 (-27n, 0 snap) cpu 0 | f64 20 | gen 0.2s | dropped inexpr 6 oversz 0 unbuild 0 {}
--------- pump migration: intra (promote-2 + intake-reset) ---------
 351     0     100               0       1.9010984      1.89293917      4.22915738      15.8692112     0.074249619    0.0650184972
 351     1      50               0      1.90109825      1.89293931       4.2291565      15.8692126    0.0742496131    0.0650185019
          wgpu 2d 365g 332c x3w 7ms | egraph 100g->106v+0snap 20ms | graft 21 (-106n, 0 snap) cpu 0 | f64 30 | gen 0.3s | dropped inexpr 5 oversz 0 unbuild 0 {}
 352     0     100               0      1.90109825      1.89293931       4.2291565      15.8692126    0.0742496131    0.0650185019
 352     1      50               0      1.90109825      1.89293931       4.2291565      15.8692126    0.0742496131    0.0650185019
          wgpu 1d 191g 209c x3w 4ms | egraph 51g->63v+0snap 11ms | graft 12 (-64n, 0 snap) cpu 0 | f64 20 | gen 0.3s | dropped inexpr 3 oversz 0 unbuild 0 {}
 353     0     100               0      1.90109825      1.89293931       4.2291565      15.8692126    0.0742496131    0.0650185019
 353     1      50               0       1.9010984      1.89293918      4.22915739      15.8692112     0.074249619    0.0650184975
          wgpu 1d 195g 193c x3w 4ms | egraph 42g->47v+0snap 9ms | graft 10 (-35n, 0 snap) cpu 0 | f64 20 | gen 0.2s | dropped inexpr 1 oversz 0 unbuild 0 {}
 354     0     100               0      1.90109825      1.89293931       4.2291565      15.8692126    0.0742496131    0.0650185019
 354     1      50               0       1.9010984      1.89293918      4.22915739      15.8692112     0.074249619    0.0650184975
          wgpu 1d 183g 202c x3w 4ms | egraph 50g->56v+0snap 11ms | graft 8 (-50n, 0 snap) cpu 0 | f64 20 | gen 0.2s | dropped inexpr 2 oversz 0 unbuild 0 {}
 355     0     100               0      1.90109825      1.89293931       4.2291565      15.8692126    0.0742496131    0.0650185019
 355     1      50               0       1.9010984      1.89293918      4.22915739      15.8692112     0.074249619    0.0650184975
          wgpu 1d 198g 207c x3w 4ms | egraph 51g->61v+0snap 12ms | graft 11 (-42n, 0 snap) cpu 0 | f64 20 | gen 0.3s | dropped inexpr 1 oversz 0 unbuild 0 {}
 356     0     100               0      1.90109825      1.89293931       4.2291565      15.8692126    0.0742496131    0.0650185019
 356     1      50               0      1.90109825      1.89293931       4.2291565      15.8692126    0.0742496131    0.0650185019
          wgpu 1d 170g 197c x3w 4ms | egraph 34g->51v+0snap 8ms | graft 11 (-33n, 0 snap) cpu 0 | f64 20 | gen 0.4s
 357     0     100               0      1.90109825      1.89293931       4.2291565      15.8692126    0.0742496131    0.0650185019
 357     1      50               0       1.9010984      1.89293916      4.22915738      15.8692111    0.0742496189    0.0650184967
          wgpu 1d 190g 208c x3w 4ms | egraph 37g->62v+0snap 10ms | graft 14 (-67n, 0 snap) cpu 0 | f64 20 | gen 0.6s | dropped inexpr 1 oversz 0 unbuild 0 {}
 358     0     100               0      1.90109825      1.89293931       4.2291565      15.8692126    0.0742496131    0.0650185019
 358     1      50               0       1.9010984      1.89293916      4.22915738      15.8692111    0.0742496189    0.0650184967
          wgpu 1d 191g 188c x3w 4ms | egraph 34g->42v+0snap 8ms | graft 8 (-39n, 0 snap) cpu 0 | f64 20 | gen 0.3s
 359     0     100               0      1.90109825      1.89293931       4.2291565      15.8692126    0.0742496131    0.0650185019
 359     1      50               0       1.9010984      1.89293916      4.22915738      15.8692111    0.0742496189    0.0650184967
          wgpu 1d 206g 215c x3w 4ms | egraph 43g->69v+0snap 12ms | graft 15 (-57n, 0 snap) cpu 0 | f64 20 | gen 0.3s
 360     0     100               0      1.90109825      1.89293931       4.2291565      15.8692126    0.0742496131    0.0650185019
 360     1      50               0       1.9010984      1.89293916      4.22915738      15.8692111    0.0742496189    0.0650184967
          wgpu 1d 200g 205c x3w 4ms | egraph 40g->59v+0snap 8ms | graft 11 (-48n, 0 snap) cpu 0 | f64 20 | gen 0.3s
--------- pump migration: intra (promote-2 + intake-reset) + cross ---------
 361     0     100               0       1.9010984      1.89293917      4.22915738      15.8692112     0.074249619    0.0650184972
 361     1      50               0       1.9010984      1.89293916      4.22915738      15.8692111    0.0742496189    0.0650184967
          wgpu 2d 346g 314c x3w 7ms | egraph 102g->88v+0snap 22ms | graft 19 (-77n, 0 snap) cpu 0 | f64 30 | gen 0.2s | dropped inexpr 3 oversz 0 unbuild 0 {}
 362     0     100               0       1.9010984      1.89293917      4.22915738      15.8692112     0.074249619    0.0650184972
 362     1      50               0      1.90109825      1.89293931       4.2291565      15.8692126    0.0742496131    0.0650185019
          wgpu 1d 202g 210c x3w 4ms | egraph 44g->64v+0snap 13ms | graft 15 (-75n, 0 snap) cpu 0 | f64 20 | gen 0.3s | dropped inexpr 1 oversz 0 unbuild 0 {}
 363     0     100               0      1.90109839      1.89293918      4.22915739      15.8692112    0.0742496187    0.0650184976
 363     1      50               0      1.90109825      1.89293931       4.2291565      15.8692126    0.0742496131    0.0650185019
          wgpu 1d 184g 194c x3w 4ms | egraph 37g->48v+0snap 11ms | graft 11 (-51n, 0 snap) cpu 0 | f64 20 | gen 0.2s | dropped inexpr 1 oversz 0 unbuild 0 {}
 364     0     100               0       1.9010984      1.89293917      4.22915738      15.8692112     0.074249619    0.0650184972
 364     1      50               0      1.90109825      1.89293931       4.2291565      15.8692126    0.0742496131    0.0650185019
          wgpu 1d 159g 180c x3w 3ms | egraph 27g->34v+0snap 6ms | graft 4 (-18n, 0 snap) cpu 0 | f64 20 | gen 0.2s
 365     0     100               0      1.90109839      1.89293918      4.22915739      15.8692112    0.0742496187    0.0650184976
 365     1      50               0      1.90109825      1.89293931       4.2291565      15.8692126    0.0742496131    0.0650185019
          wgpu 1d 185g 192c x3w 4ms | egraph 39g->46v+0snap 9ms | graft 5 (-22n, 0 snap) cpu 0 | f64 20 | gen 0.2s | dropped inexpr 1 oversz 0 unbuild 0 {}
 366     0     100               0      1.90109839      1.89293918      4.22915739      15.8692112    0.0742496187    0.0650184976
 366     1      50               0      1.90109825      1.89293931       4.2291565      15.8692126    0.0742496131    0.0650185019
          wgpu 1d 209g 205c x3w 4ms | egraph 49g->59v+0snap 19ms | graft 14 (-97n, 0 snap) cpu 0 | f64 20 | gen 0.4s | dropped inexpr 1 oversz 0 unbuild 0 {}
 367     0     100               0      1.90109839      1.89293918      4.22915739      15.8692112    0.0742496187    0.0650184976
 367     1      50               0       1.9010984      1.89293916      4.22915738      15.8692111    0.0742496189    0.0650184967
          wgpu 1d 204g 208c x3w 4ms | egraph 58g->62v+0snap 11ms | graft 12 (-59n, 0 snap) cpu 0 | f64 20 | gen 0.2s | dropped inexpr 3 oversz 0 unbuild 0 {}
 368     0     100               0      1.90109839      1.89293918      4.22915739      15.8692112    0.0742496187    0.0650184976
 368     1      50               0      1.90109825      1.89293931       4.2291565      15.8692126    0.0742496131    0.0650185019
          wgpu 1d 160g 185c x3w 4ms | egraph 31g->39v+0snap 7ms | graft 10 (-49n, 0 snap) cpu 0 | f64 20 | gen 0.3s | dropped inexpr 3 oversz 0 unbuild 0 {}
 369     0     100               0      1.90109839      1.89293918      4.22915739      15.8692112    0.0742496187    0.0650184976
 369     1      50               0       1.9010984      1.89293916      4.22915738      15.8692111    0.0742496189    0.0650184967
          wgpu 1d 174g 202c x3w 4ms | egraph 40g->56v+0snap 9ms | graft 12 (-54n, 0 snap) cpu 0 | f64 20 | gen 0.3s | dropped inexpr 6 oversz 0 unbuild 0 {}
 370     0     100               0      1.90109839      1.89293918      4.22915739      15.8692112    0.0742496187    0.0650184976
 370     1      50               0      1.90109825      1.89293931       4.2291565      15.8692126    0.0742496131    0.0650185019
          wgpu 1d 176g 196c x3w 4ms | egraph 36g->50v+0snap 8ms | graft 11 (-41n, 0 snap) cpu 0 | f64 20 | gen 0.3s | dropped inexpr 5 oversz 0 unbuild 0 {}
--------- pump migration: intra (promote-2 + intake-reset) ---------
 371     0     100               0      1.90109839      1.89293918      4.22915739      15.8692112    0.0742496187    0.0650184976
 371     1      50               0      1.90109825      1.89293931       4.2291565      15.8692126    0.0742496131    0.0650185019
          wgpu 2d 325g 314c x3w 7ms | egraph 98g->88v+0snap 25ms | graft 15 (-63n, 0 snap) cpu 0 | f64 30 | gen 0.2s | dropped inexpr 5 oversz 0 unbuild 0 {}
 372     0     100               0      1.90109839      1.89293918      4.22915739      15.8692112    0.0742496187    0.0650184976
 372     1      50               0      1.90109825      1.89293931       4.2291565      15.8692126    0.0742496131    0.0650185019
          wgpu 1d 172g 194c x3w 4ms | egraph 38g->48v+0snap 8ms | graft 9 (-39n, 0 snap) cpu 0 | f64 20 | gen 0.3s | dropped inexpr 2 oversz 0 unbuild 0 {}
 373     0     100               0      1.90109839      1.89293918      4.22915739      15.8692112    0.0742496187    0.0650184976
 373     1      50               0      1.90109825      1.89293931       4.2291565      15.8692126    0.0742496131    0.0650185019
          wgpu 1d 169g 188c x3w 4ms | egraph 34g->42v+0snap 16ms | graft 8 (-34n, 0 snap) cpu 0 | f64 20 | gen 0.2s | dropped inexpr 2 oversz 0 unbuild 0 {}
 374     0     100               0      1.90109839      1.89293918      4.22915739      15.8692112    0.0742496187    0.0650184976
 374     1      50               0      1.90109825      1.89293931       4.2291565      15.8692126    0.0742496131    0.0650185019
          wgpu 1d 169g 188c x3w 4ms | egraph 33g->42v+0snap 10ms | graft 4 (-27n, 0 snap) cpu 0 | f64 20 | gen 0.4s | dropped inexpr 2 oversz 0 unbuild 0 {}
 375     0     100               0      1.90109839      1.89293918      4.22915739      15.8692112    0.0742496187    0.0650184976
 375     1      50               0      1.90109825      1.89293931       4.2291565      15.8692126    0.0742496131    0.0650185019
          wgpu 1d 165g 182c x3w 4ms | egraph 40g->36v+0snap 8ms | graft 8 (-28n, 0 snap) cpu 0 | f64 20 | gen 0.3s | dropped inexpr 4 oversz 0 unbuild 0 {}
 376     0     100               0      1.90109839      1.89293918      4.22915739      15.8692112    0.0742496187    0.0650184976
 376     1      50               0      1.90109825      1.89293931       4.2291565      15.8692126    0.0742496131    0.0650185019
          wgpu 1d 166g 179c x3w 4ms | egraph 43g->33v+0snap 8ms | graft 5 (-22n, 0 snap) cpu 0 | f64 20 | gen 0.2s | dropped inexpr 8 oversz 0 unbuild 0 {}
 377     0     100               0      1.90109839      1.89293918      4.22915739      15.8692112    0.0742496187    0.0650184976
 377     1      50               0      1.90109825      1.89293931       4.2291565      15.8692126    0.0742496131    0.0650185019
          wgpu 1d 178g 190c x3w 4ms | egraph 40g->44v+0snap 8ms | graft 7 (-39n, 0 snap) cpu 0 | f64 20 | gen 0.3s | dropped inexpr 8 oversz 0 unbuild 0 {}
 378     0     100               0      1.90109839      1.89293918      4.22915739      15.8692112    0.0742496187    0.0650184976
 378     1      50               0      1.90109825      1.89293931       4.2291565      15.8692126    0.0742496131    0.0650185019
          wgpu 1d 176g 181c x3w 4ms | egraph 47g->35v+0snap 14ms | graft 6 (-22n, 0 snap) cpu 0 | f64 20 | gen 0.3s | dropped inexpr 7 oversz 0 unbuild 0 {}
 379     0     100               0      1.90109839      1.89293918      4.22915739      15.8692112    0.0742496187    0.0650184976
 379     1      50               0      1.90109825      1.89293931       4.2291565      15.8692126    0.0742496131    0.0650185019
          wgpu 1d 190g 201c x3w 4ms | egraph 44g->55v+0snap 9ms | graft 11 (-64n, 0 snap) cpu 0 | f64 20 | gen 0.4s | dropped inexpr 4 oversz 0 unbuild 0 {}
 380     0     100               0      1.90109839      1.89293918      4.22915739      15.8692112    0.0742496187    0.0650184976
 380     1      50               0      1.90109825      1.89293931       4.2291565      15.8692126    0.0742496131    0.0650185019
          wgpu 1d 199g 198c x3w 4ms | egraph 46g->52v+0snap 13ms | graft 10 (-37n, 0 snap) cpu 0 | f64 20 | gen 0.3s | dropped inexpr 6 oversz 0 unbuild 0 {}
--------- pump migration: intra (promote-2 + intake-reset) ---------
 381     0     100               0      1.90109839      1.89293918      4.22915739      15.8692112    0.0742496187    0.0650184976
 381     1      50               0      1.90109839      1.89293918      4.22915739      15.8692112    0.0742496187    0.0650184976
          wgpu 2d 354g 348c x3w 8ms | egraph 119g->122v+0snap 31ms | graft 24 (-115n, 0 snap) cpu 0 | f64 30 | gen 0.4s | dropped inexpr 4 oversz 0 unbuild 0 {}
 382     0     100               0      1.90109839      1.89293918      4.22915739      15.8692112    0.0742496187    0.0650184976
 382     1      50               0      1.90109839      1.89293918      4.22915739      15.8692112    0.0742496187    0.0650184976
          wgpu 1d 157g 188c x3w 3ms | egraph 27g->42v+0snap 8ms | graft 12 (-56n, 0 snap) cpu 0 | f64 20 | gen 0.4s | dropped inexpr 3 oversz 0 unbuild 0 {}
 383     0     100               0      1.90109839      1.89293918      4.22915739      15.8692112    0.0742496187    0.0650184976
 383     1      50               0      1.90109839      1.89293918      4.22915739      15.8692112    0.0742496187    0.0650184976
          wgpu 1d 177g 193c x3w 4ms | egraph 32g->47v+0snap 8ms | graft 7 (-23n, 0 snap) cpu 0 | f64 20 | gen 0.2s | dropped inexpr 2 oversz 0 unbuild 0 {}
 384     0     100               0      1.90109839      1.89293918      4.22915739      15.8692112    0.0742496187    0.0650184976
 384     1      50               0      1.90109839      1.89293918      4.22915739      15.8692112    0.0742496187    0.0650184976
          wgpu 1d 151g 182c x3w 3ms | egraph 23g->36v+0snap 9ms | graft 10 (-49n, 0 snap) cpu 0 | f64 20 | gen 0.3s | dropped inexpr 2 oversz 0 unbuild 0 {}
 385     0     100               0      1.90109839      1.89293918      4.22915739      15.8692112    0.0742496187    0.0650184976
 385     1      50               0      1.90109825      1.89293931       4.2291565      15.8692126    0.0742496131    0.0650185019
          wgpu 1d 146g 175c x3w 4ms | egraph 23g->29v+0snap 5ms | graft 4 (-12n, 0 snap) cpu 0 | f64 20 | gen 0.3s | dropped inexpr 3 oversz 0 unbuild 0 {}
 386     0     100               0      1.90109839      1.89293918      4.22915739      15.8692112    0.0742496187    0.0650184976
 386     1      50               0      1.90109825      1.89293931       4.2291565      15.8692126    0.0742496131    0.0650185019
          wgpu 1d 176g 198c x3w 11ms | egraph 31g->52v+0snap 6ms | graft 11 (-39n, 0 snap) cpu 0 | f64 20 | gen 0.2s | dropped inexpr 3 oversz 0 unbuild 0 {}
 387     0     100               0      1.90109839      1.89293918      4.22915739      15.8692112    0.0742496187    0.0650184976
 387     1      50               0      1.90109825      1.89293931       4.2291565      15.8692126    0.0742496131    0.0650185019
          wgpu 1d 164g 188c x3w 4ms | egraph 25g->42v+0snap 7ms | graft 5 (-12n, 0 snap) cpu 0 | f64 20 | gen 0.2s | dropped inexpr 3 oversz 0 unbuild 0 {}
 388     0     100               0      1.40825876      1.18318895      3.81632751      10.7679472    0.0550011911    0.0406400632
 388     1      50               0      1.90109825      1.89293931       4.2291565      15.8692126    0.0742496131    0.0650185019
          wgpu 1d 177g 189c x3w 4ms | egraph 38g->43v+0snap 8ms | graft 7 (-22n, 0 snap) cpu 0 | f64 20 | gen 0.3s | dropped inexpr 2 oversz 0 unbuild 0 {}
 389     0     100               0      1.40825876      1.18318895      3.81632751      10.7679472    0.0550011911    0.0406400632
 389     1      50               0      1.90109825      1.89293931       4.2291565      15.8692126    0.0742496131    0.0650185019
          wgpu 1d 143g 183c x3w 3ms | egraph 45g->37v+0snap 20ms | graft 4 (-12n, 0 snap) cpu 0 | f64 20 | gen 0.2s | dropped inexpr 3 oversz 0 unbuild 0 {}
 390     0     100               0      1.40825876      1.18318895      3.81632751      10.7679472    0.0550011911    0.0406400632
 390     1      50               0      1.90109825      1.89293931       4.2291565      15.8692126    0.0742496131    0.0650185019
          wgpu 1d 176g 184c x3w 4ms | egraph 54g->38v+0snap 18ms | graft 1 (-10n, 0 snap) cpu 0 | f64 20 | gen 0.2s | dropped inexpr 3 oversz 0 unbuild 0 {}
--------- pump migration: intra (promote-2 + intake-reset) + cross ---------
 391     0     100               0      1.40825876      1.18318895      3.81632751      10.7679472    0.0550011911    0.0406400632
 391     1      50               0      1.90109825      1.89293931       4.2291565      15.8692126    0.0742496131    0.0650185019
          wgpu 2d 322g 315c x3w 8ms | egraph 113g->89v+0snap 35ms | graft 18 (-119n, 0 snap) cpu 0 | f64 30 | gen 0.2s | dropped inexpr 4 oversz 0 unbuild 0 {}
--------- pump migration: cross-class ---------
 392     0     100               0      1.40825876      1.18318895      3.81632751      10.7679472    0.0550011911    0.0406400632
 392     1      50               0      1.40825876      1.18318895      3.81632751      10.7679472    0.0550011911    0.0406400632
          wgpu 2d 328g 363c x3w 7ms | egraph 108g->137v+0snap 22ms | graft 21 (-129n, 0 snap) cpu 0 | f64 30 | gen 0.3s | dropped inexpr 5 oversz 0 unbuild 0 {}
--------- pump migration: cross-class ---------
 393     0     100               0      1.40825876      1.18318895      3.81632751      10.7679472    0.0550011911    0.0406400632
 393     1      50               0      1.40825876      1.18318895      3.81632751      10.7679472    0.0550011911    0.0406400632
          wgpu 2d 323g 322c x3w 7ms | egraph 103g->96v+0snap 23ms | graft 21 (-108n, 0 snap) cpu 0 | f64 30 | gen 0.2s | dropped inexpr 5 oversz 0 unbuild 0 {}
--------- pump migration: cross-class ---------
 394     0     100               0      1.40825876      1.18318895      3.81632751      10.7679472    0.0550011911    0.0406400632
 394     1      50               0      1.40825876      1.18318895      3.81632751      10.7679472    0.0550011911    0.0406400632
          wgpu 2d 316g 318c x3w 7ms | egraph 108g->92v+0snap 20ms | graft 22 (-98n, 0 snap) cpu 0 | f64 30 | gen 0.1s | dropped inexpr 5 oversz 0 unbuild 0 {}
--------- pump migration: cross-class ---------
 395     0     100               0      1.40825876      1.18318895      3.81632751      10.7679472    0.0550011911    0.0406400632
 395     1      50               0      1.40825876      1.18318895      3.81632751      10.7679472    0.0550011911    0.0406400632
          wgpu 2d 289g 300c x3w 7ms | egraph 90g->74v+0snap 20ms | graft 17 (-80n, 0 snap) cpu 0 | f64 30 | gen 0.1s | dropped inexpr 3 oversz 0 unbuild 0 {}
--------- pump migration: cross-class ---------
 396     0     100               0      1.40825876      1.18318895      3.81632751      10.7679472    0.0550011911    0.0406400632
 396     1      50               0      1.40825876      1.18318895      3.81632751      10.7679472    0.0550011911    0.0406400632
          wgpu 2d 299g 297c x3w 6ms | egraph 85g->71v+0snap 23ms | graft 14 (-50n, 0 snap) cpu 0 | f64 30 | gen 0.1s | dropped inexpr 6 oversz 0 unbuild 0 {}
--------- pump migration: cross-class ---------
 397     0     100               0      1.40825876      1.18318895      3.81632751      10.7679472    0.0550011911    0.0406400632
 397     1      50               0      1.40825876      1.18318895      3.81632751      10.7679472    0.0550011911    0.0406400632
          wgpu 2d 328g 325c x3w 8ms | egraph 96g->99v+0snap 24ms | graft 14 (-77n, 0 snap) cpu 0 | f64 30 | gen 0.1s | dropped inexpr 5 oversz 0 unbuild 0 {}
--------- pump migration: cross-class ---------
 398     0     100               0      1.40825876      1.18318895      3.81632751      10.7679472    0.0550011911    0.0406400632
 398     1      50               0      1.40825876      1.18318895      3.81632751      10.7679472    0.0550011911    0.0406400632
          wgpu 2d 335g 322c x3w 8ms | egraph 101g->96v+0snap 24ms | graft 12 (-50n, 0 snap) cpu 0 | f64 30 | gen 0.3s | dropped inexpr 7 oversz 0 unbuild 0 {}
--------- pump migration: cross-class ---------
 399     0     100               0      1.40825876      1.18318895      3.81632751      10.7679472    0.0550011911    0.0406400632
 399     1      50               0      1.40825876      1.18318895      3.81632751      10.7679472    0.0550011911    0.0406400632
          wgpu 2d 295g 299c x3w 7ms | egraph 98g->73v+0snap 22ms | graft 8 (-27n, 0 snap) cpu 0 | f64 30 | gen 0.1s | dropped inexpr 6 oversz 0 unbuild 0 {}
--------- pump migration: cross-class ---------
 400     0     100               0      6.76520272      7.40294824      6.43088073      44.1055673     0.264222896     0.254275772
 400     1      50               0      1.40825876      1.18318895      3.81632751      10.7679472    0.0550011911    0.0406400632
          wgpu 2d 326g 323c x3w 10ms | egraph 111g->97v+0snap 32ms | graft 20 (-101n, 0 snap) cpu 0 | f64 30 | gen 0.1s | dropped inexpr 9 oversz 0 unbuild 0 {}
--------- pump migration: intra (promote-2 + intake-reset) + cross ---------

This sub-run: 2026-09-19 07:18:03.647804 → 2026-09-19 07:20:58.382308
Now at generation 400 (HOF size: 30)
[join] 450 dispatches, 87,649 genes, 300,450 candidates scored in 2.12s GPU+host; e-graph 22,682 trees -> 37,679 variants + 0 snaps in 6.07s; 6,130 grafts (0 snap), 32,250 nodes removed; cpu-path individuals 0, f64-rejected 0, snaps refused for naming an input 0
[join]   inexpressible:    812  no pset token for semantic id "pow" with arity 2
[join]   inexpressible:      4  no pset token for semantic id "div" with arity 2
  HFF-chosen LSM kept: a=1.50551, b=1.74457
Chromosome wrapper: id=0  →  identity
hof[0] runtime val: mse=2.086e+00  R²=0.928367
Pre-snap expression (after sympify + LSM compose):
  -0.501837450931131*B - 0.501837450931131*T - 0.501837450931131*kb + 0.501837450931131*mom*(B + n_rho) + 1.00367490186226*n_rho + 0.501837450931131*sin(sin(T)) - 0.764619011493542

Per-level snap results (before MSE scoring):
  strict      →  -0.501837450931131*B - 0.501837450931131*T - 0.501837450931131*kb + 0.501837450931131*mom*(B + n_rho) + 1.00367490186226*n_rho + 0.501837450931131*sin(sin(T)) - 0.764619011493542
  default     →  -0.159664978390529*pi*B - 0.159664978390529*pi*T - 0.159664978390529*pi*kb + 0.159664978390529*pi*mom*(B + n_rho) + 0.319329956781059*pi*n_rho + 0.159664978390529*pi*sin(sin(T)) - 0.764619011493542
  aggressive  →  -0.159664978390529*pi*B - 0.159664978390529*pi*T - 0.159664978390529*pi*kb + 0.159664978390529*pi*mom*(B + n_rho) + 0.319329956781059*pi*n_rho + 0.159664978390529*pi*sin(sin(T)) - 0.764619011493542

Snap-level comparison (sorted by holdout MSE, lowest first)
------------------------------------------------------------------------------------------
  level       MSE            R²         expression                                        
------------------------------------------------------------------------------------------
★ strict      2.373          0.9117     -0.501837450931131*B - 0.501837450931131*T - 0.501
  default     2.373          0.9117     -0.159664978390529*pi*B - 0.159664978390529*pi*T -
  aggressive  2.373          0.9117     -0.159664978390529*pi*B - 0.159664978390529*pi*T -

Winning snap level: 'strict'  →  -0.501837450931131*B - 0.501837450931131*T - 0.501837450931131*kb + 0.501837450931131*mom*(B + n_rho) + 1.00367490186226*n_rho + 0.501837450931131*sin(sin(T)) - 0.764619011493542

Canonical discovered expression: -0.501837450931131*B - 0.501837450931131*T - 0.501837450931131*kb + 0.501837450931131*mom*(B + n_rho) + 1.00367490186226*n_rho + 0.501837450931131*sin(sin(T)) - 0.764619011493542
[38;2;0;50;255m
############################################################ [38;2;255;255;255m
[38;2;0;50;255m Equation Recovery: II_35_21 [38;2;255;255;255m
[38;2;0;50;255m Truth: n_rho*mom*tanh(mom*B/(kb*T)) [38;2;255;255;255m
[38;2;0;50;255m [38;2;255;255;255m
[38;2;255;0;255m     Exact recovery     : False [38;2;255;255;255m
[38;2;255;0;255m     Numerical recovery : False (max rel_err 1.51e+02 on 10k samples) [38;2;255;255;255m
[38;2;255;0;255m     Discovered         : -0.501837450931131*B - 0.501837450931131*T - 0.501837450931131*kb + 0.501837450931131*mom*(B + n_rho) + 1.00367490186226*n_rho + 0.501837450931131*sin(sin(T)) - 0.764619011493542 [38;2;255;255;255m
[38;2;255;0;255m     LSM (a, b)         : (1.50551, 1.74457) [38;2;255;255;255m
[38;2;0;50;255m
############################################################ [38;2;255;255;255m
In-range holdout : MSE=2.373  MAE=1.147  R²=0.9117
Extrapolation    : MSE=19.51  MAE=3.336  R²=0.8483

Top 10 HOF models (north_pole=truenorth) (★ = Pareto-optimal)
(deduped HOF: 16 unique chromosomes from 30 raw HOF entries)
 ----------------------------------------------------------------------------------------------------------------
       model     wrapper      length   train_mse     val_mse     max_err    train_r2      val_r2 angular_distance
 ----------------------------------------------------------------------------------------------------------------
★           0    identity          21      2.3005      2.0855      4.4302      0.9102      0.9284      0.0082
           27    identity          26      2.3076      2.2856      4.5354      0.9099      0.9215      0.0500
           24    identity          19      2.4396      2.2215      4.7878      0.9047      0.9237      0.1057
           23    identity          19      2.4396      2.2215      4.7878      0.9047      0.9237      0.1057
           19    identity          19      2.4396      2.2215      4.7878      0.9047      0.9237      0.1057
           13    identity          19      2.4396      2.2215      4.7878      0.9047      0.9237      0.1057
           12    identity          19      2.4396      2.2215      4.7878      0.9047      0.9237      0.1057
           10    identity          19      2.4396      2.2215      4.7878      0.9047      0.9237      0.1057
            9    identity          19      2.4396      2.2215      4.7878      0.9047      0.9237      0.1057
            6    identity          28      2.4363      2.2732      4.9239      0.9048      0.9219      0.1420

Pareto-optimal in top 10: 1    Pareto-optimal in full HOF: 2 / 16

Recovery sweep across 12/16 unique HOF chromosomes (capped):
  Structural / exact     : 0/12  (0.0%)
  Numerical (≤1e-6 err)  : 0/12  (0.0%)
{
    "date": "2026/09/19",
    "seed": "5",
    "task": "equation_recovery",
    "north_pole_method": "truenorth",
    "hff_include_val": true,
    "problem": "II_35_21",
    "truth_expr": "n_rho*mom*tanh(mom*B/(kb*T))",
    "final_terminal_inputs": [
        "n_rho",
        "mom",
        "B",
        "kb",
        "T"
    ],
    "wide_primitives": true,
    "head_length": "48",
    "n_genes": "3",
    "rnc_array_length": "10",
    "tournament size": "intake=8, champion=5",
    "population size": "150",
    "population per island": "intake=100, champion=50",
    "gpu_join": true,
    "eclass_k": 8,
    "number of elites": "2",
    "number of generations": "400",
    "number of islands": "2",
    "migration FREQ": "30",
    "wrapper_id": 0,
    "wrapper_name": "identity",
    "recovery_exact": false,
    "recovery_numerical": false,
    "recovery_max_rel_err": 151.08301618360522,
    "discovered_expr": "-0.501837450931131*B - 0.501837450931131*T - 0.501837450931131*kb + 0.501837450931131*mom*(B + n_rho) + 1.00367490186226*n_rho + 0.501837450931131*sin(sin(T)) - 0.764619011493542",
    "holdout_mse": 2.37263764560711,
    "holdout_r2": 0.9116861155586325,
    "extrap_mse": 19.51079385086179,
    "extrap_r2": 0.8482906211313377,
    "hof_size": 16,
    "hof_exact_recoveries": 0,
    "hof_numerical_recoveries": 0
}
