/opt/anaconda3/lib/python3.12/site-packages/geppy/__init__.py:26: UserWarning: pkg_resources is deprecated as an API. See https://setuptools.pypa.io/en/latest/pkg_resources.html. The pkg_resources package is slated for removal as early as 2025-11-30. Refrain from using this package or pin to Setuptools<81.
  from pkg_resources import get_distribution, DistributionNotFound
hff library OK (test fitness: (0.1415394733244273,))
registry: ['circle_area', 'gravity', 'coulomb', 'pendulum', 'keplers3', 'ideal_gas', 'I_6_2a', 'I_6_2', 'I_6_2b', 'I_8_14', 'I_9_18', 'I_10_7', 'I_11_19', 'I_12_1', 'I_12_2', 'I_12_4', 'I_12_5', 'I_12_11', 'I_13_4', 'I_13_12', 'I_14_3', 'I_14_4', 'I_15_3x', 'I_15_3t', 'I_15_1', 'I_16_6', 'I_18_4', 'I_18_12', 'I_18_14', 'I_24_6', 'I_25_13', 'I_26_2', 'I_27_6', 'I_29_4', 'I_29_16', 'I_30_3', 'I_30_5', 'I_32_5', 'I_32_17', 'I_34_8', 'I_34_1', 'I_34_14', 'I_34_27', 'I_37_4', 'I_38_12', 'I_39_1', 'I_39_11', 'I_39_22', 'I_40_1', 'I_41_16', 'I_43_16', 'I_43_31', 'I_43_43', 'I_44_4', 'I_47_23', 'I_48_2', 'I_50_26', 'II_2_42', 'II_3_24', 'II_4_23', 'II_6_11', 'II_6_15a', 'II_6_15b', 'II_8_7', 'II_8_31', 'II_10_9', 'II_11_3', 'II_11_17', 'II_11_20', 'II_11_27', 'II_11_28', 'II_13_17', 'II_13_23', 'II_13_34', 'II_15_4', 'II_15_5', 'II_21_32', 'II_24_17', 'II_27_16', 'II_27_18', 'II_34_2a', 'II_34_2', 'II_34_11', 'II_34_29a', 'II_34_29b', 'II_35_18', 'II_35_21', 'II_36_38', 'II_37_1', 'II_38_3', 'II_38_14', 'III_4_32', 'III_4_33', 'III_7_38', 'III_8_54', 'III_9_52', 'III_10_19', 'III_12_43', 'III_13_18', 'III_14_14', 'III_15_12', 'III_15_14', 'III_15_27', 'III_17_37', 'III_19_51', 'III_21_20', 'test_1', 'test_2', 'test_3', 'test_4', 'test_5', 'test_6', 'test_7', 'test_8', 'test_9', 'test_10', 'test_11', 'test_12', 'test_13', 'test_14', 'test_15', 'test_16', 'test_17', 'test_18', 'test_19', 'test_20']
[feynman override] head_length=48 (keep n_genes=3, avgval linker)
Selected problem: II_38_14
  Description : Feynman I-III II.38.14: mu_S = Y/(2*(1+sigma))
  Variables   : ['Y', 'sigma']
  Train range : {'Y': (1.0, 5.0), 'sigma': (1.0, 5.0)}
  Extrap range: {'Y': (1.0, 7.5), 'sigma': (1.0, 7.5)}
  Truth       : Y/(2*(1+sigma))
  ✓ cache hit  (data/equations/II_38_14, key=dcb169b08c029d0f)
  train           (800, 3)  target range=[0.08889, 1.19]
  val             (200, 3)  target range=[0.0867, 1.146]
  holdout         (200, 3)  target range=[0.0966, 0.9867]
  extrapolation   (200, 3)  target range=[0.06911, 1.678]
  saved figure → data/figures/II_38_14/eda_pairplot.png
Wide primitive set enabled: sin, cos, exp, log added.
[E22 rules] variable pattern tags: {'has_gaussian_input'}
[E22/23 rules] static candidate count: 1
[E22/23 rules] allowed to take a fitness slot (exact): 0
  [sum_sq_all/sum_sq] a=0.0023 b=3.7519e-01 1-R²_va=9.9185e-01
[fuller] denoise + snap IN THE JOIN (every gene, every generation, K=8); mutation operators: physics=0.2 concretize=0.05
Wrapper scope: per_island  (island → wrapper map: ['identity', 'identity'])
[wgpu] process pool disabled — Metal cannot survive fork(); the population is evaluated in one dispatch instead
Genes: head_length=48, n_genes=3, rnc_array_length=10
Population: (per-island, see below), elites: 2, generations: 400, migration FREQ: 30
  pump per-island sizes: intake=100 (tournsize=8), champion=50 (tournsize=5)
Initialising evolution at 2026-09-19 07:19:38.544573
 gen  deme   evals     min fitness          mse_tr          mse_va         max_err      mse_extrap  one_minus_r2_tr  one_minus_r2_va
   0     0     100  0.000216983282  0.000679763956  0.000671888391    0.0975421131   0.00231939734    0.0144041412    0.0116505648
   0     1      50               0  0.000811900824  0.000829436586     0.104820722   0.00201433508    0.0172041103    0.0143824552
          wgpu 1d 362g 324c x3w 9ms | egraph 192g->174v+0snap 81ms | graft 23 (-103n, 0 snap) cpu 0 | f64 30 | gen 0.0s | dropped inexpr 8 oversz 0 unbuild 0 {}
Extending evolution: gen 1 → 400 (+400 generations)
   1     0     100  0.000216983282  0.000679763956  0.000671888391    0.0975421131   0.00231939734    0.0144041412    0.0116505648
   1     1      50               0  0.000811900824  0.000829436586     0.104820722   0.00201433508    0.0172041103    0.0143824552
          wgpu 1d 296g 455c x3w 6ms | egraph 127g->309v+0snap 35ms | graft 29 (-79n, 0 snap) cpu 0 | f64 34 | gen 0.5s | dropped inexpr 41 oversz 0 unbuild 0 {}
   2     0     100               0  0.000239240446  0.000226011854    0.0437890511  0.000931521908   0.00506948496   0.00391905229
   2     1      50               0  0.000811900824  0.000829436586     0.104820722   0.00201433508    0.0172041103    0.0143824552
          wgpu 1d 387g 550c x3w 6ms | egraph 148g->404v+0snap 30ms | graft 46 (-194n, 0 snap) cpu 0 | f64 30 | gen 0.9s | dropped inexpr 64 oversz 0 unbuild 0 {}
   3     0     100               0  0.000239240446  0.000226011854    0.0437890511  0.000931521908   0.00506948496   0.00391905229
   3     1      50               0  0.000811900824  0.000829436586     0.104820722   0.00201433508    0.0172041103    0.0143824552
          wgpu 1d 300g 482c x3w 6ms | egraph 122g->336v+0snap 28ms | graft 27 (-81n, 0 snap) cpu 0 | f64 31 | gen 0.5s | dropped inexpr 47 oversz 0 unbuild 0 {}
   4     0     100               0  0.000239240446  0.000226011854    0.0437890511  0.000931521908   0.00506948496   0.00391905229
   4     1      50               0  0.000257897537  0.000263150638     0.058702059  0.000625946061   0.00546482717   0.00456303992
          wgpu 1d 294g 473c x3w 5ms | egraph 111g->326v+0snap 26ms | graft 15 (-54n, 0 snap) cpu 0 | f64 22 | gen 0.4s | dropped inexpr 56 oversz 0 unbuild 0 {}
   5     0     100               0  0.000239240446  0.000226011854    0.0437890511  0.000931521908   0.00506948496   0.00391905229
   5     1      50               0  0.000811900824  0.000829436586     0.104820722   0.00201433508    0.0172041103    0.0143824552
          wgpu 1d 298g 443c x3w 6ms | egraph 102g->297v+0snap 21ms | graft 11 (-44n, 0 snap) cpu 0 | f64 20 | gen 0.3s | dropped inexpr 54 oversz 0 unbuild 0 {}
   6     0     100               0  0.000239240446  0.000226011854    0.0437890511  0.000931521908   0.00506948496   0.00391905229
   6     1      50               0  0.000257897537  0.000263150638     0.058702059  0.000625946061   0.00546482717   0.00456303992
          wgpu 1d 309g 433c x3w 6ms | egraph 96g->287v+0snap 20ms | graft 22 (-63n, 0 snap) cpu 0 | f64 20 | gen 0.4s | dropped inexpr 35 oversz 0 unbuild 0 {}
   7     0     100               0  0.000239240446  0.000226011854    0.0437890511  0.000931521908   0.00506948496   0.00391905229
   7     1      50               0  0.000811900824  0.000829436586     0.104820722   0.00201433508    0.0172041103    0.0143824552
          wgpu 1d 263g 421c x3w 5ms | egraph 85g->275v+0snap 16ms | graft 19 (-63n, 0 snap) cpu 0 | f64 20 | gen 0.4s | dropped inexpr 32 oversz 0 unbuild 0 {}
   8     0     100               0  0.000239240446  0.000226011854    0.0437890511  0.000931521908   0.00506948496   0.00391905229
   8     1      50               0  0.000811900824  0.000829436586     0.104820722   0.00201433508    0.0172041103    0.0143824552
          wgpu 1d 285g 426c x3w 6ms | egraph 89g->280v+0snap 22ms | graft 16 (-70n, 0 snap) cpu 0 | f64 20 | gen 0.3s | dropped inexpr 39 oversz 0 unbuild 0 {}
   9     0     100               0  0.000239240446  0.000226011854    0.0437890511  0.000931521908   0.00506948496   0.00391905229
   9     1      50               0  0.000811900824  0.000829436586     0.104820722   0.00201433508    0.0172041103    0.0143824552
          wgpu 1d 291g 432c x3w 6ms | egraph 73g->286v+0snap 15ms | graft 16 (-67n, 0 snap) cpu 0 | f64 20 | gen 0.3s | dropped inexpr 39 oversz 0 unbuild 0 {}
  10     0     100               0  0.000239240446  0.000226011854    0.0437890511  0.000931521908   0.00506948496   0.00391905229
  10     1      50               0  0.000811900824  0.000829436586     0.104820722   0.00201433508    0.0172041103    0.0143824552
          wgpu 1d 293g 424c x3w 6ms | egraph 93g->278v+0snap 19ms | graft 16 (-69n, 0 snap) cpu 0 | f64 20 | gen 0.4s | dropped inexpr 41 oversz 0 unbuild 0 {}
--------- pump migration: intra (promote-2 + intake-reset) ---------
  11     0     100               0   0.00224817547   0.00265059961     0.147097494   0.00992344576    0.0476386495    0.0459614764
  11     1      50               0  0.000811900824  0.000829436586     0.104820722   0.00201433508    0.0172041103    0.0143824552
          wgpu 2d 518g 636c x3w 10ms | egraph 181g->410v+0snap 34ms | graft 56 (-284n, 0 snap) cpu 0 | f64 30 | gen 0.4s | dropped inexpr 21 oversz 0 unbuild 0 {}
  12     0     100               0   0.00224817547   0.00265059961     0.147097494   0.00992344576    0.0476386495    0.0459614764
  12     1      50               0  0.000811900824  0.000829436586     0.104820722   0.00201433508    0.0172041103    0.0143824552
          wgpu 1d 262g 463c x3w 5ms | egraph 70g->317v+0snap 14ms | graft 67 (-339n, 0 snap) cpu 0 | f64 20 | gen 0.3s | dropped inexpr 7 oversz 0 unbuild 0 {}
  13     0     100               0   0.00224817547   0.00265059961     0.147097494   0.00992344576    0.0476386495    0.0459614764
  13     1      50               0  0.000811900824  0.000829436586     0.104820722   0.00201433508    0.0172041103    0.0143824552
          wgpu 1d 284g 430c x3w 5ms | egraph 87g->284v+0snap 21ms | graft 45 (-206n, 0 snap) cpu 0 | f64 20 | gen 0.3s | dropped inexpr 17 oversz 0 unbuild 0 {}
  14     0     100               0  9.00387851e-05  8.44234448e-05    0.0236147972  0.000586802384    0.0019079143   0.00146390505
  14     1      50               0  0.000811900824  0.000829436586     0.104820722   0.00201433508    0.0172041103    0.0143824552
          wgpu 1d 265g 450c x3w 5ms | egraph 81g->304v+0snap 18ms | graft 53 (-235n, 0 snap) cpu 0 | f64 27 | gen 0.2s | dropped inexpr 12 oversz 0 unbuild 0 {}
  15     0     100               0  9.00387851e-05  8.44234448e-05    0.0236147972  0.000586802384    0.0019079143   0.00146390505
  15     1      50               0  0.000811900824  0.000829436586     0.104820722   0.00201433508    0.0172041103    0.0143824552
          wgpu 1d 245g 431c x3w 5ms | egraph 76g->285v+0snap 15ms | graft 12 (-51n, 0 snap) cpu 0 | f64 20 | gen 0.3s | dropped inexpr 27 oversz 0 unbuild 0 {}
  16     0     100               0  9.00387851e-05  8.44234448e-05    0.0236147972  0.000586802384    0.0019079143   0.00146390505
  16     1      50               0  0.000811900824  0.000829436586     0.104820722   0.00201433508    0.0172041103    0.0143824552
          wgpu 1d 261g 441c x3w 5ms | egraph 80g->295v+0snap 22ms | graft 16 (-49n, 0 snap) cpu 0 | f64 20 | gen 0.3s | dropped inexpr 28 oversz 0 unbuild 0 {}
  17     0     100               0  9.00387851e-05  8.44234448e-05    0.0236147972  0.000586802384    0.0019079143   0.00146390505
  17     1      50               0  0.000811900824  0.000829436586     0.104820722   0.00201433508    0.0172041103    0.0143824552
          wgpu 1d 231g 418c x3w 4ms | egraph 67g->272v+0snap 15ms | graft 16 (-48n, 0 snap) cpu 0 | f64 20 | gen 0.3s | dropped inexpr 23 oversz 0 unbuild 0 {}
  18     0     100               0  9.00387851e-05  8.44234448e-05    0.0236147972  0.000586802384    0.0019079143   0.00146390505
  18     1      50               0  0.000811900824  0.000829436586     0.104820722   0.00201433508    0.0172041103    0.0143824552
          wgpu 1d 221g 399c x3w 5ms | egraph 61g->253v+0snap 12ms | graft 14 (-35n, 0 snap) cpu 0 | f64 20 | gen 0.3s | dropped inexpr 17 oversz 0 unbuild 0 {}
  19     0     100               0  9.00387851e-05  8.44234448e-05    0.0236147972  0.000586802384    0.0019079143   0.00146390505
  19     1      50               0  0.000168125278  0.000169890654    0.0446870563  0.000232810908   0.00356256053   0.00294590901
          wgpu 1d 255g 405c x3w 5ms | egraph 78g->259v+0snap 16ms | graft 17 (-68n, 0 snap) cpu 0 | f64 20 | gen 0.5s | dropped inexpr 19 oversz 0 unbuild 0 {}
  20     0     100               0  9.00387851e-05  8.44234448e-05    0.0236147972  0.000586802384    0.0019079143   0.00146390505
  20     1      50               0  0.000168125278  0.000169890654    0.0446870563  0.000232810908   0.00356256053   0.00294590901
          wgpu 1d 253g 416c x3w 5ms | egraph 71g->270v+0snap 31ms | graft 12 (-63n, 0 snap) cpu 0 | f64 20 | gen 0.5s | dropped inexpr 16 oversz 0 unbuild 0 {}
--------- pump migration: intra (promote-2 + intake-reset) ---------
  21     0     100               0   0.00232596051   0.00278228996     0.167620195   0.00952636899    0.0492869079    0.0482449909
  21     1      50               0  0.000168125278  0.000169890654    0.0446870563  0.000232810908   0.00356256053   0.00294590901
          wgpu 2d 513g 585c x3w 9ms | egraph 177g->359v+0snap 39ms | graft 28 (-105n, 0 snap) cpu 0 | f64 30 | gen 0.3s | dropped inexpr 15 oversz 0 unbuild 0 {}
  22     0     100               0   0.00232596051   0.00278228996     0.167620195   0.00952636899    0.0492869079    0.0482449909
  22     1      50               0  0.000168125278  0.000169890654    0.0446870563  0.000232810908   0.00356256053   0.00294590901
          wgpu 1d 188g 369c x3w 4ms | egraph 49g->223v+0snap 10ms | graft 5 (-17n, 0 snap) cpu 0 | f64 20 | gen 0.4s | dropped inexpr 7 oversz 0 unbuild 0 {}
  23     0     100               0   0.00232596051   0.00278228996     0.167620195   0.00952636899    0.0492869079    0.0482449909
  23     1      50               0  0.000168125278  0.000169890654    0.0446870563  0.000232810908   0.00356256053   0.00294590901
          wgpu 1d 196g 341c x3w 4ms | egraph 57g->195v+0snap 16ms | graft 7 (-20n, 0 snap) cpu 0 | f64 20 | gen 0.2s | dropped inexpr 7 oversz 0 unbuild 0 {}
  24     0     100               0   0.00232596051   0.00278228996     0.167620195   0.00952636899    0.0492869079    0.0482449909
  24     1      50               0  0.000168125278  0.000169890654    0.0446870563  0.000232810908   0.00356256053   0.00294590901
          wgpu 1d 246g 351c x3w 5ms | egraph 74g->205v+0snap 15ms | graft 7 (-22n, 0 snap) cpu 0 | f64 20 | gen 0.4s | dropped inexpr 5 oversz 0 unbuild 0 {}
  25     0     100               0   0.00232596051   0.00278228996     0.167620195   0.00952636899    0.0492869079    0.0482449909
  25     1      50               0  0.000168125278  0.000169890654    0.0446870563  0.000232810908   0.00356256053   0.00294590901
          wgpu 1d 256g 386c x3w 5ms | egraph 72g->240v+0snap 18ms | graft 17 (-63n, 0 snap) cpu 0 | f64 20 | gen 0.4s | dropped inexpr 7 oversz 0 unbuild 0 {}
  26     0     100               0   0.00232596051   0.00278228996     0.167620195   0.00952636899    0.0492869079    0.0482449909
  26     1      50               0  0.000168125278  0.000169890654    0.0446870563  0.000232810908   0.00356256053   0.00294590901
          wgpu 1d 244g 381c x3w 5ms | egraph 58g->235v+0snap 14ms | graft 13 (-48n, 0 snap) cpu 0 | f64 20 | gen 0.3s | dropped inexpr 3 oversz 0 unbuild 0 {}
  27     0     100               0   0.00232596051   0.00278228996     0.167620195   0.00952636899    0.0492869079    0.0482449909
  27     1      50               0  0.000168125278  0.000169890654    0.0446870563  0.000232810908   0.00356256053   0.00294590901
          wgpu 1d 236g 354c x3w 4ms | egraph 62g->208v+0snap 13ms | graft 10 (-51n, 0 snap) cpu 0 | f64 20 | gen 0.3s | dropped inexpr 3 oversz 0 unbuild 0 {}
  28     0     100               0   0.00232596051   0.00278228996     0.167620195   0.00952636899    0.0492869079    0.0482449909
  28     1      50               0  0.000168125278  0.000169890654    0.0446870563  0.000232810908   0.00356256053   0.00294590901
          wgpu 1d 257g 353c x3w 5ms | egraph 72g->207v+0snap 25ms | graft 8 (-44n, 0 snap) cpu 0 | f64 20 | gen 0.3s | dropped inexpr 5 oversz 0 unbuild 0 {}
  29     0     100               0   0.00232596051   0.00278228996     0.167620195   0.00952636899    0.0492869079    0.0482449909
  29     1      50               0  0.000168125278  0.000169890654    0.0446870563  0.000232810908   0.00356256053   0.00294590901
          wgpu 1d 283g 380c x3w 5ms | egraph 78g->234v+0snap 16ms | graft 9 (-49n, 0 snap) cpu 0 | f64 20 | gen 0.4s | dropped inexpr 8 oversz 0 unbuild 0 {}
  30     0     100               0   0.00232596051   0.00278228996     0.167620195   0.00952636899    0.0492869079    0.0482449909
  30     1      50               0  0.000168125278  0.000169890654    0.0446870563  0.000232810908   0.00356256053   0.00294590901
          wgpu 1d 215g 365c x3w 5ms | egraph 52g->219v+0snap 11ms | graft 4 (-10n, 0 snap) cpu 0 | f64 20 | gen 0.2s | dropped inexpr 13 oversz 0 unbuild 0 {}
--------- pump migration: intra (promote-2 + intake-reset) ---------
  31     0     100               0   0.00318500378   0.00324035778     0.232685385   0.00731697014    0.0674899629    0.0561879007
  31     1      50               0  0.000168125278  0.000169890654    0.0446870563  0.000232810908   0.00356256053   0.00294590901
          wgpu 2d 415g 468c x3w 8ms | egraph 149g->242v+0snap 31ms | graft 17 (-56n, 0 snap) cpu 0 | f64 30 | gen 0.3s | dropped inexpr 10 oversz 0 unbuild 0 {}
  32     0     100               0   0.00318500378   0.00324035778     0.232685385   0.00731697014    0.0674899629    0.0561879007
  32     1      50               0  0.000168125278  0.000169890654    0.0446870563  0.000232810908   0.00356256053   0.00294590901
          wgpu 1d 257g 302c x3w 5ms | egraph 86g->156v+0snap 18ms | graft 14 (-49n, 0 snap) cpu 0 | f64 20 | gen 0.4s | dropped inexpr 6 oversz 0 unbuild 0 {}
  33     0     100               0   0.00318500378   0.00324035778     0.232685385   0.00731697014    0.0674899629    0.0561879007
  33     1      50               0  0.000168125278  0.000169890654    0.0446870563  0.000232810908   0.00356256053   0.00294590901
          wgpu 1d 264g 305c x3w 5ms | egraph 85g->159v+0snap 18ms | graft 14 (-80n, 0 snap) cpu 0 | f64 20 | gen 0.4s | dropped inexpr 5 oversz 0 unbuild 0 {}
  34     0     100               0   0.00318500378   0.00324035778     0.232685385   0.00731697014    0.0674899629    0.0561879007
  34     1      50               0  0.000168125278  0.000169890654    0.0446870563  0.000232810908   0.00356256053   0.00294590901
          wgpu 1d 257g 294c x3w 5ms | egraph 77g->148v+0snap 15ms | graft 15 (-71n, 0 snap) cpu 0 | f64 20 | gen 0.2s | dropped inexpr 2 oversz 0 unbuild 0 {}
  35     0     100               0   0.00318500378   0.00324035778     0.232685385   0.00731697014    0.0674899629    0.0561879007
  35     1      50               0  0.000168125278  0.000169890654    0.0446870563  0.000232810908   0.00356256053   0.00294590901
          wgpu 1d 262g 332c x3w 5ms | egraph 72g->186v+0snap 15ms | graft 11 (-66n, 0 snap) cpu 0 | f64 20 | gen 0.4s | dropped inexpr 11 oversz 0 unbuild 0 {}
  36     0     100               0   0.00318500378   0.00324035778     0.232685385   0.00731697014    0.0674899629    0.0561879007
  36     1      50               0  0.000168125278  0.000169890654    0.0446870563  0.000232810908   0.00356256053   0.00294590901
          wgpu 1d 256g 294c x3w 5ms | egraph 65g->148v+0snap 21ms | graft 6 (-21n, 0 snap) cpu 0 | f64 20 | gen 0.3s | dropped inexpr 2 oversz 0 unbuild 0 {}
  37     0     100               0   0.00318500378   0.00324035778     0.232685385   0.00731697014    0.0674899629    0.0561879007
  37     1      50               0  0.000168125278  0.000169890654    0.0446870563  0.000232810908   0.00356256053   0.00294590901
          wgpu 1d 235g 328c x3w 4ms | egraph 62g->182v+0snap 12ms | graft 9 (-24n, 0 snap) cpu 0 | f64 20 | gen 0.3s | dropped inexpr 12 oversz 0 unbuild 0 {}
  38     0     100               0   0.00318500378   0.00324035778     0.232685385   0.00731697014    0.0674899629    0.0561879007
  38     1      50               0  0.000168125278  0.000169890654    0.0446870563  0.000232810908   0.00356256053   0.00294590901
          wgpu 1d 268g 341c x3w 5ms | egraph 73g->195v+0snap 25ms | graft 11 (-60n, 0 snap) cpu 0 | f64 20 | gen 0.6s | dropped inexpr 13 oversz 0 unbuild 0 {}
  39     0     100               0   0.00318500378   0.00324035778     0.232685385   0.00731697014    0.0674899629    0.0561879007
  39     1      50               0  0.000168125278  0.000169890654    0.0446870563  0.000232810908   0.00356256053   0.00294590901
          wgpu 1d 257g 310c x3w 5ms | egraph 64g->164v+0snap 22ms | graft 11 (-44n, 0 snap) cpu 0 | f64 20 | gen 0.5s | dropped inexpr 8 oversz 0 unbuild 0 {}
  40     0     100               0   0.00318500378   0.00324035778     0.232685385   0.00731697014    0.0674899629    0.0561879007
  40     1      50               0  0.000168125278  0.000169890654    0.0446870563  0.000232810908   0.00356256053   0.00294590901
          wgpu 1d 276g 310c x3w 5ms | egraph 73g->164v+0snap 22ms | graft 14 (-54n, 0 snap) cpu 0 | f64 20 | gen 0.2s | dropped inexpr 6 oversz 0 unbuild 0 {}
--------- pump migration: intra (promote-2 + intake-reset) ---------
  41     0     100               0   0.00318500378   0.00324035778     0.232685385   0.00731697014    0.0674899629    0.0561879007
  41     1      50               0   0.00318500378   0.00324035778     0.232685385   0.00731697014    0.0674899629    0.0561879007
          wgpu 2d 447g 476c x3w 9ms | egraph 129g->250v+0snap 35ms | graft 30 (-129n, 0 snap) cpu 0 | f64 30 | gen 0.2s | dropped inexpr 15 oversz 0 unbuild 0 {}
  42     0     100               0   0.00318500378   0.00324035778     0.232685385   0.00731697014    0.0674899629    0.0561879007
  42     1      50               0  0.000168125278  0.000169890654    0.0446870563  0.000232810908   0.00356256053   0.00294590901
          wgpu 1d 256g 321c x3w 8ms | egraph 63g->175v+0snap 15ms | graft 18 (-112n, 0 snap) cpu 0 | f64 20 | gen 0.8s | dropped inexpr 12 oversz 0 unbuild 0 {}
  43     0     100               0  8.44568867e-05  8.14812966e-05     0.023310875  0.000550717165   0.00178963434   0.00141288811
  43     1      50               0  0.000168125278  0.000169890654    0.0446870563  0.000232810908   0.00356256053   0.00294590901
          wgpu 1d 310g 366c x3w 5ms | egraph 89g->220v+0snap 17ms | graft 10 (-46n, 0 snap) cpu 0 | f64 20 | gen 0.3s | dropped inexpr 13 oversz 0 unbuild 0 {}
  44     0     100               0   0.00318500378   0.00324035778     0.232685385   0.00731697014    0.0674899629    0.0561879007
  44     1      50               0  0.000168125278  0.000169890654    0.0446870563  0.000232810908   0.00356256053   0.00294590901
          wgpu 1d 305g 381c x3w 6ms | egraph 71g->235v+0snap 16ms | graft 14 (-74n, 0 snap) cpu 0 | f64 20 | gen 0.6s | dropped inexpr 17 oversz 0 unbuild 0 {}
  45     0     100               0   0.00318500378   0.00324035778     0.232685385   0.00731697014    0.0674899629    0.0561879007
  45     1      50               0  9.48595156e-05  9.87793163e-05    0.0381946207  0.000162636654   0.00201006517   0.00171283629
          wgpu 1d 298g 404c x3w 6ms | egraph 72g->258v+0snap 18ms | graft 7 (-32n, 0 snap) cpu 0 | f64 20 | gen 0.4s | dropped inexpr 21 oversz 0 unbuild 0 {}
  46     0     100               0   0.00318500378   0.00324035778     0.232685385   0.00731697014    0.0674899629    0.0561879007
  46     1      50               0  9.48595156e-05  9.87793163e-05    0.0381946207  0.000162636654   0.00201006517   0.00171283629
          wgpu 1d 295g 333c x3w 5ms | egraph 76g->187v+0snap 27ms | graft 13 (-52n, 0 snap) cpu 0 | f64 20 | gen 0.5s | dropped inexpr 10 oversz 0 unbuild 0 {}
  47     0     100               0  8.44568867e-05  8.14812966e-05     0.023310875  0.000550717165   0.00178963434   0.00141288811
  47     1      50               0  9.48595156e-05  9.87793163e-05    0.0381946207  0.000162636654   0.00201006517   0.00171283629
          wgpu 1d 336g 470c x3w 8ms | egraph 84g->324v+0snap 17ms | graft 15 (-72n, 0 snap) cpu 0 | f64 20 | gen 0.6s | dropped inexpr 28 oversz 0 unbuild 0 {}
  48     0     100               0  8.44568867e-05  8.14812966e-05     0.023310875  0.000550717165   0.00178963434   0.00141288811
  48     1      50               0  9.48595156e-05  9.87793163e-05    0.0381946207  0.000162636654   0.00201006517   0.00171283629
          wgpu 1d 331g 457c x3w 6ms | egraph 83g->311v+0snap 21ms | graft 8 (-27n, 0 snap) cpu 0 | f64 20 | gen 0.4s | dropped inexpr 29 oversz 0 unbuild 0 {}
  49     0     100               0  8.44568867e-05  8.14812966e-05     0.023310875  0.000550717165   0.00178963434   0.00141288811
  49     1      50               0  9.48595156e-05  9.87793163e-05    0.0381946207  0.000162636654   0.00201006517   0.00171283629
          wgpu 1d 310g 485c x3w 5ms | egraph 86g->339v+0snap 18ms | graft 6 (-29n, 0 snap) cpu 0 | f64 20 | gen 0.6s | dropped inexpr 37 oversz 0 unbuild 0 {}
  50     0     100               0  8.44568867e-05  8.14812966e-05     0.023310875  0.000550717165   0.00178963434   0.00141288811
  50     1      50               0  9.48595156e-05  9.87793163e-05    0.0381946207  0.000162636654   0.00201006517   0.00171283629
          wgpu 1d 266g 460c x3w 6ms | egraph 63g->314v+0snap 12ms | graft 9 (-41n, 0 snap) cpu 0 | f64 20 | gen 0.5s | dropped inexpr 20 oversz 0 unbuild 0 {}
--------- pump migration: intra (promote-2 + intake-reset) ---------
  51     0     100               0   0.00431376671   0.00486085371      0.22932301   0.00973762638    0.0914083546    0.0842873485
  51     1      50               0  8.44568867e-05  8.14812966e-05     0.023310875  0.000550717165   0.00178963434   0.00141288811
          wgpu 2d 489g 642c x3w 9ms | egraph 159g->416v+0snap 30ms | graft 23 (-80n, 0 snap) cpu 0 | f64 30 | gen 0.5s | dropped inexpr 25 oversz 0 unbuild 0 {}
  52     0     100               0   0.00431376671   0.00486085371      0.22932301   0.00973762638    0.0914083546    0.0842873485
  52     1      50               0  8.44568867e-05  8.14812966e-05     0.023310875  0.000550717165   0.00178963434   0.00141288811
          wgpu 1d 254g 453c x3w 5ms | egraph 65g->307v+0snap 13ms | graft 7 (-37n, 0 snap) cpu 0 | f64 20 | gen 0.3s | dropped inexpr 20 oversz 0 unbuild 0 {}
  53     0     100               0   0.00431376671   0.00486085371      0.22932301   0.00973762638    0.0914083546    0.0842873485
  53     1      50               0  8.44568867e-05  8.14812966e-05     0.023310875  0.000550717165   0.00178963434   0.00141288811
          wgpu 1d 232g 429c x3w 5ms | egraph 58g->283v+0snap 12ms | graft 7 (-32n, 0 snap) cpu 0 | f64 20 | gen 0.4s | dropped inexpr 11 oversz 0 unbuild 0 {}
  54     0     100               0   0.00431376671   0.00486085371      0.22932301   0.00973762638    0.0914083546    0.0842873485
  54     1      50               0  8.44568867e-05  8.14812966e-05     0.023310875  0.000550717165   0.00178963434   0.00141288811
          wgpu 1d 245g 437c x3w 5ms | egraph 62g->291v+0snap 13ms | graft 15 (-76n, 0 snap) cpu 0 | f64 20 | gen 0.5s | dropped inexpr 24 oversz 0 unbuild 0 {}
  55     0     100               0   0.00431376671   0.00486085371      0.22932301   0.00973762638    0.0914083546    0.0842873485
  55     1      50               0  8.44568867e-05  8.14812966e-05     0.023310875  0.000550717165   0.00178963434   0.00141288811
          wgpu 1d 176g 420c x3w 5ms | egraph 40g->274v+0snap 8ms | graft 5 (-32n, 0 snap) cpu 0 | f64 20 | gen 0.3s | dropped inexpr 12 oversz 0 unbuild 0 {}
  56     0     100               0   0.00431376671   0.00486085371      0.22932301   0.00973762638    0.0914083546    0.0842873485
  56     1      50               0  8.44568867e-05  8.14812966e-05     0.023310875  0.000550717165   0.00178963434   0.00141288811
          wgpu 1d 186g 407c x3w 4ms | egraph 42g->261v+0snap 8ms | graft 6 (-30n, 0 snap) cpu 0 | f64 20 | gen 0.3s | dropped inexpr 9 oversz 0 unbuild 0 {}
  57     0     100               0   0.00431376671   0.00486085371      0.22932301   0.00973762638    0.0914083546    0.0842873485
  57     1      50               0  8.44568867e-05  8.14812966e-05     0.023310875  0.000550717165   0.00178963434   0.00141288811
          wgpu 1d 201g 425c x3w 5ms | egraph 46g->279v+0snap 10ms | graft 6 (-37n, 0 snap) cpu 0 | f64 20 | gen 0.2s | dropped inexpr 15 oversz 0 unbuild 0 {}
  58     0     100               0  8.44568867e-05  8.14812966e-05     0.023310875  0.000550717165   0.00178963434   0.00141288811
  58     1      50               0  8.44568867e-05  8.14812966e-05     0.023310875  0.000550717165   0.00178963434   0.00141288811
          wgpu 1d 224g 451c x3w 5ms | egraph 40g->305v+0snap 9ms | graft 4 (-26n, 0 snap) cpu 0 | f64 20 | gen 0.2s | dropped inexpr 20 oversz 0 unbuild 0 {}
  59     0     100               0  8.44568867e-05  8.14812966e-05     0.023310875  0.000550717165   0.00178963434   0.00141288811
  59     1      50               0  8.44568867e-05  8.14812966e-05     0.023310875  0.000550717165   0.00178963434   0.00141288811
          wgpu 1d 221g 437c x3w 5ms | egraph 48g->291v+0snap 10ms | graft 3 (-20n, 0 snap) cpu 0 | f64 20 | gen 0.3s | dropped inexpr 26 oversz 0 unbuild 0 {}
  60     0     100               0   0.00431376671   0.00486085371      0.22932301   0.00973762638    0.0914083546    0.0842873485
  60     1      50               0  8.44568867e-05  8.14812966e-05     0.023310875  0.000550717165   0.00178963434   0.00141288811
          wgpu 1d 219g 421c x3w 5ms | egraph 50g->275v+0snap 10ms | graft 6 (-40n, 0 snap) cpu 0 | f64 20 | gen 0.3s | dropped inexpr 19 oversz 0 unbuild 0 {}
--------- pump migration: intra (promote-2 + intake-reset) + cross ---------
  61     0     100               0  8.44568867e-05  8.14812966e-05     0.023310875  0.000550717165   0.00178963434   0.00141288811
  61     1      50               0  8.44568867e-05  8.14812966e-05     0.023310875  0.000550717165   0.00178963434   0.00141288811
          wgpu 2d 398g 557c x3w 8ms | egraph 104g->331v+0snap 20ms | graft 13 (-38n, 0 snap) cpu 0 | f64 30 | gen 0.2s | dropped inexpr 16 oversz 0 unbuild 0 {}
  62     0     100               0  8.44568867e-05  8.14812966e-05     0.023310875  0.000550717165   0.00178963434   0.00141288811
  62     1      50               0   0.00431376671   0.00486085371      0.22932301   0.00973762638    0.0914083546    0.0842873485
          wgpu 1d 200g 426c x3w 5ms | egraph 37g->280v+0snap 8ms | graft 7 (-34n, 0 snap) cpu 0 | f64 20 | gen 0.2s | dropped inexpr 23 oversz 0 unbuild 0 {}
  63     0     100               0  8.44568867e-05  8.14812966e-05     0.023310875  0.000550717165   0.00178963434   0.00141288811
  63     1      50               0   0.00431376671   0.00486085371      0.22932301   0.00973762638    0.0914083546    0.0842873485
          wgpu 1d 185g 426c x3w 4ms | egraph 31g->280v+0snap 6ms | graft 3 (-11n, 0 snap) cpu 0 | f64 20 | gen 0.2s | dropped inexpr 10 oversz 0 unbuild 0 {}
  64     0     100               0  8.44568867e-05  8.14812966e-05     0.023310875  0.000550717165   0.00178963434   0.00141288811
  64     1      50               0   0.00431376671   0.00486085371      0.22932301   0.00973762638    0.0914083546    0.0842873485
          wgpu 1d 191g 423c x3w 4ms | egraph 40g->277v+0snap 8ms | graft 7 (-26n, 0 snap) cpu 0 | f64 20 | gen 0.2s | dropped inexpr 20 oversz 0 unbuild 0 {}
  65     0     100               0  8.44568867e-05  8.14812966e-05     0.023310875  0.000550717165   0.00178963434   0.00141288811
  65     1      50               0   0.00431376671   0.00486085371      0.22932301   0.00973762638    0.0914083546    0.0842873485
          wgpu 1d 179g 412c x3w 4ms | egraph 27g->266v+0snap 6ms | graft 2 (-9n, 0 snap) cpu 0 | f64 20 | gen 0.2s | dropped inexpr 13 oversz 0 unbuild 0 {}
  66     0     100               0  8.44568867e-05  8.14812966e-05     0.023310875  0.000550717165   0.00178963434   0.00141288811
  66     1      50               0   0.00431376671   0.00486085371      0.22932301   0.00973762638    0.0914083546    0.0842873485
          wgpu 1d 204g 426c x3w 4ms | egraph 36g->280v+0snap 8ms | graft 4 (-11n, 0 snap) cpu 0 | f64 20 | gen 0.2s | dropped inexpr 18 oversz 0 unbuild 0 {}
  67     0     100               0  8.44568867e-05  8.14812966e-05     0.023310875  0.000550717165   0.00178963434   0.00141288811
  67     1      50               0   0.00431376671   0.00486085371      0.22932301   0.00973762638    0.0914083546    0.0842873485
          wgpu 1d 216g 428c x3w 5ms | egraph 36g->282v+0snap 7ms | graft 4 (-17n, 0 snap) cpu 0 | f64 20 | gen 0.3s | dropped inexpr 17 oversz 0 unbuild 0 {}
  68     0     100               0  8.44568867e-05  8.14812966e-05     0.023310875  0.000550717165   0.00178963434   0.00141288811
  68     1      50               0   0.00011833189  0.000130087468    0.0413659366  0.000490503476   0.00250744281   0.00225572058
          wgpu 1d 218g 404c x3w 5ms | egraph 49g->258v+0snap 9ms | graft 4 (-11n, 0 snap) cpu 0 | f64 20 | gen 0.2s | dropped inexpr 11 oversz 0 unbuild 0 {}
  69     0     100               0  8.44568867e-05  8.14812966e-05     0.023310875  0.000550717165   0.00178963434   0.00141288811
  69     1      50               0   0.00011833189  0.000130087468    0.0413659366  0.000490503476   0.00250744281   0.00225572058
          wgpu 1d 268g 422c x3w 5ms | egraph 63g->276v+0snap 12ms | graft 10 (-36n, 0 snap) cpu 0 | f64 20 | gen 0.3s | dropped inexpr 16 oversz 0 unbuild 0 {}
  70     0     100               0  8.44568867e-05  8.14812966e-05     0.023310875  0.000550717165   0.00178963434   0.00141288811
  70     1      50               0   0.00011833189  0.000130087468    0.0413659366  0.000490503476   0.00250744281   0.00225572058
          wgpu 1d 217g 405c x3w 4ms | egraph 55g->259v+0snap 11ms | graft 6 (-22n, 0 snap) cpu 0 | f64 20 | gen 0.3s | dropped inexpr 8 oversz 0 unbuild 0 {}
--------- pump migration: intra (promote-2 + intake-reset) ---------
  71     0     100               0  8.44568867e-05  8.14812966e-05     0.023310875  0.000550717165   0.00178963434   0.00141288811
  71     1      50               0   0.00011833189  0.000130087468    0.0413659366  0.000490503476   0.00250744281   0.00225572058
          wgpu 2d 431g 511c x3w 9ms | egraph 136g->285v+0snap 24ms | graft 15 (-80n, 0 snap) cpu 0 | f64 30 | gen 0.3s | dropped inexpr 12 oversz 0 unbuild 0 {}
  72     0     100               0  8.44568867e-05  8.14812966e-05     0.023310875  0.000550717165   0.00178963434   0.00141288811
  72     1      50               0   0.00011833189  0.000130087468    0.0413659366  0.000490503476   0.00250744281   0.00225572058
          wgpu 1d 217g 392c x3w 4ms | egraph 45g->246v+0snap 9ms | graft 2 (-12n, 0 snap) cpu 0 | f64 20 | gen 0.2s | dropped inexpr 18 oversz 0 unbuild 0 {}
  73     0     100               0  4.14076427e-05  3.94888225e-05    0.0162560242  0.000241050544  0.000877424474  0.000684737361
  73     1      50               0   0.00011833189  0.000130087468    0.0413659366  0.000490503476   0.00250744281   0.00225572058
          wgpu 1d 251g 380c x3w 5ms | egraph 60g->234v+0snap 12ms | graft 7 (-31n, 0 snap) cpu 0 | f64 20 | gen 0.3s | dropped inexpr 11 oversz 0 unbuild 0 {}
  74     0     100               0  4.14076427e-05  3.94888225e-05    0.0162560242  0.000241050544  0.000877424474  0.000684737361
  74     1      50               0   0.00011833189  0.000130087468    0.0413659366  0.000490503476   0.00250744281   0.00225572058
          wgpu 1d 227g 345c x3w 5ms | egraph 71g->199v+0snap 14ms | graft 8 (-41n, 0 snap) cpu 0 | f64 20 | gen 0.3s | dropped inexpr 4 oversz 0 unbuild 0 {}
  75     0     100               0  4.14076427e-05  3.94888225e-05    0.0162560242  0.000241050544  0.000877424474  0.000684737361
  75     1      50               0   0.00011833189  0.000130087468    0.0413659366  0.000490503476   0.00250744281   0.00225572058
          wgpu 1d 205g 315c x3w 4ms | egraph 63g->169v+0snap 12ms | graft 6 (-21n, 0 snap) cpu 0 | f64 20 | gen 0.2s | dropped inexpr 8 oversz 0 unbuild 0 {}
  76     0     100               0  4.14076427e-05  3.94888225e-05    0.0162560242  0.000241050544  0.000877424474  0.000684737361
  76     1      50               0   0.00011833189  0.000130087468    0.0413659366  0.000490503476   0.00250744281   0.00225572058
          wgpu 1d 198g 336c x3w 5ms | egraph 62g->190v+0snap 15ms | graft 7 (-19n, 0 snap) cpu 0 | f64 20 | gen 0.2s | dropped inexpr 3 oversz 0 unbuild 0 {}
  77     0     100               0  4.14076427e-05  3.94888225e-05    0.0162560242  0.000241050544  0.000877424474  0.000684737361
  77     1      50               0   0.00011833189  0.000130087468    0.0413659366  0.000490503476   0.00250744281   0.00225572058
          wgpu 1d 207g 329c x3w 4ms | egraph 58g->183v+0snap 11ms | graft 3 (-7n, 0 snap) cpu 0 | f64 20 | gen 0.2s | dropped inexpr 9 oversz 0 unbuild 0 {}
  78     0     100               0  4.14076427e-05  3.94888225e-05    0.0162560242  0.000241050544  0.000877424474  0.000684737361
  78     1      50               0   0.00011833189  0.000130087468    0.0413659366  0.000490503476   0.00250744281   0.00225572058
          wgpu 1d 210g 325c x3w 4ms | egraph 51g->179v+0snap 9ms | graft 6 (-16n, 0 snap) cpu 0 | f64 20 | gen 0.2s | dropped inexpr 2 oversz 0 unbuild 0 {}
  79     0     100               0  4.14076427e-05  3.94888225e-05    0.0162560242  0.000241050544  0.000877424474  0.000684737361
  79     1      50               0   0.00011833189  0.000130087468    0.0413659366  0.000490503476   0.00250744281   0.00225572058
          wgpu 1d 171g 309c x3w 4ms | egraph 42g->163v+0snap 12ms | graft 3 (-22n, 0 snap) cpu 0 | f64 20 | gen 0.2s | dropped inexpr 1 oversz 0 unbuild 0 {}
  80     0     100               0  4.14076427e-05  3.94888225e-05    0.0162560242  0.000241050544  0.000877424474  0.000684737361
  80     1      50               0   0.00011833189  0.000130087468    0.0413659366  0.000490503476   0.00250744281   0.00225572058
          wgpu 1d 204g 324c x3w 4ms | egraph 50g->178v+0snap 18ms | graft 7 (-17n, 0 snap) cpu 0 | f64 20 | gen 0.2s | dropped inexpr 4 oversz 0 unbuild 0 {}
--------- pump migration: intra (promote-2 + intake-reset) ---------
  81     0     100               0  4.14076427e-05  3.94888225e-05    0.0162560242  0.000241050544  0.000877424474  0.000684737361
  81     1      50               0   0.00011833189  0.000130087468    0.0413659366  0.000490503476   0.00250744281   0.00225572058
          wgpu 2d 372g 470c x3w 10ms | egraph 120g->244v+0snap 23ms | graft 13 (-39n, 0 snap) cpu 0 | f64 30 | gen 0.2s | dropped inexpr 11 oversz 0 unbuild 0 {}
  82     0     100               0  4.14076427e-05  3.94888225e-05    0.0162560242  0.000241050544  0.000877424474  0.000684737361
  82     1      50               0   0.00011833189  0.000130087468    0.0413659366  0.000490503476   0.00250744281   0.00225572058
          wgpu 1d 211g 324c x3w 6ms | egraph 40g->178v+0snap 8ms | graft 5 (-13n, 0 snap) cpu 0 | f64 20 | gen 0.2s | dropped inexpr 3 oversz 0 unbuild 0 {}
  83     0     100               0  4.14076427e-05  3.94888225e-05    0.0162560242  0.000241050544  0.000877424474  0.000684737361
  83     1      50               0   0.00011833189  0.000130087468    0.0413659366  0.000490503476   0.00250744281   0.00225572058
          wgpu 1d 211g 321c x3w 5ms | egraph 43g->175v+0snap 13ms | graft 6 (-20n, 0 snap) cpu 0 | f64 20 | gen 0.3s | dropped inexpr 7 oversz 0 unbuild 0 {}
  84     0     100               0  4.14076427e-05  3.94888225e-05    0.0162560242  0.000241050544  0.000877424474  0.000684737361
  84     1      50               0   0.00011833189  0.000130087468    0.0413659366  0.000490503476   0.00250744281   0.00225572058
          wgpu 1d 201g 310c x3w 4ms | egraph 40g->164v+0snap 8ms | graft 6 (-22n, 0 snap) cpu 0 | f64 20 | gen 0.3s | dropped inexpr 6 oversz 0 unbuild 0 {}
  85     0     100               0  4.14076427e-05  3.94888225e-05    0.0162560242  0.000241050544  0.000877424474  0.000684737361
  85     1      50               0  6.43991163e-05   5.8670318e-05    0.0195352855  0.000284651186   0.00136461187   0.00101734507
          wgpu 1d 229g 304c x3w 4ms | egraph 56g->158v+0snap 10ms | graft 8 (-25n, 0 snap) cpu 0 | f64 20 | gen 0.2s | dropped inexpr 4 oversz 0 unbuild 0 {}
  86     0     100               0  4.14076427e-05  3.94888225e-05    0.0162560242  0.000241050544  0.000877424474  0.000684737361
  86     1      50               0  6.43991163e-05   5.8670318e-05    0.0195352855  0.000284651186   0.00136461187   0.00101734507
          wgpu 1d 193g 287c x3w 4ms | egraph 51g->141v+0snap 9ms | graft 3 (-6n, 0 snap) cpu 0 | f64 20 | gen 0.2s | dropped inexpr 9 oversz 0 unbuild 0 {}
  87     0     100               0  4.14076427e-05  3.94888225e-05    0.0162560242  0.000241050544  0.000877424474  0.000684737361
  87     1      50               0  6.43991163e-05   5.8670318e-05    0.0195352855  0.000284651186   0.00136461187   0.00101734507
          wgpu 1d 207g 281c x3w 13ms | egraph 56g->135v+0snap 10ms | graft 5 (-18n, 0 snap) cpu 0 | f64 20 | gen 0.2s | dropped inexpr 5 oversz 0 unbuild 0 {}
  88     0     100               0  2.90351765e-05  2.75527883e-05    0.0134473547   0.00015475418  0.000615252953  0.000477766172
  88     1      50               0  6.43991163e-05   5.8670318e-05    0.0195352855  0.000284651186   0.00136461187   0.00101734507
          wgpu 1d 187g 292c x3w 4ms | egraph 43g->146v+0snap 8ms | graft 4 (-10n, 0 snap) cpu 0 | f64 20 | gen 0.2s | dropped inexpr 1 oversz 0 unbuild 0 {}
  89     0     100               0  4.14076427e-05  3.94888225e-05    0.0162560242  0.000241050544  0.000877424474  0.000684737361
  89     1      50               0  6.43991163e-05   5.8670318e-05    0.0195352855  0.000284651186   0.00136461187   0.00101734507
          wgpu 1d 215g 291c x3w 5ms | egraph 55g->145v+0snap 10ms | graft 7 (-18n, 0 snap) cpu 0 | f64 20 | gen 0.2s | dropped inexpr 4 oversz 0 unbuild 0 {}
  90     0     100               0  4.14076427e-05  3.94888225e-05    0.0162560242  0.000241050544  0.000877424474  0.000684737361
  90     1      50               0  6.43991163e-05   5.8670318e-05    0.0195352855  0.000284651186   0.00136461187   0.00101734507
          wgpu 1d 203g 289c x3w 8ms | egraph 46g->143v+0snap 9ms | graft 7 (-21n, 0 snap) cpu 0 | f64 20 | gen 0.2s | dropped inexpr 5 oversz 0 unbuild 0 {}
--------- pump migration: intra (promote-2 + intake-reset) + cross ---------
  91     0     100               0  4.14076427e-05  3.94888225e-05    0.0162560242  0.000241050544  0.000877424474  0.000684737361
  91     1      50               0  4.14076427e-05  3.94888225e-05    0.0162560242  0.000241050544  0.000877424474  0.000684737361
          wgpu 2d 404g 461c x3w 11ms | egraph 126g->223v+12snap 29ms | graft 28 (-99n, 2 snap) cpu 0 | f64 30 | gen 0.2s | dropped inexpr 7 oversz 0 unbuild 0 {}
  92     0     100               0  2.21788517e-05  2.09618246e-05    0.0128807021  0.000104358785  0.000469968005  0.000363478664
  92     1      50               0  4.14076427e-05  3.94888225e-05    0.0162560242  0.000241050544  0.000877424474  0.000684737361
          wgpu 1d 198g 283c x3w 4ms | egraph 55g->137v+0snap 10ms | graft 3 (-9n, 0 snap) cpu 0 | f64 20 | gen 0.2s | dropped inexpr 5 oversz 0 unbuild 0 {}
  93     0     100               0  2.21788517e-05  2.09618246e-05    0.0128807021  0.000104358785  0.000469968005  0.000363478664
  93     1      50               0  4.14076427e-05  3.94888225e-05    0.0162560242  0.000241050544  0.000877424474  0.000684737361
          wgpu 1d 192g 245c x3w 4ms | egraph 62g->99v+0snap 10ms | graft 4 (-21n, 0 snap) cpu 0 | f64 20 | gen 0.3s | dropped inexpr 2 oversz 0 unbuild 0 {}
  94     0     100               0  2.21788517e-05  2.09618246e-05    0.0128807021  0.000104358785  0.000469968005  0.000363478664
  94     1      50               0  2.84129154e-05  2.58706944e-05    0.0123412073  0.000135271297  0.000602067292  0.000448598613
          wgpu 1d 227g 264c x3w 4ms | egraph 58g->118v+0snap 10ms | graft 3 (-9n, 0 snap) cpu 0 | f64 20 | gen 0.3s | dropped inexpr 7 oversz 0 unbuild 0 {}
  95     0     100               0  2.21788517e-05  2.09618246e-05    0.0128807021  0.000104358785  0.000469968005  0.000363478664
  95     1      50               0  2.84129154e-05  2.58706944e-05    0.0123412073  0.000135271297  0.000602067292  0.000448598613
          wgpu 1d 203g 250c x3w 4ms | egraph 62g->104v+0snap 11ms | graft 6 (-16n, 0 snap) cpu 0 | f64 20 | gen 0.2s | dropped inexpr 3 oversz 0 unbuild 0 {}
  96     0     100               0  2.21788517e-05  2.09618246e-05    0.0128807021  0.000104358785  0.000469968005  0.000363478664
  96     1      50               0  2.84129154e-05  2.58706944e-05    0.0123412073  0.000135271297  0.000602067292  0.000448598613
          wgpu 1d 184g 241c x3w 4ms | egraph 47g->95v+0snap 9ms | graft 3 (-9n, 0 snap) cpu 0 | f64 20 | gen 0.2s | dropped inexpr 2 oversz 0 unbuild 0 {}
  97     0     100               0  2.21788517e-05  2.09618246e-05    0.0128807021  0.000104358785  0.000469968005  0.000363478664
  97     1      50               0  2.84129154e-05  2.58706944e-05    0.0123412073  0.000135271297  0.000602067292  0.000448598613
          wgpu 1d 208g 240c x3w 4ms | egraph 46g->94v+0snap 8ms | graft 3 (-9n, 0 snap) cpu 0 | f64 20 | gen 0.2s | dropped inexpr 1 oversz 0 unbuild 0 {}
  98     0     100               0  2.21788517e-05  2.09618246e-05    0.0128807021  0.000104358785  0.000469968005  0.000363478664
  98     1      50               0  2.84129154e-05  2.58706944e-05    0.0123412073  0.000135271297  0.000602067292  0.000448598613
          wgpu 1d 203g 253c x3w 4ms | egraph 44g->107v+0snap 8ms | graft 7 (-29n, 0 snap) cpu 0 | f64 20 | gen 0.2s | dropped inexpr 4 oversz 0 unbuild 0 {}
  99     0     100               0  2.21788517e-05  2.09618246e-05    0.0128807021  0.000104358785  0.000469968005  0.000363478664
  99     1      50               0  2.84129154e-05  2.58706944e-05    0.0123412073  0.000135271297  0.000602067292  0.000448598613
          wgpu 1d 210g 252c x3w 4ms | egraph 55g->106v+0snap 10ms | graft 5 (-16n, 0 snap) cpu 0 | f64 20 | gen 0.2s | dropped inexpr 7 oversz 0 unbuild 0 {}
 100     0     100               0  2.21788517e-05  2.09618246e-05    0.0128807021  0.000104358785  0.000469968005  0.000363478664
 100     1      50               0  2.84129154e-05  2.58706944e-05    0.0123412073  0.000135271297  0.000602067292  0.000448598613
          wgpu 1d 212g 254c x3w 4ms | egraph 60g->108v+0snap 11ms | graft 6 (-27n, 0 snap) cpu 0 | f64 20 | gen 0.2s | dropped inexpr 3 oversz 0 unbuild 0 {}
--------- pump migration: intra (promote-2 + intake-reset) ---------
 101     0     100               0  2.21788517e-05  2.09618246e-05    0.0128807021  0.000104358785  0.000469968005  0.000363478664
 101     1      50               0  2.21788517e-05  2.09618246e-05    0.0128807021  0.000104358785  0.000469968005  0.000363478664
          wgpu 2d 450g 460c x3w 8ms | egraph 142g->234v+0snap 26ms | graft 12 (-54n, 0 snap) cpu 0 | f64 30 | gen 0.2s | dropped inexpr 7 oversz 0 unbuild 0 {}
 102     0     100               0  2.21788517e-05  2.09618246e-05    0.0128807021  0.000104358785  0.000469968005  0.000363478664
 102     1      50               0  2.21788517e-05  2.09618246e-05    0.0128807021  0.000104358785  0.000469968005  0.000363478664
          wgpu 1d 201g 234c x3w 4ms | egraph 38g->88v+0snap 7ms | graft 3 (-8n, 0 snap) cpu 0 | f64 20 | gen 0.2s | dropped inexpr 4 oversz 0 unbuild 0 {}
 103     0     100               0  2.21788517e-05  2.09618246e-05    0.0128807021  0.000104358785  0.000469968005  0.000363478664
 103     1      50               0  2.21788517e-05  2.09618246e-05    0.0128807021  0.000104358785  0.000469968005  0.000363478664
          wgpu 1d 176g 219c x3w 4ms | egraph 33g->73v+0snap 7ms | graft 3 (-23n, 0 snap) cpu 0 | f64 20 | gen 0.2s | dropped inexpr 4 oversz 0 unbuild 0 {}
 104     0     100               0  2.21788517e-05  2.09618246e-05    0.0128807021  0.000104358785  0.000469968005  0.000363478664
 104     1      50               0  2.21788517e-05  2.09618246e-05    0.0128807021  0.000104358785  0.000469968005  0.000363478664
          wgpu 1d 194g 233c x3w 4ms | egraph 47g->87v+0snap 8ms | graft 6 (-18n, 0 snap) cpu 0 | f64 20 | gen 0.2s | dropped inexpr 7 oversz 0 unbuild 0 {}
 105     0     100               0  2.21788517e-05  2.09618246e-05    0.0128807021  0.000104358785  0.000469968005  0.000363478664
 105     1      50               0  2.21788517e-05  2.09618246e-05    0.0128807021  0.000104358785  0.000469968005  0.000363478664
          wgpu 1d 195g 216c x3w 4ms | egraph 39g->70v+0snap 7ms | graft 2 (-10n, 0 snap) cpu 0 | f64 20 | gen 0.2s
 106     0     100               0  2.21788517e-05  2.09618246e-05    0.0128807021  0.000104358785  0.000469968005  0.000363478664
 106     1      50               0  2.21788517e-05  2.09618246e-05    0.0128807021  0.000104358785  0.000469968005  0.000363478664
          wgpu 1d 188g 218c x3w 4ms | egraph 40g->72v+0snap 8ms | graft 6 (-18n, 0 snap) cpu 0 | f64 20 | gen 0.2s | dropped inexpr 3 oversz 0 unbuild 0 {}
 107     0     100               0  2.21788517e-05  2.09618246e-05    0.0128807021  0.000104358785  0.000469968005  0.000363478664
 107     1      50               0  2.21788517e-05  2.09618246e-05    0.0128807021  0.000104358785  0.000469968005  0.000363478664
          wgpu 1d 165g 205c x3w 8ms | egraph 33g->59v+0snap 7ms | graft 5 (-16n, 0 snap) cpu 0 | f64 20 | gen 0.2s | dropped inexpr 1 oversz 0 unbuild 0 {}
 108     0     100               0  2.21788517e-05  2.09618246e-05    0.0128807021  0.000104358785  0.000469968005  0.000363478664
 108     1      50               0  2.21788517e-05  2.09618246e-05    0.0128807021  0.000104358785  0.000469968005  0.000363478664
          wgpu 1d 179g 216c x3w 4ms | egraph 27g->70v+0snap 6ms | graft 3 (-8n, 0 snap) cpu 0 | f64 20 | gen 0.2s
 109     0     100               0  2.21788517e-05  2.09618246e-05    0.0128807021  0.000104358785  0.000469968005  0.000363478664
 109     1      50               0  2.21788517e-05  2.09618246e-05    0.0128807021  0.000104358785  0.000469968005  0.000363478664
          wgpu 1d 179g 221c x3w 4ms | egraph 26g->75v+0snap 5ms | graft 4 (-12n, 0 snap) cpu 0 | f64 20 | gen 0.2s
 110     0     100               0  2.21788517e-05  2.09618246e-05    0.0128807021  0.000104358785  0.000469968005  0.000363478664
 110     1      50               0  2.21788517e-05  2.09618246e-05    0.0128807021  0.000104358785  0.000469968005  0.000363478664
          wgpu 1d 186g 226c x3w 4ms | egraph 27g->80v+0snap 6ms | graft 3 (-14n, 0 snap) cpu 0 | f64 20 | gen 0.2s | dropped inexpr 1 oversz 0 unbuild 0 {}
--------- pump migration: intra (promote-2 + intake-reset) ---------
 111     0     100               0  2.21788517e-05  2.09618246e-05    0.0128807021  0.000104358785  0.000469968005  0.000363478664
 111     1      50               0  2.21788517e-05  2.09618246e-05    0.0128807021  0.000104358785  0.000469968005  0.000363478664
          wgpu 2d 456g 438c x3w 18ms | egraph 116g->212v+0snap 23ms | graft 7 (-22n, 0 snap) cpu 0 | f64 30 | gen 0.2s | dropped inexpr 5 oversz 0 unbuild 0 {}
 112     0     100               0  2.21788517e-05  2.09618246e-05    0.0128807021  0.000104358785  0.000469968005  0.000363478664
 112     1      50               0  2.21788517e-05  2.09618246e-05    0.0128807021  0.000104358785  0.000469968005  0.000363478664
          wgpu 1d 202g 231c x3w 4ms | egraph 43g->85v+0snap 9ms | graft 1 (-2n, 0 snap) cpu 0 | f64 20 | gen 0.2s | dropped inexpr 1 oversz 0 unbuild 0 {}
 113     0     100               0  2.21788517e-05  2.09618246e-05    0.0128807021  0.000104358785  0.000469968005  0.000363478664
 113     1      50               0  2.21788517e-05  2.09618246e-05    0.0128807021  0.000104358785  0.000469968005  0.000363478664
          wgpu 1d 182g 218c x3w 5ms | egraph 34g->72v+0snap 7ms | graft 3 (-8n, 0 snap) cpu 0 | f64 20 | gen 0.2s
 114     0     100               0  2.21788517e-05  2.09618246e-05    0.0128807021  0.000104358785  0.000469968005  0.000363478664
 114     1      50               0  2.21788517e-05  2.09618246e-05    0.0128807021  0.000104358785  0.000469968005  0.000363478664
          wgpu 1d 192g 235c x3w 4ms | egraph 29g->89v+0snap 6ms | graft 4 (-13n, 0 snap) cpu 0 | f64 20 | gen 0.2s | dropped inexpr 1 oversz 0 unbuild 0 {}
 115     0     100               0  2.21788517e-05  2.09618246e-05    0.0128807021  0.000104358785  0.000469968005  0.000363478664
 115     1      50               0  2.21788517e-05  2.09618246e-05    0.0128807021  0.000104358785  0.000469968005  0.000363478664
          wgpu 1d 202g 230c x3w 4ms | egraph 28g->84v+0snap 6ms | graft 3 (-8n, 0 snap) cpu 0 | f64 20 | gen 0.2s | dropped inexpr 1 oversz 0 unbuild 0 {}
 116     0     100               0  2.21788517e-05  2.09618246e-05    0.0128807021  0.000104358785  0.000469968005  0.000363478664
 116     1      50               0  2.21788517e-05  2.09618246e-05    0.0128807021  0.000104358785  0.000469968005  0.000363478664
          wgpu 1d 200g 233c x3w 4ms | egraph 35g->87v+0snap 7ms | graft 3 (-9n, 0 snap) cpu 0 | f64 20 | gen 0.2s | dropped inexpr 4 oversz 0 unbuild 0 {}
 117     0     100               0  2.21788517e-05  2.09618246e-05    0.0128807021  0.000104358785  0.000469968005  0.000363478664
 117     1      50               0  2.21788517e-05  2.09618246e-05    0.0128807021  0.000104358785  0.000469968005  0.000363478664
          wgpu 1d 186g 209c x3w 4ms | egraph 33g->63v+0snap 6ms | graft 5 (-12n, 0 snap) cpu 0 | f64 20 | gen 0.2s | dropped inexpr 6 oversz 0 unbuild 0 {}
 118     0     100               0  2.21788517e-05  2.09618246e-05    0.0128807021  0.000104358785  0.000469968005  0.000363478664
 118     1      50               0  2.21788517e-05  2.09618246e-05    0.0128807021  0.000104358785  0.000469968005  0.000363478664
          wgpu 1d 228g 244c x3w 4ms | egraph 48g->98v+0snap 9ms | graft 4 (-15n, 0 snap) cpu 0 | f64 20 | gen 0.2s | dropped inexpr 5 oversz 0 unbuild 0 {}
 119     0     100               0  2.21788517e-05  2.09618246e-05    0.0128807021  0.000104358785  0.000469968005  0.000363478664
 119     1      50               0  2.21788517e-05  2.09618246e-05    0.0128807021  0.000104358785  0.000469968005  0.000363478664
          wgpu 1d 198g 227c x3w 4ms | egraph 49g->81v+0snap 10ms | graft 7 (-18n, 0 snap) cpu 0 | f64 20 | gen 0.3s | dropped inexpr 1 oversz 0 unbuild 0 {}
 120     0     100               0  2.21788517e-05  2.09618246e-05    0.0128807021  0.000104358785  0.000469968005  0.000363478664
 120     1      50               0  2.21788517e-05  2.09618246e-05    0.0128807021  0.000104358785  0.000469968005  0.000363478664
          wgpu 1d 179g 213c x3w 4ms | egraph 29g->67v+0snap 6ms | graft 3 (-10n, 0 snap) cpu 0 | f64 20 | gen 0.2s | dropped inexpr 4 oversz 0 unbuild 0 {}
--------- pump migration: intra (promote-2 + intake-reset) + cross ---------
 121     0     100               0  2.21788517e-05  2.09618246e-05    0.0128807021  0.000104358785  0.000469968005  0.000363478664
 121     1      50               0  2.21788517e-05  2.09618246e-05    0.0128807021  0.000104358785  0.000469968005  0.000363478664
          wgpu 2d 468g 457c x3w 9ms | egraph 142g->231v+0snap 34ms | graft 19 (-72n, 0 snap) cpu 0 | f64 30 | gen 0.2s | dropped inexpr 7 oversz 0 unbuild 0 {}
 122     0     100               0  2.21788517e-05  2.09618246e-05    0.0128807021  0.000104358785  0.000469968005  0.000363478664
 122     1      50               0  2.21788517e-05  2.09618246e-05    0.0128807021  0.000104358785  0.000469968005  0.000363478664
          wgpu 1d 183g 219c x3w 5ms | egraph 32g->73v+0snap 7ms | graft 2 (-4n, 0 snap) cpu 0 | f64 20 | gen 0.3s | dropped inexpr 2 oversz 0 unbuild 0 {}
 123     0     100               0  2.21788517e-05  2.09618246e-05    0.0128807021  0.000104358785  0.000469968005  0.000363478664
 123     1      50               0  2.21788517e-05  2.09618246e-05    0.0128807021  0.000104358785  0.000469968005  0.000363478664
          wgpu 1d 221g 228c x3w 5ms | egraph 45g->82v+0snap 9ms | graft 6 (-19n, 0 snap) cpu 0 | f64 20 | gen 0.3s | dropped inexpr 10 oversz 0 unbuild 0 {}
 124     0     100               0  2.21788517e-05  2.09618246e-05    0.0128807021  0.000104358785  0.000469968005  0.000363478664
 124     1      50               0  2.21788517e-05  2.09618246e-05    0.0128807021  0.000104358785  0.000469968005  0.000363478664
          wgpu 1d 172g 210c x3w 4ms | egraph 29g->64v+0snap 7ms | graft 2 (-5n, 0 snap) cpu 0 | f64 20 | gen 0.2s | dropped inexpr 3 oversz 0 unbuild 0 {}
 125     0     100               0  2.21788517e-05  2.09618246e-05    0.0128807021  0.000104358785  0.000469968005  0.000363478664
 125     1      50               0  2.21788517e-05  2.09618246e-05    0.0128807021  0.000104358785  0.000469968005  0.000363478664
          wgpu 1d 183g 208c x3w 4ms | egraph 25g->62v+0snap 7ms | graft 1 (-2n, 0 snap) cpu 0 | f64 20 | gen 0.2s | dropped inexpr 3 oversz 0 unbuild 0 {}
 126     0     100               0  2.21788517e-05  2.09618246e-05    0.0128807021  0.000104358785  0.000469968005  0.000363478664
 126     1      50               0  2.21788517e-05  2.09618246e-05    0.0128807021  0.000104358785  0.000469968005  0.000363478664
          wgpu 1d 190g 232c x3w 4ms | egraph 39g->86v+0snap 8ms | graft 4 (-12n, 0 snap) cpu 0 | f64 20 | gen 0.2s | dropped inexpr 4 oversz 0 unbuild 0 {}
 127     0     100               0  1.81557811e-05  1.72321107e-05    0.0098342142  0.000114369914  0.000384719478  0.000298805314
 127     1      50               0  2.21788517e-05  2.09618246e-05    0.0128807021  0.000104358785  0.000469968005  0.000363478664
          wgpu 1d 209g 229c x3w 4ms | egraph 60g->83v+0snap 18ms | graft 4 (-11n, 0 snap) cpu 0 | f64 20 | gen 0.2s | dropped inexpr 12 oversz 0 unbuild 0 {}
 128     0     100               0  1.81557819e-05  1.72321017e-05   0.00983408584  0.000114369936  0.000384719496  0.000298805159
 128     1      50               0  2.21788517e-05  2.09618246e-05    0.0128807021  0.000104358785  0.000469968005  0.000363478664
          wgpu 1d 234g 245c x3w 4ms | egraph 68g->99v+0snap 13ms | graft 5 (-19n, 0 snap) cpu 0 | f64 20 | gen 0.3s | dropped inexpr 9 oversz 0 unbuild 0 {}
 129     0     100               0  1.81557819e-05  1.72321017e-05   0.00983408584  0.000114369936  0.000384719496  0.000298805159
 129     1      50               0  2.21788517e-05  2.09618246e-05    0.0128807021  0.000104358785  0.000469968005  0.000363478664
          wgpu 1d 198g 217c x3w 4ms | egraph 62g->71v+0snap 12ms | graft 2 (-4n, 0 snap) cpu 0 | f64 20 | gen 0.2s | dropped inexpr 4 oversz 0 unbuild 0 {}
 130     0     100               0  1.81557811e-05  1.72321107e-05    0.0098342142  0.000114369914  0.000384719478  0.000298805314
 130     1      50               0  2.21788517e-05  2.09618246e-05    0.0128807021  0.000104358785  0.000469968005  0.000363478664
          wgpu 1d 214g 234c x3w 4ms | egraph 62g->88v+0snap 12ms | graft 4 (-8n, 0 snap) cpu 0 | f64 20 | gen 0.2s | dropped inexpr 8 oversz 0 unbuild 0 {}
--------- pump migration: intra (promote-2 + intake-reset) ---------
 131     0     100               0  1.81557758e-05  1.72321014e-05   0.00983408573  0.000114369933  0.000384719366  0.000298805152
 131     1      50               0  2.21788517e-05  2.09618246e-05    0.0128807021  0.000104358785  0.000469968005  0.000363478664
          wgpu 2d 439g 413c x3w 8ms | egraph 140g->187v+0snap 27ms | graft 13 (-57n, 0 snap) cpu 0 | f64 30 | gen 0.3s | dropped inexpr 10 oversz 0 unbuild 0 {}
 132     0     100               0  1.81557758e-05  1.72321014e-05   0.00983408573  0.000114369933  0.000384719366  0.000298805152
 132     1      50               0  2.21788517e-05  2.09618246e-05    0.0128807021  0.000104358785  0.000469968005  0.000363478664
          wgpu 1d 211g 214c x3w 4ms | egraph 66g->68v+0snap 17ms | graft 3 (-16n, 0 snap) cpu 0 | f64 20 | gen 0.2s | dropped inexpr 6 oversz 0 unbuild 0 {}
 133     0     100               0  1.81557811e-05  1.72321107e-05    0.0098342142  0.000114369914  0.000384719478  0.000298805314
 133     1      50               0  2.21788517e-05  2.09618246e-05    0.0128807021  0.000104358785  0.000469968005  0.000363478664
          wgpu 1d 219g 232c x3w 4ms | egraph 68g->86v+0snap 14ms | graft 6 (-19n, 0 snap) cpu 0 | f64 20 | gen 0.2s | dropped inexpr 11 oversz 0 unbuild 0 {}
 134     0     100               0  1.81557811e-05  1.72321107e-05    0.0098342142  0.000114369914  0.000384719478  0.000298805314
 134     1      50               0  2.21788517e-05  2.09618246e-05    0.0128807021  0.000104358785  0.000469968005  0.000363478664
          wgpu 1d 213g 225c x3w 4ms | egraph 65g->79v+0snap 19ms | graft 8 (-32n, 0 snap) cpu 0 | f64 20 | gen 0.2s | dropped inexpr 9 oversz 0 unbuild 0 {}
 135     0     100               0  1.81557811e-05  1.72321107e-05    0.0098342142  0.000114369914  0.000384719478  0.000298805314
 135     1      50               0  2.21788517e-05  2.09618246e-05    0.0128807021  0.000104358785  0.000469968005  0.000363478664
          wgpu 1d 216g 235c x3w 4ms | egraph 52g->89v+0snap 9ms | graft 4 (-11n, 0 snap) cpu 0 | f64 20 | gen 0.2s | dropped inexpr 9 oversz 0 unbuild 0 {}
 136     0     100               0  1.81557811e-05  1.72321107e-05    0.0098342142  0.000114369914  0.000384719478  0.000298805314
 136     1      50               0  2.21788517e-05  2.09618246e-05    0.0128807021  0.000104358785  0.000469968005  0.000363478664
          wgpu 1d 199g 219c x3w 4ms | egraph 49g->73v+0snap 12ms | graft 3 (-15n, 0 snap) cpu 0 | f64 20 | gen 0.2s | dropped inexpr 8 oversz 0 unbuild 0 {}
 137     0     100               0  1.81557811e-05  1.72321107e-05    0.0098342142  0.000114369914  0.000384719478  0.000298805314
 137     1      50               0  2.21788517e-05  2.09618246e-05    0.0128807021  0.000104358785  0.000469968005  0.000363478664
          wgpu 1d 207g 222c x3w 4ms | egraph 47g->76v+0snap 13ms | graft 7 (-33n, 0 snap) cpu 0 | f64 20 | gen 0.2s | dropped inexpr 2 oversz 0 unbuild 0 {}
 138     0     100               0  1.81557811e-05  1.72321107e-05    0.0098342142  0.000114369914  0.000384719478  0.000298805314
 138     1      50               0  2.21788517e-05  2.09618246e-05    0.0128807021  0.000104358785  0.000469968005  0.000363478664
          wgpu 1d 214g 223c x3w 4ms | egraph 58g->77v+0snap 10ms | graft 5 (-13n, 0 snap) cpu 0 | f64 20 | gen 0.2s | dropped inexpr 3 oversz 0 unbuild 0 {}
 139     0     100               0  1.81557731e-05  1.72320845e-05   0.00983408761  0.000114369942  0.000384719309   0.00029880486
 139     1      50               0  2.21788517e-05  2.09618246e-05    0.0128807021  0.000104358785  0.000469968005  0.000363478664
          wgpu 1d 184g 216c x3w 4ms | egraph 49g->70v+0snap 9ms | graft 1 (-7n, 0 snap) cpu 0 | f64 20 | gen 0.2s | dropped inexpr 5 oversz 0 unbuild 0 {}
 140     0     100               0  1.81557731e-05  1.72320845e-05   0.00983408761  0.000114369942  0.000384719309   0.00029880486
 140     1      50               0  2.21788517e-05  2.09618246e-05    0.0128807021  0.000104358785  0.000469968005  0.000363478664
          wgpu 1d 191g 212c x3w 4ms | egraph 35g->66v+0snap 7ms | graft 3 (-11n, 0 snap) cpu 0 | f64 20 | gen 0.2s | dropped inexpr 2 oversz 0 unbuild 0 {}
--------- pump migration: intra (promote-2 + intake-reset) ---------
 141     0     100               0  1.81557811e-05  1.72321107e-05    0.0098342142  0.000114369914  0.000384719478  0.000298805314
 141     1      50               0  1.81557811e-05  1.72321107e-05    0.0098342142  0.000114369914  0.000384719478  0.000298805314
          wgpu 2d 430g 405c x3w 8ms | egraph 119g->179v+0snap 25ms | graft 13 (-59n, 0 snap) cpu 0 | f64 30 | gen 0.2s | dropped inexpr 3 oversz 0 unbuild 0 {}
 142     0     100               0  1.81557811e-05  1.72321107e-05    0.0098342142  0.000114369914  0.000384719478  0.000298805314
 142     1      50               0  1.81557811e-05  1.72321107e-05    0.0098342142  0.000114369914  0.000384719478  0.000298805314
          wgpu 1d 199g 215c x3w 4ms | egraph 57g->69v+0snap 11ms | graft 9 (-33n, 0 snap) cpu 0 | f64 20 | gen 0.2s | dropped inexpr 5 oversz 0 unbuild 0 {}
 143     0     100               0  1.81557733e-05  1.72320836e-05    0.0098340875  0.000114369945  0.000384719312  0.000298804845
 143     1      50               0  1.81557811e-05  1.72321107e-05    0.0098342142  0.000114369914  0.000384719478  0.000298805314
          wgpu 1d 208g 217c x3w 4ms | egraph 47g->71v+0snap 9ms | graft 6 (-22n, 0 snap) cpu 0 | f64 20 | gen 0.2s | dropped inexpr 1 oversz 0 unbuild 0 {}
 144     0     100               0  1.81557733e-05  1.72320836e-05    0.0098340875  0.000114369942  0.000384719312  0.000298804845
 144     1      50               0  1.81557811e-05  1.72321107e-05    0.0098342142  0.000114369914  0.000384719478  0.000298805314
          wgpu 1d 208g 219c x3w 4ms | egraph 52g->73v+0snap 10ms | graft 2 (-9n, 0 snap) cpu 0 | f64 20 | gen 0.2s | dropped inexpr 6 oversz 0 unbuild 0 {}
 145     0     100               0  1.81557811e-05  1.72321107e-05    0.0098342142  0.000114369914  0.000384719478  0.000298805314
 145     1      50               0  1.81557811e-05  1.72321107e-05    0.0098342142  0.000114369914  0.000384719478  0.000298805314
          wgpu 1d 238g 247c x3w 4ms | egraph 57g->101v+0snap 31ms | graft 6 (-14n, 0 snap) cpu 0 | f64 20 | gen 0.2s | dropped inexpr 4 oversz 0 unbuild 0 {}
 146     0     100               0  1.81557731e-05  1.72320845e-05   0.00983408761  0.000114369942  0.000384719309   0.00029880486
 146     1      50               0  1.81557811e-05  1.72321107e-05    0.0098342142  0.000114369914  0.000384719478  0.000298805314
          wgpu 1d 242g 243c x3w 4ms | egraph 53g->97v+0snap 11ms | graft 9 (-26n, 0 snap) cpu 0 | f64 20 | gen 0.2s
 147     0     100               0  1.81557733e-05  1.72320836e-05    0.0098340875  0.000114369942  0.000384719312  0.000298804845
 147     1      50               0  1.81557731e-05  1.72320845e-05   0.00983408761  0.000114369942  0.000384719309   0.00029880486
          wgpu 1d 223g 230c x3w 4ms | egraph 56g->84v+0snap 12ms | graft 6 (-18n, 0 snap) cpu 0 | f64 20 | gen 0.2s | dropped inexpr 2 oversz 0 unbuild 0 {}
 148     0     100               0  1.81557731e-05  1.72320845e-05   0.00983408761  0.000114369942  0.000384719309   0.00029880486
 148     1      50               0  1.81557811e-05  1.72321107e-05    0.0098342142  0.000114369914  0.000384719478  0.000298805314
          wgpu 1d 204g 221c x3w 4ms | egraph 39g->75v+0snap 8ms | graft 6 (-15n, 0 snap) cpu 0 | f64 20 | gen 0.2s | dropped inexpr 2 oversz 0 unbuild 0 {}
 149     0     100               0  1.81557731e-05  1.72320845e-05   0.00983408761  0.000114369942  0.000384719309   0.00029880486
 149     1      50               0  1.81557811e-05  1.72321107e-05    0.0098342142  0.000114369914  0.000384719478  0.000298805314
          wgpu 1d 194g 216c x3w 4ms | egraph 41g->70v+0snap 9ms | graft 7 (-19n, 0 snap) cpu 0 | f64 20 | gen 0.2s | dropped inexpr 4 oversz 0 unbuild 0 {}
 150     0     100               0  1.81557733e-05  1.72320836e-05    0.0098340875  0.000114369942  0.000384719312  0.000298804845
 150     1      50               0  1.81557811e-05  1.72321107e-05    0.0098342142  0.000114369914  0.000384719478  0.000298805314
          wgpu 1d 193g 231c x3w 4ms | egraph 38g->85v+0snap 7ms | graft 6 (-18n, 0 snap) cpu 0 | f64 20 | gen 0.2s | dropped inexpr 1 oversz 0 unbuild 0 {}
--------- pump migration: intra (promote-2 + intake-reset) + cross ---------
 151     0     100               0  1.81557733e-05  1.72320836e-05    0.0098340875  0.000114369942  0.000384719312  0.000298804845
 151     1      50               0  1.81557731e-05  1.72320845e-05   0.00983408761  0.000114369942  0.000384719309   0.00029880486
          wgpu 2d 449g 427c x3w 8ms | egraph 126g->201v+0snap 30ms | graft 16 (-74n, 0 snap) cpu 0 | f64 30 | gen 0.2s | dropped inexpr 1 oversz 0 unbuild 0 {}
 152     0     100               0  1.81557733e-05  1.72320836e-05    0.0098340875  0.000114369942  0.000384719312  0.000298804845
 152     1      50               0  1.81557731e-05  1.72320845e-05   0.00983408761  0.000114369942  0.000384719309   0.00029880486
          wgpu 1d 213g 219c x3w 4ms | egraph 43g->73v+0snap 11ms | graft 4 (-20n, 0 snap) cpu 0 | f64 20 | gen 0.2s | dropped inexpr 1 oversz 0 unbuild 0 {}
 153     0     100               0  1.81557733e-05  1.72320836e-05    0.0098340875  0.000114369942  0.000384719312  0.000298804845
 153     1      50               0  1.81557811e-05  1.72321107e-05    0.0098342142  0.000114369914  0.000384719478  0.000298805314
          wgpu 1d 211g 227c x3w 4ms | egraph 49g->81v+0snap 11ms | graft 8 (-29n, 0 snap) cpu 0 | f64 20 | gen 0.3s | dropped inexpr 1 oversz 0 unbuild 0 {}
 154     0     100               0  1.81557731e-05  1.72320845e-05   0.00983408761  0.000114369942  0.000384719309   0.00029880486
 154     1      50               0  1.81557731e-05  1.72320845e-05   0.00983408761  0.000114369942  0.000384719309   0.00029880486
          wgpu 1d 199g 222c x3w 4ms | egraph 36g->76v+0snap 7ms | graft 9 (-26n, 0 snap) cpu 0 | f64 20 | gen 0.2s | dropped inexpr 2 oversz 0 unbuild 0 {}
 155     0     100               0  1.81557733e-05  1.72320836e-05    0.0098340875  0.000114369942  0.000384719312  0.000298804845
 155     1      50               0  1.81557731e-05  1.72320845e-05   0.00983408761  0.000114369942  0.000384719309   0.00029880486
          wgpu 1d 211g 225c x3w 4ms | egraph 40g->79v+0snap 8ms | graft 6 (-20n, 0 snap) cpu 0 | f64 20 | gen 0.2s
 156     0     100               0  1.81557733e-05  1.72320836e-05    0.0098340875  0.000114369942  0.000384719312  0.000298804845
 156     1      50               0  1.81557811e-05  1.72321107e-05    0.0098342142  0.000114369914  0.000384719478  0.000298805314
          wgpu 1d 209g 212c x3w 4ms | egraph 51g->66v+0snap 9ms | graft 6 (-16n, 0 snap) cpu 0 | f64 20 | gen 0.2s | dropped inexpr 2 oversz 0 unbuild 0 {}
 157     0     100               0  1.81557731e-05  1.72320845e-05   0.00983408761  0.000114369942  0.000384719309   0.00029880486
 157     1      50               0  1.81557811e-05  1.72321107e-05    0.0098342142  0.000114369914  0.000384719478  0.000298805314
          wgpu 1d 197g 205c x3w 4ms | egraph 41g->59v+0snap 7ms | graft 4 (-14n, 0 snap) cpu 0 | f64 20 | gen 0.2s | dropped inexpr 1 oversz 0 unbuild 0 {}
 158     0     100               0  1.81557731e-05  1.72320845e-05   0.00983408761  0.000114369942  0.000384719309   0.00029880486
 158     1      50               0  1.81557811e-05  1.72321107e-05    0.0098342142  0.000114369914  0.000384719478  0.000298805314
          wgpu 1d 207g 213c x3w 5ms | egraph 41g->67v+0snap 13ms | graft 10 (-29n, 0 snap) cpu 0 | f64 20 | gen 0.2s | dropped inexpr 2 oversz 0 unbuild 0 {}
 159     0     100               0  1.81557811e-05  1.72321107e-05    0.0098342142  0.000114369914  0.000384719478  0.000298805314
 159     1      50               0  1.81557811e-05  1.72321107e-05    0.0098342142  0.000114369914  0.000384719478  0.000298805314
          wgpu 1d 206g 213c x3w 4ms | egraph 37g->67v+0snap 8ms | graft 3 (-13n, 0 snap) cpu 0 | f64 20 | gen 0.2s | dropped inexpr 1 oversz 0 unbuild 0 {}
 160     0     100               0  1.81557811e-05  1.72321107e-05    0.0098342142  0.000114369914  0.000384719478  0.000298805314
 160     1      50               0  1.81557733e-05  1.72320836e-05    0.0098340875  0.000114369945  0.000384719312  0.000298804845
          wgpu 1d 201g 219c x3w 4ms | egraph 38g->73v+0snap 12ms | graft 4 (-14n, 0 snap) cpu 0 | f64 20 | gen 0.2s
--------- pump migration: intra (promote-2 + intake-reset) ---------
 161     0     100               0  1.81557811e-05  1.72321107e-05    0.0098342142  0.000114369914  0.000384719478  0.000298805314
 161     1      50               0  1.81557811e-05  1.72321107e-05    0.0098342142  0.000114369914  0.000384719478  0.000298805314
          wgpu 2d 432g 413c x3w 9ms | egraph 111g->187v+0snap 25ms | graft 14 (-93n, 0 snap) cpu 0 | f64 30 | gen 0.2s | dropped inexpr 4 oversz 0 unbuild 0 {}
 162     0     100               0  1.81557811e-05  1.72321107e-05    0.0098342142  0.000114369914  0.000384719478  0.000298805314
 162     1      50               0  1.81557811e-05  1.72321107e-05    0.0098342142  0.000114369914  0.000384719478  0.000298805314
          wgpu 1d 210g 211c x3w 4ms | egraph 47g->65v+0snap 15ms | graft 5 (-17n, 0 snap) cpu 0 | f64 20 | gen 0.2s | dropped inexpr 3 oversz 0 unbuild 0 {}
 163     0     100               0  1.81557731e-05  1.72320845e-05   0.00983408761  0.000114369942  0.000384719309   0.00029880486
 163     1      50               0  1.81557811e-05  1.72321107e-05    0.0098342142  0.000114369914  0.000384719478  0.000298805314
          wgpu 1d 241g 230c x3w 5ms | egraph 55g->84v+0snap 18ms | graft 6 (-16n, 0 snap) cpu 0 | f64 20 | gen 0.3s | dropped inexpr 1 oversz 0 unbuild 0 {}
 164     0     100               0  1.81557811e-05  1.72321107e-05    0.0098342142  0.000114369914  0.000384719478  0.000298805314
 164     1      50               0  1.81557811e-05  1.72321107e-05    0.0098342142  0.000114369914  0.000384719478  0.000298805314
          wgpu 1d 205g 214c x3w 4ms | egraph 43g->68v+0snap 15ms | graft 11 (-37n, 0 snap) cpu 0 | f64 20 | gen 0.2s
 165     0     100               0  1.81557733e-05  1.72320836e-05    0.0098340875  0.000114369942  0.000384719312  0.000298804845
 165     1      50               0  1.81557811e-05  1.72321107e-05    0.0098342142  0.000114369914  0.000384719478  0.000298805314
          wgpu 1d 216g 222c x3w 4ms | egraph 56g->76v+0snap 11ms | graft 3 (-6n, 0 snap) cpu 0 | f64 20 | gen 0.2s
 166     0     100               0  1.81557733e-05  1.72320836e-05    0.0098340875  0.000114369942  0.000384719312  0.000298804845
 166     1      50               0  1.81557811e-05  1.72321107e-05    0.0098342142  0.000114369914  0.000384719478  0.000298805314
          wgpu 1d 205g 222c x3w 4ms | egraph 51g->76v+0snap 14ms | graft 9 (-26n, 0 snap) cpu 0 | f64 20 | gen 0.2s | dropped inexpr 1 oversz 0 unbuild 0 {}
 167     0     100               0  1.81557733e-05  1.72320836e-05    0.0098340875  0.000114369942  0.000384719312  0.000298804845
 167     1      50               0  1.81557811e-05  1.72321107e-05    0.0098342142  0.000114369914  0.000384719478  0.000298805314
          wgpu 1d 221g 237c x3w 4ms | egraph 60g->91v+0snap 13ms | graft 11 (-39n, 0 snap) cpu 0 | f64 20 | gen 0.2s
 168     0     100               0  1.81557733e-05  1.72320836e-05    0.0098340875  0.000114369942  0.000384719312  0.000298804845
 168     1      50               0  1.81557783e-05  1.72320968e-05   0.00983408707  0.000114369913  0.000384719418  0.000298805072
          wgpu 1d 195g 210c x3w 4ms | egraph 41g->64v+0snap 8ms | graft 6 (-20n, 0 snap) cpu 0 | f64 20 | gen 0.2s | dropped inexpr 1 oversz 0 unbuild 0 {}
 169     0     100               0  1.81557733e-05  1.72320836e-05    0.0098340875  0.000114369942  0.000384719312  0.000298804845
 169     1      50               0  1.81557783e-05  1.72320968e-05   0.00983408707  0.000114369913  0.000384719418  0.000298805072
          wgpu 1d 198g 222c x3w 4ms | egraph 44g->76v+0snap 9ms | graft 8 (-26n, 0 snap) cpu 0 | f64 20 | gen 0.2s | dropped inexpr 1 oversz 0 unbuild 0 {}
 170     0     100               0  1.81557733e-05  1.72320836e-05    0.0098340875  0.000114369942  0.000384719312  0.000298804845
 170     1      50               0  1.81557811e-05  1.72321107e-05    0.0098342142  0.000114369914  0.000384719478  0.000298805314
          wgpu 1d 233g 237c x3w 5ms | egraph 41g->91v+0snap 10ms | graft 6 (-22n, 0 snap) cpu 0 | f64 20 | gen 0.2s
--------- pump migration: intra (promote-2 + intake-reset) ---------
 171     0     100               0  1.81557733e-05  1.72320836e-05    0.0098340875  0.000114369942  0.000384719312  0.000298804845
 171     1      50               0  1.81557811e-05  1.72321107e-05    0.0098342142  0.000114369914  0.000384719478  0.000298805314
          wgpu 2d 486g 450c x3w 9ms | egraph 131g->224v+0snap 34ms | graft 18 (-78n, 0 snap) cpu 0 | f64 30 | gen 0.2s | dropped inexpr 1 oversz 0 unbuild 0 {}
 172     0     100               0  1.81557733e-05  1.72320836e-05    0.0098340875  0.000114369942  0.000384719312  0.000298804845
 172     1      50               0  1.81557811e-05  1.72321107e-05    0.0098342142  0.000114369914  0.000384719478  0.000298805314
          wgpu 1d 203g 224c x3w 4ms | egraph 36g->78v+0snap 7ms | graft 6 (-25n, 0 snap) cpu 0 | f64 20 | gen 0.2s | dropped inexpr 8 oversz 0 unbuild 0 {}
 173     0     100               0  1.81557733e-05  1.72320836e-05    0.0098340875  0.000114369942  0.000384719312  0.000298804845
 173     1      50               0  1.81557811e-05  1.72321107e-05    0.0098342142  0.000114369914  0.000384719478  0.000298805314
          wgpu 1d 229g 236c x3w 5ms | egraph 43g->90v+0snap 9ms | graft 4 (-12n, 0 snap) cpu 0 | f64 20 | gen 0.2s
 174     0     100               0  1.81557733e-05  1.72320836e-05    0.0098340875  0.000114369942  0.000384719312  0.000298804845
 174     1      50               0  1.81557811e-05  1.72321107e-05    0.0098342142  0.000114369914  0.000384719478  0.000298805314
          wgpu 1d 209g 218c x3w 4ms | egraph 47g->72v+0snap 9ms | graft 3 (-16n, 0 snap) cpu 0 | f64 20 | gen 0.2s
 175     0     100               0  1.81557811e-05  1.72321107e-05    0.0098342142  0.000114369914  0.000384719478  0.000298805314
 175     1      50               0  1.81557811e-05  1.72321107e-05    0.0098342142  0.000114369914  0.000384719478  0.000298805314
          wgpu 1d 202g 218c x3w 4ms | egraph 38g->72v+0snap 10ms | graft 7 (-29n, 0 snap) cpu 0 | f64 20 | gen 0.2s | dropped inexpr 2 oversz 0 unbuild 0 {}
 176     0     100               0  1.81557811e-05  1.72321107e-05    0.0098342142  0.000114369914  0.000384719478  0.000298805314
 176     1      50               0  1.81557811e-05  1.72321107e-05    0.0098342142  0.000114369914  0.000384719478  0.000298805314
          wgpu 1d 214g 224c x3w 4ms | egraph 44g->78v+0snap 14ms | graft 6 (-28n, 0 snap) cpu 0 | f64 20 | gen 0.2s | dropped inexpr 2 oversz 0 unbuild 0 {}
 177     0     100               0  1.81557811e-05  1.72321107e-05    0.0098342142  0.000114369914  0.000384719478  0.000298805314
 177     1      50               0  1.81557811e-05  1.72321107e-05    0.0098342142  0.000114369914  0.000384719478  0.000298805314
          wgpu 1d 209g 236c x3w 4ms | egraph 44g->90v+0snap 9ms | graft 6 (-18n, 0 snap) cpu 0 | f64 20 | gen 0.2s | dropped inexpr 1 oversz 0 unbuild 0 {}
 178     0     100               0  1.81557811e-05  1.72321107e-05    0.0098342142  0.000114369914  0.000384719478  0.000298805314
 178     1      50               0  1.81557811e-05  1.72321107e-05    0.0098342142  0.000114369914  0.000384719478  0.000298805314
          wgpu 1d 194g 223c x3w 4ms | egraph 46g->77v+0snap 9ms | graft 4 (-14n, 0 snap) cpu 0 | f64 20 | gen 0.2s
 179     0     100               0  1.81557811e-05  1.72321107e-05    0.0098342142  0.000114369914  0.000384719478  0.000298805314
 179     1      50               0  1.81557811e-05  1.72321107e-05    0.0098342142  0.000114369914  0.000384719478  0.000298805314
          wgpu 1d 208g 213c x3w 4ms | egraph 47g->67v+0snap 10ms | graft 2 (-9n, 0 snap) cpu 0 | f64 20 | gen 0.2s
 180     0     100               0  1.81557811e-05  1.72321107e-05    0.0098342142  0.000114369914  0.000384719478  0.000298805314
 180     1      50               0  1.81557811e-05  1.72321107e-05    0.0098342142  0.000114369914  0.000384719478  0.000298805314
          wgpu 1d 247g 242c x3w 4ms | egraph 45g->96v+0snap 9ms | graft 12 (-47n, 0 snap) cpu 0 | f64 20 | gen 0.2s | dropped inexpr 2 oversz 0 unbuild 0 {}
--------- pump migration: intra (promote-2 + intake-reset) + cross ---------
 181     0     100               0  1.81557811e-05  1.72321107e-05    0.0098342142  0.000114369914  0.000384719478  0.000298805314
 181     1      50               0  1.81557811e-05  1.72321107e-05    0.0098342142  0.000114369914  0.000384719478  0.000298805314
          wgpu 2d 456g 416c x3w 8ms | egraph 127g->190v+0snap 37ms | graft 15 (-80n, 0 snap) cpu 0 | f64 30 | gen 0.2s | dropped inexpr 9 oversz 0 unbuild 0 {}
 182     0     100               0  1.81557811e-05  1.72321107e-05    0.0098342142  0.000114369914  0.000384719478  0.000298805314
 182     1      50               0  1.81557811e-05  1.72321107e-05    0.0098342142  0.000114369914  0.000384719478  0.000298805314
          wgpu 1d 235g 229c x3w 4ms | egraph 43g->83v+0snap 8ms | graft 9 (-47n, 0 snap) cpu 0 | f64 20 | gen 0.2s | dropped inexpr 2 oversz 0 unbuild 0 {}
 183     0     100               0  1.81557811e-05  1.72321107e-05    0.0098342142  0.000114369914  0.000384719478  0.000298805314
 183     1      50               0  1.81557811e-05  1.72321107e-05    0.0098342142  0.000114369914  0.000384719478  0.000298805314
          wgpu 1d 198g 219c x3w 4ms | egraph 34g->73v+0snap 7ms | graft 7 (-20n, 0 snap) cpu 0 | f64 20 | gen 0.2s
 184     0     100               0  1.81557811e-05  1.72321107e-05    0.0098342142  0.000114369914  0.000384719478  0.000298805314
 184     1      50               0  1.81557811e-05  1.72321107e-05    0.0098342142  0.000114369914  0.000384719478  0.000298805314
          wgpu 1d 197g 206c x3w 4ms | egraph 31g->60v+0snap 7ms | graft 6 (-18n, 0 snap) cpu 0 | f64 20 | gen 0.2s | dropped inexpr 5 oversz 0 unbuild 0 {}
 185     0     100               0  1.81557733e-05  1.72320836e-05    0.0098340875  0.000114369945  0.000384719312  0.000298804845
 185     1      50               0  1.81557811e-05  1.72321107e-05    0.0098342142  0.000114369914  0.000384719478  0.000298805314
          wgpu 1d 205g 225c x3w 4ms | egraph 34g->79v+0snap 7ms | graft 2 (-12n, 0 snap) cpu 0 | f64 20 | gen 0.2s | dropped inexpr 1 oversz 0 unbuild 0 {}
 186     0     100               0  1.81557811e-05  1.72321107e-05    0.0098342142  0.000114369914  0.000384719478  0.000298805314
 186     1      50               0  1.81557811e-05  1.72321107e-05    0.0098342142  0.000114369914  0.000384719478  0.000298805314
          wgpu 1d 206g 212c x3w 9ms | egraph 38g->66v+0snap 7ms | graft 4 (-13n, 0 snap) cpu 0 | f64 20 | gen 0.2s | dropped inexpr 1 oversz 0 unbuild 0 {}
 187     0     100               0  1.81557811e-05  1.72321107e-05    0.0098342142  0.000114369914  0.000384719478  0.000298805314
 187     1      50               0  1.81557811e-05  1.72321107e-05    0.0098342142  0.000114369914  0.000384719478  0.000298805314
          wgpu 1d 196g 216c x3w 9ms | egraph 31g->70v+0snap 8ms | graft 6 (-27n, 0 snap) cpu 0 | f64 20 | gen 0.3s | dropped inexpr 3 oversz 0 unbuild 0 {}
 188     0     100               0  1.81557811e-05  1.72321107e-05    0.0098342142  0.000114369914  0.000384719478  0.000298805314
 188     1      50               0  1.81557811e-05  1.72321107e-05    0.0098342142  0.000114369914  0.000384719478  0.000298805314
          wgpu 1d 215g 227c x3w 8ms | egraph 39g->81v+0snap 8ms | graft 7 (-42n, 0 snap) cpu 0 | f64 20 | gen 0.2s | dropped inexpr 1 oversz 0 unbuild 0 {}
 189     0     100               0  1.81557811e-05  1.72321107e-05    0.0098342142  0.000114369914  0.000384719478  0.000298805314
 189     1      50               0  1.81557811e-05  1.72321107e-05    0.0098342142  0.000114369914  0.000384719478  0.000298805314
          wgpu 1d 214g 208c x3w 4ms | egraph 53g->62v+0snap 10ms | graft 5 (-15n, 0 snap) cpu 0 | f64 20 | gen 0.2s | dropped inexpr 1 oversz 0 unbuild 0 {}
 190     0     100               0  1.81557811e-05  1.72321107e-05    0.0098342142  0.000114369914  0.000384719478  0.000298805314
 190     1      50               0  1.81557811e-05  1.72321107e-05    0.0098342142  0.000114369914  0.000384719478  0.000298805314
          wgpu 1d 213g 236c x3w 4ms | egraph 51g->90v+0snap 10ms | graft 10 (-39n, 0 snap) cpu 0 | f64 20 | gen 0.2s | dropped inexpr 2 oversz 0 unbuild 0 {}
--------- pump migration: intra (promote-2 + intake-reset) ---------
 191     0     100               0  1.81557811e-05  1.72321107e-05    0.0098342142  0.000114369914  0.000384719478  0.000298805314
 191     1      50               0  1.81557811e-05  1.72321107e-05    0.0098342142  0.000114369914  0.000384719478  0.000298805314
          wgpu 2d 414g 409c x3w 8ms | egraph 112g->183v+0snap 26ms | graft 15 (-79n, 0 snap) cpu 0 | f64 30 | gen 0.3s | dropped inexpr 4 oversz 0 unbuild 0 {}
 192     0     100               0  1.81557733e-05  1.72320836e-05    0.0098340875  0.000114369945  0.000384719312  0.000298804845
 192     1      50               0  1.81557811e-05  1.72321107e-05    0.0098342142  0.000114369914  0.000384719478  0.000298805314
          wgpu 1d 208g 221c x3w 4ms | egraph 31g->75v+0snap 11ms | graft 3 (-11n, 0 snap) cpu 0 | f64 20 | gen 0.2s
 193     0     100               0  1.81557733e-05  1.72320836e-05    0.0098340875  0.000114369945  0.000384719312  0.000298804845
 193     1      50               0  1.81557811e-05  1.72321107e-05    0.0098342142  0.000114369914  0.000384719478  0.000298805314
          wgpu 1d 239g 228c x3w 4ms | egraph 43g->82v+0snap 8ms | graft 8 (-27n, 0 snap) cpu 0 | f64 20 | gen 0.2s | dropped inexpr 1 oversz 0 unbuild 0 {}
 194     0     100               0  1.81557733e-05  1.72320836e-05    0.0098340875  0.000114369945  0.000384719312  0.000298804845
 194     1      50               0  1.81557811e-05  1.72321107e-05    0.0098342142  0.000114369914  0.000384719478  0.000298805314
          wgpu 1d 214g 229c x3w 5ms | egraph 37g->83v+0snap 7ms | graft 7 (-22n, 0 snap) cpu 0 | f64 20 | gen 0.1s | dropped inexpr 2 oversz 0 unbuild 0 {}
 195     0     100               0  1.81557733e-05  1.72320836e-05    0.0098340875  0.000114369945  0.000384719312  0.000298804845
 195     1      50               0  1.81557811e-05  1.72321107e-05    0.0098342142  0.000114369914  0.000384719478  0.000298805314
          wgpu 1d 237g 223c x3w 4ms | egraph 45g->77v+0snap 9ms | graft 4 (-16n, 0 snap) cpu 0 | f64 20 | gen 0.2s | dropped inexpr 1 oversz 0 unbuild 0 {}
 196     0     100               0  1.81557733e-05  1.72320836e-05    0.0098340875  0.000114369945  0.000384719312  0.000298804845
 196     1      50               0  1.81557811e-05  1.72321107e-05    0.0098342142  0.000114369914  0.000384719478  0.000298805314
          wgpu 1d 209g 225c x3w 4ms | egraph 40g->79v+0snap 8ms | graft 7 (-27n, 0 snap) cpu 0 | f64 20 | gen 0.2s | dropped inexpr 4 oversz 0 unbuild 0 {}
 197     0     100               0  1.81557733e-05  1.72320836e-05    0.0098340875  0.000114369945  0.000384719312  0.000298804845
 197     1      50               0  1.81557811e-05  1.72321107e-05    0.0098342142  0.000114369914  0.000384719478  0.000298805314
          wgpu 1d 222g 230c x3w 4ms | egraph 44g->84v+0snap 9ms | graft 9 (-50n, 0 snap) cpu 0 | f64 20 | gen 0.2s | dropped inexpr 3 oversz 0 unbuild 0 {}
 198     0     100               0  1.81557811e-05  1.72321107e-05    0.0098342142  0.000114369914  0.000384719478  0.000298805314
 198     1      50               0  1.81557811e-05  1.72321107e-05    0.0098342142  0.000114369914  0.000384719478  0.000298805314
          wgpu 1d 204g 227c x3w 4ms | egraph 36g->81v+0snap 8ms | graft 2 (-5n, 0 snap) cpu 0 | f64 20 | gen 0.2s | dropped inexpr 2 oversz 0 unbuild 0 {}
 199     0     100               0  1.81557819e-05  1.72321017e-05   0.00983408584  0.000114369936  0.000384719496  0.000298805159
 199     1      50               0  1.81557811e-05  1.72321107e-05    0.0098342142  0.000114369914  0.000384719478  0.000298805314
          wgpu 1d 220g 232c x3w 4ms | egraph 39g->86v+0snap 8ms | graft 6 (-26n, 0 snap) cpu 0 | f64 20 | gen 0.2s | dropped inexpr 2 oversz 0 unbuild 0 {}
 200     0     100               0  1.81557819e-05  1.72321017e-05   0.00983408584  0.000114369936  0.000384719496  0.000298805159
 200     1      50               0  1.81557811e-05  1.72321107e-05    0.0098342142  0.000114369914  0.000384719478  0.000298805314
          wgpu 1d 234g 233c x3w 4ms | egraph 57g->87v+0snap 16ms | graft 4 (-15n, 0 snap) cpu 0 | f64 20 | gen 0.3s | dropped inexpr 8 oversz 0 unbuild 0 {}
--------- pump migration: intra (promote-2 + intake-reset) ---------
 201     0     100               0  1.81557819e-05  1.72321017e-05   0.00983408584  0.000114369936  0.000384719496  0.000298805159
 201     1      50               0  1.81557783e-05  1.72320968e-05   0.00983408707  0.000114369913  0.000384719418  0.000298805072
          wgpu 2d 479g 449c x3w 9ms | egraph 127g->223v+0snap 31ms | graft 24 (-164n, 0 snap) cpu 0 | f64 30 | gen 0.2s | dropped inexpr 2 oversz 0 unbuild 0 {}
 202     0     100               0  1.81557819e-05  1.72321017e-05   0.00983408584  0.000114369936  0.000384719496  0.000298805159
 202     1      50               0  1.81557783e-05  1.72320968e-05   0.00983408707  0.000114369913  0.000384719418  0.000298805072
          wgpu 1d 235g 226c x3w 5ms | egraph 57g->80v+0snap 19ms | graft 8 (-39n, 0 snap) cpu 0 | f64 20 | gen 0.2s | dropped inexpr 1 oversz 0 unbuild 0 {}
 203     0     100               0  1.81557819e-05  1.72321017e-05   0.00983408584  0.000114369936  0.000384719496  0.000298805159
 203     1      50               0  1.81557811e-05  1.72321107e-05    0.0098342142  0.000114369914  0.000384719478  0.000298805314
          wgpu 1d 220g 217c x3w 4ms | egraph 49g->71v+0snap 10ms | graft 4 (-20n, 0 snap) cpu 0 | f64 20 | gen 0.3s | dropped inexpr 7 oversz 0 unbuild 0 {}
 204     0     100               0  1.81557819e-05  1.72321017e-05   0.00983408584  0.000114369936  0.000384719496  0.000298805159
 204     1      50               0  1.81557811e-05  1.72321107e-05    0.0098342142  0.000114369914  0.000384719478  0.000298805314
          wgpu 1d 208g 218c x3w 4ms | egraph 41g->72v+0snap 13ms | graft 6 (-23n, 0 snap) cpu 0 | f64 20 | gen 0.4s | dropped inexpr 6 oversz 0 unbuild 0 {}
 205     0     100               0  1.81557819e-05  1.72321017e-05   0.00983408584  0.000114369936  0.000384719496  0.000298805159
 205     1      50               0  1.81557811e-05  1.72321107e-05    0.0098342142  0.000114369914  0.000384719478  0.000298805314
          wgpu 1d 237g 234c x3w 4ms | egraph 54g->88v+0snap 12ms | graft 11 (-37n, 0 snap) cpu 0 | f64 20 | gen 0.3s | dropped inexpr 9 oversz 0 unbuild 0 {}
 206     0     100               0  1.81557811e-05  1.72321107e-05    0.0098342142  0.000114369914  0.000384719478  0.000298805314
 206     1      50               0  1.81557811e-05  1.72321107e-05    0.0098342142  0.000114369914  0.000384719478  0.000298805314
          wgpu 1d 270g 251c x3w 5ms | egraph 52g->105v+0snap 11ms | graft 8 (-47n, 0 snap) cpu 0 | f64 20 | gen 0.2s | dropped inexpr 6 oversz 0 unbuild 0 {}
 207     0     100               0  1.81557819e-05  1.72321017e-05   0.00983408584  0.000114369936  0.000384719496  0.000298805159
 207     1      50               0  1.81557811e-05  1.72321107e-05    0.0098342142  0.000114369914  0.000384719478  0.000298805314
          wgpu 1d 218g 233c x3w 5ms | egraph 42g->87v+0snap 9ms | graft 5 (-14n, 0 snap) cpu 0 | f64 20 | gen 0.3s | dropped inexpr 2 oversz 0 unbuild 0 {}
 208     0     100               0  1.81557819e-05  1.72321017e-05   0.00983408584  0.000114369936  0.000384719496  0.000298805159
 208     1      50               0  1.81557811e-05  1.72321107e-05    0.0098342142  0.000114369914  0.000384719478  0.000298805314
          wgpu 1d 207g 238c x3w 4ms | egraph 34g->92v+0snap 8ms | graft 7 (-25n, 0 snap) cpu 0 | f64 20 | gen 0.3s | dropped inexpr 4 oversz 0 unbuild 0 {}
 209     0     100               0  1.81557819e-05  1.72321017e-05   0.00983408584  0.000114369936  0.000384719496  0.000298805159
 209     1      50               0  1.81557811e-05  1.72321107e-05    0.0098342142  0.000114369914  0.000384719478  0.000298805314
          wgpu 1d 204g 216c x3w 4ms | egraph 39g->70v+0snap 9ms | graft 5 (-13n, 0 snap) cpu 0 | f64 20 | gen 0.4s | dropped inexpr 7 oversz 0 unbuild 0 {}
 210     0     100               0  1.81557819e-05  1.72321017e-05   0.00983408584  0.000114369936  0.000384719496  0.000298805159
 210     1      50               0  1.81557811e-05  1.72321107e-05    0.0098342142  0.000114369914  0.000384719478  0.000298805314
          wgpu 1d 214g 238c x3w 5ms | egraph 34g->92v+0snap 7ms | graft 7 (-17n, 0 snap) cpu 0 | f64 20 | gen 0.3s | dropped inexpr 4 oversz 0 unbuild 0 {}
--------- pump migration: intra (promote-2 + intake-reset) + cross ---------
 211     0     100               0  1.81557819e-05  1.72321017e-05   0.00983408584  0.000114369936  0.000384719496  0.000298805159
 211     1      50               0  1.81557783e-05  1.72320968e-05   0.00983408707  0.000114369913  0.000384719418  0.000298805072
          wgpu 2d 525g 486c x3w 12ms | egraph 151g->260v+0snap 29ms | graft 22 (-104n, 0 snap) cpu 0 | f64 30 | gen 0.4s | dropped inexpr 7 oversz 0 unbuild 0 {}
 212     0     100               0  1.81557819e-05  1.72321017e-05   0.00983408584  0.000114369936  0.000384719496  0.000298805159
 212     1      50               0  1.81557783e-05  1.72320968e-05   0.00983408707  0.000114369913  0.000384719418  0.000298805072
          wgpu 1d 218g 239c x3w 4ms | egraph 41g->93v+0snap 10ms | graft 12 (-51n, 0 snap) cpu 0 | f64 20 | gen 0.2s | dropped inexpr 6 oversz 0 unbuild 0 {}
 213     0     100               0  1.81557819e-05  1.72321017e-05   0.00983408584  0.000114369936  0.000384719496  0.000298805159
 213     1      50               0  1.81557783e-05  1.72320968e-05   0.00983408707  0.000114369913  0.000384719418  0.000298805072
          wgpu 1d 225g 232c x3w 4ms | egraph 34g->86v+0snap 7ms | graft 2 (-4n, 0 snap) cpu 0 | f64 20 | gen 0.2s | dropped inexpr 9 oversz 0 unbuild 0 {}
 214     0     100               0  1.81557819e-05  1.72321017e-05   0.00983408584  0.000114369936  0.000384719496  0.000298805159
 214     1      50               0  1.81557783e-05  1.72320968e-05   0.00983408707  0.000114369913  0.000384719418  0.000298805072
          wgpu 1d 232g 236c x3w 4ms | egraph 43g->90v+0snap 11ms | graft 6 (-25n, 0 snap) cpu 0 | f64 20 | gen 0.2s | dropped inexpr 7 oversz 0 unbuild 0 {}
 215     0     100               0  1.81557819e-05  1.72321017e-05   0.00983408584  0.000114369936  0.000384719496  0.000298805159
 215     1      50               0  1.81557783e-05  1.72320968e-05   0.00983408707  0.000114369913  0.000384719418  0.000298805072
          wgpu 1d 221g 238c x3w 4ms | egraph 35g->92v+0snap 8ms | graft 9 (-30n, 0 snap) cpu 0 | f64 20 | gen 0.3s | dropped inexpr 5 oversz 0 unbuild 0 {}
 216     0     100               0  1.81557819e-05  1.72321017e-05   0.00983408584  0.000114369936  0.000384719496  0.000298805159
 216     1      50               0  1.81557783e-05  1.72320968e-05   0.00983408707  0.000114369913  0.000384719418  0.000298805072
          wgpu 1d 231g 233c x3w 14ms | egraph 37g->87v+0snap 9ms | graft 6 (-27n, 0 snap) cpu 0 | f64 20 | gen 0.2s | dropped inexpr 7 oversz 0 unbuild 0 {}
 217     0     100               0  1.81557819e-05  1.72321017e-05   0.00983408584  0.000114369936  0.000384719496  0.000298805159
 217     1      50               0  1.81557811e-05  1.72321107e-05    0.0098342142  0.000114369914  0.000384719478  0.000298805314
          wgpu 1d 231g 230c x3w 4ms | egraph 45g->84v+0snap 11ms | graft 9 (-32n, 0 snap) cpu 0 | f64 20 | gen 0.3s | dropped inexpr 4 oversz 0 unbuild 0 {}
 218     0     100               0  1.81557819e-05  1.72321017e-05   0.00983408584  0.000114369936  0.000384719496  0.000298805159
 218     1      50               0  1.81557783e-05  1.72320968e-05   0.00983408707  0.000114369913  0.000384719418  0.000298805072
          wgpu 1d 229g 235c x3w 4ms | egraph 38g->89v+0snap 8ms | graft 3 (-9n, 0 snap) cpu 0 | f64 20 | gen 0.2s | dropped inexpr 4 oversz 0 unbuild 0 {}
 219     0     100               0  1.81557819e-05  1.72321017e-05   0.00983408584  0.000114369936  0.000384719496  0.000298805159
 219     1      50               0  1.81557811e-05  1.72321107e-05    0.0098342142  0.000114369914  0.000384719478  0.000298805314
          wgpu 1d 191g 213c x3w 10ms | egraph 33g->67v+0snap 8ms | graft 6 (-23n, 0 snap) cpu 0 | f64 20 | gen 0.2s | dropped inexpr 5 oversz 0 unbuild 0 {}
 220     0     100               0  1.81557819e-05  1.72321017e-05   0.00983408584  0.000114369936  0.000384719496  0.000298805159
 220     1      50               0  1.81557811e-05  1.72321107e-05    0.0098342142  0.000114369914  0.000384719478  0.000298805314
          wgpu 1d 221g 236c x3w 5ms | egraph 32g->90v+0snap 9ms | graft 10 (-32n, 0 snap) cpu 0 | f64 20 | gen 0.3s | dropped inexpr 6 oversz 0 unbuild 0 {}
--------- pump migration: intra (promote-2 + intake-reset) ---------
 221     0     100               0  1.81557819e-05  1.72321017e-05   0.00983408584  0.000114369936  0.000384719496  0.000298805159
 221     1      50               0  1.81557811e-05  1.72321107e-05    0.0098342142  0.000114369914  0.000384719478  0.000298805314
          wgpu 2d 437g 409c x3w 8ms | egraph 108g->183v+0snap 22ms | graft 11 (-50n, 0 snap) cpu 0 | f64 30 | gen 0.2s | dropped inexpr 7 oversz 0 unbuild 0 {}
 222     0     100               0  1.81557819e-05  1.72321017e-05   0.00983408584  0.000114369936  0.000384719496  0.000298805159
 222     1      50               0  1.81557811e-05  1.72321107e-05    0.0098342142  0.000114369914  0.000384719478  0.000298805314
          wgpu 1d 211g 229c x3w 4ms | egraph 36g->83v+0snap 8ms | graft 6 (-30n, 0 snap) cpu 0 | f64 20 | gen 0.3s | dropped inexpr 5 oversz 0 unbuild 0 {}
 223     0     100               0  1.81557819e-05  1.72321017e-05   0.00983408584  0.000114369936  0.000384719496  0.000298805159
 223     1      50               0  1.81557811e-05  1.72321107e-05    0.0098342142  0.000114369914  0.000384719478  0.000298805314
          wgpu 1d 218g 240c x3w 4ms | egraph 31g->94v+0snap 8ms | graft 5 (-17n, 0 snap) cpu 0 | f64 20 | gen 0.4s | dropped inexpr 7 oversz 0 unbuild 0 {}
 224     0     100               0  1.81557819e-05  1.72321017e-05   0.00983408584  0.000114369936  0.000384719496  0.000298805159
 224     1      50               0  1.81557811e-05  1.72321107e-05    0.0098342142  0.000114369914  0.000384719478  0.000298805314
          wgpu 1d 214g 231c x3w 4ms | egraph 28g->85v+0snap 6ms | graft 10 (-39n, 0 snap) cpu 0 | f64 20 | gen 0.2s | dropped inexpr 3 oversz 0 unbuild 0 {}
 225     0     100               0  1.81557819e-05  1.72321017e-05   0.00983408584  0.000114369936  0.000384719496  0.000298805159
 225     1      50               0  1.81557811e-05  1.72321107e-05    0.0098342142  0.000114369914  0.000384719478  0.000298805314
          wgpu 1d 224g 228c x3w 4ms | egraph 36g->82v+0snap 8ms | graft 6 (-18n, 0 snap) cpu 0 | f64 20 | gen 0.3s | dropped inexpr 6 oversz 0 unbuild 0 {}
 226     0     100               0  1.81557758e-05  1.72321014e-05   0.00983408573  0.000114369933  0.000384719366  0.000298805152
 226     1      50               0  1.81557811e-05  1.72321107e-05    0.0098342142  0.000114369914  0.000384719478  0.000298805314
          wgpu 1d 229g 235c x3w 4ms | egraph 42g->89v+0snap 9ms | graft 7 (-28n, 0 snap) cpu 0 | f64 20 | gen 0.5s | dropped inexpr 4 oversz 0 unbuild 0 {}
 227     0     100               0  1.81557811e-05  1.72321107e-05    0.0098342142  0.000114369914  0.000384719478  0.000298805314
 227     1      50               0  1.81557811e-05  1.72321107e-05    0.0098342142  0.000114369914  0.000384719478  0.000298805314
          wgpu 1d 220g 229c x3w 4ms | egraph 42g->83v+0snap 9ms | graft 7 (-29n, 0 snap) cpu 0 | f64 20 | gen 0.3s | dropped inexpr 9 oversz 0 unbuild 0 {}
 228     0     100               0  1.81557758e-05  1.72321014e-05   0.00983408573  0.000114369933  0.000384719366  0.000298805152
 228     1      50               0  1.81557811e-05  1.72321107e-05    0.0098342142  0.000114369914  0.000384719478  0.000298805314
          wgpu 1d 244g 231c x3w 5ms | egraph 35g->85v+0snap 9ms | graft 7 (-14n, 0 snap) cpu 0 | f64 20 | gen 0.4s | dropped inexpr 4 oversz 0 unbuild 0 {}
 229     0     100               0  1.81557758e-05  1.72321014e-05   0.00983408573  0.000114369933  0.000384719366  0.000298805152
 229     1      50               0  1.81557811e-05  1.72321107e-05    0.0098342142  0.000114369914  0.000384719478  0.000298805314
          wgpu 1d 243g 241c x3w 4ms | egraph 54g->95v+0snap 12ms | graft 7 (-28n, 0 snap) cpu 0 | f64 20 | gen 0.3s | dropped inexpr 9 oversz 0 unbuild 0 {}
 230     0     100               0  1.81557758e-05  1.72321014e-05   0.00983408573  0.000114369933  0.000384719366  0.000298805152
 230     1      50               0  1.81557811e-05  1.72321107e-05    0.0098342142  0.000114369914  0.000384719478  0.000298805314
          wgpu 1d 230g 240c x3w 5ms | egraph 52g->94v+0snap 11ms | graft 12 (-58n, 0 snap) cpu 0 | f64 20 | gen 0.3s | dropped inexpr 9 oversz 0 unbuild 0 {}
--------- pump migration: intra (promote-2 + intake-reset) ---------
 231     0     100               0  1.81557758e-05  1.72321014e-05   0.00983408573  0.000114369933  0.000384719366  0.000298805152
 231     1      50               0  1.81557811e-05  1.72321107e-05    0.0098342142  0.000114369914  0.000384719478  0.000298805314
          wgpu 2d 439g 462c x3w 9ms | egraph 128g->236v+0snap 40ms | graft 30 (-149n, 0 snap) cpu 0 | f64 30 | gen 0.2s | dropped inexpr 9 oversz 0 unbuild 0 {}
 232     0     100               0  1.81557758e-05  1.72321014e-05   0.00983408573  0.000114369933  0.000384719366  0.000298805152
 232     1      50               0  1.81557811e-05  1.72321107e-05    0.0098342142  0.000114369914  0.000384719478  0.000298805314
          wgpu 1d 262g 280c x3w 5ms | egraph 68g->134v+0snap 14ms | graft 16 (-56n, 0 snap) cpu 0 | f64 20 | gen 0.3s | dropped inexpr 5 oversz 0 unbuild 0 {}
 233     0     100               0    0.0118378085    0.0126162074     0.308886267    0.0223833403      0.25084217     0.218765413
 233     1      50               0  1.81557811e-05  1.72321107e-05    0.0098342142  0.000114369914  0.000384719478  0.000298805314
          wgpu 1d 220g 259c x3w 13ms | egraph 62g->113v+0snap 12ms | graft 17 (-54n, 0 snap) cpu 0 | f64 20 | gen 0.3s | dropped inexpr 4 oversz 0 unbuild 0 {}
 234     0     100               0  1.81557811e-05  1.72321107e-05    0.0098342142  0.000114369914  0.000384719478  0.000298805314
 234     1      50               0  1.81557811e-05  1.72321107e-05    0.0098342142  0.000114369914  0.000384719478  0.000298805314
          wgpu 1d 217g 249c x3w 4ms | egraph 50g->103v+0snap 14ms | graft 17 (-49n, 0 snap) cpu 0 | f64 20 | gen 0.4s | dropped inexpr 5 oversz 0 unbuild 0 {}
 235     0     100               0    0.0118378085    0.0126162074     0.308886267    0.0223833403      0.25084217     0.218765413
 235     1      50               0  1.81557811e-05  1.72321107e-05    0.0098342142  0.000114369914  0.000384719478  0.000298805314
          wgpu 1d 247g 280c x3w 6ms | egraph 67g->134v+0snap 14ms | graft 23 (-83n, 0 snap) cpu 0 | f64 20 | gen 0.4s | dropped inexpr 3 oversz 0 unbuild 0 {}
 236     0     100               0  1.81557811e-05  1.72321107e-05    0.0098342142  0.000114369914  0.000384719478  0.000298805314
 236     1      50               0  1.81557811e-05  1.72321107e-05    0.0098342142  0.000114369914  0.000384719478  0.000298805314
          wgpu 1d 226g 242c x3w 4ms | egraph 61g->96v+0snap 11ms | graft 15 (-45n, 0 snap) cpu 0 | f64 20 | gen 0.3s | dropped inexpr 7 oversz 0 unbuild 0 {}
 237     0     100               0    0.0118378085    0.0126162074     0.308886267    0.0223833403      0.25084217     0.218765413
 237     1      50               0  1.81557811e-05  1.72321107e-05    0.0098342142  0.000114369914  0.000384719478  0.000298805314
          wgpu 1d 275g 298c x3w 5ms | egraph 64g->152v+0snap 14ms | graft 25 (-94n, 0 snap) cpu 0 | f64 20 | gen 0.3s | dropped inexpr 9 oversz 0 unbuild 0 {}
 238     0     100               0    0.0118378085    0.0126162074     0.308886267    0.0223833403      0.25084217     0.218765413
 238     1      50               0  1.81557811e-05  1.72321107e-05    0.0098342142  0.000114369914  0.000384719478  0.000298805314
          wgpu 1d 242g 318c x3w 5ms | egraph 74g->172v+0snap 14ms | graft 33 (-111n, 0 snap) cpu 0 | f64 20 | gen 0.3s | dropped inexpr 1 oversz 0 unbuild 0 {}
 239     0     100               0    0.0118378085    0.0126162074     0.308886267    0.0223833403      0.25084217     0.218765413
 239     1      50               0  1.81557811e-05  1.72321107e-05    0.0098342142  0.000114369914  0.000384719478  0.000298805314
          wgpu 1d 237g 295c x3w 5ms | egraph 56g->149v+0snap 12ms | graft 23 (-66n, 0 snap) cpu 0 | f64 20 | gen 0.3s | dropped inexpr 3 oversz 0 unbuild 0 {}
 240     0     100               0  1.81557811e-05  1.72321107e-05    0.0098342142  0.000114369914  0.000384719478  0.000298805314
 240     1      50               0  1.81557811e-05  1.72321107e-05    0.0098342142  0.000114369914  0.000384719478  0.000298805314
          wgpu 1d 230g 250c x3w 4ms | egraph 54g->104v+0snap 11ms | graft 16 (-53n, 0 snap) cpu 0 | f64 20 | gen 0.4s | dropped inexpr 3 oversz 0 unbuild 0 {}
--------- pump migration: intra (promote-2 + intake-reset) + cross ---------
 241     0     100               0  1.81557811e-05  1.72321107e-05    0.0098342142  0.000114369914  0.000384719478  0.000298805314
 241     1      50               0  1.81557811e-05  1.72321107e-05    0.0098342142  0.000114369914  0.000384719478  0.000298805314
          wgpu 2d 430g 460c x3w 12ms | egraph 113g->234v+0snap 26ms | graft 15 (-94n, 0 snap) cpu 0 | f64 30 | gen 0.2s | dropped inexpr 4 oversz 0 unbuild 0 {}
 242     0     100               0    0.0046233374   0.00570586279     0.274053386    0.0173220893    0.0979681315    0.0989398312
 242     1      50               0  1.81557811e-05  1.72321107e-05    0.0098342142  0.000114369914  0.000384719478  0.000298805314
          wgpu 1d 230g 256c x3w 5ms | egraph 51g->110v+0snap 11ms | graft 6 (-19n, 0 snap) cpu 0 | f64 20 | gen 0.3s | dropped inexpr 4 oversz 0 unbuild 0 {}
 243     0     100               0  1.81557811e-05  1.72321107e-05    0.0098342142  0.000114369914  0.000384719478  0.000298805314
 243     1      50               0  1.81557811e-05  1.72321107e-05    0.0098342142  0.000114369914  0.000384719478  0.000298805314
          wgpu 1d 236g 347c x3w 5ms | egraph 56g->201v+0snap 12ms | graft 14 (-66n, 0 snap) cpu 0 | f64 20 | gen 0.2s | dropped inexpr 3 oversz 0 unbuild 0 {}
 244     0     100               0    0.0046233374   0.00570586279     0.274053386    0.0173220893    0.0979681315    0.0989398312
 244     1      50               0  1.81557811e-05  1.72321107e-05    0.0098342142  0.000114369914  0.000384719478  0.000298805314
          wgpu 1d 218g 259c x3w 8ms | egraph 43g->113v+0snap 9ms | graft 7 (-41n, 0 snap) cpu 0 | f64 20 | gen 0.2s | dropped inexpr 1 oversz 0 unbuild 0 {}
 245     0     100               0  1.81557811e-05  1.72321107e-05    0.0098342142  0.000114369914  0.000384719478  0.000298805314
 245     1      50               0  1.81557811e-05  1.72321107e-05    0.0098342142  0.000114369914  0.000384719478  0.000298805314
          wgpu 1d 267g 304c x3w 5ms | egraph 53g->158v+0snap 11ms | graft 13 (-67n, 0 snap) cpu 0 | f64 20 | gen 0.3s | dropped inexpr 2 oversz 0 unbuild 0 {}
 246     0     100               0  1.81557811e-05  1.72321107e-05    0.0098342142  0.000114369914  0.000384719478  0.000298805314
 246     1      50               0  1.81557811e-05  1.72321107e-05    0.0098342142  0.000114369914  0.000384719478  0.000298805314
          wgpu 1d 252g 265c x3w 5ms | egraph 41g->119v+0snap 9ms | graft 8 (-44n, 0 snap) cpu 0 | f64 20 | gen 0.3s | dropped inexpr 2 oversz 0 unbuild 0 {}
 247     0     100               0  1.81557811e-05  1.72321107e-05    0.0098342142  0.000114369914  0.000384719478  0.000298805314
 247     1      50               0  1.81557811e-05  1.72321107e-05    0.0098342142  0.000114369914  0.000384719478  0.000298805314
          wgpu 1d 242g 239c x3w 5ms | egraph 40g->93v+0snap 9ms | graft 8 (-44n, 0 snap) cpu 0 | f64 20 | gen 0.2s | dropped inexpr 3 oversz 0 unbuild 0 {}
 248     0     100               0   1.8155771e-05  1.72321134e-05   0.00983408035  0.000114369907  0.000384719265  0.000298805361
 248     1      50               0  1.81557811e-05  1.72321107e-05    0.0098342142  0.000114369914  0.000384719478  0.000298805314
          wgpu 1d 244g 251c x3w 4ms | egraph 45g->105v+0snap 10ms | graft 4 (-32n, 0 snap) cpu 0 | f64 20 | gen 0.2s | dropped inexpr 2 oversz 0 unbuild 0 {}
 249     0     100               0  1.81557811e-05  1.72321107e-05    0.0098342142  0.000114369914  0.000384719478  0.000298805314
 249     1      50               0  1.81557811e-05  1.72321107e-05    0.0098342142  0.000114369914  0.000384719478  0.000298805314
          wgpu 1d 228g 227c x3w 4ms | egraph 50g->81v+0snap 12ms | graft 6 (-14n, 0 snap) cpu 0 | f64 20 | gen 0.2s | dropped inexpr 4 oversz 0 unbuild 0 {}
 250     0     100               0  1.81557811e-05  1.72321107e-05    0.0098342142  0.000114369914  0.000384719478  0.000298805314
 250     1      50               0  1.81557811e-05  1.72321107e-05    0.0098342142  0.000114369914  0.000384719478  0.000298805314
          wgpu 1d 231g 248c x3w 4ms | egraph 45g->102v+0snap 10ms | graft 5 (-22n, 0 snap) cpu 0 | f64 20 | gen 0.2s | dropped inexpr 2 oversz 0 unbuild 0 {}
--------- pump migration: intra (promote-2 + intake-reset) ---------
 251     0     100               0  1.81557811e-05  1.72321107e-05    0.0098342142  0.000114369914  0.000384719478  0.000298805314
 251     1      50               0  1.81557811e-05  1.72321107e-05    0.0098342142  0.000114369914  0.000384719478  0.000298805314
          wgpu 2d 485g 453c x3w 12ms | egraph 120g->227v+0snap 28ms | graft 9 (-67n, 0 snap) cpu 0 | f64 30 | gen 0.2s | dropped inexpr 7 oversz 0 unbuild 0 {}
 252     0     100               0  1.81557811e-05  1.72321107e-05    0.0098342142  0.000114369914  0.000384719478  0.000298805314
 252     1      50               0  1.81557811e-05  1.72321107e-05    0.0098342142  0.000114369914  0.000384719478  0.000298805314
          wgpu 1d 230g 248c x3w 4ms | egraph 49g->102v+0snap 10ms | graft 10 (-49n, 0 snap) cpu 0 | f64 20 | gen 0.2s | dropped inexpr 1 oversz 0 unbuild 0 {}
 253     0     100               0  1.81557811e-05  1.72321107e-05    0.0098342142  0.000114369914  0.000384719478  0.000298805314
 253     1      50               0  1.81557811e-05  1.72321107e-05    0.0098342142  0.000114369914  0.000384719478  0.000298805314
          wgpu 1d 245g 262c x3w 5ms | egraph 50g->116v+0snap 12ms | graft 8 (-37n, 0 snap) cpu 0 | f64 20 | gen 0.3s | dropped inexpr 4 oversz 0 unbuild 0 {}
 254     0     100               0  1.81557811e-05  1.72321107e-05    0.0098342142  0.000114369914  0.000384719478  0.000298805314
 254     1      50               0  1.81557811e-05  1.72321107e-05    0.0098342142  0.000114369914  0.000384719478  0.000298805314
          wgpu 1d 236g 255c x3w 4ms | egraph 53g->109v+0snap 11ms | graft 5 (-15n, 0 snap) cpu 0 | f64 20 | gen 0.2s | dropped inexpr 6 oversz 0 unbuild 0 {}
 255     0     100               0  1.81557758e-05  1.72321014e-05   0.00983408573  0.000114369933  0.000384719366  0.000298805152
 255     1      50               0  1.81557811e-05  1.72321107e-05    0.0098342142  0.000114369914  0.000384719478  0.000298805314
          wgpu 1d 239g 253c x3w 5ms | egraph 47g->107v+0snap 11ms | graft 14 (-70n, 0 snap) cpu 0 | f64 20 | gen 0.3s | dropped inexpr 2 oversz 0 unbuild 0 {}
 256     0     100               0  1.81557811e-05  1.72321107e-05    0.0098342142  0.000114369914  0.000384719478  0.000298805314
 256     1      50               0  1.81557811e-05  1.72321107e-05    0.0098342142  0.000114369914  0.000384719478  0.000298805314
          wgpu 1d 200g 236c x3w 4ms | egraph 39g->90v+0snap 10ms | graft 5 (-37n, 0 snap) cpu 0 | f64 20 | gen 0.2s | dropped inexpr 5 oversz 0 unbuild 0 {}
 257     0     100               0  1.81557811e-05  1.72321107e-05    0.0098342142  0.000114369914  0.000384719478  0.000298805314
 257     1      50               0  1.81557811e-05  1.72321107e-05    0.0098342142  0.000114369914  0.000384719478  0.000298805314
          wgpu 1d 272g 277c x3w 5ms | egraph 53g->131v+0snap 14ms | graft 13 (-80n, 0 snap) cpu 0 | f64 20 | gen 0.3s | dropped inexpr 3 oversz 0 unbuild 0 {}
 258     0     100               0  1.81557811e-05  1.72321107e-05    0.0098342142  0.000114369914  0.000384719478  0.000298805314
 258     1      50               0  1.81557811e-05  1.72321107e-05    0.0098342142  0.000114369914  0.000384719478  0.000298805314
          wgpu 1d 247g 256c x3w 5ms | egraph 52g->110v+0snap 21ms | graft 15 (-75n, 0 snap) cpu 0 | f64 20 | gen 0.2s | dropped inexpr 7 oversz 0 unbuild 0 {}
 259     0     100               0  1.81557811e-05  1.72321107e-05    0.0098342142  0.000114369914  0.000384719478  0.000298805314
 259     1      50               0  1.81557811e-05  1.72321107e-05    0.0098342142  0.000114369914  0.000384719478  0.000298805314
          wgpu 1d 252g 258c x3w 5ms | egraph 48g->112v+0snap 11ms | graft 8 (-46n, 0 snap) cpu 0 | f64 20 | gen 0.2s | dropped inexpr 2 oversz 0 unbuild 0 {}
 260     0     100               0  1.81557811e-05  1.72321107e-05    0.0098342142  0.000114369914  0.000384719478  0.000298805314
 260     1      50               0  1.81557811e-05  1.72321107e-05    0.0098342142  0.000114369914  0.000384719478  0.000298805314
          wgpu 1d 271g 275c x3w 5ms | egraph 55g->129v+0snap 12ms | graft 7 (-27n, 0 snap) cpu 0 | f64 20 | gen 0.3s | dropped inexpr 10 oversz 0 unbuild 0 {}
--------- pump migration: intra (promote-2 + intake-reset) ---------
 261     0     100               0  1.81557811e-05  1.72321107e-05    0.0098342142  0.000114369914  0.000384719478  0.000298805314
 261     1      50               0  1.81557811e-05  1.72321107e-05    0.0098342142  0.000114369914  0.000384719478  0.000298805314
          wgpu 2d 459g 441c x3w 9ms | egraph 103g->215v+0snap 22ms | graft 20 (-110n, 0 snap) cpu 0 | f64 30 | gen 0.2s | dropped inexpr 4 oversz 0 unbuild 0 {}
 262     0     100               0  1.81557811e-05  1.72321107e-05    0.0098342142  0.000114369914  0.000384719478  0.000298805314
 262     1      50               0  1.81557811e-05  1.72321107e-05    0.0098342142  0.000114369914  0.000384719478  0.000298805314
          wgpu 1d 227g 247c x3w 4ms | egraph 39g->101v+0snap 9ms | graft 4 (-16n, 0 snap) cpu 0 | f64 20 | gen 0.2s | dropped inexpr 1 oversz 0 unbuild 0 {}
 263     0     100               0  1.81557811e-05  1.72321107e-05    0.0098342142  0.000114369914  0.000384719478  0.000298805314
 263     1      50               0  1.81557811e-05  1.72321107e-05    0.0098342142  0.000114369914  0.000384719478  0.000298805314
          wgpu 1d 218g 237c x3w 9ms | egraph 39g->91v+0snap 10ms | graft 5 (-20n, 0 snap) cpu 0 | f64 20 | gen 0.2s | dropped inexpr 4 oversz 0 unbuild 0 {}
 264     0     100               0  1.81557811e-05  1.72321107e-05    0.0098342142  0.000114369914  0.000384719478  0.000298805314
 264     1      50               0  1.81557811e-05  1.72321107e-05    0.0098342142  0.000114369914  0.000384719478  0.000298805314
          wgpu 1d 238g 242c x3w 5ms | egraph 43g->96v+0snap 11ms | graft 11 (-68n, 0 snap) cpu 0 | f64 20 | gen 0.2s
 265     0     100               0  1.81557811e-05  1.72321107e-05    0.0098342142  0.000114369914  0.000384719478  0.000298805314
 265     1      50               0  1.81557811e-05  1.72321107e-05    0.0098342142  0.000114369914  0.000384719478  0.000298805314
          wgpu 1d 241g 253c x3w 5ms | egraph 50g->107v+0snap 11ms | graft 5 (-19n, 0 snap) cpu 0 | f64 20 | gen 0.2s | dropped inexpr 3 oversz 0 unbuild 0 {}
 266     0     100               0  1.81557811e-05  1.72321107e-05    0.0098342142  0.000114369914  0.000384719478  0.000298805314
 266     1      50               0  1.81557811e-05  1.72321107e-05    0.0098342142  0.000114369914  0.000384719478  0.000298805314
          wgpu 1d 242g 254c x3w 5ms | egraph 43g->108v+0snap 9ms | graft 11 (-52n, 0 snap) cpu 0 | f64 20 | gen 0.2s | dropped inexpr 2 oversz 0 unbuild 0 {}
 267     0     100               0  1.81557811e-05  1.72321107e-05    0.0098342142  0.000114369914  0.000384719478  0.000298805314
 267     1      50               0  1.81557811e-05  1.72321107e-05    0.0098342142  0.000114369914  0.000384719478  0.000298805314
          wgpu 1d 243g 254c x3w 5ms | egraph 49g->108v+0snap 12ms | graft 11 (-68n, 0 snap) cpu 0 | f64 20 | gen 0.2s | dropped inexpr 4 oversz 0 unbuild 0 {}
 268     0     100               0  1.81557811e-05  1.72321107e-05    0.0098342142  0.000114369914  0.000384719478  0.000298805314
 268     1      50               0  1.81557811e-05  1.72321107e-05    0.0098342142  0.000114369914  0.000384719478  0.000298805314
          wgpu 1d 252g 267c x3w 5ms | egraph 44g->121v+0snap 14ms | graft 12 (-57n, 0 snap) cpu 0 | f64 20 | gen 0.2s | dropped inexpr 9 oversz 0 unbuild 0 {}
 269     0     100               0  1.81557811e-05  1.72321107e-05    0.0098342142  0.000114369914  0.000384719478  0.000298805314
 269     1      50               0  1.81557811e-05  1.72321107e-05    0.0098342142  0.000114369914  0.000384719478  0.000298805314
          wgpu 1d 259g 276c x3w 5ms | egraph 49g->130v+0snap 11ms | graft 10 (-61n, 0 snap) cpu 0 | f64 20 | gen 0.3s | dropped inexpr 15 oversz 0 unbuild 0 {}
 270     0     100               0  1.81557758e-05  1.72321014e-05   0.00983408573  0.000114369933  0.000384719366  0.000298805152
 270     1      50               0  1.81557811e-05  1.72321107e-05    0.0098342142  0.000114369914  0.000384719478  0.000298805314
          wgpu 1d 248g 267c x3w 4ms | egraph 44g->121v+0snap 18ms | graft 10 (-47n, 0 snap) cpu 0 | f64 20 | gen 0.4s | dropped inexpr 9 oversz 0 unbuild 0 {}
--------- pump migration: intra (promote-2 + intake-reset) + cross ---------
 271     0     100               0  1.81557758e-05  1.72321014e-05   0.00983408573  0.000114369933  0.000384719366  0.000298805152
 271     1      50               0  1.81557811e-05  1.72321107e-05    0.0098342142  0.000114369914  0.000384719478  0.000298805314
          wgpu 2d 439g 450c x3w 9ms | egraph 104g->224v+0snap 32ms | graft 25 (-124n, 0 snap) cpu 0 | f64 30 | gen 0.2s | dropped inexpr 6 oversz 0 unbuild 0 {}
 272     0     100               0  1.81557758e-05  1.72321014e-05   0.00983408573  0.000114369933  0.000384719366  0.000298805152
 272     1      50               0  1.81557811e-05  1.72321107e-05    0.0098342142  0.000114369914  0.000384719478  0.000298805314
          wgpu 1d 245g 248c x3w 5ms | egraph 47g->102v+0snap 11ms | graft 7 (-47n, 0 snap) cpu 0 | f64 20 | gen 0.3s | dropped inexpr 6 oversz 0 unbuild 0 {}
 273     0     100               0  1.81557758e-05  1.72321014e-05   0.00983408573  0.000114369933  0.000384719366  0.000298805152
 273     1      50               0  1.81557811e-05  1.72321107e-05    0.0098342142  0.000114369914  0.000384719478  0.000298805314
          wgpu 1d 227g 248c x3w 4ms | egraph 39g->102v+0snap 15ms | graft 10 (-50n, 0 snap) cpu 0 | f64 20 | gen 0.2s
 274     0     100               0  1.81557758e-05  1.72321014e-05   0.00983408573  0.000114369933  0.000384719366  0.000298805152
 274     1      50               0  1.81557811e-05  1.72321107e-05    0.0098342142  0.000114369914  0.000384719478  0.000298805314
          wgpu 1d 261g 260c x3w 5ms | egraph 52g->114v+0snap 12ms | graft 6 (-35n, 0 snap) cpu 0 | f64 20 | gen 0.2s | dropped inexpr 7 oversz 0 unbuild 0 {}
 275     0     100               0  1.81557758e-05  1.72321014e-05   0.00983408573  0.000114369933  0.000384719366  0.000298805152
 275     1      50               0  1.81557811e-05  1.72321107e-05    0.0098342142  0.000114369914  0.000384719478  0.000298805314
          wgpu 1d 249g 270c x3w 4ms | egraph 53g->124v+0snap 11ms | graft 14 (-102n, 0 snap) cpu 0 | f64 20 | gen 0.4s | dropped inexpr 9 oversz 0 unbuild 0 {}
 276     0     100               0  1.81557758e-05  1.72321014e-05   0.00983408573  0.000114369933  0.000384719366  0.000298805152
 276     1      50               0  1.81557811e-05  1.72321107e-05    0.0098342142  0.000114369914  0.000384719478  0.000298805314
          wgpu 1d 245g 253c x3w 6ms | egraph 42g->107v+0snap 9ms | graft 9 (-42n, 0 snap) cpu 0 | f64 20 | gen 0.2s | dropped inexpr 4 oversz 0 unbuild 0 {}
 277     0     100               0  1.81557758e-05  1.72321014e-05   0.00983408573  0.000114369933  0.000384719366  0.000298805152
 277     1      50               0  1.81557811e-05  1.72321107e-05    0.0098342142  0.000114369914  0.000384719478  0.000298805314
          wgpu 1d 218g 242c x3w 4ms | egraph 38g->96v+0snap 19ms | graft 2 (-13n, 0 snap) cpu 0 | f64 20 | gen 0.2s | dropped inexpr 5 oversz 0 unbuild 0 {}
 278     0     100               0  1.81557758e-05  1.72321014e-05   0.00983408573  0.000114369933  0.000384719366  0.000298805152
 278     1      50               0  1.81557811e-05  1.72321107e-05    0.0098342142  0.000114369914  0.000384719478  0.000298805314
          wgpu 1d 223g 239c x3w 4ms | egraph 37g->93v+0snap 15ms | graft 5 (-33n, 0 snap) cpu 0 | f64 20 | gen 0.3s | dropped inexpr 3 oversz 0 unbuild 0 {}
 279     0     100               0  1.81557758e-05  1.72321014e-05   0.00983408573  0.000114369933  0.000384719366  0.000298805152
 279     1      50               0  1.81557811e-05  1.72321107e-05    0.0098342142  0.000114369914  0.000384719478  0.000298805314
          wgpu 1d 212g 247c x3w 5ms | egraph 40g->101v+0snap 14ms | graft 7 (-35n, 0 snap) cpu 0 | f64 20 | gen 0.2s | dropped inexpr 2 oversz 0 unbuild 0 {}
 280     0     100               0  1.81557758e-05  1.72321014e-05   0.00983408573  0.000114369933  0.000384719366  0.000298805152
 280     1      50               0  1.81557758e-05  1.72321014e-05   0.00983408573  0.000114369933  0.000384719366  0.000298805152
          wgpu 1d 250g 259c x3w 7ms | egraph 42g->113v+0snap 11ms | graft 9 (-47n, 0 snap) cpu 0 | f64 20 | gen 0.4s | dropped inexpr 8 oversz 0 unbuild 0 {}
--------- pump migration: intra (promote-2 + intake-reset) ---------
 281     0     100               0  1.81557811e-05  1.72321107e-05    0.0098342142  0.000114369914  0.000384719478  0.000298805314
 281     1      50               0  1.81557758e-05  1.72321014e-05   0.00983408573  0.000114369933  0.000384719366  0.000298805152
          wgpu 2d 467g 474c x3w 9ms | egraph 116g->248v+0snap 30ms | graft 21 (-128n, 0 snap) cpu 0 | f64 30 | gen 0.2s | dropped inexpr 5 oversz 0 unbuild 0 {}
 282     0     100               0  1.81557731e-05  1.72320845e-05   0.00983408761  0.000114369942  0.000384719309   0.00029880486
 282     1      50               0  1.81557758e-05  1.72321014e-05   0.00983408573  0.000114369933  0.000384719366  0.000298805152
          wgpu 1d 222g 231c x3w 4ms | egraph 46g->85v+0snap 12ms | graft 8 (-43n, 0 snap) cpu 0 | f64 20 | gen 0.2s | dropped inexpr 3 oversz 0 unbuild 0 {}
 283     0     100               0  1.81557731e-05  1.72320845e-05   0.00983408761  0.000114369942  0.000384719309   0.00029880486
 283     1      50               0  1.81557758e-05  1.72321014e-05   0.00983408573  0.000114369933  0.000384719366  0.000298805152
          wgpu 1d 277g 274c x3w 5ms | egraph 64g->128v+0snap 24ms | graft 14 (-103n, 0 snap) cpu 0 | f64 20 | gen 0.3s | dropped inexpr 8 oversz 0 unbuild 0 {}
 284     0     100               0  1.81557731e-05  1.72320845e-05   0.00983408761  0.000114369942  0.000384719309   0.00029880486
 284     1      50               0  1.81557758e-05  1.72321014e-05   0.00983408573  0.000114369933  0.000384719366  0.000298805152
          wgpu 1d 254g 262c x3w 5ms | egraph 51g->116v+0snap 17ms | graft 11 (-60n, 0 snap) cpu 0 | f64 20 | gen 0.2s | dropped inexpr 1 oversz 0 unbuild 0 {}
 285     0     100               0  1.81557731e-05  1.72320845e-05   0.00983408761  0.000114369942  0.000384719309   0.00029880486
 285     1      50               0  1.81557758e-05  1.72321014e-05   0.00983408573  0.000114369933  0.000384719366  0.000298805152
          wgpu 1d 247g 260c x3w 8ms | egraph 65g->114v+0snap 22ms | graft 12 (-51n, 0 snap) cpu 0 | f64 20 | gen 0.4s | dropped inexpr 4 oversz 0 unbuild 0 {}
 286     0     100               0  1.81557731e-05  1.72320845e-05   0.00983408761  0.000114369942  0.000384719309   0.00029880486
 286     1      50               0  1.81557758e-05  1.72321014e-05   0.00983408573  0.000114369933  0.000384719366  0.000298805152
          wgpu 1d 245g 251c x3w 5ms | egraph 48g->105v+0snap 13ms | graft 10 (-62n, 0 snap) cpu 0 | f64 20 | gen 0.3s | dropped inexpr 3 oversz 0 unbuild 0 {}
 287     0     100               0  1.81557731e-05  1.72320845e-05   0.00983408761  0.000114369942  0.000384719309   0.00029880486
 287     1      50               0  1.81557811e-05  1.72321107e-05    0.0098342142  0.000114369914  0.000384719478  0.000298805314
          wgpu 1d 233g 250c x3w 5ms | egraph 46g->104v+0snap 10ms | graft 9 (-40n, 0 snap) cpu 0 | f64 20 | gen 0.2s | dropped inexpr 3 oversz 0 unbuild 0 {}
 288     0     100               0  1.81557731e-05  1.72320845e-05   0.00983408761  0.000114369942  0.000384719309   0.00029880486
 288     1      50               0  1.81557811e-05  1.72321107e-05    0.0098342142  0.000114369914  0.000384719478  0.000298805314
          wgpu 1d 224g 257c x3w 4ms | egraph 40g->111v+0snap 16ms | graft 11 (-70n, 0 snap) cpu 0 | f64 20 | gen 0.2s | dropped inexpr 5 oversz 0 unbuild 0 {}
 289     0     100               0  1.81557731e-05  1.72320845e-05   0.00983408761  0.000114369942  0.000384719309   0.00029880486
 289     1      50               0  1.81557811e-05  1.72321107e-05    0.0098342142  0.000114369914  0.000384719478  0.000298805314
          wgpu 1d 261g 275c x3w 7ms | egraph 61g->129v+0snap 14ms | graft 12 (-91n, 0 snap) cpu 0 | f64 20 | gen 0.4s | dropped inexpr 4 oversz 0 unbuild 0 {}
 290     0     100               0  1.81557731e-05  1.72320845e-05   0.00983408761  0.000114369942  0.000384719309   0.00029880486
 290     1      50               0  1.81557811e-05  1.72321107e-05    0.0098342142  0.000114369914  0.000384719478  0.000298805314
          wgpu 1d 257g 257c x3w 8ms | egraph 50g->111v+0snap 13ms | graft 10 (-90n, 0 snap) cpu 0 | f64 20 | gen 0.3s | dropped inexpr 3 oversz 0 unbuild 0 {}
--------- pump migration: intra (promote-2 + intake-reset) ---------
 291     0     100               0  1.81557731e-05  1.72320845e-05   0.00983408761  0.000114369942  0.000384719309   0.00029880486
 291     1      50               0  1.81557731e-05  1.72320845e-05   0.00983408761  0.000114369942  0.000384719309   0.00029880486
          wgpu 2d 519g 481c x3w 12ms | egraph 119g->255v+0snap 37ms | graft 21 (-155n, 0 snap) cpu 0 | f64 30 | gen 0.5s | dropped inexpr 4 oversz 0 unbuild 0 {}
 292     0     100               0  1.81557731e-05  1.72320845e-05   0.00983408761  0.000114369942  0.000384719309   0.00029880486
 292     1      50               0  1.81557731e-05  1.72320845e-05   0.00983408761  0.000114369942  0.000384719309   0.00029880486
          wgpu 1d 258g 268c x3w 5ms | egraph 52g->122v+0snap 14ms | graft 13 (-81n, 0 snap) cpu 0 | f64 20 | gen 0.4s | dropped inexpr 2 oversz 0 unbuild 0 {}
 293     0     100               0  1.81557731e-05  1.72320845e-05   0.00983408761  0.000114369942  0.000384719309   0.00029880486
 293     1      50               0  1.81557731e-05  1.72320845e-05   0.00983408761  0.000114369942  0.000384719309   0.00029880486
          wgpu 1d 239g 249c x3w 5ms | egraph 43g->103v+0snap 10ms | graft 12 (-86n, 0 snap) cpu 0 | f64 20 | gen 0.3s | dropped inexpr 4 oversz 0 unbuild 0 {}
 294     0     100               0  1.81557811e-05  1.72321107e-05    0.0098342142  0.000114369914  0.000384719478  0.000298805314
 294     1      50               0  1.81557731e-05  1.72320845e-05   0.00983408761  0.000114369942  0.000384719309   0.00029880486
          wgpu 1d 259g 279c x3w 5ms | egraph 53g->133v+0snap 19ms | graft 13 (-123n, 0 snap) cpu 0 | f64 20 | gen 0.3s | dropped inexpr 3 oversz 0 unbuild 0 {}
 295     0     100               0  1.81557811e-05  1.72321107e-05    0.0098342142  0.000114369914  0.000384719478  0.000298805314
 295     1      50               0  1.81557731e-05  1.72320845e-05   0.00983408761  0.000114369942  0.000384719309   0.00029880486
          wgpu 1d 204g 230c x3w 5ms | egraph 38g->84v+0snap 12ms | graft 9 (-79n, 0 snap) cpu 0 | f64 20 | gen 0.3s
 296     0     100               0  1.81557811e-05  1.72321107e-05    0.0098342142  0.000114369914  0.000384719478  0.000298805314
 296     1      50               0  1.81557811e-05  1.72321107e-05    0.0098342142  0.000114369914  0.000384719478  0.000298805314
          wgpu 1d 248g 254c x3w 5ms | egraph 50g->108v+0snap 11ms | graft 5 (-23n, 0 snap) cpu 0 | f64 20 | gen 0.3s | dropped inexpr 2 oversz 0 unbuild 0 {}
 297     0     100               0  1.81557811e-05  1.72321107e-05    0.0098342142  0.000114369914  0.000384719478  0.000298805314
 297     1      50               0  1.81557811e-05  1.72321107e-05    0.0098342142  0.000114369914  0.000384719478  0.000298805314
          wgpu 1d 221g 244c x3w 4ms | egraph 39g->98v+0snap 9ms | graft 6 (-26n, 0 snap) cpu 0 | f64 20 | gen 0.2s | dropped inexpr 2 oversz 0 unbuild 0 {}
 298     0     100               0  1.81557811e-05  1.72321107e-05    0.0098342142  0.000114369914  0.000384719478  0.000298805314
 298     1      50               0  1.81557811e-05  1.72321107e-05    0.0098342142  0.000114369914  0.000384719478  0.000298805314
          wgpu 1d 235g 250c x3w 5ms | egraph 48g->104v+0snap 11ms | graft 6 (-42n, 0 snap) cpu 0 | f64 20 | gen 0.4s | dropped inexpr 3 oversz 0 unbuild 0 {}
 299     0     100               0  1.81557811e-05  1.72321107e-05    0.0098342142  0.000114369914  0.000384719478  0.000298805314
 299     1      50               0  1.81557731e-05  1.72320845e-05   0.00983408761  0.000114369942  0.000384719309   0.00029880486
          wgpu 1d 263g 268c x3w 5ms | egraph 46g->122v+0snap 10ms | graft 11 (-35n, 0 snap) cpu 0 | f64 20 | gen 0.2s | dropped inexpr 2 oversz 0 unbuild 0 {}
 300     0     100               0  1.81557811e-05  1.72321107e-05    0.0098342142  0.000114369914  0.000384719478  0.000298805314
 300     1      50               0  1.81557811e-05  1.72321107e-05    0.0098342142  0.000114369914  0.000384719478  0.000298805314
          wgpu 1d 269g 270c x3w 5ms | egraph 62g->124v+0snap 14ms | graft 15 (-63n, 0 snap) cpu 0 | f64 20 | gen 0.4s | dropped inexpr 8 oversz 0 unbuild 0 {}
--------- pump migration: intra (promote-2 + intake-reset) + cross ---------
 301     0     100               0  1.81557811e-05  1.72321107e-05    0.0098342142  0.000114369914  0.000384719478  0.000298805314
 301     1      50               0  1.81557731e-05  1.72320845e-05   0.00983408761  0.000114369942  0.000384719309   0.00029880486
          wgpu 2d 503g 471c x3w 9ms | egraph 133g->245v+0snap 28ms | graft 21 (-127n, 0 snap) cpu 0 | f64 30 | gen 0.4s | dropped inexpr 7 oversz 0 unbuild 0 {}
 302     0     100               0  1.81557819e-05  1.72321017e-05   0.00983408584  0.000114369936  0.000384719496  0.000298805159
 302     1      50               0  1.81557811e-05  1.72321107e-05    0.0098342142  0.000114369914  0.000384719478  0.000298805314
          wgpu 1d 251g 257c x3w 5ms | egraph 63g->111v+0snap 12ms | graft 9 (-40n, 0 snap) cpu 0 | f64 20 | gen 0.3s | dropped inexpr 9 oversz 0 unbuild 0 {}
 303     0     100               0  1.81557811e-05  1.72321107e-05    0.0098342142  0.000114369914  0.000384719478  0.000298805314
 303     1      50               0  1.81557811e-05  1.72321107e-05    0.0098342142  0.000114369914  0.000384719478  0.000298805314
          wgpu 1d 240g 240c x3w 5ms | egraph 62g->94v+0snap 14ms | graft 6 (-25n, 0 snap) cpu 0 | f64 20 | gen 0.3s | dropped inexpr 7 oversz 0 unbuild 0 {}
 304     0     100               0  1.81557819e-05  1.72321017e-05   0.00983408584  0.000114369936  0.000384719496  0.000298805159
 304     1      50               0  1.81557811e-05  1.72321107e-05    0.0098342142  0.000114369914  0.000384719478  0.000298805314
          wgpu 1d 214g 227c x3w 4ms | egraph 46g->81v+0snap 11ms | graft 6 (-30n, 0 snap) cpu 0 | f64 20 | gen 0.2s | dropped inexpr 1 oversz 0 unbuild 0 {}
 305     0     100               0  1.81557819e-05  1.72321017e-05   0.00983408584  0.000114369936  0.000384719496  0.000298805159
 305     1      50               0  1.81557811e-05  1.72321107e-05    0.0098342142  0.000114369914  0.000384719478  0.000298805314
          wgpu 1d 250g 247c x3w 5ms | egraph 51g->101v+0snap 11ms | graft 9 (-34n, 0 snap) cpu 0 | f64 20 | gen 0.3s | dropped inexpr 5 oversz 0 unbuild 0 {}
 306     0     100               0  1.81557819e-05  1.72321017e-05   0.00983408584  0.000114369936  0.000384719496  0.000298805159
 306     1      50               0  1.81557811e-05  1.72321107e-05    0.0098342142  0.000114369914  0.000384719478  0.000298805314
          wgpu 1d 219g 233c x3w 4ms | egraph 59g->87v+0snap 12ms | graft 4 (-11n, 0 snap) cpu 0 | f64 20 | gen 0.3s | dropped inexpr 5 oversz 0 unbuild 0 {}
 307     0     100               0  1.81557819e-05  1.72321017e-05   0.00983408584  0.000114369936  0.000384719496  0.000298805159
 307     1      50               0  1.81557811e-05  1.72321107e-05    0.0098342142  0.000114369914  0.000384719478  0.000298805314
          wgpu 1d 227g 229c x3w 4ms | egraph 44g->83v+0snap 9ms | graft 6 (-29n, 0 snap) cpu 0 | f64 20 | gen 0.2s
 308     0     100               0  1.81557819e-05  1.72321017e-05   0.00983408584  0.000114369936  0.000384719496  0.000298805159
 308     1      50               0  1.81557811e-05  1.72321107e-05    0.0098342142  0.000114369914  0.000384719478  0.000298805314
          wgpu 1d 221g 234c x3w 11ms | egraph 48g->88v+0snap 10ms | graft 6 (-41n, 0 snap) cpu 0 | f64 20 | gen 0.2s | dropped inexpr 2 oversz 0 unbuild 0 {}
 309     0     100               0  1.81557819e-05  1.72321017e-05   0.00983408584  0.000114369936  0.000384719496  0.000298805159
 309     1      50               0  1.81557811e-05  1.72321107e-05    0.0098342142  0.000114369914  0.000384719478  0.000298805314
          wgpu 1d 257g 270c x3w 5ms | egraph 54g->124v+0snap 11ms | graft 13 (-56n, 0 snap) cpu 0 | f64 20 | gen 0.2s | dropped inexpr 3 oversz 0 unbuild 0 {}
 310     0     100               0  1.81557811e-05  1.72321107e-05    0.0098342142  0.000114369914  0.000384719478  0.000298805314
 310     1      50               0  1.81557811e-05  1.72321107e-05    0.0098342142  0.000114369914  0.000384719478  0.000298805314
          wgpu 1d 238g 250c x3w 5ms | egraph 42g->104v+0snap 10ms | graft 7 (-29n, 0 snap) cpu 0 | f64 20 | gen 0.2s | dropped inexpr 1 oversz 0 unbuild 0 {}
--------- pump migration: intra (promote-2 + intake-reset) ---------
 311     0     100               0   0.00291724583   0.00249905426     0.146013048    0.0171831161    0.0618161942    0.0433336755
 311     1      50               0  1.81557811e-05  1.72321107e-05    0.0098342142  0.000114369914  0.000384719478  0.000298805314
          wgpu 2d 414g 413c x3w 9ms | egraph 109g->187v+0snap 29ms | graft 17 (-92n, 0 snap) cpu 0 | f64 30 | gen 0.4s | dropped inexpr 5 oversz 0 unbuild 0 {}
 312     0     100               0   0.00291724583   0.00249905426     0.146013048    0.0171831161    0.0618161942    0.0433336755
 312     1      50               0  1.81557811e-05  1.72321107e-05    0.0098342142  0.000114369914  0.000384719478  0.000298805314
          wgpu 1d 165g 211c x3w 4ms | egraph 33g->65v+0snap 7ms | graft 2 (-10n, 0 snap) cpu 0 | f64 20 | gen 0.2s | dropped inexpr 2 oversz 0 unbuild 0 {}
 313     0     100               0  1.81557811e-05  1.72321107e-05    0.0098342142  0.000114369914  0.000384719478  0.000298805314
 313     1      50               0  1.81557811e-05  1.72321107e-05    0.0098342142  0.000114369914  0.000384719478  0.000298805314
          wgpu 1d 227g 246c x3w 4ms | egraph 48g->100v+0snap 21ms | graft 8 (-53n, 0 snap) cpu 0 | f64 20 | gen 0.4s | dropped inexpr 7 oversz 0 unbuild 0 {}
 314     0     100               0  1.81557811e-05  1.72321107e-05    0.0098342142  0.000114369914  0.000384719478  0.000298805314
 314     1      50               0  1.81557811e-05  1.72321107e-05    0.0098342142  0.000114369914  0.000384719478  0.000298805314
          wgpu 1d 212g 236c x3w 5ms | egraph 31g->90v+0snap 7ms | graft 9 (-38n, 0 snap) cpu 0 | f64 20 | gen 0.2s | dropped inexpr 1 oversz 0 unbuild 0 {}
 315     0     100               0  1.81557811e-05  1.72321107e-05    0.0098342142  0.000114369914  0.000384719478  0.000298805314
 315     1      50               0  1.81557811e-05  1.72321107e-05    0.0098342142  0.000114369914  0.000384719478  0.000298805314
          wgpu 1d 253g 271c x3w 5ms | egraph 51g->125v+0snap 16ms | graft 18 (-93n, 0 snap) cpu 0 | f64 20 | gen 0.2s | dropped inexpr 4 oversz 0 unbuild 0 {}
 316     0     100               0  1.81557811e-05  1.72321107e-05    0.0098342142  0.000114369914  0.000384719478  0.000298805314
 316     1      50               0  1.81557811e-05  1.72321107e-05    0.0098342142  0.000114369914  0.000384719478  0.000298805314
          wgpu 1d 232g 240c x3w 4ms | egraph 41g->94v+0snap 14ms | graft 10 (-52n, 0 snap) cpu 0 | f64 20 | gen 0.2s | dropped inexpr 2 oversz 0 unbuild 0 {}
 317     0     100               0  1.81557811e-05  1.72321107e-05    0.0098342142  0.000114369914  0.000384719478  0.000298805314
 317     1      50               0  1.81557811e-05  1.72321107e-05    0.0098342142  0.000114369914  0.000384719478  0.000298805314
          wgpu 1d 220g 230c x3w 4ms | egraph 44g->84v+0snap 10ms | graft 5 (-25n, 0 snap) cpu 0 | f64 20 | gen 0.2s | dropped inexpr 9 oversz 0 unbuild 0 {}
 318     0     100               0  1.81557811e-05  1.72321107e-05    0.0098342142  0.000114369914  0.000384719478  0.000298805314
 318     1      50               0  1.81557811e-05  1.72321107e-05    0.0098342142  0.000114369914  0.000384719478  0.000298805314
          wgpu 1d 197g 218c x3w 4ms | egraph 34g->72v+0snap 7ms | graft 3 (-17n, 0 snap) cpu 0 | f64 20 | gen 0.2s | dropped inexpr 10 oversz 0 unbuild 0 {}
 319     0     100               0  1.81557811e-05  1.72321107e-05    0.0098342142  0.000114369914  0.000384719478  0.000298805314
 319     1      50               0  1.81557811e-05  1.72321107e-05    0.0098342142  0.000114369914  0.000384719478  0.000298805314
          wgpu 1d 222g 232c x3w 4ms | egraph 48g->86v+0snap 10ms | graft 8 (-24n, 0 snap) cpu 0 | f64 20 | gen 0.2s | dropped inexpr 10 oversz 0 unbuild 0 {}
 320     0     100               0  1.81557811e-05  1.72321107e-05    0.0098342142  0.000114369914  0.000384719478  0.000298805314
 320     1      50               0  1.81557811e-05  1.72321107e-05    0.0098342142  0.000114369914  0.000384719478  0.000298805314
          wgpu 1d 207g 219c x3w 14ms | egraph 54g->73v+0snap 11ms | graft 10 (-42n, 0 snap) cpu 0 | f64 20 | gen 0.2s | dropped inexpr 15 oversz 0 unbuild 0 {}
--------- pump migration: intra (promote-2 + intake-reset) ---------
 321     0     100               0  1.81557811e-05  1.72321107e-05    0.0098342142  0.000114369914  0.000384719478  0.000298805314
 321     1      50               0  1.81557811e-05  1.72321107e-05    0.0098342142  0.000114369914  0.000384719478  0.000298805314
          wgpu 2d 449g 413c x3w 11ms | egraph 107g->187v+0snap 32ms | graft 19 (-122n, 0 snap) cpu 0 | f64 30 | gen 0.2s | dropped inexpr 17 oversz 0 unbuild 0 {}
 322     0     100               0  1.81557811e-05  1.72321107e-05    0.0098342142  0.000114369914  0.000384719478  0.000298805314
 322     1      50               0  1.81557811e-05  1.72321107e-05    0.0098342142  0.000114369914  0.000384719478  0.000298805314
          wgpu 1d 203g 225c x3w 4ms | egraph 43g->79v+0snap 10ms | graft 6 (-19n, 0 snap) cpu 0 | f64 20 | gen 0.3s | dropped inexpr 18 oversz 0 unbuild 0 {}
 323     0     100               0  1.81557811e-05  1.72321107e-05    0.0098342142  0.000114369914  0.000384719478  0.000298805314
 323     1      50               0  1.81557705e-05  1.72320959e-05   0.00983408069   0.00011436987  0.000384719254  0.000298805057
          wgpu 1d 238g 241c x3w 5ms | egraph 50g->95v+0snap 12ms | graft 11 (-39n, 0 snap) cpu 0 | f64 20 | gen 0.3s | dropped inexpr 11 oversz 0 unbuild 0 {}
 324     0     100               0  1.81557811e-05  1.72321107e-05    0.0098342142  0.000114369914  0.000384719478  0.000298805314
 324     1      50               0  1.81557811e-05  1.72321107e-05    0.0098342142  0.000114369914  0.000384719478  0.000298805314
          wgpu 1d 221g 235c x3w 5ms | egraph 51g->89v+0snap 14ms | graft 11 (-43n, 0 snap) cpu 0 | f64 20 | gen 0.2s | dropped inexpr 11 oversz 0 unbuild 0 {}
 325     0     100               0  1.81557811e-05  1.72321107e-05    0.0098342142  0.000114369914  0.000384719478  0.000298805314
 325     1      50               0  1.81557811e-05  1.72321107e-05    0.0098342142  0.000114369914  0.000384719478  0.000298805314
          wgpu 1d 204g 222c x3w 4ms | egraph 42g->76v+0snap 8ms | graft 11 (-40n, 0 snap) cpu 0 | f64 20 | gen 0.2s | dropped inexpr 7 oversz 0 unbuild 0 {}
 326     0     100               0  1.81557788e-05    1.723209e-05    0.0098340938  0.000114369887   0.00038471943  0.000298804956
 326     1      50               0  1.81557811e-05  1.72321107e-05    0.0098342142  0.000114369914  0.000384719478  0.000298805314
          wgpu 1d 226g 237c x3w 4ms | egraph 60g->91v+0snap 13ms | graft 7 (-27n, 0 snap) cpu 0 | f64 20 | gen 0.3s | dropped inexpr 20 oversz 0 unbuild 0 {}
 327     0     100               0  1.81557811e-05  1.72321107e-05    0.0098342142  0.000114369914  0.000384719478  0.000298805314
 327     1      50               0  1.81557811e-05  1.72321107e-05    0.0098342142  0.000114369914  0.000384719478  0.000298805314
          wgpu 1d 186g 215c x3w 4ms | egraph 50g->69v+0snap 12ms | graft 3 (-13n, 0 snap) cpu 0 | f64 20 | gen 0.3s | dropped inexpr 12 oversz 0 unbuild 0 {}
 328     0     100               0  1.81557811e-05  1.72321107e-05    0.0098342142  0.000114369914  0.000384719478  0.000298805314
 328     1      50               0  1.81557811e-05  1.72321107e-05    0.0098342142  0.000114369914  0.000384719478  0.000298805314
          wgpu 1d 243g 242c x3w 5ms | egraph 60g->96v+0snap 14ms | graft 6 (-46n, 0 snap) cpu 0 | f64 20 | gen 0.2s | dropped inexpr 16 oversz 0 unbuild 0 {}
 329     0     100               0  1.81557811e-05  1.72321107e-05    0.0098342142  0.000114369914  0.000384719478  0.000298805314
 329     1      50               0  1.81557811e-05  1.72321107e-05    0.0098342142  0.000114369914  0.000384719478  0.000298805314
          wgpu 1d 222g 236c x3w 5ms | egraph 56g->90v+0snap 13ms | graft 13 (-39n, 0 snap) cpu 0 | f64 20 | gen 0.4s | dropped inexpr 15 oversz 0 unbuild 0 {}
 330     0     100               0  1.81557811e-05  1.72321107e-05    0.0098342142  0.000114369914  0.000384719478  0.000298805314
 330     1      50               0  1.81557811e-05  1.72321107e-05    0.0098342142  0.000114369914  0.000384719478  0.000298805314
          wgpu 1d 211g 215c x3w 4ms | egraph 58g->69v+0snap 12ms | graft 6 (-19n, 0 snap) cpu 0 | f64 20 | gen 0.2s | dropped inexpr 5 oversz 0 unbuild 0 {}
--------- pump migration: intra (promote-2 + intake-reset) + cross ---------
 331     0     100               0  1.81557811e-05  1.72321107e-05    0.0098342142  0.000114369914  0.000384719478  0.000298805314
 331     1      50               0  1.81557811e-05  1.72321107e-05    0.0098342142  0.000114369914  0.000384719478  0.000298805314
          wgpu 2d 440g 421c x3w 22ms | egraph 114g->195v+0snap 28ms | graft 15 (-83n, 0 snap) cpu 0 | f64 30 | gen 0.2s | dropped inexpr 13 oversz 0 unbuild 0 {}
 332     0     100               0  1.81557811e-05  1.72321107e-05    0.0098342142  0.000114369914  0.000384719478  0.000298805314
 332     1      50               0  1.81557811e-05  1.72321107e-05    0.0098342142  0.000114369914  0.000384719478  0.000298805314
          wgpu 1d 244g 253c x3w 5ms | egraph 51g->107v+0snap 11ms | graft 9 (-37n, 0 snap) cpu 0 | f64 20 | gen 0.2s | dropped inexpr 13 oversz 0 unbuild 0 {}
 333     0     100               0  1.81557811e-05  1.72321107e-05    0.0098342142  0.000114369914  0.000384719478  0.000298805314
 333     1      50               0  1.81557811e-05  1.72321107e-05    0.0098342142  0.000114369914  0.000384719478  0.000298805314
          wgpu 1d 211g 227c x3w 4ms | egraph 48g->81v+0snap 14ms | graft 10 (-44n, 0 snap) cpu 0 | f64 20 | gen 0.2s | dropped inexpr 15 oversz 0 unbuild 0 {}
 334     0     100               0  1.81557705e-05  1.72320959e-05   0.00983408069   0.00011436987  0.000384719254  0.000298805057
 334     1      50               0  1.81557811e-05  1.72321107e-05    0.0098342142  0.000114369914  0.000384719478  0.000298805314
          wgpu 1d 230g 242c x3w 5ms | egraph 44g->96v+0snap 13ms | graft 7 (-48n, 0 snap) cpu 0 | f64 20 | gen 0.2s | dropped inexpr 13 oversz 0 unbuild 0 {}
 335     0     100               0  1.81557705e-05  1.72320959e-05   0.00983408069   0.00011436987  0.000384719254  0.000298805057
 335     1      50               0  1.81557811e-05  1.72321107e-05    0.0098342142  0.000114369914  0.000384719478  0.000298805314
          wgpu 1d 239g 251c x3w 5ms | egraph 64g->105v+0snap 13ms | graft 11 (-49n, 0 snap) cpu 0 | f64 20 | gen 0.2s | dropped inexpr 13 oversz 0 unbuild 0 {}
 336     0     100               0  1.81557705e-05  1.72320959e-05   0.00983408069   0.00011436987  0.000384719254  0.000298805057
 336     1      50               0  1.81557811e-05  1.72321107e-05    0.0098342142  0.000114369914  0.000384719478  0.000298805314
          wgpu 1d 224g 242c x3w 5ms | egraph 57g->96v+0snap 18ms | graft 21 (-93n, 0 snap) cpu 0 | f64 20 | gen 0.7s
 337     0     100               0  1.81557705e-05  1.72320959e-05   0.00983408069   0.00011436987  0.000384719254  0.000298805057
 337     1      50               0  1.81557811e-05  1.72321107e-05    0.0098342142  0.000114369914  0.000384719478  0.000298805314
          wgpu 1d 214g 219c x3w 4ms | egraph 52g->73v+0snap 14ms | graft 10 (-38n, 0 snap) cpu 0 | f64 20 | gen 0.2s | dropped inexpr 2 oversz 0 unbuild 0 {}
 338     0     100               0  1.81557705e-05  1.72320959e-05   0.00983408069   0.00011436987  0.000384719254  0.000298805057
 338     1      50               0  1.81557811e-05  1.72321107e-05    0.0098342142  0.000114369914  0.000384719478  0.000298805314
          wgpu 1d 227g 220c x3w 4ms | egraph 56g->74v+0snap 12ms | graft 8 (-35n, 0 snap) cpu 0 | f64 20 | gen 0.2s
 339     0     100               0  1.81557705e-05  1.72320959e-05   0.00983408069   0.00011436987  0.000384719254  0.000298805057
 339     1      50               0  1.81557811e-05  1.72321107e-05    0.0098342142  0.000114369914  0.000384719478  0.000298805314
          wgpu 1d 220g 233c x3w 7ms | egraph 40g->87v+0snap 8ms | graft 6 (-31n, 0 snap) cpu 0 | f64 20 | gen 0.2s | dropped inexpr 2 oversz 0 unbuild 0 {}
 340     0     100               0  1.81557705e-05  1.72320959e-05   0.00983408069   0.00011436987  0.000384719254  0.000298805057
 340     1      50               0  1.81557811e-05  1.72321107e-05    0.0098342142  0.000114369914  0.000384719478  0.000298805314
          wgpu 1d 206g 213c x3w 4ms | egraph 43g->67v+0snap 10ms | graft 7 (-32n, 0 snap) cpu 0 | f64 20 | gen 0.2s | dropped inexpr 2 oversz 0 unbuild 0 {}
--------- pump migration: intra (promote-2 + intake-reset) ---------
 341     0     100               0  1.81557705e-05  1.72320959e-05   0.00983408069   0.00011436987  0.000384719254  0.000298805057
 341     1      50               0  1.81557811e-05  1.72321107e-05    0.0098342142  0.000114369914  0.000384719478  0.000298805314
          wgpu 2d 444g 420c x3w 9ms | egraph 112g->194v+0snap 26ms | graft 15 (-94n, 0 snap) cpu 0 | f64 30 | gen 0.2s | dropped inexpr 4 oversz 0 unbuild 0 {}
 342     0     100               0  1.81557811e-05  1.72321107e-05    0.0098342142  0.000114369914  0.000384719478  0.000298805314
 342     1      50               0  1.81557811e-05  1.72321107e-05    0.0098342142  0.000114369914  0.000384719478  0.000298805314
          wgpu 1d 221g 238c x3w 11ms | egraph 40g->92v+0snap 17ms | graft 10 (-62n, 0 snap) cpu 0 | f64 20 | gen 0.2s | dropped inexpr 2 oversz 0 unbuild 0 {}
 343     0     100               0  1.81557811e-05  1.72321107e-05    0.0098342142  0.000114369914  0.000384719478  0.000298805314
 343     1      50               0  1.81557811e-05  1.72321107e-05    0.0098342142  0.000114369914  0.000384719478  0.000298805314
          wgpu 1d 241g 245c x3w 5ms | egraph 52g->99v+0snap 17ms | graft 11 (-50n, 0 snap) cpu 0 | f64 20 | gen 0.3s | dropped inexpr 1 oversz 0 unbuild 0 {}
 344     0     100               0  1.81557811e-05  1.72321107e-05    0.0098342142  0.000114369914  0.000384719478  0.000298805314
 344     1      50               0  1.81557811e-05  1.72321107e-05    0.0098342142  0.000114369914  0.000384719478  0.000298805314
          wgpu 1d 222g 221c x3w 5ms | egraph 50g->75v+0snap 13ms | graft 7 (-34n, 0 snap) cpu 0 | f64 20 | gen 0.2s | dropped inexpr 2 oversz 0 unbuild 0 {}
 345     0     100               0  1.81557811e-05  1.72321107e-05    0.0098342142  0.000114369914  0.000384719478  0.000298805314
 345     1      50               0  1.81557811e-05  1.72321107e-05    0.0098342142  0.000114369914  0.000384719478  0.000298805314
          wgpu 1d 233g 240c x3w 5ms | egraph 47g->94v+0snap 16ms | graft 9 (-39n, 0 snap) cpu 0 | f64 20 | gen 0.5s
 346     0     100               0  1.81557811e-05  1.72321107e-05    0.0098342142  0.000114369914  0.000384719478  0.000298805314
 346     1      50               0  1.81557811e-05  1.72321107e-05    0.0098342142  0.000114369914  0.000384719478  0.000298805314
          wgpu 1d 213g 237c x3w 4ms | egraph 35g->91v+0snap 7ms | graft 4 (-27n, 0 snap) cpu 0 | f64 20 | gen 0.2s
 347     0     100               0  1.81557811e-05  1.72321107e-05    0.0098342142  0.000114369914  0.000384719478  0.000298805314
 347     1      50               0  1.81557811e-05  1.72321107e-05    0.0098342142  0.000114369914  0.000384719478  0.000298805314
          wgpu 1d 204g 225c x3w 4ms | egraph 50g->79v+0snap 11ms | graft 9 (-38n, 0 snap) cpu 0 | f64 20 | gen 0.6s
 348     0     100               0  1.81557705e-05  1.72320959e-05   0.00983408069   0.00011436987  0.000384719254  0.000298805057
 348     1      50               0  1.81557811e-05  1.72321107e-05    0.0098342142  0.000114369914  0.000384719478  0.000298805314
          wgpu 1d 233g 239c x3w 6ms | egraph 46g->93v+0snap 19ms | graft 7 (-58n, 0 snap) cpu 0 | f64 20 | gen 0.2s
 349     0     100               0  1.81557705e-05  1.72320959e-05   0.00983408069   0.00011436987  0.000384719254  0.000298805057
 349     1      50               0  1.81557811e-05  1.72321107e-05    0.0098342142  0.000114369914  0.000384719478  0.000298805314
          wgpu 1d 235g 236c x3w 5ms | egraph 53g->90v+0snap 11ms | graft 8 (-53n, 0 snap) cpu 0 | f64 20 | gen 0.2s | dropped inexpr 1 oversz 0 unbuild 0 {}
 350     0     100               0  1.81557705e-05  1.72320959e-05   0.00983408069   0.00011436987  0.000384719254  0.000298805057
 350     1      50               0  1.81557811e-05  1.72321107e-05    0.0098342142  0.000114369914  0.000384719478  0.000298805314
          wgpu 1d 190g 208c x3w 4ms | egraph 38g->62v+0snap 9ms | graft 3 (-11n, 0 snap) cpu 0 | f64 20 | gen 0.2s
--------- pump migration: intra (promote-2 + intake-reset) ---------
 351     0     100               0  1.81557811e-05  1.72321107e-05    0.0098342142  0.000114369914  0.000384719478  0.000298805314
 351     1      50               0  1.81557705e-05  1.72320959e-05   0.00983408069   0.00011436987  0.000384719254  0.000298805057
          wgpu 2d 457g 439c x3w 9ms | egraph 115g->213v+0snap 44ms | graft 25 (-132n, 0 snap) cpu 0 | f64 30 | gen 0.6s | dropped inexpr 2 oversz 0 unbuild 0 {}
 352     0     100               0   0.00494108601   0.00615971761     0.278650412    0.0179213431     0.104701198     0.106809687
 352     1      50               0  1.81557705e-05  1.72320959e-05   0.00983408069   0.00011436987  0.000384719254  0.000298805057
          wgpu 1d 241g 261c x3w 5ms | egraph 49g->115v+0snap 14ms | graft 14 (-43n, 0 snap) cpu 0 | f64 20 | gen 0.6s | dropped inexpr 1 oversz 0 unbuild 0 {}
 353     0     100               0  1.81557811e-05  1.72321107e-05    0.0098342142  0.000114369914  0.000384719478  0.000298805314
 353     1      50               0  1.81557705e-05  1.72320959e-05   0.00983408069   0.00011436987  0.000384719254  0.000298805057
          wgpu 1d 238g 238c x3w 5ms | egraph 58g->92v+0snap 13ms | graft 16 (-76n, 0 snap) cpu 0 | f64 20 | gen 0.6s | dropped inexpr 2 oversz 0 unbuild 0 {}
 354     0     100               0  1.81557811e-05  1.72321107e-05    0.0098342142  0.000114369914  0.000384719478  0.000298805314
 354     1      50               0  1.81557811e-05  1.72321107e-05    0.0098342142  0.000114369914  0.000384719478  0.000298805314
          wgpu 1d 234g 248c x3w 4ms | egraph 50g->102v+0snap 10ms | graft 10 (-43n, 0 snap) cpu 0 | f64 20 | gen 0.2s | dropped inexpr 1 oversz 0 unbuild 0 {}
 355     0     100               0  1.81557811e-05  1.72321107e-05    0.0098342142  0.000114369914  0.000384719478  0.000298805314
 355     1      50               0  1.81557811e-05  1.72321107e-05    0.0098342142  0.000114369914  0.000384719478  0.000298805314
          wgpu 1d 219g 218c x3w 4ms | egraph 39g->72v+0snap 12ms | graft 6 (-31n, 0 snap) cpu 0 | f64 20 | gen 0.5s | dropped inexpr 1 oversz 0 unbuild 0 {}
 356     0     100               0  1.81557811e-05  1.72321107e-05    0.0098342142  0.000114369914  0.000384719478  0.000298805314
 356     1      50               0  1.81557811e-05  1.72321107e-05    0.0098342142  0.000114369914  0.000384719478  0.000298805314
          wgpu 1d 192g 207c x3w 4ms | egraph 40g->61v+0snap 10ms | graft 4 (-15n, 0 snap) cpu 0 | f64 20 | gen 0.2s
 357     0     100               0  1.81557731e-05  1.72320845e-05   0.00983408761  0.000114369942  0.000384719309   0.00029880486
 357     1      50               0  1.81557811e-05  1.72321107e-05    0.0098342142  0.000114369914  0.000384719478  0.000298805314
          wgpu 1d 191g 205c x3w 4ms | egraph 33g->59v+0snap 14ms | graft 3 (-19n, 0 snap) cpu 0 | f64 20 | gen 0.2s | dropped inexpr 3 oversz 0 unbuild 0 {}
 358     0     100               0  1.81557731e-05  1.72320845e-05   0.00983408761  0.000114369942  0.000384719309   0.00029880486
 358     1      50               0  1.81557811e-05  1.72321107e-05    0.0098342142  0.000114369914  0.000384719478  0.000298805314
          wgpu 1d 223g 221c x3w 4ms | egraph 43g->75v+0snap 16ms | graft 8 (-45n, 0 snap) cpu 0 | f64 20 | gen 0.2s | dropped inexpr 2 oversz 0 unbuild 0 {}
 359     0     100               0  1.81557811e-05  1.72321107e-05    0.0098342142  0.000114369914  0.000384719478  0.000298805314
 359     1      50               0  1.81557811e-05  1.72321107e-05    0.0098342142  0.000114369914  0.000384719478  0.000298805314
          wgpu 1d 222g 232c x3w 4ms | egraph 40g->86v+0snap 8ms | graft 8 (-37n, 0 snap) cpu 0 | f64 20 | gen 0.2s
 360     0     100               0  1.81557811e-05  1.72321107e-05    0.0098342142  0.000114369914  0.000384719478  0.000298805314
 360     1      50               0  1.81557811e-05  1.72321107e-05    0.0098342142  0.000114369914  0.000384719478  0.000298805314
          wgpu 1d 203g 228c x3w 4ms | egraph 41g->82v+0snap 10ms | graft 14 (-78n, 0 snap) cpu 0 | f64 20 | gen 0.2s | dropped inexpr 1 oversz 0 unbuild 0 {}
--------- pump migration: intra (promote-2 + intake-reset) + cross ---------
 361     0     100               0  1.81557811e-05  1.72321107e-05    0.0098342142  0.000114369914  0.000384719478  0.000298805314
 361     1      50               0  1.81557705e-05  1.72320959e-05   0.00983408069   0.00011436987  0.000384719254  0.000298805057
          wgpu 2d 490g 431c x3w 9ms | egraph 124g->205v+0snap 31ms | graft 23 (-149n, 0 snap) cpu 0 | f64 30 | gen 0.2s | dropped inexpr 4 oversz 0 unbuild 0 {}
 362     0     100               0  1.81557811e-05  1.72321107e-05    0.0098342142  0.000114369914  0.000384719478  0.000298805314
 362     1      50               0  1.81557811e-05  1.72321107e-05    0.0098342142  0.000114369914  0.000384719478  0.000298805314
          wgpu 1d 207g 230c x3w 5ms | egraph 42g->84v+0snap 16ms | graft 9 (-35n, 0 snap) cpu 0 | f64 20 | gen 0.2s | dropped inexpr 1 oversz 0 unbuild 0 {}
 363     0     100               0  1.81557811e-05  1.72321107e-05    0.0098342142  0.000114369914  0.000384719478  0.000298805314
 363     1      50               0  1.81557811e-05  1.72321107e-05    0.0098342142  0.000114369914  0.000384719478  0.000298805314
          wgpu 1d 234g 231c x3w 4ms | egraph 54g->85v+0snap 14ms | graft 12 (-54n, 0 snap) cpu 0 | f64 20 | gen 0.2s | dropped inexpr 2 oversz 0 unbuild 0 {}
 364     0     100               0  1.81557811e-05  1.72321107e-05    0.0098342142  0.000114369914  0.000384719478  0.000298805314
 364     1      50               0  1.81557811e-05  1.72321107e-05    0.0098342142  0.000114369914  0.000384719478  0.000298805314
          wgpu 1d 198g 207c x3w 6ms | egraph 34g->61v+0snap 8ms | graft 3 (-16n, 0 snap) cpu 0 | f64 20 | gen 0.2s | dropped inexpr 3 oversz 0 unbuild 0 {}
 365     0     100               0  1.81557811e-05  1.72321107e-05    0.0098342142  0.000114369914  0.000384719478  0.000298805314
 365     1      50               0  1.81557811e-05  1.72321107e-05    0.0098342142  0.000114369914  0.000384719478  0.000298805314
          wgpu 1d 198g 212c x3w 4ms | egraph 44g->66v+0snap 10ms | graft 8 (-37n, 0 snap) cpu 0 | f64 20 | gen 0.2s
 366     0     100               0  1.81557811e-05  1.72321107e-05    0.0098342142  0.000114369914  0.000384719478  0.000298805314
 366     1      50               0  1.81557811e-05  1.72321107e-05    0.0098342142  0.000114369914  0.000384719478  0.000298805314
          wgpu 1d 193g 217c x3w 4ms | egraph 38g->71v+0snap 9ms | graft 7 (-38n, 0 snap) cpu 0 | f64 20 | gen 0.2s | dropped inexpr 1 oversz 0 unbuild 0 {}
 367     0     100               0  1.81557811e-05  1.72321107e-05    0.0098342142  0.000114369914  0.000384719478  0.000298805314
 367     1      50               0  1.81557811e-05  1.72321107e-05    0.0098342142  0.000114369914  0.000384719478  0.000298805314
          wgpu 1d 208g 218c x3w 5ms | egraph 40g->72v+0snap 15ms | graft 5 (-19n, 0 snap) cpu 0 | f64 20 | gen 0.2s | dropped inexpr 2 oversz 0 unbuild 0 {}
 368     0     100               0  1.81557811e-05  1.72321107e-05    0.0098342142  0.000114369914  0.000384719478  0.000298805314
 368     1      50               0  1.81557811e-05  1.72321107e-05    0.0098342142  0.000114369914  0.000384719478  0.000298805314
          wgpu 1d 200g 217c x3w 4ms | egraph 43g->71v+0snap 10ms | graft 9 (-32n, 0 snap) cpu 0 | f64 20 | gen 0.2s | dropped inexpr 3 oversz 0 unbuild 0 {}
 369     0     100               0  1.81557811e-05  1.72321107e-05    0.0098342142  0.000114369914  0.000384719478  0.000298805314
 369     1      50               0  1.81557811e-05  1.72321107e-05    0.0098342142  0.000114369914  0.000384719478  0.000298805314
          wgpu 1d 202g 226c x3w 4ms | egraph 36g->80v+0snap 9ms | graft 9 (-55n, 0 snap) cpu 0 | f64 20 | gen 0.3s | dropped inexpr 1 oversz 0 unbuild 0 {}
 370     0     100               0  1.81557811e-05  1.72321107e-05    0.0098342142  0.000114369914  0.000384719478  0.000298805314
 370     1      50               0  1.81557811e-05  1.72321107e-05    0.0098342142  0.000114369914  0.000384719478  0.000298805314
          wgpu 1d 190g 215c x3w 4ms | egraph 39g->69v+0snap 9ms | graft 3 (-14n, 0 snap) cpu 0 | f64 20 | gen 0.2s | dropped inexpr 1 oversz 0 unbuild 0 {}
--------- pump migration: intra (promote-2 + intake-reset) ---------
 371     0     100               0   0.00186154986   0.00218962519     0.130320461    0.0110478562    0.0394460854    0.0379681662
 371     1      50               0  1.81557811e-05  1.72321107e-05    0.0098342142  0.000114369914  0.000384719478  0.000298805314
          wgpu 2d 454g 477c x3w 9ms | egraph 115g->251v+0snap 27ms | graft 15 (-85n, 0 snap) cpu 0 | f64 30 | gen 0.2s | dropped inexpr 4 oversz 0 unbuild 0 {}
 372     0     100               0  1.81557811e-05  1.72321107e-05    0.0098342142  0.000114369914  0.000384719478  0.000298805314
 372     1      50               0  1.81557811e-05  1.72321107e-05    0.0098342142  0.000114369914  0.000384719478  0.000298805314
          wgpu 1d 180g 254c x3w 4ms | egraph 28g->108v+0snap 7ms | graft 3 (-14n, 0 snap) cpu 0 | f64 20 | gen 0.2s | dropped inexpr 2 oversz 0 unbuild 0 {}
 373     0     100               0  1.81557811e-05  1.72321107e-05    0.0098342142  0.000114369914  0.000384719478  0.000298805314
 373     1      50               0  1.81557811e-05  1.72321107e-05    0.0098342142  0.000114369914  0.000384719478  0.000298805314
          wgpu 1d 189g 249c x3w 4ms | egraph 32g->103v+0snap 9ms | graft 4 (-16n, 0 snap) cpu 0 | f64 20 | gen 0.2s | dropped inexpr 1 oversz 0 unbuild 0 {}
 374     0     100               0  1.81557811e-05  1.72321107e-05    0.0098342142  0.000114369914  0.000384719478  0.000298805314
 374     1      50               0  1.81557811e-05  1.72321107e-05    0.0098342142  0.000114369914  0.000384719478  0.000298805314
          wgpu 1d 168g 221c x3w 4ms | egraph 27g->75v+0snap 11ms | graft 7 (-22n, 0 snap) cpu 0 | f64 20 | gen 0.2s
 375     0     100               0  1.81557811e-05  1.72321107e-05    0.0098342142  0.000114369914  0.000384719478  0.000298805314
 375     1      50               0  1.81557811e-05  1.72321107e-05    0.0098342142  0.000114369914  0.000384719478  0.000298805314
          wgpu 1d 208g 218c x3w 4ms | egraph 41g->72v+0snap 74ms | graft 10 (-35n, 0 snap) cpu 0 | f64 20 | gen 0.2s | dropped inexpr 2 oversz 0 unbuild 0 {}
 376     0     100               0  1.81557811e-05  1.72321107e-05    0.0098342142  0.000114369914  0.000384719478  0.000298805314
 376     1      50               0  1.81557811e-05  1.72321107e-05    0.0098342142  0.000114369914  0.000384719478  0.000298805314
          wgpu 1d 187g 204c x3w 4ms | egraph 29g->58v+0snap 7ms | graft 4 (-23n, 0 snap) cpu 0 | f64 20 | gen 0.2s | dropped inexpr 2 oversz 0 unbuild 0 {}
 377     0     100               0  1.81557811e-05  1.72321107e-05    0.0098342142  0.000114369914  0.000384719478  0.000298805314
 377     1      50               0  1.81557811e-05  1.72321107e-05    0.0098342142  0.000114369914  0.000384719478  0.000298805314
          wgpu 1d 212g 216c x3w 4ms | egraph 27g->70v+0snap 6ms | graft 6 (-28n, 0 snap) cpu 0 | f64 20 | gen 0.2s | dropped inexpr 2 oversz 0 unbuild 0 {}
 378     0     100               0  1.81557811e-05  1.72321107e-05    0.0098342142  0.000114369914  0.000384719478  0.000298805314
 378     1      50               0  1.81557811e-05  1.72321107e-05    0.0098342142  0.000114369914  0.000384719478  0.000298805314
          wgpu 1d 215g 226c x3w 5ms | egraph 42g->80v+0snap 10ms | graft 7 (-28n, 0 snap) cpu 0 | f64 20 | gen 0.2s | dropped inexpr 2 oversz 0 unbuild 0 {}
 379     0     100               0  1.81557733e-05  1.72320836e-05    0.0098340875  0.000114369945  0.000384719312  0.000298804845
 379     1      50               0  1.81557811e-05  1.72321107e-05    0.0098342142  0.000114369914  0.000384719478  0.000298805314
          wgpu 1d 203g 215c x3w 4ms | egraph 29g->69v+0snap 8ms | graft 7 (-28n, 0 snap) cpu 0 | f64 20 | gen 0.2s | dropped inexpr 3 oversz 0 unbuild 0 {}
 380     0     100               0  1.81557733e-05  1.72320836e-05    0.0098340875  0.000114369945  0.000384719312  0.000298804845
 380     1      50               0  1.81557811e-05  1.72321107e-05    0.0098342142  0.000114369914  0.000384719478  0.000298805314
          wgpu 1d 200g 210c x3w 8ms | egraph 30g->64v+0snap 7ms | graft 3 (-8n, 0 snap) cpu 0 | f64 20 | gen 0.2s | dropped inexpr 4 oversz 0 unbuild 0 {}
--------- pump migration: intra (promote-2 + intake-reset) ---------
 381     0     100               0  1.81557733e-05  1.72320836e-05    0.0098340875  0.000114369945  0.000384719312  0.000298804845
 381     1      50               0  1.81557811e-05  1.72321107e-05    0.0098342142  0.000114369914  0.000384719478  0.000298805314
          wgpu 2d 427g 401c x3w 8ms | egraph 97g->175v+0snap 26ms | graft 15 (-59n, 0 snap) cpu 0 | f64 30 | gen 0.2s | dropped inexpr 3 oversz 0 unbuild 0 {}
 382     0     100               0  1.81557733e-05  1.72320836e-05    0.0098340875  0.000114369945  0.000384719312  0.000298804845
 382     1      50               0  1.81557811e-05  1.72321107e-05    0.0098342142  0.000114369914  0.000384719478  0.000298805314
          wgpu 1d 179g 207c x3w 4ms | egraph 35g->61v+0snap 8ms | graft 6 (-21n, 0 snap) cpu 0 | f64 20 | gen 0.2s
 383     0     100               0  1.81557733e-05  1.72320836e-05    0.0098340875  0.000114369945  0.000384719312  0.000298804845
 383     1      50               0  1.81557811e-05  1.72321107e-05    0.0098342142  0.000114369914  0.000384719478  0.000298805314
          wgpu 1d 215g 214c x3w 4ms | egraph 43g->68v+0snap 9ms | graft 5 (-12n, 0 snap) cpu 0 | f64 20 | gen 0.2s | dropped inexpr 1 oversz 0 unbuild 0 {}
 384     0     100               0  1.81557733e-05  1.72320836e-05    0.0098340875  0.000114369945  0.000384719312  0.000298804845
 384     1      50               0  1.81557811e-05  1.72321107e-05    0.0098342142  0.000114369914  0.000384719478  0.000298805314
          wgpu 1d 213g 215c x3w 7ms | egraph 54g->69v+0snap 10ms | graft 6 (-41n, 0 snap) cpu 0 | f64 20 | gen 0.2s | dropped inexpr 2 oversz 0 unbuild 0 {}
 385     0     100               0  1.81557733e-05  1.72320836e-05    0.0098340875  0.000114369945  0.000384719312  0.000298804845
 385     1      50               0  1.81557811e-05  1.72321107e-05    0.0098342142  0.000114369914  0.000384719478  0.000298805314
          wgpu 1d 205g 226c x3w 6ms | egraph 46g->80v+0snap 9ms | graft 4 (-21n, 0 snap) cpu 0 | f64 20 | gen 0.2s | dropped inexpr 1 oversz 0 unbuild 0 {}
 386     0     100               0  1.81557733e-05  1.72320836e-05    0.0098340875  0.000114369945  0.000384719312  0.000298804845
 386     1      50               0  1.81557811e-05  1.72321107e-05    0.0098342142  0.000114369914  0.000384719478  0.000298805314
          wgpu 1d 220g 227c x3w 4ms | egraph 42g->81v+0snap 11ms | graft 4 (-16n, 0 snap) cpu 0 | f64 20 | gen 0.2s | dropped inexpr 1 oversz 0 unbuild 0 {}
 387     0     100               0  1.81557733e-05  1.72320836e-05    0.0098340875  0.000114369945  0.000384719312  0.000298804845
 387     1      50               0  1.81557811e-05  1.72321107e-05    0.0098342142  0.000114369914  0.000384719478  0.000298805314
          wgpu 1d 214g 221c x3w 6ms | egraph 44g->75v+0snap 9ms | graft 8 (-26n, 0 snap) cpu 0 | f64 20 | gen 0.2s | dropped inexpr 1 oversz 0 unbuild 0 {}
 388     0     100               0  1.81557733e-05  1.72320836e-05    0.0098340875  0.000114369945  0.000384719312  0.000298804845
 388     1      50               0  1.81557811e-05  1.72321107e-05    0.0098342142  0.000114369914  0.000384719478  0.000298805314
          wgpu 1d 215g 217c x3w 4ms | egraph 43g->71v+0snap 17ms | graft 5 (-23n, 0 snap) cpu 0 | f64 20 | gen 0.2s | dropped inexpr 3 oversz 0 unbuild 0 {}
 389     0     100               0  1.81557733e-05  1.72320836e-05    0.0098340875  0.000114369945  0.000384719312  0.000298804845
 389     1      50               0  1.81557811e-05  1.72321107e-05    0.0098342142  0.000114369914  0.000384719478  0.000298805314
          wgpu 1d 220g 208c x3w 4ms | egraph 41g->62v+0snap 8ms | graft 4 (-14n, 0 snap) cpu 0 | f64 20 | gen 0.2s | dropped inexpr 7 oversz 0 unbuild 0 {}
 390     0     100               0  1.81557733e-05  1.72320836e-05    0.0098340875  0.000114369945  0.000384719312  0.000298804845
 390     1      50               0  1.81557811e-05  1.72321107e-05    0.0098342142  0.000114369914  0.000384719478  0.000298805314
          wgpu 1d 192g 219c x3w 4ms | egraph 30g->73v+0snap 7ms | graft 4 (-18n, 0 snap) cpu 0 | f64 20 | gen 0.2s | dropped inexpr 2 oversz 0 unbuild 0 {}
--------- pump migration: intra (promote-2 + intake-reset) + cross ---------
 391     0     100               0  1.81557731e-05  1.72320845e-05   0.00983408761  0.000114369942  0.000384719309   0.00029880486
 391     1      50               0  1.81557811e-05  1.72321107e-05    0.0098342142  0.000114369914  0.000384719478  0.000298805314
          wgpu 2d 445g 404c x3w 9ms | egraph 105g->178v+0snap 25ms | graft 18 (-100n, 0 snap) cpu 0 | f64 30 | gen 0.2s | dropped inexpr 2 oversz 0 unbuild 0 {}
--------- pump migration: cross-class ---------
 392     0     100               0  1.81557733e-05  1.72320836e-05    0.0098340875  0.000114369945  0.000384719312  0.000298804845
 392     1      50               0  1.81557811e-05  1.72321107e-05    0.0098342142  0.000114369914  0.000384719478  0.000298805314
          wgpu 2d 427g 404c x3w 8ms | egraph 104g->178v+0snap 24ms | graft 15 (-79n, 0 snap) cpu 0 | f64 30 | gen 0.2s | dropped inexpr 2 oversz 0 unbuild 0 {}
--------- pump migration: cross-class ---------
 393     0     100               0  1.81557733e-05  1.72320836e-05    0.0098340875  0.000114369945  0.000384719312  0.000298804845
 393     1      50               0  1.81557811e-05  1.72321107e-05    0.0098342142  0.000114369914  0.000384719478  0.000298805314
          wgpu 2d 501g 454c x3w 9ms | egraph 116g->228v+0snap 27ms | graft 19 (-124n, 0 snap) cpu 0 | f64 30 | gen 0.2s | dropped inexpr 4 oversz 0 unbuild 0 {}
--------- pump migration: cross-class ---------
 394     0     100               0  1.81557733e-05  1.72320836e-05    0.0098340875  0.000114369945  0.000384719312  0.000298804845
 394     1      50               0  1.81557811e-05  1.72321107e-05    0.0098342142  0.000114369914  0.000384719478  0.000298805314
          wgpu 2d 479g 432c x3w 9ms | egraph 116g->206v+0snap 97ms | graft 16 (-79n, 0 snap) cpu 0 | f64 30 | gen 0.2s | dropped inexpr 4 oversz 0 unbuild 0 {}
--------- pump migration: cross-class ---------
 395     0     100               0  1.81557733e-05  1.72320836e-05    0.0098340875  0.000114369945  0.000384719312  0.000298804845
 395     1      50               0  1.81557811e-05  1.72321107e-05    0.0098342142  0.000114369914  0.000384719478  0.000298805314
          wgpu 2d 453g 428c x3w 8ms | egraph 105g->202v+0snap 25ms | graft 12 (-68n, 0 snap) cpu 0 | f64 30 | gen 0.2s | dropped inexpr 3 oversz 0 unbuild 0 {}
--------- pump migration: cross-class ---------
 396     0     100               0  1.81557733e-05  1.72320836e-05    0.0098340875  0.000114369945  0.000384719312  0.000298804845
 396     1      50               0  1.81557811e-05  1.72321107e-05    0.0098342142  0.000114369914  0.000384719478  0.000298805314
          wgpu 2d 458g 420c x3w 8ms | egraph 134g->194v+0snap 27ms | graft 18 (-77n, 0 snap) cpu 0 | f64 30 | gen 0.2s | dropped inexpr 4 oversz 0 unbuild 0 {}
--------- pump migration: cross-class ---------
 397     0     100               0  1.81557733e-05  1.72320836e-05    0.0098340875  0.000114369945  0.000384719312  0.000298804845
 397     1      50               0  1.81557811e-05  1.72321107e-05    0.0098342142  0.000114369914  0.000384719478  0.000298805314
          wgpu 2d 431g 435c x3w 9ms | egraph 111g->209v+0snap 25ms | graft 19 (-99n, 0 snap) cpu 0 | f64 30 | gen 0.3s | dropped inexpr 5 oversz 0 unbuild 0 {}
--------- pump migration: cross-class ---------
 398     0     100               0  1.81557733e-05  1.72320836e-05    0.0098340875  0.000114369945  0.000384719312  0.000298804845
 398     1      50               0  1.81557811e-05  1.72321107e-05    0.0098342142  0.000114369914  0.000384719478  0.000298805314
          wgpu 2d 490g 473c x3w 9ms | egraph 115g->247v+0snap 31ms | graft 26 (-193n, 0 snap) cpu 0 | f64 30 | gen 0.2s | dropped inexpr 4 oversz 0 unbuild 0 {}
--------- pump migration: cross-class ---------
 399     0     100               0  1.81557733e-05  1.72320836e-05    0.0098340875  0.000114369945  0.000384719312  0.000298804845
 399     1      50               0  1.81557811e-05  1.72321107e-05    0.0098342142  0.000114369914  0.000384719478  0.000298805314
          wgpu 2d 453g 502c x3w 9ms | egraph 126g->276v+0snap 27ms | graft 19 (-112n, 0 snap) cpu 0 | f64 30 | gen 0.2s | dropped inexpr 2 oversz 0 unbuild 0 {}
--------- pump migration: cross-class ---------
 400     0     100               0  1.81557733e-05  1.72320836e-05    0.0098340875  0.000114369945  0.000384719312  0.000298804845
 400     1      50               0  1.81557811e-05  1.72321107e-05    0.0098342142  0.000114369914  0.000384719478  0.000298805314
          wgpu 2d 456g 423c x3w 8ms | egraph 118g->197v+0snap 24ms | graft 12 (-84n, 0 snap) cpu 0 | f64 30 | gen 0.2s | dropped inexpr 7 oversz 0 unbuild 0 {}
--------- pump migration: intra (promote-2 + intake-reset) + cross ---------

This sub-run: 2026-09-19 07:19:38.782243 → 2026-09-19 07:21:26.317446
Now at generation 400 (HOF size: 30)
[join] 450 dispatches, 101,518 genes, 352,737 candidates scored in 2.16s GPU+host; e-graph 23,795 trees -> 55,096 variants + 12 snaps in 5.77s; 3,886 grafts (2 snap), 17,545 nodes removed; cpu-path individuals 0, f64-rejected 0, snaps refused for naming an input 0
[join]   inexpressible:   1821  no pset token for semantic id "div" with arity 2
[join]   inexpressible:    868  no pset token for semantic id "pow" with arity 2
  HFF-chosen LSM kept: a=0.298009, b=-0.292605
Chromosome wrapper: id=2  →  sqrt_abs
hof[0] runtime val: mse=6.509e-05  R²=0.998871
Pre-snap expression (after sympify + LSM compose):
  0.298009496370735*sqrt(Abs(7*Y*sqrt(Abs(Y))/(3*sigma) - sqrt(Abs(Y))/3 + sqrt(2)*sqrt(cos(1))/6 + 4/3)) - 0.292604694215663

Per-level snap results (before MSE scoring):
  strict      →  0.121661867435349*sqrt(Abs(14*Y**(3/2)/sigma - 2*sqrt(Y) + 9.03952133779749)) - 0.292604694215663
  default     →  0.121661867435349*sqrt(Abs(14*Y**(3/2)/sigma - 2*sqrt(Y) + 9.03952133779749)) - 0.292604694215663
  aggressive  →  0.121661867435349*sqrt(Abs(14*Y**(3/2)/sigma - 2*sqrt(Y) + 9.03952133779749)) - 0.292604694215663

Snap-level comparison (sorted by holdout MSE, lowest first)
------------------------------------------------------------------------------------------
  level       MSE            R²         expression                                        
------------------------------------------------------------------------------------------
★ strict      5.962e-05      0.9985     0.121661867435349*sqrt(Abs(14*Y**(3/2)/sigma - 2*s
  default     5.962e-05      0.9985     0.121661867435349*sqrt(Abs(14*Y**(3/2)/sigma - 2*s
  aggressive  5.962e-05      0.9985     0.121661867435349*sqrt(Abs(14*Y**(3/2)/sigma - 2*s

Winning snap level: 'strict'  →  0.121661867435349*sqrt(Abs(14*Y**(3/2)/sigma - 2*sqrt(Y) + 9.03952133779749)) - 0.292604694215663

Canonical discovered expression: 0.121661867435349*sqrt(Abs(14*Y**(3/2)/sigma - 2*sqrt(Y) + 9.03952133779749)) - 0.292604694215663
[38;2;0;50;255m
############################################################ [38;2;255;255;255m
[38;2;0;50;255m Equation Recovery: II_38_14 [38;2;255;255;255m
[38;2;0;50;255m Truth: Y/(2*(1+sigma)) [38;2;255;255;255m
[38;2;0;50;255m [38;2;255;255;255m
[38;2;255;0;255m     Exact recovery     : False [38;2;255;255;255m
[38;2;255;0;255m     Numerical recovery : False (max rel_err 1.90e-01 on 10k samples) [38;2;255;255;255m
[38;2;255;0;255m     Discovered         : 0.121661867435349*sqrt(Abs(14*Y**(3/2)/sigma - 2*sqrt(Y) + 9.03952133779749)) - 0.292604694215663 [38;2;255;255;255m
[38;2;255;0;255m     LSM (a, b)         : (0.298009, -0.292605) [38;2;255;255;255m
[38;2;0;50;255m
############################################################ [38;2;255;255;255m
In-range holdout : MSE=5.962e-05  MAE=0.005851  R²=0.9985
Extrapolation    : MSE=0.0003871  MAE=0.01404  R²=0.9950

Top 10 HOF models (north_pole=truenorth) (★ = Pareto-optimal)
(deduped HOF: 18 unique chromosomes from 30 raw HOF entries)
 ----------------------------------------------------------------------------------------------------------------
       model     wrapper      length   train_mse     val_mse     max_err    train_r2      val_r2 angular_distance
 ----------------------------------------------------------------------------------------------------------------
★          19    sqrt_abs          17      0.0001      0.0001      0.0233      0.9982      0.9986      0.0047
★           6    sqrt_abs          17      0.0001      0.0001      0.0233      0.9982      0.9986      0.0047
           24    sqrt_abs          15      0.0001      0.0001      0.0236      0.9981      0.9985      0.0061
★          20    sqrt_abs          16      0.0001      0.0001      0.0249      0.9982      0.9986      0.0065
★           0    sqrt_abs          21      0.0001      0.0001      0.0307      0.9986      0.9989      0.0224
           25    sqrt_abs          31      0.0001      0.0001      0.0304      0.9979      0.9983      0.0235
           14    sqrt_abs          38      0.0001      0.0001      0.0382      0.9980      0.9983      0.0458
            5    sqrt_abs          19      0.0001      0.0001      0.0414      0.9975      0.9977      0.0569
            4    sqrt_abs          19      0.0001      0.0001      0.0414      0.9975      0.9977      0.0569
           23    sqrt_abs          26      0.0002      0.0002      0.0447      0.9964      0.9971      0.0707

Pareto-optimal in top 10: 4    Pareto-optimal in full HOF: 4 / 18

Recovery sweep across 12/18 unique HOF chromosomes (capped):
  Structural / exact     : 0/12  (0.0%)
  Numerical (≤1e-6 err)  : 0/12  (0.0%)
{
    "date": "2026/09/19",
    "seed": "5",
    "task": "equation_recovery",
    "north_pole_method": "truenorth",
    "hff_include_val": true,
    "problem": "II_38_14",
    "truth_expr": "Y/(2*(1+sigma))",
    "final_terminal_inputs": [
        "Y",
        "sigma"
    ],
    "wide_primitives": true,
    "head_length": "48",
    "n_genes": "3",
    "rnc_array_length": "10",
    "tournament size": "intake=8, champion=5",
    "population size": "150",
    "population per island": "intake=100, champion=50",
    "gpu_join": true,
    "eclass_k": 8,
    "number of elites": "2",
    "number of generations": "400",
    "number of islands": "2",
    "migration FREQ": "30",
    "wrapper_id": 2,
    "wrapper_name": "sqrt_abs",
    "recovery_exact": false,
    "recovery_numerical": false,
    "recovery_max_rel_err": 0.1897867564253518,
    "discovered_expr": "0.121661867435349*sqrt(Abs(14*Y**(3/2)/sigma - 2*sqrt(Y) + 9.03952133779749)) - 0.292604694215663",
    "holdout_mse": 5.961747700125248e-05,
    "holdout_r2": 0.9985232877918645,
    "extrap_mse": 0.00038708048693516844,
    "extrap_r2": 0.9949757644719673,
    "hof_size": 18,
    "hof_exact_recoveries": 0,
    "hof_numerical_recoveries": 0
}
