/opt/anaconda3/lib/python3.12/site-packages/geppy/__init__.py:26: UserWarning: pkg_resources is deprecated as an API. See https://setuptools.pypa.io/en/latest/pkg_resources.html. The pkg_resources package is slated for removal as early as 2025-11-30. Refrain from using this package or pin to Setuptools<81.
  from pkg_resources import get_distribution, DistributionNotFound
hff library OK (test fitness: (0.1415394733244273,))
registry: ['circle_area', 'gravity', 'coulomb', 'pendulum', 'keplers3', 'ideal_gas', 'I_6_2a', 'I_6_2', 'I_6_2b', 'I_8_14', 'I_9_18', 'I_10_7', 'I_11_19', 'I_12_1', 'I_12_2', 'I_12_4', 'I_12_5', 'I_12_11', 'I_13_4', 'I_13_12', 'I_14_3', 'I_14_4', 'I_15_3x', 'I_15_3t', 'I_15_1', 'I_16_6', 'I_18_4', 'I_18_12', 'I_18_14', 'I_24_6', 'I_25_13', 'I_26_2', 'I_27_6', 'I_29_4', 'I_29_16', 'I_30_3', 'I_30_5', 'I_32_5', 'I_32_17', 'I_34_8', 'I_34_1', 'I_34_14', 'I_34_27', 'I_37_4', 'I_38_12', 'I_39_1', 'I_39_11', 'I_39_22', 'I_40_1', 'I_41_16', 'I_43_16', 'I_43_31', 'I_43_43', 'I_44_4', 'I_47_23', 'I_48_2', 'I_50_26', 'II_2_42', 'II_3_24', 'II_4_23', 'II_6_11', 'II_6_15a', 'II_6_15b', 'II_8_7', 'II_8_31', 'II_10_9', 'II_11_3', 'II_11_17', 'II_11_20', 'II_11_27', 'II_11_28', 'II_13_17', 'II_13_23', 'II_13_34', 'II_15_4', 'II_15_5', 'II_21_32', 'II_24_17', 'II_27_16', 'II_27_18', 'II_34_2a', 'II_34_2', 'II_34_11', 'II_34_29a', 'II_34_29b', 'II_35_18', 'II_35_21', 'II_36_38', 'II_37_1', 'II_38_3', 'II_38_14', 'III_4_32', 'III_4_33', 'III_7_38', 'III_8_54', 'III_9_52', 'III_10_19', 'III_12_43', 'III_13_18', 'III_14_14', 'III_15_12', 'III_15_14', 'III_15_27', 'III_17_37', 'III_19_51', 'III_21_20', 'test_1', 'test_2', 'test_3', 'test_4', 'test_5', 'test_6', 'test_7', 'test_8', 'test_9', 'test_10', 'test_11', 'test_12', 'test_13', 'test_14', 'test_15', 'test_16', 'test_17', 'test_18', 'test_19', 'test_20']
[feynman override] head_length=48 (keep n_genes=3, avgval linker)
Selected problem: I_18_14
  Description : Feynman I-III I.18.14: L = m*r*v*sin(theta)
  Variables   : ['m', 'r', 'v', 'theta']
  Train range : {'m': (1.0, 5.0), 'r': (1.0, 5.0), 'v': (1.0, 5.0), 'theta': (1.0, 5.0)}
  Extrap range: {'m': (1.0, 7.5), 'r': (1.0, 7.5), 'v': (1.0, 7.5), 'theta': (1.0, 7.5)}
  Truth       : m*r*v*sin(theta)
  ✓ cache hit  (data/equations/I_18_14, key=fa722a361c797696)
  train           (800, 5)  target range=[-95.77, 82.65]
  val             (200, 5)  target range=[-79.32, 81.39]
  holdout         (200, 5)  target range=[-78.69, 91.21]
  extrapolation   (200, 5)  target range=[-262.8, 206.6]
  saved figure → data/figures/I_18_14/eda_pairplot.png
Wide primitive set enabled: sin, cos, exp, log added.
[E22 rules] variable pattern tags: {'has_gaussian_input'}
[rules] HFF_RULES=generic: ['sum_sq_all', 'power_law']
[E22/23 rules] static candidate count: 1
[E22/23 rules] allowed to take a fitness slot (exact): 0
  [sum_sq_all/sum_sq] a=-0.6805 b=2.9881e+01 1-R²_va=8.4751e-01
[fuller] denoise + snap IN THE JOIN (every gene, every generation, K=8); mutation operators: physics=0.2 concretize=0.05
Wrapper scope: per_island  (island → wrapper map: ['identity', 'identity'])
[wgpu] process pool disabled — Metal cannot survive fork(); the population is evaluated in one dispatch instead
Genes: head_length=48, n_genes=3, rnc_array_length=10
Population: (per-island, see below), elites: 2, generations: 400, migration FREQ: 30
  pump per-island sizes: intake=100 (tournsize=8), champion=50 (tournsize=5)
Initialising evolution at 2026-09-19 07:36:57.586825
 gen  deme   evals     min fitness          mse_tr          mse_va         max_err      mse_extrap  one_minus_r2_tr  one_minus_r2_va
   0     0     100    0.0372913785      216.457426      210.502315      53.9404828      3038.27557      0.32788477     0.314608631
   0     1      50    0.0066397224      239.179483      226.198973      51.9320629      5125.04974     0.362303624     0.338068249
          wgpu 1d 295g 250c x3w 9ms | egraph 187g->100v+0snap 66ms | graft 17 (-63n, 0 snap) cpu 0 | f64 30 | gen 0.0s | dropped inexpr 5 oversz 0 unbuild 0 {}
Extending evolution: gen 1 → 400 (+400 generations)
   1     0     100    0.0178446615      217.441265      213.602146      52.8540853       3037.8417     0.329375066     0.319241519
   1     1      50   0.00261642113      238.573101      225.509813      51.5777934      5098.32295      0.36138509     0.337038258
          wgpu 1d 103g 191c x3w 3ms | egraph 42g->45v+0snap 11ms | graft 4 (-8n, 0 snap) cpu 0 | f64 32 | gen 0.2s | dropped inexpr 2 oversz 0 unbuild 0 {}
   2     0     100    0.0123441561      217.441265      213.602146      52.8540853       3037.8417     0.329375066     0.319241519
   2     1      50   0.00261642113      238.573101      225.509813      51.5777934      5098.32295      0.36138509     0.337038258
          wgpu 1d 112g 209c x3w 4ms | egraph 49g->63v+0snap 13ms | graft 4 (-12n, 0 snap) cpu 0 | f64 31 | gen 0.2s | dropped inexpr 3 oversz 0 unbuild 0 {}
   3     0     100    0.0107569199      217.465416      213.625527      52.8328587        3038.532      0.32941165     0.319276464
   3     1      50   0.00261642113      238.573101      225.509813      51.5777934      5098.32295      0.36138509     0.337038258
          wgpu 1d 102g 199c x3w 3ms | egraph 33g->53v+0snap 7ms | graft 1 (-2n, 0 snap) cpu 0 | f64 32 | gen 0.2s | dropped inexpr 3 oversz 0 unbuild 0 {}
   4     0     100   0.00798156819      217.386344      213.490083      52.8858734      3037.71176     0.329291874     0.319074033
   4     1      50   0.00261642113      238.573101      225.509813      51.5777934      5098.32295      0.36138509     0.337038258
          wgpu 1d 100g 194c x3w 3ms | egraph 30g->48v+0snap 6ms | graft 2 (-12n, 0 snap) cpu 0 | f64 34 | gen 0.2s | dropped inexpr 1 oversz 0 unbuild 0 {}
   5     0     100   0.00798156819      217.386344      213.490083      52.8858734      3037.71176     0.329291874     0.319074033
   5     1      50   0.00261642113      238.573101      225.509813      51.5777934      5098.32295      0.36138509     0.337038258
          wgpu 1d 117g 271c x3w 3ms | egraph 34g->125v+0snap 7ms | graft 7 (-39n, 0 snap) cpu 0 | f64 36 | gen 0.2s | dropped inexpr 2 oversz 0 unbuild 0 {}
   6     0     100   0.00798156819      217.386344      213.490083      52.8858734      3037.71176     0.329291874     0.319074033
   6     1      50   0.00261642113      238.573101      225.509813      51.5777934      5098.32295      0.36138509     0.337038258
          wgpu 1d 119g 278c x3w 3ms | egraph 32g->132v+0snap 6ms | graft 5 (-24n, 0 snap) cpu 0 | f64 20 | gen 0.1s
   7     0     100   0.00482389786      218.300747      210.894097      52.5592359       3231.3913     0.330676991     0.315194174
   7     1      50   0.00261642113      238.573101      225.509813      51.5777934      5098.32295      0.36138509     0.337038258
          wgpu 1d 101g 283c x3w 3ms | egraph 23g->137v+0snap 8ms | graft 3 (-6n, 0 snap) cpu 0 | f64 20 | gen 0.1s | dropped inexpr 1 oversz 0 unbuild 0 {}
   8     0     100   0.00482389786      218.300747      210.894097      52.5592359       3231.3913     0.330676991     0.315194174
   8     1      50   0.00261642113      238.573101      225.509813      51.5777934      5098.32295      0.36138509     0.337038258
          wgpu 1d 127g 253c x3w 3ms | egraph 36g->107v+0snap 8ms | graft 5 (-17n, 0 snap) cpu 0 | f64 20 | gen 0.2s | dropped inexpr 2 oversz 0 unbuild 0 {}
   9     0     100   0.00482389786      218.300747      210.894097      52.5592359       3231.3913     0.330676991     0.315194174
   9     1      50   0.00261642113      238.573101      225.509813      51.5777934      5098.32295      0.36138509     0.337038258
          wgpu 1d 101g 214c x3w 3ms | egraph 26g->68v+0snap 5ms | graft 2 (-6n, 0 snap) cpu 0 | f64 20 | gen 0.1s | dropped inexpr 1 oversz 0 unbuild 0 {}
  10     0     100   0.00482389786      218.300747      210.894097      52.5592359       3231.3913     0.330676991     0.315194174
  10     1      50   0.00261642113      238.573101      225.509813      51.5777934      5098.32295      0.36138509     0.337038258
          wgpu 1d 112g 217c x3w 3ms | egraph 30g->71v+0snap 7ms | graft 5 (-26n, 0 snap) cpu 0 | f64 20 | gen 0.2s
--------- pump migration: intra (promote-2 + intake-reset) ---------
  11     0     100   0.00117459202      238.573101      225.509813      51.5777934      5098.32295      0.36138509     0.337038258
  11     1      50   0.00261642113      238.573101      225.509813      51.5777934      5098.32295      0.36138509     0.337038258
          wgpu 2d 296g 393c x3w 16ms | egraph 112g->167v+0snap 27ms | graft 18 (-98n, 0 snap) cpu 0 | f64 30 | gen 0.2s | dropped inexpr 4 oversz 0 unbuild 0 {}
  12     0     100   0.00117459202      238.573101      225.509813      51.5777934      5098.32295      0.36138509     0.337038258
  12     1      50   0.00261642113      238.573101      225.509813      51.5777934      5098.32295      0.36138509     0.337038258
          wgpu 1d 115g 269c x3w 3ms | egraph 34g->123v+0snap 6ms | graft 4 (-13n, 0 snap) cpu 0 | f64 20 | gen 0.1s | dropped inexpr 1 oversz 0 unbuild 0 {}
  13     0     100   0.00117459202      238.573101      225.509813      51.5777934      5098.32295      0.36138509     0.337038258
  13     1      50   0.00261642113      238.573101      225.509813      51.5777934      5098.32295      0.36138509     0.337038258
          wgpu 1d 108g 248c x3w 3ms | egraph 30g->102v+0snap 6ms | graft 3 (-9n, 0 snap) cpu 0 | f64 20 | gen 0.2s
  14     0     100               0      149.555245      136.895147       41.911309      2112.98624     0.226542873       0.2045982
  14     1      50   0.00261642113      238.573101      225.509813      51.5777934      5098.32295      0.36138509     0.337038258
          wgpu 1d 119g 287c x3w 4ms | egraph 34g->141v+0snap 8ms | graft 3 (-11n, 0 snap) cpu 0 | f64 20 | gen 0.2s | dropped inexpr 3 oversz 0 unbuild 0 {}
  15     0     100               0      149.555245      136.895147       41.911309      2112.98624     0.226542873       0.2045982
  15     1      50   0.00261642113      238.573101      225.509813      51.5777934      5098.32295      0.36138509     0.337038258
          wgpu 1d 111g 272c x3w 3ms | egraph 27g->126v+0snap 5ms | graft 2 (-4n, 0 snap) cpu 0 | f64 36 | gen 0.2s | dropped inexpr 1 oversz 0 unbuild 0 {}
  16     0     100               0      149.555245      136.895147       41.911309      2112.98624     0.226542873       0.2045982
  16     1      50   0.00261642113      238.573101      225.509813      51.5777934      5098.32295      0.36138509     0.337038258
          wgpu 1d 153g 313c x3w 4ms | egraph 48g->167v+0snap 15ms | graft 5 (-24n, 0 snap) cpu 0 | f64 20 | gen 0.2s | dropped inexpr 1 oversz 0 unbuild 0 {}
  17     0     100               0      149.555245      136.895152      41.9113093      2112.98623     0.226542873     0.204598208
  17     1      50   0.00261642113      238.573101      225.509813      51.5777934      5098.32295      0.36138509     0.337038258
          wgpu 1d 115g 262c x3w 3ms | egraph 26g->116v+0snap 33ms | graft 1 (-2n, 0 snap) cpu 0 | f64 20 | gen 0.4s
  18     0     100               0      149.555245      136.895147       41.911309      2112.98624     0.226542873       0.2045982
  18     1      50   0.00261642113      238.573101      225.509813      51.5777934      5098.32295      0.36138509     0.337038258
          wgpu 1d 135g 287c x3w 3ms | egraph 38g->141v+0snap 10ms | graft 3 (-7n, 0 snap) cpu 0 | f64 20 | gen 0.3s | dropped inexpr 2 oversz 0 unbuild 0 {}
  19     0     100               0      149.555245      136.895147       41.911309      2112.98624     0.226542873       0.2045982
  19     1      50   0.00261642113      238.573101      225.509813      51.5777934      5098.32295      0.36138509     0.337038258
          wgpu 1d 143g 291c x3w 3ms | egraph 33g->145v+0snap 12ms | graft 3 (-11n, 0 snap) cpu 0 | f64 20 | gen 0.3s | dropped inexpr 2 oversz 0 unbuild 0 {}
  20     0     100               0      149.555245      136.895147       41.911309      2112.98624     0.226542873       0.2045982
  20     1      50   0.00261642113      238.573101      225.509813      51.5777934      5098.32295      0.36138509     0.337038258
          wgpu 1d 148g 299c x3w 4ms | egraph 30g->153v+0snap 16ms | graft 2 (-16n, 0 snap) cpu 0 | f64 20 | gen 0.4s | dropped inexpr 4 oversz 0 unbuild 0 {}
--------- pump migration: intra (promote-2 + intake-reset) ---------
  21     0     100               0      149.555245      136.895147       41.911309      2112.98624     0.226542873       0.2045982
  21     1      50               0      149.555245      136.895147       41.911309      2112.98624     0.226542873       0.2045982
          wgpu 2d 343g 472c x3w 9ms | egraph 126g->246v+0snap 34ms | graft 35 (-228n, 0 snap) cpu 0 | f64 30 | gen 0.4s | dropped inexpr 1 oversz 0 unbuild 0 {}
  22     0     100               0      238.105819      224.896847      51.5297529      5094.41189     0.360677262     0.336122142
  22     1      50               0      149.555245      136.895147       41.911309      2112.98624     0.226542873       0.2045982
          wgpu 1d 128g 327c x3w 4ms | egraph 33g->181v+0snap 11ms | graft 12 (-102n, 0 snap) cpu 0 | f64 20 | gen 0.2s
  23     0     100               0      149.555245      136.895147       41.911309      2112.98624     0.226542873       0.2045982
  23     1      50               0      149.555245      136.895147       41.911309      2112.98624     0.226542873       0.2045982
          wgpu 1d 142g 311c x3w 4ms | egraph 34g->165v+0snap 20ms | graft 13 (-62n, 0 snap) cpu 0 | f64 20 | gen 0.2s
  24     0     100               0      238.105819      224.896847      51.5297529      5094.41189     0.360677262     0.336122142
  24     1      50               0      115.891313      109.185341      38.1385774      1956.09295     0.175549517     0.163184195
          wgpu 1d 130g 280c x3w 4ms | egraph 29g->134v+0snap 12ms | graft 7 (-70n, 0 snap) cpu 0 | f64 20 | gen 0.4s
  25     0     100               0      238.105819      224.896847      51.5297529      5094.41189     0.360677262     0.336122142
  25     1      50               0      115.891313      109.185341      38.1385774      1956.09295     0.175549517     0.163184195
          wgpu 1d 121g 264c x3w 3ms | egraph 31g->118v+0snap 12ms | graft 5 (-32n, 0 snap) cpu 0 | f64 20 | gen 0.2s
  26     0     100               0      238.105819      224.896847      51.5297529      5094.41189     0.360677262     0.336122142
  26     1      50               0      101.376861      94.3659319      35.5760319      1834.92503     0.153563356     0.141035678
          wgpu 1d 148g 291c x3w 4ms | egraph 35g->145v+0snap 11ms | graft 31 (-130n, 0 snap) cpu 0 | f64 20 | gen 0.2s
  27     0     100               0      238.105819      224.896847      51.5297529      5094.41189     0.360677262     0.336122142
  27     1      50               0      101.376861      94.3659319      35.5760319      1834.92503     0.153563356     0.141035678
          wgpu 1d 111g 297c x3w 12ms | egraph 34g->151v+0snap 16ms | graft 20 (-148n, 0 snap) cpu 0 | f64 20 | gen 0.2s
  28     0     100               0      238.105819      224.896847      51.5297529      5094.41189     0.360677262     0.336122142
  28     1      50               0      101.376861      94.3659319      35.5760319      1834.92503     0.153563356     0.141035678
          wgpu 1d 151g 289c x3w 4ms | egraph 44g->143v+0snap 10ms | graft 20 (-159n, 0 snap) cpu 0 | f64 20 | gen 0.4s | dropped inexpr 1 oversz 0 unbuild 0 {}
  29     0     100               0      238.105819      224.896847      51.5297529      5094.41189     0.360677262     0.336122142
  29     1      50               0       101.37686      94.3659337      35.5760361      1834.92499     0.153563355      0.14103568
          wgpu 1d 158g 296c x3w 4ms | egraph 47g->150v+0snap 15ms | graft 31 (-201n, 0 snap) cpu 0 | f64 20 | gen 0.7s
  30     0     100               0      238.105819      224.896847      51.5297529      5094.41189     0.360677262     0.336122142
  30     1      50               0       101.37686      94.3659337      35.5760361      1834.92499     0.153563355      0.14103568
          wgpu 1d 135g 290c x3w 4ms | egraph 33g->144v+0snap 13ms | graft 37 (-121n, 0 snap) cpu 0 | f64 20 | gen 0.4s | dropped inexpr 1 oversz 0 unbuild 0 {}
--------- pump migration: intra (promote-2 + intake-reset) ---------
  31     0     100               0      238.105819      224.896847      51.5297529      5094.41189     0.360677262     0.336122142
  31     1      50               0      101.376861      94.3659319      35.5760319      1834.92503     0.153563356     0.141035678
          wgpu 2d 319g 424c x3w 8ms | egraph 113g->198v+0snap 28ms | graft 20 (-138n, 0 snap) cpu 0 | f64 30 | gen 0.2s | dropped inexpr 1 oversz 0 unbuild 0 {}
  32     0     100               0      238.105819      224.896847      51.5297529      5094.41189     0.360677262     0.336122142
  32     1      50               0      101.376861      94.3659319      35.5760319      1834.92503     0.153563356     0.141035678
          wgpu 1d 132g 266c x3w 4ms | egraph 33g->120v+0snap 20ms | graft 43 (-198n, 0 snap) cpu 0 | f64 20 | gen 0.5s | dropped inexpr 1 oversz 0 unbuild 0 {}
  33     0     100               0      238.105819      224.896847      51.5297529      5094.41189     0.360677262     0.336122142
  33     1      50               0       101.37686      94.3659337      35.5760361      1834.92499     0.153563355      0.14103568
          wgpu 1d 125g 239c x3w 9ms | egraph 30g->93v+0snap 9ms | graft 32 (-201n, 0 snap) cpu 0 | f64 20 | gen 0.2s
  34     0     100               0      238.105819      224.896847      51.5297529      5094.41189     0.360677262     0.336122142
  34     1      50               0      101.376861      94.3659319      35.5760319      1834.92503     0.153563356     0.141035678
          wgpu 1d 147g 293c x3w 4ms | egraph 34g->147v+0snap 9ms | graft 46 (-186n, 0 snap) cpu 0 | f64 20 | gen 0.2s
  35     0     100               0      238.105819      224.896847      51.5297529      5094.41189     0.360677262     0.336122142
  35     1      50               0      101.376861      94.3659319      35.5760319      1834.92503     0.153563356     0.141035678
          wgpu 1d 130g 290c x3w 3ms | egraph 38g->144v+0snap 10ms | graft 18 (-76n, 0 snap) cpu 0 | f64 20 | gen 0.2s
  36     0     100               0      238.105819      224.896847      51.5297529      5094.41189     0.360677262     0.336122142
  36     1      50               0      101.376861      94.3659319      35.5760319      1834.92503     0.153563356     0.141035678
          wgpu 1d 112g 272c x3w 4ms | egraph 22g->126v+0snap 6ms | graft 50 (-151n, 0 snap) cpu 0 | f64 20 | gen 0.2s
  37     0     100               0      238.105819      224.896847      51.5297529      5094.41189     0.360677262     0.336122142
  37     1      50               0       101.37686      94.3659337      35.5760361      1834.92499     0.153563355      0.14103568
          wgpu 1d 123g 259c x3w 3ms | egraph 32g->113v+0snap 10ms | graft 22 (-141n, 0 snap) cpu 0 | f64 20 | gen 0.2s
  38     0     100               0      238.105819      224.896847      51.5297529      5094.41189     0.360677262     0.336122142
  38     1      50               0      101.376861      94.3659319      35.5760319      1834.92503     0.153563356     0.141035678
          wgpu 1d 127g 276c x3w 4ms | egraph 25g->130v+0snap 9ms | graft 50 (-132n, 0 snap) cpu 0 | f64 20 | gen 0.2s
  39     0     100               0      238.105819      224.896847      51.5297529      5094.41189     0.360677262     0.336122142
  39     1      50               0       101.37686      94.3659337      35.5760361      1834.92499     0.153563355      0.14103568
          wgpu 1d 109g 279c x3w 3ms | egraph 27g->133v+0snap 7ms | graft 18 (-114n, 0 snap) cpu 0 | f64 20 | gen 0.2s
  40     0     100               0      238.105819      224.896847      51.5297529      5094.41189     0.360677262     0.336122142
  40     1      50               0      101.376861      94.3659319      35.5760319      1834.92503     0.153563356     0.141035678
          wgpu 1d 112g 271c x3w 3ms | egraph 25g->125v+0snap 7ms | graft 43 (-158n, 0 snap) cpu 0 | f64 20 | gen 0.2s
--------- pump migration: intra (promote-2 + intake-reset) ---------
  41     0     100               0      238.105819      224.896847      51.5297529      5094.41189     0.360677262     0.336122142
  41     1      50               0      101.376861      94.3659319      35.5760319      1834.92503     0.153563356     0.141035678
          wgpu 2d 312g 406c x3w 7ms | egraph 117g->180v+0snap 24ms | graft 59 (-276n, 0 snap) cpu 0 | f64 30 | gen 0.2s | dropped inexpr 4 oversz 0 unbuild 0 {}
  42     0     100               0      238.105819      224.896847      51.5297529      5094.41189     0.360677262     0.336122142
  42     1      50               0      101.376861      94.3659319      35.5760319      1834.92503     0.153563356     0.141035678
          wgpu 1d 120g 293c x3w 7ms | egraph 28g->147v+0snap 8ms | graft 54 (-218n, 0 snap) cpu 0 | f64 20 | gen 0.4s
  43     0     100               0      238.105819      224.896847      51.5297529      5094.41189     0.360677262     0.336122142
  43     1      50               0       101.37686      94.3659337      35.5760361      1834.92499     0.153563355      0.14103568
          wgpu 1d 142g 282c x3w 4ms | egraph 30g->136v+0snap 8ms | graft 26 (-191n, 0 snap) cpu 0 | f64 20 | gen 0.2s | dropped inexpr 1 oversz 0 unbuild 0 {}
  44     0     100               0      238.105819      224.896847      51.5297529      5094.41189     0.360677262     0.336122142
  44     1      50               0       101.37686      94.3659337      35.5760361      1834.92499     0.153563355      0.14103568
          wgpu 1d 126g 288c x3w 4ms | egraph 22g->142v+0snap 14ms | graft 27 (-184n, 0 snap) cpu 0 | f64 20 | gen 0.2s
  45     0     100               0      238.105819      224.896847      51.5297529      5094.41189     0.360677262     0.336122142
  45     1      50               0      101.376861      94.3659319      35.5760319      1834.92503     0.153563356     0.141035678
          wgpu 1d 102g 227c x3w 9ms | egraph 24g->81v+0snap 6ms | graft 14 (-74n, 0 snap) cpu 0 | f64 20 | gen 0.2s
  46     0     100               0      238.105819      224.896847      51.5297529      5094.41189     0.360677262     0.336122142
  46     1      50               0      101.376861      94.3659319      35.5760319      1834.92503     0.153563356     0.141035678
          wgpu 1d 109g 259c x3w 5ms | egraph 27g->113v+0snap 13ms | graft 17 (-131n, 0 snap) cpu 0 | f64 20 | gen 0.4s
  47     0     100               0      238.105819      224.896847      51.5297529      5094.41189     0.360677262     0.336122142
  47     1      50               0      101.376861      94.3659319      35.5760319      1834.92503     0.153563356     0.141035678
          wgpu 1d 123g 274c x3w 3ms | egraph 22g->128v+0snap 5ms | graft 43 (-168n, 0 snap) cpu 0 | f64 20 | gen 0.2s
  48     0     100               0      238.105819      224.896847      51.5297529      5094.41189     0.360677262     0.336122142
  48     1      50               0      101.376861      94.3659319      35.5760319      1834.92503     0.153563356     0.141035678
          wgpu 1d 121g 262c x3w 7ms | egraph 27g->116v+0snap 8ms | graft 40 (-161n, 0 snap) cpu 0 | f64 20 | gen 0.3s
  49     0     100               0      238.105819      224.896847      51.5297529      5094.41189     0.360677262     0.336122142
  49     1      50               0      101.376861      94.3659319      35.5760319      1834.92503     0.153563356     0.141035678
          wgpu 1d 114g 275c x3w 3ms | egraph 19g->129v+0snap 9ms | graft 49 (-159n, 0 snap) cpu 0 | f64 20 | gen 0.2s
  50     0     100               0      238.105819      224.896847      51.5297529      5094.41189     0.360677262     0.336122142
  50     1      50               0      101.376861      94.3659319      35.5760319      1834.92503     0.153563356     0.141035678
          wgpu 1d 112g 275c x3w 3ms | egraph 22g->129v+0snap 7ms | graft 52 (-172n, 0 snap) cpu 0 | f64 20 | gen 0.2s
--------- pump migration: intra (promote-2 + intake-reset) ---------
  51     0     100               0      238.105819      224.896847      51.5297529      5094.41189     0.360677262     0.336122142
  51     1      50               0       101.37686      94.3659337      35.5760361      1834.92499     0.153563355      0.14103568
          wgpu 2d 307g 381c x3w 7ms | egraph 111g->155v+0snap 24ms | graft 41 (-134n, 0 snap) cpu 0 | f64 30 | gen 0.2s | dropped inexpr 3 oversz 0 unbuild 0 {}
  52     0     100               0      238.105819      224.896847      51.5297529      5094.41189     0.360677262     0.336122142
  52     1      50               0       101.37686      94.3659337      35.5760361      1834.92499     0.153563355      0.14103568
          wgpu 1d 116g 282c x3w 4ms | egraph 23g->136v+0snap 8ms | graft 52 (-159n, 0 snap) cpu 0 | f64 20 | gen 0.2s
  53     0     100               0      238.105819      224.896847      51.5297529      5094.41189     0.360677262     0.336122142
  53     1      50               0       101.37686      94.3659337      35.5760361      1834.92499     0.153563355      0.14103568
          wgpu 1d 137g 268c x3w 9ms | egraph 27g->122v+0snap 7ms | graft 47 (-192n, 0 snap) cpu 0 | f64 20 | gen 0.2s
  54     0     100               0      238.105819      224.896847      51.5297529      5094.41189     0.360677262     0.336122142
  54     1      50               0       101.37686      94.3659337      35.5760361      1834.92499     0.153563355      0.14103568
          wgpu 1d 137g 291c x3w 4ms | egraph 34g->145v+0snap 9ms | graft 49 (-194n, 0 snap) cpu 0 | f64 20 | gen 0.2s
  55     0     100               0      238.105819      224.896847      51.5297529      5094.41189     0.360677262     0.336122142
  55     1      50               0      101.376861      94.3659319      35.5760319      1834.92503     0.153563356     0.141035678
          wgpu 1d 141g 277c x3w 4ms | egraph 31g->131v+0snap 7ms | graft 46 (-167n, 0 snap) cpu 0 | f64 20 | gen 0.3s | dropped inexpr 1 oversz 0 unbuild 0 {}
  56     0     100               0      238.105819      224.896847      51.5297529      5094.41189     0.360677262     0.336122142
  56     1      50               0      101.376861      94.3659319      35.5760319      1834.92503     0.153563356     0.141035678
          wgpu 1d 109g 276c x3w 3ms | egraph 22g->130v+0snap 7ms | graft 26 (-122n, 0 snap) cpu 0 | f64 20 | gen 0.2s
  57     0     100               0      238.105819      224.896847      51.5297529      5094.41189     0.360677262     0.336122142
  57     1      50               0      101.376861      94.3659319      35.5760319      1834.92503     0.153563356     0.141035678
          wgpu 1d 117g 274c x3w 3ms | egraph 20g->128v+0snap 5ms | graft 52 (-161n, 0 snap) cpu 0 | f64 20 | gen 0.2s
  58     0     100               0      238.105819      224.896847      51.5297529      5094.41189     0.360677262     0.336122142
  58     1      50               0       101.37686      94.3659337      35.5760361      1834.92499     0.153563355      0.14103568
          wgpu 1d 123g 263c x3w 3ms | egraph 27g->117v+0snap 6ms | graft 42 (-170n, 0 snap) cpu 0 | f64 20 | gen 0.2s
  59     0     100               0      238.105819      224.896847      51.5297529      5094.41189     0.360677262     0.336122142
  59     1      50               0       101.37686      94.3659337      35.5760361      1834.92499     0.153563355      0.14103568
          wgpu 1d 110g 245c x3w 3ms | egraph 23g->99v+0snap 5ms | graft 16 (-103n, 0 snap) cpu 0 | f64 20 | gen 0.2s
  60     0     100               0      238.105819      224.896847      51.5297529      5094.41189     0.360677262     0.336122142
  60     1      50               0      101.376861      94.3659319      35.5760319      1834.92503     0.153563356     0.141035678
          wgpu 1d 122g 252c x3w 6ms | egraph 29g->106v+0snap 7ms | graft 19 (-107n, 0 snap) cpu 0 | f64 20 | gen 0.2s
--------- pump migration: intra (promote-2 + intake-reset) + cross ---------
  61     0     100               0      238.105819      224.896847      51.5297529      5094.41189     0.360677262     0.336122142
  61     1      50               0       101.37686      94.3659337      35.5760361      1834.92499     0.153563355      0.14103568
          wgpu 2d 279g 393c x3w 8ms | egraph 92g->167v+0snap 29ms | graft 48 (-182n, 0 snap) cpu 0 | f64 30 | gen 0.2s | dropped inexpr 3 oversz 0 unbuild 0 {}
  62     0     100               0      238.105819      224.896847      51.5297529      5094.41189     0.360677262     0.336122142
  62     1      50               0      101.376861      94.3659319      35.5760319      1834.92503     0.153563356     0.141035678
          wgpu 1d 106g 259c x3w 3ms | egraph 25g->113v+0snap 7ms | graft 41 (-127n, 0 snap) cpu 0 | f64 20 | gen 0.2s
  63     0     100               0      238.105819      224.896847      51.5297529      5094.41189     0.360677262     0.336122142
  63     1      50               0       101.37686      94.3659337      35.5760361      1834.92499     0.153563355      0.14103568
          wgpu 1d 112g 279c x3w 4ms | egraph 29g->133v+0snap 6ms | graft 54 (-174n, 0 snap) cpu 0 | f64 20 | gen 0.2s
  64     0     100               0      238.105819      224.896847      51.5297529      5094.41189     0.360677262     0.336122142
  64     1      50               0       101.37686      94.3659337      35.5760361      1834.92499     0.153563355      0.14103568
          wgpu 1d 97g 214c x3w 3ms | egraph 24g->68v+0snap 9ms | graft 11 (-65n, 0 snap) cpu 0 | f64 20 | gen 0.2s
  65     0     100               0      238.105819      224.896847      51.5297529      5094.41189     0.360677262     0.336122142
  65     1      50               0       101.37686      94.3659337      35.5760361      1834.92499     0.153563355      0.14103568
          wgpu 1d 133g 268c x3w 3ms | egraph 30g->122v+0snap 7ms | graft 41 (-107n, 0 snap) cpu 0 | f64 20 | gen 0.2s
  66     0     100               0      238.105819      224.896847      51.5297529      5094.41189     0.360677262     0.336122142
  66     1      50               0       101.37686      94.3659337      35.5760361      1834.92499     0.153563355      0.14103568
          wgpu 1d 124g 240c x3w 3ms | egraph 38g->94v+0snap 7ms | graft 37 (-151n, 0 snap) cpu 0 | f64 20 | gen 0.2s
  67     0     100               0      238.105819      224.896847      51.5297529      5094.41189     0.360677262     0.336122142
  67     1      50               0       101.37686      94.3659337      35.5760361      1834.92499     0.153563355      0.14103568
          wgpu 1d 106g 287c x3w 7ms | egraph 19g->141v+0snap 5ms | graft 60 (-208n, 0 snap) cpu 0 | f64 20 | gen 0.2s
  68     0     100               0      238.105819      224.896847      51.5297529      5094.41189     0.360677262     0.336122142
  68     1      50               0       101.37686      94.3659337      35.5760361      1834.92499     0.153563355      0.14103568
          wgpu 1d 127g 245c x3w 3ms | egraph 34g->99v+0snap 7ms | graft 37 (-148n, 0 snap) cpu 0 | f64 20 | gen 0.2s | dropped inexpr 1 oversz 0 unbuild 0 {}
  69     0     100               0      238.105819      224.896847      51.5297529      5094.41189     0.360677262     0.336122142
  69     1      50               0       101.37686      94.3659337      35.5760361      1834.92499     0.153563355      0.14103568
          wgpu 1d 118g 266c x3w 3ms | egraph 28g->120v+0snap 8ms | graft 44 (-181n, 0 snap) cpu 0 | f64 20 | gen 0.2s | dropped inexpr 1 oversz 0 unbuild 0 {}
  70     0     100               0      238.105819      224.896847      51.5297529      5094.41189     0.360677262     0.336122142
  70     1      50               0      101.376861      94.3659319      35.5760319      1834.92503     0.153563356     0.141035678
          wgpu 1d 119g 268c x3w 3ms | egraph 23g->122v+0snap 6ms | graft 19 (-161n, 0 snap) cpu 0 | f64 20 | gen 0.2s | dropped inexpr 1 oversz 0 unbuild 0 {}
--------- pump migration: intra (promote-2 + intake-reset) ---------
  71     0     100               0      238.105819      224.896847      51.5297529      5094.41189     0.360677262     0.336122142
  71     1      50               0      101.376861      94.3659319      35.5760319      1834.92503     0.153563356     0.141035678
          wgpu 2d 327g 360c x3w 7ms | egraph 105g->134v+0snap 29ms | graft 34 (-168n, 0 snap) cpu 0 | f64 30 | gen 0.2s | dropped inexpr 2 oversz 0 unbuild 0 {}
  72     0     100               0      238.105819      224.896847      51.5297529      5094.41189     0.360677262     0.336122142
  72     1      50               0      101.376861      94.3659319      35.5760319      1834.92503     0.153563356     0.141035678
          wgpu 1d 116g 273c x3w 4ms | egraph 21g->127v+0snap 24ms | graft 21 (-120n, 0 snap) cpu 0 | f64 20 | gen 0.2s | dropped inexpr 1 oversz 0 unbuild 0 {}
  73     0     100               0      144.983492      130.880394      41.5644074      2083.08657     0.219617686     0.195608782
  73     1      50               0      101.376861      94.3659319      35.5760319      1834.92503     0.153563356     0.141035678
          wgpu 1d 124g 220c x3w 4ms | egraph 29g->74v+0snap 8ms | graft 10 (-49n, 0 snap) cpu 0 | f64 20 | gen 0.3s | dropped inexpr 1 oversz 0 unbuild 0 {}
  74     0     100               0      144.983492      130.880394      41.5644074      2083.08657     0.219617686     0.195608782
  74     1      50               0      101.376861      94.3659319      35.5760319      1834.92503     0.153563356     0.141035678
          wgpu 1d 133g 180c x3w 4ms | egraph 47g->34v+0snap 12ms | graft 6 (-24n, 0 snap) cpu 0 | f64 20 | gen 0.2s | dropped inexpr 1 oversz 0 unbuild 0 {}
  75     0     100               0      144.983492      130.880394      41.5644074      2083.08657     0.219617686     0.195608782
  75     1      50               0      101.376861      94.3659319      35.5760319      1834.92503     0.153563356     0.141035678
          wgpu 1d 109g 170c x3w 3ms | egraph 31g->24v+0snap 6ms | graft 3 (-8n, 0 snap) cpu 0 | f64 20 | gen 0.2s
  76     0     100               0      144.983492      130.880394      41.5644074      2083.08657     0.219617686     0.195608782
  76     1      50               0      101.376861      94.3659319      35.5760319      1834.92503     0.153563356     0.141035678
          wgpu 1d 124g 165c x3w 3ms | egraph 37g->19v+0snap 8ms | graft 3 (-10n, 0 snap) cpu 0 | f64 20 | gen 0.2s
  77     0     100               0      144.983492      130.880394      41.5644074      2083.08657     0.219617686     0.195608782
  77     1      50               0      101.376861      94.3659319      35.5760319      1834.92503     0.153563356     0.141035678
          wgpu 1d 125g 172c x3w 3ms | egraph 43g->26v+0snap 8ms | graft 1 (-3n, 0 snap) cpu 0 | f64 20 | gen 0.2s | dropped inexpr 3 oversz 0 unbuild 0 {}
  78     0     100               0      144.983492      130.880394      41.5644074      2083.08657     0.219617686     0.195608782
  78     1      50               0      101.376861      94.3659319      35.5760319      1834.92503     0.153563356     0.141035678
          wgpu 1d 120g 169c x3w 3ms | egraph 33g->23v+0snap 8ms | graft 2 (-13n, 0 snap) cpu 0 | f64 20 | gen 0.2s | dropped inexpr 1 oversz 0 unbuild 0 {}
  79     0     100               0      144.983492      130.880394      41.5644074      2083.08657     0.219617686     0.195608782
  79     1      50               0       101.37686      94.3659337      35.5760361      1834.92499     0.153563355      0.14103568
          wgpu 1d 130g 165c x3w 4ms | egraph 43g->19v+0snap 8ms | graft 2 (-4n, 0 snap) cpu 0 | f64 20 | gen 0.2s | dropped inexpr 1 oversz 0 unbuild 0 {}
  80     0     100               0      144.983492      130.880394      41.5644074      2083.08657     0.219617686     0.195608782
  80     1      50               0       101.37686      94.3659337      35.5760361      1834.92499     0.153563355      0.14103568
          wgpu 1d 113g 171c x3w 11ms | egraph 26g->25v+0snap 5ms | graft 0 (-0n, 0 snap) cpu 0 | f64 20 | gen 0.2s | dropped inexpr 2 oversz 0 unbuild 0 {}
--------- pump migration: intra (promote-2 + intake-reset) ---------
  81     0     100               0      144.983492      130.880394      41.5644074      2083.08657     0.219617686     0.195608782
  81     1      50               0      101.376861      94.3659319      35.5760319      1834.92503     0.153563356     0.141035678
          wgpu 2d 289g 316c x3w 7ms | egraph 96g->90v+0snap 21ms | graft 7 (-19n, 0 snap) cpu 0 | f64 30 | gen 0.2s | dropped inexpr 8 oversz 0 unbuild 0 {}
  82     0     100               0      137.949192      121.476651      40.9754725      2013.58379     0.208962289     0.181554312
  82     1      50               0      101.376861      94.3659319      35.5760319      1834.92503     0.153563356     0.141035678
          wgpu 1d 124g 173c x3w 3ms | egraph 45g->27v+0snap 9ms | graft 4 (-16n, 0 snap) cpu 0 | f64 20 | gen 0.3s
  83     0     100               0      137.949192      121.476651      40.9754725      2013.58379     0.208962289     0.181554312
  83     1      50               0      101.376861      94.3659319      35.5760319      1834.92503     0.153563356     0.141035678
          wgpu 1d 126g 162c x3w 3ms | egraph 55g->16v+0snap 12ms | graft 1 (-2n, 0 snap) cpu 0 | f64 20 | gen 0.2s
  84     0     100               0      137.949192      121.476651      40.9754725      2013.58379     0.208962289     0.181554312
  84     1      50               0      101.376861      94.3659319      35.5760319      1834.92503     0.153563356     0.141035678
          wgpu 1d 130g 171c x3w 3ms | egraph 54g->25v+0snap 10ms | graft 2 (-5n, 0 snap) cpu 0 | f64 20 | gen 0.5s | dropped inexpr 1 oversz 0 unbuild 0 {}
  85     0     100               0      137.949192      121.476651      40.9754725      2013.58379     0.208962289     0.181554312
  85     1      50               0      101.376861      94.3659319      35.5760319      1834.92503     0.153563356     0.141035678
          wgpu 1d 138g 164c x3w 4ms | egraph 57g->18v+0snap 11ms | graft 5 (-26n, 0 snap) cpu 0 | f64 20 | gen 0.3s
  86     0     100               0      137.949192      121.476651      40.9754725      2013.58379     0.208962289     0.181554312
  86     1      50               0      101.376861      94.3659319      35.5760319      1834.92503     0.153563356     0.141035678
          wgpu 1d 144g 171c x3w 4ms | egraph 38g->25v+0snap 11ms | graft 4 (-20n, 0 snap) cpu 0 | f64 20 | gen 0.3s | dropped inexpr 1 oversz 0 unbuild 0 {}
  87     0     100               0      137.949192      121.476651      40.9754725      2013.58379     0.208962289     0.181554312
  87     1      50               0      101.376861      94.3659319      35.5760319      1834.92503     0.153563356     0.141035678
          wgpu 1d 134g 164c x3w 3ms | egraph 33g->18v+0snap 8ms | graft 1 (-3n, 0 snap) cpu 0 | f64 20 | gen 0.2s
  88     0     100               0      137.949192      121.476651      40.9754725      2013.58379     0.208962289     0.181554312
  88     1      50               0      101.376861      94.3659319      35.5760319      1834.92503     0.153563356     0.141035678
          wgpu 1d 129g 171c x3w 3ms | egraph 34g->25v+0snap 10ms | graft 2 (-6n, 0 snap) cpu 0 | f64 20 | gen 0.3s
  89     0     100               0      137.949192      121.476651      40.9754725      2013.58379     0.208962289     0.181554312
  89     1      50               0       101.37686      94.3659337      35.5760361      1834.92499     0.153563355      0.14103568
          wgpu 1d 127g 170c x3w 3ms | egraph 38g->24v+0snap 9ms | graft 5 (-28n, 0 snap) cpu 0 | f64 20 | gen 0.2s
  90     0     100               0      137.949192      121.476651      40.9754725      2013.58379     0.208962289     0.181554312
  90     1      50               0       101.37686      94.3659337      35.5760361      1834.92499     0.153563355      0.14103568
          wgpu 1d 141g 166c x3w 3ms | egraph 47g->20v+0snap 10ms | graft 5 (-12n, 0 snap) cpu 0 | f64 20 | gen 0.2s
--------- pump migration: intra (promote-2 + intake-reset) + cross ---------
  91     0     100               0      137.949192      121.476651      40.9754725      2013.58379     0.208962289     0.181554312
  91     1      50               0       101.37686      94.3659337      35.5760361      1834.92499     0.153563355      0.14103568
          wgpu 2d 319g 316c x3w 7ms | egraph 127g->90v+0snap 29ms | graft 12 (-62n, 0 snap) cpu 0 | f64 30 | gen 0.2s | dropped inexpr 3 oversz 0 unbuild 0 {}
  92     0     100               0      137.949192      121.476651      40.9754725      2013.58379     0.208962289     0.181554312
  92     1      50               0       101.37686      94.3659337      35.5760361      1834.92499     0.153563355      0.14103568
          wgpu 1d 115g 164c x3w 3ms | egraph 31g->18v+0snap 6ms | graft 1 (-3n, 0 snap) cpu 0 | f64 20 | gen 0.2s
  93     0     100               0      137.949192      121.476651      40.9754725      2013.58379     0.208962289     0.181554312
  93     1      50               0      101.376861      94.3659319      35.5760319      1834.92503     0.153563356     0.141035678
          wgpu 1d 132g 168c x3w 3ms | egraph 29g->22v+0snap 7ms | graft 1 (-7n, 0 snap) cpu 0 | f64 20 | gen 0.2s
  94     0     100               0      137.949192      121.476651      40.9754725      2013.58379     0.208962289     0.181554312
  94     1      50               0      101.376861      94.3659319      35.5760319      1834.92503     0.153563356     0.141035678
          wgpu 1d 127g 167c x3w 3ms | egraph 36g->21v+0snap 7ms | graft 4 (-15n, 0 snap) cpu 0 | f64 20 | gen 0.2s
  95     0     100               0      137.949192      121.476651      40.9754725      2013.58379     0.208962289     0.181554312
  95     1      50               0      101.376861      94.3659319      35.5760319      1834.92503     0.153563356     0.141035678
          wgpu 1d 141g 172c x3w 3ms | egraph 35g->26v+0snap 8ms | graft 1 (-3n, 0 snap) cpu 0 | f64 20 | gen 0.2s | dropped inexpr 1 oversz 0 unbuild 0 {}
  96     0     100               0      137.949192      121.476651      40.9754725      2013.58379     0.208962289     0.181554312
  96     1      50               0      101.376861      94.3659319      35.5760319      1834.92503     0.153563356     0.141035678
          wgpu 1d 139g 175c x3w 3ms | egraph 33g->29v+0snap 7ms | graft 8 (-29n, 0 snap) cpu 0 | f64 20 | gen 0.2s
  97     0     100               0      137.949192      121.476651      40.9754725      2013.58379     0.208962289     0.181554312
  97     1      50               0      101.376861      94.3659319      35.5760319      1834.92503     0.153563356     0.141035678
          wgpu 1d 135g 171c x3w 4ms | egraph 26g->25v+0snap 7ms | graft 3 (-12n, 0 snap) cpu 0 | f64 20 | gen 0.2s
  98     0     100               0      137.949192      121.476651      40.9754725      2013.58379     0.208962289     0.181554312
  98     1      50               0      101.376861      94.3659319      35.5760319      1834.92503     0.153563356     0.141035678
          wgpu 1d 123g 166c x3w 3ms | egraph 23g->20v+0snap 12ms | graft 3 (-22n, 0 snap) cpu 0 | f64 20 | gen 0.3s
  99     0     100               0      137.949192      121.476651      40.9754725      2013.58379     0.208962289     0.181554312
  99     1      50               0       101.37686      94.3659337      35.5760361      1834.92499     0.153563355      0.14103568
          wgpu 1d 142g 174c x3w 3ms | egraph 27g->28v+0snap 6ms | graft 6 (-19n, 0 snap) cpu 0 | f64 20 | gen 0.3s | dropped inexpr 1 oversz 0 unbuild 0 {}
 100     0     100               0      137.949192      121.476651      40.9754725      2013.58379     0.208962289     0.181554312
 100     1      50               0      101.376861      94.3659319      35.5760319      1834.92503     0.153563356     0.141035678
          wgpu 1d 115g 169c x3w 3ms | egraph 25g->23v+0snap 14ms | graft 3 (-7n, 0 snap) cpu 0 | f64 20 | gen 0.2s
--------- pump migration: intra (promote-2 + intake-reset) ---------
 101     0     100               0      137.949192      121.476651      40.9754725      2013.58379     0.208962289     0.181554312
 101     1      50               0       101.37686      94.3659337      35.5760361      1834.92499     0.153563355      0.14103568
          wgpu 2d 313g 305c x3w 7ms | egraph 106g->79v+0snap 26ms | graft 8 (-32n, 0 snap) cpu 0 | f64 30 | gen 0.2s | dropped inexpr 5 oversz 0 unbuild 0 {}
 102     0     100               0      137.949192      121.476651      40.9754725      2013.58379     0.208962289     0.181554312
 102     1      50               0      101.376861      94.3659319      35.5760319      1834.92503     0.153563356     0.141035678
          wgpu 1d 106g 164c x3w 3ms | egraph 18g->18v+0snap 5ms | graft 6 (-18n, 0 snap) cpu 0 | f64 20 | gen 0.3s
 103     0     100               0      137.949192      121.476651      40.9754725      2013.58379     0.208962289     0.181554312
 103     1      50               0      101.376861      94.3659319      35.5760319      1834.92503     0.153563356     0.141035678
          wgpu 1d 136g 173c x3w 6ms | egraph 30g->27v+0snap 7ms | graft 5 (-36n, 0 snap) cpu 0 | f64 20 | gen 0.2s
 104     0     100               0      101.376861      94.3659319      35.5760319      1834.92503     0.153563356     0.141035678
 104     1      50               0      101.376861      94.3659319      35.5760319      1834.92503     0.153563356     0.141035678
          wgpu 1d 94g 169c x3w 3ms | egraph 20g->23v+0snap 5ms | graft 5 (-20n, 0 snap) cpu 0 | f64 20 | gen 0.2s
 105     0     100               0       101.37686      94.3659337      35.5760361      1834.92499     0.153563355      0.14103568
 105     1      50               0      101.376861      94.3659319      35.5760319      1834.92503     0.153563356     0.141035678
          wgpu 1d 78g 168c x3w 3ms | egraph 16g->22v+0snap 5ms | graft 1 (-2n, 0 snap) cpu 0 | f64 20 | gen 0.2s
 106     0     100               0       101.37686      94.3659337      35.5760361      1834.92499     0.153563355      0.14103568
 106     1      50               0      101.376861      94.3659319      35.5760319      1834.92503     0.153563356     0.141035678
          wgpu 1d 102g 193c x3w 3ms | egraph 32g->47v+0snap 9ms | graft 16 (-43n, 0 snap) cpu 0 | f64 20 | gen 0.4s
 107     0     100               0       101.37686      94.3659337      35.5760361      1834.92499     0.153563355      0.14103568
 107     1      50               0       101.37686      94.3659337      35.5760361      1834.92499     0.153563355      0.14103568
          wgpu 1d 95g 192c x3w 3ms | egraph 27g->46v+0snap 5ms | graft 18 (-48n, 0 snap) cpu 0 | f64 20 | gen 0.2s
 108     0     100               0       101.37686      94.3659337      35.5760361      1834.92499     0.153563355      0.14103568
 108     1      50               0      101.376861      94.3659319      35.5760319      1834.92503     0.153563356     0.141035678
          wgpu 1d 93g 182c x3w 3ms | egraph 25g->36v+0snap 16ms | graft 6 (-12n, 0 snap) cpu 0 | f64 20 | gen 0.4s | dropped inexpr 1 oversz 0 unbuild 0 {}
 109     0     100               0       92.210528      84.4561588      32.1455359      1732.74214     0.139678404     0.126224914
 109     1      50               0       101.37686      94.3659337      35.5760361      1834.92499     0.153563355      0.14103568
          wgpu 1d 113g 245c x3w 5ms | egraph 29g->99v+0snap 8ms | graft 35 (-73n, 0 snap) cpu 0 | f64 20 | gen 0.3s
 110     0     100               0       92.210528      84.4561588      32.1455359      1732.74214     0.139678404     0.126224914
 110     1      50               0      101.376861      94.3659319      35.5760319      1834.92503     0.153563356     0.141035678
          wgpu 1d 129g 264c x3w 4ms | egraph 36g->118v+0snap 10ms | graft 37 (-80n, 0 snap) cpu 0 | f64 20 | gen 0.2s | dropped inexpr 1 oversz 0 unbuild 0 {}
--------- pump migration: intra (promote-2 + intake-reset) ---------
 111     0     100               0       92.210528      84.4561588      32.1455359      1732.74214     0.139678404     0.126224914
 111     1      50               0      101.376861      94.3659319      35.5760319      1834.92503     0.153563356     0.141035678
          wgpu 2d 338g 398c x3w 10ms | egraph 125g->172v+0snap 28ms | graft 52 (-143n, 0 snap) cpu 0 | f64 30 | gen 0.2s | dropped inexpr 3 oversz 0 unbuild 0 {}
 112     0     100               0       92.210528      84.4561588      32.1455359      1732.74214     0.139678404     0.126224914
 112     1      50               0      101.376861      94.3659319      35.5760319      1834.92503     0.153563356     0.141035678
          wgpu 1d 151g 287c x3w 4ms | egraph 49g->141v+0snap 10ms | graft 35 (-75n, 0 snap) cpu 0 | f64 20 | gen 0.3s
 113     0     100               0      92.2105283      84.4561596      32.1455393      1732.74211     0.139678404     0.126224915
 113     1      50               0      101.376861      94.3659319      35.5760319      1834.92503     0.153563356     0.141035678
          wgpu 1d 110g 282c x3w 3ms | egraph 30g->136v+0snap 6ms | graft 48 (-114n, 0 snap) cpu 0 | f64 20 | gen 0.2s
 114     0     100               0      92.2105283      84.4561596      32.1455393      1732.74211     0.139678404     0.126224915
 114     1      50               0      101.376861      94.3659319      35.5760319      1834.92503     0.153563356     0.141035678
          wgpu 1d 120g 282c x3w 5ms | egraph 32g->136v+0snap 7ms | graft 42 (-86n, 0 snap) cpu 0 | f64 20 | gen 0.2s
 115     0     100               0      92.2105283      84.4561596      32.1455393      1732.74211     0.139678404     0.126224915
 115     1      50               0      101.376861      94.3659319      35.5760319      1834.92503     0.153563356     0.141035678
          wgpu 1d 119g 269c x3w 4ms | egraph 24g->123v+0snap 9ms | graft 42 (-97n, 0 snap) cpu 0 | f64 20 | gen 0.2s | dropped inexpr 1 oversz 0 unbuild 0 {}
 116     0     100               0      92.2105283      84.4561596      32.1455393      1732.74211     0.139678404     0.126224915
 116     1      50               0      101.376861      94.3659319      35.5760319      1834.92503     0.153563356     0.141035678
          wgpu 1d 134g 268c x3w 4ms | egraph 29g->122v+0snap 8ms | graft 36 (-80n, 0 snap) cpu 0 | f64 20 | gen 0.2s
 117     0     100               0       92.210528      84.4561588      32.1455359      1732.74214     0.139678404     0.126224914
 117     1      50               0      101.376861      94.3659319      35.5760319      1834.92503     0.153563356     0.141035678
          wgpu 1d 123g 268c x3w 6ms | egraph 32g->122v+0snap 8ms | graft 30 (-68n, 0 snap) cpu 0 | f64 20 | gen 0.2s
 118     0     100               0      92.2105283      84.4561596      32.1455393      1732.74211     0.139678404     0.126224915
 118     1      50               0      96.1257413      87.0424918      29.3144178      1701.74779      0.14560908     0.130090347
          wgpu 1d 123g 282c x3w 4ms | egraph 27g->136v+0snap 6ms | graft 42 (-94n, 0 snap) cpu 0 | f64 20 | gen 0.2s
 119     0     100               0      92.2105283      84.4561596      32.1455393      1732.74211     0.139678404     0.126224915
 119     1      50               0      101.376861      94.3659319      35.5760319      1834.92503     0.153563356     0.141035678
          wgpu 1d 146g 298c x3w 8ms | egraph 36g->152v+0snap 15ms | graft 56 (-125n, 0 snap) cpu 0 | f64 20 | gen 0.2s | dropped inexpr 1 oversz 0 unbuild 0 {}
 120     0     100               0      92.2105283      84.4561596      32.1455393      1732.74211     0.139678404     0.126224915
 120     1      50               0      101.376861      94.3659319      35.5760319      1834.92503     0.153563356     0.141035678
          wgpu 1d 153g 264c x3w 4ms | egraph 45g->118v+0snap 12ms | graft 32 (-70n, 0 snap) cpu 0 | f64 20 | gen 0.2s
--------- pump migration: intra (promote-2 + intake-reset) + cross ---------
 121     0     100               0      92.2105283      84.4561596      32.1455393      1732.74211     0.139678404     0.126224915
 121     1      50               0      92.2105283      84.4561596      32.1455393      1732.74211     0.139678404     0.126224915
          wgpu 2d 342g 472c x3w 8ms | egraph 120g->246v+0snap 29ms | graft 59 (-168n, 0 snap) cpu 0 | f64 30 | gen 0.3s | dropped inexpr 5 oversz 0 unbuild 0 {}
 122     0     100               0      92.2105283      84.4561596      32.1455393      1732.74211     0.139678404     0.126224915
 122     1      50               0      92.2105283      84.4561596      32.1455393      1732.74211     0.139678404     0.126224915
          wgpu 1d 166g 334c x3w 4ms | egraph 53g->188v+0snap 11ms | graft 63 (-148n, 0 snap) cpu 0 | f64 20 | gen 0.2s
 123     0     100               0      92.2105283      84.4561596      32.1455393      1732.74211     0.139678404     0.126224915
 123     1      50               0      96.1257413      87.0424918      29.3144178      1701.74779      0.14560908     0.130090347
          wgpu 1d 149g 302c x3w 3ms | egraph 36g->156v+0snap 9ms | graft 52 (-116n, 0 snap) cpu 0 | f64 20 | gen 0.4s
 124     0     100               0      39.0119307      34.7737744      17.8880208      720.164794    0.0590943825    0.0519715404
 124     1      50               0      96.1257413      87.0424918      29.3144178      1701.74779      0.14560908     0.130090347
          wgpu 1d 153g 301c x3w 6ms | egraph 48g->155v+0snap 11ms | graft 47 (-108n, 0 snap) cpu 0 | f64 20 | gen 0.3s
 125     0     100               0      39.0119307      34.7737744      17.8880208      720.164794    0.0590943825    0.0519715404
 125     1      50               0      96.1257413      87.0424918      29.3144178      1701.74779      0.14560908     0.130090347
          wgpu 1d 158g 305c x3w 4ms | egraph 54g->159v+0snap 12ms | graft 40 (-85n, 0 snap) cpu 0 | f64 20 | gen 0.3s
 126     0     100               0      92.2105283      84.4561596      32.1455393      1732.74211     0.139678404     0.126224915
 126     1      50               0      96.1257413      87.0424918      29.3144178      1701.74779      0.14560908     0.130090347
          wgpu 1d 182g 316c x3w 4ms | egraph 57g->170v+0snap 10ms | graft 48 (-104n, 0 snap) cpu 0 | f64 20 | gen 0.2s
 127     0     100               0      92.2105283      84.4561596      32.1455393      1732.74211     0.139678404     0.126224915
 127     1      50               0      85.6583151      75.8886716      27.7107232      1085.54901     0.129753261     0.113420278
          wgpu 1d 152g 295c x3w 4ms | egraph 50g->149v+0snap 10ms | graft 32 (-79n, 0 snap) cpu 0 | f64 20 | gen 0.2s | dropped inexpr 1 oversz 0 unbuild 0 {}
 128     0     100               0      26.0056045       22.201468      17.6494821      668.194509    0.0393926964    0.0331814567
 128     1      50               0      96.1257413      87.0424918      29.3144178      1701.74779      0.14560908     0.130090347
          wgpu 1d 188g 333c x3w 4ms | egraph 67g->187v+0snap 16ms | graft 48 (-108n, 0 snap) cpu 0 | f64 20 | gen 0.4s | dropped inexpr 2 oversz 0 unbuild 0 {}
 129     0     100               0      92.2105283      84.4561596      32.1455393      1732.74211     0.139678404     0.126224915
 129     1      50               0      96.1257413      87.0424918      29.3144178      1701.74779      0.14560908     0.130090347
          wgpu 1d 208g 370c x3w 4ms | egraph 70g->224v+0snap 15ms | graft 43 (-129n, 0 snap) cpu 0 | f64 20 | gen 0.3s | dropped inexpr 8 oversz 0 unbuild 0 {}
 130     0     100               0      92.2105283      84.4561596      32.1455393      1732.74211     0.139678404     0.126224915
 130     1      50               0      53.1049231      45.7824425      23.7382278      917.852814    0.0804421258    0.0684246705
          wgpu 1d 179g 323c x3w 4ms | egraph 41g->177v+0snap 13ms | graft 46 (-141n, 0 snap) cpu 0 | f64 20 | gen 0.2s | dropped inexpr 5 oversz 0 unbuild 0 {}
--------- pump migration: intra (promote-2 + intake-reset) ---------
 131     0     100               0      92.2105283      84.4561596      32.1455393      1732.74211     0.139678404     0.126224915
 131     1      50               0      53.1049231      45.7824425      23.7382278      917.852814    0.0804421258    0.0684246705
          wgpu 2d 431g 538c x3w 9ms | egraph 139g->312v+0snap 35ms | graft 53 (-209n, 0 snap) cpu 0 | f64 30 | gen 0.4s | dropped inexpr 8 oversz 0 unbuild 0 {}
 132     0     100               0      107.589094      108.235785      39.8971599      1801.70608     0.162973504     0.161765024
 132     1      50               0      53.1049231      45.7824425      23.7382278      917.852814    0.0804421258    0.0684246705
          wgpu 1d 235g 396c x3w 5ms | egraph 68g->250v+0snap 16ms | graft 48 (-127n, 0 snap) cpu 0 | f64 20 | gen 0.3s | dropped inexpr 4 oversz 0 unbuild 0 {}
 133     0     100               0      107.589094      108.235785      39.8971599      1801.70608     0.162973504     0.161765024
 133     1      50               0      53.1049231      45.7824425      23.7382278      917.852814    0.0804421258    0.0684246705
          wgpu 1d 202g 385c x3w 5ms | egraph 57g->239v+0snap 13ms | graft 45 (-129n, 0 snap) cpu 0 | f64 20 | gen 0.2s | dropped inexpr 3 oversz 0 unbuild 0 {}
 134     0     100               0      21.7301895      17.6788638      15.7786508      626.544667    0.0329163952    0.0264221472
 134     1      50               0      53.1049231      45.7824425      23.7382278      917.852814    0.0804421258    0.0684246705
          wgpu 1d 205g 432c x3w 5ms | egraph 54g->286v+0snap 20ms | graft 43 (-132n, 0 snap) cpu 0 | f64 20 | gen 0.5s | dropped inexpr 6 oversz 0 unbuild 0 {}
 135     0     100               0      21.0435449      17.5766922       14.915334      619.925003    0.0318762817    0.0262694453
 135     1      50               0      53.1049231      45.7824425      23.7382278      917.852814    0.0804421258    0.0684246705
          wgpu 1d 190g 360c x3w 4ms | egraph 67g->214v+0snap 14ms | graft 45 (-113n, 0 snap) cpu 0 | f64 20 | gen 0.4s | dropped inexpr 2 oversz 0 unbuild 0 {}
 136     0     100               0      21.0435449      17.5766922       14.915334      619.925003    0.0318762817    0.0262694453
 136     1      50               0       53.104921      45.7824448      23.7382321      917.852793    0.0804421228    0.0684246741
          wgpu 1d 178g 349c x3w 4ms | egraph 51g->203v+0snap 14ms | graft 35 (-77n, 0 snap) cpu 0 | f64 20 | gen 0.2s | dropped inexpr 3 oversz 0 unbuild 0 {}
 137     0     100               0      21.0435449      17.5766922       14.915334      619.925003    0.0318762817    0.0262694453
 137     1      50               0      53.1049231      45.7824425      23.7382278      917.852814    0.0804421258    0.0684246705
          wgpu 1d 165g 360c x3w 4ms | egraph 41g->214v+0snap 9ms | graft 42 (-106n, 0 snap) cpu 0 | f64 20 | gen 0.2s | dropped inexpr 2 oversz 0 unbuild 0 {}
 138     0     100               0      21.0435449      17.5766922       14.915334      619.925003    0.0318762817    0.0262694453
 138     1      50               0       53.104921      45.7824448      23.7382321      917.852793    0.0804421228    0.0684246741
          wgpu 1d 182g 358c x3w 4ms | egraph 48g->212v+0snap 10ms | graft 49 (-119n, 0 snap) cpu 0 | f64 20 | gen 0.3s | dropped inexpr 4 oversz 0 unbuild 0 {}
 139     0     100               0      21.0435449      17.5766922       14.915334      619.925003    0.0318762817    0.0262694453
 139     1      50               0      53.1049231      45.7824425      23.7382278      917.852814    0.0804421258    0.0684246705
          wgpu 1d 190g 350c x3w 4ms | egraph 52g->204v+0snap 13ms | graft 47 (-127n, 0 snap) cpu 0 | f64 20 | gen 0.3s | dropped inexpr 3 oversz 0 unbuild 0 {}
 140     0     100               0      21.0435449      17.5766922       14.915334      619.925003    0.0318762817    0.0262694453
 140     1      50               0      48.9825838      38.5228243      18.5992319      732.484267    0.0741977003    0.0575747255
          wgpu 1d 168g 343c x3w 4ms | egraph 40g->197v+0snap 8ms | graft 35 (-73n, 0 snap) cpu 0 | f64 20 | gen 0.2s | dropped inexpr 1 oversz 0 unbuild 0 {}
--------- pump migration: intra (promote-2 + intake-reset) ---------
 141     0     100               0      21.0435449      17.5766922       14.915334      619.925003    0.0318762817    0.0262694453
 141     1      50               0      21.0435449      17.5766922       14.915334      619.925003    0.0318762817    0.0262694453
          wgpu 2d 383g 535c x3w 8ms | egraph 122g->309v+0snap 24ms | graft 66 (-175n, 0 snap) cpu 0 | f64 30 | gen 0.2s | dropped inexpr 5 oversz 0 unbuild 0 {}
 142     0     100               0      21.0435449      17.5766922       14.915334      619.925003    0.0318762817    0.0262694453
 142     1      50               0      21.0435449      17.5766922       14.915334      619.925003    0.0318762817    0.0262694453
          wgpu 1d 188g 415c x3w 4ms | egraph 46g->269v+0snap 14ms | graft 48 (-109n, 0 snap) cpu 0 | f64 20 | gen 0.2s
 143     0     100               0      21.0435449      17.5766922       14.915334      619.925003    0.0318762817    0.0262694453
 143     1      50               0      21.0435449      17.5766922       14.915334      619.925003    0.0318762817    0.0262694453
          wgpu 1d 200g 421c x3w 5ms | egraph 37g->275v+0snap 20ms | graft 51 (-117n, 0 snap) cpu 0 | f64 20 | gen 0.4s
 144     0     100               0      21.0435449      17.5766922       14.915334      619.925003    0.0318762817    0.0262694453
 144     1      50               0      21.0435449      17.5766922       14.915334      619.925003    0.0318762817    0.0262694453
          wgpu 1d 205g 438c x3w 4ms | egraph 38g->292v+0snap 8ms | graft 56 (-125n, 0 snap) cpu 0 | f64 20 | gen 0.3s
 145     0     100               0      21.0435449      17.5766922       14.915334      619.925003    0.0318762817    0.0262694453
 145     1      50               0      21.0435449      17.5766922       14.915334      619.925003    0.0318762817    0.0262694453
          wgpu 1d 218g 430c x3w 5ms | egraph 44g->284v+0snap 10ms | graft 62 (-134n, 0 snap) cpu 0 | f64 20 | gen 0.2s
 146     0     100               0      21.0435449      17.5766922       14.915334      619.925003    0.0318762817    0.0262694453
 146     1      50               0      21.0435449      17.5766922       14.915334      619.925003    0.0318762817    0.0262694453
          wgpu 1d 211g 432c x3w 4ms | egraph 39g->286v+0snap 8ms | graft 52 (-121n, 0 snap) cpu 0 | f64 20 | gen 0.2s
 147     0     100               0      21.0435449      17.5766922       14.915334      619.925003    0.0318762817    0.0262694453
 147     1      50               0      21.0435449      17.5766922       14.915334      619.925003    0.0318762817    0.0262694453
          wgpu 1d 215g 438c x3w 9ms | egraph 47g->292v+0snap 10ms | graft 46 (-110n, 0 snap) cpu 0 | f64 20 | gen 0.4s
 148     0     100               0      21.0435449      17.5766922       14.915334      619.925003    0.0318762817    0.0262694453
 148     1      50               0      21.0435426      17.5766934      14.9153331      619.924989    0.0318762781    0.0262694472
          wgpu 1d 206g 445c x3w 5ms | egraph 46g->299v+0snap 10ms | graft 48 (-112n, 0 snap) cpu 0 | f64 20 | gen 0.4s
 149     0     100               0      21.0435449      17.5766922       14.915334      619.925003    0.0318762817    0.0262694453
 149     1      50               0      21.0435426      17.5766934      14.9153331      619.924989    0.0318762781    0.0262694472
          wgpu 1d 180g 436c x3w 4ms | egraph 42g->290v+0snap 9ms | graft 51 (-123n, 0 snap) cpu 0 | f64 20 | gen 0.2s | dropped inexpr 1 oversz 0 unbuild 0 {}
 150     0     100               0      21.0435449      17.5766922       14.915334      619.925003    0.0318762817    0.0262694453
 150     1      50               0      21.0435426      17.5766934      14.9153331      619.924989    0.0318762781    0.0262694472
          wgpu 1d 199g 431c x3w 4ms | egraph 45g->285v+0snap 9ms | graft 53 (-118n, 0 snap) cpu 0 | f64 20 | gen 0.3s
--------- pump migration: intra (promote-2 + intake-reset) + cross ---------
 151     0     100               0      21.0435449      17.5766922       14.915334      619.925003    0.0318762817    0.0262694453
 151     1      50               0      21.0435449      17.5766922       14.915334      619.925003    0.0318762817    0.0262694453
          wgpu 2d 379g 573c x3w 9ms | egraph 105g->347v+0snap 21ms | graft 70 (-175n, 0 snap) cpu 0 | f64 30 | gen 0.2s | dropped inexpr 6 oversz 0 unbuild 0 {}
 152     0     100               0      21.0435449      17.5766922       14.915334      619.925003    0.0318762817    0.0262694453
 152     1      50               0      21.0435449      17.5766922       14.915334      619.925003    0.0318762817    0.0262694453
          wgpu 1d 197g 441c x3w 4ms | egraph 36g->295v+0snap 8ms | graft 53 (-119n, 0 snap) cpu 0 | f64 20 | gen 0.2s
 153     0     100               0      21.0435449      17.5766922       14.915334      619.925003    0.0318762817    0.0262694453
 153     1      50               0      21.0435449      17.5766922       14.915334      619.925003    0.0318762817    0.0262694453
          wgpu 1d 215g 454c x3w 5ms | egraph 37g->308v+0snap 8ms | graft 59 (-138n, 0 snap) cpu 0 | f64 20 | gen 0.2s
 154     0     100               0      21.0435449      17.5766922       14.915334      619.925003    0.0318762817    0.0262694453
 154     1      50               0      21.0435449      17.5766922       14.915334      619.925003    0.0318762817    0.0262694453
          wgpu 1d 210g 463c x3w 5ms | egraph 45g->317v+0snap 12ms | graft 62 (-173n, 0 snap) cpu 0 | f64 20 | gen 0.4s
 155     0     100               0      21.0435449      17.5766922       14.915334      619.925003    0.0318762817    0.0262694453
 155     1      50               0      21.0435449      17.5766922       14.915334      619.925003    0.0318762817    0.0262694453
          wgpu 1d 190g 437c x3w 4ms | egraph 36g->291v+0snap 15ms | graft 49 (-147n, 0 snap) cpu 0 | f64 20 | gen 0.4s
 156     0     100               0      21.0435449      17.5766922       14.915334      619.925003    0.0318762817    0.0262694453
 156     1      50               0      21.0435449      17.5766922       14.915334      619.925003    0.0318762817    0.0262694453
          wgpu 1d 194g 445c x3w 4ms | egraph 44g->299v+0snap 10ms | graft 54 (-122n, 0 snap) cpu 0 | f64 20 | gen 0.2s
 157     0     100               0      21.0435449      17.5766922       14.915334      619.925003    0.0318762817    0.0262694453
 157     1      50               0      21.0435426      17.5766934      14.9153331      619.924989    0.0318762781    0.0262694472
          wgpu 1d 217g 457c x3w 4ms | egraph 45g->311v+0snap 10ms | graft 57 (-161n, 0 snap) cpu 0 | f64 20 | gen 0.2s
 158     0     100               0      21.0435449      17.5766922       14.915334      619.925003    0.0318762817    0.0262694453
 158     1      50               0      21.0435426      17.5766934      14.9153331      619.924989    0.0318762781    0.0262694472
          wgpu 1d 203g 447c x3w 5ms | egraph 31g->301v+0snap 14ms | graft 63 (-150n, 0 snap) cpu 0 | f64 20 | gen 0.2s
 159     0     100               0      21.0435449      17.5766922       14.915334      619.925003    0.0318762817    0.0262694453
 159     1      50               0      21.0435426      17.5766934      14.9153331      619.924989    0.0318762781    0.0262694472
          wgpu 1d 192g 462c x3w 9ms | egraph 38g->316v+0snap 8ms | graft 48 (-117n, 0 snap) cpu 0 | f64 20 | gen 0.3s
 160     0     100               0      21.0435449      17.5766922       14.915334      619.925003    0.0318762817    0.0262694453
 160     1      50               0      21.0435426      17.5766934      14.9153331      619.924989    0.0318762781    0.0262694472
          wgpu 1d 205g 445c x3w 5ms | egraph 38g->299v+0snap 9ms | graft 51 (-109n, 0 snap) cpu 0 | f64 20 | gen 0.5s
--------- pump migration: intra (promote-2 + intake-reset) ---------
 161     0     100               0      21.0435426      17.5766934      14.9153331      619.924989    0.0318762781    0.0262694472
 161     1      50               0      21.0435449      17.5766922       14.915334      619.925003    0.0318762817    0.0262694453
          wgpu 2d 390g 566c x3w 8ms | egraph 110g->340v+0snap 24ms | graft 50 (-129n, 0 snap) cpu 0 | f64 30 | gen 0.5s | dropped inexpr 2 oversz 0 unbuild 0 {}
 162     0     100               0      21.0435426      17.5766934      14.9153331      619.924989    0.0318762781    0.0262694472
 162     1      50               0      21.0435449      17.5766922       14.915334      619.925003    0.0318762817    0.0262694453
          wgpu 1d 251g 464c x3w 5ms | egraph 55g->318v+0snap 17ms | graft 52 (-123n, 0 snap) cpu 0 | f64 20 | gen 0.3s
 163     0     100               0      21.0435426      17.5766934      14.9153331      619.924989    0.0318762781    0.0262694472
 163     1      50               0      21.0435449      17.5766922       14.915334      619.925003    0.0318762817    0.0262694453
          wgpu 1d 227g 438c x3w 9ms | egraph 59g->292v+0snap 11ms | graft 60 (-129n, 0 snap) cpu 0 | f64 20 | gen 0.2s
 164     0     100               0      21.0435426      17.5766934      14.9153331      619.924989    0.0318762781    0.0262694472
 164     1      50               0      21.0435449      17.5766922       14.915334      619.925003    0.0318762817    0.0262694453
          wgpu 1d 227g 458c x3w 5ms | egraph 60g->312v+0snap 12ms | graft 61 (-139n, 0 snap) cpu 0 | f64 20 | gen 0.3s
 165     0     100               0      21.0435426      17.5766934      14.9153331      619.924989    0.0318762781    0.0262694472
 165     1      50               0      21.0435449      17.5766922       14.915334      619.925003    0.0318762817    0.0262694453
          wgpu 1d 234g 465c x3w 4ms | egraph 53g->319v+0snap 11ms | graft 51 (-120n, 0 snap) cpu 0 | f64 20 | gen 0.2s
 166     0     100               0      21.0435426      17.5766934      14.9153331      619.924989    0.0318762781    0.0262694472
 166     1      50               0      21.0435449      17.5766922       14.915334      619.925003    0.0318762817    0.0262694453
          wgpu 1d 229g 437c x3w 5ms | egraph 34g->291v+0snap 8ms | graft 59 (-135n, 0 snap) cpu 0 | f64 20 | gen 0.3s
 167     0     100               0      21.0435426      17.5766934      14.9153331      619.924989    0.0318762781    0.0262694472
 167     1      50               0      21.0435449      17.5766922       14.915334      619.925003    0.0318762817    0.0262694453
          wgpu 1d 198g 433c x3w 7ms | egraph 45g->287v+0snap 9ms | graft 48 (-101n, 0 snap) cpu 0 | f64 20 | gen 0.2s
 168     0     100               0      21.0435426      17.5766934      14.9153331      619.924989    0.0318762781    0.0262694472
 168     1      50               0      21.0435449      17.5766922       14.915334      619.925003    0.0318762817    0.0262694453
          wgpu 1d 222g 470c x3w 5ms | egraph 40g->324v+0snap 9ms | graft 48 (-108n, 0 snap) cpu 0 | f64 20 | gen 0.4s
 169     0     100               0      21.0435426      17.5766934      14.9153331      619.924989    0.0318762781    0.0262694472
 169     1      50               0      21.0435449      17.5766922       14.915334      619.925003    0.0318762817    0.0262694453
          wgpu 1d 206g 441c x3w 5ms | egraph 38g->295v+0snap 8ms | graft 51 (-115n, 0 snap) cpu 0 | f64 20 | gen 0.3s
 170     0     100               0      21.0435426      17.5766934      14.9153331      619.924989    0.0318762781    0.0262694472
 170     1      50               0      21.0435426      17.5766934      14.9153331      619.924989    0.0318762781    0.0262694472
          wgpu 1d 222g 461c x3w 5ms | egraph 48g->315v+0snap 13ms | graft 48 (-112n, 0 snap) cpu 0 | f64 20 | gen 0.4s
--------- pump migration: intra (promote-2 + intake-reset) ---------
 171     0     100               0      21.0435426      17.5766934      14.9153331      619.924989    0.0318762781    0.0262694472
 171     1      50               0      21.0435426      17.5766934      14.9153331      619.924989    0.0318762781    0.0262694472
          wgpu 2d 367g 558c x3w 8ms | egraph 99g->332v+0snap 23ms | graft 49 (-127n, 0 snap) cpu 0 | f64 30 | gen 0.2s | dropped inexpr 4 oversz 0 unbuild 0 {}
 172     0     100               0      21.0435426      17.5766934      14.9153331      619.924989    0.0318762781    0.0262694472
 172     1      50               0      21.0435426      17.5766934      14.9153331      619.924989    0.0318762781    0.0262694472
          wgpu 1d 204g 462c x3w 5ms | egraph 43g->316v+0snap 9ms | graft 54 (-128n, 0 snap) cpu 0 | f64 20 | gen 0.2s
 173     0     100               0      21.0435426      17.5766934      14.9153331      619.924989    0.0318762781    0.0262694472
 173     1      50               0      21.0435449      17.5766922       14.915334      619.925003    0.0318762817    0.0262694453
          wgpu 1d 179g 436c x3w 4ms | egraph 27g->290v+0snap 9ms | graft 49 (-105n, 0 snap) cpu 0 | f64 20 | gen 0.3s
 174     0     100               0      21.0435426      17.5766934      14.9153331      619.924989    0.0318762781    0.0262694472
 174     1      50               0      21.0435449      17.5766922       14.915334      619.925003    0.0318762817    0.0262694453
          wgpu 1d 245g 467c x3w 5ms | egraph 48g->321v+0snap 11ms | graft 51 (-128n, 0 snap) cpu 0 | f64 20 | gen 0.3s | dropped inexpr 1 oversz 0 unbuild 0 {}
 175     0     100               0      21.0435449      17.5766922       14.915334      619.925003    0.0318762817    0.0262694453
 175     1      50               0      21.0435449      17.5766922       14.915334      619.925003    0.0318762817    0.0262694453
          wgpu 1d 234g 465c x3w 5ms | egraph 40g->319v+0snap 8ms | graft 51 (-122n, 0 snap) cpu 0 | f64 20 | gen 0.2s
 176     0     100               0      21.0435426      17.5766934      14.9153331      619.924989    0.0318762781    0.0262694472
 176     1      50               0      21.0435449      17.5766922       14.915334      619.925003    0.0318762817    0.0262694453
          wgpu 1d 216g 450c x3w 9ms | egraph 42g->304v+0snap 9ms | graft 54 (-112n, 0 snap) cpu 0 | f64 20 | gen 0.2s | dropped inexpr 1 oversz 0 unbuild 0 {}
 177     0     100               0      21.0435449      17.5766922       14.915334      619.925003    0.0318762817    0.0262694453
 177     1      50               0      21.0435449      17.5766922       14.915334      619.925003    0.0318762817    0.0262694453
          wgpu 1d 210g 454c x3w 4ms | egraph 36g->308v+0snap 7ms | graft 59 (-125n, 0 snap) cpu 0 | f64 20 | gen 0.2s
 178     0     100               0      21.0435449      17.5766922       14.915334      619.925003    0.0318762817    0.0262694453
 178     1      50               0      21.0435449      17.5766922       14.915334      619.925003    0.0318762817    0.0262694453
          wgpu 1d 195g 441c x3w 5ms | egraph 42g->295v+0snap 16ms | graft 55 (-136n, 0 snap) cpu 0 | f64 20 | gen 0.3s
 179     0     100               0      21.0435449      17.5766922       14.915334      619.925003    0.0318762817    0.0262694453
 179     1      50               0      21.0435449      17.5766922       14.915334      619.925003    0.0318762817    0.0262694453
          wgpu 1d 212g 461c x3w 5ms | egraph 45g->315v+0snap 16ms | graft 64 (-169n, 0 snap) cpu 0 | f64 20 | gen 0.2s
 180     0     100               0      21.0435449      17.5766922       14.915334      619.925003    0.0318762817    0.0262694453
 180     1      50               0      21.0435449      17.5766922       14.915334      619.925003    0.0318762817    0.0262694453
          wgpu 1d 203g 461c x3w 4ms | egraph 40g->315v+0snap 9ms | graft 48 (-110n, 0 snap) cpu 0 | f64 20 | gen 0.2s
--------- pump migration: intra (promote-2 + intake-reset) + cross ---------
 181     0     100               0      21.0435449      17.5766922       14.915334      619.925003    0.0318762817    0.0262694453
 181     1      50               0      21.0435449      17.5766922       14.915334      619.925003    0.0318762817    0.0262694453
          wgpu 2d 410g 650c x3w 9ms | egraph 104g->424v+0snap 22ms | graft 63 (-171n, 0 snap) cpu 0 | f64 30 | gen 0.2s | dropped inexpr 5 oversz 0 unbuild 0 {}
 182     0     100               0      21.0435449      17.5766922       14.915334      619.925003    0.0318762817    0.0262694453
 182     1      50               0      21.0435449      17.5766922       14.915334      619.925003    0.0318762817    0.0262694453
          wgpu 1d 223g 466c x3w 5ms | egraph 52g->320v+0snap 10ms | graft 58 (-119n, 0 snap) cpu 0 | f64 20 | gen 0.2s
 183     0     100               0      21.0435426      17.5766934      14.9153331      619.924989    0.0318762781    0.0262694472
 183     1      50               0      21.0435449      17.5766922       14.915334      619.925003    0.0318762817    0.0262694453
          wgpu 1d 235g 484c x3w 5ms | egraph 69g->338v+0snap 13ms | graft 59 (-138n, 0 snap) cpu 0 | f64 20 | gen 0.3s
 184     0     100               0      21.0435449      17.5766922       14.915334      619.925003    0.0318762817    0.0262694453
 184     1      50               0      21.0435449      17.5766922       14.915334      619.925003    0.0318762817    0.0262694453
          wgpu 1d 247g 511c x3w 5ms | egraph 61g->365v+0snap 12ms | graft 57 (-122n, 0 snap) cpu 0 | f64 20 | gen 0.2s
 185     0     100               0      21.0435449      17.5766922       14.915334      619.925003    0.0318762817    0.0262694453
 185     1      50               0      21.0435449      17.5766922       14.915334      619.925003    0.0318762817    0.0262694453
          wgpu 1d 265g 481c x3w 6ms | egraph 55g->335v+0snap 12ms | graft 73 (-175n, 0 snap) cpu 0 | f64 20 | gen 0.2s | dropped inexpr 1 oversz 0 unbuild 0 {}
 186     0     100               0      21.0435449      17.5766922       14.915334      619.925003    0.0318762817    0.0262694453
 186     1      50               0      21.0435449      17.5766922       14.915334      619.925003    0.0318762817    0.0262694453
          wgpu 1d 276g 504c x3w 5ms | egraph 59g->358v+0snap 15ms | graft 66 (-157n, 0 snap) cpu 0 | f64 20 | gen 0.2s
 187     0     100               0      21.0435449      17.5766922       14.915334      619.925003    0.0318762817    0.0262694453
 187     1      50               0      21.0435449      17.5766922       14.915334      619.925003    0.0318762817    0.0262694453
          wgpu 1d 281g 482c x3w 6ms | egraph 57g->336v+0snap 13ms | graft 58 (-143n, 0 snap) cpu 0 | f64 20 | gen 0.3s
 188     0     100               0      21.0435449      17.5766922       14.915334      619.925003    0.0318762817    0.0262694453
 188     1      50               0      21.0435449      17.5766922       14.915334      619.925003    0.0318762817    0.0262694453
          wgpu 1d 248g 467c x3w 5ms | egraph 59g->321v+0snap 11ms | graft 61 (-150n, 0 snap) cpu 0 | f64 20 | gen 0.3s
 189     0     100               0      21.0435449      17.5766922       14.915334      619.925003    0.0318762817    0.0262694453
 189     1      50               0      21.0435449      17.5766922       14.915334      619.925003    0.0318762817    0.0262694453
          wgpu 1d 232g 505c x3w 8ms | egraph 48g->359v+0snap 14ms | graft 58 (-133n, 0 snap) cpu 0 | f64 20 | gen 0.2s | dropped inexpr 1 oversz 0 unbuild 0 {}
 190     0     100               0      21.0435449      17.5766922       14.915334      619.925003    0.0318762817    0.0262694453
 190     1      50               0      21.0435449      17.5766922       14.915334      619.925003    0.0318762817    0.0262694453
          wgpu 1d 277g 509c x3w 6ms | egraph 52g->363v+0snap 13ms | graft 57 (-130n, 0 snap) cpu 0 | f64 20 | gen 0.3s
--------- pump migration: intra (promote-2 + intake-reset) ---------
 191     0     100               0      21.0435449      17.5766922       14.915334      619.925003    0.0318762817    0.0262694453
 191     1      50               0      21.0435449      17.5766922       14.915334      619.925003    0.0318762817    0.0262694453
          wgpu 2d 469g 651c x3w 9ms | egraph 124g->425v+0snap 34ms | graft 73 (-215n, 0 snap) cpu 0 | f64 30 | gen 0.2s | dropped inexpr 1 oversz 0 unbuild 0 {}
 192     0     100               0      21.0435449      17.5766922       14.915334      619.925003    0.0318762817    0.0262694453
 192     1      50               0      21.0435449      17.5766922       14.915334      619.925003    0.0318762817    0.0262694453
          wgpu 1d 207g 440c x3w 4ms | egraph 30g->294v+0snap 12ms | graft 52 (-113n, 0 snap) cpu 0 | f64 20 | gen 0.2s
 193     0     100               0      21.0435449      17.5766922       14.915334      619.925003    0.0318762817    0.0262694453
 193     1      50               0      21.0435426      17.5766934      14.9153331      619.924989    0.0318762781    0.0262694472
          wgpu 1d 252g 475c x3w 5ms | egraph 51g->329v+0snap 11ms | graft 64 (-138n, 0 snap) cpu 0 | f64 20 | gen 0.2s
 194     0     100               0      21.0435449      17.5766922       14.915334      619.925003    0.0318762817    0.0262694453
 194     1      50               0      21.0435426      17.5766934      14.9153331      619.924989    0.0318762781    0.0262694472
          wgpu 1d 259g 473c x3w 5ms | egraph 49g->327v+0snap 10ms | graft 59 (-139n, 0 snap) cpu 0 | f64 20 | gen 0.2s | dropped inexpr 2 oversz 0 unbuild 0 {}
 195     0     100               0      21.0435449      17.5766922       14.915334      619.925003    0.0318762817    0.0262694453
 195     1      50               0      21.0435449      17.5766922       14.915334      619.925003    0.0318762817    0.0262694453
          wgpu 1d 245g 471c x3w 5ms | egraph 52g->325v+0snap 10ms | graft 59 (-145n, 0 snap) cpu 0 | f64 20 | gen 0.2s
 196     0     100               0      21.0435449      17.5766922       14.915334      619.925003    0.0318762817    0.0262694453
 196     1      50               0      21.0435449      17.5766922       14.915334      619.925003    0.0318762817    0.0262694453
          wgpu 1d 235g 481c x3w 5ms | egraph 49g->335v+0snap 10ms | graft 57 (-139n, 0 snap) cpu 0 | f64 20 | gen 0.3s | dropped inexpr 2 oversz 0 unbuild 0 {}
 197     0     100               0      21.0435449      17.5766922       14.915334      619.925003    0.0318762817    0.0262694453
 197     1      50               0      21.0435449      17.5766922       14.915334      619.925003    0.0318762817    0.0262694453
          wgpu 1d 221g 476c x3w 4ms | egraph 32g->330v+0snap 7ms | graft 53 (-111n, 0 snap) cpu 0 | f64 20 | gen 0.2s | dropped inexpr 1 oversz 0 unbuild 0 {}
 198     0     100               0      21.0435449      17.5766922       14.915334      619.925003    0.0318762817    0.0262694453
 198     1      50               0      21.0435449      17.5766922       14.915334      619.925003    0.0318762817    0.0262694453
          wgpu 1d 222g 481c x3w 5ms | egraph 35g->335v+0snap 11ms | graft 60 (-135n, 0 snap) cpu 0 | f64 20 | gen 0.3s
 199     0     100               0      21.0435449      17.5766922       14.915334      619.925003    0.0318762817    0.0262694453
 199     1      50               0      21.0435449      17.5766922       14.915334      619.925003    0.0318762817    0.0262694453
          wgpu 1d 251g 482c x3w 14ms | egraph 52g->336v+0snap 18ms | graft 53 (-142n, 0 snap) cpu 0 | f64 20 | gen 0.3s | dropped inexpr 1 oversz 0 unbuild 0 {}
 200     0     100               0      21.0435449      17.5766922       14.915334      619.925003    0.0318762817    0.0262694453
 200     1      50               0      21.0435449      17.5766922       14.915334      619.925003    0.0318762817    0.0262694453
          wgpu 1d 216g 467c x3w 5ms | egraph 47g->321v+0snap 9ms | graft 53 (-115n, 0 snap) cpu 0 | f64 20 | gen 0.2s
--------- pump migration: intra (promote-2 + intake-reset) ---------
 201     0     100               0      21.0435449      17.5766922       14.915334      619.925003    0.0318762817    0.0262694453
 201     1      50               0      21.0435449      17.5766922       14.915334      619.925003    0.0318762817    0.0262694453
          wgpu 2d 441g 604c x3w 9ms | egraph 126g->378v+0snap 46ms | graft 74 (-215n, 0 snap) cpu 0 | f64 30 | gen 0.5s | dropped inexpr 2 oversz 0 unbuild 0 {}
 202     0     100               0      21.0435449      17.5766922       14.915334      619.925003    0.0318762817    0.0262694453
 202     1      50               0      21.0435449      17.5766922       14.915334      619.925003    0.0318762817    0.0262694453
          wgpu 1d 222g 469c x3w 4ms | egraph 42g->323v+0snap 9ms | graft 66 (-164n, 0 snap) cpu 0 | f64 20 | gen 0.4s | dropped inexpr 1 oversz 0 unbuild 0 {}
 203     0     100               0      21.0435449      17.5766922       14.915334      619.925003    0.0318762817    0.0262694453
 203     1      50               0      21.0435449      17.5766922       14.915334      619.925003    0.0318762817    0.0262694453
          wgpu 1d 229g 484c x3w 5ms | egraph 33g->338v+0snap 8ms | graft 56 (-124n, 0 snap) cpu 0 | f64 20 | gen 0.4s
 204     0     100               0      21.0435449      17.5766922       14.915334      619.925003    0.0318762817    0.0262694453
 204     1      50               0      21.0435449      17.5766922       14.915334      619.925003    0.0318762817    0.0262694453
          wgpu 1d 238g 461c x3w 5ms | egraph 43g->315v+0snap 9ms | graft 51 (-130n, 0 snap) cpu 0 | f64 20 | gen 0.2s
 205     0     100               0      21.0435449      17.5766922       14.915334      619.925003    0.0318762817    0.0262694453
 205     1      50               0      21.0435426      17.5766934      14.9153331      619.924989    0.0318762781    0.0262694472
          wgpu 1d 217g 462c x3w 5ms | egraph 39g->316v+0snap 9ms | graft 50 (-110n, 0 snap) cpu 0 | f64 20 | gen 0.4s
 206     0     100               0      21.0435449      17.5766922       14.915334      619.925003    0.0318762817    0.0262694453
 206     1      50               0      21.0435449      17.5766922       14.915334      619.925003    0.0318762817    0.0262694453
          wgpu 1d 222g 438c x3w 10ms | egraph 35g->292v+0snap 13ms | graft 54 (-116n, 0 snap) cpu 0 | f64 20 | gen 0.3s
 207     0     100               0      21.0435449      17.5766922       14.915334      619.925003    0.0318762817    0.0262694453
 207     1      50               0      21.0435449      17.5766922       14.915334      619.925003    0.0318762817    0.0262694453
          wgpu 1d 250g 448c x3w 5ms | egraph 51g->302v+0snap 10ms | graft 54 (-119n, 0 snap) cpu 0 | f64 20 | gen 0.3s
 208     0     100               0      21.0435449      17.5766922       14.915334      619.925003    0.0318762817    0.0262694453
 208     1      50               0      21.0435449      17.5766922       14.915334      619.925003    0.0318762817    0.0262694453
          wgpu 1d 239g 449c x3w 5ms | egraph 45g->303v+0snap 10ms | graft 53 (-112n, 0 snap) cpu 0 | f64 20 | gen 0.2s
 209     0     100               0      21.0321407       17.555089      14.8442698      619.837835    0.0318590068    0.0262371581
 209     1      50               0      21.0435449      17.5766922       14.915334      619.925003    0.0318762817    0.0262694453
          wgpu 1d 200g 444c x3w 4ms | egraph 33g->298v+0snap 7ms | graft 58 (-133n, 0 snap) cpu 0 | f64 20 | gen 0.2s
 210     0     100               0      21.0321407       17.555089      14.8442698      619.837835    0.0318590068    0.0262371581
 210     1      50               0      21.0435449      17.5766922       14.915334      619.925003    0.0318762817    0.0262694453
          wgpu 1d 245g 443c x3w 5ms | egraph 63g->297v+0snap 13ms | graft 65 (-141n, 0 snap) cpu 0 | f64 20 | gen 0.4s
--------- pump migration: intra (promote-2 + intake-reset) + cross ---------
 211     0     100               0      21.0321407       17.555089      14.8442698      619.837835    0.0318590068    0.0262371581
 211     1      50               0      21.0435426      17.5766934      14.9153331      619.924989    0.0318762781    0.0262694472
          wgpu 2d 438g 582c x3w 9ms | egraph 132g->356v+0snap 28ms | graft 76 (-183n, 0 snap) cpu 0 | f64 30 | gen 0.6s | dropped inexpr 4 oversz 0 unbuild 0 {}
 212     0     100               0      21.0321407       17.555089      14.8442698      619.837835    0.0318590068    0.0262371581
 212     1      50               0      21.0435449      17.5766922       14.915334      619.925003    0.0318762817    0.0262694453
          wgpu 1d 264g 459c x3w 5ms | egraph 64g->313v+0snap 14ms | graft 71 (-174n, 0 snap) cpu 0 | f64 20 | gen 0.3s | dropped inexpr 2 oversz 0 unbuild 0 {}
 213     0     100               0      21.0321407       17.555089      14.8442698      619.837835    0.0318590068    0.0262371581
 213     1      50               0      21.0435449      17.5766922       14.915334      619.925003    0.0318762817    0.0262694453
          wgpu 1d 222g 439c x3w 5ms | egraph 49g->293v+0snap 9ms | graft 65 (-151n, 0 snap) cpu 0 | f64 20 | gen 0.3s | dropped inexpr 1 oversz 0 unbuild 0 {}
 214     0     100               0      21.0321407       17.555089      14.8442698      619.837835    0.0318590068    0.0262371581
 214     1      50               0      21.0435449      17.5766922       14.915334      619.925003    0.0318762817    0.0262694453
          wgpu 1d 235g 445c x3w 5ms | egraph 53g->299v+0snap 11ms | graft 74 (-163n, 0 snap) cpu 0 | f64 20 | gen 0.3s
 215     0     100               0      21.0321407       17.555089      14.8442698      619.837835    0.0318590068    0.0262371581
 215     1      50               0      21.0435449      17.5766922       14.915334      619.925003    0.0318762817    0.0262694453
          wgpu 1d 220g 447c x3w 5ms | egraph 37g->301v+0snap 9ms | graft 59 (-159n, 0 snap) cpu 0 | f64 20 | gen 0.3s | dropped inexpr 1 oversz 0 unbuild 0 {}
 216     0     100               0      21.0321407       17.555089      14.8442698      619.837835    0.0318590068    0.0262371581
 216     1      50               0      21.0435449      17.5766922       14.915334      619.925003    0.0318762817    0.0262694453
          wgpu 1d 228g 449c x3w 5ms | egraph 35g->303v+0snap 14ms | graft 67 (-159n, 0 snap) cpu 0 | f64 20 | gen 0.4s | dropped inexpr 1 oversz 0 unbuild 0 {}
 217     0     100               0      21.0321407       17.555089      14.8442698      619.837835    0.0318590068    0.0262371581
 217     1      50               0      21.0435449      17.5766922       14.915334      619.925003    0.0318762817    0.0262694453
          wgpu 1d 244g 449c x3w 5ms | egraph 47g->303v+0snap 11ms | graft 73 (-162n, 0 snap) cpu 0 | f64 20 | gen 0.5s
 218     0     100               0      21.0321407       17.555089      14.8442698      619.837835    0.0318590068    0.0262371581
 218     1      50               0      21.0435426      17.5766934      14.9153331      619.924989    0.0318762781    0.0262694472
          wgpu 1d 229g 424c x3w 5ms | egraph 48g->278v+0snap 9ms | graft 62 (-128n, 0 snap) cpu 0 | f64 20 | gen 0.4s
 219     0     100               0      21.0321407       17.555089      14.8442698      619.837835    0.0318590068    0.0262371581
 219     1      50               0      21.0435426      17.5766934      14.9153331      619.924989    0.0318762781    0.0262694472
          wgpu 1d 231g 443c x3w 15ms | egraph 42g->297v+0snap 11ms | graft 57 (-128n, 0 snap) cpu 0 | f64 20 | gen 0.4s | dropped inexpr 1 oversz 0 unbuild 0 {}
 220     0     100               0      21.0321407       17.555089      14.8442698      619.837835    0.0318590068    0.0262371581
 220     1      50               0      21.0435426      17.5766934      14.9153331      619.924989    0.0318762781    0.0262694472
          wgpu 1d 269g 452c x3w 5ms | egraph 59g->306v+0snap 18ms | graft 61 (-135n, 0 snap) cpu 0 | f64 20 | gen 0.5s | dropped inexpr 2 oversz 0 unbuild 0 {}
--------- pump migration: intra (promote-2 + intake-reset) ---------
 221     0     100               0      21.0321407       17.555089      14.8442698      619.837835    0.0318590068    0.0262371581
 221     1      50               0      21.0435426      17.5766934      14.9153331      619.924989    0.0318762781    0.0262694472
          wgpu 2d 438g 587c x3w 17ms | egraph 124g->361v+0snap 46ms | graft 70 (-159n, 0 snap) cpu 0 | f64 30 | gen 0.6s | dropped inexpr 6 oversz 0 unbuild 0 {}
 222     0     100               0      21.0321407       17.555089      14.8442698      619.837835    0.0318590068    0.0262371581
 222     1      50               0      21.0435426      17.5766934      14.9153331      619.924989    0.0318762781    0.0262694472
          wgpu 1d 234g 445c x3w 5ms | egraph 43g->299v+0snap 11ms | graft 63 (-133n, 0 snap) cpu 0 | f64 20 | gen 0.7s
 223     0     100               0      21.0321407       17.555089      14.8442698      619.837835    0.0318590068    0.0262371581
 223     1      50               0      21.0435426      17.5766934      14.9153331      619.924989    0.0318762781    0.0262694472
          wgpu 1d 231g 444c x3w 4ms | egraph 42g->298v+0snap 9ms | graft 68 (-152n, 0 snap) cpu 0 | f64 20 | gen 0.3s | dropped inexpr 4 oversz 0 unbuild 0 {}
 224     0     100               0      21.0321407       17.555089      14.8442698      619.837835    0.0318590068    0.0262371581
 224     1      50               0      21.0435426      17.5766934      14.9153331      619.924989    0.0318762781    0.0262694472
          wgpu 1d 249g 447c x3w 5ms | egraph 57g->301v+0snap 11ms | graft 65 (-146n, 0 snap) cpu 0 | f64 20 | gen 0.2s | dropped inexpr 3 oversz 0 unbuild 0 {}
 225     0     100               0      21.0321407       17.555089      14.8442698      619.837835    0.0318590068    0.0262371581
 225     1      50               0      21.0435426      17.5766934      14.9153331      619.924989    0.0318762781    0.0262694472
          wgpu 1d 262g 463c x3w 5ms | egraph 31g->317v+0snap 9ms | graft 58 (-139n, 0 snap) cpu 0 | f64 20 | gen 0.4s | dropped inexpr 1 oversz 0 unbuild 0 {}
 226     0     100               0      21.0321407       17.555089      14.8442698      619.837835    0.0318590068    0.0262371581
 226     1      50               0      21.0321407       17.555089      14.8442698      619.837835    0.0318590068    0.0262371581
          wgpu 1d 272g 467c x3w 5ms | egraph 53g->321v+0snap 11ms | graft 74 (-172n, 0 snap) cpu 0 | f64 20 | gen 0.3s | dropped inexpr 1 oversz 0 unbuild 0 {}
 227     0     100               0      21.0321407       17.555089      14.8442698      619.837835    0.0318590068    0.0262371581
 227     1      50               0      21.0321407       17.555089      14.8442698      619.837835    0.0318590068    0.0262371581
          wgpu 1d 280g 448c x3w 5ms | egraph 48g->302v+0snap 11ms | graft 72 (-165n, 0 snap) cpu 0 | f64 20 | gen 0.3s | dropped inexpr 1 oversz 0 unbuild 0 {}
 228     0     100               0      21.0321407       17.555089      14.8442698      619.837835    0.0318590068    0.0262371581
 228     1      50               0      21.0321407       17.555089      14.8442698      619.837835    0.0318590068    0.0262371581
          wgpu 1d 249g 440c x3w 5ms | egraph 43g->294v+0snap 24ms | graft 66 (-183n, 0 snap) cpu 0 | f64 20 | gen 0.5s | dropped inexpr 1 oversz 0 unbuild 0 {}
 229     0     100               0      21.0321407       17.555089      14.8442698      619.837835    0.0318590068    0.0262371581
 229     1      50               0      21.0321407       17.555089      14.8442698      619.837835    0.0318590068    0.0262371581
          wgpu 1d 246g 443c x3w 5ms | egraph 40g->297v+0snap 10ms | graft 78 (-190n, 0 snap) cpu 0 | f64 20 | gen 0.9s
 230     0     100               0      21.0321407       17.555089      14.8442698      619.837835    0.0318590068    0.0262371581
 230     1      50               0      21.0321407       17.555089      14.8442698      619.837835    0.0318590068    0.0262371581
          wgpu 1d 250g 455c x3w 5ms | egraph 47g->309v+0snap 16ms | graft 66 (-137n, 0 snap) cpu 0 | f64 20 | gen 0.7s | dropped inexpr 1 oversz 0 unbuild 0 {}
--------- pump migration: intra (promote-2 + intake-reset) ---------
 231     0     100               0      21.0321407       17.555089      14.8442698      619.837835    0.0318590068    0.0262371581
 231     1      50               0      21.0321407       17.555089      14.8442698      619.837835    0.0318590068    0.0262371581
          wgpu 2d 424g 585c x3w 9ms | egraph 104g->359v+0snap 25ms | graft 81 (-208n, 0 snap) cpu 0 | f64 30 | gen 0.3s | dropped inexpr 4 oversz 0 unbuild 0 {}
 232     0     100               0      21.0321407       17.555089      14.8442698      619.837835    0.0318590068    0.0262371581
 232     1      50               0      21.0321407       17.555089      14.8442698      619.837835    0.0318590068    0.0262371581
          wgpu 1d 259g 475c x3w 5ms | egraph 51g->329v+0snap 12ms | graft 69 (-162n, 0 snap) cpu 0 | f64 20 | gen 0.6s | dropped inexpr 1 oversz 0 unbuild 0 {}
 233     0     100               0      21.0321407       17.555089      14.8442698      619.837835    0.0318590068    0.0262371581
 233     1      50               0      21.0321407       17.555089      14.8442698      619.837835    0.0318590068    0.0262371581
          wgpu 1d 242g 448c x3w 5ms | egraph 46g->302v+0snap 11ms | graft 73 (-160n, 0 snap) cpu 0 | f64 20 | gen 0.3s | dropped inexpr 1 oversz 0 unbuild 0 {}
 234     0     100               0      21.0321407       17.555089      14.8442698      619.837835    0.0318590068    0.0262371581
 234     1      50               0      21.0321407       17.555089      14.8442698      619.837835    0.0318590068    0.0262371581
          wgpu 1d 262g 470c x3w 5ms | egraph 41g->324v+0snap 16ms | graft 72 (-174n, 0 snap) cpu 0 | f64 20 | gen 0.5s
 235     0     100               0      21.0321407       17.555089      14.8442698      619.837835    0.0318590068    0.0262371581
 235     1      50               0      21.0321407       17.555089      14.8442698      619.837835    0.0318590068    0.0262371581
          wgpu 1d 235g 440c x3w 5ms | egraph 43g->294v+0snap 10ms | graft 77 (-218n, 0 snap) cpu 0 | f64 20 | gen 0.4s | dropped inexpr 2 oversz 0 unbuild 0 {}
 236     0     100               0      21.0321407       17.555089      14.8442698      619.837835    0.0318590068    0.0262371581
 236     1      50               0       12.486669      9.67738505      11.4973617      187.091615    0.0189145213     0.014463446
          wgpu 1d 265g 456c x3w 5ms | egraph 45g->310v+0snap 11ms | graft 73 (-220n, 0 snap) cpu 0 | f64 20 | gen 0.5s | dropped inexpr 1 oversz 0 unbuild 0 {}
 237     0     100               0      21.0321407       17.555089      14.8442698      619.837835    0.0318590068    0.0262371581
 237     1      50               0       12.486669      9.67738505      11.4973617      187.091615    0.0189145213     0.014463446
          wgpu 1d 266g 458c x3w 5ms | egraph 47g->312v+0snap 12ms | graft 71 (-217n, 0 snap) cpu 0 | f64 20 | gen 0.6s
 238     0     100               0      21.0321407       17.555089      14.8442698      619.837835    0.0318590068    0.0262371581
 238     1      50               0       12.486669      9.67738505      11.4973617      187.091615    0.0189145213     0.014463446
          wgpu 1d 219g 447c x3w 5ms | egraph 39g->301v+0snap 9ms | graft 69 (-183n, 0 snap) cpu 0 | f64 20 | gen 0.6s
 239     0     100               0      21.0321407       17.555089      14.8442698      619.837835    0.0318590068    0.0262371581
 239     1      50               0       12.486669      9.67738505      11.4973617      187.091615    0.0189145213     0.014463446
          wgpu 1d 212g 417c x3w 5ms | egraph 44g->271v+0snap 10ms | graft 63 (-187n, 0 snap) cpu 0 | f64 20 | gen 0.5s | dropped inexpr 1 oversz 0 unbuild 0 {}
 240     0     100               0      21.0321407       17.555089      14.8442698      619.837835    0.0318590068    0.0262371581
 240     1      50               0      2.65419484      2.58470644      4.03969215      12.6466716   0.00402051379   0.00386300244
          wgpu 1d 223g 351c x3w 5ms | egraph 57g->205v+0snap 12ms | graft 55 (-143n, 0 snap) cpu 0 | f64 20 | gen 0.5s
--------- pump migration: intra (promote-2 + intake-reset) + cross ---------
 241     0     100               0      21.0321407       17.555089      14.8442698      619.837835    0.0318590068    0.0262371581
 241     1      50               0      2.65419484      2.58470644      4.03969215      12.6466716   0.00402051379   0.00386300244
          wgpu 2d 395g 533c x3w 8ms | egraph 107g->307v+0snap 24ms | graft 88 (-230n, 0 snap) cpu 0 | f64 30 | gen 0.3s | dropped inexpr 1 oversz 0 unbuild 0 {}
 242     0     100               0      21.0321407       17.555089      14.8442698      619.837835    0.0318590068    0.0262371581
 242     1      50               0     0.227458133     0.188910256      1.43161536       6.0308928  0.000344548391  0.000282337974
          wgpu 1d 230g 386c x3w 4ms | egraph 44g->240v+0snap 10ms | graft 56 (-128n, 0 snap) cpu 0 | f64 20 | gen 0.6s | dropped inexpr 1 oversz 0 unbuild 0 {}
 243     0     100               0      21.0321407       17.555089      14.8442698      619.837835    0.0318590068    0.0262371581
 243     1      50               0      2.65419484      2.58470644      4.03969215      12.6466716   0.00402051379   0.00386300244
          wgpu 1d 219g 378c x3w 4ms | egraph 55g->232v+0snap 11ms | graft 68 (-151n, 0 snap) cpu 0 | f64 20 | gen 0.4s
 244     0     100               0      21.0321407       17.555089      14.8442698      619.837835    0.0318590068    0.0262371581
 244     1      50               0      2.65419484      2.58470644      4.03969215      12.6466716   0.00402051379   0.00386300244
          wgpu 1d 232g 391c x3w 4ms | egraph 49g->245v+0snap 11ms | graft 65 (-171n, 0 snap) cpu 0 | f64 20 | gen 0.6s | dropped inexpr 3 oversz 0 unbuild 0 {}
 245     0     100               0      21.0321407       17.555089      14.8442698      619.837835    0.0318590068    0.0262371581
 245     1      50               0     0.227458133     0.188910256      1.43161536       6.0308928  0.000344548391  0.000282337974
          wgpu 1d 222g 378c x3w 5ms | egraph 45g->232v+0snap 10ms | graft 50 (-115n, 0 snap) cpu 0 | f64 20 | gen 0.5s | dropped inexpr 1 oversz 0 unbuild 0 {}
 246     0     100               0      21.0321407       17.555089      14.8442698      619.837835    0.0318590068    0.0262371581
 246     1      50               0     0.227458133     0.188910256      1.43161536       6.0308928  0.000344548391  0.000282337974
          wgpu 1d 231g 399c x3w 5ms | egraph 48g->253v+0snap 11ms | graft 57 (-160n, 0 snap) cpu 0 | f64 20 | gen 0.5s
 247     0     100               0      21.0321407       17.555089      14.8442698      619.837835    0.0318590068    0.0262371581
 247     1      50               0     0.227458133     0.188910256      1.43161536       6.0308928  0.000344548391  0.000282337974
          wgpu 1d 284g 399c x3w 5ms | egraph 67g->253v+0snap 16ms | graft 62 (-144n, 0 snap) cpu 0 | f64 20 | gen 0.4s | dropped inexpr 2 oversz 0 unbuild 0 {}
 248     0     100               0      21.0321407       17.555089      14.8442698      619.837835    0.0318590068    0.0262371581
 248     1      50               0     0.163166003     0.174842553     0.993730363     0.377906772  0.000247160138  0.000261312927
          wgpu 1d 221g 388c x3w 5ms | egraph 38g->242v+0snap 15ms | graft 63 (-140n, 0 snap) cpu 0 | f64 20 | gen 0.6s
 249     0     100               0      21.0321407       17.555089      14.8442698      619.837835    0.0318590068    0.0262371581
 249     1      50               0     0.227458133     0.188910256      1.43161536       6.0308928  0.000344548391  0.000282337974
          wgpu 1d 235g 393c x3w 5ms | egraph 43g->247v+0snap 9ms | graft 58 (-128n, 0 snap) cpu 0 | f64 20 | gen 0.3s | dropped inexpr 1 oversz 0 unbuild 0 {}
 250     0     100               0      21.0321407       17.555089      14.8442698      619.837835    0.0318590068    0.0262371581
 250     1      50               0     0.227458133     0.188910256      1.43161536       6.0308928  0.000344548391  0.000282337974
          wgpu 1d 230g 382c x3w 5ms | egraph 43g->236v+0snap 11ms | graft 53 (-136n, 0 snap) cpu 0 | f64 20 | gen 0.4s | dropped inexpr 2 oversz 0 unbuild 0 {}
--------- pump migration: intra (promote-2 + intake-reset) ---------
 251     0     100               0      21.0321407       17.555089      14.8442698      619.837835    0.0318590068    0.0262371581
 251     1      50               0  1.17396696e-29  1.07049812e-29  1.42108547e-14  9.91231018e-29  1.77829837e-32  1.59992514e-32
          wgpu 2d 407g 543c x3w 8ms | egraph 92g->317v+0snap 35ms | graft 77 (-228n, 0 snap) cpu 0 | f64 30 | gen 0.4s | dropped inexpr 0 oversz 0 unbuild 1 {'length': 1}

*** Early stop at generation 251: best val_R² = 1.0000000000 ≥ 0.9999999990, holdout_R² = 1.0000000000 confirmed

This sub-run: 2026-09-19 07:36:57.810875 → 2026-09-19 07:38:11.545165
Now at generation 251 (HOF size: 31)
[join] 277 dispatches, 48,802 genes, 267,183 candidates scored in 1.26s GPU+host; e-graph 11,925 trees -> 50,265 variants + 0 snaps in 3.12s; 10,127 grafts (0 snap), 28,377 nodes removed; cpu-path individuals 0, f64-rejected 0, snaps refused for naming an input 0
[join]   inexpressible:    242  no pset token for semantic id "pow" with arity 2
[join]   unbuildable:      1  length
  HFF-chosen LSM kept: a=1, b=0
Chromosome wrapper: id=0  →  identity
hof[0] runtime val: mse=1.070e-29  R²=1.000000
Pre-snap expression (after sympify + LSM compose):
  1.0*v*sin(theta)*Abs(m*r)

Per-level snap results (before MSE scoring):
  strict      →  m*r*v*sin(theta)
  default     →  m*r*v*sin(theta)
  aggressive  →  m*r*v*sin(theta)

Snap-level comparison (sorted by holdout MSE, lowest first)
------------------------------------------------------------------------------------------
  level       MSE            R²         expression                                        
------------------------------------------------------------------------------------------
★ strict      1.274e-29      1.0000     m*r*v*sin(theta)                                  
  default     1.274e-29      1.0000     m*r*v*sin(theta)                                  
  aggressive  1.274e-29      1.0000     m*r*v*sin(theta)                                  

Winning snap level: 'strict'  →  m*r*v*sin(theta)

Canonical discovered expression: m*r*v*sin(theta)
[38;2;0;50;255m
############################################################ [38;2;255;255;255m
[38;2;0;50;255m Equation Recovery: I_18_14 [38;2;255;255;255m
[38;2;0;50;255m Truth: m*r*v*sin(theta) [38;2;255;255;255m
[38;2;0;50;255m [38;2;255;255;255m
[38;2;255;0;255m     Exact recovery     : True [38;2;255;255;255m
[38;2;255;0;255m     Numerical recovery : True (max rel_err 0.00e+00 on 10k samples) [38;2;255;255;255m
[38;2;255;0;255m     Discovered         : m*r*v*sin(theta) [38;2;255;255;255m
[38;2;255;0;255m     LSM (a, b)         : (1, 0) [38;2;255;255;255m
[38;2;0;50;255m
############################################################ [38;2;255;255;255m
In-range holdout : MSE=1.555e-29  MAE=1.667e-15  R²=1.0000
Extrapolation    : MSE=9.912e-29  MAE=3.303e-15  R²=1.0000

Top 10 HOF models (north_pole=truenorth) (★ = Pareto-optimal)
(deduped HOF: 11 unique chromosomes from 31 raw HOF entries)
 ----------------------------------------------------------------------------------------------------------------
       model     wrapper      length   train_mse     val_mse     max_err    train_r2      val_r2 angular_distance
 ----------------------------------------------------------------------------------------------------------------
★           0    identity          39      0.0000      0.0000      0.0000      1.0000      1.0000      0.0000
           24    identity          10    149.5552    136.8951     41.9113      0.7735      0.7954      0.9744
           22    identity           7    149.5552    136.8951     41.9113      0.7735      0.7954      0.9744
           20    identity           7    149.5552    136.8951     41.9113      0.7735      0.7954      0.9744
           29    identity           8    149.5552    136.8951     41.9113      0.7735      0.7954      0.9744
            9    identity           8    149.5552    136.8951     41.9113      0.7735      0.7954      0.9744
           15    identity           7    149.5552    136.8951     41.9113      0.7735      0.7954      0.9744
            2    identity           7    149.5552    136.8951     41.9113      0.7735      0.7954      0.9744
           28    identity           7    149.5552    136.8951     41.9113      0.7735      0.7954      0.9744
           12    identity           7    149.5552    136.8951     41.9113      0.7735      0.7954      0.9744

Pareto-optimal in top 10: 1    Pareto-optimal in full HOF: 1 / 11

Recovery sweep across 11/11 unique HOF chromosomes (capped):
  Structural / exact     : 1/11  (9.1%)
  Numerical (≤1e-6 err)  : 1/11  (9.1%)
{
    "date": "2026/09/19",
    "seed": "5",
    "task": "equation_recovery",
    "north_pole_method": "truenorth",
    "hff_include_val": true,
    "problem": "I_18_14",
    "truth_expr": "m*r*v*sin(theta)",
    "final_terminal_inputs": [
        "m",
        "r",
        "v",
        "theta"
    ],
    "wide_primitives": true,
    "head_length": "48",
    "n_genes": "3",
    "rnc_array_length": "10",
    "tournament size": "intake=8, champion=5",
    "population size": "150",
    "population per island": "intake=100, champion=50",
    "gpu_join": true,
    "rule_families": "generic",
    "eclass_k": 8,
    "number of elites": "2",
    "number of generations": "400",
    "number of islands": "2",
    "migration FREQ": "30",
    "wrapper_id": 0,
    "wrapper_name": "identity",
    "won_via": "evolved",
    "recovery_exact": true,
    "recovery_numerical": true,
    "recovery_max_rel_err": 0.0,
    "discovered_expr": "m*r*v*sin(theta)",
    "holdout_mse": 1.5552026819742815e-29,
    "holdout_r2": 1.0,
    "extrap_mse": 9.912310179879766e-29,
    "extrap_r2": 1.0,
    "hof_size": 11,
    "hof_exact_recoveries": 1,
    "hof_numerical_recoveries": 1
}
