/opt/anaconda3/lib/python3.12/site-packages/geppy/__init__.py:26: UserWarning: pkg_resources is deprecated as an API. See https://setuptools.pypa.io/en/latest/pkg_resources.html. The pkg_resources package is slated for removal as early as 2025-11-30. Refrain from using this package or pin to Setuptools<81.
  from pkg_resources import get_distribution, DistributionNotFound
hff library OK (test fitness: (0.1415394733244273,))
registry: ['circle_area', 'gravity', 'coulomb', 'pendulum', 'keplers3', 'ideal_gas', 'I_6_2a', 'I_6_2', 'I_6_2b', 'I_8_14', 'I_9_18', 'I_10_7', 'I_11_19', 'I_12_1', 'I_12_2', 'I_12_4', 'I_12_5', 'I_12_11', 'I_13_4', 'I_13_12', 'I_14_3', 'I_14_4', 'I_15_3x', 'I_15_3t', 'I_15_1', 'I_16_6', 'I_18_4', 'I_18_12', 'I_18_14', 'I_24_6', 'I_25_13', 'I_26_2', 'I_27_6', 'I_29_4', 'I_29_16', 'I_30_3', 'I_30_5', 'I_32_5', 'I_32_17', 'I_34_8', 'I_34_1', 'I_34_14', 'I_34_27', 'I_37_4', 'I_38_12', 'I_39_1', 'I_39_11', 'I_39_22', 'I_40_1', 'I_41_16', 'I_43_16', 'I_43_31', 'I_43_43', 'I_44_4', 'I_47_23', 'I_48_2', 'I_50_26', 'II_2_42', 'II_3_24', 'II_4_23', 'II_6_11', 'II_6_15a', 'II_6_15b', 'II_8_7', 'II_8_31', 'II_10_9', 'II_11_3', 'II_11_17', 'II_11_20', 'II_11_27', 'II_11_28', 'II_13_17', 'II_13_23', 'II_13_34', 'II_15_4', 'II_15_5', 'II_21_32', 'II_24_17', 'II_27_16', 'II_27_18', 'II_34_2a', 'II_34_2', 'II_34_11', 'II_34_29a', 'II_34_29b', 'II_35_18', 'II_35_21', 'II_36_38', 'II_37_1', 'II_38_3', 'II_38_14', 'III_4_32', 'III_4_33', 'III_7_38', 'III_8_54', 'III_9_52', 'III_10_19', 'III_12_43', 'III_13_18', 'III_14_14', 'III_15_12', 'III_15_14', 'III_15_27', 'III_17_37', 'III_19_51', 'III_21_20', 'test_1', 'test_2', 'test_3', 'test_4', 'test_5', 'test_6', 'test_7', 'test_8', 'test_9', 'test_10', 'test_11', 'test_12', 'test_13', 'test_14', 'test_15', 'test_16', 'test_17', 'test_18', 'test_19', 'test_20']
[feynman override] head_length=48 (keep n_genes=3, avgval linker)
Selected problem: I_43_43
  Description : Feynman I-III I.43.43: kappa = 1/(gamma-1)*kb*v/A
  Variables   : ['gamma', 'kb', 'A', 'v']
  Train range : {'gamma': (2.0, 5.0), 'kb': (1.0, 5.0), 'A': (1.0, 5.0), 'v': (1.0, 5.0)}
  Extrap range: {'gamma': (2.0, 7.5), 'kb': (1.0, 7.5), 'A': (1.0, 7.5), 'v': (1.0, 7.5)}
  Truth       : 1/(gamma-1)*kb*v/A
  ✓ cache hit  (data/equations/I_43_43, key=0ce9638ef2bcf17a)
  train           (800, 5)  target range=[0.07679, 12.4]
  val             (200, 5)  target range=[0.2234, 11.67]
  holdout         (200, 5)  target range=[0.1599, 8.53]
  extrapolation   (200, 5)  target range=[0.07065, 13.58]
  saved figure → data/figures/I_43_43/eda_pairplot.png
Wide primitive set enabled: sin, cos, exp, log added.
[E22 rules] variable pattern tags: {'no_pattern'}
[rules] HFF_RULES=generic: ['sum_sq_all', 'power_law']
[E22/23 rules] static candidate count: 1
[E22/23 rules] allowed to take a fitness slot (exact): 0
  [sum_sq_all/sum_sq] a=-0.0002 b=1.6627e+00 1-R²_va=1.0168e+00
[fuller] denoise + snap IN THE JOIN (every gene, every generation, K=8); mutation operators: physics=0.2 concretize=0.05
Wrapper scope: per_island  (island → wrapper map: ['identity', 'identity'])
[wgpu] process pool disabled — Metal cannot survive fork(); the population is evaluated in one dispatch instead
Genes: head_length=48, n_genes=3, rnc_array_length=10
Population: (per-island, see below), elites: 2, generations: 400, migration FREQ: 30
  pump per-island sizes: intake=100 (tournsize=8), champion=50 (tournsize=5)
Initialising evolution at 2026-09-19 07:41:52.123747
 gen  deme   evals     min fitness          mse_tr          mse_va         max_err      mse_extrap  one_minus_r2_tr  one_minus_r2_va
   0     0     100    0.0663740087      1.16828172      1.82158763      8.10486417      2.77897918     0.527785723     0.570209621
   0     1      50     0.113436865      1.52700467      2.19608529      8.20163812       5.3251836      0.68984325     0.687438223
          wgpu 1d 329g 296c x3w 9ms | egraph 187g->146v+0snap 70ms | graft 33 (-111n, 0 snap) cpu 0 | f64 30 | gen 0.0s | dropped inexpr 5 oversz 0 unbuild 0 {}
Extending evolution: gen 1 → 400 (+400 generations)
   1     0     100    0.0663740087      1.16828172      1.82158763      8.10486417      2.77897918     0.527785723     0.570209621
   1     1      50     0.113436865      1.52700467      2.19608529      8.20163812       5.3251836      0.68984325     0.687438223
          wgpu 1d 140g 229c x3w 3ms | egraph 59g->83v+0snap 19ms | graft 15 (-64n, 0 snap) cpu 0 | f64 34 | gen 0.2s
   2     0     100    0.0663740087      1.16828172      1.82158763      8.10486417      2.77897918     0.527785723     0.570209621
   2     1      50     0.113436865      1.52700467      2.19608529      8.20163812       5.3251836      0.68984325     0.687438223
          wgpu 1d 142g 229c x3w 3ms | egraph 57g->83v+0snap 65ms | graft 14 (-47n, 0 snap) cpu 0 | f64 23 | gen 0.3s | dropped inexpr 1 oversz 0 unbuild 0 {}
   3     0     100    0.0663740087      1.16828172      1.82158763      8.10486417      2.77897918     0.527785723     0.570209621
   3     1      50     0.101833433      1.05705469      1.51581421      7.04171182      4.78154632     0.477537532     0.474493695
          wgpu 1d 148g 230c x3w 4ms | egraph 47g->84v+0snap 14ms | graft 14 (-56n, 0 snap) cpu 0 | f64 20 | gen 0.2s
   4     0     100    0.0663740087      1.16828172      1.82158763      8.10486417      2.77897918     0.527785723     0.570209621
   4     1      50     0.101833433      1.05705469      1.51581421      7.04171182      4.78154632     0.477537532     0.474493695
          wgpu 1d 142g 235c x3w 3ms | egraph 48g->89v+0snap 10ms | graft 14 (-69n, 0 snap) cpu 0 | f64 20 | gen 0.2s
   5     0     100    0.0663740087      1.16828172      1.82158763      8.10486417      2.77897918     0.527785723     0.570209621
   5     1      50   0.00453558711     0.930700647      1.46320257      7.07611542      4.12553988     0.420455532     0.458024732
          wgpu 1d 174g 240c x3w 4ms | egraph 64g->94v+0snap 14ms | graft 14 (-72n, 0 snap) cpu 0 | f64 23 | gen 0.2s
   6     0     100    0.0302018572       0.7040724      0.95650729      5.75236625      2.40534676     0.318073418     0.299414451
   6     1      50   0.00453558711     0.930700647      1.46320257      7.07611542      4.12553988     0.420455532     0.458024732
          wgpu 1d 167g 237c x3w 4ms | egraph 58g->91v+0snap 15ms | graft 9 (-28n, 0 snap) cpu 0 | f64 20 | gen 0.3s
   7     0     100   0.00113845769     0.448698208     0.418980389      4.85174594      1.77063389     0.202704967     0.131152982
   7     1      50   0.00453558711     0.930700647      1.46320257      7.07611542      4.12553988     0.420455532     0.458024732
          wgpu 1d 179g 250c x3w 4ms | egraph 62g->104v+0snap 15ms | graft 18 (-76n, 0 snap) cpu 0 | f64 20 | gen 0.4s
   8     0     100   0.00113845769     0.448698208     0.418980389      4.85174594      1.77063389     0.202704967     0.131152982
   8     1      50   0.00453558711     0.930700647      1.46320257      7.07611542      4.12553988     0.420455532     0.458024732
          wgpu 1d 224g 274c x3w 5ms | egraph 90g->128v+0snap 25ms | graft 29 (-109n, 0 snap) cpu 0 | f64 20 | gen 1.1s
   9     0     100   0.00113845769     0.448698208     0.418980389      4.85174594      1.77063389     0.202704967     0.131152982
   9     1      50   0.00453558711     0.930700647      1.46320257      7.07611542      4.12553988     0.420455532     0.458024732
          wgpu 1d 246g 297c x3w 8ms | egraph 89g->151v+0snap 23ms | graft 34 (-100n, 0 snap) cpu 0 | f64 20 | gen 1.1s
  10     0     100   0.00113845769     0.448698208     0.418980389      4.85174594      1.77063389     0.202704967     0.131152982
  10     1      50   0.00453558711     0.930700647      1.46320257      7.07611542      4.12553988     0.420455532     0.458024732
          wgpu 1d 209g 294c x3w 5ms | egraph 66g->148v+0snap 15ms | graft 29 (-82n, 0 snap) cpu 0 | f64 20 | gen 0.8s | dropped inexpr 1 oversz 0 unbuild 0 {}
--------- pump migration: intra (promote-2 + intake-reset) ---------
  11     0     100   0.00113845769     0.448698208     0.418980389      4.85174594      1.77063389     0.202704967     0.131152982
  11     1      50               0     0.448698208     0.418980389      4.85174594      1.77063389     0.202704967     0.131152982
          wgpu 2d 431g 450c x3w 18ms | egraph 153g->224v+0snap 40ms | graft 52 (-202n, 0 snap) cpu 0 | f64 38 | gen 1.0s | dropped inexpr 5 oversz 0 unbuild 0 {}
  12     0     100   0.00113845769     0.448698208     0.418980389      4.85174594      1.77063389     0.202704967     0.131152982
  12     1      50               0     0.448698208     0.418980389      4.85174594      1.77063389     0.202704967     0.131152982
          wgpu 1d 255g 274c x3w 5ms | egraph 83g->128v+0snap 20ms | graft 41 (-161n, 0 snap) cpu 0 | f64 20 | gen 1.1s
  13     0     100   0.00113845769     0.448698208     0.418980389      4.85174594      1.77063389     0.202704967     0.131152982
  13     1      50               0     0.448698208     0.418980389      4.85174594      1.77063389     0.202704967     0.131152982
          wgpu 1d 214g 243c x3w 5ms | egraph 63g->97v+0snap 16ms | graft 31 (-110n, 0 snap) cpu 0 | f64 22 | gen 1.0s
  14     0     100   0.00113845769     0.448698208     0.418980389      4.85174594      1.77063389     0.202704967     0.131152982
  14     1      50               0     0.448698208     0.418980389      4.85174594      1.77063389     0.202704967     0.131152982
          wgpu 1d 258g 276c x3w 5ms | egraph 81g->130v+0snap 30ms | graft 42 (-111n, 0 snap) cpu 0 | f64 20 | gen 0.7s
  15     0     100   0.00113845769     0.448698208     0.418980389      4.85174594      1.77063389     0.202704967     0.131152982
  15     1      50               0     0.448698208     0.418980389      4.85174594      1.77063389     0.202704967     0.131152982
          wgpu 1d 264g 284c x3w 5ms | egraph 76g->138v+0snap 22ms | graft 44 (-154n, 0 snap) cpu 0 | f64 20 | gen 0.9s | dropped inexpr 1 oversz 0 unbuild 0 {}
  16     0     100   0.00113845769     0.448698208     0.418980389      4.85174594      1.77063389     0.202704967     0.131152982
  16     1      50               0     0.448698208     0.418980389      4.85174594      1.77063389     0.202704967     0.131152982
          wgpu 1d 247g 271c x3w 8ms | egraph 79g->125v+0snap 49ms | graft 38 (-135n, 0 snap) cpu 0 | f64 20 | gen 1.2s
  17     0     100   0.00113845769     0.448698208     0.418980389      4.85174594      1.77063389     0.202704967     0.131152982
  17     1      50               0     0.448698208     0.418980389      4.85174594      1.77063389     0.202704967     0.131152982
          wgpu 1d 275g 286c x3w 35ms | egraph 80g->140v+0snap 50ms | graft 46 (-178n, 0 snap) cpu 0 | f64 20 | gen 1.5s
  18     0     100   0.00113845769     0.448698208     0.418980389      4.85174594      1.77063389     0.202704967     0.131152982
  18     1      50               0     0.448698208     0.418980389      4.85174594      1.77063389     0.202704967     0.131152982
          wgpu 1d 254g 272c x3w 6ms | egraph 68g->126v+0snap 20ms | graft 36 (-168n, 0 snap) cpu 0 | f64 20 | gen 1.1s
  19     0     100               0     0.379964586     0.385290698      1.83329855      2.43874011     0.171653703     0.120607134
  19     1      50               0     0.448698208     0.418980389      4.85174594      1.77063389     0.202704967     0.131152982
          wgpu 1d 257g 273c x3w 18ms | egraph 72g->127v+0snap 28ms | graft 38 (-187n, 0 snap) cpu 0 | f64 20 | gen 1.6s
  20     0     100               0     0.379964586     0.385290698      1.83329855      2.43874011     0.171653703     0.120607134
  20     1      50               0     0.448698208     0.418980389      4.85174594      1.77063389     0.202704967     0.131152982
          wgpu 1d 263g 274c x3w 5ms | egraph 80g->128v+0snap 33ms | graft 41 (-134n, 0 snap) cpu 0 | f64 20 | gen 1.1s
--------- pump migration: intra (promote-2 + intake-reset) ---------
  21     0     100               0     0.379964586     0.385290698      1.83329855      2.43874011     0.171653703     0.120607134
  21     1      50               0     0.448698208     0.418980389      4.85174594      1.77063389     0.202704967     0.131152982
          wgpu 2d 413g 405c x3w 9ms | egraph 135g->179v+0snap 36ms | graft 49 (-161n, 0 snap) cpu 0 | f64 30 | gen 1.0s | dropped inexpr 1 oversz 0 unbuild 0 {}
  22     0     100               0     0.379964586     0.385290698      1.83329855      2.43874011     0.171653703     0.120607134
  22     1      50               0     0.448698208     0.418980389      4.85174594      1.77063389     0.202704967     0.131152982
          wgpu 1d 267g 273c x3w 5ms | egraph 75g->127v+0snap 20ms | graft 41 (-127n, 0 snap) cpu 0 | f64 20 | gen 1.0s
  23     0     100               0     0.379964586     0.385290698      1.83329855      2.43874011     0.171653703     0.120607134
  23     1      50               0     0.448698208     0.418980389      4.85174594      1.77063389     0.202704967     0.131152982
          wgpu 1d 301g 293c x3w 13ms | egraph 79g->147v+0snap 26ms | graft 43 (-154n, 0 snap) cpu 0 | f64 20 | gen 1.6s
  24     0     100               0     0.379964586     0.385290698      1.83329855      2.43874011     0.171653703     0.120607134
  24     1      50               0     0.448698208     0.418980389      4.85174594      1.77063389     0.202704967     0.131152982
          wgpu 1d 276g 284c x3w 7ms | egraph 68g->138v+0snap 64ms | graft 45 (-169n, 0 snap) cpu 0 | f64 29 | gen 1.1s
  25     0     100               0     0.379964586     0.385290698      1.83329855      2.43874011     0.171653703     0.120607134
  25     1      50               0     0.448698208     0.418980389      4.85174594      1.77063389     0.202704967     0.131152982
          wgpu 1d 262g 269c x3w 8ms | egraph 59g->123v+0snap 16ms | graft 41 (-138n, 0 snap) cpu 0 | f64 20 | gen 1.3s | dropped inexpr 1 oversz 0 unbuild 0 {}
  26     0     100               0     0.379964586     0.385290698      1.83329855      2.43874011     0.171653703     0.120607134
  26     1      50               0     0.448698208     0.418980389      4.85174594      1.77063389     0.202704967     0.131152982
          wgpu 1d 269g 283c x3w 8ms | egraph 59g->137v+0snap 21ms | graft 40 (-141n, 0 snap) cpu 0 | f64 20 | gen 1.2s
  27     0     100               0     0.379964586     0.385290698      1.83329855      2.43874011     0.171653703     0.120607134
  27     1      50               0     0.448698208     0.418980389      4.85174594      1.77063389     0.202704967     0.131152982
          wgpu 1d 306g 299c x3w 8ms | egraph 67g->153v+0snap 17ms | graft 42 (-184n, 0 snap) cpu 0 | f64 20 | gen 1.5s
  28     0     100               0     0.379964586     0.385290698      1.83329855      2.43874011     0.171653703     0.120607134
  28     1      50               0     0.448698208     0.418980389      4.85174594      1.77063389     0.202704967     0.131152982
          wgpu 1d 278g 290c x3w 6ms | egraph 68g->144v+0snap 19ms | graft 34 (-130n, 0 snap) cpu 0 | f64 20 | gen 1.2s
  29     0     100               0     0.379964586     0.385290698      1.83329855      2.43874011     0.171653703     0.120607134
  29     1      50               0     0.448698208     0.418980389      4.85174594      1.77063389     0.202704967     0.131152982
          wgpu 1d 291g 282c x3w 8ms | egraph 78g->136v+0snap 30ms | graft 40 (-128n, 0 snap) cpu 0 | f64 20 | gen 1.2s | dropped inexpr 1 oversz 0 unbuild 0 {}
  30     0     100               0     0.379964586     0.385290698      1.83329855      2.43874011     0.171653703     0.120607134
  30     1      50               0     0.448698208     0.418980389      4.85174594      1.77063389     0.202704967     0.131152982
          wgpu 1d 292g 283c x3w 8ms | egraph 59g->137v+0snap 19ms | graft 44 (-206n, 0 snap) cpu 0 | f64 20 | gen 1.1s | dropped inexpr 1 oversz 0 unbuild 0 {}
--------- pump migration: intra (promote-2 + intake-reset) ---------
  31     0     100               0     0.379964586     0.385290698      1.83329855      2.43874011     0.171653703     0.120607134
  31     1      50               0     0.448698208     0.418980389      4.85174594      1.77063389     0.202704967     0.131152982
          wgpu 2d 498g 454c x3w 10ms | egraph 157g->228v+0snap 38ms | graft 65 (-258n, 0 snap) cpu 0 | f64 30 | gen 0.8s | dropped inexpr 2 oversz 0 unbuild 0 {}
  32     0     100               0     0.379964586     0.385290698      1.83329855      2.43874011     0.171653703     0.120607134
  32     1      50               0     0.448698208     0.418980389      4.85174594      1.77063389     0.202704967     0.131152982
          wgpu 1d 268g 280c x3w 5ms | egraph 53g->134v+0snap 14ms | graft 41 (-150n, 0 snap) cpu 0 | f64 20 | gen 0.9s | dropped inexpr 2 oversz 0 unbuild 0 {}
  33     0     100               0     0.379964586     0.385290698      1.83329855      2.43874011     0.171653703     0.120607134
  33     1      50               0     0.448698208     0.418980389      4.85174594      1.77063389     0.202704967     0.131152982
          wgpu 1d 271g 284c x3w 8ms | egraph 56g->138v+0snap 14ms | graft 43 (-127n, 0 snap) cpu 0 | f64 20 | gen 1.5s | dropped inexpr 2 oversz 0 unbuild 0 {}
  34     0     100               0     0.379964586     0.385290698      1.83329855      2.43874011     0.171653703     0.120607134
  34     1      50               0     0.448698208     0.418980389      4.85174594      1.77063389     0.202704967     0.131152982
          wgpu 1d 293g 308c x3w 5ms | egraph 57g->162v+0snap 15ms | graft 55 (-193n, 0 snap) cpu 0 | f64 20 | gen 0.9s | dropped inexpr 1 oversz 0 unbuild 0 {}
  35     0     100               0     0.379964586     0.385290698      1.83329855      2.43874011     0.171653703     0.120607134
  35     1      50               0     0.448698208     0.418980389      4.85174594      1.77063389     0.202704967     0.131152982
          wgpu 1d 301g 296c x3w 6ms | egraph 56g->150v+0snap 17ms | graft 37 (-115n, 0 snap) cpu 0 | f64 20 | gen 1.1s
  36     0     100               0     0.379964586     0.385290698      1.83329855      2.43874011     0.171653703     0.120607134
  36     1      50               0     0.448698208     0.418980389      4.85174594      1.77063389     0.202704967     0.131152982
          wgpu 1d 292g 302c x3w 19ms | egraph 45g->156v+0snap 23ms | graft 43 (-157n, 0 snap) cpu 0 | f64 20 | gen 1.4s
  37     0     100               0     0.379964586     0.385290698      1.83329855      2.43874011     0.171653703     0.120607134
  37     1      50               0     0.448698208     0.418980389      4.85174594      1.77063389     0.202704967     0.131152982
          wgpu 1d 257g 261c x3w 8ms | egraph 56g->115v+0snap 32ms | graft 27 (-98n, 0 snap) cpu 0 | f64 20 | gen 1.7s | dropped inexpr 2 oversz 0 unbuild 0 {}
  38     0     100               0     0.379964586     0.385290698      1.83329855      2.43874011     0.171653703     0.120607134
  38     1      50               0     0.448698208     0.418980389      4.85174594      1.77063389     0.202704967     0.131152982
          wgpu 1d 295g 287c x3w 6ms | egraph 75g->141v+0snap 38ms | graft 39 (-190n, 0 snap) cpu 0 | f64 20 | gen 1.1s | dropped inexpr 6 oversz 0 unbuild 0 {}
  39     0     100               0     0.379964586     0.385290698      1.83329855      2.43874011     0.171653703     0.120607134
  39     1      50               0     0.448698208     0.418980389      4.85174594      1.77063389     0.202704967     0.131152982
          wgpu 1d 289g 295c x3w 9ms | egraph 71g->149v+0snap 19ms | graft 39 (-121n, 0 snap) cpu 0 | f64 20 | gen 1.5s | dropped inexpr 1 oversz 0 unbuild 0 {}
  40     0     100               0     0.379964586     0.385290698      1.83329855      2.43874011     0.171653703     0.120607134
  40     1      50               0     0.448698208     0.418980389      4.85174594      1.77063389     0.202704967     0.131152982
          wgpu 1d 278g 278c x3w 8ms | egraph 63g->132v+0snap 16ms | graft 41 (-142n, 0 snap) cpu 0 | f64 20 | gen 1.2s | dropped inexpr 1 oversz 0 unbuild 0 {}
--------- pump migration: intra (promote-2 + intake-reset) ---------
  41     0     100               0     0.379964586     0.385290698      1.83329855      2.43874011     0.171653703     0.120607134
  41     1      50               0     0.379964586     0.385290698      1.83329855      2.43874011     0.171653703     0.120607134
          wgpu 2d 461g 439c x3w 11ms | egraph 147g->213v+0snap 60ms | graft 56 (-231n, 0 snap) cpu 0 | f64 30 | gen 1.1s | dropped inexpr 4 oversz 0 unbuild 0 {}
  42     0     100               0     0.379964586     0.385290698      1.83329855      2.43874011     0.171653703     0.120607134
  42     1      50               0     0.448698208     0.418980389      4.85174594      1.77063389     0.202704967     0.131152982
          wgpu 1d 289g 279c x3w 8ms | egraph 71g->133v+0snap 22ms | graft 52 (-202n, 0 snap) cpu 0 | f64 20 | gen 1.4s | dropped inexpr 2 oversz 0 unbuild 0 {}
  43     0     100               0     0.386885819     0.345732916      1.80114721      1.99446913     0.174780455     0.108224404
  43     1      50               0     0.448698208     0.418980389      4.85174594      1.77063389     0.202704967     0.131152982
          wgpu 1d 301g 291c x3w 6ms | egraph 68g->145v+0snap 29ms | graft 42 (-164n, 0 snap) cpu 0 | f64 20 | gen 1.0s | dropped inexpr 1 oversz 0 unbuild 0 {}
  44     0     100               0     0.386885819     0.345732916      1.80114721      1.99446913     0.174780455     0.108224404
  44     1      50               0     0.448698208     0.418980389      4.85174594      1.77063389     0.202704967     0.131152982
          wgpu 1d 312g 323c x3w 7ms | egraph 71g->177v+0snap 19ms | graft 50 (-168n, 0 snap) cpu 0 | f64 20 | gen 0.9s
  45     0     100               0     0.386885819     0.345732916      1.80114721      1.99446913     0.174780455     0.108224404
  45     1      50               0     0.448698208     0.418980389      4.85174594      1.77063389     0.202704967     0.131152982
          wgpu 1d 316g 314c x3w 9ms | egraph 69g->168v+0snap 20ms | graft 43 (-188n, 0 snap) cpu 0 | f64 20 | gen 1.4s | dropped inexpr 1 oversz 0 unbuild 0 {}
  46     0     100               0     0.386885819     0.345732916      1.80114721      1.99446913     0.174780455     0.108224404
  46     1      50               0     0.448698208     0.418980389      4.85174594      1.77063389     0.202704967     0.131152982
          wgpu 1d 332g 325c x3w 9ms | egraph 77g->179v+0snap 26ms | graft 46 (-197n, 0 snap) cpu 0 | f64 20 | gen 1.7s
  47     0     100               0     0.386885819     0.345732916      1.80114721      1.99446913     0.174780455     0.108224404
  47     1      50               0     0.448698208     0.418980389      4.85174594      1.77063389     0.202704967     0.131152982
          wgpu 1d 337g 333c x3w 9ms | egraph 85g->187v+0snap 23ms | graft 57 (-227n, 0 snap) cpu 0 | f64 20 | gen 1.2s | dropped inexpr 1 oversz 0 unbuild 0 {}
  48     0     100               0     0.386885819     0.345732916      1.80114721      1.99446913     0.174780455     0.108224404
  48     1      50               0     0.448698208     0.418980389      4.85174594      1.77063389     0.202704967     0.131152982
          wgpu 1d 302g 291c x3w 6ms | egraph 65g->145v+0snap 19ms | graft 46 (-166n, 0 snap) cpu 0 | f64 20 | gen 1.1s
  49     0     100               0     0.386885819     0.345732916      1.80114721      1.99446913     0.174780455     0.108224404
  49     1      50               0     0.448698208     0.418980389      4.85174594      1.77063389     0.202704967     0.131152982
          wgpu 1d 335g 323c x3w 6ms | egraph 82g->177v+0snap 27ms | graft 47 (-160n, 0 snap) cpu 0 | f64 20 | gen 1.2s
  50     0     100               0     0.386885819     0.345732916      1.80114721      1.99446913     0.174780455     0.108224404
  50     1      50               0     0.448698208     0.418980389      4.85174594      1.77063389     0.202704967     0.131152982
          wgpu 1d 336g 338c x3w 11ms | egraph 79g->192v+0snap 24ms | graft 56 (-236n, 0 snap) cpu 0 | f64 20 | gen 1.1s
--------- pump migration: intra (promote-2 + intake-reset) ---------
  51     0     100               0     0.386885819     0.345732916      1.80114721      1.99446913     0.174780455     0.108224404
  51     1      50               0     0.448698208     0.418980389      4.85174594      1.77063389     0.202704967     0.131152982
          wgpu 2d 475g 453c x3w 10ms | egraph 171g->227v+0snap 48ms | graft 66 (-232n, 0 snap) cpu 0 | f64 30 | gen 0.6s | dropped inexpr 4 oversz 0 unbuild 0 {}
  52     0     100               0      1.03165442      1.42591013      7.06625083      2.22986607     0.466062647      0.44635112
  52     1      50               0     0.448698208     0.418980389      4.85174594      1.77063389     0.202704967     0.131152982
          wgpu 1d 258g 289c x3w 6ms | egraph 59g->143v+0snap 17ms | graft 39 (-146n, 0 snap) cpu 0 | f64 20 | gen 1.1s | dropped inexpr 1 oversz 0 unbuild 0 {}
  53     0     100               0      1.03165442      1.42591013      7.06625083      2.22986607     0.466062647      0.44635112
  53     1      50               0     0.448698208     0.418980389      4.85174594      1.77063389     0.202704967     0.131152982
          wgpu 1d 261g 298c x3w 5ms | egraph 71g->152v+0snap 21ms | graft 48 (-173n, 0 snap) cpu 0 | f64 20 | gen 0.9s | dropped inexpr 1 oversz 0 unbuild 0 {}
  54     0     100               0      1.03165442      1.42591013      7.06625083      2.22986607     0.466062647      0.44635112
  54     1      50               0     0.448698208     0.418980389      4.85174594      1.77063389     0.202704967     0.131152982
          wgpu 1d 267g 282c x3w 5ms | egraph 60g->136v+0snap 15ms | graft 33 (-119n, 0 snap) cpu 0 | f64 20 | gen 1.0s | dropped inexpr 1 oversz 0 unbuild 0 {}
  55     0     100               0      1.03165442      1.42591013      7.06625083      2.22986607     0.466062647      0.44635112
  55     1      50               0     0.448698208     0.418980389      4.85174594      1.77063389     0.202704967     0.131152982
          wgpu 1d 296g 320c x3w 6ms | egraph 75g->174v+0snap 19ms | graft 55 (-238n, 0 snap) cpu 0 | f64 20 | gen 0.6s
  56     0     100               0      1.03165442      1.42591013      7.06625083      2.22986607     0.466062647      0.44635112
  56     1      50               0     0.448698208     0.418980389      4.85174594      1.77063389     0.202704967     0.131152982
          wgpu 1d 238g 299c x3w 5ms | egraph 51g->153v+0snap 15ms | graft 47 (-191n, 0 snap) cpu 0 | f64 20 | gen 0.8s | dropped inexpr 1 oversz 0 unbuild 0 {}
  57     0     100               0      1.03165442      1.42591013      7.06625083      2.22986607     0.466062647      0.44635112
  57     1      50               0     0.448698208     0.418980389      4.85174594      1.77063389     0.202704967     0.131152982
          wgpu 1d 241g 291c x3w 5ms | egraph 63g->145v+0snap 17ms | graft 41 (-171n, 0 snap) cpu 0 | f64 20 | gen 0.4s
  58     0     100               0      1.03165442      1.42591013      7.06625083      2.22986607     0.466062647      0.44635112
  58     1      50               0     0.448698208     0.418980389      4.85174594      1.77063389     0.202704967     0.131152982
          wgpu 1d 280g 301c x3w 7ms | egraph 62g->155v+0snap 16ms | graft 47 (-161n, 0 snap) cpu 0 | f64 20 | gen 1.0s
  59     0     100               0      1.03165442      1.42591013      7.06625083      2.22986607     0.466062647      0.44635112
  59     1      50               0     0.448698208     0.418980389      4.85174594      1.77063389     0.202704967     0.131152982
          wgpu 1d 213g 295c x3w 4ms | egraph 42g->149v+0snap 11ms | graft 34 (-116n, 0 snap) cpu 0 | f64 20 | gen 1.0s
  60     0     100               0      1.03165442      1.42591013      7.06625083      2.22986607     0.466062647      0.44635112
  60     1      50               0     0.448698208     0.418980389      4.85174594      1.77063389     0.202704967     0.131152982
          wgpu 1d 212g 289c x3w 4ms | egraph 42g->143v+0snap 11ms | graft 41 (-157n, 0 snap) cpu 0 | f64 20 | gen 0.6s | dropped inexpr 1 oversz 0 unbuild 0 {}
--------- pump migration: intra (promote-2 + intake-reset) + cross ---------
  61     0     100               0      1.03165442      1.42591013      7.06625083      2.22986607     0.466062647      0.44635112
  61     1      50               0      1.03165442      1.42591013      7.06625083      2.22986607     0.466062647      0.44635112
          wgpu 2d 430g 456c x3w 9ms | egraph 137g->230v+0snap 34ms | graft 49 (-194n, 0 snap) cpu 0 | f64 30 | gen 0.7s | dropped inexpr 1 oversz 0 unbuild 0 {}
  62     0     100               0      1.03165442      1.42591013      7.06625083      2.22986607     0.466062647      0.44635112
  62     1      50               0      1.03165442      1.42591013      7.06625083      2.22986607     0.466062647      0.44635112
          wgpu 1d 296g 330c x3w 6ms | egraph 78g->184v+0snap 40ms | graft 48 (-198n, 0 snap) cpu 0 | f64 20 | gen 1.2s
  63     0     100               0      1.03165442      1.42591013      7.06625083      2.22986607     0.466062647      0.44635112
  63     1      50               0      1.03165442      1.42591013      7.06625083      2.22986607     0.466062647      0.44635112
          wgpu 1d 228g 293c x3w 6ms | egraph 63g->147v+0snap 18ms | graft 46 (-164n, 0 snap) cpu 0 | f64 20 | gen 0.9s | dropped inexpr 1 oversz 0 unbuild 0 {}
  64     0     100               0      1.03165442      1.42591013      7.06625083      2.22986607     0.466062647      0.44635112
  64     1      50               0      1.03165442      1.42591013      7.06625083      2.22986607     0.466062647      0.44635112
          wgpu 1d 200g 327c x3w 5ms | egraph 51g->181v+0snap 18ms | graft 46 (-198n, 0 snap) cpu 0 | f64 20 | gen 0.3s
  65     0     100               0      1.03165442      1.42591013      7.06625083      2.22986607     0.466062647      0.44635112
  65     1      50               0      1.03165442      1.42591013      7.06625083      2.22986607     0.466062647      0.44635112
          wgpu 1d 186g 301c x3w 5ms | egraph 40g->155v+0snap 11ms | graft 38 (-142n, 0 snap) cpu 0 | f64 20 | gen 0.3s | dropped inexpr 1 oversz 0 unbuild 0 {}
  66     0     100               0      1.03165442      1.42591013      7.06625083      2.22986607     0.466062647      0.44635112
  66     1      50               0      1.03165442      1.42591013      7.06625083      2.22986607     0.466062647      0.44635112
          wgpu 1d 248g 335c x3w 6ms | egraph 58g->189v+0snap 15ms | graft 42 (-153n, 0 snap) cpu 0 | f64 20 | gen 0.7s | dropped inexpr 1 oversz 0 unbuild 0 {}
  67     0     100               0      1.03165442      1.42591013      7.06625083      2.22986607     0.466062647      0.44635112
  67     1      50               0      1.03165442      1.42591013      7.06625083      2.22986607     0.466062647      0.44635112
          wgpu 1d 208g 337c x3w 5ms | egraph 44g->191v+0snap 13ms | graft 41 (-151n, 0 snap) cpu 0 | f64 20 | gen 0.8s
  68     0     100               0      1.03165442      1.42591013      7.06625083      2.22986607     0.466062647      0.44635112
  68     1      50               0      1.03165442      1.42591013      7.06625083      2.22986607     0.466062647      0.44635112
          wgpu 1d 190g 303c x3w 4ms | egraph 41g->157v+0snap 11ms | graft 30 (-114n, 0 snap) cpu 0 | f64 20 | gen 0.4s
  69     0     100               0      1.03165442      1.42591013      7.06625083      2.22986607     0.466062647      0.44635112
  69     1      50               0      1.03165442      1.42591013      7.06625083      2.22986607     0.466062647      0.44635112
          wgpu 1d 209g 321c x3w 5ms | egraph 44g->175v+0snap 11ms | graft 39 (-184n, 0 snap) cpu 0 | f64 20 | gen 0.6s | dropped inexpr 1 oversz 0 unbuild 0 {}
  70     0     100               0      1.03165442      1.42591013      7.06625083      2.22986607     0.466062647      0.44635112
  70     1      50               0     0.966648583       1.3372588      6.89583446      2.16962164     0.436695457     0.418600688
          wgpu 1d 189g 322c x3w 5ms | egraph 43g->176v+0snap 13ms | graft 44 (-155n, 0 snap) cpu 0 | f64 20 | gen 0.3s
--------- pump migration: intra (promote-2 + intake-reset) ---------
  71     0     100               0     0.278987784     0.301605281      2.66061092      3.18465889     0.126036183    0.0944111777
  71     1      50               0      1.03165442      1.42591013      7.06625083      2.22986607     0.466062647      0.44635112
          wgpu 2d 413g 514c x3w 8ms | egraph 137g->288v+0snap 55ms | graft 46 (-164n, 0 snap) cpu 0 | f64 30 | gen 0.4s | dropped inexpr 9 oversz 0 unbuild 0 {}
  72     0     100               0     0.278987784     0.301605281      2.66061092      3.18465889     0.126036183    0.0944111777
  72     1      50               0      1.03165442      1.42591013      7.06625083      2.22986607     0.466062647      0.44635112
          wgpu 1d 247g 375c x3w 6ms | egraph 77g->229v+0snap 27ms | graft 37 (-140n, 0 snap) cpu 0 | f64 20 | gen 0.5s | dropped inexpr 2 oversz 0 unbuild 0 {}
  73     0     100               0     0.278987784     0.301605281      2.66061092      3.18465889     0.126036183    0.0944111777
  73     1      50               0     0.966648593      1.33725884      6.89583443      2.16962169     0.436695461     0.418600699
          wgpu 1d 220g 351c x3w 5ms | egraph 65g->205v+0snap 16ms | graft 29 (-85n, 0 snap) cpu 0 | f64 20 | gen 0.6s | dropped inexpr 1 oversz 0 unbuild 0 {}
  74     0     100               0     0.278987784     0.301605281      2.66061092      3.18465889     0.126036183    0.0944111777
  74     1      50               0     0.966648593      1.33725884      6.89583443      2.16962169     0.436695461     0.418600699
          wgpu 1d 234g 357c x3w 12ms | egraph 70g->211v+0snap 21ms | graft 30 (-99n, 0 snap) cpu 0 | f64 20 | gen 0.4s | dropped inexpr 2 oversz 0 unbuild 0 {}
  75     0     100               0     0.278987784     0.301605281      2.66061092      3.18465889     0.126036183    0.0944111777
  75     1      50               0     0.966648583       1.3372588      6.89583446      2.16962164     0.436695457     0.418600688
          wgpu 1d 266g 380c x3w 5ms | egraph 77g->234v+0snap 19ms | graft 41 (-158n, 0 snap) cpu 0 | f64 20 | gen 0.5s
  76     0     100               0     0.278987784     0.301605281      2.66061092      3.18465889     0.126036183    0.0944111777
  76     1      50               0     0.966648583       1.3372588      6.89583446      2.16962164     0.436695457     0.418600688
          wgpu 1d 262g 383c x3w 5ms | egraph 72g->237v+0snap 19ms | graft 38 (-141n, 0 snap) cpu 0 | f64 20 | gen 0.4s
  77     0     100               0     0.278987784     0.301605281      2.66061092      3.18465889     0.126036183    0.0944111777
  77     1      50               0     0.966648583       1.3372588      6.89583446      2.16962164     0.436695457     0.418600688
          wgpu 1d 258g 353c x3w 5ms | egraph 73g->207v+0snap 17ms | graft 36 (-143n, 0 snap) cpu 0 | f64 20 | gen 0.4s | dropped inexpr 1 oversz 0 unbuild 0 {}
  78     0     100               0     0.278987784     0.301605281      2.66061092      3.18465889     0.126036183    0.0944111777
  78     1      50               0     0.966648583       1.3372588      6.89583446      2.16962164     0.436695457     0.418600688
          wgpu 1d 238g 344c x3w 5ms | egraph 68g->198v+0snap 16ms | graft 36 (-118n, 0 snap) cpu 0 | f64 20 | gen 0.3s | dropped inexpr 1 oversz 0 unbuild 0 {}
  79     0     100               0     0.278987784     0.301605281      2.66061092      3.18465889     0.126036183    0.0944111777
  79     1      50               0     0.966648583       1.3372588      6.89583446      2.16962164     0.436695457     0.418600688
          wgpu 1d 223g 317c x3w 5ms | egraph 63g->171v+0snap 16ms | graft 27 (-87n, 0 snap) cpu 0 | f64 20 | gen 0.6s
  80     0     100               0     0.278987784     0.301605281      2.66061092      3.18465889     0.126036183    0.0944111777
  80     1      50               0     0.966648583       1.3372588      6.89583446      2.16962164     0.436695457     0.418600688
          wgpu 1d 208g 325c x3w 4ms | egraph 45g->179v+0snap 12ms | graft 32 (-116n, 0 snap) cpu 0 | f64 20 | gen 0.3s
--------- pump migration: intra (promote-2 + intake-reset) ---------
  81     0     100               0     0.278987784     0.301605281      2.66061092      3.18465889     0.126036183    0.0944111777
  81     1      50               0     0.966648583       1.3372588      6.89583446      2.16962164     0.436695457     0.418600688
          wgpu 2d 432g 505c x3w 9ms | egraph 131g->279v+0snap 34ms | graft 46 (-164n, 0 snap) cpu 0 | f64 30 | gen 0.4s | dropped inexpr 4 oversz 0 unbuild 0 {}
  82     0     100               0     0.278987784     0.301605281      2.66061092      3.18465889     0.126036183    0.0944111777
  82     1      50               0     0.966648583       1.3372588      6.89583446      2.16962164     0.436695457     0.418600688
          wgpu 1d 199g 330c x3w 4ms | egraph 43g->184v+0snap 14ms | graft 43 (-131n, 0 snap) cpu 0 | f64 20 | gen 0.5s | dropped inexpr 2 oversz 0 unbuild 0 {}
  83     0     100               0      1.25274969      1.77470469       7.3614449      4.50618264     0.565945171     0.555533905
  83     1      50               0     0.966648583       1.3372588      6.89583446      2.16962164     0.436695457     0.418600688
          wgpu 1d 196g 312c x3w 4ms | egraph 53g->166v+0snap 15ms | graft 25 (-84n, 0 snap) cpu 0 | f64 20 | gen 0.4s | dropped inexpr 1 oversz 0 unbuild 0 {}
  84     0     100               0      1.25274969      1.77470469       7.3614449      4.50618264     0.565945171     0.555533905
  84     1      50               0     0.966648583       1.3372588      6.89583446      2.16962164     0.436695457     0.418600688
          wgpu 1d 143g 291c x3w 4ms | egraph 37g->145v+0snap 9ms | graft 23 (-76n, 0 snap) cpu 0 | f64 20 | gen 0.2s
  85     0     100               0      1.25274969      1.77470469       7.3614449      4.50618264     0.565945171     0.555533905
  85     1      50               0     0.966648583       1.3372588      6.89583446      2.16962164     0.436695457     0.418600688
          wgpu 1d 99g 261c x3w 3ms | egraph 25g->115v+0snap 6ms | graft 20 (-47n, 0 snap) cpu 0 | f64 20 | gen 0.2s
  86     0     100               0      1.25274969      1.77470469       7.3614449      4.50618264     0.565945171     0.555533905
  86     1      50               0     0.966648583       1.3372588      6.89583446      2.16962164     0.436695457     0.418600688
          wgpu 1d 155g 291c x3w 16ms | egraph 42g->145v+0snap 11ms | graft 32 (-83n, 0 snap) cpu 0 | f64 20 | gen 0.2s
  87     0     100               0      1.25274969      1.77470469       7.3614449      4.50618264     0.565945171     0.555533905
  87     1      50               0     0.966648583       1.3372588      6.89583446      2.16962164     0.436695457     0.418600688
          wgpu 1d 102g 257c x3w 3ms | egraph 22g->111v+0snap 5ms | graft 23 (-47n, 0 snap) cpu 0 | f64 20 | gen 0.2s
  88     0     100               0      1.25274969      1.77470469       7.3614449      4.50618264     0.565945171     0.555533905
  88     1      50               0     0.966648583       1.3372588      6.89583446      2.16962164     0.436695457     0.418600688
          wgpu 1d 128g 262c x3w 4ms | egraph 31g->116v+0snap 8ms | graft 16 (-63n, 0 snap) cpu 0 | f64 20 | gen 0.2s
  89     0     100               0     0.411581648     0.638545499      6.81778831      1.56464189     0.185937102     0.199883213
  89     1      50               0     0.966648583       1.3372588      6.89583446      2.16962164     0.436695457     0.418600688
          wgpu 1d 135g 273c x3w 4ms | egraph 38g->127v+0snap 11ms | graft 20 (-56n, 0 snap) cpu 0 | f64 20 | gen 0.2s
  90     0     100               0     0.411581648     0.638545499      6.81778831      1.56464189     0.185937102     0.199883213
  90     1      50               0     0.966648583       1.3372588      6.89583446      2.16962164     0.436695457     0.418600688
          wgpu 1d 203g 329c x3w 5ms | egraph 63g->183v+0snap 14ms | graft 31 (-91n, 0 snap) cpu 0 | f64 20 | gen 0.3s
--------- pump migration: intra (promote-2 + intake-reset) + cross ---------
  91     0     100               0     0.411581648     0.638545499      6.81778831      1.56464189     0.185937102     0.199883213
  91     1      50               0     0.966648583       1.3372588      6.89583446      2.16962164     0.436695457     0.418600688
          wgpu 2d 291g 426c x3w 8ms | egraph 99g->200v+0snap 40ms | graft 28 (-86n, 0 snap) cpu 0 | f64 30 | gen 0.2s | dropped inexpr 3 oversz 0 unbuild 0 {}
  92     0     100               0     0.411581648     0.638545499      6.81778831      1.56464189     0.185937102     0.199883213
  92     1      50               0     0.966648583       1.3372588      6.89583446      2.16962164     0.436695457     0.418600688
          wgpu 1d 147g 278c x3w 4ms | egraph 45g->132v+0snap 10ms | graft 17 (-48n, 0 snap) cpu 0 | f64 20 | gen 0.2s
  93     0     100               0     0.411581648     0.638545499      6.81778831      1.56464189     0.185937102     0.199883213
  93     1      50               0     0.966648583       1.3372588      6.89583446      2.16962164     0.436695457     0.418600688
          wgpu 1d 154g 288c x3w 4ms | egraph 46g->142v+0snap 10ms | graft 21 (-62n, 0 snap) cpu 0 | f64 20 | gen 0.2s
  94     0     100               0     0.411581648     0.638545499      6.81778831      1.56464189     0.185937102     0.199883213
  94     1      50               0     0.966648583       1.3372588      6.89583446      2.16962164     0.436695457     0.418600688
          wgpu 1d 181g 317c x3w 5ms | egraph 50g->171v+0snap 22ms | graft 25 (-84n, 0 snap) cpu 0 | f64 20 | gen 0.3s
  95     0     100               0     0.411581648     0.638545499      6.81778831      1.56464189     0.185937102     0.199883213
  95     1      50               0     0.966648583       1.3372588      6.89583446      2.16962164     0.436695457     0.418600688
          wgpu 1d 190g 308c x3w 4ms | egraph 45g->162v+0snap 11ms | graft 28 (-62n, 0 snap) cpu 0 | f64 20 | gen 0.2s
  96     0     100               0     0.411581648     0.638545499      6.81778831      1.56464189     0.185937102     0.199883213
  96     1      50               0     0.966648583       1.3372588      6.89583446      2.16962164     0.436695457     0.418600688
          wgpu 1d 176g 300c x3w 5ms | egraph 50g->154v+0snap 27ms | graft 20 (-62n, 0 snap) cpu 0 | f64 20 | gen 0.3s
  97     0     100               0     0.411581648     0.638545499      6.81778831      1.56464189     0.185937102     0.199883213
  97     1      50               0     0.966648583       1.3372588      6.89583446      2.16962164     0.436695457     0.418600688
          wgpu 1d 138g 275c x3w 5ms | egraph 35g->129v+0snap 8ms | graft 20 (-58n, 0 snap) cpu 0 | f64 20 | gen 0.2s
  98     0     100               0     0.411581648     0.638545499      6.81778831      1.56464189     0.185937102     0.199883213
  98     1      50               0     0.966648583       1.3372588      6.89583446      2.16962164     0.436695457     0.418600688
          wgpu 1d 132g 288c x3w 4ms | egraph 28g->142v+0snap 8ms | graft 19 (-81n, 0 snap) cpu 0 | f64 20 | gen 0.2s
  99     0     100               0     0.411581648     0.638545499      6.81778831      1.56464189     0.185937102     0.199883213
  99     1      50               0     0.966648583       1.3372588      6.89583446      2.16962164     0.436695457     0.418600688
          wgpu 1d 149g 294c x3w 4ms | egraph 27g->148v+0snap 9ms | graft 19 (-100n, 0 snap) cpu 0 | f64 20 | gen 0.2s
 100     0     100               0     0.411581648     0.638545499      6.81778831      1.56464189     0.185937102     0.199883213
 100     1      50               0     0.966648583       1.3372588      6.89583446      2.16962164     0.436695457     0.418600688
          wgpu 1d 163g 329c x3w 4ms | egraph 39g->183v+0snap 13ms | graft 29 (-114n, 0 snap) cpu 0 | f64 20 | gen 0.2s
--------- pump migration: intra (promote-2 + intake-reset) ---------
 101     0     100               0     0.411581648     0.638545499      6.81778831      1.56464189     0.185937102     0.199883213
 101     1      50               0     0.411581648     0.638545499      6.81778831      1.56464189     0.185937102     0.199883213
          wgpu 2d 381g 484c x3w 11ms | egraph 111g->258v+0snap 27ms | graft 46 (-136n, 0 snap) cpu 0 | f64 30 | gen 0.2s | dropped inexpr 5 oversz 0 unbuild 0 {}
 102     0     100               0     0.411581648     0.638545499      6.81778831      1.56464189     0.185937102     0.199883213
 102     1      50               0     0.966648583       1.3372588      6.89583446      2.16962164     0.436695457     0.418600688
          wgpu 1d 171g 321c x3w 4ms | egraph 31g->175v+0snap 9ms | graft 27 (-86n, 0 snap) cpu 0 | f64 20 | gen 0.3s
 103     0     100               0     0.411581648     0.638545499      6.81778831      1.56464189     0.185937102     0.199883213
 103     1      50               0     0.966648583       1.3372588      6.89583446      2.16962164     0.436695457     0.418600688
          wgpu 1d 150g 301c x3w 8ms | egraph 31g->155v+0snap 9ms | graft 13 (-45n, 0 snap) cpu 0 | f64 20 | gen 0.4s
 104     0     100               0     0.411581648     0.638545499      6.81778831      1.56464189     0.185937102     0.199883213
 104     1      50               0     0.966648583       1.3372588      6.89583446      2.16962164     0.436695457     0.418600688
          wgpu 1d 170g 301c x3w 4ms | egraph 29g->155v+0snap 8ms | graft 18 (-71n, 0 snap) cpu 0 | f64 20 | gen 0.2s
 105     0     100               0     0.411581648     0.638545499      6.81778831      1.56464189     0.185937102     0.199883213
 105     1      50               0     0.966648583       1.3372588      6.89583446      2.16962164     0.436695457     0.418600688
          wgpu 1d 160g 290c x3w 4ms | egraph 26g->144v+0snap 7ms | graft 18 (-54n, 0 snap) cpu 0 | f64 20 | gen 0.2s
 106     0     100               0     0.411581648     0.638545499      6.81778831      1.56464189     0.185937102     0.199883213
 106     1      50               0     0.966648583       1.3372588      6.89583446      2.16962164     0.436695457     0.418600688
          wgpu 1d 145g 305c x3w 9ms | egraph 27g->159v+0snap 7ms | graft 21 (-70n, 0 snap) cpu 0 | f64 20 | gen 0.2s | dropped inexpr 1 oversz 0 unbuild 0 {}
 107     0     100               0     0.411581648     0.638545499      6.81778831      1.56464189     0.185937102     0.199883213
 107     1      50               0     0.966648583       1.3372588      6.89583446      2.16962164     0.436695457     0.418600688
          wgpu 1d 170g 313c x3w 4ms | egraph 24g->167v+0snap 8ms | graft 23 (-65n, 0 snap) cpu 0 | f64 20 | gen 0.2s
 108     0     100               0     0.411581648     0.638545499      6.81778831      1.56464189     0.185937102     0.199883213
 108     1      50               0     0.966648583       1.3372588      6.89583446      2.16962164     0.436695457     0.418600688
          wgpu 1d 164g 308c x3w 4ms | egraph 30g->162v+0snap 9ms | graft 20 (-64n, 0 snap) cpu 0 | f64 20 | gen 0.2s
 109     0     100               0     0.411581648     0.638545499      6.81778831      1.56464189     0.185937102     0.199883213
 109     1      50               0     0.966648583       1.3372588      6.89583446      2.16962164     0.436695457     0.418600688
          wgpu 1d 161g 283c x3w 5ms | egraph 34g->137v+0snap 9ms | graft 15 (-52n, 0 snap) cpu 0 | f64 20 | gen 0.2s
 110     0     100               0     0.411581648     0.638545499      6.81778831      1.56464189     0.185937102     0.199883213
 110     1      50               0     0.966648583       1.3372588      6.89583446      2.16962164     0.436695457     0.418600688
          wgpu 1d 164g 289c x3w 4ms | egraph 33g->143v+0snap 8ms | graft 26 (-65n, 0 snap) cpu 0 | f64 20 | gen 0.2s
--------- pump migration: intra (promote-2 + intake-reset) ---------
 111     0     100               0     0.770150909      1.08976101      5.25838845      1.98763197     0.347925201      0.34112672
 111     1      50               0     0.966648583       1.3372588      6.89583446      2.16962164     0.436695457     0.418600688
          wgpu 2d 366g 430c x3w 8ms | egraph 111g->204v+0snap 28ms | graft 38 (-151n, 0 snap) cpu 0 | f64 30 | gen 0.2s | dropped inexpr 4 oversz 0 unbuild 0 {}
 112     0     100               0     0.770150909      1.08976101      5.25838845      1.98763197     0.347925201      0.34112672
 112     1      50               0     0.966648583       1.3372588      6.89583446      2.16962164     0.436695457     0.418600688
          wgpu 1d 100g 211c x3w 3ms | egraph 22g->65v+0snap 12ms | graft 15 (-47n, 0 snap) cpu 0 | f64 20 | gen 0.2s
 113     0     100               0     0.770150909      1.08976101      5.25838845      1.98763197     0.347925201      0.34112672
 113     1      50               0     0.966648583       1.3372588      6.89583446      2.16962164     0.436695457     0.418600688
          wgpu 1d 101g 213c x3w 3ms | egraph 15g->67v+0snap 11ms | graft 15 (-37n, 0 snap) cpu 0 | f64 20 | gen 0.2s
 114     0     100               0     0.770150909      1.08976101      5.25838845      1.98763197     0.347925201      0.34112672
 114     1      50               0     0.966648583       1.3372588      6.89583446      2.16962164     0.436695457     0.418600688
          wgpu 1d 118g 240c x3w 3ms | egraph 23g->94v+0snap 7ms | graft 22 (-61n, 0 snap) cpu 0 | f64 20 | gen 0.2s
 115     0     100               0     0.770150909      1.08976101      5.25838845      1.98763197     0.347925201      0.34112672
 115     1      50               0     0.966648583       1.3372588      6.89583446      2.16962164     0.436695457     0.418600688
          wgpu 1d 139g 239c x3w 3ms | egraph 36g->93v+0snap 8ms | graft 16 (-36n, 0 snap) cpu 0 | f64 20 | gen 0.2s
 116     0     100               0     0.770150909      1.08976101      5.25838845      1.98763197     0.347925201      0.34112672
 116     1      50               0      0.51150006     0.550920966      2.94348766      1.66076254      0.23107648     0.172454199
          wgpu 1d 124g 246c x3w 3ms | egraph 30g->100v+0snap 7ms | graft 23 (-67n, 0 snap) cpu 0 | f64 20 | gen 0.2s
 117     0     100               0     0.437118207     0.616430915       3.2891765      1.83711968     0.197473558     0.192960708
 117     1      50               0      0.51150006     0.550920966      2.94348766      1.66076254      0.23107648     0.172454199
          wgpu 1d 134g 282c x3w 4ms | egraph 42g->136v+0snap 9ms | graft 20 (-50n, 0 snap) cpu 0 | f64 20 | gen 0.2s
 118     0     100               0     0.770150909      1.08976101      5.25838845      1.98763197     0.347925201      0.34112672
 118     1      50               0      0.51150006     0.550920966      2.94348766      1.66076254      0.23107648     0.172454199
          wgpu 1d 117g 278c x3w 4ms | egraph 31g->132v+0snap 6ms | graft 12 (-30n, 0 snap) cpu 0 | f64 20 | gen 0.2s
 119     0     100               0     0.437118207     0.616430915       3.2891765      1.83711968     0.197473558     0.192960708
 119     1      50               0      0.51150006     0.550920966      2.94348766      1.66076254      0.23107648     0.172454199
          wgpu 1d 138g 287c x3w 3ms | egraph 25g->141v+0snap 6ms | graft 18 (-54n, 0 snap) cpu 0 | f64 20 | gen 0.2s
 120     0     100               0     0.770150909      1.08976101      5.25838845      1.98763197     0.347925201      0.34112672
 120     1      50               0      0.51150006     0.550920966      2.94348766      1.66076254      0.23107648     0.172454199
          wgpu 1d 145g 289c x3w 4ms | egraph 41g->143v+0snap 9ms | graft 13 (-38n, 0 snap) cpu 0 | f64 20 | gen 0.2s
--------- pump migration: intra (promote-2 + intake-reset) + cross ---------
 121     0     100               0     0.770150909      1.08976101      5.25838845      1.98763197     0.347925201      0.34112672
 121     1      50               0     0.770150909      1.08976101      5.25838845      1.98763197     0.347925201      0.34112672
          wgpu 2d 305g 383c x3w 7ms | egraph 103g->157v+0snap 27ms | graft 35 (-119n, 0 snap) cpu 0 | f64 30 | gen 0.2s | dropped inexpr 1 oversz 0 unbuild 0 {}
 122     0     100               0     0.770150909      1.08976101      5.25838845      1.98763197     0.347925201      0.34112672
 122     1      50               0      0.51150006     0.550920966      2.94348766      1.66076254      0.23107648     0.172454199
          wgpu 1d 96g 218c x3w 3ms | egraph 24g->72v+0snap 6ms | graft 21 (-62n, 0 snap) cpu 0 | f64 20 | gen 0.2s
 123     0     100               0     0.770150909      1.08976101      5.25838845      1.98763197     0.347925201      0.34112672
 123     1      50               0      0.51150006     0.550920966      2.94348766      1.66076254      0.23107648     0.172454199
          wgpu 1d 107g 224c x3w 3ms | egraph 23g->78v+0snap 6ms | graft 15 (-46n, 0 snap) cpu 0 | f64 20 | gen 0.2s
 124     0     100               0     0.437118207     0.616430915       3.2891765      1.83711968     0.197473558     0.192960708
 124     1      50               0      0.51150006     0.550920966      2.94348766      1.66076254      0.23107648     0.172454199
          wgpu 1d 170g 306c x3w 4ms | egraph 44g->160v+0snap 9ms | graft 20 (-58n, 0 snap) cpu 0 | f64 20 | gen 0.2s
 125     0     100               0     0.437118207     0.616430915       3.2891765      1.83711968     0.197473558     0.192960708
 125     1      50               0      0.51150006     0.550920966      2.94348766      1.66076254      0.23107648     0.172454199
          wgpu 1d 117g 294c x3w 6ms | egraph 32g->148v+0snap 10ms | graft 11 (-28n, 0 snap) cpu 0 | f64 20 | gen 0.2s | dropped inexpr 1 oversz 0 unbuild 0 {}
 126     0     100               0     0.437118207     0.616430915       3.2891765      1.83711968     0.197473558     0.192960708
 126     1      50               0      0.51150006     0.550920966      2.94348766      1.66076254      0.23107648     0.172454199
          wgpu 1d 156g 318c x3w 4ms | egraph 35g->172v+0snap 8ms | graft 20 (-58n, 0 snap) cpu 0 | f64 20 | gen 0.2s
 127     0     100               0     0.437118207     0.616430915       3.2891765      1.83711968     0.197473558     0.192960708
 127     1      50               0      0.51150006     0.550920966      2.94348766      1.66076254      0.23107648     0.172454199
          wgpu 1d 148g 309c x3w 4ms | egraph 33g->163v+0snap 8ms | graft 19 (-52n, 0 snap) cpu 0 | f64 20 | gen 0.2s
 128     0     100               0     0.437118207     0.616430915       3.2891765      1.83711968     0.197473558     0.192960708
 128     1      50               0      0.51150006     0.550920966      2.94348766      1.66076254      0.23107648     0.172454199
          wgpu 1d 151g 327c x3w 4ms | egraph 26g->181v+0snap 11ms | graft 20 (-61n, 0 snap) cpu 0 | f64 20 | gen 0.3s
 129     0     100               0     0.437118207     0.616430915       3.2891765      1.83711968     0.197473558     0.192960708
 129     1      50               0      0.51150006     0.550920966      2.94348766      1.66076254      0.23107648     0.172454199
          wgpu 1d 131g 296c x3w 4ms | egraph 35g->150v+0snap 8ms | graft 13 (-46n, 0 snap) cpu 0 | f64 20 | gen 0.2s
 130     0     100               0     0.437118207     0.616430915       3.2891765      1.83711968     0.197473558     0.192960708
 130     1      50               0      0.51150006     0.550920966      2.94348766      1.66076254      0.23107648     0.172454199
          wgpu 1d 157g 318c x3w 6ms | egraph 33g->172v+0snap 9ms | graft 19 (-53n, 0 snap) cpu 0 | f64 20 | gen 0.2s
--------- pump migration: intra (promote-2 + intake-reset) ---------
 131     0     100               0     0.437118207     0.616430915       3.2891765      1.83711968     0.197473558     0.192960708
 131     1      50               0      0.51150006     0.550920966      2.94348766      1.66076254      0.23107648     0.172454199
          wgpu 2d 392g 492c x3w 8ms | egraph 114g->266v+0snap 28ms | graft 39 (-122n, 0 snap) cpu 0 | f64 30 | gen 0.2s | dropped inexpr 4 oversz 0 unbuild 0 {}
 132     0     100               0     0.437118207     0.616430915       3.2891765      1.83711968     0.197473558     0.192960708
 132     1      50               0      0.51150006     0.550920966      2.94348766      1.66076254      0.23107648     0.172454199
          wgpu 1d 140g 331c x3w 4ms | egraph 26g->185v+0snap 18ms | graft 18 (-40n, 0 snap) cpu 0 | f64 20 | gen 0.2s
 133     0     100               0     0.437118207     0.616430915       3.2891765      1.83711968     0.197473558     0.192960708
 133     1      50               0      0.51150006     0.550920966      2.94348766      1.66076254      0.23107648     0.172454199
          wgpu 1d 167g 324c x3w 4ms | egraph 37g->178v+0snap 9ms | graft 16 (-36n, 0 snap) cpu 0 | f64 20 | gen 0.2s
 134     0     100               0     0.437118207     0.616430915       3.2891765      1.83711968     0.197473558     0.192960708
 134     1      50               0      0.51150006     0.550920966      2.94348766      1.66076254      0.23107648     0.172454199
          wgpu 1d 163g 340c x3w 4ms | egraph 34g->194v+0snap 8ms | graft 18 (-44n, 0 snap) cpu 0 | f64 20 | gen 0.2s | dropped inexpr 1 oversz 0 unbuild 0 {}
 135     0     100               0     0.437118207     0.616430915       3.2891765      1.83711968     0.197473558     0.192960708
 135     1      50               0      0.51150006     0.550920966      2.94348766      1.66076254      0.23107648     0.172454199
          wgpu 1d 151g 304c x3w 4ms | egraph 32g->158v+0snap 8ms | graft 8 (-19n, 0 snap) cpu 0 | f64 20 | gen 0.2s | dropped inexpr 1 oversz 0 unbuild 0 {}
 136     0     100               0     0.437118207     0.616430915       3.2891765      1.83711968     0.197473558     0.192960708
 136     1      50               0      0.51150006     0.550920966      2.94348766      1.66076254      0.23107648     0.172454199
          wgpu 1d 145g 322c x3w 4ms | egraph 23g->176v+0snap 6ms | graft 18 (-53n, 0 snap) cpu 0 | f64 20 | gen 0.2s
 137     0     100               0     0.437118207     0.616430915       3.2891765      1.83711968     0.197473558     0.192960708
 137     1      50               0      0.51150006     0.550920966      2.94348766      1.66076254      0.23107648     0.172454199
          wgpu 1d 142g 303c x3w 4ms | egraph 26g->157v+0snap 6ms | graft 13 (-38n, 0 snap) cpu 0 | f64 20 | gen 0.2s | dropped inexpr 1 oversz 0 unbuild 0 {}
 138     0     100               0     0.437118207     0.616430915       3.2891765      1.83711968     0.197473558     0.192960708
 138     1      50               0      0.51150006     0.550920966      2.94348766      1.66076254      0.23107648     0.172454199
          wgpu 1d 147g 310c x3w 4ms | egraph 34g->164v+0snap 11ms | graft 16 (-45n, 0 snap) cpu 0 | f64 20 | gen 0.2s | dropped inexpr 1 oversz 0 unbuild 0 {}
 139     0     100               0     0.437118207     0.616430915       3.2891765      1.83711968     0.197473558     0.192960708
 139     1      50               0      0.51150006     0.550920966      2.94348766      1.66076254      0.23107648     0.172454199
          wgpu 1d 165g 309c x3w 4ms | egraph 31g->163v+0snap 8ms | graft 18 (-56n, 0 snap) cpu 0 | f64 20 | gen 0.2s | dropped inexpr 1 oversz 0 unbuild 0 {}
 140     0     100               0     0.437118207     0.616430915       3.2891765      1.83711968     0.197473558     0.192960708
 140     1      50               0      0.51150006     0.550920966      2.94348766      1.66076254      0.23107648     0.172454199
          wgpu 1d 167g 318c x3w 4ms | egraph 31g->172v+0snap 7ms | graft 17 (-32n, 0 snap) cpu 0 | f64 20 | gen 0.2s | dropped inexpr 1 oversz 0 unbuild 0 {}
--------- pump migration: intra (promote-2 + intake-reset) ---------
 141     0     100               0     0.437118207     0.616430915       3.2891765      1.83711968     0.197473558     0.192960708
 141     1      50               0     0.437118207     0.616430915       3.2891765      1.83711968     0.197473558     0.192960708
          wgpu 2d 340g 463c x3w 8ms | egraph 101g->237v+0snap 49ms | graft 39 (-117n, 0 snap) cpu 0 | f64 30 | gen 0.2s | dropped inexpr 6 oversz 0 unbuild 0 {}
 142     0     100               0     0.437118207     0.616430915       3.2891765      1.83711968     0.197473558     0.192960708
 142     1      50               0      0.51150006     0.550920966      2.94348766      1.66076254      0.23107648     0.172454199
          wgpu 1d 154g 317c x3w 11ms | egraph 24g->171v+0snap 6ms | graft 17 (-60n, 0 snap) cpu 0 | f64 20 | gen 0.2s
 143     0     100               0     0.437118207     0.616430915       3.2891765      1.83711968     0.197473558     0.192960708
 143     1      50               0      0.51150006     0.550920966      2.94348766      1.66076254      0.23107648     0.172454199
          wgpu 1d 180g 317c x3w 20ms | egraph 32g->171v+0snap 8ms | graft 22 (-66n, 0 snap) cpu 0 | f64 20 | gen 0.2s | dropped inexpr 1 oversz 0 unbuild 0 {}
 144     0     100               0     0.437118207     0.616430915       3.2891765      1.83711968     0.197473558     0.192960708
 144     1      50               0      0.51150006     0.550920966      2.94348766      1.66076254      0.23107648     0.172454199
          wgpu 1d 160g 303c x3w 4ms | egraph 26g->157v+0snap 6ms | graft 12 (-30n, 0 snap) cpu 0 | f64 20 | gen 0.2s
 145     0     100               0     0.437118207     0.616430915       3.2891765      1.83711968     0.197473558     0.192960708
 145     1      50               0      0.51150006     0.550920966      2.94348766      1.66076254      0.23107648     0.172454199
          wgpu 1d 183g 325c x3w 4ms | egraph 29g->179v+0snap 7ms | graft 29 (-76n, 0 snap) cpu 0 | f64 20 | gen 0.2s
 146     0     100               0     0.437118207     0.616430915       3.2891765      1.83711968     0.197473558     0.192960708
 146     1      50               0      0.51150006     0.550920966      2.94348766      1.66076254      0.23107648     0.172454199
          wgpu 1d 173g 316c x3w 4ms | egraph 33g->170v+0snap 20ms | graft 21 (-51n, 0 snap) cpu 0 | f64 20 | gen 0.2s | dropped inexpr 2 oversz 0 unbuild 0 {}
 147     0     100               0     0.437118207     0.616430915       3.2891765      1.83711968     0.197473558     0.192960708
 147     1      50               0      0.51150006     0.550920966      2.94348766      1.66076254      0.23107648     0.172454199
          wgpu 1d 154g 306c x3w 9ms | egraph 30g->160v+0snap 7ms | graft 16 (-40n, 0 snap) cpu 0 | f64 20 | gen 0.2s | dropped inexpr 1 oversz 0 unbuild 0 {}
 148     0     100               0     0.437118207     0.616430915       3.2891765      1.83711968     0.197473558     0.192960708
 148     1      50               0      0.51150006     0.550920966      2.94348766      1.66076254      0.23107648     0.172454199
          wgpu 1d 139g 302c x3w 4ms | egraph 27g->156v+0snap 7ms | graft 11 (-25n, 0 snap) cpu 0 | f64 20 | gen 0.2s
 149     0     100               0     0.437118207     0.616430915       3.2891765      1.83711968     0.197473558     0.192960708
 149     1      50               0      0.51150006     0.550920966      2.94348766      1.66076254      0.23107648     0.172454199
          wgpu 1d 130g 302c x3w 4ms | egraph 20g->156v+0snap 5ms | graft 13 (-30n, 0 snap) cpu 0 | f64 20 | gen 0.2s
 150     0     100               0     0.437118207     0.616430915       3.2891765      1.83711968     0.197473558     0.192960708
 150     1      50               0      0.51150006     0.550920966      2.94348766      1.66076254      0.23107648     0.172454199
          wgpu 1d 167g 308c x3w 4ms | egraph 26g->162v+0snap 6ms | graft 24 (-56n, 0 snap) cpu 0 | f64 20 | gen 0.2s
--------- pump migration: intra (promote-2 + intake-reset) + cross ---------
 151     0     100               0     0.437118207     0.616430915       3.2891765      1.83711968     0.197473558     0.192960708
 151     1      50               0      0.51150006     0.550920966      2.94348766      1.66076254      0.23107648     0.172454199
          wgpu 2d 361g 458c x3w 8ms | egraph 114g->232v+0snap 35ms | graft 36 (-112n, 0 snap) cpu 0 | f64 30 | gen 0.2s | dropped inexpr 2 oversz 0 unbuild 0 {}
 152     0     100               0     0.437118207     0.616430915       3.2891765      1.83711968     0.197473558     0.192960708
 152     1      50               0     0.437118207     0.616430915       3.2891765      1.83711968     0.197473558     0.192960708
          wgpu 1d 139g 308c x3w 6ms | egraph 20g->162v+0snap 5ms | graft 24 (-66n, 0 snap) cpu 0 | f64 20 | gen 0.3s
 153     0     100               0     0.437118207     0.616430915       3.2891765      1.83711968     0.197473558     0.192960708
 153     1      50               0     0.437118207     0.616430915       3.2891765      1.83711968     0.197473558     0.192960708
          wgpu 1d 143g 299c x3w 4ms | egraph 24g->153v+0snap 6ms | graft 22 (-50n, 0 snap) cpu 0 | f64 20 | gen 0.2s
 154     0     100               0     0.437118207     0.616430915       3.2891765      1.83711968     0.197473558     0.192960708
 154     1      50               0     0.437118207     0.616430915       3.2891765      1.83711968     0.197473558     0.192960708
          wgpu 1d 106g 298c x3w 3ms | egraph 15g->152v+0snap 5ms | graft 10 (-30n, 0 snap) cpu 0 | f64 20 | gen 0.2s
 155     0     100               0     0.437118207     0.616430915       3.2891765      1.83711968     0.197473558     0.192960708
 155     1      50               0     0.437118207     0.616430915       3.2891765      1.83711968     0.197473558     0.192960708
          wgpu 1d 140g 310c x3w 4ms | egraph 19g->164v+0snap 5ms | graft 19 (-50n, 0 snap) cpu 0 | f64 20 | gen 0.2s
 156     0     100               0     0.437118207     0.616430915       3.2891765      1.83711968     0.197473558     0.192960708
 156     1      50               0     0.437118207     0.616430915       3.2891765      1.83711968     0.197473558     0.192960708
          wgpu 1d 140g 299c x3w 5ms | egraph 13g->153v+0snap 4ms | graft 22 (-54n, 0 snap) cpu 0 | f64 20 | gen 0.2s
 157     0     100               0     0.437118207     0.616430915       3.2891765      1.83711968     0.197473558     0.192960708
 157     1      50               0     0.437118207     0.616430915       3.2891765      1.83711968     0.197473558     0.192960708
          wgpu 1d 127g 312c x3w 3ms | egraph 14g->166v+0snap 4ms | graft 17 (-43n, 0 snap) cpu 0 | f64 20 | gen 0.2s
 158     0     100               0     0.437118207     0.616430915       3.2891765      1.83711968     0.197473558     0.192960708
 158     1      50               0     0.437118207     0.616430915       3.2891765      1.83711968     0.197473558     0.192960708
          wgpu 1d 146g 307c x3w 4ms | egraph 24g->161v+0snap 6ms | graft 21 (-55n, 0 snap) cpu 0 | f64 20 | gen 0.2s
 159     0     100               0     0.437118207     0.616430915       3.2891765      1.83711968     0.197473558     0.192960708
 159     1      50               0     0.437118207     0.616430915       3.2891765      1.83711968     0.197473558     0.192960708
          wgpu 1d 136g 304c x3w 4ms | egraph 22g->158v+0snap 6ms | graft 15 (-36n, 0 snap) cpu 0 | f64 20 | gen 0.2s
 160     0     100               0     0.437118207     0.616430915       3.2891765      1.83711968     0.197473558     0.192960708
 160     1      50               0     0.437118207     0.616430915       3.2891765      1.83711968     0.197473558     0.192960708
          wgpu 1d 124g 311c x3w 4ms | egraph 17g->165v+0snap 5ms | graft 11 (-35n, 0 snap) cpu 0 | f64 20 | gen 0.2s
--------- pump migration: intra (promote-2 + intake-reset) ---------
 161     0     100               0     0.437118207     0.616430915       3.2891765      1.83711968     0.197473558     0.192960708
 161     1      50               0     0.437118207     0.616430915       3.2891765      1.83711968     0.197473558     0.192960708
          wgpu 2d 350g 478c x3w 8ms | egraph 86g->252v+0snap 22ms | graft 42 (-111n, 0 snap) cpu 0 | f64 30 | gen 0.2s | dropped inexpr 5 oversz 0 unbuild 0 {}
 162     0     100               0     0.437118207     0.616430915       3.2891765      1.83711968     0.197473558     0.192960708
 162     1      50               0      0.29978361     0.362100559      3.16381946       1.4608398     0.135430955     0.113347949
          wgpu 1d 153g 312c x3w 4ms | egraph 18g->166v+0snap 5ms | graft 25 (-64n, 0 snap) cpu 0 | f64 20 | gen 0.2s
 163     0     100               0     0.437118207     0.616430915       3.2891765      1.83711968     0.197473558     0.192960708
 163     1      50               0      0.29978361     0.362100559      3.16381946       1.4608398     0.135430955     0.113347949
          wgpu 1d 131g 302c x3w 4ms | egraph 20g->156v+0snap 5ms | graft 14 (-32n, 0 snap) cpu 0 | f64 20 | gen 0.2s
 164     0     100               0     0.437118207     0.616430915       3.2891765      1.83711968     0.197473558     0.192960708
 164     1      50               0      0.29978361     0.362100559      3.16381946       1.4608398     0.135430955     0.113347949
          wgpu 1d 140g 314c x3w 4ms | egraph 20g->168v+0snap 5ms | graft 16 (-47n, 0 snap) cpu 0 | f64 20 | gen 0.2s
 165     0     100               0     0.437118207     0.616430915       3.2891765      1.83711968     0.197473558     0.192960708
 165     1      50               0      0.29978361     0.362100559      3.16381946       1.4608398     0.135430955     0.113347949
          wgpu 1d 166g 319c x3w 4ms | egraph 32g->173v+0snap 7ms | graft 26 (-69n, 0 snap) cpu 0 | f64 20 | gen 0.2s
 166     0     100               0     0.437118207     0.616430915       3.2891765      1.83711968     0.197473558     0.192960708
 166     1      50               0      0.29978361     0.362100559      3.16381946       1.4608398     0.135430955     0.113347949
          wgpu 1d 149g 315c x3w 4ms | egraph 24g->169v+0snap 6ms | graft 19 (-57n, 0 snap) cpu 0 | f64 20 | gen 0.2s
 167     0     100               0     0.437118207     0.616430915       3.2891765      1.83711968     0.197473558     0.192960708
 167     1      50               0      0.29978361     0.362100559      3.16381946       1.4608398     0.135430955     0.113347949
          wgpu 1d 150g 312c x3w 4ms | egraph 25g->166v+0snap 6ms | graft 18 (-49n, 0 snap) cpu 0 | f64 20 | gen 0.2s | dropped inexpr 1 oversz 0 unbuild 0 {}
 168     0     100               0     0.437118207     0.616430915       3.2891765      1.83711968     0.197473558     0.192960708
 168     1      50               0      0.29978361     0.362100559      3.16381946       1.4608398     0.135430955     0.113347949
          wgpu 1d 148g 319c x3w 4ms | egraph 20g->173v+0snap 6ms | graft 22 (-57n, 0 snap) cpu 0 | f64 20 | gen 0.2s | dropped inexpr 1 oversz 0 unbuild 0 {}
 169     0     100               0     0.437118207     0.616430915       3.2891765      1.83711968     0.197473558     0.192960708
 169     1      50               0      0.29978361     0.362100559      3.16381946       1.4608398     0.135430955     0.113347949
          wgpu 1d 160g 308c x3w 8ms | egraph 24g->162v+0snap 7ms | graft 26 (-87n, 0 snap) cpu 0 | f64 20 | gen 0.2s
 170     0     100               0     0.437118207     0.616430915       3.2891765      1.83711968     0.197473558     0.192960708
 170     1      50               0      0.29978361     0.362100559      3.16381946       1.4608398     0.135430955     0.113347949
          wgpu 1d 152g 325c x3w 10ms | egraph 22g->179v+0snap 6ms | graft 17 (-47n, 0 snap) cpu 0 | f64 20 | gen 0.3s
--------- pump migration: intra (promote-2 + intake-reset) ---------
 171     0     100               0     0.944209104      1.30259435      6.39344464      3.41760866     0.426558145     0.407749713
 171     1      50               0      0.29978361     0.362100559      3.16381946       1.4608398     0.135430955     0.113347949
          wgpu 2d 425g 518c x3w 10ms | egraph 111g->292v+0snap 41ms | graft 50 (-201n, 0 snap) cpu 0 | f64 30 | gen 0.5s | dropped inexpr 11 oversz 0 unbuild 0 {}
 172     0     100               0     0.944209104      1.30259435      6.39344464      3.41760866     0.426558145     0.407749713
 172     1      50               0      0.29978361     0.362100559      3.16381946       1.4608398     0.135430955     0.113347949
          wgpu 1d 274g 406c x3w 6ms | egraph 63g->260v+0snap 21ms | graft 31 (-137n, 0 snap) cpu 0 | f64 20 | gen 0.7s | dropped inexpr 21 oversz 0 unbuild 0 {}
 173     0     100               0     0.944209104      1.30259435      6.39344464      3.41760866     0.426558145     0.407749713
 173     1      50               0      0.29978361     0.362100559      3.16381946       1.4608398     0.135430955     0.113347949
          wgpu 1d 239g 426c x3w 15ms | egraph 57g->280v+0snap 26ms | graft 34 (-159n, 0 snap) cpu 0 | f64 20 | gen 0.9s | dropped inexpr 22 oversz 0 unbuild 0 {}
 174     0     100               0     0.944209104      1.30259435      6.39344464      3.41760866     0.426558145     0.407749713
 174     1      50               0      0.29978361     0.362100559      3.16381946       1.4608398     0.135430955     0.113347949
          wgpu 1d 328g 445c x3w 7ms | egraph 78g->299v+0snap 27ms | graft 28 (-158n, 0 snap) cpu 0 | f64 20 | gen 0.7s | dropped inexpr 34 oversz 0 unbuild 0 {}
 175     0     100               0     0.294086862       0.3665121      2.89227334      1.79555014     0.132857378      0.11472889
 175     1      50               0      0.29978361     0.362100559      3.16381946       1.4608398     0.135430955     0.113347949
          wgpu 1d 219g 359c x3w 5ms | egraph 45g->213v+0snap 20ms | graft 18 (-115n, 0 snap) cpu 0 | f64 20 | gen 0.9s | dropped inexpr 20 oversz 0 unbuild 0 {}
 176     0     100               0     0.294086862       0.3665121      2.89227334      1.79555014     0.132857378      0.11472889
 176     1      50               0      0.29978361     0.362100559      3.16381946       1.4608398     0.135430955     0.113347949
          wgpu 1d 155g 309c x3w 10ms | egraph 37g->163v+0snap 9ms | graft 20 (-64n, 0 snap) cpu 0 | f64 20 | gen 0.2s
 177     0     100               0     0.294086862       0.3665121      2.89227334      1.79555014     0.132857378      0.11472889
 177     1      50               0      0.29978361     0.362100559      3.16381946       1.4608398     0.135430955     0.113347949
          wgpu 1d 155g 304c x3w 4ms | egraph 37g->158v+0snap 9ms | graft 28 (-76n, 0 snap) cpu 0 | f64 20 | gen 0.2s | dropped inexpr 1 oversz 0 unbuild 0 {}
 178     0     100               0     0.294086862       0.3665121      2.89227334      1.79555014     0.132857378      0.11472889
 178     1      50               0      0.29978361     0.362100559      3.16381946       1.4608398     0.135430955     0.113347949
          wgpu 1d 148g 314c x3w 4ms | egraph 25g->168v+0snap 6ms | graft 25 (-59n, 0 snap) cpu 0 | f64 20 | gen 0.2s
 179     0     100               0     0.294086862       0.3665121      2.89227334      1.79555014     0.132857378      0.11472889
 179     1      50               0      0.29978361     0.362100559      3.16381946       1.4608398     0.135430955     0.113347949
          wgpu 1d 126g 302c x3w 4ms | egraph 21g->156v+0snap 5ms | graft 22 (-67n, 0 snap) cpu 0 | f64 20 | gen 0.2s | dropped inexpr 2 oversz 0 unbuild 0 {}
 180     0     100               0     0.294086862       0.3665121      2.89227334      1.79555014     0.132857378      0.11472889
 180     1      50               0      0.29978361     0.362100559      3.16381946       1.4608398     0.135430955     0.113347949
          wgpu 1d 138g 305c x3w 5ms | egraph 19g->159v+0snap 5ms | graft 22 (-60n, 0 snap) cpu 0 | f64 20 | gen 0.2s
--------- pump migration: intra (promote-2 + intake-reset) + cross ---------
 181     0     100               0     0.294086862       0.3665121      2.89227334      1.79555014     0.132857378      0.11472889
 181     1      50               0     0.294086862       0.3665121      2.89227334      1.79555014     0.132857378      0.11472889
          wgpu 2d 327g 453c x3w 8ms | egraph 81g->227v+0snap 25ms | graft 44 (-133n, 0 snap) cpu 0 | f64 30 | gen 0.2s | dropped inexpr 3 oversz 0 unbuild 0 {}
 182     0     100               0     0.294086862       0.3665121      2.89227334      1.79555014     0.132857378      0.11472889
 182     1      50               0      0.29978361     0.362100559      3.16381946       1.4608398     0.135430955     0.113347949
          wgpu 1d 144g 295c x3w 4ms | egraph 20g->149v+0snap 7ms | graft 25 (-68n, 0 snap) cpu 0 | f64 20 | gen 0.2s
 183     0     100               0     0.294086818     0.366512023      2.89227327       1.7955494     0.132857359     0.114728865
 183     1      50               0      0.29978361     0.362100559      3.16381946       1.4608398     0.135430955     0.113347949
          wgpu 1d 127g 301c x3w 4ms | egraph 20g->155v+0snap 11ms | graft 24 (-69n, 0 snap) cpu 0 | f64 20 | gen 0.2s
 184     0     100               0     0.294086818     0.366512023      2.89227327       1.7955494     0.132857359     0.114728865
 184     1      50               0      0.29978361     0.362100559      3.16381946       1.4608398     0.135430955     0.113347949
          wgpu 1d 140g 305c x3w 4ms | egraph 28g->159v+0snap 9ms | graft 15 (-49n, 0 snap) cpu 0 | f64 20 | gen 0.2s
 185     0     100               0     0.294086818     0.366512023      2.89227327       1.7955494     0.132857359     0.114728865
 185     1      50               0      0.29978361     0.362100559      3.16381946       1.4608398     0.135430955     0.113347949
          wgpu 1d 139g 297c x3w 4ms | egraph 22g->151v+0snap 14ms | graft 20 (-58n, 0 snap) cpu 0 | f64 20 | gen 0.3s
 186     0     100               0     0.294086818     0.366512023      2.89227327       1.7955494     0.132857359     0.114728865
 186     1      50               0      0.29978361     0.362100559      3.16381946       1.4608398     0.135430955     0.113347949
          wgpu 1d 157g 314c x3w 4ms | egraph 21g->168v+0snap 7ms | graft 19 (-47n, 0 snap) cpu 0 | f64 20 | gen 0.2s | dropped inexpr 4 oversz 0 unbuild 0 {}
 187     0     100               0     0.294086818     0.366512023      2.89227327       1.7955494     0.132857359     0.114728865
 187     1      50               0      0.29978361     0.362100559      3.16381946       1.4608398     0.135430955     0.113347949
          wgpu 1d 146g 316c x3w 9ms | egraph 30g->170v+0snap 7ms | graft 21 (-77n, 0 snap) cpu 0 | f64 20 | gen 0.2s
 188     0     100               0     0.294086818     0.366512023      2.89227327       1.7955494     0.132857359     0.114728865
 188     1      50               0      0.29978361     0.362100559      3.16381946       1.4608398     0.135430955     0.113347949
          wgpu 1d 164g 315c x3w 4ms | egraph 27g->169v+0snap 8ms | graft 23 (-73n, 0 snap) cpu 0 | f64 20 | gen 0.2s | dropped inexpr 1 oversz 0 unbuild 0 {}
 189     0     100               0     0.294086818     0.366512023      2.89227327       1.7955494     0.132857359     0.114728865
 189     1      50               0      0.29978361     0.362100559      3.16381946       1.4608398     0.135430955     0.113347949
          wgpu 1d 138g 306c x3w 11ms | egraph 24g->160v+0snap 6ms | graft 20 (-56n, 0 snap) cpu 0 | f64 20 | gen 0.2s | dropped inexpr 2 oversz 0 unbuild 0 {}
 190     0     100               0     0.294086818     0.366512023      2.89227327       1.7955494     0.132857359     0.114728865
 190     1      50               0      0.29978361     0.362100559      3.16381946       1.4608398     0.135430955     0.113347949
          wgpu 1d 163g 312c x3w 4ms | egraph 20g->166v+0snap 6ms | graft 21 (-77n, 0 snap) cpu 0 | f64 20 | gen 0.2s
--------- pump migration: intra (promote-2 + intake-reset) ---------
 191     0     100               0     0.294086818     0.366512023      2.89227327       1.7955494     0.132857359     0.114728865
 191     1      50               0     0.294086818     0.366512023      2.89227327       1.7955494     0.132857359     0.114728865
          wgpu 2d 347g 469c x3w 8ms | egraph 93g->243v+0snap 27ms | graft 45 (-138n, 0 snap) cpu 0 | f64 30 | gen 0.4s | dropped inexpr 5 oversz 0 unbuild 0 {}
 192     0     100               0     0.294086818     0.366512023      2.89227327       1.7955494     0.132857359     0.114728865
 192     1      50               0     0.294086818     0.366512023      2.89227327       1.7955494     0.132857359     0.114728865
          wgpu 1d 122g 298c x3w 3ms | egraph 18g->152v+0snap 16ms | graft 25 (-63n, 0 snap) cpu 0 | f64 20 | gen 0.3s
 193     0     100               0     0.294086818     0.366512023      2.89227327       1.7955494     0.132857359     0.114728865
 193     1      50               0     0.294086818     0.366512023      2.89227327       1.7955494     0.132857359     0.114728865
          wgpu 1d 109g 285c x3w 9ms | egraph 20g->139v+0snap 5ms | graft 11 (-24n, 0 snap) cpu 0 | f64 20 | gen 0.2s
 194     0     100               0     0.294086818     0.366512023      2.89227327       1.7955494     0.132857359     0.114728865
 194     1      50               0     0.294086818     0.366512023      2.89227327       1.7955494     0.132857359     0.114728865
          wgpu 1d 122g 293c x3w 4ms | egraph 15g->147v+0snap 6ms | graft 15 (-36n, 0 snap) cpu 0 | f64 20 | gen 0.2s
 195     0     100               0     0.294086818     0.366512023      2.89227327       1.7955494     0.132857359     0.114728865
 195     1      50               0     0.294086818     0.366512023      2.89227327       1.7955494     0.132857359     0.114728865
          wgpu 1d 142g 297c x3w 4ms | egraph 20g->151v+0snap 6ms | graft 22 (-53n, 0 snap) cpu 0 | f64 20 | gen 0.3s | dropped inexpr 1 oversz 0 unbuild 0 {}
 196     0     100               0     0.294086818     0.366512023      2.89227327       1.7955494     0.132857359     0.114728865
 196     1      50               0     0.294086818     0.366512023      2.89227327       1.7955494     0.132857359     0.114728865
          wgpu 1d 101g 296c x3w 4ms | egraph 11g->150v+0snap 9ms | graft 20 (-66n, 0 snap) cpu 0 | f64 20 | gen 0.2s
 197     0     100               0     0.294086818     0.366512023      2.89227327       1.7955494     0.132857359     0.114728865
 197     1      50               0     0.294086818     0.366512023      2.89227327       1.7955494     0.132857359     0.114728865
          wgpu 1d 121g 291c x3w 4ms | egraph 15g->145v+0snap 5ms | graft 14 (-29n, 0 snap) cpu 0 | f64 20 | gen 0.2s | dropped inexpr 1 oversz 0 unbuild 0 {}
 198     0     100               0     0.294086818     0.366512023      2.89227327       1.7955494     0.132857359     0.114728865
 198     1      50               0     0.294086818     0.366512023      2.89227327       1.7955494     0.132857359     0.114728865
          wgpu 1d 118g 297c x3w 4ms | egraph 8g->151v+0snap 4ms | graft 20 (-52n, 0 snap) cpu 0 | f64 20 | gen 0.2s | dropped inexpr 1 oversz 0 unbuild 0 {}
 199     0     100               0     0.294086818     0.366512023      2.89227327       1.7955494     0.132857359     0.114728865
 199     1      50               0     0.294086818     0.366512023      2.89227327       1.7955494     0.132857359     0.114728865
          wgpu 1d 109g 293c x3w 4ms | egraph 12g->147v+0snap 4ms | graft 15 (-36n, 0 snap) cpu 0 | f64 20 | gen 0.2s
 200     0     100               0     0.294086818     0.366512023      2.89227327       1.7955494     0.132857359     0.114728865
 200     1      50               0     0.294086818     0.366512023      2.89227327       1.7955494     0.132857359     0.114728865
          wgpu 1d 129g 294c x3w 3ms | egraph 17g->148v+0snap 8ms | graft 19 (-51n, 0 snap) cpu 0 | f64 20 | gen 0.4s | dropped inexpr 1 oversz 0 unbuild 0 {}
--------- pump migration: intra (promote-2 + intake-reset) ---------
 201     0     100               0     0.294086818     0.366512023      2.89227327       1.7955494     0.132857359     0.114728865
 201     1      50               0     0.294086818     0.366512023      2.89227327       1.7955494     0.132857359     0.114728865
          wgpu 2d 335g 462c x3w 8ms | egraph 85g->236v+0snap 26ms | graft 36 (-134n, 0 snap) cpu 0 | f64 30 | gen 0.2s | dropped inexpr 3 oversz 0 unbuild 0 {}
 202     0     100               0     0.294086818     0.366512023      2.89227327       1.7955494     0.132857359     0.114728865
 202     1      50               0     0.294086818     0.366512023      2.89227327       1.7955494     0.132857359     0.114728865
          wgpu 1d 135g 295c x3w 4ms | egraph 21g->149v+0snap 7ms | graft 20 (-51n, 0 snap) cpu 0 | f64 20 | gen 0.2s | dropped inexpr 1 oversz 0 unbuild 0 {}
 203     0     100               0     0.294086818     0.366512023      2.89227327       1.7955494     0.132857359     0.114728865
 203     1      50               0     0.294086818     0.366512023      2.89227327       1.7955494     0.132857359     0.114728865
          wgpu 1d 144g 315c x3w 4ms | egraph 14g->169v+0snap 5ms | graft 27 (-67n, 0 snap) cpu 0 | f64 20 | gen 0.2s
 204     0     100               0     0.294086818     0.366512023      2.89227327       1.7955494     0.132857359     0.114728865
 204     1      50               0     0.294086818     0.366512023      2.89227327       1.7955494     0.132857359     0.114728865
          wgpu 1d 113g 291c x3w 3ms | egraph 9g->145v+0snap 3ms | graft 16 (-38n, 0 snap) cpu 0 | f64 20 | gen 0.2s
 205     0     100               0     0.294086818     0.366512023      2.89227327       1.7955494     0.132857359     0.114728865
 205     1      50               0     0.294086818     0.366512023      2.89227327       1.7955494     0.132857359     0.114728865
          wgpu 1d 117g 288c x3w 3ms | egraph 14g->142v+0snap 5ms | graft 18 (-44n, 0 snap) cpu 0 | f64 20 | gen 0.2s
 206     0     100               0     0.294086818     0.366512023      2.89227327       1.7955494     0.132857359     0.114728865
 206     1      50               0     0.294086818     0.366512023      2.89227327       1.7955494     0.132857359     0.114728865
          wgpu 1d 137g 304c x3w 8ms | egraph 24g->158v+0snap 9ms | graft 18 (-53n, 0 snap) cpu 0 | f64 20 | gen 0.4s
 207     0     100               0     0.294086818     0.366512023      2.89227327       1.7955494     0.132857359     0.114728865
 207     1      50               0     0.294086818     0.366512023      2.89227327       1.7955494     0.132857359     0.114728865
          wgpu 1d 129g 297c x3w 3ms | egraph 13g->151v+0snap 5ms | graft 21 (-63n, 0 snap) cpu 0 | f64 20 | gen 0.3s
 208     0     100               0     0.294086818     0.366512023      2.89227327       1.7955494     0.132857359     0.114728865
 208     1      50               0     0.294086818     0.366512023      2.89227327       1.7955494     0.132857359     0.114728865
          wgpu 1d 138g 303c x3w 10ms | egraph 16g->157v+0snap 7ms | graft 22 (-67n, 0 snap) cpu 0 | f64 20 | gen 0.2s
 209     0     100               0     0.294086818     0.366512023      2.89227327       1.7955494     0.132857359     0.114728865
 209     1      50               0     0.294086818     0.366512023      2.89227327       1.7955494     0.132857359     0.114728865
          wgpu 1d 130g 283c x3w 3ms | egraph 16g->137v+0snap 5ms | graft 17 (-39n, 0 snap) cpu 0 | f64 20 | gen 0.3s
 210     0     100               0     0.294086818     0.366512023      2.89227327       1.7955494     0.132857359     0.114728865
 210     1      50               0     0.294086818     0.366512023      2.89227327       1.7955494     0.132857359     0.114728865
          wgpu 1d 129g 275c x3w 4ms | egraph 17g->129v+0snap 4ms | graft 19 (-45n, 0 snap) cpu 0 | f64 20 | gen 0.2s | dropped inexpr 1 oversz 0 unbuild 0 {}
--------- pump migration: intra (promote-2 + intake-reset) + cross ---------
 211     0     100               0     0.294086818     0.366512023      2.89227327       1.7955494     0.132857359     0.114728865
 211     1      50               0     0.294086818     0.366512023      2.89227327       1.7955494     0.132857359     0.114728865
          wgpu 2d 312g 414c x3w 9ms | egraph 79g->188v+0snap 26ms | graft 25 (-133n, 0 snap) cpu 0 | f64 30 | gen 0.2s | dropped inexpr 5 oversz 0 unbuild 0 {}
 212     0     100               0     0.294086818     0.366512023      2.89227327       1.7955494     0.132857359     0.114728865
 212     1      50               0     0.294086818     0.366512023      2.89227327       1.7955494     0.132857359     0.114728865
          wgpu 1d 126g 242c x3w 10ms | egraph 31g->96v+0snap 7ms | graft 16 (-37n, 0 snap) cpu 0 | f64 20 | gen 0.3s | dropped inexpr 1 oversz 0 unbuild 0 {}
 213     0     100               0     0.294086818     0.366512023      2.89227327       1.7955494     0.132857359     0.114728865
 213     1      50               0      0.26046518     0.299728219      2.67563797        1.826421     0.117668367    0.0938236029
          wgpu 1d 135g 248c x3w 4ms | egraph 26g->102v+0snap 9ms | graft 18 (-66n, 0 snap) cpu 0 | f64 20 | gen 0.2s
 214     0     100               0     0.294086818     0.366512023      2.89227327       1.7955494     0.132857359     0.114728865
 214     1      50               0      0.26046518     0.299728219      2.67563797        1.826421     0.117668367    0.0938236029
          wgpu 1d 143g 256c x3w 4ms | egraph 34g->110v+0snap 7ms | graft 22 (-76n, 0 snap) cpu 0 | f64 20 | gen 0.2s | dropped inexpr 2 oversz 0 unbuild 0 {}
 215     0     100               0     0.294086818     0.366512023      2.89227327       1.7955494     0.132857359     0.114728865
 215     1      50               0      0.26046518     0.299728219      2.67563797        1.826421     0.117668367    0.0938236029
          wgpu 1d 113g 246c x3w 6ms | egraph 22g->100v+0snap 7ms | graft 11 (-35n, 0 snap) cpu 0 | f64 20 | gen 0.4s
 216     0     100               0     0.294086818     0.366512023      2.89227327       1.7955494     0.132857359     0.114728865
 216     1      50               0      0.26046518     0.299728219      2.67563797        1.826421     0.117668367    0.0938236029
          wgpu 1d 134g 242c x3w 3ms | egraph 25g->96v+0snap 10ms | graft 18 (-70n, 0 snap) cpu 0 | f64 20 | gen 0.2s
 217     0     100               0     0.294086818     0.366512023      2.89227327       1.7955494     0.132857359     0.114728865
 217     1      50               0     0.260465108     0.299728191      2.67563817      1.82642089     0.117668335    0.0938235941
          wgpu 1d 162g 277c x3w 4ms | egraph 32g->131v+0snap 16ms | graft 23 (-58n, 0 snap) cpu 0 | f64 20 | gen 0.3s
 218     0     100               0     0.294086818     0.366512023      2.89227327       1.7955494     0.132857359     0.114728865
 218     1      50               0      0.26046518     0.299728219      2.67563797        1.826421     0.117668367    0.0938236029
          wgpu 1d 144g 277c x3w 4ms | egraph 36g->131v+0snap 10ms | graft 15 (-49n, 0 snap) cpu 0 | f64 20 | gen 0.2s | dropped inexpr 3 oversz 0 unbuild 0 {}
 219     0     100               0      0.24328237     0.286551966      2.66059071      1.69741705     0.109905821    0.0896990545
 219     1      50               0     0.260465108     0.299728191      2.67563817      1.82642089     0.117668335    0.0938235941
          wgpu 1d 167g 281c x3w 4ms | egraph 44g->135v+0snap 11ms | graft 20 (-83n, 0 snap) cpu 0 | f64 20 | gen 0.2s | dropped inexpr 2 oversz 0 unbuild 0 {}
 220     0     100               0      0.24328237     0.286551966      2.66059071      1.69741705     0.109905821    0.0896990545
 220     1      50               0      0.26046518     0.299728219      2.67563797        1.826421     0.117668367    0.0938236029
          wgpu 1d 152g 277c x3w 4ms | egraph 34g->131v+0snap 10ms | graft 16 (-51n, 0 snap) cpu 0 | f64 20 | gen 0.2s | dropped inexpr 1 oversz 0 unbuild 0 {}
--------- pump migration: intra (promote-2 + intake-reset) ---------
 221     0     100               0      0.24328237     0.286551966      2.66059071      1.69741705     0.109905821    0.0896990545
 221     1      50               0      0.24328237     0.286551966      2.66059071      1.69741705     0.109905821    0.0896990545
          wgpu 2d 330g 405c x3w 16ms | egraph 110g->179v+0snap 25ms | graft 42 (-155n, 0 snap) cpu 0 | f64 30 | gen 0.2s | dropped inexpr 5 oversz 0 unbuild 0 {}
 222     0     100               0     0.908718351      1.22806666          5.6284      2.36404074     0.410524758     0.384420388
 222     1      50               0      0.24328237     0.286551966      2.66059071      1.69741705     0.109905821    0.0896990545
          wgpu 1d 163g 268c x3w 4ms | egraph 45g->122v+0snap 11ms | graft 27 (-99n, 0 snap) cpu 0 | f64 20 | gen 0.2s
 223     0     100               0     0.908718351      1.22806666          5.6284      2.36404074     0.410524758     0.384420388
 223     1      50               0      0.24328237     0.286551966      2.66059071      1.69741705     0.109905821    0.0896990545
          wgpu 1d 138g 274c x3w 7ms | egraph 32g->128v+0snap 11ms | graft 22 (-75n, 0 snap) cpu 0 | f64 20 | gen 0.3s | dropped inexpr 1 oversz 0 unbuild 0 {}
 224     0     100               0      0.24328237     0.286551966      2.66059071      1.69741705     0.109905821    0.0896990545
 224     1      50               0      0.24328237     0.286551966      2.66059071      1.69741705     0.109905821    0.0896990545
          wgpu 1d 135g 277c x3w 12ms | egraph 33g->131v+0snap 9ms | graft 18 (-74n, 0 snap) cpu 0 | f64 20 | gen 0.2s | dropped inexpr 1 oversz 0 unbuild 0 {}
 225     0     100               0      0.24328237     0.286551966      2.66059071      1.69741705     0.109905821    0.0896990545
 225     1      50               0      0.24328237     0.286551966      2.66059071      1.69741705     0.109905821    0.0896990545
          wgpu 1d 151g 308c x3w 10ms | egraph 37g->162v+0snap 9ms | graft 16 (-66n, 0 snap) cpu 0 | f64 20 | gen 0.2s | dropped inexpr 1 oversz 0 unbuild 0 {}
 226     0     100               0      0.24328237     0.286551966      2.66059071      1.69741705     0.109905821    0.0896990545
 226     1      50               0      0.24328237     0.286551966      2.66059071      1.69741705     0.109905821    0.0896990545
          wgpu 1d 172g 322c x3w 4ms | egraph 42g->176v+0snap 10ms | graft 35 (-148n, 0 snap) cpu 0 | f64 20 | gen 0.3s | dropped inexpr 1 oversz 0 unbuild 0 {}
 227     0     100               0      0.24328237     0.286551966      2.66059071      1.69741705     0.109905821    0.0896990545
 227     1      50               0      0.24328237     0.286551966      2.66059071      1.69741705     0.109905821    0.0896990545
          wgpu 1d 195g 337c x3w 4ms | egraph 44g->191v+0snap 11ms | graft 34 (-118n, 0 snap) cpu 0 | f64 20 | gen 0.2s | dropped inexpr 3 oversz 0 unbuild 0 {}
 228     0     100               0      0.24328237     0.286551966      2.66059071      1.69741705     0.109905821    0.0896990545
 228     1      50               0      0.24328237     0.286551966      2.66059071      1.69741705     0.109905821    0.0896990545
          wgpu 1d 150g 311c x3w 4ms | egraph 33g->165v+0snap 8ms | graft 22 (-93n, 0 snap) cpu 0 | f64 20 | gen 0.2s
 229     0     100               0      0.24328237     0.286551966      2.66059071      1.69741705     0.109905821    0.0896990545
 229     1      50               0      0.24328237     0.286551966      2.66059071      1.69741705     0.109905821    0.0896990545
          wgpu 1d 174g 327c x3w 10ms | egraph 27g->181v+0snap 8ms | graft 27 (-109n, 0 snap) cpu 0 | f64 20 | gen 0.3s | dropped inexpr 2 oversz 0 unbuild 0 {}
 230     0     100               0      0.24328237     0.286551966      2.66059071      1.69741705     0.109905821    0.0896990545
 230     1      50               0      0.24328237     0.286551966      2.66059071      1.69741705     0.109905821    0.0896990545
          wgpu 1d 163g 312c x3w 4ms | egraph 38g->166v+0snap 9ms | graft 22 (-84n, 0 snap) cpu 0 | f64 20 | gen 0.2s
--------- pump migration: intra (promote-2 + intake-reset) ---------
 231     0     100               0      0.24328237     0.286551966      2.66059071      1.69741705     0.109905821    0.0896990545
 231     1      50               0      0.24328237     0.286551966      2.66059071      1.69741705     0.109905821    0.0896990545
          wgpu 2d 338g 460c x3w 8ms | egraph 96g->234v+0snap 31ms | graft 36 (-135n, 0 snap) cpu 0 | f64 30 | gen 0.4s | dropped inexpr 3 oversz 0 unbuild 0 {}
 232     0     100               0      0.24328237     0.286551966      2.66059071      1.69741705     0.109905821    0.0896990545
 232     1      50               0      0.24328237     0.286551966      2.66059071      1.69741705     0.109905821    0.0896990545
          wgpu 1d 148g 303c x3w 4ms | egraph 24g->157v+0snap 6ms | graft 19 (-66n, 0 snap) cpu 0 | f64 20 | gen 0.2s | dropped inexpr 1 oversz 0 unbuild 0 {}
 233     0     100               0      0.24328237     0.286551966      2.66059071      1.69741705     0.109905821    0.0896990545
 233     1      50               0      0.24328237     0.286551966      2.66059071      1.69741705     0.109905821    0.0896990545
          wgpu 1d 146g 316c x3w 4ms | egraph 20g->170v+0snap 6ms | graft 17 (-66n, 0 snap) cpu 0 | f64 20 | gen 0.2s | dropped inexpr 2 oversz 0 unbuild 0 {}
 234     0     100               0      0.24328237     0.286551966      2.66059071      1.69741705     0.109905821    0.0896990545
 234     1      50               0      0.24328237     0.286551966      2.66059071      1.69741705     0.109905821    0.0896990545
          wgpu 1d 130g 311c x3w 5ms | egraph 15g->165v+0snap 5ms | graft 24 (-77n, 0 snap) cpu 0 | f64 20 | gen 0.2s
 235     0     100               0      0.24328237     0.286551966      2.66059071      1.69741705     0.109905821    0.0896990545
 235     1      50               0      0.24328237     0.286551966      2.66059071      1.69741705     0.109905821    0.0896990545
          wgpu 1d 134g 306c x3w 4ms | egraph 18g->160v+0snap 5ms | graft 24 (-81n, 0 snap) cpu 0 | f64 20 | gen 0.2s
 236     0     100               0      0.24328237     0.286551966      2.66059071      1.69741705     0.109905821    0.0896990545
 236     1      50               0      0.24328237     0.286551966      2.66059071      1.69741705     0.109905821    0.0896990545
          wgpu 1d 143g 308c x3w 4ms | egraph 21g->162v+0snap 11ms | graft 16 (-68n, 0 snap) cpu 0 | f64 20 | gen 0.3s | dropped inexpr 1 oversz 0 unbuild 0 {}
 237     0     100               0      0.24328237     0.286551966      2.66059071      1.69741705     0.109905821    0.0896990545
 237     1      50               0      0.24328237     0.286551966      2.66059071      1.69741705     0.109905821    0.0896990545
          wgpu 1d 175g 329c x3w 4ms | egraph 32g->183v+0snap 11ms | graft 29 (-113n, 0 snap) cpu 0 | f64 20 | gen 0.2s | dropped inexpr 1 oversz 0 unbuild 0 {}
 238     0     100               0      0.24328237     0.286551966      2.66059071      1.69741705     0.109905821    0.0896990545
 238     1      50               0      0.24328237     0.286551966      2.66059071      1.69741705     0.109905821    0.0896990545
          wgpu 1d 142g 314c x3w 9ms | egraph 26g->168v+0snap 8ms | graft 25 (-96n, 0 snap) cpu 0 | f64 20 | gen 0.2s | dropped inexpr 2 oversz 0 unbuild 0 {}
 239     0     100               0      0.24328237     0.286551966      2.66059071      1.69741705     0.109905821    0.0896990545
 239     1      50               0      0.24328237     0.286551966      2.66059071      1.69741705     0.109905821    0.0896990545
          wgpu 1d 144g 310c x3w 5ms | egraph 20g->164v+0snap 7ms | graft 10 (-32n, 0 snap) cpu 0 | f64 20 | gen 0.2s
 240     0     100               0      0.24328237     0.286551966      2.66059071      1.69741705     0.109905821    0.0896990545
 240     1      50               0      0.24328237     0.286551966      2.66059071      1.69741705     0.109905821    0.0896990545
          wgpu 1d 156g 308c x3w 4ms | egraph 23g->162v+0snap 6ms | graft 20 (-66n, 0 snap) cpu 0 | f64 20 | gen 0.2s | dropped inexpr 1 oversz 0 unbuild 0 {}
--------- pump migration: intra (promote-2 + intake-reset) + cross ---------
 241     0     100               0      0.24328237     0.286551966      2.66059071      1.69741705     0.109905821    0.0896990545
 241     1      50               0      0.24328237     0.286551966      2.66059071      1.69741705     0.109905821    0.0896990545
          wgpu 2d 391g 557c x3w 12ms | egraph 105g->331v+0snap 34ms | graft 49 (-158n, 0 snap) cpu 0 | f64 30 | gen 0.2s | dropped inexpr 2 oversz 0 unbuild 0 {}
 242     0     100               0     0.925796028      1.33451226      6.89991275      2.90052985      0.41823981     0.417740941
 242     1      50               0      0.24328237     0.286551966      2.66059071      1.69741705     0.109905821    0.0896990545
          wgpu 1d 201g 392c x3w 5ms | egraph 43g->246v+0snap 11ms | graft 31 (-98n, 0 snap) cpu 0 | f64 20 | gen 0.2s | dropped inexpr 1 oversz 0 unbuild 0 {}
 243     0     100               0     0.925796028      1.33451226      6.89991275      2.90052985      0.41823981     0.417740941
 243     1      50               0      0.24328237     0.286551966      2.66059071      1.69741705     0.109905821    0.0896990545
          wgpu 1d 208g 443c x3w 6ms | egraph 42g->297v+0snap 12ms | graft 36 (-103n, 0 snap) cpu 0 | f64 20 | gen 0.7s
 244     0     100               0     0.925796028      1.33451226      6.89991275      2.90052985      0.41823981     0.417740941
 244     1      50               0      0.24328237     0.286551966      2.66059071      1.69741705     0.109905821    0.0896990545
          wgpu 1d 239g 469c x3w 6ms | egraph 53g->323v+0snap 14ms | graft 36 (-85n, 0 snap) cpu 0 | f64 20 | gen 0.5s
 245     0     100               0     0.925796028      1.33451226      6.89991275      2.90052985      0.41823981     0.417740941
 245     1      50               0      0.24328237     0.286551966      2.66059071      1.69741705     0.109905821    0.0896990545
          wgpu 1d 205g 476c x3w 5ms | egraph 44g->330v+0snap 10ms | graft 30 (-87n, 0 snap) cpu 0 | f64 20 | gen 0.4s
 246     0     100               0     0.247074456     0.221689139      2.28423014      1.78890707     0.111618942    0.0693951134
 246     1      50               0      0.24328237     0.286551966      2.66059071      1.69741705     0.109905821    0.0896990545
          wgpu 1d 193g 353c x3w 5ms | egraph 44g->207v+0snap 15ms | graft 27 (-74n, 0 snap) cpu 0 | f64 20 | gen 0.2s | dropped inexpr 2 oversz 0 unbuild 0 {}
 247     0     100               0     0.247074456     0.221689139      2.28423014      1.78890707     0.111618942    0.0693951134
 247     1      50               0      0.24328237     0.286551966      2.66059071      1.69741705     0.109905821    0.0896990545
          wgpu 1d 184g 318c x3w 4ms | egraph 37g->172v+0snap 19ms | graft 30 (-114n, 0 snap) cpu 0 | f64 20 | gen 0.4s | dropped inexpr 2 oversz 0 unbuild 0 {}
 248     0     100               0     0.247074456     0.221689139      2.28423014      1.78890707     0.111618942    0.0693951134
 248     1      50               0      0.24328237     0.286551966      2.66059071      1.69741705     0.109905821    0.0896990545
          wgpu 1d 146g 312c x3w 5ms | egraph 33g->166v+0snap 14ms | graft 22 (-74n, 0 snap) cpu 0 | f64 20 | gen 0.4s | dropped inexpr 2 oversz 0 unbuild 0 {}
 249     0     100               0     0.247074456     0.221689139      2.28423014      1.78890707     0.111618942    0.0693951134
 249     1      50               0      0.24328237     0.286551966      2.66059071      1.69741705     0.109905821    0.0896990545
          wgpu 1d 151g 319c x3w 4ms | egraph 20g->173v+0snap 6ms | graft 25 (-95n, 0 snap) cpu 0 | f64 20 | gen 0.2s | dropped inexpr 1 oversz 0 unbuild 0 {}
 250     0     100               0     0.247074456     0.221689139      2.28423014      1.78890707     0.111618942    0.0693951134
 250     1      50               0      0.24328237     0.286551966      2.66059071      1.69741705     0.109905821    0.0896990545
          wgpu 1d 160g 321c x3w 4ms | egraph 27g->175v+0snap 10ms | graft 26 (-96n, 0 snap) cpu 0 | f64 20 | gen 0.4s | dropped inexpr 3 oversz 0 unbuild 0 {}
--------- pump migration: intra (promote-2 + intake-reset) ---------
 251     0     100               0     0.247074456     0.221689139      2.28423014      1.78890707     0.111618942    0.0693951134
 251     1      50               0      0.24328237     0.286551966      2.66059071      1.69741705     0.109905821    0.0896990545
          wgpu 2d 352g 441c x3w 8ms | egraph 87g->215v+0snap 23ms | graft 39 (-117n, 0 snap) cpu 0 | f64 30 | gen 0.2s | dropped inexpr 2 oversz 0 unbuild 0 {}
 252     0     100               0     0.247074456     0.221689139      2.28423014      1.78890707     0.111618942    0.0693951134
 252     1      50               0      0.24328237     0.286551966      2.66059071      1.69741705     0.109905821    0.0896990545
          wgpu 1d 188g 323c x3w 5ms | egraph 30g->177v+0snap 10ms | graft 25 (-93n, 0 snap) cpu 0 | f64 20 | gen 0.3s
 253     0     100               0     0.247074456     0.221689139      2.28423014      1.78890707     0.111618942    0.0693951134
 253     1      50               0      0.24328237     0.286551966      2.66059071      1.69741705     0.109905821    0.0896990545
          wgpu 1d 163g 318c x3w 13ms | egraph 27g->172v+0snap 8ms | graft 29 (-111n, 0 snap) cpu 0 | f64 20 | gen 0.4s
 254     0     100               0     0.247074456     0.221689139      2.28423014      1.78890707     0.111618942    0.0693951134
 254     1      50               0      0.24328237     0.286551966      2.66059071      1.69741705     0.109905821    0.0896990545
          wgpu 1d 181g 320c x3w 4ms | egraph 35g->174v+0snap 14ms | graft 23 (-78n, 0 snap) cpu 0 | f64 20 | gen 0.3s
 255     0     100               0     0.247074456     0.221689139      2.28423014      1.78890707     0.111618942    0.0693951134
 255     1      50               0      0.24328237     0.286551966      2.66059071      1.69741705     0.109905821    0.0896990545
          wgpu 1d 178g 320c x3w 4ms | egraph 34g->174v+0snap 18ms | graft 25 (-90n, 0 snap) cpu 0 | f64 20 | gen 0.3s | dropped inexpr 1 oversz 0 unbuild 0 {}
 256     0     100               0     0.247074456     0.221689139      2.28423014      1.78890707     0.111618942    0.0693951134
 256     1      50               0      0.24328237     0.286551966      2.66059071      1.69741705     0.109905821    0.0896990545
          wgpu 1d 191g 326c x3w 5ms | egraph 41g->180v+0snap 21ms | graft 29 (-135n, 0 snap) cpu 0 | f64 20 | gen 0.3s
 257     0     100               0     0.247074456     0.221689139      2.28423014      1.78890707     0.111618942    0.0693951134
 257     1      50               0      0.24328237     0.286551966      2.66059071      1.69741705     0.109905821    0.0896990545
          wgpu 1d 168g 314c x3w 4ms | egraph 29g->168v+0snap 8ms | graft 21 (-72n, 0 snap) cpu 0 | f64 20 | gen 0.2s
 258     0     100               0     0.247074456     0.221689139      2.28423014      1.78890707     0.111618942    0.0693951134
 258     1      50               0      0.24328237     0.286551966      2.66059071      1.69741705     0.109905821    0.0896990545
          wgpu 1d 184g 330c x3w 4ms | egraph 41g->184v+0snap 10ms | graft 28 (-91n, 0 snap) cpu 0 | f64 20 | gen 0.4s | dropped inexpr 2 oversz 0 unbuild 0 {}
 259     0     100               0     0.247074456     0.221689139      2.28423014      1.78890707     0.111618942    0.0693951134
 259     1      50               0      0.24328237     0.286551966      2.66059071      1.69741705     0.109905821    0.0896990545
          wgpu 1d 157g 315c x3w 4ms | egraph 23g->169v+0snap 7ms | graft 21 (-71n, 0 snap) cpu 0 | f64 20 | gen 0.3s
 260     0     100               0     0.247074456     0.221689139      2.28423014      1.78890707     0.111618942    0.0693951134
 260     1      50               0      0.24328237     0.286551966      2.66059071      1.69741705     0.109905821    0.0896990545
          wgpu 1d 160g 327c x3w 4ms | egraph 25g->181v+0snap 8ms | graft 26 (-77n, 0 snap) cpu 0 | f64 20 | gen 0.2s
--------- pump migration: intra (promote-2 + intake-reset) ---------
 261     0     100               0     0.247074456     0.221689139      2.28423014      1.78890707     0.111618942    0.0693951134
 261     1      50               0      0.24328237     0.286551966      2.66059071      1.69741705     0.109905821    0.0896990545
          wgpu 2d 396g 489c x3w 9ms | egraph 112g->263v+0snap 34ms | graft 45 (-163n, 0 snap) cpu 0 | f64 30 | gen 0.6s | dropped inexpr 4 oversz 0 unbuild 0 {}
 262     0     100               0     0.247074456     0.221689139      2.28423014      1.78890707     0.111618942    0.0693951134
 262     1      50               0      0.24328237     0.286551966      2.66059071      1.69741705     0.109905821    0.0896990545
          wgpu 1d 196g 336c x3w 5ms | egraph 41g->190v+0snap 11ms | graft 35 (-129n, 0 snap) cpu 0 | f64 20 | gen 0.2s | dropped inexpr 2 oversz 0 unbuild 0 {}
 263     0     100               0     0.247074456     0.221689139      2.28423014      1.78890707     0.111618942    0.0693951134
 263     1      50               0      0.24328237     0.286551966      2.66059071      1.69741705     0.109905821    0.0896990545
          wgpu 1d 193g 331c x3w 5ms | egraph 42g->185v+0snap 24ms | graft 27 (-117n, 0 snap) cpu 0 | f64 20 | gen 0.5s | dropped inexpr 2 oversz 0 unbuild 0 {}
 264     0     100               0     0.247074456     0.221689139      2.28423014      1.78890707     0.111618942    0.0693951134
 264     1      50               0      0.24328237     0.286551966      2.66059071      1.69741705     0.109905821    0.0896990545
          wgpu 1d 190g 334c x3w 5ms | egraph 32g->188v+0snap 11ms | graft 31 (-112n, 0 snap) cpu 0 | f64 20 | gen 0.4s | dropped inexpr 2 oversz 0 unbuild 0 {}
 265     0     100               0     0.247074456     0.221689139      2.28423014      1.78890707     0.111618942    0.0693951134
 265     1      50               0      0.24328237     0.286551966      2.66059071      1.69741705     0.109905821    0.0896990545
          wgpu 1d 155g 319c x3w 4ms | egraph 32g->173v+0snap 9ms | graft 22 (-65n, 0 snap) cpu 0 | f64 20 | gen 0.2s | dropped inexpr 2 oversz 0 unbuild 0 {}
 266     0     100               0     0.247074456     0.221689139      2.28423014      1.78890707     0.111618942    0.0693951134
 266     1      50               0      0.24328237     0.286551966      2.66059071      1.69741705     0.109905821    0.0896990545
          wgpu 1d 158g 316c x3w 4ms | egraph 21g->170v+0snap 9ms | graft 32 (-110n, 0 snap) cpu 0 | f64 20 | gen 0.2s
 267     0     100               0     0.247074456     0.221689139      2.28423014      1.78890707     0.111618942    0.0693951134
 267     1      50               0      0.24328237     0.286551966      2.66059071      1.69741705     0.109905821    0.0896990545
          wgpu 1d 153g 309c x3w 4ms | egraph 39g->163v+0snap 10ms | graft 19 (-63n, 0 snap) cpu 0 | f64 20 | gen 0.3s | dropped inexpr 2 oversz 0 unbuild 0 {}
 268     0     100               0     0.247074456     0.221689139      2.28423014      1.78890707     0.111618942    0.0693951134
 268     1      50               0      0.24328237     0.286551966      2.66059071      1.69741705     0.109905821    0.0896990545
          wgpu 1d 141g 302c x3w 4ms | egraph 18g->156v+0snap 5ms | graft 14 (-49n, 0 snap) cpu 0 | f64 20 | gen 0.2s | dropped inexpr 3 oversz 0 unbuild 0 {}
 269     0     100               0     0.247074456     0.221689139      2.28423014      1.78890707     0.111618942    0.0693951134
 269     1      50               0      0.24328237     0.286551966      2.66059071      1.69741705     0.109905821    0.0896990545
          wgpu 1d 167g 328c x3w 10ms | egraph 31g->182v+0snap 8ms | graft 26 (-85n, 0 snap) cpu 0 | f64 20 | gen 0.2s | dropped inexpr 1 oversz 0 unbuild 0 {}
 270     0     100               0     0.247074456     0.221689139      2.28423014      1.78890707     0.111618942    0.0693951134
 270     1      50               0      0.24328237     0.286551966      2.66059071      1.69741705     0.109905821    0.0896990545
          wgpu 1d 183g 319c x3w 4ms | egraph 34g->173v+0snap 9ms | graft 31 (-111n, 0 snap) cpu 0 | f64 20 | gen 0.3s | dropped inexpr 2 oversz 0 unbuild 0 {}
--------- pump migration: intra (promote-2 + intake-reset) + cross ---------
 271     0     100               0     0.989970362      1.37475676      6.84233421      3.78295664     0.447231359     0.430338634
 271     1      50               0     0.247074456     0.221689139      2.28423014      1.78890707     0.111618942    0.0693951134
          wgpu 2d 330g 437c x3w 13ms | egraph 80g->211v+0snap 20ms | graft 38 (-127n, 0 snap) cpu 0 | f64 30 | gen 0.3s | dropped inexpr 2 oversz 0 unbuild 0 {}
 272     0     100               0     0.989970362      1.37475676      6.84233421      3.78295664     0.447231359     0.430338634
 272     1      50               0      0.24328237     0.286551966      2.66059071      1.69741705     0.109905821    0.0896990545
          wgpu 1d 147g 263c x3w 4ms | egraph 31g->117v+0snap 8ms | graft 29 (-80n, 0 snap) cpu 0 | f64 20 | gen 0.3s | dropped inexpr 2 oversz 0 unbuild 0 {}
 273     0     100               0     0.989970362      1.37475676      6.84233421      3.78295664     0.447231359     0.430338634
 273     1      50               0      0.24328237     0.286551966      2.66059071      1.69741705     0.109905821    0.0896990545
          wgpu 1d 154g 256c x3w 4ms | egraph 40g->110v+0snap 10ms | graft 22 (-64n, 0 snap) cpu 0 | f64 20 | gen 0.4s
 274     0     100               0     0.989970362      1.37475676      6.84233421      3.78295664     0.447231359     0.430338634
 274     1      50               0      0.24328237     0.286551966      2.66059071      1.69741705     0.109905821    0.0896990545
          wgpu 1d 172g 286c x3w 4ms | egraph 37g->140v+0snap 9ms | graft 39 (-116n, 0 snap) cpu 0 | f64 20 | gen 0.3s | dropped inexpr 4 oversz 0 unbuild 0 {}
 275     0     100               0     0.989970362      1.37475676      6.84233421      3.78295664     0.447231359     0.430338634
 275     1      50               0      0.24328237     0.286551966      2.66059071      1.69741705     0.109905821    0.0896990545
          wgpu 1d 140g 259c x3w 4ms | egraph 25g->113v+0snap 6ms | graft 30 (-73n, 0 snap) cpu 0 | f64 20 | gen 0.2s | dropped inexpr 1 oversz 0 unbuild 0 {}
 276     0     100               0     0.989970362      1.37475676      6.84233421      3.78295664     0.447231359     0.430338634
 276     1      50               0      0.24328237     0.286551966      2.66059071      1.69741705     0.109905821    0.0896990545
          wgpu 1d 114g 235c x3w 3ms | egraph 18g->89v+0snap 7ms | graft 20 (-63n, 0 snap) cpu 0 | f64 20 | gen 0.3s | dropped inexpr 2 oversz 0 unbuild 0 {}
 277     0     100               0     0.261444509     0.174589527      1.85448969       1.6614565     0.118110792    0.0546515725
 277     1      50               0      0.24328237     0.286551966      2.66059071      1.69741705     0.109905821    0.0896990545
          wgpu 1d 199g 309c x3w 5ms | egraph 44g->163v+0snap 12ms | graft 35 (-109n, 0 snap) cpu 0 | f64 20 | gen 0.4s | dropped inexpr 2 oversz 0 unbuild 0 {}
 278     0     100               0     0.261444509     0.174589527      1.85448969       1.6614565     0.118110792    0.0546515725
 278     1      50               0      0.24328237     0.286551966      2.66059071      1.69741705     0.109905821    0.0896990545
          wgpu 1d 198g 317c x3w 5ms | egraph 48g->171v+0snap 14ms | graft 28 (-117n, 0 snap) cpu 0 | f64 20 | gen 0.5s | dropped inexpr 5 oversz 0 unbuild 0 {}
 279     0     100               0     0.261444509     0.174589527      1.85448969       1.6614565     0.118110792    0.0546515725
 279     1      50               0      0.24328237     0.286551966      2.66059071      1.69741705     0.109905821    0.0896990545
          wgpu 1d 176g 323c x3w 4ms | egraph 35g->177v+0snap 9ms | graft 28 (-97n, 0 snap) cpu 0 | f64 20 | gen 0.3s | dropped inexpr 3 oversz 0 unbuild 0 {}
 280     0     100               0     0.261444509     0.174589527      1.85448969       1.6614565     0.118110792    0.0546515725
 280     1      50               0      0.24328237     0.286551966      2.66059071      1.69741705     0.109905821    0.0896990545
          wgpu 1d 189g 327c x3w 5ms | egraph 35g->181v+0snap 9ms | graft 29 (-95n, 0 snap) cpu 0 | f64 20 | gen 0.4s | dropped inexpr 2 oversz 0 unbuild 0 {}
--------- pump migration: intra (promote-2 + intake-reset) ---------
 281     0     100               0     0.261444509     0.174589527      1.85448969       1.6614565     0.118110792    0.0546515725
 281     1      50               0      0.24328237     0.286551966      2.66059071      1.69741705     0.109905821    0.0896990545
          wgpu 2d 428g 510c x3w 9ms | egraph 123g->284v+0snap 54ms | graft 51 (-232n, 0 snap) cpu 0 | f64 30 | gen 0.3s | dropped inexpr 4 oversz 0 unbuild 0 {}
 282     0     100               0     0.261444509     0.174589527      1.85448969       1.6614565     0.118110792    0.0546515725
 282     1      50               0      0.24328237     0.286551966      2.66059071      1.69741705     0.109905821    0.0896990545
          wgpu 1d 190g 331c x3w 5ms | egraph 41g->185v+0snap 21ms | graft 33 (-134n, 0 snap) cpu 0 | f64 20 | gen 0.5s | dropped inexpr 2 oversz 0 unbuild 0 {}
 283     0     100               0     0.261444509     0.174589527      1.85448969       1.6614565     0.118110792    0.0546515725
 283     1      50               0      0.24328237     0.286551966      2.66059071      1.69741705     0.109905821    0.0896990545
          wgpu 1d 224g 345c x3w 5ms | egraph 38g->199v+0snap 17ms | graft 30 (-118n, 0 snap) cpu 0 | f64 20 | gen 0.4s | dropped inexpr 3 oversz 0 unbuild 0 {}
 284     0     100               0     0.261444509     0.174589527      1.85448969       1.6614565     0.118110792    0.0546515725
 284     1      50               0      0.24328237     0.286551966      2.66059071      1.69741705     0.109905821    0.0896990545
          wgpu 1d 234g 343c x3w 5ms | egraph 44g->197v+0snap 17ms | graft 30 (-98n, 0 snap) cpu 0 | f64 20 | gen 0.3s | dropped inexpr 4 oversz 0 unbuild 0 {}
 285     0     100               0     0.261444509     0.174589527      1.85448969       1.6614565     0.118110792    0.0546515725
 285     1      50               0      0.24328237     0.286551966      2.66059071      1.69741705     0.109905821    0.0896990545
          wgpu 1d 186g 322c x3w 4ms | egraph 31g->176v+0snap 15ms | graft 26 (-93n, 0 snap) cpu 0 | f64 20 | gen 0.3s | dropped inexpr 2 oversz 0 unbuild 0 {}
 286     0     100               0     0.261444509     0.174589527      1.85448969       1.6614565     0.118110792    0.0546515725
 286     1      50               0      0.24328237     0.286551966      2.66059071      1.69741705     0.109905821    0.0896990545
          wgpu 1d 206g 330c x3w 5ms | egraph 38g->184v+0snap 21ms | graft 30 (-107n, 0 snap) cpu 0 | f64 20 | gen 0.5s | dropped inexpr 1 oversz 0 unbuild 0 {}
 287     0     100               0     0.261444509     0.174589527      1.85448969       1.6614565     0.118110792    0.0546515725
 287     1      50               0      0.24328237     0.286551966      2.66059071      1.69741705     0.109905821    0.0896990545
          wgpu 1d 186g 309c x3w 4ms | egraph 35g->163v+0snap 10ms | graft 25 (-68n, 0 snap) cpu 0 | f64 20 | gen 0.3s
 288     0     100               0     0.261444509     0.174589527      1.85448969       1.6614565     0.118110792    0.0546515725
 288     1      50               0      0.24328237     0.286551966      2.66059071      1.69741705     0.109905821    0.0896990545
          wgpu 1d 183g 323c x3w 4ms | egraph 34g->177v+0snap 10ms | graft 28 (-88n, 0 snap) cpu 0 | f64 20 | gen 0.2s | dropped inexpr 1 oversz 0 unbuild 0 {}
 289     0     100               0     0.261444509     0.174589527      1.85448969       1.6614565     0.118110792    0.0546515725
 289     1      50               0      0.24328237     0.286551966      2.66059071      1.69741705     0.109905821    0.0896990545
          wgpu 1d 197g 327c x3w 5ms | egraph 38g->181v+0snap 12ms | graft 29 (-101n, 0 snap) cpu 0 | f64 20 | gen 0.4s | dropped inexpr 1 oversz 0 unbuild 0 {}
 290     0     100               0     0.261444509     0.174589527      1.85448969       1.6614565     0.118110792    0.0546515725
 290     1      50               0      0.24328237     0.286551966      2.66059071      1.69741705     0.109905821    0.0896990545
          wgpu 1d 218g 336c x3w 5ms | egraph 27g->190v+0snap 8ms | graft 31 (-104n, 0 snap) cpu 0 | f64 20 | gen 0.3s | dropped inexpr 1 oversz 0 unbuild 0 {}
--------- pump migration: intra (promote-2 + intake-reset) ---------
 291     0     100               0     0.817935229      1.09559848      6.00389608      4.41833235     0.369512359     0.342954016
 291     1      50               0     0.261444509     0.174589527      1.85448969       1.6614565     0.118110792    0.0546515725
          wgpu 2d 345g 420c x3w 8ms | egraph 82g->194v+0snap 20ms | graft 42 (-120n, 0 snap) cpu 0 | f64 30 | gen 0.3s | dropped inexpr 1 oversz 0 unbuild 0 {}
 292     0     100               0     0.817935229      1.09559848      6.00389608      4.41833235     0.369512359     0.342954016
 292     1      50               0      0.24328237     0.286551966      2.66059071      1.69741705     0.109905821    0.0896990545
          wgpu 1d 198g 300c x3w 5ms | egraph 45g->154v+0snap 11ms | graft 33 (-139n, 0 snap) cpu 0 | f64 20 | gen 0.2s | dropped inexpr 3 oversz 0 unbuild 0 {}
 293     0     100               0     0.261444509     0.174589527      1.85448969       1.6614565     0.118110792    0.0546515725
 293     1      50               0     0.261444509     0.174589527      1.85448969       1.6614565     0.118110792    0.0546515725
          wgpu 1d 174g 294c x3w 4ms | egraph 41g->148v+0snap 10ms | graft 25 (-66n, 0 snap) cpu 0 | f64 20 | gen 0.3s | dropped inexpr 2 oversz 0 unbuild 0 {}
 294     0     100               0     0.261444509     0.174589527      1.85448969       1.6614565     0.118110792    0.0546515725
 294     1      50               0      0.24328237     0.286551966      2.66059071      1.69741705     0.109905821    0.0896990545
          wgpu 1d 202g 297c x3w 4ms | egraph 27g->151v+0snap 8ms | graft 34 (-93n, 0 snap) cpu 0 | f64 20 | gen 0.4s | dropped inexpr 4 oversz 0 unbuild 0 {}
 295     0     100               0     0.261444509     0.174589527      1.85448969       1.6614565     0.118110792    0.0546515725
 295     1      50               0     0.261444509     0.174589527      1.85448969       1.6614565     0.118110792    0.0546515725
          wgpu 1d 215g 307c x3w 5ms | egraph 45g->161v+0snap 12ms | graft 35 (-112n, 0 snap) cpu 0 | f64 20 | gen 0.5s | dropped inexpr 2 oversz 0 unbuild 0 {}
 296     0     100               0     0.261444509     0.174589527      1.85448969       1.6614565     0.118110792    0.0546515725
 296     1      50               0      0.24328237     0.286551966      2.66059071      1.69741705     0.109905821    0.0896990545
          wgpu 1d 219g 333c x3w 5ms | egraph 49g->187v+0snap 17ms | graft 34 (-108n, 0 snap) cpu 0 | f64 20 | gen 0.3s | dropped inexpr 2 oversz 0 unbuild 0 {}
 297     0     100               0     0.261444509     0.174589527      1.85448969       1.6614565     0.118110792    0.0546515725
 297     1      50               0     0.261444509     0.174589527      1.85448969       1.6614565     0.118110792    0.0546515725
          wgpu 1d 216g 326c x3w 4ms | egraph 39g->180v+0snap 16ms | graft 23 (-82n, 0 snap) cpu 0 | f64 20 | gen 0.4s | dropped inexpr 7 oversz 0 unbuild 0 {}
 298     0     100               0     0.261444509     0.174589527      1.85448969       1.6614565     0.118110792    0.0546515725
 298     1      50               0      0.24328237     0.286551966      2.66059071      1.69741705     0.109905821    0.0896990545
          wgpu 1d 216g 331c x3w 5ms | egraph 42g->185v+0snap 15ms | graft 29 (-97n, 0 snap) cpu 0 | f64 20 | gen 0.3s | dropped inexpr 3 oversz 0 unbuild 0 {}
 299     0     100               0     0.261444509     0.174589527      1.85448969       1.6614565     0.118110792    0.0546515725
 299     1      50               0      0.24328237     0.286551966      2.66059071      1.69741705     0.109905821    0.0896990545
          wgpu 1d 230g 333c x3w 5ms | egraph 46g->187v+0snap 14ms | graft 31 (-101n, 0 snap) cpu 0 | f64 20 | gen 0.4s
 300     0     100               0     0.261444509     0.174589527      1.85448969       1.6614565     0.118110792    0.0546515725
 300     1      50               0      0.24328237     0.286551966      2.66059071      1.69741705     0.109905821    0.0896990545
          wgpu 1d 242g 333c x3w 9ms | egraph 50g->187v+0snap 14ms | graft 33 (-102n, 0 snap) cpu 0 | f64 20 | gen 0.3s | dropped inexpr 2 oversz 0 unbuild 0 {}
--------- pump migration: intra (promote-2 + intake-reset) + cross ---------
 301     0     100               0     0.261444509     0.174589527      1.85448969       1.6614565     0.118110792    0.0546515725
 301     1      50               0     0.261444509     0.174589527      1.85448969       1.6614565     0.118110792    0.0546515725
          wgpu 2d 409g 454c x3w 9ms | egraph 115g->228v+0snap 86ms | graft 55 (-213n, 0 snap) cpu 0 | f64 30 | gen 0.4s | dropped inexpr 9 oversz 0 unbuild 0 {}
 302     0     100               0     0.261444509     0.174589527      1.85448969       1.6614565     0.118110792    0.0546515725
 302     1      50               0      0.24328237     0.286551966      2.66059071      1.69741705     0.109905821    0.0896990545
          wgpu 1d 203g 307c x3w 5ms | egraph 44g->161v+0snap 12ms | graft 27 (-112n, 0 snap) cpu 0 | f64 20 | gen 0.4s | dropped inexpr 2 oversz 0 unbuild 0 {}
 303     0     100               0     0.261444509     0.174589527      1.85448969       1.6614565     0.118110792    0.0546515725
 303     1      50               0      0.24328237     0.286551966      2.66059071      1.69741705     0.109905821    0.0896990545
          wgpu 1d 223g 323c x3w 5ms | egraph 49g->177v+0snap 12ms | graft 40 (-128n, 0 snap) cpu 0 | f64 20 | gen 0.5s | dropped inexpr 2 oversz 0 unbuild 0 {}
 304     0     100               0     0.261444509     0.174589527      1.85448969       1.6614565     0.118110792    0.0546515725
 304     1      50               0      0.24328237     0.286551966      2.66059071      1.69741705     0.109905821    0.0896990545
          wgpu 1d 260g 349c x3w 5ms | egraph 53g->203v+0snap 17ms | graft 35 (-120n, 0 snap) cpu 0 | f64 20 | gen 0.6s | dropped inexpr 3 oversz 0 unbuild 0 {}
 305     0     100               0     0.261444509     0.174589527      1.85448969       1.6614565     0.118110792    0.0546515725
 305     1      50               0      0.24328237     0.286551966      2.66059071      1.69741705     0.109905821    0.0896990545
          wgpu 1d 204g 301c x3w 5ms | egraph 44g->155v+0snap 29ms | graft 21 (-81n, 0 snap) cpu 0 | f64 20 | gen 0.3s | dropped inexpr 6 oversz 0 unbuild 0 {}
 306     0     100               0     0.261444509     0.174589527      1.85448969       1.6614565     0.118110792    0.0546515725
 306     1      50               0      0.24328237     0.286551966      2.66059071      1.69741705     0.109905821    0.0896990545
          wgpu 1d 226g 330c x3w 5ms | egraph 36g->184v+0snap 9ms | graft 28 (-102n, 0 snap) cpu 0 | f64 20 | gen 0.4s | dropped inexpr 4 oversz 0 unbuild 0 {}
 307     0     100               0     0.261444509     0.174589527      1.85448969       1.6614565     0.118110792    0.0546515725
 307     1      50               0      0.24328237     0.286551966      2.66059071      1.69741705     0.109905821    0.0896990545
          wgpu 1d 174g 298c x3w 7ms | egraph 27g->152v+0snap 8ms | graft 28 (-92n, 0 snap) cpu 0 | f64 20 | gen 0.3s | dropped inexpr 1 oversz 0 unbuild 0 {}
 308     0     100               0     0.261444509     0.174589527      1.85448969       1.6614565     0.118110792    0.0546515725
 308     1      50               0      0.24328237     0.286551966      2.66059071      1.69741705     0.109905821    0.0896990545
          wgpu 1d 202g 319c x3w 5ms | egraph 36g->173v+0snap 11ms | graft 26 (-85n, 0 snap) cpu 0 | f64 20 | gen 0.3s | dropped inexpr 7 oversz 0 unbuild 0 {}
 309     0     100               0     0.261444509     0.174589527      1.85448969       1.6614565     0.118110792    0.0546515725
 309     1      50               0      0.24328237     0.286551966      2.66059071      1.69741705     0.109905821    0.0896990545
          wgpu 1d 189g 306c x3w 13ms | egraph 32g->160v+0snap 10ms | graft 29 (-79n, 0 snap) cpu 0 | f64 20 | gen 0.4s | dropped inexpr 4 oversz 0 unbuild 0 {}
 310     0     100               0     0.261444509     0.174589527      1.85448969       1.6614565     0.118110792    0.0546515725
 310     1      50               0      0.24328237     0.286551966      2.66059071      1.69741705     0.109905821    0.0896990545
          wgpu 1d 181g 286c x3w 4ms | egraph 45g->140v+0snap 19ms | graft 22 (-69n, 0 snap) cpu 0 | f64 20 | gen 0.3s
--------- pump migration: intra (promote-2 + intake-reset) ---------
 311     0     100               0     0.871177104      1.19938952      5.87789325      1.18118571     0.393565035     0.375443616
 311     1      50               0     0.261444509     0.174589527      1.85448969       1.6614565     0.118110792    0.0546515725
          wgpu 2d 397g 446c x3w 22ms | egraph 105g->220v+0snap 34ms | graft 50 (-153n, 0 snap) cpu 0 | f64 30 | gen 0.3s | dropped inexpr 4 oversz 0 unbuild 0 {}
 312     0     100               0    0.0594840067     0.072341729      1.12803911      1.51063394     0.026872636    0.0226450538
 312     1      50               0     0.261444509     0.174589527      1.85448969       1.6614565     0.118110792    0.0546515725
          wgpu 1d 202g 289c x3w 4ms | egraph 61g->143v+0snap 14ms | graft 28 (-80n, 0 snap) cpu 0 | f64 20 | gen 0.3s | dropped inexpr 2 oversz 0 unbuild 0 {}
 313     0     100               0     0.871177104      1.19938952      5.87789325      1.18118571     0.393565035     0.375443616
 313     1      50               0      0.24328237     0.286551966      2.66059071      1.69741705     0.109905821    0.0896990545
          wgpu 1d 233g 309c x3w 6ms | egraph 68g->163v+0snap 19ms | graft 38 (-134n, 0 snap) cpu 0 | f64 20 | gen 0.5s
 314     0     100               0     0.871177104      1.19938952      5.87789325      1.18118571     0.393565035     0.375443616
 314     1      50               0      0.24328237     0.286551966      2.66059071      1.69741705     0.109905821    0.0896990545
          wgpu 1d 176g 283c x3w 4ms | egraph 53g->137v+0snap 12ms | graft 26 (-73n, 0 snap) cpu 0 | f64 20 | gen 0.2s | dropped inexpr 2 oversz 0 unbuild 0 {}
 315     0     100               0     0.871177104      1.19938952      5.87789325      1.18118571     0.393565035     0.375443616
 315     1      50               0      0.24328237     0.286551966      2.66059071      1.69741705     0.109905821    0.0896990545
          wgpu 1d 172g 299c x3w 4ms | egraph 47g->153v+0snap 13ms | graft 42 (-110n, 0 snap) cpu 0 | f64 20 | gen 0.3s
 316     0     100               0     0.871177104      1.19938952      5.87789325      1.18118571     0.393565035     0.375443616
 316     1      50               0      0.24328237     0.286551966      2.66059071      1.69741705     0.109905821    0.0896990545
          wgpu 1d 188g 318c x3w 11ms | egraph 48g->172v+0snap 20ms | graft 33 (-89n, 0 snap) cpu 0 | f64 20 | gen 0.3s | dropped inexpr 1 oversz 0 unbuild 0 {}
 317     0     100               0     0.871177104      1.19938952      5.87789325      1.18118571     0.393565035     0.375443616
 317     1      50               0      0.24328237     0.286551966      2.66059071      1.69741705     0.109905821    0.0896990545
          wgpu 1d 184g 320c x3w 4ms | egraph 33g->174v+0snap 9ms | graft 39 (-114n, 0 snap) cpu 0 | f64 20 | gen 0.2s
 318     0     100               0     0.871177104      1.19938952      5.87789325      1.18118571     0.393565035     0.375443616
 318     1      50               0      0.24328237     0.286551966      2.66059071      1.69741705     0.109905821    0.0896990545
          wgpu 1d 175g 310c x3w 4ms | egraph 43g->164v+0snap 11ms | graft 38 (-112n, 0 snap) cpu 0 | f64 20 | gen 0.2s | dropped inexpr 2 oversz 0 unbuild 0 {}
 319     0     100               0     0.871177104      1.19938952      5.87789325      1.18118571     0.393565035     0.375443616
 319     1      50               0      0.24328237     0.286551966      2.66059071      1.69741705     0.109905821    0.0896990545
          wgpu 1d 182g 314c x3w 4ms | egraph 48g->168v+0snap 12ms | graft 38 (-103n, 0 snap) cpu 0 | f64 20 | gen 0.3s
 320     0     100               0     0.871177104      1.19938952      5.87789325      1.18118571     0.393565035     0.375443616
 320     1      50               0      0.24328237     0.286551966      2.66059071      1.69741705     0.109905821    0.0896990545
          wgpu 1d 192g 322c x3w 4ms | egraph 49g->176v+0snap 12ms | graft 39 (-114n, 0 snap) cpu 0 | f64 20 | gen 0.2s
--------- pump migration: intra (promote-2 + intake-reset) ---------
 321     0     100               0     0.871177104      1.19938952      5.87789325      1.18118571     0.393565035     0.375443616
 321     1      50               0     0.871177104      1.19938952      5.87789325      1.18118571     0.393565035     0.375443616
          wgpu 2d 344g 451c x3w 7ms | egraph 99g->225v+0snap 21ms | graft 45 (-127n, 0 snap) cpu 0 | f64 30 | gen 0.2s | dropped inexpr 1 oversz 0 unbuild 0 {}
 322     0     100               0     0.871177104      1.19938952      5.87789325      1.18118571     0.393565035     0.375443616
 322     1      50               0      0.24328237     0.286551966      2.66059071      1.69741705     0.109905821    0.0896990545
          wgpu 1d 155g 307c x3w 4ms | egraph 23g->161v+0snap 10ms | graft 32 (-101n, 0 snap) cpu 0 | f64 20 | gen 0.2s
 323     0     100               0     0.871177104      1.19938952      5.87789325      1.18118571     0.393565035     0.375443616
 323     1      50               0      0.24328237     0.286551966      2.66059071      1.69741705     0.109905821    0.0896990545
          wgpu 1d 153g 307c x3w 4ms | egraph 31g->161v+0snap 15ms | graft 27 (-82n, 0 snap) cpu 0 | f64 20 | gen 0.2s
 324     0     100               0     0.871177104      1.19938952      5.87789325      1.18118571     0.393565035     0.375443616
 324     1      50               0      0.24328237     0.286551966      2.66059071      1.69741705     0.109905821    0.0896990545
          wgpu 1d 182g 307c x3w 4ms | egraph 28g->161v+0snap 11ms | graft 30 (-76n, 0 snap) cpu 0 | f64 20 | gen 0.2s
 325     0     100               0     0.871177104      1.19938952      5.87789325      1.18118571     0.393565035     0.375443616
 325     1      50               0      0.24328237     0.286551966      2.66059071      1.69741705     0.109905821    0.0896990545
          wgpu 1d 146g 311c x3w 4ms | egraph 23g->165v+0snap 6ms | graft 44 (-130n, 0 snap) cpu 0 | f64 20 | gen 0.2s
 326     0     100               0     0.871177104      1.19938952      5.87789325      1.18118571     0.393565035     0.375443616
 326     1      50               0      0.24328237     0.286551966      2.66059071      1.69741705     0.109905821    0.0896990545
          wgpu 1d 120g 304c x3w 3ms | egraph 18g->158v+0snap 5ms | graft 29 (-86n, 0 snap) cpu 0 | f64 20 | gen 0.2s
 327     0     100               0     0.871177104      1.19938952      5.87789325      1.18118571     0.393565035     0.375443616
 327     1      50               0      0.24328237     0.286551966      2.66059071      1.69741705     0.109905821    0.0896990545
          wgpu 1d 148g 311c x3w 4ms | egraph 23g->165v+0snap 15ms | graft 33 (-97n, 0 snap) cpu 0 | f64 20 | gen 0.2s
 328     0     100               0     0.871177104      1.19938952      5.87789325      1.18118571     0.393565035     0.375443616
 328     1      50               0      0.24328237     0.286551966      2.66059071      1.69741705     0.109905821    0.0896990545
          wgpu 1d 193g 323c x3w 5ms | egraph 44g->177v+0snap 13ms | graft 33 (-106n, 0 snap) cpu 0 | f64 20 | gen 0.5s | dropped inexpr 2 oversz 0 unbuild 0 {}
 329     0     100               0     0.871177104      1.19938952      5.87789325      1.18118571     0.393565035     0.375443616
 329     1      50               0      0.24328237     0.286551966      2.66059071      1.69741705     0.109905821    0.0896990545
          wgpu 1d 143g 313c x3w 4ms | egraph 26g->167v+0snap 18ms | graft 34 (-115n, 0 snap) cpu 0 | f64 20 | gen 0.4s
 330     0     100               0     0.871177104      1.19938952      5.87789325      1.18118571     0.393565035     0.375443616
 330     1      50               0      0.24328237     0.286551966      2.66059071      1.69741705     0.109905821    0.0896990545
          wgpu 1d 204g 327c x3w 4ms | egraph 43g->181v+0snap 12ms | graft 43 (-116n, 0 snap) cpu 0 | f64 20 | gen 0.2s | dropped inexpr 3 oversz 0 unbuild 0 {}
--------- pump migration: intra (promote-2 + intake-reset) + cross ---------
 331     0     100               0     0.871177104      1.19938952      5.87789325      1.18118571     0.393565035     0.375443616
 331     1      50               0     0.871177104      1.19938952      5.87789325      1.18118571     0.393565035     0.375443616
          wgpu 2d 370g 483c x3w 8ms | egraph 99g->257v+0snap 30ms | graft 63 (-189n, 0 snap) cpu 0 | f64 30 | gen 0.4s | dropped inexpr 2 oversz 0 unbuild 0 {}
 332     0     100               0    0.0567127757    0.0692575862      1.12332466      1.55769428    0.0256206981    0.0216796279
 332     1      50               0     0.871177104      1.19938952      5.87789325      1.18118571     0.393565035     0.375443616
          wgpu 1d 162g 312c x3w 4ms | egraph 29g->166v+0snap 8ms | graft 39 (-107n, 0 snap) cpu 0 | f64 20 | gen 0.2s
 333     0     100               0    0.0567127757    0.0692575862      1.12332466      1.55769428    0.0256206981    0.0216796279
 333     1      50               0     0.871177104      1.19938952      5.87789325      1.18118571     0.393565035     0.375443616
          wgpu 1d 195g 320c x3w 4ms | egraph 46g->174v+0snap 12ms | graft 40 (-98n, 0 snap) cpu 0 | f64 20 | gen 0.4s
 334     0     100               0    0.0567127757    0.0692575862      1.12332466      1.55769428    0.0256206981    0.0216796279
 334     1      50               0     0.871177104      1.19938952      5.87789325      1.18118571     0.393565035     0.375443616
          wgpu 1d 228g 341c x3w 14ms | egraph 47g->195v+0snap 12ms | graft 49 (-156n, 0 snap) cpu 0 | f64 20 | gen 0.2s
 335     0     100               0    0.0567127757    0.0692575862      1.12332466      1.55769428    0.0256206981    0.0216796279
 335     1      50               0     0.871177104      1.19938952      5.87789325      1.18118571     0.393565035     0.375443616
          wgpu 1d 228g 339c x3w 6ms | egraph 51g->193v+0snap 13ms | graft 42 (-133n, 0 snap) cpu 0 | f64 20 | gen 0.2s
 336     0     100               0    0.0567127757    0.0692575862      1.12332466      1.55769428    0.0256206981    0.0216796279
 336     1      50               0     0.871177104      1.19938952      5.87789325      1.18118571     0.393565035     0.375443616
          wgpu 1d 208g 339c x3w 5ms | egraph 49g->193v+0snap 16ms | graft 42 (-123n, 0 snap) cpu 0 | f64 20 | gen 0.3s
 337     0     100               0    0.0567127757    0.0692575862      1.12332466      1.55769428    0.0256206981    0.0216796279
 337     1      50               0     0.871177104      1.19938952      5.87789325      1.18118571     0.393565035     0.375443616
          wgpu 1d 217g 332c x3w 5ms | egraph 56g->186v+0snap 15ms | graft 40 (-134n, 0 snap) cpu 0 | f64 20 | gen 0.3s | dropped inexpr 1 oversz 0 unbuild 0 {}
 338     0     100               0    0.0567127757    0.0692575862      1.12332466      1.55769428    0.0256206981    0.0216796279
 338     1      50               0     0.871177104      1.19938952      5.87789325      1.18118571     0.393565035     0.375443616
          wgpu 1d 210g 333c x3w 5ms | egraph 52g->187v+0snap 18ms | graft 35 (-104n, 0 snap) cpu 0 | f64 20 | gen 0.3s
 339     0     100               0    0.0567127757    0.0692575862      1.12332466      1.55769428    0.0256206981    0.0216796279
 339     1      50               0     0.871177104      1.19938952      5.87789325      1.18118571     0.393565035     0.375443616
          wgpu 1d 211g 334c x3w 5ms | egraph 42g->188v+0snap 14ms | graft 43 (-123n, 0 snap) cpu 0 | f64 20 | gen 0.5s
 340     0     100               0    0.0567127757    0.0692575862      1.12332466      1.55769428    0.0256206981    0.0216796279
 340     1      50               0     0.871177104      1.19938952      5.87789325      1.18118571     0.393565035     0.375443616
          wgpu 1d 222g 356c x3w 5ms | egraph 46g->210v+0snap 13ms | graft 37 (-91n, 0 snap) cpu 0 | f64 20 | gen 0.3s | dropped inexpr 3 oversz 0 unbuild 0 {}
--------- pump migration: intra (promote-2 + intake-reset) ---------
 341     0     100               0    0.0567127757    0.0692575862      1.12332466      1.55769428    0.0256206981    0.0216796279
 341     1      50               0     0.871177104      1.19938952      5.87789325      1.18118571     0.393565035     0.375443616
          wgpu 2d 418g 499c x3w 9ms | egraph 119g->273v+0snap 34ms | graft 51 (-148n, 0 snap) cpu 0 | f64 30 | gen 0.2s | dropped inexpr 3 oversz 0 unbuild 0 {}
 342     0     100               0    0.0567127757    0.0692575862      1.12332466      1.55769428    0.0256206981    0.0216796279
 342     1      50               0     0.871177104      1.19938952      5.87789325      1.18118571     0.393565035     0.375443616
          wgpu 1d 193g 324c x3w 5ms | egraph 48g->178v+0snap 13ms | graft 50 (-128n, 0 snap) cpu 0 | f64 20 | gen 0.2s
 343     0     100               0    0.0567127757    0.0692575862      1.12332466      1.55769428    0.0256206981    0.0216796279
 343     1      50               0    0.0567127757    0.0692575862      1.12332466      1.55769428    0.0256206981    0.0216796279
          wgpu 1d 236g 352c x3w 5ms | egraph 58g->206v+0snap 19ms | graft 44 (-135n, 0 snap) cpu 0 | f64 20 | gen 0.5s
 344     0     100               0    0.0567127757    0.0692575862      1.12332466      1.55769428    0.0256206981    0.0216796279
 344     1      50               0    0.0567127757    0.0692575862      1.12332466      1.55769428    0.0256206981    0.0216796279
          wgpu 1d 243g 370c x3w 6ms | egraph 56g->224v+0snap 15ms | graft 50 (-158n, 0 snap) cpu 0 | f64 20 | gen 0.6s
 345     0     100               0    0.0567127757    0.0692575862      1.12332466      1.55769428    0.0256206981    0.0216796279
 345     1      50               0    0.0567127757    0.0692575862      1.12332466      1.55769428    0.0256206981    0.0216796279
          wgpu 1d 248g 364c x3w 8ms | egraph 63g->218v+0snap 18ms | graft 40 (-105n, 0 snap) cpu 0 | f64 20 | gen 0.2s
 346     0     100               0    0.0567127757    0.0692575862      1.12332466      1.55769428    0.0256206981    0.0216796279
 346     1      50               0    0.0567127757    0.0692575862      1.12332466      1.55769428    0.0256206981    0.0216796279
          wgpu 1d 227g 357c x3w 5ms | egraph 50g->211v+0snap 14ms | graft 42 (-122n, 0 snap) cpu 0 | f64 20 | gen 0.5s
 347     0     100               0    0.0567127757    0.0692575862      1.12332466      1.55769428    0.0256206981    0.0216796279
 347     1      50               0    0.0567127757    0.0692575862      1.12332466      1.55769428    0.0256206981    0.0216796279
          wgpu 1d 250g 364c x3w 6ms | egraph 43g->218v+0snap 14ms | graft 48 (-149n, 0 snap) cpu 0 | f64 20 | gen 0.5s | dropped inexpr 1 oversz 0 unbuild 0 {}
 348     0     100               0    0.0567127757    0.0692575862      1.12332466      1.55769428    0.0256206981    0.0216796279
 348     1      50               0    0.0567127757    0.0692575862      1.12332466      1.55769428    0.0256206981    0.0216796279
          wgpu 1d 234g 347c x3w 5ms | egraph 43g->201v+0snap 11ms | graft 37 (-112n, 0 snap) cpu 0 | f64 20 | gen 0.3s
 349     0     100               0    0.0567127757    0.0692575862      1.12332466      1.55769428    0.0256206981    0.0216796279
 349     1      50               0    0.0567127757    0.0692575862      1.12332466      1.55769428    0.0256206981    0.0216796279
          wgpu 1d 228g 368c x3w 6ms | egraph 47g->222v+0snap 15ms | graft 46 (-125n, 0 snap) cpu 0 | f64 20 | gen 0.7s
 350     0     100               0    0.0567127757    0.0692575862      1.12332466      1.55769428    0.0256206981    0.0216796279
 350     1      50               0    0.0567127778    0.0692575947      1.12332436      1.55769354     0.025620699    0.0216796306
          wgpu 1d 240g 364c x3w 5ms | egraph 50g->218v+0snap 19ms | graft 37 (-146n, 0 snap) cpu 0 | f64 20 | gen 0.4s
--------- pump migration: intra (promote-2 + intake-reset) ---------
 351     0     100               0    0.0567127757    0.0692575862      1.12332466      1.55769428    0.0256206981    0.0216796279
 351     1      50               0    0.0567127757    0.0692575862      1.12332466      1.55769428    0.0256206981    0.0216796279
          wgpu 2d 384g 495c x3w 9ms | egraph 106g->269v+0snap 54ms | graft 54 (-166n, 0 snap) cpu 0 | f64 30 | gen 0.5s | dropped inexpr 5 oversz 0 unbuild 0 {}
 352     0     100               0    0.0567127757    0.0692575862      1.12332466      1.55769428    0.0256206981    0.0216796279
 352     1      50               0    0.0567127757    0.0692575862      1.12332466      1.55769428    0.0256206981    0.0216796279
          wgpu 1d 241g 353c x3w 5ms | egraph 42g->207v+0snap 11ms | graft 50 (-128n, 0 snap) cpu 0 | f64 20 | gen 0.4s
 353     0     100               0    0.0567127757    0.0692575862      1.12332466      1.55769428    0.0256206981    0.0216796279
 353     1      50               0    0.0567127757    0.0692575862      1.12332466      1.55769428    0.0256206981    0.0216796279
          wgpu 1d 217g 340c x3w 7ms | egraph 42g->194v+0snap 12ms | graft 37 (-87n, 0 snap) cpu 0 | f64 20 | gen 0.3s | dropped inexpr 3 oversz 0 unbuild 0 {}
 354     0     100               0    0.0567127757    0.0692575862      1.12332466      1.55769428    0.0256206981    0.0216796279
 354     1      50               0    0.0567127757    0.0692575862      1.12332466      1.55769428    0.0256206981    0.0216796279
          wgpu 1d 227g 350c x3w 5ms | egraph 41g->204v+0snap 13ms | graft 43 (-100n, 0 snap) cpu 0 | f64 20 | gen 0.6s
 355     0     100               0    0.0567127757    0.0692575862      1.12332466      1.55769428    0.0256206981    0.0216796279
 355     1      50               0    0.0567127757    0.0692575862      1.12332466      1.55769428    0.0256206981    0.0216796279
          wgpu 1d 201g 343c x3w 5ms | egraph 31g->197v+0snap 12ms | graft 41 (-109n, 0 snap) cpu 0 | f64 20 | gen 0.3s
 356     0     100               0    0.0567127757    0.0692575862      1.12332466      1.55769428    0.0256206981    0.0216796279
 356     1      50               0    0.0567127757    0.0692575862      1.12332466      1.55769428    0.0256206981    0.0216796279
          wgpu 1d 232g 363c x3w 6ms | egraph 44g->217v+0snap 15ms | graft 48 (-149n, 0 snap) cpu 0 | f64 20 | gen 0.3s
 357     0     100               0    0.0567127757    0.0692575862      1.12332466      1.55769428    0.0256206981    0.0216796279
 357     1      50               0    0.0567127757    0.0692575862      1.12332466      1.55769428    0.0256206981    0.0216796279
          wgpu 1d 247g 369c x3w 5ms | egraph 46g->223v+0snap 17ms | graft 43 (-130n, 0 snap) cpu 0 | f64 20 | gen 0.2s
 358     0     100               0    0.0567127757    0.0692575862      1.12332466      1.55769428    0.0256206981    0.0216796279
 358     1      50               0    0.0567127757    0.0692575862      1.12332466      1.55769428    0.0256206981    0.0216796279
          wgpu 1d 227g 344c x3w 5ms | egraph 45g->198v+0snap 13ms | graft 44 (-106n, 0 snap) cpu 0 | f64 20 | gen 0.3s | dropped inexpr 1 oversz 0 unbuild 0 {}
 359     0     100               0    0.0567127757    0.0692575862      1.12332466      1.55769428    0.0256206981    0.0216796279
 359     1      50               0    0.0567127757    0.0692575862      1.12332466      1.55769428    0.0256206981    0.0216796279
          wgpu 1d 222g 347c x3w 5ms | egraph 42g->201v+0snap 16ms | graft 45 (-109n, 0 snap) cpu 0 | f64 20 | gen 0.2s
