/opt/anaconda3/lib/python3.12/site-packages/geppy/__init__.py:26: UserWarning: pkg_resources is deprecated as an API. See https://setuptools.pypa.io/en/latest/pkg_resources.html. The pkg_resources package is slated for removal as early as 2025-11-30. Refrain from using this package or pin to Setuptools<81.
  from pkg_resources import get_distribution, DistributionNotFound
hff library OK (test fitness: (0.1415394733244273,))
registry: ['circle_area', 'gravity', 'coulomb', 'pendulum', 'keplers3', 'ideal_gas', 'I_6_2a', 'I_6_2', 'I_6_2b', 'I_8_14', 'I_9_18', 'I_10_7', 'I_11_19', 'I_12_1', 'I_12_2', 'I_12_4', 'I_12_5', 'I_12_11', 'I_13_4', 'I_13_12', 'I_14_3', 'I_14_4', 'I_15_3x', 'I_15_3t', 'I_15_1', 'I_16_6', 'I_18_4', 'I_18_12', 'I_18_14', 'I_24_6', 'I_25_13', 'I_26_2', 'I_27_6', 'I_29_4', 'I_29_16', 'I_30_3', 'I_30_5', 'I_32_5', 'I_32_17', 'I_34_8', 'I_34_1', 'I_34_14', 'I_34_27', 'I_37_4', 'I_38_12', 'I_39_1', 'I_39_11', 'I_39_22', 'I_40_1', 'I_41_16', 'I_43_16', 'I_43_31', 'I_43_43', 'I_44_4', 'I_47_23', 'I_48_2', 'I_50_26', 'II_2_42', 'II_3_24', 'II_4_23', 'II_6_11', 'II_6_15a', 'II_6_15b', 'II_8_7', 'II_8_31', 'II_10_9', 'II_11_3', 'II_11_17', 'II_11_20', 'II_11_27', 'II_11_28', 'II_13_17', 'II_13_23', 'II_13_34', 'II_15_4', 'II_15_5', 'II_21_32', 'II_24_17', 'II_27_16', 'II_27_18', 'II_34_2a', 'II_34_2', 'II_34_11', 'II_34_29a', 'II_34_29b', 'II_35_18', 'II_35_21', 'II_36_38', 'II_37_1', 'II_38_3', 'II_38_14', 'III_4_32', 'III_4_33', 'III_7_38', 'III_8_54', 'III_9_52', 'III_10_19', 'III_12_43', 'III_13_18', 'III_14_14', 'III_15_12', 'III_15_14', 'III_15_27', 'III_17_37', 'III_19_51', 'III_21_20', 'test_1', 'test_2', 'test_3', 'test_4', 'test_5', 'test_6', 'test_7', 'test_8', 'test_9', 'test_10', 'test_11', 'test_12', 'test_13', 'test_14', 'test_15', 'test_16', 'test_17', 'test_18', 'test_19', 'test_20']
[feynman override] head_length=48 (keep n_genes=3, avgval linker)
Selected problem: I_44_4
  Description : Feynman I-III I.44.4: E_n = n*kb*T*ln(V2/V1)
  Variables   : ['n', 'kb', 'T', 'V1', 'V2']
  Train range : {'n': (1.0, 5.0), 'kb': (1.0, 5.0), 'T': (1.0, 5.0), 'V1': (1.0, 5.0), 'V2': (1.0, 5.0)}
  Extrap range: {'n': (1.0, 7.5), 'kb': (1.0, 7.5), 'T': (1.0, 7.5), 'V1': (1.0, 7.5), 'V2': (1.0, 7.5)}
  Truth       : n*kb*T*ln(V2/V1)
  ✓ cache hit  (data/equations/I_44_4, key=1bb19d43f5ee5daf)
  train           (800, 6)  target range=[-128.8, 105.8]
  val             (200, 6)  target range=[-81.78, 68.94]
  holdout         (200, 6)  target range=[-82.55, 79.34]
  extrapolation   (200, 6)  target range=[-247.1, 323.9]
(skipping pairplot — too many variables: 5)
Wide primitive set enabled: sin, cos, exp, log added.
[E22 rules] variable pattern tags: {'paired_numbered'}
[rules] HFF_RULES=generic: ['sum_sq_all', 'power_law']
[E22/23 rules] static candidate count: 1
[E22/23 rules] allowed to take a fitness slot (exact): 0
  [sum_sq_all/sum_sq] a=0.0522 b=-2.4480e+00 1-R²_va=9.9196e-01
[fuller] denoise + snap IN THE JOIN (every gene, every generation, K=8); mutation operators: physics=0.2 concretize=0.05
Wrapper scope: per_island  (island → wrapper map: ['identity', 'identity'])
[wgpu] process pool disabled — Metal cannot survive fork(); the population is evaluated in one dispatch instead
Genes: head_length=48, n_genes=3, rnc_array_length=10
Population: (per-island, see below), elites: 2, generations: 400, migration FREQ: 30
  pump per-island sizes: intake=100 (tournsize=8), champion=50 (tournsize=5)
Initialising evolution at 2026-09-19 07:42:45.856256
 gen  deme   evals     min fitness          mse_tr          mse_va         max_err      mse_extrap  one_minus_r2_tr  one_minus_r2_va
   0     0     100    0.0261206291      269.146085      274.506842      66.2176202      2731.89001     0.604492285     0.589386485
   0     1      50    0.0081028011      195.566018      181.650508       61.106648      3041.15585      0.43923414     0.390017071
          wgpu 1d 300g 245c x3w 9ms | egraph 199g->95v+0snap 77ms | graft 20 (-76n, 0 snap) cpu 0 | f64 32 | gen 0.0s | dropped inexpr 5 oversz 0 unbuild 0 {}
Extending evolution: gen 1 → 400 (+400 generations)
   1     0     100    0.0261206291      269.146085      274.506842      66.2176202      2731.89001     0.604492285     0.589386485
   1     1      50    0.0081028011      195.566018      181.650508       61.106648      3041.15585      0.43923414     0.390017071
          wgpu 1d 146g 211c x3w 4ms | egraph 74g->65v+0snap 16ms | graft 11 (-49n, 0 snap) cpu 0 | f64 21 | gen 0.3s
   2     0     100    0.0261206291      269.146085      274.506842      66.2176202      2731.89001     0.604492285     0.589386485
   2     1      50    0.0081028011      195.566018      181.650508       61.106648      3041.15585      0.43923414     0.390017071
          wgpu 1d 162g 251c x3w 7ms | egraph 63g->105v+0snap 14ms | graft 19 (-105n, 0 snap) cpu 0 | f64 20 | gen 0.4s | dropped inexpr 1 oversz 0 unbuild 0 {}
   3     0     100    0.0123559316      161.168568      195.698701      49.1837057      2072.01913     0.361978723     0.420179579
   3     1      50    0.0081028011      195.566018      181.650508       61.106648      3041.15585      0.43923414     0.390017071
          wgpu 1d 131g 215c x3w 4ms | egraph 57g->69v+0snap 12ms | graft 10 (-52n, 0 snap) cpu 0 | f64 24 | gen 0.3s | dropped inexpr 3 oversz 0 unbuild 0 {}
   4     0     100    0.0123559316      161.168568      195.698701      49.1837057      2072.01913     0.361978723     0.420179579
   4     1      50    0.0081028011      195.566018      181.650508       61.106648      3041.15585      0.43923414     0.390017071
          wgpu 1d 148g 218c x3w 4ms | egraph 61g->72v+0snap 18ms | graft 4 (-15n, 0 snap) cpu 0 | f64 27 | gen 0.3s | dropped inexpr 1 oversz 0 unbuild 0 {}
   5     0     100    0.0123559316      161.168568      195.698701      49.1837057      2072.01913     0.361978723     0.420179579
   5     1      50    0.0081028011      195.566018      181.650508       61.106648      3041.15585      0.43923414     0.390017071
          wgpu 1d 131g 215c x3w 4ms | egraph 58g->69v+0snap 33ms | graft 9 (-36n, 0 snap) cpu 0 | f64 20 | gen 0.3s
   6     0     100    0.0123559316      161.168568      195.698701      49.1837057      2072.01913     0.361978723     0.420179579
   6     1      50    0.0081028011      195.566018      181.650508       61.106648      3041.15585      0.43923414     0.390017071
          wgpu 1d 163g 228c x3w 4ms | egraph 52g->82v+0snap 12ms | graft 17 (-88n, 0 snap) cpu 0 | f64 20 | gen 0.4s
   7     0     100    0.0123559316      161.168568      195.698701      49.1837057      2072.01913     0.361978723     0.420179579
   7     1      50    0.0081028011      195.566018      181.650508       61.106648      3041.15585      0.43923414     0.390017071
          wgpu 1d 185g 253c x3w 4ms | egraph 61g->107v+0snap 15ms | graft 13 (-51n, 0 snap) cpu 0 | f64 20 | gen 0.5s
   8     0     100    0.0123559316      161.168568      195.698701      49.1837057      2072.01913     0.361978723     0.420179579
   8     1      50    0.0081028011      195.566018      181.650508       61.106648      3041.15585      0.43923414     0.390017071
          wgpu 1d 204g 311c x3w 5ms | egraph 60g->165v+0snap 16ms | graft 30 (-162n, 0 snap) cpu 0 | f64 20 | gen 0.9s | dropped inexpr 1 oversz 0 unbuild 0 {}
   9     0     100    0.0123559316      161.168568      195.698701      49.1837057      2072.01913     0.361978723     0.420179579
   9     1      50    0.0081028011      195.566018      181.650508       61.106648      3041.15585      0.43923414     0.390017071
          wgpu 1d 169g 268c x3w 4ms | egraph 43g->122v+0snap 22ms | graft 23 (-104n, 0 snap) cpu 0 | f64 20 | gen 0.6s
  10     0     100    0.0073920875      143.290626       156.72873      48.8008921      1954.12153     0.321825516     0.336508171
  10     1      50    0.0081028011      195.566018      181.650508       61.106648      3041.15585      0.43923414     0.390017071
          wgpu 1d 189g 305c x3w 5ms | egraph 57g->159v+0snap 15ms | graft 20 (-129n, 0 snap) cpu 0 | f64 20 | gen 0.8s | dropped inexpr 2 oversz 0 unbuild 0 {}
--------- pump migration: intra (promote-2 + intake-reset) ---------
  11     0     100    0.0073920875      143.290626       156.72873      48.8008921      1954.12153     0.321825516     0.336508171
  11     1      50    0.0073920875      143.290626       156.72873      48.8008921      1954.12153     0.321825516     0.336508171
          wgpu 2d 407g 530c x3w 14ms | egraph 183g->304v+0snap 43ms | graft 33 (-182n, 0 snap) cpu 0 | f64 30 | gen 1.3s | dropped inexpr 6 oversz 0 unbuild 0 {}
  12     0     100    0.0073920875      143.290626       156.72873      48.8008921      1954.12153     0.321825516     0.336508171
  12     1      50    0.0073920875      143.290626       156.72873      48.8008921      1954.12153     0.321825516     0.336508171
          wgpu 1d 301g 608c x3w 9ms | egraph 102g->462v+0snap 34ms | graft 40 (-302n, 0 snap) cpu 0 | f64 20 | gen 2.6s | dropped inexpr 2 oversz 0 unbuild 0 {}
  13     0     100   0.00624415105      143.214298      155.723695      47.8688295      1960.56313     0.321654086     0.334350286
  13     1      50    0.0073920875      143.290626       156.72873      48.8008921      1954.12153     0.321825516     0.336508171
          wgpu 1d 340g 588c x3w 10ms | egraph 109g->442v+0snap 37ms | graft 39 (-261n, 0 snap) cpu 0 | f64 26 | gen 2.3s | dropped inexpr 2 oversz 0 unbuild 0 {}
  14     0     100   0.00624415105      143.214298      155.723695      47.8688295      1960.56313     0.321654086     0.334350286
  14     1      50    0.0073920875      143.290626       156.72873      48.8008921      1954.12153     0.321825516     0.336508171
          wgpu 1d 330g 583c x3w 10ms | egraph 111g->437v+0snap 39ms | graft 47 (-273n, 0 snap) cpu 0 | f64 20 | gen 2.1s
  15     0     100   0.00624415105      143.214298      155.723695      47.8688295      1960.56313     0.321654086     0.334350286
  15     1      50    0.0073920875      143.290626       156.72873      48.8008921      1954.12153     0.321825516     0.336508171
          wgpu 1d 336g 566c x3w 9ms | egraph 101g->420v+0snap 25ms | graft 45 (-276n, 0 snap) cpu 0 | f64 20 | gen 2.2s
  16     0     100   0.00624415105      143.214298      155.723695      47.8688295      1960.56313     0.321654086     0.334350286
  16     1      50    0.0073920875      143.290626       156.72873      48.8008921      1954.12153     0.321825516     0.336508171
          wgpu 1d 314g 553c x3w 18ms | egraph 92g->407v+0snap 26ms | graft 34 (-246n, 0 snap) cpu 0 | f64 20 | gen 2.0s
  17     0     100   0.00624415105      143.214298      155.723695      47.8688295      1960.56313     0.321654086     0.334350286
  17     1      50    0.0073920875      143.290626       156.72873      48.8008921      1954.12153     0.321825516     0.336508171
          wgpu 1d 325g 547c x3w 9ms | egraph 84g->401v+0snap 22ms | graft 45 (-221n, 0 snap) cpu 0 | f64 20 | gen 1.8s | dropped inexpr 1 oversz 0 unbuild 0 {}
  18     0     100   0.00624415105      143.214298      155.723695      47.8688295      1960.56313     0.321654086     0.334350286
  18     1      50    0.0073920875      143.290626       156.72873      48.8008921      1954.12153     0.321825516     0.336508171
          wgpu 1d 310g 552c x3w 10ms | egraph 70g->406v+0snap 22ms | graft 38 (-279n, 0 snap) cpu 0 | f64 20 | gen 1.2s | dropped inexpr 2 oversz 0 unbuild 0 {}
  19     0     100   0.00624415105      143.214298      155.723695      47.8688295      1960.56313     0.321654086     0.334350286
  19     1      50    0.0073920875      143.290626       156.72873      48.8008921      1954.12153     0.321825516     0.336508171
          wgpu 1d 358g 592c x3w 11ms | egraph 89g->446v+0snap 39ms | graft 53 (-373n, 0 snap) cpu 0 | f64 20 | gen 2.0s
  20     0     100   0.00596032331      137.032197      152.784707      47.8629626      1938.45446     0.307769314     0.328040061
  20     1      50    0.0073920875      143.290626       156.72873      48.8008921      1954.12153     0.321825516     0.336508171
          wgpu 1d 291g 537c x3w 9ms | egraph 65g->391v+0snap 18ms | graft 29 (-208n, 0 snap) cpu 0 | f64 20 | gen 1.3s
--------- pump migration: intra (promote-2 + intake-reset) ---------
  21     0     100   0.00596032331      137.032197      152.784707      47.8629626      1938.45446     0.307769314     0.328040061
  21     1      50   0.00596032331      137.032197      152.784707      47.8629626      1938.45446     0.307769314     0.328040061
          wgpu 2d 512g 657c x3w 12ms | egraph 176g->431v+0snap 59ms | graft 51 (-369n, 0 snap) cpu 0 | f64 30 | gen 1.1s | dropped inexpr 4 oversz 0 unbuild 0 {}
  22     0     100   0.00596032331      137.032197      152.784707      47.8629626      1938.45446     0.307769314     0.328040061
  22     1      50   0.00428139511      137.032197      152.784707      47.8629626      1938.45446     0.307769314     0.328040061
          wgpu 1d 364g 557c x3w 13ms | egraph 110g->411v+0snap 34ms | graft 55 (-412n, 0 snap) cpu 0 | f64 20 | gen 1.1s | dropped inexpr 2 oversz 0 unbuild 0 {}
  23     0     100   0.00596032331      137.032197      152.784707      47.8629626      1938.45446     0.307769314     0.328040061
  23     1      50   0.00428139511      137.032197      152.784707      47.8629626      1938.45446     0.307769314     0.328040061
          wgpu 1d 270g 508c x3w 9ms | egraph 74g->362v+0snap 21ms | graft 32 (-190n, 0 snap) cpu 0 | f64 20 | gen 1.4s | dropped inexpr 1 oversz 0 unbuild 0 {}
  24     0     100   0.00596032331      137.032197      152.784707      47.8629626      1938.45446     0.307769314     0.328040061
  24     1      50   0.00428139511      137.032197      152.784707      47.8629626      1938.45446     0.307769314     0.328040061
          wgpu 1d 309g 516c x3w 7ms | egraph 86g->370v+0snap 24ms | graft 54 (-287n, 0 snap) cpu 0 | f64 20 | gen 1.1s | dropped inexpr 2 oversz 0 unbuild 0 {}
  25     0     100   0.00596032331      137.032197      152.784707      47.8629626      1938.45446     0.307769314     0.328040061
  25     1      50   0.00428139511      137.032197      152.784707      47.8629626      1938.45446     0.307769314     0.328040061
          wgpu 1d 302g 497c x3w 6ms | egraph 84g->351v+0snap 28ms | graft 43 (-321n, 0 snap) cpu 0 | f64 20 | gen 0.8s | dropped inexpr 1 oversz 0 unbuild 0 {}
  26     0     100   0.00596032331      137.032197      152.784707      47.8629626      1938.45446     0.307769314     0.328040061
  26     1      50   0.00156244988      135.678045      151.730489      45.4511768      1893.48857     0.304727938     0.325776577
          wgpu 1d 291g 493c x3w 6ms | egraph 78g->347v+0snap 20ms | graft 34 (-220n, 0 snap) cpu 0 | f64 20 | gen 0.6s
  27     0     100   0.00596032331      137.032197      152.784707      47.8629626      1938.45446     0.307769314     0.328040061
  27     1      50   0.00156244988      135.678045      151.730489      45.4511768      1893.48857     0.304727938     0.325776577
          wgpu 1d 348g 536c x3w 10ms | egraph 103g->390v+0snap 35ms | graft 51 (-367n, 0 snap) cpu 0 | f64 20 | gen 1.6s
  28     0     100   0.00596032331      137.032197      152.784707      47.8629626      1938.45446     0.307769314     0.328040061
  28     1      50   0.00156244988      135.678045      151.730489      45.4511768      1893.48857     0.304727938     0.325776577
          wgpu 1d 304g 524c x3w 6ms | egraph 92g->378v+0snap 30ms | graft 49 (-347n, 0 snap) cpu 0 | f64 20 | gen 0.8s | dropped inexpr 2 oversz 0 unbuild 0 {}
  29     0     100   0.00596032331      137.032197      152.784707      47.8629626      1938.45446     0.307769314     0.328040061
  29     1      50   0.00156244988      135.678045      151.730489      45.4511768      1893.48857     0.304727938     0.325776577
          wgpu 1d 345g 535c x3w 13ms | egraph 100g->389v+0snap 30ms | graft 44 (-244n, 0 snap) cpu 0 | f64 20 | gen 0.7s
  30     0     100   0.00596032331      137.032197      152.784707      47.8629626      1938.45446     0.307769314     0.328040061
  30     1      50   0.00156244988      135.678045      151.730489      45.4511768      1893.48857     0.304727938     0.325776577
          wgpu 1d 338g 539c x3w 7ms | egraph 94g->393v+0snap 37ms | graft 40 (-328n, 0 snap) cpu 0 | f64 20 | gen 0.9s
--------- pump migration: intra (promote-2 + intake-reset) ---------
  31     0     100               0       264.59013      304.415026      59.0033965      2998.45379     0.594259776     0.653601566
  31     1      50   0.00156244988      135.678045      151.730489      45.4511768      1893.48857     0.304727938     0.325776577
          wgpu 2d 445g 581c x3w 10ms | egraph 157g->355v+0snap 44ms | graft 43 (-323n, 0 snap) cpu 0 | f64 30 | gen 0.8s | dropped inexpr 3 oversz 0 unbuild 0 {}
  32     0     100               0       264.59013      304.415026      59.0033965      2998.45379     0.594259776     0.653601566
  32     1      50   0.00156244988      135.678045      151.730489      45.4511768      1893.48857     0.304727938     0.325776577
          wgpu 1d 237g 349c x3w 5ms | egraph 83g->203v+0snap 19ms | graft 24 (-157n, 0 snap) cpu 0 | f64 20 | gen 0.5s
  33     0     100               0       264.59013      304.415026      59.0033965      2998.45379     0.594259776     0.653601566
  33     1      50   0.00156244988      135.678045      151.730489      45.4511768      1893.48857     0.304727938     0.325776577
          wgpu 1d 240g 336c x3w 5ms | egraph 77g->190v+0snap 19ms | graft 21 (-137n, 0 snap) cpu 0 | f64 20 | gen 0.4s | dropped inexpr 1 oversz 0 unbuild 0 {}
  34     0     100               0       264.59013      304.415026      59.0033965      2998.45379     0.594259776     0.653601566
  34     1      50   0.00156244988      135.678045      151.730489      45.4511768      1893.48857     0.304727938     0.325776577
          wgpu 1d 239g 325c x3w 6ms | egraph 77g->179v+0snap 24ms | graft 21 (-141n, 0 snap) cpu 0 | f64 20 | gen 0.5s
  35     0     100               0       264.59013      304.415026      59.0033965      2998.45379     0.594259776     0.653601566
  35     1      50   0.00156244988      135.678045      151.730489      45.4511768      1893.48857     0.304727938     0.325776577
          wgpu 1d 218g 359c x3w 5ms | egraph 62g->213v+0snap 25ms | graft 19 (-111n, 0 snap) cpu 0 | f64 20 | gen 0.5s | dropped inexpr 1 oversz 0 unbuild 0 {}
  36     0     100               0       264.59013      304.415026      59.0033965      2998.45379     0.594259776     0.653601566
  36     1      50   0.00156244988      135.678045      151.730489      45.4511768      1893.48857     0.304727938     0.325776577
          wgpu 1d 234g 349c x3w 5ms | egraph 63g->203v+0snap 18ms | graft 20 (-132n, 0 snap) cpu 0 | f64 20 | gen 0.8s
  37     0     100               0       264.59013      304.415026      59.0033965      2998.45379     0.594259776     0.653601566
  37     1      50   0.00156244988      135.678045      151.730489      45.4511768      1893.48857     0.304727938     0.325776577
          wgpu 1d 257g 369c x3w 5ms | egraph 75g->223v+0snap 19ms | graft 24 (-228n, 0 snap) cpu 0 | f64 20 | gen 0.6s
  38     0     100               0       264.59013      304.415026      59.0033965      2998.45379     0.594259776     0.653601566
  38     1      50   0.00156244988      135.678045      151.730489      45.4511768      1893.48857     0.304727938     0.325776577
          wgpu 1d 234g 362c x3w 5ms | egraph 59g->216v+0snap 18ms | graft 15 (-119n, 0 snap) cpu 0 | f64 20 | gen 0.5s | dropped inexpr 1 oversz 0 unbuild 0 {}
  39     0     100               0       264.59013      304.415026      59.0033965      2998.45379     0.594259776     0.653601566
  39     1      50   0.00156244988      135.678045      151.730489      45.4511768      1893.48857     0.304727938     0.325776577
          wgpu 1d 270g 389c x3w 12ms | egraph 71g->243v+0snap 22ms | graft 28 (-225n, 0 snap) cpu 0 | f64 20 | gen 0.9s
  40     0     100               0       264.59013      304.415026      59.0033965      2998.45379     0.594259776     0.653601566
  40     1      50   0.00156244988      135.678045      151.730489      45.4511768      1893.48857     0.304727938     0.325776577
          wgpu 1d 219g 344c x3w 5ms | egraph 62g->198v+0snap 19ms | graft 25 (-159n, 0 snap) cpu 0 | f64 20 | gen 0.5s
--------- pump migration: intra (promote-2 + intake-reset) ---------
  41     0     100               0       264.59013      304.415026      59.0033965      2998.45379     0.594259776     0.653601566
  41     1      50               0       264.59013      304.415026      59.0033965      2998.45379     0.594259776     0.653601566
          wgpu 2d 362g 368c x3w 8ms | egraph 131g->142v+0snap 50ms | graft 18 (-92n, 0 snap) cpu 0 | f64 30 | gen 0.5s | dropped inexpr 1 oversz 0 unbuild 0 {}
  42     0     100               0       264.59013      304.415026      59.0033965      2998.45379     0.594259776     0.653601566
  42     1      50               0      135.556568      147.856537      42.9318535      1889.58173     0.304455104     0.317458916
          wgpu 1d 192g 261c x3w 4ms | egraph 47g->115v+0snap 12ms | graft 15 (-63n, 0 snap) cpu 0 | f64 20 | gen 0.3s
  43     0     100               0       264.59013      304.415026      59.0033965      2998.45379     0.594259776     0.653601566
  43     1      50               0       264.59013      304.415026      59.0033965      2998.45379     0.594259776     0.653601566
          wgpu 1d 242g 307c x3w 5ms | egraph 70g->161v+0snap 15ms | graft 17 (-73n, 0 snap) cpu 0 | f64 20 | gen 0.3s | dropped inexpr 2 oversz 0 unbuild 0 {}
  44     0     100               0       264.59013      304.415026      59.0033965      2998.45379     0.594259776     0.653601566
  44     1      50               0      135.556568      147.856537      42.9318535      1889.58173     0.304455104     0.317458916
          wgpu 1d 234g 301c x3w 5ms | egraph 64g->155v+0snap 21ms | graft 14 (-65n, 0 snap) cpu 0 | f64 20 | gen 0.3s | dropped inexpr 3 oversz 0 unbuild 0 {}
  45     0     100               0       264.59013      304.415026      59.0033965      2998.45379     0.594259776     0.653601566
  45     1      50               0      135.556568      147.856537      42.9318535      1889.58173     0.304455104     0.317458916
          wgpu 1d 202g 316c x3w 5ms | egraph 49g->170v+0snap 14ms | graft 14 (-69n, 0 snap) cpu 0 | f64 20 | gen 0.5s
  46     0     100               0       264.59013      304.415026      59.0033965      2998.45379     0.594259776     0.653601566
  46     1      50               0      135.556568      147.856537      42.9318535      1889.58173     0.304455104     0.317458916
          wgpu 1d 207g 346c x3w 5ms | egraph 49g->200v+0snap 14ms | graft 21 (-123n, 0 snap) cpu 0 | f64 20 | gen 0.4s | dropped inexpr 1 oversz 0 unbuild 0 {}
  47     0     100               0       264.59013      304.415026      59.0033965      2998.45379     0.594259776     0.653601566
  47     1      50               0      135.556568      147.856537      42.9318535      1889.58173     0.304455104     0.317458916
          wgpu 1d 241g 327c x3w 5ms | egraph 60g->181v+0snap 16ms | graft 20 (-108n, 0 snap) cpu 0 | f64 20 | gen 0.3s
  48     0     100               0       264.59013      304.415026      59.0033965      2998.45379     0.594259776     0.653601566
  48     1      50               0      135.556568      147.856537      42.9318535      1889.58173     0.304455104     0.317458916
          wgpu 1d 212g 329c x3w 5ms | egraph 41g->183v+0snap 17ms | graft 23 (-154n, 0 snap) cpu 0 | f64 20 | gen 0.6s
  49     0     100               0       264.59013      304.415026      59.0033965      2998.45379     0.594259776     0.653601566
  49     1      50               0      135.556568      147.856537      42.9318535      1889.58173     0.304455104     0.317458916
          wgpu 1d 191g 309c x3w 4ms | egraph 46g->163v+0snap 14ms | graft 18 (-114n, 0 snap) cpu 0 | f64 20 | gen 0.4s
  50     0     100               0       264.59013      304.415026      59.0033965      2998.45379     0.594259776     0.653601566
  50     1      50               0      135.556568      147.856537      42.9318535      1889.58173     0.304455104     0.317458916
          wgpu 1d 224g 337c x3w 7ms | egraph 45g->191v+0snap 13ms | graft 16 (-80n, 0 snap) cpu 0 | f64 20 | gen 0.3s
--------- pump migration: intra (promote-2 + intake-reset) ---------
  51     0     100               0       264.59013      304.415026      59.0033965      2998.45379     0.594259776     0.653601566
  51     1      50               0      135.556568      147.856537      42.9318535      1889.58173     0.304455104     0.317458916
          wgpu 2d 349g 402c x3w 30ms | egraph 126g->176v+0snap 26ms | graft 27 (-129n, 0 snap) cpu 0 | f64 30 | gen 0.3s | dropped inexpr 4 oversz 0 unbuild 0 {}
  52     0     100               0       264.59013      304.415026      59.0033965      2998.45379     0.594259776     0.653601566
  52     1      50               0      135.556568      147.856537      42.9318535      1889.58173     0.304455104     0.317458916
          wgpu 1d 235g 326c x3w 14ms | egraph 50g->180v+0snap 18ms | graft 20 (-118n, 0 snap) cpu 0 | f64 20 | gen 0.4s
  53     0     100               0       264.59013      304.415026      59.0033965      2998.45379     0.594259776     0.653601566
  53     1      50               0      135.556568      147.856537      42.9318535      1889.58173     0.304455104     0.317458916
          wgpu 1d 215g 322c x3w 5ms | egraph 31g->176v+0snap 8ms | graft 19 (-125n, 0 snap) cpu 0 | f64 20 | gen 0.3s
  54     0     100               0       264.59013      304.415026      59.0033965      2998.45379     0.594259776     0.653601566
  54     1      50               0      135.556568      147.856537      42.9318535      1889.58173     0.304455104     0.317458916
          wgpu 1d 211g 331c x3w 5ms | egraph 48g->185v+0snap 12ms | graft 21 (-107n, 0 snap) cpu 0 | f64 20 | gen 0.3s
  55     0     100               0       264.59013      304.415026      59.0033965      2998.45379     0.594259776     0.653601566
  55     1      50               0      135.556568      147.856537      42.9318535      1889.58173     0.304455104     0.317458916
          wgpu 1d 212g 328c x3w 5ms | egraph 35g->182v+0snap 14ms | graft 18 (-158n, 0 snap) cpu 0 | f64 20 | gen 0.3s
  56     0     100               0       264.59013      304.415026      59.0033965      2998.45379     0.594259776     0.653601566
  56     1      50               0      135.556568      147.856537      42.9318535      1889.58173     0.304455104     0.317458916
          wgpu 1d 221g 327c x3w 5ms | egraph 41g->181v+0snap 10ms | graft 15 (-89n, 0 snap) cpu 0 | f64 20 | gen 0.3s
  57     0     100               0       264.59013      304.415026      59.0033965      2998.45379     0.594259776     0.653601566
  57     1      50               0      135.556568      147.856537      42.9318535      1889.58173     0.304455104     0.317458916
          wgpu 1d 204g 314c x3w 5ms | egraph 41g->168v+0snap 12ms | graft 17 (-98n, 0 snap) cpu 0 | f64 20 | gen 0.4s | dropped inexpr 1 oversz 0 unbuild 0 {}
  58     0     100               0       264.59013      304.415026      59.0033965      2998.45379     0.594259776     0.653601566
  58     1      50               0      135.556568      147.856537      42.9318535      1889.58173     0.304455104     0.317458916
          wgpu 1d 190g 316c x3w 5ms | egraph 42g->170v+0snap 11ms | graft 18 (-95n, 0 snap) cpu 0 | f64 20 | gen 0.3s
  59     0     100               0       264.59013      304.415026      59.0033965      2998.45379     0.594259776     0.653601566
  59     1      50               0      135.556568      147.856537      42.9318535      1889.58173     0.304455104     0.317458916
          wgpu 1d 238g 314c x3w 5ms | egraph 51g->168v+0snap 11ms | graft 18 (-88n, 0 snap) cpu 0 | f64 20 | gen 0.4s | dropped inexpr 1 oversz 0 unbuild 0 {}
  60     0     100               0       264.59013      304.415026      59.0033965      2998.45379     0.594259776     0.653601566
  60     1      50               0      135.556568      147.856537      42.9318535      1889.58173     0.304455104     0.317458916
          wgpu 1d 226g 321c x3w 5ms | egraph 33g->175v+0snap 9ms | graft 19 (-111n, 0 snap) cpu 0 | f64 20 | gen 0.2s
--------- pump migration: intra (promote-2 + intake-reset) + cross ---------
  61     0     100               0       264.59013      304.415026      59.0033965      2998.45379     0.594259776     0.653601566
  61     1      50               0       264.59013      304.415026      59.0033965      2998.45379     0.594259776     0.653601566
          wgpu 2d 360g 377c x3w 8ms | egraph 110g->151v+0snap 27ms | graft 19 (-103n, 0 snap) cpu 0 | f64 30 | gen 0.2s | dropped inexpr 5 oversz 0 unbuild 0 {}
  62     0     100               0       264.59013      304.415026      59.0033965      2998.45379     0.594259776     0.653601566
  62     1      50               0       264.59013      304.415026      59.0033965      2998.45379     0.594259776     0.653601566
          wgpu 1d 145g 229c x3w 4ms | egraph 25g->83v+0snap 6ms | graft 7 (-41n, 0 snap) cpu 0 | f64 20 | gen 0.2s
  63     0     100               0       264.59013      304.415026      59.0033965      2998.45379     0.594259776     0.653601566
  63     1      50               0       264.59013      304.415026      59.0033965      2998.45379     0.594259776     0.653601566
          wgpu 1d 187g 259c x3w 11ms | egraph 41g->113v+0snap 11ms | graft 12 (-61n, 0 snap) cpu 0 | f64 20 | gen 0.3s | dropped inexpr 2 oversz 0 unbuild 0 {}
  64     0     100               0       264.59013      304.415026      59.0033965      2998.45379     0.594259776     0.653601566
  64     1      50               0       264.59013      304.415026      59.0033965      2998.45379     0.594259776     0.653601566
          wgpu 1d 175g 220c x3w 4ms | egraph 36g->74v+0snap 10ms | graft 7 (-24n, 0 snap) cpu 0 | f64 20 | gen 0.2s
  65     0     100               0       264.59013      304.415026      59.0033965      2998.45379     0.594259776     0.653601566
  65     1      50               0       264.59013      304.415026      59.0033965      2998.45379     0.594259776     0.653601566
          wgpu 1d 184g 237c x3w 4ms | egraph 42g->91v+0snap 17ms | graft 7 (-35n, 0 snap) cpu 0 | f64 20 | gen 0.2s
  66     0     100               0       264.59013      304.415026      59.0033965      2998.45379     0.594259776     0.653601566
  66     1      50               0       264.59013      304.415026      59.0033965      2998.45379     0.594259776     0.653601566
          wgpu 1d 184g 236c x3w 5ms | egraph 50g->90v+0snap 15ms | graft 8 (-45n, 0 snap) cpu 0 | f64 20 | gen 0.2s | dropped inexpr 2 oversz 0 unbuild 0 {}
  67     0     100               0       264.59013      304.415026      59.0033965      2998.45379     0.594259776     0.653601566
  67     1      50               0       264.59013      304.415026      59.0033965      2998.45379     0.594259776     0.653601566
          wgpu 1d 144g 211c x3w 4ms | egraph 28g->65v+0snap 14ms | graft 7 (-39n, 0 snap) cpu 0 | f64 20 | gen 0.3s | dropped inexpr 3 oversz 0 unbuild 0 {}
  68     0     100               0       264.59013      304.415026      59.0033965      2998.45379     0.594259776     0.653601566
  68     1      50               0       264.59013      304.415026      59.0033965      2998.45379     0.594259776     0.653601566
          wgpu 1d 156g 212c x3w 4ms | egraph 29g->66v+0snap 8ms | graft 5 (-26n, 0 snap) cpu 0 | f64 20 | gen 0.2s | dropped inexpr 4 oversz 0 unbuild 0 {}
  69     0     100               0       264.59013      304.415026      59.0033965      2998.45379     0.594259776     0.653601566
  69     1      50               0       264.59013      304.415026      59.0033965      2998.45379     0.594259776     0.653601566
          wgpu 1d 146g 198c x3w 3ms | egraph 36g->52v+0snap 8ms | graft 8 (-40n, 0 snap) cpu 0 | f64 20 | gen 0.3s | dropped inexpr 1 oversz 0 unbuild 0 {}
  70     0     100               0       264.59013      304.415026      59.0033965      2998.45379     0.594259776     0.653601566
  70     1      50               0       264.59013      304.415026      59.0033965      2998.45379     0.594259776     0.653601566
          wgpu 1d 156g 186c x3w 4ms | egraph 34g->40v+0snap 12ms | graft 3 (-11n, 0 snap) cpu 0 | f64 20 | gen 0.2s
--------- pump migration: intra (promote-2 + intake-reset) ---------
  71     0     100               0       264.59013      304.415026      59.0033965      2998.45379     0.594259776     0.653601566
  71     1      50               0       264.59013      304.415026      59.0033965      2998.45379     0.594259776     0.653601566
          wgpu 2d 285g 305c x3w 7ms | egraph 110g->79v+0snap 32ms | graft 8 (-34n, 0 snap) cpu 0 | f64 30 | gen 0.2s | dropped inexpr 3 oversz 0 unbuild 0 {}
  72     0     100               0       264.59013      304.415026      59.0033965      2998.45379     0.594259776     0.653601566
  72     1      50               0      130.637413      143.624974      49.3246648      1868.45226     0.293406862     0.308373439
          wgpu 1d 132g 184c x3w 3ms | egraph 37g->38v+0snap 8ms | graft 5 (-19n, 0 snap) cpu 0 | f64 20 | gen 0.3s
  73     0     100               0       264.59013      304.415026      59.0033965      2998.45379     0.594259776     0.653601566
  73     1      50               0       264.59013      304.415026      59.0033965      2998.45379     0.594259776     0.653601566
          wgpu 1d 151g 193c x3w 4ms | egraph 60g->47v+0snap 13ms | graft 8 (-43n, 0 snap) cpu 0 | f64 20 | gen 0.2s
  74     0     100               0       264.59013      304.415026      59.0033965      2998.45379     0.594259776     0.653601566
  74     1      50               0       264.59013      304.415026      59.0033965      2998.45379     0.594259776     0.653601566
          wgpu 1d 142g 180c x3w 4ms | egraph 38g->34v+0snap 10ms | graft 4 (-29n, 0 snap) cpu 0 | f64 20 | gen 0.3s
  75     0     100               0       264.59013      304.415026      59.0033965      2998.45379     0.594259776     0.653601566
  75     1      50               0       264.59013      304.415026      59.0033965      2998.45379     0.594259776     0.653601566
          wgpu 1d 124g 185c x3w 10ms | egraph 27g->39v+0snap 7ms | graft 4 (-15n, 0 snap) cpu 0 | f64 20 | gen 0.2s
  76     0     100               0       264.59013      304.415026      59.0033965      2998.45379     0.594259776     0.653601566
  76     1      50               0       264.59013      304.415026      59.0033965      2998.45379     0.594259776     0.653601566
          wgpu 1d 112g 173c x3w 3ms | egraph 26g->27v+0snap 8ms | graft 5 (-26n, 0 snap) cpu 0 | f64 20 | gen 0.2s
  77     0     100               0       264.59013      304.415026      59.0033965      2998.45379     0.594259776     0.653601566
  77     1      50               0       129.75512       140.75695      49.4413773      1867.20444     0.291425264     0.302215578
          wgpu 1d 126g 176c x3w 3ms | egraph 36g->30v+0snap 17ms | graft 4 (-20n, 0 snap) cpu 0 | f64 20 | gen 0.2s
  78     0     100               0       264.59013      304.415026      59.0033965      2998.45379     0.594259776     0.653601566
  78     1      50               0       129.75512       140.75695      49.4413773      1867.20444     0.291425264     0.302215578
          wgpu 1d 154g 196c x3w 4ms | egraph 45g->50v+0snap 10ms | graft 7 (-34n, 0 snap) cpu 0 | f64 20 | gen 0.2s
  79     0     100               0       264.59013      304.415026      59.0033965      2998.45379     0.594259776     0.653601566
  79     1      50               0       129.75512       140.75695      49.4413773      1867.20444     0.291425264     0.302215578
          wgpu 1d 139g 202c x3w 4ms | egraph 43g->56v+0snap 8ms | graft 9 (-43n, 0 snap) cpu 0 | f64 20 | gen 0.2s
  80     0     100               0       264.59013      304.415026      59.0033965      2998.45379     0.594259776     0.653601566
  80     1      50               0       129.75512       140.75695      49.4413773      1867.20444     0.291425264     0.302215578
          wgpu 1d 139g 206c x3w 3ms | egraph 41g->60v+0snap 8ms | graft 6 (-32n, 0 snap) cpu 0 | f64 20 | gen 0.2s | dropped inexpr 1 oversz 0 unbuild 0 {}
--------- pump migration: intra (promote-2 + intake-reset) ---------
  81     0     100               0       264.59013      304.415026      59.0033965      2998.45379     0.594259776     0.653601566
  81     1      50               0       264.59013      304.415026      59.0033965      2998.45379     0.594259776     0.653601566
          wgpu 2d 284g 305c x3w 10ms | egraph 105g->79v+0snap 39ms | graft 10 (-30n, 0 snap) cpu 0 | f64 30 | gen 0.3s
  82     0     100               0       264.59013      304.415026      59.0033965      2998.45379     0.594259776     0.653601566
  82     1      50               0       129.75512       140.75695      49.4413773      1867.20444     0.291425264     0.302215578
          wgpu 1d 142g 183c x3w 3ms | egraph 33g->37v+0snap 7ms | graft 2 (-10n, 0 snap) cpu 0 | f64 20 | gen 0.2s | dropped inexpr 1 oversz 0 unbuild 0 {}
  83     0     100               0       264.59013      304.415026      59.0033965      2998.45379     0.594259776     0.653601566
  83     1      50               0       129.75512       140.75695      49.4413773      1867.20444     0.291425264     0.302215578
          wgpu 1d 134g 183c x3w 4ms | egraph 28g->37v+0snap 16ms | graft 5 (-21n, 0 snap) cpu 0 | f64 20 | gen 0.2s
  84     0     100               0       264.59013      304.415026      59.0033965      2998.45379     0.594259776     0.653601566
  84     1      50               0       129.75512       140.75695      49.4413773      1867.20444     0.291425264     0.302215578
          wgpu 1d 144g 197c x3w 4ms | egraph 38g->51v+0snap 9ms | graft 11 (-59n, 0 snap) cpu 0 | f64 20 | gen 0.3s
  85     0     100               0       264.59013      304.415026      59.0033965      2998.45379     0.594259776     0.653601566
  85     1      50               0       129.75512       140.75695      49.4413773      1867.20444     0.291425264     0.302215578
          wgpu 1d 148g 191c x3w 3ms | egraph 39g->45v+0snap 9ms | graft 9 (-50n, 0 snap) cpu 0 | f64 20 | gen 0.3s
  86     0     100               0       264.59013      304.415026      59.0033965      2998.45379     0.594259776     0.653601566
  86     1      50               0       129.75512       140.75695      49.4413773      1867.20444     0.291425264     0.302215578
          wgpu 1d 138g 205c x3w 4ms | egraph 33g->59v+0snap 8ms | graft 7 (-34n, 0 snap) cpu 0 | f64 20 | gen 0.3s
  87     0     100               0       264.59013      304.415026      59.0033965      2998.45379     0.594259776     0.653601566
  87     1      50               0       129.75512       140.75695      49.4413773      1867.20444     0.291425264     0.302215578
          wgpu 1d 152g 205c x3w 4ms | egraph 37g->59v+0snap 10ms | graft 9 (-51n, 0 snap) cpu 0 | f64 20 | gen 0.3s
  88     0     100               0       264.59013      304.415026      59.0033965      2998.45379     0.594259776     0.653601566
  88     1      50               0       129.75512       140.75695      49.4413773      1867.20444     0.291425264     0.302215578
          wgpu 1d 170g 223c x3w 4ms | egraph 51g->77v+0snap 13ms | graft 16 (-101n, 0 snap) cpu 0 | f64 20 | gen 0.3s | dropped inexpr 1 oversz 0 unbuild 0 {}
  89     0     100               0       264.59013      304.415026      59.0033965      2998.45379     0.594259776     0.653601566
  89     1      50               0       129.75512       140.75695      49.4413773      1867.20444     0.291425264     0.302215578
          wgpu 1d 194g 244c x3w 4ms | egraph 58g->98v+0snap 13ms | graft 16 (-142n, 0 snap) cpu 0 | f64 20 | gen 0.3s
  90     0     100               0       264.59013      304.415026      59.0033965      2998.45379     0.594259776     0.653601566
  90     1      50               0       129.75512       140.75695      49.4413773      1867.20444     0.291425264     0.302215578
          wgpu 1d 168g 239c x3w 4ms | egraph 49g->93v+0snap 17ms | graft 14 (-102n, 0 snap) cpu 0 | f64 20 | gen 0.3s | dropped inexpr 2 oversz 0 unbuild 0 {}
--------- pump migration: intra (promote-2 + intake-reset) + cross ---------
  91     0     100               0       264.59013      304.415026      59.0033965      2998.45379     0.594259776     0.653601566
  91     1      50               0       129.75512       140.75695      49.4413773      1867.20444     0.291425264     0.302215578
          wgpu 2d 316g 370c x3w 20ms | egraph 124g->144v+0snap 30ms | graft 21 (-107n, 0 snap) cpu 0 | f64 30 | gen 0.2s | dropped inexpr 3 oversz 0 unbuild 0 {}
  92     0     100               0       264.59013      304.415026      59.0033965      2998.45379     0.594259776     0.653601566
  92     1      50               0       129.75512       140.75695      49.4413773      1867.20444     0.291425264     0.302215578
          wgpu 1d 151g 226c x3w 5ms | egraph 40g->80v+0snap 11ms | graft 7 (-30n, 0 snap) cpu 0 | f64 20 | gen 0.3s
  93     0     100               0       264.59013      304.415026      59.0033965      2998.45379     0.594259776     0.653601566
  93     1      50               0       129.75512       140.75695      49.4413773      1867.20444     0.291425264     0.302215578
          wgpu 1d 178g 246c x3w 4ms | egraph 45g->100v+0snap 11ms | graft 7 (-41n, 0 snap) cpu 0 | f64 20 | gen 0.3s
  94     0     100               0       264.59013      304.415026      59.0033965      2998.45379     0.594259776     0.653601566
  94     1      50               0       129.75512       140.75695      49.4413773      1867.20444     0.291425264     0.302215578
          wgpu 1d 170g 262c x3w 10ms | egraph 46g->116v+0snap 9ms | graft 7 (-43n, 0 snap) cpu 0 | f64 20 | gen 0.3s
  95     0     100               0       264.59013      304.415026      59.0033965      2998.45379     0.594259776     0.653601566
  95     1      50               0       129.75512       140.75695      49.4413773      1867.20444     0.291425264     0.302215578
          wgpu 1d 170g 229c x3w 5ms | egraph 36g->83v+0snap 51ms | graft 9 (-40n, 0 snap) cpu 0 | f64 20 | gen 0.3s
  96     0     100               0       264.59013      304.415026      59.0033965      2998.45379     0.594259776     0.653601566
  96     1      50               0      126.656735      137.472041      48.8716095      1859.87273     0.284466404     0.295162635
          wgpu 1d 156g 232c x3w 4ms | egraph 43g->86v+0snap 11ms | graft 10 (-46n, 0 snap) cpu 0 | f64 20 | gen 0.3s
  97     0     100               0       264.59013      304.415026      59.0033965      2998.45379     0.594259776     0.653601566
  97     1      50               0      126.656735      137.472041      48.8716095      1859.87273     0.284466404     0.295162635
          wgpu 1d 169g 224c x3w 4ms | egraph 47g->78v+0snap 11ms | graft 11 (-51n, 0 snap) cpu 0 | f64 20 | gen 0.3s
  98     0     100               0       264.59013      304.415026      59.0033965      2998.45379     0.594259776     0.653601566
  98     1      50               0      126.656735      137.472041      48.8716095      1859.87273     0.284466404     0.295162635
          wgpu 1d 168g 241c x3w 4ms | egraph 54g->95v+0snap 13ms | graft 8 (-30n, 0 snap) cpu 0 | f64 20 | gen 0.2s
  99     0     100               0       264.59013      304.415026      59.0033965      2998.45379     0.594259776     0.653601566
  99     1      50               0      126.656735      137.472041      48.8716095      1859.87273     0.284466404     0.295162635
          wgpu 1d 155g 214c x3w 4ms | egraph 51g->68v+0snap 11ms | graft 7 (-38n, 0 snap) cpu 0 | f64 20 | gen 0.4s | dropped inexpr 2 oversz 0 unbuild 0 {}
 100     0     100               0       264.59013      304.415026      59.0033965      2998.45379     0.594259776     0.653601566
 100     1      50               0      126.656735      137.472041      48.8716095      1859.87273     0.284466404     0.295162635
          wgpu 1d 159g 225c x3w 4ms | egraph 55g->79v+0snap 14ms | graft 8 (-39n, 0 snap) cpu 0 | f64 20 | gen 0.3s
--------- pump migration: intra (promote-2 + intake-reset) ---------
 101     0     100               0       264.59013      304.415026      59.0033965      2998.45379     0.594259776     0.653601566
 101     1      50               0      126.656735      137.472041      48.8716095      1859.87273     0.284466404     0.295162635
          wgpu 2d 333g 356c x3w 8ms | egraph 110g->130v+0snap 25ms | graft 13 (-66n, 0 snap) cpu 0 | f64 30 | gen 0.2s | dropped inexpr 5 oversz 0 unbuild 0 {}
 102     0     100               0       264.59013      304.415026      59.0033965      2998.45379     0.594259776     0.653601566
 102     1      50               0       264.59013      304.415026      59.0033965      2998.45379     0.594259776     0.653601566
          wgpu 1d 146g 229c x3w 3ms | egraph 39g->83v+0snap 16ms | graft 4 (-18n, 0 snap) cpu 0 | f64 20 | gen 0.3s | dropped inexpr 1 oversz 0 unbuild 0 {}
 103     0     100               0       264.59013      304.415026      59.0033965      2998.45379     0.594259776     0.653601566
 103     1      50               0       264.59013      304.415026      59.0033965      2998.45379     0.594259776     0.653601566
          wgpu 1d 150g 235c x3w 3ms | egraph 36g->89v+0snap 8ms | graft 3 (-16n, 0 snap) cpu 0 | f64 20 | gen 0.2s
 104     0     100               0       264.59013      304.415026      59.0033965      2998.45379     0.594259776     0.653601566
 104     1      50               0      126.656735      137.472041      48.8716095      1859.87273     0.284466404     0.295162635
          wgpu 1d 153g 206c x3w 4ms | egraph 30g->60v+0snap 11ms | graft 5 (-22n, 0 snap) cpu 0 | f64 20 | gen 0.3s
 105     0     100               0       264.59013      304.415026      59.0033965      2998.45379     0.594259776     0.653601566
 105     1      50               0      124.728046       134.53312      48.5094282      1850.17756     0.280134638     0.288852555
          wgpu 1d 155g 215c x3w 8ms | egraph 41g->69v+0snap 9ms | graft 9 (-55n, 0 snap) cpu 0 | f64 20 | gen 0.3s
 106     0     100               0       264.59013      304.415026      59.0033965      2998.45379     0.594259776     0.653601566
 106     1      50               0      124.728046       134.53312      48.5094282      1850.17756     0.280134638     0.288852555
          wgpu 1d 160g 217c x3w 5ms | egraph 39g->71v+0snap 8ms | graft 10 (-46n, 0 snap) cpu 0 | f64 20 | gen 0.3s | dropped inexpr 1 oversz 0 unbuild 0 {}
 107     0     100               0       264.59013      304.415026      59.0033965      2998.45379     0.594259776     0.653601566
 107     1      50               0      124.728046       134.53312      48.5094282      1850.17756     0.280134638     0.288852555
          wgpu 1d 163g 219c x3w 6ms | egraph 45g->73v+0snap 10ms | graft 8 (-58n, 0 snap) cpu 0 | f64 20 | gen 0.3s
 108     0     100               0       264.59013      304.415026      59.0033965      2998.45379     0.594259776     0.653601566
 108     1      50               0      124.728046       134.53312      48.5094282      1850.17756     0.280134638     0.288852555
          wgpu 1d 147g 239c x3w 4ms | egraph 34g->93v+0snap 12ms | graft 4 (-12n, 0 snap) cpu 0 | f64 20 | gen 0.2s
 109     0     100               0       264.59013      304.415026      59.0033965      2998.45379     0.594259776     0.653601566
 109     1      50               0      124.728046       134.53312      48.5094282      1850.17756     0.280134638     0.288852555
          wgpu 1d 164g 225c x3w 4ms | egraph 59g->79v+0snap 20ms | graft 6 (-25n, 0 snap) cpu 0 | f64 20 | gen 0.6s
 110     0     100               0       264.59013      304.415026      59.0033965      2998.45379     0.594259776     0.653601566
 110     1      50               0      124.728046       134.53312      48.5094282      1850.17756     0.280134638     0.288852555
          wgpu 1d 157g 208c x3w 4ms | egraph 32g->62v+0snap 8ms | graft 12 (-59n, 0 snap) cpu 0 | f64 20 | gen 0.3s | dropped inexpr 1 oversz 0 unbuild 0 {}
--------- pump migration: intra (promote-2 + intake-reset) ---------
 111     0     100               0       264.59013      304.415026      59.0033965      2998.45379     0.594259776     0.653601566
 111     1      50               0       264.59013      304.415026      59.0033965      2998.45379     0.594259776     0.653601566
          wgpu 2d 365g 381c x3w 8ms | egraph 116g->155v+0snap 34ms | graft 17 (-88n, 0 snap) cpu 0 | f64 30 | gen 0.2s | dropped inexpr 4 oversz 0 unbuild 0 {}
 112     0     100               0       264.59013      304.415026      59.0033965      2998.45379     0.594259776     0.653601566
 112     1      50               0       264.59013      304.415026      59.0033965      2998.45379     0.594259776     0.653601566
          wgpu 1d 140g 198c x3w 3ms | egraph 25g->52v+0snap 6ms | graft 5 (-32n, 0 snap) cpu 0 | f64 20 | gen 0.2s | dropped inexpr 1 oversz 0 unbuild 0 {}
 113     0     100               0       264.59013      304.415026      59.0033965      2998.45379     0.594259776     0.653601566
 113     1      50               0       264.59013      304.415026      59.0033965      2998.45379     0.594259776     0.653601566
          wgpu 1d 151g 206c x3w 4ms | egraph 30g->60v+0snap 8ms | graft 6 (-31n, 0 snap) cpu 0 | f64 20 | gen 0.2s
 114     0     100               0       264.59013      304.415026      59.0033965      2998.45379     0.594259776     0.653601566
 114     1      50               0       264.59013      304.415026      59.0033965      2998.45379     0.594259776     0.653601566
          wgpu 1d 158g 209c x3w 4ms | egraph 39g->63v+0snap 11ms | graft 3 (-10n, 0 snap) cpu 0 | f64 20 | gen 0.2s | dropped inexpr 1 oversz 0 unbuild 0 {}
 115     0     100               0       264.59013      304.415026      59.0033965      2998.45379     0.594259776     0.653601566
 115     1      50               0       264.59013      304.415026      59.0033965      2998.45379     0.594259776     0.653601566
          wgpu 1d 137g 202c x3w 4ms | egraph 17g->56v+0snap 18ms | graft 2 (-11n, 0 snap) cpu 0 | f64 20 | gen 0.2s
 116     0     100               0       264.59013      304.415026      59.0033965      2998.45379     0.594259776     0.653601566
 116     1      50               0       264.59013      304.415026      59.0033965      2998.45379     0.594259776     0.653601566
          wgpu 1d 118g 208c x3w 8ms | egraph 30g->62v+0snap 8ms | graft 2 (-6n, 0 snap) cpu 0 | f64 20 | gen 0.2s
 117     0     100               0       264.59013      304.415026      59.0033965      2998.45379     0.594259776     0.653601566
 117     1      50               0       264.59013      304.415026      59.0033965      2998.45379     0.594259776     0.653601566
          wgpu 1d 118g 179c x3w 3ms | egraph 22g->33v+0snap 6ms | graft 3 (-11n, 0 snap) cpu 0 | f64 20 | gen 0.2s
 118     0     100               0       264.59013      304.415026      59.0033965      2998.45379     0.594259776     0.653601566
 118     1      50               0       264.59013      304.415026      59.0033965      2998.45379     0.594259776     0.653601566
          wgpu 1d 152g 221c x3w 3ms | egraph 36g->75v+0snap 8ms | graft 4 (-10n, 0 snap) cpu 0 | f64 20 | gen 0.2s | dropped inexpr 1 oversz 0 unbuild 0 {}
 119     0     100               0       264.59013      304.415026      59.0033965      2998.45379     0.594259776     0.653601566
 119     1      50               0       264.59013      304.415026      59.0033965      2998.45379     0.594259776     0.653601566
          wgpu 1d 147g 229c x3w 4ms | egraph 33g->83v+0snap 7ms | graft 3 (-12n, 0 snap) cpu 0 | f64 20 | gen 0.2s | dropped inexpr 1 oversz 0 unbuild 0 {}
 120     0     100               0       264.59013      304.415026      59.0033965      2998.45379     0.594259776     0.653601566
 120     1      50               0      144.222388      144.901156      51.6130851      1938.47317     0.323918221     0.311113494
          wgpu 1d 141g 225c x3w 4ms | egraph 22g->79v+0snap 7ms | graft 6 (-37n, 0 snap) cpu 0 | f64 20 | gen 0.3s
--------- pump migration: intra (promote-2 + intake-reset) + cross ---------
 121     0     100               0       264.59013      304.415026      59.0033965      2998.45379     0.594259776     0.653601566
 121     1      50               0      144.222388      144.901156      51.6130851      1938.47317     0.323918221     0.311113494
          wgpu 2d 337g 360c x3w 11ms | egraph 122g->134v+0snap 27ms | graft 16 (-61n, 0 snap) cpu 0 | f64 30 | gen 0.2s | dropped inexpr 2 oversz 0 unbuild 0 {}
 122     0     100               0       264.59013      304.415026      59.0033965      2998.45379     0.594259776     0.653601566
 122     1      50               0      144.222388      144.901156      51.6130851      1938.47317     0.323918221     0.311113494
          wgpu 1d 159g 246c x3w 4ms | egraph 38g->100v+0snap 10ms | graft 7 (-35n, 0 snap) cpu 0 | f64 20 | gen 0.3s | dropped inexpr 1 oversz 0 unbuild 0 {}
 123     0     100               0       264.59013      304.415026      59.0033965      2998.45379     0.594259776     0.653601566
 123     1      50               0      144.222388      144.901156      51.6130851      1938.47317     0.323918221     0.311113494
          wgpu 1d 149g 245c x3w 4ms | egraph 31g->99v+0snap 7ms | graft 10 (-56n, 0 snap) cpu 0 | f64 20 | gen 0.3s
 124     0     100               0       264.59013      304.415026      59.0033965      2998.45379     0.594259776     0.653601566
 124     1      50               0      144.222388      144.901156      51.6130851      1938.47317     0.323918221     0.311113494
          wgpu 1d 140g 235c x3w 4ms | egraph 22g->89v+0snap 9ms | graft 6 (-30n, 0 snap) cpu 0 | f64 20 | gen 0.3s
 125     0     100               0       264.59013      304.415026      59.0033965      2998.45379     0.594259776     0.653601566
 125     1      50               0      130.252273      142.443562      49.4156705      1869.31822     0.292541852     0.305836858
          wgpu 1d 144g 249c x3w 4ms | egraph 25g->103v+0snap 8ms | graft 7 (-28n, 0 snap) cpu 0 | f64 20 | gen 0.3s
 126     0     100               0       264.59013      304.415026      59.0033965      2998.45379     0.594259776     0.653601566
 126     1      50               0      144.222388      144.901156      51.6130851      1938.47317     0.323918221     0.311113494
          wgpu 1d 132g 250c x3w 4ms | egraph 20g->104v+0snap 8ms | graft 9 (-62n, 0 snap) cpu 0 | f64 20 | gen 0.2s
 127     0     100               0       264.59013      304.415026      59.0033965      2998.45379     0.594259776     0.653601566
 127     1      50               0      130.252273      142.443562      49.4156705      1869.31822     0.292541852     0.305836858
          wgpu 1d 163g 308c x3w 4ms | egraph 40g->162v+0snap 8ms | graft 7 (-31n, 0 snap) cpu 0 | f64 20 | gen 0.3s
 128     0     100               0       264.59013      304.415026      59.0033965      2998.45379     0.594259776     0.653601566
 128     1      50               0      130.252273      142.443562      49.4156705      1869.31822     0.292541852     0.305836858
          wgpu 1d 154g 279c x3w 6ms | egraph 38g->133v+0snap 8ms | graft 6 (-22n, 0 snap) cpu 0 | f64 20 | gen 0.3s | dropped inexpr 2 oversz 0 unbuild 0 {}
 129     0     100               0       264.59013      304.415026      59.0033965      2998.45379     0.594259776     0.653601566
 129     1      50               0      130.252273      142.443562      49.4156705      1869.31822     0.292541852     0.305836858
          wgpu 1d 153g 265c x3w 9ms | egraph 35g->119v+0snap 8ms | graft 2 (-14n, 0 snap) cpu 0 | f64 20 | gen 0.2s
 130     0     100               0       264.59013      304.415026      59.0033965      2998.45379     0.594259776     0.653601566
 130     1      50               0      130.252273      142.443562      49.4156705      1869.31822     0.292541852     0.305836858
          wgpu 1d 164g 292c x3w 4ms | egraph 29g->146v+0snap 7ms | graft 10 (-45n, 0 snap) cpu 0 | f64 20 | gen 0.3s
--------- pump migration: intra (promote-2 + intake-reset) ---------
 131     0     100               0       264.59013      304.415026      59.0033965      2998.45379     0.594259776     0.653601566
 131     1      50               0      130.252273      142.443562      49.4156705      1869.31822     0.292541852     0.305836858
          wgpu 2d 310g 379c x3w 8ms | egraph 114g->153v+0snap 27ms | graft 14 (-66n, 0 snap) cpu 0 | f64 30 | gen 0.3s | dropped inexpr 2 oversz 0 unbuild 0 {}
 132     0     100               0       264.59013      304.415026      59.0033965      2998.45379     0.594259776     0.653601566
 132     1      50               0       264.59013      304.415026      59.0033965      2998.45379     0.594259776     0.653601566
          wgpu 1d 163g 274c x3w 4ms | egraph 34g->128v+0snap 10ms | graft 6 (-23n, 0 snap) cpu 0 | f64 20 | gen 0.3s
 133     0     100               0       264.59013      304.415026      59.0033965      2998.45379     0.594259776     0.653601566
 133     1      50               0      130.252273      142.443562      49.4156705      1869.31822     0.292541852     0.305836858
          wgpu 1d 148g 249c x3w 4ms | egraph 26g->103v+0snap 8ms | graft 6 (-33n, 0 snap) cpu 0 | f64 20 | gen 0.3s | dropped inexpr 2 oversz 0 unbuild 0 {}
 134     0     100               0       264.59013      304.415026      59.0033965      2998.45379     0.594259776     0.653601566
 134     1      50               0      130.252273      142.443562      49.4156705      1869.31822     0.292541852     0.305836858
          wgpu 1d 168g 285c x3w 4ms | egraph 24g->139v+0snap 7ms | graft 9 (-50n, 0 snap) cpu 0 | f64 20 | gen 0.4s
 135     0     100               0       264.59013      304.415026      59.0033965      2998.45379     0.594259776     0.653601566
 135     1      50               0      130.252273      142.443562      49.4156705      1869.31822     0.292541852     0.305836858
          wgpu 1d 161g 260c x3w 4ms | egraph 30g->114v+0snap 7ms | graft 7 (-38n, 0 snap) cpu 0 | f64 20 | gen 0.3s | dropped inexpr 1 oversz 0 unbuild 0 {}
 136     0     100               0       264.59013      304.415026      59.0033965      2998.45379     0.594259776     0.653601566
 136     1      50               0      130.252273      142.443562      49.4156705      1869.31822     0.292541852     0.305836858
          wgpu 1d 151g 264c x3w 4ms | egraph 28g->118v+0snap 7ms | graft 9 (-54n, 0 snap) cpu 0 | f64 20 | gen 0.3s | dropped inexpr 1 oversz 0 unbuild 0 {}
 137     0     100               0       264.59013      304.415026      59.0033965      2998.45379     0.594259776     0.653601566
 137     1      50               0      130.252273      142.443562      49.4156705      1869.31822     0.292541852     0.305836858
          wgpu 1d 160g 259c x3w 4ms | egraph 28g->113v+0snap 7ms | graft 11 (-61n, 0 snap) cpu 0 | f64 20 | gen 0.2s
 138     0     100               0       264.59013      304.415026      59.0033965      2998.45379     0.594259776     0.653601566
 138     1      50               0      130.252273      142.443562      49.4156705      1869.31822     0.292541852     0.305836858
          wgpu 1d 131g 231c x3w 4ms | egraph 16g->85v+0snap 12ms | graft 9 (-46n, 0 snap) cpu 0 | f64 20 | gen 0.2s | dropped inexpr 1 oversz 0 unbuild 0 {}
 139     0     100               0       264.59013      304.415026      59.0033965      2998.45379     0.594259776     0.653601566
 139     1      50               0      130.252273      142.443562      49.4156705      1869.31822     0.292541852     0.305836858
          wgpu 1d 160g 228c x3w 4ms | egraph 28g->82v+0snap 7ms | graft 3 (-15n, 0 snap) cpu 0 | f64 20 | gen 0.2s
 140     0     100               0       264.59013      304.415026      59.0033965      2998.45379     0.594259776     0.653601566
 140     1      50               0      130.252273      142.443562      49.4156705      1869.31822     0.292541852     0.305836858
          wgpu 1d 183g 254c x3w 4ms | egraph 38g->108v+0snap 8ms | graft 7 (-42n, 0 snap) cpu 0 | f64 20 | gen 0.2s | dropped inexpr 1 oversz 0 unbuild 0 {}
--------- pump migration: intra (promote-2 + intake-reset) ---------
 141     0     100               0       264.59013      304.415026      59.0033965      2998.45379     0.594259776     0.653601566
 141     1      50               0       264.59013      304.415026      59.0033965      2998.45379     0.594259776     0.653601566
          wgpu 2d 333g 362c x3w 7ms | egraph 107g->136v+0snap 24ms | graft 19 (-81n, 0 snap) cpu 0 | f64 30 | gen 0.2s | dropped inexpr 1 oversz 0 unbuild 0 {}
 142     0     100               0       264.59013      304.415026      59.0033965      2998.45379     0.594259776     0.653601566
 142     1      50               0       264.59013      304.415026      59.0033965      2998.45379     0.594259776     0.653601566
          wgpu 1d 125g 197c x3w 4ms | egraph 18g->51v+0snap 5ms | graft 5 (-22n, 0 snap) cpu 0 | f64 20 | gen 0.2s
 143     0     100               0       264.59013      304.415026      59.0033965      2998.45379     0.594259776     0.653601566
 143     1      50               0       264.59013      304.415026      59.0033965      2998.45379     0.594259776     0.653601566
          wgpu 1d 149g 215c x3w 3ms | egraph 27g->69v+0snap 7ms | graft 4 (-17n, 0 snap) cpu 0 | f64 20 | gen 0.2s | dropped inexpr 1 oversz 0 unbuild 0 {}
 144     0     100               0       264.59013      304.415026      59.0033965      2998.45379     0.594259776     0.653601566
 144     1      50               0       264.59013      304.415026      59.0033965      2998.45379     0.594259776     0.653601566
          wgpu 1d 165g 234c x3w 4ms | egraph 37g->88v+0snap 9ms | graft 7 (-30n, 0 snap) cpu 0 | f64 20 | gen 0.2s
 145     0     100               0       264.59013      304.415026      59.0033965      2998.45379     0.594259776     0.653601566
 145     1      50               0       264.59013      304.415026      59.0033965      2998.45379     0.594259776     0.653601566
          wgpu 1d 134g 202c x3w 4ms | egraph 22g->56v+0snap 5ms | graft 3 (-12n, 0 snap) cpu 0 | f64 20 | gen 0.2s
 146     0     100               0       264.59013      304.415026      59.0033965      2998.45379     0.594259776     0.653601566
 146     1      50               0       264.59013      304.415026      59.0033965      2998.45379     0.594259776     0.653601566
          wgpu 1d 150g 215c x3w 4ms | egraph 30g->69v+0snap 7ms | graft 3 (-11n, 0 snap) cpu 0 | f64 20 | gen 0.2s
 147     0     100               0       264.59013      304.415026      59.0033965      2998.45379     0.594259776     0.653601566
 147     1      50               0       264.59013      304.415026      59.0033965      2998.45379     0.594259776     0.653601566
          wgpu 1d 171g 234c x3w 4ms | egraph 46g->88v+0snap 10ms | graft 4 (-26n, 0 snap) cpu 0 | f64 20 | gen 0.3s | dropped inexpr 1 oversz 0 unbuild 0 {}
 148     0     100               0       264.59013      304.415026      59.0033965      2998.45379     0.594259776     0.653601566
 148     1      50               0       264.59013      304.415026      59.0033965      2998.45379     0.594259776     0.653601566
          wgpu 1d 152g 224c x3w 4ms | egraph 33g->78v+0snap 7ms | graft 5 (-23n, 0 snap) cpu 0 | f64 20 | gen 0.2s | dropped inexpr 2 oversz 0 unbuild 0 {}
 149     0     100               0       264.59013      304.415026      59.0033965      2998.45379     0.594259776     0.653601566
 149     1      50               0       264.59013      304.415026      59.0033965      2998.45379     0.594259776     0.653601566
          wgpu 1d 167g 242c x3w 4ms | egraph 44g->96v+0snap 11ms | graft 12 (-85n, 0 snap) cpu 0 | f64 20 | gen 0.2s | dropped inexpr 1 oversz 0 unbuild 0 {}
 150     0     100               0       264.59013      304.415026      59.0033965      2998.45379     0.594259776     0.653601566
 150     1      50               0       264.59013      304.415026      59.0033965      2998.45379     0.594259776     0.653601566
          wgpu 1d 131g 193c x3w 3ms | egraph 19g->47v+0snap 5ms | graft 4 (-22n, 0 snap) cpu 0 | f64 20 | gen 0.2s
--------- pump migration: intra (promote-2 + intake-reset) + cross ---------
 151     0     100               0       264.59013      304.415026      59.0033965      2998.45379     0.594259776     0.653601566
 151     1      50               0       264.59013      304.415026      59.0033965      2998.45379     0.594259776     0.653601566
          wgpu 2d 315g 331c x3w 7ms | egraph 112g->105v+0snap 28ms | graft 10 (-49n, 0 snap) cpu 0 | f64 30 | gen 0.2s | dropped inexpr 3 oversz 0 unbuild 0 {}
 152     0     100               0       264.59013      304.415026      59.0033965      2998.45379     0.594259776     0.653601566
 152     1      50               0       264.59013      304.415026      59.0033965      2998.45379     0.594259776     0.653601566
          wgpu 1d 132g 191c x3w 4ms | egraph 21g->45v+0snap 12ms | graft 1 (-5n, 0 snap) cpu 0 | f64 20 | gen 0.2s
 153     0     100               0       264.59013      304.415026      59.0033965      2998.45379     0.594259776     0.653601566
 153     1      50               0       264.59013      304.415026      59.0033965      2998.45379     0.594259776     0.653601566
          wgpu 1d 137g 198c x3w 15ms | egraph 24g->52v+0snap 14ms | graft 8 (-57n, 0 snap) cpu 0 | f64 20 | gen 0.3s
 154     0     100               0       264.59013      304.415026      59.0033965      2998.45379     0.594259776     0.653601566
 154     1      50               0       264.59013      304.415026      59.0033965      2998.45379     0.594259776     0.653601566
          wgpu 1d 159g 211c x3w 4ms | egraph 29g->65v+0snap 7ms | graft 2 (-10n, 0 snap) cpu 0 | f64 20 | gen 0.2s
 155     0     100               0       264.59013      304.415026      59.0033965      2998.45379     0.594259776     0.653601566
 155     1      50               0       264.59013      304.415026      59.0033965      2998.45379     0.594259776     0.653601566
          wgpu 1d 153g 215c x3w 4ms | egraph 32g->69v+0snap 9ms | graft 10 (-86n, 0 snap) cpu 0 | f64 20 | gen 0.2s
 156     0     100               0       264.59013      304.415026      59.0033965      2998.45379     0.594259776     0.653601566
 156     1      50               0       264.59013      304.415026      59.0033965      2998.45379     0.594259776     0.653601566
          wgpu 1d 128g 197c x3w 3ms | egraph 32g->51v+0snap 8ms | graft 2 (-24n, 0 snap) cpu 0 | f64 20 | gen 0.2s | dropped inexpr 1 oversz 0 unbuild 0 {}
 157     0     100               0       264.59013      304.415026      59.0033965      2998.45379     0.594259776     0.653601566
 157     1      50               0       264.59013      304.415026      59.0033965      2998.45379     0.594259776     0.653601566
          wgpu 1d 140g 190c x3w 15ms | egraph 34g->44v+0snap 10ms | graft 8 (-52n, 0 snap) cpu 0 | f64 20 | gen 0.2s | dropped inexpr 1 oversz 0 unbuild 0 {}
 158     0     100               0       264.59013      304.415026      59.0033965      2998.45379     0.594259776     0.653601566
 158     1      50               0       264.59013      304.415026      59.0033965      2998.45379     0.594259776     0.653601566
          wgpu 1d 145g 203c x3w 5ms | egraph 19g->57v+0snap 6ms | graft 2 (-16n, 0 snap) cpu 0 | f64 20 | gen 0.2s
 159     0     100               0       264.59013      304.415026      59.0033965      2998.45379     0.594259776     0.653601566
 159     1      50               0       264.59013      304.415026      59.0033965      2998.45379     0.594259776     0.653601566
          wgpu 1d 125g 186c x3w 3ms | egraph 18g->40v+0snap 5ms | graft 3 (-24n, 0 snap) cpu 0 | f64 20 | gen 0.2s
 160     0     100               0       264.59013      304.415026      59.0033965      2998.45379     0.594259776     0.653601566
 160     1      50               0       264.59013      304.415026      59.0033965      2998.45379     0.594259776     0.653601566
          wgpu 1d 152g 203c x3w 4ms | egraph 30g->57v+0snap 8ms | graft 3 (-19n, 0 snap) cpu 0 | f64 20 | gen 0.2s | dropped inexpr 1 oversz 0 unbuild 0 {}
--------- pump migration: intra (promote-2 + intake-reset) ---------
 161     0     100               0       264.59013      304.415026      59.0033965      2998.45379     0.594259776     0.653601566
 161     1      50               0       264.59013      304.415026      59.0033965      2998.45379     0.594259776     0.653601566
          wgpu 2d 294g 317c x3w 7ms | egraph 88g->91v+0snap 19ms | graft 12 (-33n, 0 snap) cpu 0 | f64 30 | gen 0.1s | dropped inexpr 5 oversz 0 unbuild 0 {}
 162     0     100               0       264.59013      304.415026      59.0033965      2998.45379     0.594259776     0.653601566
 162     1      50               0       264.59013      304.415026      59.0033965      2998.45379     0.594259776     0.653601566
          wgpu 1d 150g 218c x3w 4ms | egraph 29g->72v+0snap 6ms | graft 4 (-14n, 0 snap) cpu 0 | f64 20 | gen 0.2s | dropped inexpr 5 oversz 0 unbuild 0 {}
 163     0     100               0       264.59013      304.415026      59.0033965      2998.45379     0.594259776     0.653601566
 163     1      50               0       264.59013      304.415026      59.0033965      2998.45379     0.594259776     0.653601566
          wgpu 1d 131g 192c x3w 3ms | egraph 27g->46v+0snap 8ms | graft 4 (-16n, 0 snap) cpu 0 | f64 20 | gen 0.1s | dropped inexpr 1 oversz 0 unbuild 0 {}
 164     0     100               0       264.59013      304.415026      59.0033965      2998.45379     0.594259776     0.653601566
 164     1      50               0       264.59013      304.415026      59.0033965      2998.45379     0.594259776     0.653601566
          wgpu 1d 146g 196c x3w 3ms | egraph 26g->50v+0snap 7ms | graft 1 (-3n, 0 snap) cpu 0 | f64 20 | gen 0.2s | dropped inexpr 1 oversz 0 unbuild 0 {}
 165     0     100               0       264.59013      304.415026      59.0033965      2998.45379     0.594259776     0.653601566
 165     1      50               0       264.59013      304.415026      59.0033965      2998.45379     0.594259776     0.653601566
          wgpu 1d 145g 203c x3w 3ms | egraph 31g->57v+0snap 9ms | graft 3 (-6n, 0 snap) cpu 0 | f64 20 | gen 0.1s | dropped inexpr 4 oversz 0 unbuild 0 {}
 166     0     100               0       264.59013      304.415026      59.0033965      2998.45379     0.594259776     0.653601566
 166     1      50               0       264.59013      304.415026      59.0033965      2998.45379     0.594259776     0.653601566
          wgpu 1d 124g 175c x3w 3ms | egraph 21g->29v+0snap 8ms | graft 1 (-7n, 0 snap) cpu 0 | f64 20 | gen 0.2s
 167     0     100               0       264.59013      304.415026      59.0033965      2998.45379     0.594259776     0.653601566
 167     1      50               0       264.59013      304.415026      59.0033965      2998.45379     0.594259776     0.653601566
          wgpu 1d 149g 188c x3w 4ms | egraph 27g->42v+0snap 7ms | graft 4 (-18n, 0 snap) cpu 0 | f64 20 | gen 0.2s | dropped inexpr 1 oversz 0 unbuild 0 {}
 168     0     100               0       264.59013      304.415026      59.0033965      2998.45379     0.594259776     0.653601566
 168     1      50               0       264.59013      304.415026      59.0033965      2998.45379     0.594259776     0.653601566
          wgpu 1d 136g 194c x3w 3ms | egraph 26g->48v+0snap 11ms | graft 5 (-18n, 0 snap) cpu 0 | f64 20 | gen 0.2s | dropped inexpr 1 oversz 0 unbuild 0 {}
 169     0     100               0       264.59013      304.415026      59.0033965      2998.45379     0.594259776     0.653601566
 169     1      50               0       264.59013      304.415026      59.0033965      2998.45379     0.594259776     0.653601566
          wgpu 1d 115g 187c x3w 3ms | egraph 21g->41v+0snap 6ms | graft 0 (-0n, 0 snap) cpu 0 | f64 20 | gen 0.2s | dropped inexpr 1 oversz 0 unbuild 0 {}
 170     0     100               0       264.59013      304.415026      59.0033965      2998.45379     0.594259776     0.653601566
 170     1      50               0       264.59013      304.415026      59.0033965      2998.45379     0.594259776     0.653601566
          wgpu 1d 139g 195c x3w 3ms | egraph 30g->49v+0snap 7ms | graft 3 (-12n, 0 snap) cpu 0 | f64 20 | gen 0.1s | dropped inexpr 3 oversz 0 unbuild 0 {}
--------- pump migration: intra (promote-2 + intake-reset) ---------
 171     0     100               0       264.59013      304.415026      59.0033965      2998.45379     0.594259776     0.653601566
 171     1      50               0       264.59013      304.415026      59.0033965      2998.45379     0.594259776     0.653601566
          wgpu 2d 348g 389c x3w 8ms | egraph 113g->163v+0snap 32ms | graft 20 (-99n, 0 snap) cpu 0 | f64 30 | gen 0.2s | dropped inexpr 6 oversz 0 unbuild 0 {}
 172     0     100               0       264.59013      304.415026      59.0033965      2998.45379     0.594259776     0.653601566
 172     1      50               0       264.59013      304.415026      59.0033965      2998.45379     0.594259776     0.653601566
          wgpu 1d 133g 200c x3w 3ms | egraph 24g->54v+0snap 7ms | graft 4 (-15n, 0 snap) cpu 0 | f64 20 | gen 0.2s
 173     0     100               0       264.59013      304.415026      59.0033965      2998.45379     0.594259776     0.653601566
 173     1      50               0       264.59013      304.415026      59.0033965      2998.45379     0.594259776     0.653601566
          wgpu 1d 142g 185c x3w 3ms | egraph 22g->39v+0snap 6ms | graft 2 (-9n, 0 snap) cpu 0 | f64 20 | gen 0.2s | dropped inexpr 1 oversz 0 unbuild 0 {}
 174     0     100               0       264.59013      304.415026      59.0033965      2998.45379     0.594259776     0.653601566
 174     1      50               0       264.59013      304.415026      59.0033965      2998.45379     0.594259776     0.653601566
          wgpu 1d 134g 195c x3w 4ms | egraph 24g->49v+0snap 7ms | graft 2 (-7n, 0 snap) cpu 0 | f64 20 | gen 0.2s
 175     0     100               0       264.59013      304.415026      59.0033965      2998.45379     0.594259776     0.653601566
 175     1      50               0       264.59013      304.415026      59.0033965      2998.45379     0.594259776     0.653601566
          wgpu 1d 136g 211c x3w 4ms | egraph 22g->65v+0snap 6ms | graft 2 (-8n, 0 snap) cpu 0 | f64 20 | gen 0.2s
 176     0     100               0       264.59013      304.415026      59.0033965      2998.45379     0.594259776     0.653601566
 176     1      50               0       264.59013      304.415026      59.0033965      2998.45379     0.594259776     0.653601566
          wgpu 1d 132g 198c x3w 4ms | egraph 25g->52v+0snap 7ms | graft 1 (-2n, 0 snap) cpu 0 | f64 20 | gen 0.2s
 177     0     100               0       264.59013      304.415026      59.0033965      2998.45379     0.594259776     0.653601566
 177     1      50               0       264.59013      304.415026      59.0033965      2998.45379     0.594259776     0.653601566
          wgpu 1d 150g 208c x3w 4ms | egraph 23g->62v+0snap 14ms | graft 4 (-14n, 0 snap) cpu 0 | f64 20 | gen 0.2s | dropped inexpr 1 oversz 0 unbuild 0 {}
 178     0     100               0       264.59013      304.415026      59.0033965      2998.45379     0.594259776     0.653601566
 178     1      50               0       264.59013      304.415026      59.0033965      2998.45379     0.594259776     0.653601566
          wgpu 1d 141g 187c x3w 5ms | egraph 29g->41v+0snap 7ms | graft 5 (-22n, 0 snap) cpu 0 | f64 20 | gen 0.2s
 179     0     100               0       264.59013      304.415026      59.0033965      2998.45379     0.594259776     0.653601566
 179     1      50               0       264.59013      304.415026      59.0033965      2998.45379     0.594259776     0.653601566
          wgpu 1d 148g 195c x3w 4ms | egraph 27g->49v+0snap 8ms | graft 6 (-43n, 0 snap) cpu 0 | f64 20 | gen 0.2s | dropped inexpr 1 oversz 0 unbuild 0 {}
 180     0     100               0       264.59013      304.415026      59.0033965      2998.45379     0.594259776     0.653601566
 180     1      50               0       264.59013      304.415026      59.0033965      2998.45379     0.594259776     0.653601566
          wgpu 1d 158g 204c x3w 4ms | egraph 34g->58v+0snap 8ms | graft 3 (-21n, 0 snap) cpu 0 | f64 20 | gen 0.2s | dropped inexpr 1 oversz 0 unbuild 0 {}
--------- pump migration: intra (promote-2 + intake-reset) + cross ---------
 181     0     100               0       264.59013      304.415026      59.0033965      2998.45379     0.594259776     0.653601566
 181     1      50               0       264.59013      304.415026      59.0033965      2998.45379     0.594259776     0.653601566
          wgpu 2d 319g 339c x3w 8ms | egraph 96g->113v+0snap 21ms | graft 15 (-50n, 0 snap) cpu 0 | f64 29 | gen 0.2s F64-REJECT 1 | dropped inexpr 3 oversz 0 unbuild 0 {}
 182     0     100               0       264.59013      304.415026      59.0033965      2998.45379     0.594259776     0.653601566
 182     1      50               0       264.59013      304.415026      59.0033965      2998.45379     0.594259776     0.653601566
          wgpu 1d 124g 193c x3w 3ms | egraph 18g->47v+0snap 5ms | graft 1 (-5n, 0 snap) cpu 0 | f64 20 | gen 0.2s
 183     0     100               0       264.59013      304.415026      59.0033965      2998.45379     0.594259776     0.653601566
 183     1      50               0       264.59013      304.415026      59.0033965      2998.45379     0.594259776     0.653601566
          wgpu 1d 128g 179c x3w 3ms | egraph 16g->33v+0snap 5ms | graft 4 (-13n, 0 snap) cpu 0 | f64 20 | gen 0.2s | dropped inexpr 1 oversz 0 unbuild 0 {}
 184     0     100               0       264.59013      304.415026      59.0033965      2998.45379     0.594259776     0.653601566
 184     1      50               0       264.59013      304.415026      59.0033965      2998.45379     0.594259776     0.653601566
          wgpu 1d 139g 204c x3w 3ms | egraph 27g->58v+0snap 7ms | graft 5 (-31n, 0 snap) cpu 0 | f64 20 | gen 0.2s
 185     0     100               0       264.59013      304.415026      59.0033965      2998.45379     0.594259776     0.653601566
 185     1      50               0       264.59013      304.415026      59.0033965      2998.45379     0.594259776     0.653601566
          wgpu 1d 134g 197c x3w 3ms | egraph 23g->51v+0snap 5ms | graft 0 (-0n, 0 snap) cpu 0 | f64 20 | gen 0.2s
 186     0     100               0       264.59013      304.415026      59.0033965      2998.45379     0.594259776     0.653601566
 186     1      50               0       264.59013      304.415026      59.0033965      2998.45379     0.594259776     0.653601566
          wgpu 1d 137g 207c x3w 5ms | egraph 23g->61v+0snap 8ms | graft 2 (-27n, 0 snap) cpu 0 | f64 20 | gen 0.2s | dropped inexpr 1 oversz 0 unbuild 0 {}
 187     0     100               0       264.59013      304.415026      59.0033965      2998.45379     0.594259776     0.653601566
 187     1      50               0       264.59013      304.415026      59.0033965      2998.45379     0.594259776     0.653601566
          wgpu 1d 112g 168c x3w 10ms | egraph 16g->22v+0snap 4ms | graft 0 (-0n, 0 snap) cpu 0 | f64 20 | gen 0.2s
 188     0     100               0       264.59013      304.415026      59.0033965      2998.45379     0.594259776     0.653601566
 188     1      50               0       264.59013      304.415026      59.0033965      2998.45379     0.594259776     0.653601566
          wgpu 1d 118g 178c x3w 4ms | egraph 18g->32v+0snap 16ms | graft 1 (-7n, 0 snap) cpu 0 | f64 20 | gen 0.3s
 189     0     100               0       264.59013      304.415026      59.0033965      2998.45379     0.594259776     0.653601566
 189     1      50               0       264.59013      304.415026      59.0033965      2998.45379     0.594259776     0.653601566
          wgpu 1d 117g 185c x3w 3ms | egraph 23g->39v+0snap 6ms | graft 2 (-10n, 0 snap) cpu 0 | f64 20 | gen 0.2s | dropped inexpr 1 oversz 0 unbuild 0 {}
 190     0     100               0       264.59013      304.415026      59.0033965      2998.45379     0.594259776     0.653601566
 190     1      50               0       264.59013      304.415026      59.0033965      2998.45379     0.594259776     0.653601566
          wgpu 1d 127g 185c x3w 3ms | egraph 29g->39v+0snap 6ms | graft 1 (-3n, 0 snap) cpu 0 | f64 20 | gen 0.2s | dropped inexpr 2 oversz 0 unbuild 0 {}
--------- pump migration: intra (promote-2 + intake-reset) ---------
 191     0     100               0       264.59013      304.415026      59.0033965      2998.45379     0.594259776     0.653601566
 191     1      50               0       264.59013      304.415026      59.0033965      2998.45379     0.594259776     0.653601566
          wgpu 2d 332g 351c x3w 7ms | egraph 100g->125v+0snap 21ms | graft 15 (-54n, 0 snap) cpu 0 | f64 30 | gen 0.2s | dropped inexpr 6 oversz 0 unbuild 0 {}
 192     0     100               0       264.59013      304.415026      59.0033965      2998.45379     0.594259776     0.653601566
 192     1      50               0       264.59013      304.415026      59.0033965      2998.45379     0.594259776     0.653601566
          wgpu 1d 152g 209c x3w 4ms | egraph 42g->63v+0snap 9ms | graft 4 (-12n, 0 snap) cpu 0 | f64 20 | gen 0.2s | dropped inexpr 3 oversz 0 unbuild 0 {}
 193     0     100               0       264.59013      304.415026      59.0033965      2998.45379     0.594259776     0.653601566
 193     1      50               0      142.319882      157.413369      47.9590999      1941.94011      0.31964526      0.33797814
          wgpu 1d 161g 217c x3w 4ms | egraph 46g->71v+0snap 10ms | graft 6 (-26n, 0 snap) cpu 0 | f64 20 | gen 0.2s | dropped inexpr 2 oversz 0 unbuild 0 {}
 194     0     100               0       264.59013      304.415026      59.0033965      2998.45379     0.594259776     0.653601566
 194     1      50               0      142.319882      157.413369      47.9590999      1941.94011      0.31964526      0.33797814
          wgpu 1d 170g 203c x3w 4ms | egraph 50g->57v+0snap 13ms | graft 3 (-8n, 0 snap) cpu 0 | f64 20 | gen 0.2s
 195     0     100               0       264.59013      304.415026      59.0033965      2998.45379     0.594259776     0.653601566
 195     1      50               0      142.319882      157.413369      47.9590999      1941.94011      0.31964526      0.33797814
          wgpu 1d 157g 214c x3w 4ms | egraph 39g->68v+0snap 11ms | graft 6 (-23n, 0 snap) cpu 0 | f64 20 | gen 0.2s
 196     0     100               0       264.59013      304.415026      59.0033965      2998.45379     0.594259776     0.653601566
 196     1      50               0      142.319882      157.413369      47.9590999      1941.94011      0.31964526      0.33797814
          wgpu 1d 195g 251c x3w 8ms | egraph 61g->105v+0snap 13ms | graft 5 (-17n, 0 snap) cpu 0 | f64 20 | gen 0.2s
 197     0     100               0       264.59013      304.415026      59.0033965      2998.45379     0.594259776     0.653601566
 197     1      50               0      142.319882      157.413369      47.9590999      1941.94011      0.31964526      0.33797814
          wgpu 1d 151g 205c x3w 6ms | egraph 41g->59v+0snap 10ms | graft 6 (-42n, 0 snap) cpu 0 | f64 20 | gen 0.3s | dropped inexpr 1 oversz 0 unbuild 0 {}
 198     0     100               0       264.59013      304.415026      59.0033965      2998.45379     0.594259776     0.653601566
 198     1      50               0      142.319882      157.413369      47.9590999      1941.94011      0.31964526      0.33797814
          wgpu 1d 159g 225c x3w 7ms | egraph 40g->79v+0snap 53ms | graft 9 (-25n, 0 snap) cpu 0 | f64 20 | gen 0.2s | dropped inexpr 1 oversz 0 unbuild 0 {}
 199     0     100               0       264.59013      304.415026      59.0033965      2998.45379     0.594259776     0.653601566
 199     1      50               0      142.319882      157.413369      47.9590999      1941.94011      0.31964526      0.33797814
          wgpu 1d 143g 195c x3w 4ms | egraph 47g->49v+0snap 19ms | graft 5 (-13n, 0 snap) cpu 0 | f64 20 | gen 0.3s | dropped inexpr 2 oversz 0 unbuild 0 {}
 200     0     100               0       264.59013      304.415026      59.0033965      2998.45379     0.594259776     0.653601566
 200     1      50               0      142.319882      157.413369      47.9590999      1941.94011      0.31964526      0.33797814
          wgpu 1d 176g 235c x3w 4ms | egraph 46g->89v+0snap 13ms | graft 10 (-70n, 0 snap) cpu 0 | f64 20 | gen 0.5s
--------- pump migration: intra (promote-2 + intake-reset) ---------
 201     0     100               0       264.59013      304.415026      59.0033965      2998.45379     0.594259776     0.653601566
 201     1      50               0       264.59013      304.415026      59.0033965      2998.45379     0.594259776     0.653601566
          wgpu 2d 348g 382c x3w 8ms | egraph 96g->156v+0snap 36ms | graft 11 (-73n, 0 snap) cpu 0 | f64 30 | gen 0.4s | dropped inexpr 4 oversz 0 unbuild 0 {}
 202     0     100               0       264.59013      304.415026      59.0033965      2998.45379     0.594259776     0.653601566
 202     1      50               0       264.59013      304.415026      59.0033965      2998.45379     0.594259776     0.653601566
          wgpu 1d 152g 217c x3w 4ms | egraph 39g->71v+0snap 18ms | graft 3 (-13n, 0 snap) cpu 0 | f64 20 | gen 0.3s | dropped inexpr 1 oversz 0 unbuild 0 {}
 203     0     100               0       264.59013      304.415026      59.0033965      2998.45379     0.594259776     0.653601566
 203     1      50               0       264.59013      304.415026      59.0033965      2998.45379     0.594259776     0.653601566
          wgpu 1d 160g 216c x3w 4ms | egraph 38g->70v+0snap 12ms | graft 9 (-28n, 0 snap) cpu 0 | f64 20 | gen 0.2s | dropped inexpr 2 oversz 0 unbuild 0 {}
 204     0     100               0       264.59013      304.415026      59.0033965      2998.45379     0.594259776     0.653601566
 204     1      50               0       264.59013      304.415026      59.0033965      2998.45379     0.594259776     0.653601566
          wgpu 1d 153g 220c x3w 4ms | egraph 24g->74v+0snap 9ms | graft 1 (-2n, 0 snap) cpu 0 | f64 20 | gen 0.2s | dropped inexpr 1 oversz 0 unbuild 0 {}
 205     0     100               0       264.59013      304.415026      59.0033965      2998.45379     0.594259776     0.653601566
 205     1      50               0       264.59013      304.415026      59.0033965      2998.45379     0.594259776     0.653601566
          wgpu 1d 151g 200c x3w 4ms | egraph 31g->54v+0snap 8ms | graft 4 (-20n, 0 snap) cpu 0 | f64 20 | gen 0.3s
 206     0     100               0       264.59013      304.415026      59.0033965      2998.45379     0.594259776     0.653601566
 206     1      50               0       264.59013      304.415026      59.0033965      2998.45379     0.594259776     0.653601566
          wgpu 1d 165g 218c x3w 7ms | egraph 27g->72v+0snap 10ms | graft 3 (-10n, 0 snap) cpu 0 | f64 20 | gen 0.2s | dropped inexpr 3 oversz 0 unbuild 0 {}
 207     0     100               0       264.59013      304.415026      59.0033965      2998.45379     0.594259776     0.653601566
 207     1      50               0       264.59013      304.415026      59.0033965      2998.45379     0.594259776     0.653601566
          wgpu 1d 129g 200c x3w 4ms | egraph 22g->54v+0snap 14ms | graft 5 (-28n, 0 snap) cpu 0 | f64 20 | gen 0.2s
 208     0     100               0       264.59013      304.415026      59.0033965      2998.45379     0.594259776     0.653601566
 208     1      50               0      136.515243      146.521826       47.088396      1914.53203     0.306608254     0.314593193
          wgpu 1d 161g 222c x3w 4ms | egraph 38g->76v+0snap 9ms | graft 2 (-5n, 0 snap) cpu 0 | f64 20 | gen 0.2s
 209     0     100               0       264.59013      304.415026      59.0033965      2998.45379     0.594259776     0.653601566
 209     1      50               0      136.515243      146.521826       47.088396      1914.53203     0.306608254     0.314593193
          wgpu 1d 179g 215c x3w 4ms | egraph 48g->69v+0snap 11ms | graft 5 (-22n, 0 snap) cpu 0 | f64 20 | gen 0.2s | dropped inexpr 1 oversz 0 unbuild 0 {}
 210     0     100               0       264.59013      304.415026      59.0033965      2998.45379     0.594259776     0.653601566
 210     1      50               0      136.515243      146.521826       47.088396      1914.53203     0.306608254     0.314593193
          wgpu 1d 186g 236c x3w 5ms | egraph 51g->90v+0snap 11ms | graft 6 (-20n, 0 snap) cpu 0 | f64 20 | gen 0.2s
--------- pump migration: intra (promote-2 + intake-reset) + cross ---------
 211     0     100               0       264.59013      304.415026      59.0033965      2998.45379     0.594259776     0.653601566
 211     1      50               0      136.515243      146.521826       47.088396      1914.53203     0.306608254     0.314593193
          wgpu 2d 376g 388c x3w 8ms | egraph 123g->162v+0snap 28ms | graft 14 (-58n, 0 snap) cpu 0 | f64 30 | gen 0.2s | dropped inexpr 1 oversz 0 unbuild 0 {}
 212     0     100               0       264.59013      304.415026      59.0033965      2998.45379     0.594259776     0.653601566
 212     1      50               0      136.515243      146.521826       47.088396      1914.53203     0.306608254     0.314593193
          wgpu 1d 184g 254c x3w 9ms | egraph 48g->108v+0snap 18ms | graft 11 (-58n, 0 snap) cpu 0 | f64 20 | gen 0.4s | dropped inexpr 1 oversz 0 unbuild 0 {}
 213     0     100               0       264.59013      304.415026      59.0033965      2998.45379     0.594259776     0.653601566
 213     1      50               0      136.515243      146.521826       47.088396      1914.53203     0.306608254     0.314593193
          wgpu 1d 162g 202c x3w 4ms | egraph 41g->56v+0snap 9ms | graft 4 (-19n, 0 snap) cpu 0 | f64 20 | gen 0.2s | dropped inexpr 2 oversz 0 unbuild 0 {}
 214     0     100               0       264.59013      304.415026      59.0033965      2998.45379     0.594259776     0.653601566
 214     1      50               0      125.427577      134.353957      42.1768527      1861.07833      0.28170576     0.288467879
          wgpu 1d 191g 252c x3w 4ms | egraph 55g->106v+0snap 13ms | graft 3 (-15n, 0 snap) cpu 0 | f64 20 | gen 0.4s
 215     0     100               0       264.59013      304.415026      59.0033965      2998.45379     0.594259776     0.653601566
 215     1      50               0      125.427577      134.353957      42.1768527      1861.07833      0.28170576     0.288467879
          wgpu 1d 178g 228c x3w 4ms | egraph 47g->82v+0snap 9ms | graft 6 (-24n, 0 snap) cpu 0 | f64 20 | gen 0.3s
 216     0     100               0       264.59013      304.415026      59.0033965      2998.45379     0.594259776     0.653601566
 216     1      50               0      125.427577      134.353957      42.1768527      1861.07833      0.28170576     0.288467879
          wgpu 1d 157g 206c x3w 4ms | egraph 32g->60v+0snap 7ms | graft 6 (-32n, 0 snap) cpu 0 | f64 20 | gen 0.3s
 217     0     100               0       264.59013      304.415026      59.0033965      2998.45379     0.594259776     0.653601566
 217     1      50               0      125.427577      134.353957      42.1768527      1861.07833      0.28170576     0.288467879
          wgpu 1d 149g 186c x3w 3ms | egraph 34g->40v+0snap 7ms | graft 5 (-17n, 0 snap) cpu 0 | f64 20 | gen 0.2s | dropped inexpr 1 oversz 0 unbuild 0 {}
 218     0     100               0       264.59013      304.415026      59.0033965      2998.45379     0.594259776     0.653601566
 218     1      50               0      125.427577      134.353957      42.1768527      1861.07833      0.28170576     0.288467879
          wgpu 1d 192g 247c x3w 4ms | egraph 56g->101v+0snap 11ms | graft 6 (-38n, 0 snap) cpu 0 | f64 20 | gen 0.2s | dropped inexpr 1 oversz 0 unbuild 0 {}
 219     0     100               0       264.59013      304.415026      59.0033965      2998.45379     0.594259776     0.653601566
 219     1      50               0      125.427577      134.353957      42.1768527      1861.07833      0.28170576     0.288467879
          wgpu 1d 166g 253c x3w 5ms | egraph 47g->107v+0snap 10ms | graft 10 (-35n, 0 snap) cpu 0 | f64 20 | gen 0.2s | dropped inexpr 3 oversz 0 unbuild 0 {}
 220     0     100               0       264.59013      304.415026      59.0033965      2998.45379     0.594259776     0.653601566
 220     1      50               0      125.427577      134.353957      42.1768527      1861.07833      0.28170576     0.288467879
          wgpu 1d 154g 214c x3w 6ms | egraph 35g->68v+0snap 8ms | graft 5 (-23n, 0 snap) cpu 0 | f64 20 | gen 0.2s | dropped inexpr 1 oversz 0 unbuild 0 {}
--------- pump migration: intra (promote-2 + intake-reset) ---------
 221     0     100               0       264.59013      304.415026      59.0033965      2998.45379     0.594259776     0.653601566
 221     1      50               0      125.427577      134.353957      42.1768527      1861.07833      0.28170576     0.288467879
          wgpu 2d 314g 330c x3w 7ms | egraph 89g->104v+0snap 20ms | graft 12 (-62n, 0 snap) cpu 0 | f64 30 | gen 0.2s | dropped inexpr 4 oversz 0 unbuild 0 {}
 222     0     100               0       264.59013      304.415026      59.0033965      2998.45379     0.594259776     0.653601566
 222     1      50               0      125.427577      134.353957      42.1768527      1861.07833      0.28170576     0.288467879
          wgpu 1d 170g 215c x3w 4ms | egraph 37g->69v+0snap 9ms | graft 5 (-19n, 0 snap) cpu 0 | f64 20 | gen 0.3s
 223     0     100               0       264.59013      304.415026      59.0033965      2998.45379     0.594259776     0.653601566
 223     1      50               0      125.427577      134.353957      42.1768527      1861.07833      0.28170576     0.288467879
          wgpu 1d 165g 210c x3w 4ms | egraph 35g->64v+0snap 7ms | graft 10 (-44n, 0 snap) cpu 0 | f64 20 | gen 0.3s
 224     0     100               0       264.59013      304.415026      59.0033965      2998.45379     0.594259776     0.653601566
 224     1      50               0      125.427577      134.353957      42.1768527      1861.07833      0.28170576     0.288467879
          wgpu 1d 185g 250c x3w 4ms | egraph 51g->104v+0snap 12ms | graft 5 (-12n, 0 snap) cpu 0 | f64 20 | gen 0.2s | dropped inexpr 3 oversz 0 unbuild 0 {}
 225     0     100               0       264.59013      304.415026      59.0033965      2998.45379     0.594259776     0.653601566
 225     1      50               0      125.427577      134.353957      42.1768527      1861.07833      0.28170576     0.288467879
          wgpu 1d 183g 245c x3w 4ms | egraph 47g->99v+0snap 10ms | graft 3 (-10n, 0 snap) cpu 0 | f64 20 | gen 0.2s
 226     0     100               0       264.59013      304.415026      59.0033965      2998.45379     0.594259776     0.653601566
 226     1      50               0      125.427577      134.353957      42.1768527      1861.07833      0.28170576     0.288467879
          wgpu 1d 182g 243c x3w 4ms | egraph 47g->97v+0snap 12ms | graft 8 (-26n, 0 snap) cpu 0 | f64 20 | gen 0.2s
 227     0     100               0       264.59013      304.415026      59.0033965      2998.45379     0.594259776     0.653601566
 227     1      50               0      125.427577      134.353957      42.1768527      1861.07833      0.28170576     0.288467879
          wgpu 1d 176g 218c x3w 4ms | egraph 43g->72v+0snap 15ms | graft 6 (-33n, 0 snap) cpu 0 | f64 20 | gen 0.3s
 228     0     100               0       264.59013      304.415026      59.0033965      2998.45379     0.594259776     0.653601566
 228     1      50               0      125.427577      134.353957      42.1768527      1861.07833      0.28170576     0.288467879
          wgpu 1d 159g 209c x3w 4ms | egraph 31g->63v+0snap 13ms | graft 3 (-10n, 0 snap) cpu 0 | f64 20 | gen 0.2s
 229     0     100               0       264.59013      304.415026      59.0033965      2998.45379     0.594259776     0.653601566
 229     1      50               0      125.427577      134.353957      42.1768527      1861.07833      0.28170576     0.288467879
          wgpu 1d 198g 238c x3w 6ms | egraph 45g->92v+0snap 10ms | graft 6 (-19n, 0 snap) cpu 0 | f64 20 | gen 0.2s | dropped inexpr 1 oversz 0 unbuild 0 {}
 230     0     100               0       264.59013      304.415026      59.0033965      2998.45379     0.594259776     0.653601566
 230     1      50               0      125.427577      134.353957      42.1768527      1861.07833      0.28170576     0.288467879
          wgpu 1d 170g 211c x3w 4ms | egraph 25g->65v+0snap 6ms | graft 12 (-48n, 0 snap) cpu 0 | f64 20 | gen 0.2s
--------- pump migration: intra (promote-2 + intake-reset) ---------
 231     0     100               0       264.59013      304.415026      59.0033965      2998.45379     0.594259776     0.653601566
 231     1      50               0      125.427577      134.353957      42.1768527      1861.07833      0.28170576     0.288467879
          wgpu 2d 312g 315c x3w 7ms | egraph 99g->89v+0snap 39ms | graft 13 (-42n, 0 snap) cpu 0 | f64 30 | gen 0.3s
 232     0     100               0       264.59013      304.415026      59.0033965      2998.45379     0.594259776     0.653601566
 232     1      50               0      125.427577      134.353957      42.1768527      1861.07833      0.28170576     0.288467879
          wgpu 1d 157g 180c x3w 4ms | egraph 38g->34v+0snap 9ms | graft 6 (-47n, 0 snap) cpu 0 | f64 20 | gen 0.4s
 233     0     100               0       264.59013      304.415026      59.0033965      2998.45379     0.594259776     0.653601566
 233     1      50               0      125.427577      134.353957      42.1768527      1861.07833      0.28170576     0.288467879
          wgpu 1d 146g 174c x3w 3ms | egraph 32g->28v+0snap 9ms | graft 5 (-43n, 0 snap) cpu 0 | f64 20 | gen 0.2s
 234     0     100               0       264.59013      304.415026      59.0033965      2998.45379     0.594259776     0.653601566
 234     1      50               0      125.427577      134.353957      42.1768527      1861.07833      0.28170576     0.288467879
          wgpu 1d 138g 165c x3w 4ms | egraph 37g->19v+0snap 28ms | graft 5 (-12n, 0 snap) cpu 0 | f64 20 | gen 0.3s
 235     0     100               0       264.59013      304.415026      59.0033965      2998.45379     0.594259776     0.653601566
 235     1      50               0      125.427577      134.353957      42.1768527      1861.07833      0.28170576     0.288467879
          wgpu 1d 145g 168c x3w 3ms | egraph 26g->22v+0snap 8ms | graft 3 (-17n, 0 snap) cpu 0 | f64 20 | gen 0.3s
 236     0     100               0       264.59013      304.415026      59.0033965      2998.45379     0.594259776     0.653601566
 236     1      50               0      125.427577      134.353957      42.1768527      1861.07833      0.28170576     0.288467879
          wgpu 1d 141g 168c x3w 4ms | egraph 36g->22v+0snap 14ms | graft 5 (-64n, 0 snap) cpu 0 | f64 20 | gen 0.3s
 237     0     100               0       264.59013      304.415026      59.0033965      2998.45379     0.594259776     0.653601566
 237     1      50               0      125.427577      134.353957      42.1768527      1861.07833      0.28170576     0.288467879
          wgpu 1d 161g 174c x3w 4ms | egraph 36g->28v+0snap 20ms | graft 4 (-22n, 0 snap) cpu 0 | f64 20 | gen 0.4s
 238     0     100               0       264.59013      304.415026      59.0033965      2998.45379     0.594259776     0.653601566
 238     1      50               0      125.427577      134.353957      42.1768527      1861.07833      0.28170576     0.288467879
          wgpu 1d 153g 181c x3w 4ms | egraph 42g->35v+0snap 12ms | graft 6 (-42n, 0 snap) cpu 0 | f64 20 | gen 0.2s
 239     0     100               0      73.3420039      73.5345013      31.7560007      1303.62368     0.164723464     0.157884011
 239     1      50               0      125.427577      134.353957      42.1768527      1861.07833      0.28170576     0.288467879
          wgpu 1d 131g 168c x3w 3ms | egraph 39g->22v+0snap 9ms | graft 3 (-21n, 0 snap) cpu 0 | f64 20 | gen 0.2s
 240     0     100               0       73.342004      73.5344968      31.7559965      1303.62366     0.164723464     0.157884001
 240     1      50               0      125.427577      134.353957      42.1768527      1861.07833      0.28170576     0.288467879
          wgpu 1d 156g 195c x3w 4ms | egraph 46g->49v+0snap 11ms | graft 10 (-40n, 0 snap) cpu 0 | f64 20 | gen 0.4s
--------- pump migration: intra (promote-2 + intake-reset) + cross ---------
 241     0     100               0      73.3420039      73.5345013      31.7560007      1303.62368     0.164723464     0.157884011
 241     1      50               0       73.342004      73.5344968      31.7559965      1303.62366     0.164723464     0.157884001
          wgpu 2d 280g 310c x3w 7ms | egraph 89g->84v+0snap 22ms | graft 6 (-40n, 0 snap) cpu 0 | f64 30 | gen 0.2s | dropped inexpr 11 oversz 0 unbuild 0 {}
 242     0     100               0      73.3420039      73.5345013      31.7560007      1303.62368     0.164723464     0.157884011
 242     1      50               0      73.3420039      73.5345013      31.7560007      1303.62368     0.164723464     0.157884011
          wgpu 1d 123g 170c x3w 3ms | egraph 47g->24v+0snap 14ms | graft 6 (-21n, 0 snap) cpu 0 | f64 20 | gen 0.2s
 243     0     100               0      73.3420039      73.5345013      31.7560007      1303.62368     0.164723464     0.157884011
 243     1      50               0       73.342004      73.5344968      31.7559965      1303.62366     0.164723464     0.157884001
          wgpu 1d 140g 181c x3w 4ms | egraph 43g->35v+0snap 10ms | graft 6 (-16n, 0 snap) cpu 0 | f64 20 | gen 0.2s
 244     0     100               0      73.3420039      73.5345013      31.7560007      1303.62368     0.164723464     0.157884011
 244     1      50               0      73.3420039      73.5345013      31.7560007      1303.62368     0.164723464     0.157884011
          wgpu 1d 143g 199c x3w 3ms | egraph 37g->53v+0snap 9ms | graft 11 (-39n, 0 snap) cpu 0 | f64 20 | gen 0.2s
 245     0     100               0       73.342004      73.5344968      31.7559965      1303.62366     0.164723464     0.157884001
 245     1      50               0      73.3420039      73.5345013      31.7560007      1303.62368     0.164723464     0.157884011
          wgpu 1d 143g 186c x3w 4ms | egraph 44g->40v+0snap 10ms | graft 11 (-32n, 0 snap) cpu 0 | f64 20 | gen 0.2s
 246     0     100               0       73.342004      73.5344968      31.7559965      1303.62366     0.164723464     0.157884001
 246     1      50               0      73.3420039      73.5345013      31.7560007      1303.62368     0.164723464     0.157884011
          wgpu 1d 136g 182c x3w 4ms | egraph 42g->36v+0snap 10ms | graft 6 (-27n, 0 snap) cpu 0 | f64 20 | gen 0.2s
 247     0     100               0      73.3420039      73.5345013      31.7560007      1303.62368     0.164723464     0.157884011
 247     1      50               0      73.3420039      73.5345013      31.7560007      1303.62368     0.164723464     0.157884011
          wgpu 1d 147g 181c x3w 3ms | egraph 44g->35v+0snap 11ms | graft 7 (-20n, 0 snap) cpu 0 | f64 20 | gen 0.2s | dropped inexpr 1 oversz 0 unbuild 0 {}
 248     0     100               0      73.3420039      73.5345013      31.7560007      1303.62368     0.164723464     0.157884011
 248     1      50               0      73.3420039      73.5345013      31.7560007      1303.62368     0.164723464     0.157884011
          wgpu 1d 144g 171c x3w 5ms | egraph 42g->25v+0snap 10ms | graft 4 (-10n, 0 snap) cpu 0 | f64 20 | gen 0.2s
 249     0     100               0       73.342004      73.5344968      31.7559965      1303.62366     0.164723464     0.157884001
 249     1      50               0      73.3420039      73.5345013      31.7560007      1303.62368     0.164723464     0.157884011
          wgpu 1d 120g 174c x3w 3ms | egraph 24g->28v+0snap 7ms | graft 7 (-34n, 0 snap) cpu 0 | f64 20 | gen 0.2s
 250     0     100               0       73.342004      73.5344968      31.7559965      1303.62366     0.164723464     0.157884001
 250     1      50               0       73.342004      73.5344968      31.7559965      1303.62366     0.164723464     0.157884001
          wgpu 1d 104g 168c x3w 3ms | egraph 23g->22v+0snap 8ms | graft 4 (-11n, 0 snap) cpu 0 | f64 20 | gen 0.2s
--------- pump migration: intra (promote-2 + intake-reset) ---------
 251     0     100               0      73.3420039      73.5345013      31.7560007      1303.62368     0.164723464     0.157884011
 251     1      50               0       73.342004      73.5344968      31.7559965      1303.62366     0.164723464     0.157884001
          wgpu 2d 295g 308c x3w 7ms | egraph 97g->82v+0snap 24ms | graft 17 (-73n, 0 snap) cpu 0 | f64 30 | gen 0.2s
 252     0     100               0      73.3420039      73.5345013      31.7560007      1303.62368     0.164723464     0.157884011
 252     1      50               0       73.342004      73.5344968      31.7559965      1303.62366     0.164723464     0.157884001
          wgpu 1d 124g 172c x3w 4ms | egraph 35g->26v+0snap 9ms | graft 3 (-10n, 0 snap) cpu 0 | f64 20 | gen 0.3s
 253     0     100               0       73.342004      73.5344968      31.7559965      1303.62366     0.164723464     0.157884001
 253     1      50               0       73.342004      73.5344968      31.7559965      1303.62366     0.164723464     0.157884001
          wgpu 1d 127g 171c x3w 8ms | egraph 33g->25v+0snap 10ms | graft 5 (-18n, 0 snap) cpu 0 | f64 20 | gen 0.2s | dropped inexpr 1 oversz 0 unbuild 0 {}
 254     0     100               0       73.342004      73.5344968      31.7559965      1303.62366     0.164723464     0.157884001
 254     1      50               0      73.3420039      73.5345013      31.7560007      1303.62368     0.164723464     0.157884011
          wgpu 1d 123g 178c x3w 3ms | egraph 37g->32v+0snap 10ms | graft 5 (-30n, 0 snap) cpu 0 | f64 20 | gen 0.4s
 255     0     100               0       73.342004      73.5344968      31.7559965      1303.62366     0.164723464     0.157884001
 255     1      50               0      73.3420039      73.5345013      31.7560007      1303.62368     0.164723464     0.157884011
          wgpu 1d 126g 168c x3w 3ms | egraph 37g->22v+0snap 9ms | graft 2 (-4n, 0 snap) cpu 0 | f64 20 | gen 0.3s
 256     0     100               0       73.342004      73.5344968      31.7559965      1303.62366     0.164723464     0.157884001
 256     1      50               0       73.342004      73.5344968      31.7559965      1303.62366     0.164723464     0.157884001
          wgpu 1d 128g 175c x3w 3ms | egraph 36g->29v+0snap 10ms | graft 4 (-11n, 0 snap) cpu 0 | f64 20 | gen 0.2s
 257     0     100               0       73.342004      73.5344968      31.7559965      1303.62366     0.164723464     0.157884001
 257     1      50               0       73.342004      73.5344968      31.7559965      1303.62366     0.164723464     0.157884001
          wgpu 1d 118g 166c x3w 3ms | egraph 34g->20v+0snap 18ms | graft 1 (-2n, 0 snap) cpu 0 | f64 20 | gen 0.2s | dropped inexpr 2 oversz 0 unbuild 0 {}
 258     0     100               0       73.342004      73.5344968      31.7559965      1303.62366     0.164723464     0.157884001
 258     1      50               0       73.342004      73.5344968      31.7559965      1303.62366     0.164723464     0.157884001
          wgpu 1d 126g 165c x3w 3ms | egraph 36g->19v+0snap 10ms | graft 2 (-6n, 0 snap) cpu 0 | f64 20 | gen 0.2s | dropped inexpr 1 oversz 0 unbuild 0 {}
 259     0     100               0       73.342004      73.5344968      31.7559965      1303.62366     0.164723464     0.157884001
 259     1      50               0       73.342004      73.5344968      31.7559965      1303.62366     0.164723464     0.157884001
          wgpu 1d 125g 173c x3w 3ms | egraph 34g->27v+0snap 10ms | graft 8 (-32n, 0 snap) cpu 0 | f64 20 | gen 0.5s
 260     0     100               0       73.342004      73.5344968      31.7559965      1303.62366     0.164723464     0.157884001
 260     1      50               0       73.342004      73.5344968      31.7559965      1303.62366     0.164723464     0.157884001
          wgpu 1d 118g 170c x3w 3ms | egraph 36g->24v+0snap 12ms | graft 2 (-13n, 0 snap) cpu 0 | f64 20 | gen 0.2s
--------- pump migration: intra (promote-2 + intake-reset) ---------
 261     0     100               0       73.342004      73.5344968      31.7559965      1303.62366     0.164723464     0.157884001
 261     1      50               0       73.342004      73.5344968      31.7559965      1303.62366     0.164723464     0.157884001
          wgpu 2d 313g 308c x3w 7ms | egraph 113g->82v+0snap 29ms | graft 14 (-57n, 0 snap) cpu 0 | f64 30 | gen 0.2s | dropped inexpr 1 oversz 0 unbuild 0 {}
 262     0     100               0       73.342004      73.5344968      31.7559965      1303.62366     0.164723464     0.157884001
 262     1      50               0      73.3420039      73.5345013      31.7560007      1303.62368     0.164723464     0.157884011
          wgpu 1d 116g 166c x3w 3ms | egraph 34g->20v+0snap 8ms | graft 3 (-15n, 0 snap) cpu 0 | f64 20 | gen 0.2s | dropped inexpr 1 oversz 0 unbuild 0 {}
 263     0     100               0       73.342004      73.5344968      31.7559965      1303.62366     0.164723464     0.157884001
 263     1      50               0       73.342004      73.5344968      31.7559965      1303.62366     0.164723464     0.157884001
          wgpu 1d 126g 178c x3w 4ms | egraph 40g->32v+0snap 10ms | graft 5 (-19n, 0 snap) cpu 0 | f64 20 | gen 0.2s
 264     0     100               0       73.342004      73.5344968      31.7559965      1303.62366     0.164723464     0.157884001
 264     1      50               0      73.3420039      73.5345013      31.7560007      1303.62368     0.164723464     0.157884011
          wgpu 1d 150g 174c x3w 15ms | egraph 50g->28v+0snap 11ms | graft 3 (-18n, 0 snap) cpu 0 | f64 20 | gen 0.2s
 265     0     100               0      73.3420039      73.5345013      31.7560007      1303.62368     0.164723464     0.157884011
 265     1      50               0      73.3420039      73.5345013      31.7560007      1303.62368     0.164723464     0.157884011
          wgpu 1d 115g 166c x3w 7ms | egraph 32g->20v+0snap 9ms | graft 4 (-10n, 0 snap) cpu 0 | f64 20 | gen 0.2s | dropped inexpr 1 oversz 0 unbuild 0 {}
 266     0     100               0       73.342004      73.5344968      31.7559965      1303.62366     0.164723464     0.157884001
 266     1      50               0      73.3420039      73.5345013      31.7560007      1303.62368     0.164723464     0.157884011
          wgpu 1d 112g 167c x3w 9ms | egraph 24g->21v+0snap 7ms | graft 5 (-15n, 0 snap) cpu 0 | f64 20 | gen 0.1s
 267     0     100               0      73.3420039      73.5345013      31.7560007      1303.62368     0.164723464     0.157884011
 267     1      50               0      73.3420039      73.5345013      31.7560007      1303.62368     0.164723464     0.157884011
          wgpu 1d 117g 166c x3w 3ms | egraph 22g->20v+0snap 7ms | graft 4 (-12n, 0 snap) cpu 0 | f64 20 | gen 0.1s
 268     0     100               0       73.342004      73.5344968      31.7559965      1303.62366     0.164723464     0.157884001
 268     1      50               0      73.3420039      73.5345013      31.7560007      1303.62368     0.164723464     0.157884011
          wgpu 1d 158g 185c x3w 3ms | egraph 38g->39v+0snap 9ms | graft 9 (-32n, 0 snap) cpu 0 | f64 20 | gen 0.1s
 269     0     100               0      73.3420039      73.5345013      31.7560007      1303.62368     0.164723464     0.157884011
 269     1      50               0      73.3420039      73.5345013      31.7560007      1303.62368     0.164723464     0.157884011
          wgpu 1d 113g 170c x3w 3ms | egraph 32g->24v+0snap 8ms | graft 5 (-16n, 0 snap) cpu 0 | f64 20 | gen 0.1s
 270     0     100               0      73.3420039      73.5345013      31.7560007      1303.62368     0.164723464     0.157884011
 270     1      50               0      73.3420039      73.5345013      31.7560007      1303.62368     0.164723464     0.157884011
          wgpu 1d 119g 170c x3w 3ms | egraph 28g->24v+0snap 11ms | graft 4 (-26n, 0 snap) cpu 0 | f64 20 | gen 0.2s | dropped inexpr 1 oversz 0 unbuild 0 {}
--------- pump migration: intra (promote-2 + intake-reset) + cross ---------
 271     0     100               0      73.3420039      73.5345013      31.7560007      1303.62368     0.164723464     0.157884011
 271     1      50               0      73.3420039      73.5345013      31.7560007      1303.62368     0.164723464     0.157884011
          wgpu 2d 286g 296c x3w 8ms | egraph 98g->70v+0snap 41ms | graft 14 (-60n, 0 snap) cpu 0 | f64 30 | gen 0.1s | dropped inexpr 1 oversz 0 unbuild 0 {}
 272     0     100               0       73.342004      73.5344968      31.7559965      1303.62366     0.164723464     0.157884001
 272     1      50               0      73.3420039      73.5345013      31.7560007      1303.62368     0.164723464     0.157884011
          wgpu 1d 107g 165c x3w 9ms | egraph 24g->19v+0snap 6ms | graft 2 (-5n, 0 snap) cpu 0 | f64 20 | gen 0.1s
 273     0     100               0      73.3420039      73.5345013      31.7560007      1303.62368     0.164723464     0.157884011
 273     1      50               0      73.3420039      73.5345013      31.7560007      1303.62368     0.164723464     0.157884011
          wgpu 1d 123g 172c x3w 3ms | egraph 35g->26v+0snap 10ms | graft 5 (-18n, 0 snap) cpu 0 | f64 20 | gen 0.1s | dropped inexpr 1 oversz 0 unbuild 0 {}
 274     0     100               0      73.3420039      73.5345013      31.7560007      1303.62368     0.164723464     0.157884011
 274     1      50               0      73.3420039      73.5345013      31.7560007      1303.62368     0.164723464     0.157884011
          wgpu 1d 127g 167c x3w 3ms | egraph 26g->21v+0snap 11ms | graft 6 (-20n, 0 snap) cpu 0 | f64 20 | gen 0.1s
 275     0     100               0      73.3420039      73.5345013      31.7560007      1303.62368     0.164723464     0.157884011
 275     1      50               0      73.3420039      73.5345013      31.7560007      1303.62368     0.164723464     0.157884011
          wgpu 1d 140g 194c x3w 5ms | egraph 43g->48v+0snap 11ms | graft 12 (-52n, 0 snap) cpu 0 | f64 20 | gen 0.1s | dropped inexpr 2 oversz 0 unbuild 0 {}
 276     0     100               0       73.342004      73.5344968      31.7559965      1303.62366     0.164723464     0.157884001
 276     1      50               0      73.3420039      73.5345013      31.7560007      1303.62368     0.164723464     0.157884011
          wgpu 1d 116g 171c x3w 3ms | egraph 30g->25v+0snap 8ms | graft 5 (-35n, 0 snap) cpu 0 | f64 20 | gen 0.1s
 277     0     100               0       73.342004      73.5344968      31.7559965      1303.62366     0.164723464     0.157884001
 277     1      50               0      73.3420039      73.5345013      31.7560007      1303.62368     0.164723464     0.157884011
          wgpu 1d 99g 162c x3w 4ms | egraph 18g->16v+0snap 6ms | graft 2 (-4n, 0 snap) cpu 0 | f64 20 | gen 0.1s
 278     0     100               0       73.342004      73.5344968      31.7559965      1303.62366     0.164723464     0.157884001
 278     1      50               0      73.3420039      73.5345013      31.7560007      1303.62368     0.164723464     0.157884011
          wgpu 1d 135g 181c x3w 3ms | egraph 31g->35v+0snap 8ms | graft 8 (-28n, 0 snap) cpu 0 | f64 20 | gen 0.1s
 279     0     100               0       73.342004      73.5344968      31.7559965      1303.62366     0.164723464     0.157884001
 279     1      50               0       73.342004      73.5344968      31.7559965      1303.62366     0.164723464     0.157884001
          wgpu 1d 109g 166c x3w 3ms | egraph 22g->20v+0snap 6ms | graft 5 (-14n, 0 snap) cpu 0 | f64 20 | gen 0.1s
