/opt/anaconda3/lib/python3.12/site-packages/geppy/__init__.py:26: UserWarning: pkg_resources is deprecated as an API. See https://setuptools.pypa.io/en/latest/pkg_resources.html. The pkg_resources package is slated for removal as early as 2025-11-30. Refrain from using this package or pin to Setuptools<81.
  from pkg_resources import get_distribution, DistributionNotFound
hff library OK (test fitness: (0.1415394733244273,))
registry: ['circle_area', 'gravity', 'coulomb', 'pendulum', 'keplers3', 'ideal_gas', 'I_6_2a', 'I_6_2', 'I_6_2b', 'I_8_14', 'I_9_18', 'I_10_7', 'I_11_19', 'I_12_1', 'I_12_2', 'I_12_4', 'I_12_5', 'I_12_11', 'I_13_4', 'I_13_12', 'I_14_3', 'I_14_4', 'I_15_3x', 'I_15_3t', 'I_15_1', 'I_16_6', 'I_18_4', 'I_18_12', 'I_18_14', 'I_24_6', 'I_25_13', 'I_26_2', 'I_27_6', 'I_29_4', 'I_29_16', 'I_30_3', 'I_30_5', 'I_32_5', 'I_32_17', 'I_34_8', 'I_34_1', 'I_34_14', 'I_34_27', 'I_37_4', 'I_38_12', 'I_39_1', 'I_39_11', 'I_39_22', 'I_40_1', 'I_41_16', 'I_43_16', 'I_43_31', 'I_43_43', 'I_44_4', 'I_47_23', 'I_48_2', 'I_50_26', 'II_2_42', 'II_3_24', 'II_4_23', 'II_6_11', 'II_6_15a', 'II_6_15b', 'II_8_7', 'II_8_31', 'II_10_9', 'II_11_3', 'II_11_17', 'II_11_20', 'II_11_27', 'II_11_28', 'II_13_17', 'II_13_23', 'II_13_34', 'II_15_4', 'II_15_5', 'II_21_32', 'II_24_17', 'II_27_16', 'II_27_18', 'II_34_2a', 'II_34_2', 'II_34_11', 'II_34_29a', 'II_34_29b', 'II_35_18', 'II_35_21', 'II_36_38', 'II_37_1', 'II_38_3', 'II_38_14', 'III_4_32', 'III_4_33', 'III_7_38', 'III_8_54', 'III_9_52', 'III_10_19', 'III_12_43', 'III_13_18', 'III_14_14', 'III_15_12', 'III_15_14', 'III_15_27', 'III_17_37', 'III_19_51', 'III_21_20', 'test_1', 'test_2', 'test_3', 'test_4', 'test_5', 'test_6', 'test_7', 'test_8', 'test_9', 'test_10', 'test_11', 'test_12', 'test_13', 'test_14', 'test_15', 'test_16', 'test_17', 'test_18', 'test_19', 'test_20']
[feynman override] head_length=48 (keep n_genes=3, avgval linker)
Selected problem: I_8_14
  Description : Feynman I-III I.8.14: d = sqrt((x2-x1)**2+(y2-y1)**2)
  Variables   : ['x1', 'x2', 'y1', 'y2']
  Train range : {'x1': (1.0, 5.0), 'x2': (1.0, 5.0), 'y1': (1.0, 5.0), 'y2': (1.0, 5.0)}
  Extrap range: {'x1': (1.0, 7.5), 'x2': (1.0, 7.5), 'y1': (1.0, 7.5), 'y2': (1.0, 7.5)}
  Truth       : sqrt((x2-x1)**2+(y2-y1)**2)
  ✓ cache hit  (data/equations/I_8_14, key=cca0ff8d69c88a49)
  train           (800, 5)  target range=[0.08297, 4.721]
  val             (200, 5)  target range=[0.2822, 5.248]
  holdout         (200, 5)  target range=[0.07271, 4.22]
  extrapolation   (200, 5)  target range=[0.2405, 7.428]
  saved figure → data/figures/I_8_14/eda_pairplot.png
Wide primitive set enabled: sin, cos, exp, log added.
[E22 rules] variable pattern tags: {'x_y_pairs', 'paired_numbered'}
  x_y_pairs: [('x1', 'y1'), ('x2', 'y2')]
[rules] HFF_RULES=generic: ['sum_sq_all', 'power_law']
[E22/23 rules] static candidate count: 1
[E22/23 rules] allowed to take a fitness slot (exact): 0
  [sum_sq_all/sum_sq] a=0.0035 b=1.9305e+00 1-R²_va=1.0050e+00
[fuller] denoise + snap IN THE JOIN (every gene, every generation, K=8); mutation operators: physics=0.2 concretize=0.05
Wrapper scope: per_island  (island → wrapper map: ['identity', 'identity'])
[wgpu] process pool disabled — Metal cannot survive fork(); the population is evaluated in one dispatch instead
Genes: head_length=48, n_genes=3, rnc_array_length=10
Population: (per-island, see below), elites: 2, generations: 400, migration FREQ: 30
  pump per-island sizes: intake=100 (tournsize=8), champion=50 (tournsize=5)
Initialising evolution at 2026-09-19 07:31:38.452324
 gen  deme   evals     min fitness          mse_tr          mse_va         max_err      mse_extrap  one_minus_r2_tr  one_minus_r2_va
   0     0     100     0.343721421     0.932450021     0.833521987      2.64453824      4.26033479     0.927700634      0.88337502
   0     1      50     0.303736627      0.86418127     0.808662349      2.29761544       4.4628456     0.859779606     0.857028525
          wgpu 1d 295g 250c x3w 9ms | egraph 187g->100v+0snap 64ms | graft 16 (-57n, 0 snap) cpu 0 | f64 38 | gen 0.0s | dropped inexpr 5 oversz 0 unbuild 0 {}
Extending evolution: gen 1 → 400 (+400 generations)
   1     0     100    0.0967010057     0.861317645     0.755314897      2.38699101      3.97011453     0.856930567     0.800490356
   1     1      50    0.0168049785     0.840544043     0.659154447      1.99215993      3.17613684     0.836262774      0.69857854
          wgpu 1d 221g 331c x3w 11ms | egraph 109g->185v+0snap 20ms | graft 16 (-75n, 0 snap) cpu 0 | f64 28 | gen 0.2s | dropped inexpr 2 oversz 0 unbuild 0 {}
   2     0     100    0.0967010057     0.861317645     0.755314897      2.38699101      3.97011453     0.856930567     0.800490356
   2     1      50    0.0123036171     0.834201894     0.658717662       2.0147528      3.14252495     0.829952928     0.698115631
          wgpu 1d 187g 291c x3w 4ms | egraph 98g->145v+0snap 23ms | graft 22 (-89n, 0 snap) cpu 0 | f64 27 | gen 0.2s | dropped inexpr 4 oversz 0 unbuild 0 {}
   3     0     100    0.0596800817     0.835172644     0.759639498      2.17584037      3.88101429     0.830918734     0.805073612
   3     1      50   0.00764654934     0.770442507      0.63650242      1.95915551      2.99725412     0.766518297     0.674571694
          wgpu 1d 203g 297c x3w 4ms | egraph 95g->151v+0snap 26ms | graft 29 (-122n, 0 snap) cpu 0 | f64 32 | gen 0.4s
   4     0     100    0.0596800817     0.835172644     0.759639498      2.17584037      3.88101429     0.830918734     0.805073612
   4     1      50   0.00764654934     0.770442507      0.63650242      1.95915551      2.99725412     0.766518297     0.674571694
          wgpu 1d 156g 202c x3w 4ms | egraph 82g->56v+0snap 15ms | graft 8 (-47n, 0 snap) cpu 0 | f64 20 | gen 0.2s | dropped inexpr 1 oversz 0 unbuild 0 {}
   5     0     100    0.0596800817     0.835172644     0.759639498      2.17584037      3.88101429     0.830918734     0.805073612
   5     1      50               0     0.730621314     0.584560563      1.84781853      2.73470905     0.726899931     0.619523189
          wgpu 1d 132g 169c x3w 6ms | egraph 66g->23v+0snap 31ms | graft 3 (-8n, 0 snap) cpu 0 | f64 20 | gen 0.2s
   6     0     100    0.0596800817     0.835172644     0.759639498      2.17584037      3.88101429     0.830918734     0.805073612
   6     1      50               0     0.730621314     0.584560563      1.84781853      2.73470905     0.726899931     0.619523189
          wgpu 1d 139g 175c x3w 3ms | egraph 71g->29v+0snap 13ms | graft 3 (-7n, 0 snap) cpu 0 | f64 20 | gen 0.2s | dropped inexpr 1 oversz 0 unbuild 0 {}
   7     0     100    0.0596800817     0.835172644     0.759639498      2.17584037      3.88101429     0.830918734     0.805073612
   7     1      50               0     0.730621314     0.584560563      1.84781853      2.73470905     0.726899931     0.619523189
          wgpu 1d 139g 175c x3w 3ms | egraph 74g->29v+0snap 28ms | graft 2 (-4n, 0 snap) cpu 0 | f64 20 | gen 0.2s | dropped inexpr 1 oversz 0 unbuild 0 {}
   8     0     100    0.0596800817     0.835172644     0.759639498      2.17584037      3.88101429     0.830918734     0.805073612
   8     1      50               0     0.730621314     0.584560563      1.84781853      2.73470905     0.726899931     0.619523189
          wgpu 1d 132g 166c x3w 12ms | egraph 55g->20v+0snap 10ms | graft 1 (-3n, 0 snap) cpu 0 | f64 20 | gen 0.2s
   9     0     100    0.0476463249     0.647526809     0.621058878      2.25664616      2.12617161     0.644228663     0.658204471
   9     1      50               0     0.730621314     0.584560563      1.84781853      2.73470905     0.726899931     0.619523189
          wgpu 1d 133g 162c x3w 3ms | egraph 53g->16v+0snap 16ms | graft 2 (-4n, 0 snap) cpu 0 | f64 20 | gen 0.2s
  10     0     100    0.0476463249     0.647526809     0.621058878      2.25664616      2.12617161     0.644228663     0.658204471
  10     1      50               0     0.730621314     0.584560563      1.84781853      2.73470905     0.726899931     0.619523189
          wgpu 1d 145g 170c x3w 4ms | egraph 58g->24v+0snap 10ms | graft 4 (-26n, 0 snap) cpu 0 | f64 20 | gen 0.2s | dropped inexpr 4 oversz 0 unbuild 0 {}
--------- pump migration: intra (promote-2 + intake-reset) ---------
  11     0     100               0     0.775376133     0.681125018      2.19082523       2.9670391     0.771426794     0.721863173
  11     1      50               0     0.730621314     0.584560563      1.84781853      2.73470905     0.726899931     0.619523189
          wgpu 2d 338g 330c x3w 7ms | egraph 159g->104v+0snap 34ms | graft 19 (-86n, 0 snap) cpu 0 | f64 30 | gen 0.2s | dropped inexpr 4 oversz 0 unbuild 0 {}
  12     0     100               0     0.775376133     0.681125018      2.19082523       2.9670391     0.771426794     0.721863173
  12     1      50               0     0.730621314     0.584560563      1.84781853      2.73470905     0.726899931     0.619523189
          wgpu 1d 144g 179c x3w 3ms | egraph 69g->33v+0snap 12ms | graft 9 (-38n, 0 snap) cpu 0 | f64 20 | gen 0.2s
  13     0     100               0     0.775376133     0.681125018      2.19082523       2.9670391     0.771426794     0.721863173
  13     1      50               0     0.730621314     0.584560563      1.84781853      2.73470905     0.726899931     0.619523189
          wgpu 1d 162g 196c x3w 3ms | egraph 70g->50v+0snap 12ms | graft 8 (-24n, 0 snap) cpu 0 | f64 20 | gen 0.2s
  14     0     100               0     0.775376133     0.681125018      2.19082523       2.9670391     0.771426794     0.721863173
  14     1      50               0     0.730621314     0.584560563      1.84781853      2.73470905     0.726899931     0.619523189
          wgpu 1d 160g 178c x3w 4ms | egraph 69g->32v+0snap 13ms | graft 9 (-36n, 0 snap) cpu 0 | f64 20 | gen 0.2s | dropped inexpr 1 oversz 0 unbuild 0 {}
  15     0     100               0     0.775376133     0.681125018      2.19082523       2.9670391     0.771426794     0.721863173
  15     1      50               0     0.730621314     0.584560563      1.84781853      2.73470905     0.726899931     0.619523189
          wgpu 1d 159g 181c x3w 3ms | egraph 59g->35v+0snap 10ms | graft 4 (-16n, 0 snap) cpu 0 | f64 20 | gen 0.2s | dropped inexpr 4 oversz 0 unbuild 0 {}
  16     0     100               0     0.775376133     0.681125018      2.19082523       2.9670391     0.771426794     0.721863173
  16     1      50               0     0.730621314     0.584560563      1.84781853      2.73470905     0.726899931     0.619523189
          wgpu 1d 158g 189c x3w 3ms | egraph 51g->43v+0snap 10ms | graft 5 (-11n, 0 snap) cpu 0 | f64 20 | gen 0.3s | dropped inexpr 3 oversz 0 unbuild 0 {}
  17     0     100               0     0.775376133     0.681125018      2.19082523       2.9670391     0.771426794     0.721863173
  17     1      50               0     0.730621314     0.584560563      1.84781853      2.73470905     0.726899931     0.619523189
          wgpu 1d 145g 178c x3w 3ms | egraph 42g->32v+0snap 8ms | graft 11 (-29n, 0 snap) cpu 0 | f64 20 | gen 0.2s | dropped inexpr 1 oversz 0 unbuild 0 {}
  18     0     100               0     0.775376133     0.681125018      2.19082523       2.9670391     0.771426794     0.721863173
  18     1      50               0     0.730621314     0.584560563      1.84781853      2.73470905     0.726899931     0.619523189
          wgpu 1d 160g 183c x3w 4ms | egraph 49g->37v+0snap 12ms | graft 6 (-15n, 0 snap) cpu 0 | f64 20 | gen 0.2s | dropped inexpr 1 oversz 0 unbuild 0 {}
  19     0     100               0     0.775376133     0.681125018      2.19082523       2.9670391     0.771426794     0.721863173
  19     1      50               0     0.730621314     0.584560563      1.84781853      2.73470905     0.726899931     0.619523189
          wgpu 1d 167g 191c x3w 3ms | egraph 51g->45v+0snap 10ms | graft 5 (-25n, 0 snap) cpu 0 | f64 20 | gen 0.2s
  20     0     100               0     0.775376133     0.681125018      2.19082523       2.9670391     0.771426794     0.721863173
  20     1      50               0     0.730621314     0.584560563      1.84781853      2.73470905     0.726899931     0.619523189
          wgpu 1d 162g 207c x3w 3ms | egraph 52g->61v+0snap 10ms | graft 4 (-8n, 0 snap) cpu 0 | f64 20 | gen 0.2s
--------- pump migration: intra (promote-2 + intake-reset) ---------
  21     0     100               0     0.775376133     0.681125018      2.19082523       2.9670391     0.771426794     0.721863173
  21     1      50               0     0.730621314     0.584560563      1.84781853      2.73470905     0.726899931     0.619523189
          wgpu 2d 329g 363c x3w 6ms | egraph 119g->137v+0snap 26ms | graft 16 (-63n, 0 snap) cpu 0 | f64 30 | gen 0.3s | dropped inexpr 5 oversz 0 unbuild 0 {}
  22     0     100               0     0.775376133     0.681125018      2.19082523       2.9670391     0.771426794     0.721863173
  22     1      50               0     0.730621314     0.584560563      1.84781853      2.73470905     0.726899931     0.619523189
          wgpu 1d 154g 194c x3w 4ms | egraph 43g->48v+0snap 9ms | graft 2 (-14n, 0 snap) cpu 0 | f64 20 | gen 0.2s
  23     0     100               0     0.775376133     0.681125018      2.19082523       2.9670391     0.771426794     0.721863173
  23     1      50               0     0.730621314     0.584560563      1.84781853      2.73470905     0.726899931     0.619523189
          wgpu 1d 160g 220c x3w 3ms | egraph 41g->74v+0snap 8ms | graft 4 (-8n, 0 snap) cpu 0 | f64 20 | gen 0.2s
  24     0     100               0     0.775376133     0.681125018      2.19082523       2.9670391     0.771426794     0.721863173
  24     1      50               0     0.730621314     0.584560563      1.84781853      2.73470905     0.726899931     0.619523189
          wgpu 1d 165g 210c x3w 4ms | egraph 40g->64v+0snap 13ms | graft 8 (-26n, 0 snap) cpu 0 | f64 20 | gen 0.3s | dropped inexpr 1 oversz 0 unbuild 0 {}
  25     0     100               0     0.775376133     0.681125018      2.19082523       2.9670391     0.771426794     0.721863173
  25     1      50               0     0.730621314     0.584560563      1.84781853      2.73470905     0.726899931     0.619523189
          wgpu 1d 152g 197c x3w 3ms | egraph 36g->51v+0snap 7ms | graft 8 (-28n, 0 snap) cpu 0 | f64 20 | gen 0.2s
  26     0     100               0     0.775376133     0.681125018      2.19082523       2.9670391     0.771426794     0.721863173
  26     1      50               0     0.730621314     0.584560563      1.84781853      2.73470905     0.726899931     0.619523189
          wgpu 1d 156g 213c x3w 3ms | egraph 34g->67v+0snap 18ms | graft 11 (-26n, 0 snap) cpu 0 | f64 20 | gen 0.2s
  27     0     100               0     0.775376133     0.681125018      2.19082523       2.9670391     0.771426794     0.721863173
  27     1      50               0     0.730621314     0.584560563      1.84781853      2.73470905     0.726899931     0.619523189
          wgpu 1d 145g 207c x3w 3ms | egraph 35g->61v+0snap 7ms | graft 5 (-12n, 0 snap) cpu 0 | f64 20 | gen 0.2s
  28     0     100               0     0.775376133     0.681125018      2.19082523       2.9670391     0.771426794     0.721863173
  28     1      50               0     0.730621314     0.584560563      1.84781853      2.73470905     0.726899931     0.619523189
          wgpu 1d 160g 206c x3w 3ms | egraph 35g->60v+0snap 7ms | graft 4 (-10n, 0 snap) cpu 0 | f64 20 | gen 0.2s
  29     0     100               0     0.775376133     0.681125018      2.19082523       2.9670391     0.771426794     0.721863173
  29     1      50               0     0.730621314     0.584560563      1.84781853      2.73470905     0.726899931     0.619523189
          wgpu 1d 162g 210c x3w 3ms | egraph 43g->64v+0snap 11ms | graft 9 (-38n, 0 snap) cpu 0 | f64 20 | gen 0.2s
  30     0     100               0     0.775376133     0.681125018      2.19082523       2.9670391     0.771426794     0.721863173
  30     1      50               0     0.730621314     0.584560563      1.84781853      2.73470905     0.726899931     0.619523189
          wgpu 1d 187g 223c x3w 4ms | egraph 52g->77v+0snap 9ms | graft 11 (-32n, 0 snap) cpu 0 | f64 20 | gen 0.2s
--------- pump migration: intra (promote-2 + intake-reset) ---------
  31     0     100               0     0.775376133     0.681125018      2.19082523       2.9670391     0.771426794     0.721863173
  31     1      50               0     0.775376133     0.681125018      2.19082523       2.9670391     0.771426794     0.721863173
          wgpu 2d 349g 360c x3w 7ms | egraph 110g->134v+0snap 25ms | graft 14 (-51n, 0 snap) cpu 0 | f64 30 | gen 0.2s | dropped inexpr 4 oversz 0 unbuild 0 {}
  32     0     100               0     0.775376133     0.681125018      2.19082523       2.9670391     0.771426794     0.721863173
  32     1      50               0     0.775376133     0.681125018      2.19082523       2.9670391     0.771426794     0.721863173
          wgpu 1d 146g 209c x3w 3ms | egraph 38g->63v+0snap 8ms | graft 2 (-7n, 0 snap) cpu 0 | f64 20 | gen 0.3s | dropped inexpr 2 oversz 0 unbuild 0 {}
  33     0     100               0     0.775376133     0.681125018      2.19082523       2.9670391     0.771426794     0.721863173
  33     1      50               0     0.775376133     0.681125018      2.19082523       2.9670391     0.771426794     0.721863173
          wgpu 1d 159g 208c x3w 3ms | egraph 34g->62v+0snap 7ms | graft 5 (-17n, 0 snap) cpu 0 | f64 20 | gen 0.3s
  34     0     100               0     0.775376133     0.681125018      2.19082523       2.9670391     0.771426794     0.721863173
  34     1      50               0     0.775376133     0.681125018      2.19082523       2.9670391     0.771426794     0.721863173
          wgpu 1d 153g 222c x3w 3ms | egraph 32g->76v+0snap 7ms | graft 6 (-18n, 0 snap) cpu 0 | f64 20 | gen 0.2s
  35     0     100               0     0.775376133     0.681125018      2.19082523       2.9670391     0.771426794     0.721863173
  35     1      50               0     0.775376133     0.681125018      2.19082523       2.9670391     0.771426794     0.721863173
          wgpu 1d 154g 229c x3w 3ms | egraph 35g->83v+0snap 7ms | graft 7 (-22n, 0 snap) cpu 0 | f64 20 | gen 0.2s
  36     0     100               0     0.775376133     0.681125018      2.19082523       2.9670391     0.771426794     0.721863173
  36     1      50               0     0.775376133     0.681125018      2.19082523       2.9670391     0.771426794     0.721863173
          wgpu 1d 147g 209c x3w 3ms | egraph 33g->63v+0snap 15ms | graft 9 (-23n, 0 snap) cpu 0 | f64 20 | gen 0.2s
  37     0     100               0     0.775376133     0.681125018      2.19082523       2.9670391     0.771426794     0.721863173
  37     1      50               0     0.775376133     0.681125018      2.19082523       2.9670391     0.771426794     0.721863173
          wgpu 1d 131g 196c x3w 3ms | egraph 18g->50v+0snap 5ms | graft 5 (-17n, 0 snap) cpu 0 | f64 20 | gen 0.2s
  38     0     100               0     0.775376133     0.681125018      2.19082523       2.9670391     0.771426794     0.721863173
  38     1      50               0     0.775376133     0.681125018      2.19082523       2.9670391     0.771426794     0.721863173
          wgpu 1d 164g 215c x3w 3ms | egraph 37g->69v+0snap 8ms | graft 12 (-43n, 0 snap) cpu 0 | f64 20 | gen 0.2s
  39     0     100               0     0.775376133     0.681125018      2.19082523       2.9670391     0.771426794     0.721863173
  39     1      50               0     0.775376133     0.681125018      2.19082523       2.9670391     0.771426794     0.721863173
          wgpu 1d 154g 214c x3w 3ms | egraph 34g->68v+0snap 16ms | graft 8 (-20n, 0 snap) cpu 0 | f64 20 | gen 0.4s
  40     0     100               0     0.775376133     0.681125018      2.19082523       2.9670391     0.771426794     0.721863173
  40     1      50               0     0.775376133     0.681125018      2.19082523       2.9670391     0.771426794     0.721863173
          wgpu 1d 153g 202c x3w 3ms | egraph 20g->56v+0snap 5ms | graft 2 (-7n, 0 snap) cpu 0 | f64 20 | gen 0.2s
--------- pump migration: intra (promote-2 + intake-reset) ---------
  41     0     100               0     0.775376133     0.681125018      2.19082523       2.9670391     0.771426794     0.721863173
  41     1      50               0     0.775376133     0.681125018      2.19082523       2.9670391     0.771426794     0.721863173
          wgpu 2d 347g 341c x3w 7ms | egraph 134g->115v+0snap 28ms | graft 18 (-81n, 0 snap) cpu 0 | f64 30 | gen 0.3s | dropped inexpr 3 oversz 0 unbuild 0 {}
  42     0     100               0     0.775376133     0.681125018      2.19082523       2.9670391     0.771426794     0.721863173
  42     1      50               0     0.775376133     0.681125018      2.19082523       2.9670391     0.771426794     0.721863173
          wgpu 1d 158g 205c x3w 3ms | egraph 33g->59v+0snap 7ms | graft 11 (-46n, 0 snap) cpu 0 | f64 20 | gen 0.3s
  43     0     100               0     0.775376133     0.681125018      2.19082523       2.9670391     0.771426794     0.721863173
  43     1      50               0     0.775376133     0.681125018      2.19082523       2.9670391     0.771426794     0.721863173
          wgpu 1d 126g 184c x3w 3ms | egraph 19g->38v+0snap 12ms | graft 7 (-27n, 0 snap) cpu 0 | f64 20 | gen 0.3s
  44     0     100               0     0.775376133     0.681125018      2.19082523       2.9670391     0.771426794     0.721863173
  44     1      50               0     0.775376133     0.681125018      2.19082523       2.9670391     0.771426794     0.721863173
          wgpu 1d 145g 207c x3w 4ms | egraph 32g->61v+0snap 7ms | graft 12 (-37n, 0 snap) cpu 0 | f64 20 | gen 0.2s
  45     0     100               0     0.775376133     0.681125018      2.19082523       2.9670391     0.771426794     0.721863173
  45     1      50               0     0.775376133     0.681125018      2.19082523       2.9670391     0.771426794     0.721863173
          wgpu 1d 127g 191c x3w 3ms | egraph 25g->45v+0snap 6ms | graft 13 (-47n, 0 snap) cpu 0 | f64 20 | gen 0.2s
  46     0     100               0     0.775376133     0.681125018      2.19082523       2.9670391     0.771426794     0.721863173
  46     1      50               0     0.775376133     0.681125018      2.19082523       2.9670391     0.771426794     0.721863173
          wgpu 1d 132g 185c x3w 3ms | egraph 31g->39v+0snap 6ms | graft 7 (-24n, 0 snap) cpu 0 | f64 20 | gen 0.4s
  47     0     100               0     0.775376133     0.681125018      2.19082523       2.9670391     0.771426794     0.721863173
  47     1      50               0     0.775376133     0.681125018      2.19082523       2.9670391     0.771426794     0.721863173
          wgpu 1d 143g 214c x3w 3ms | egraph 32g->68v+0snap 6ms | graft 9 (-33n, 0 snap) cpu 0 | f64 20 | gen 0.2s
  48     0     100               0     0.775376133     0.681125018      2.19082523       2.9670391     0.771426794     0.721863173
  48     1      50               0     0.775376133     0.681125018      2.19082523       2.9670391     0.771426794     0.721863173
          wgpu 1d 156g 222c x3w 4ms | egraph 38g->76v+0snap 12ms | graft 13 (-56n, 0 snap) cpu 0 | f64 20 | gen 0.4s
  49     0     100               0     0.775376133     0.681125018      2.19082523       2.9670391     0.771426794     0.721863173
  49     1      50               0     0.775376133     0.681125018      2.19082523       2.9670391     0.771426794     0.721863173
          wgpu 1d 123g 209c x3w 3ms | egraph 28g->63v+0snap 8ms | graft 10 (-52n, 0 snap) cpu 0 | f64 20 | gen 0.3s
  50     0     100               0     0.775376133     0.681125018      2.19082523       2.9670391     0.771426794     0.721863173
  50     1      50               0     0.775376133     0.681125018      2.19082523       2.9670391     0.771426794     0.721863173
          wgpu 1d 127g 217c x3w 4ms | egraph 33g->71v+0snap 6ms | graft 11 (-50n, 0 snap) cpu 0 | f64 20 | gen 0.2s
--------- pump migration: intra (promote-2 + intake-reset) ---------
  51     0     100               0     0.775376133     0.681125018      2.19082523       2.9670391     0.771426794     0.721863173
  51     1      50               0     0.775376133     0.681125018      2.19082523       2.9670391     0.771426794     0.721863173
          wgpu 2d 320g 352c x3w 6ms | egraph 116g->126v+0snap 33ms | graft 22 (-93n, 0 snap) cpu 0 | f64 30 | gen 0.2s | dropped inexpr 5 oversz 0 unbuild 0 {}
  52     0     100               0     0.775376133     0.681125018      2.19082523       2.9670391     0.771426794     0.721863173
  52     1      50               0     0.775376133     0.681125018      2.19082523       2.9670391     0.771426794     0.721863173
          wgpu 1d 143g 212c x3w 3ms | egraph 28g->66v+0snap 7ms | graft 10 (-55n, 0 snap) cpu 0 | f64 20 | gen 0.2s
  53     0     100               0     0.775376133     0.681125018      2.19082523       2.9670391     0.771426794     0.721863173
  53     1      50               0     0.775376133     0.681125018      2.19082523       2.9670391     0.771426794     0.721863173
          wgpu 1d 147g 213c x3w 3ms | egraph 30g->67v+0snap 6ms | graft 15 (-70n, 0 snap) cpu 0 | f64 20 | gen 0.2s
  54     0     100               0     0.775376133     0.681125018      2.19082523       2.9670391     0.771426794     0.721863173
  54     1      50               0     0.775376133     0.681125018      2.19082523       2.9670391     0.771426794     0.721863173
          wgpu 1d 131g 204c x3w 3ms | egraph 30g->58v+0snap 18ms | graft 10 (-30n, 0 snap) cpu 0 | f64 20 | gen 0.3s | dropped inexpr 1 oversz 0 unbuild 0 {}
  55     0     100               0     0.775376133     0.681125018      2.19082523       2.9670391     0.771426794     0.721863173
  55     1      50               0     0.775376133     0.681125018      2.19082523       2.9670391     0.771426794     0.721863173
          wgpu 1d 138g 206c x3w 3ms | egraph 26g->60v+0snap 5ms | graft 9 (-32n, 0 snap) cpu 0 | f64 20 | gen 0.2s
  56     0     100               0     0.775376133     0.681125018      2.19082523       2.9670391     0.771426794     0.721863173
  56     1      50               0     0.775376133     0.681125018      2.19082523       2.9670391     0.771426794     0.721863173
          wgpu 1d 117g 197c x3w 3ms | egraph 22g->51v+0snap 6ms | graft 9 (-27n, 0 snap) cpu 0 | f64 20 | gen 0.3s
  57     0     100               0     0.775376133     0.681125018      2.19082523       2.9670391     0.771426794     0.721863173
  57     1      50               0     0.775376133     0.681125018      2.19082523       2.9670391     0.771426794     0.721863173
          wgpu 1d 146g 213c x3w 3ms | egraph 28g->67v+0snap 10ms | graft 12 (-57n, 0 snap) cpu 0 | f64 20 | gen 0.2s
  58     0     100               0     0.775376133     0.681125018      2.19082523       2.9670391     0.771426794     0.721863173
  58     1      50               0     0.775376133     0.681125018      2.19082523       2.9670391     0.771426794     0.721863173
          wgpu 1d 154g 219c x3w 4ms | egraph 32g->73v+0snap 7ms | graft 15 (-65n, 0 snap) cpu 0 | f64 20 | gen 0.2s
  59     0     100               0     0.775376133     0.681125018      2.19082523       2.9670391     0.771426794     0.721863173
  59     1      50               0     0.775376133     0.681125018      2.19082523       2.9670391     0.771426794     0.721863173
          wgpu 1d 129g 201c x3w 3ms | egraph 19g->55v+0snap 8ms | graft 9 (-48n, 0 snap) cpu 0 | f64 20 | gen 0.3s
  60     0     100               0     0.775376133     0.681125018      2.19082523       2.9670391     0.771426794     0.721863173
  60     1      50               0     0.775376133     0.681125018      2.19082523       2.9670391     0.771426794     0.721863173
          wgpu 1d 132g 202c x3w 3ms | egraph 31g->56v+0snap 13ms | graft 9 (-30n, 0 snap) cpu 0 | f64 20 | gen 0.2s
--------- pump migration: intra (promote-2 + intake-reset) + cross ---------
  61     0     100               0     0.775376133     0.681125018      2.19082523       2.9670391     0.771426794     0.721863173
  61     1      50               0     0.775376133     0.681125018      2.19082523       2.9670391     0.771426794     0.721863173
          wgpu 2d 248g 290c x3w 9ms | egraph 79g->64v+0snap 20ms | graft 12 (-61n, 0 snap) cpu 0 | f64 30 | gen 0.2s | dropped inexpr 1 oversz 0 unbuild 0 {}
  62     0     100               0     0.775376133     0.681125018      2.19082523       2.9670391     0.771426794     0.721863173
  62     1      50               0     0.775376133     0.681125018      2.19082523       2.9670391     0.771426794     0.721863173
          wgpu 1d 133g 194c x3w 3ms | egraph 22g->48v+0snap 5ms | graft 7 (-17n, 0 snap) cpu 0 | f64 20 | gen 0.3s
  63     0     100               0     0.775376133     0.681125018      2.19082523       2.9670391     0.771426794     0.721863173
  63     1      50               0     0.775376133     0.681125018      2.19082523       2.9670391     0.771426794     0.721863173
          wgpu 1d 128g 184c x3w 3ms | egraph 28g->38v+0snap 7ms | graft 8 (-26n, 0 snap) cpu 0 | f64 20 | gen 0.3s
  64     0     100               0     0.775376133     0.681125018      2.19082523       2.9670391     0.771426794     0.721863173
  64     1      50               0     0.775376133     0.681125018      2.19082523       2.9670391     0.771426794     0.721863173
          wgpu 1d 112g 178c x3w 3ms | egraph 21g->32v+0snap 7ms | graft 9 (-57n, 0 snap) cpu 0 | f64 20 | gen 0.3s
  65     0     100               0     0.775376133     0.681125018      2.19082523       2.9670391     0.771426794     0.721863173
  65     1      50               0     0.775376133     0.681125018      2.19082523       2.9670391     0.771426794     0.721863173
          wgpu 1d 127g 183c x3w 3ms | egraph 26g->37v+0snap 6ms | graft 3 (-11n, 0 snap) cpu 0 | f64 27 | gen 0.2s
  66     0     100               0     0.775376133     0.681125018      2.19082523       2.9670391     0.771426794     0.721863173
  66     1      50               0     0.775376133     0.681125018      2.19082523       2.9670391     0.771426794     0.721863173
          wgpu 1d 141g 196c x3w 3ms | egraph 29g->50v+0snap 6ms | graft 4 (-14n, 0 snap) cpu 0 | f64 20 | gen 0.3s | dropped inexpr 1 oversz 0 unbuild 0 {}
  67     0     100               0     0.775376133     0.681125018      2.19082523       2.9670391     0.771426794     0.721863173
  67     1      50               0     0.775376133     0.681125018      2.19082523       2.9670391     0.771426794     0.721863173
          wgpu 1d 109g 187c x3w 5ms | egraph 14g->41v+0snap 4ms | graft 10 (-33n, 0 snap) cpu 0 | f64 20 | gen 0.2s
  68     0     100               0     0.775376133     0.681125018      2.19082523       2.9670391     0.771426794     0.721863173
  68     1      50               0     0.775376133     0.681125018      2.19082523       2.9670391     0.771426794     0.721863173
          wgpu 1d 125g 190c x3w 3ms | egraph 26g->44v+0snap 7ms | graft 10 (-35n, 0 snap) cpu 0 | f64 20 | gen 0.2s
  69     0     100               0     0.775376133     0.681125018      2.19082523       2.9670391     0.771426794     0.721863173
  69     1      50               0     0.775376133     0.681125018      2.19082523       2.9670391     0.771426794     0.721863173
          wgpu 1d 111g 178c x3w 3ms | egraph 19g->32v+0snap 5ms | graft 8 (-23n, 0 snap) cpu 0 | f64 20 | gen 0.4s
  70     0     100               0     0.775376133     0.681125018      2.19082523       2.9670391     0.771426794     0.721863173
  70     1      50               0     0.775376133     0.681125018      2.19082523       2.9670391     0.771426794     0.721863173
          wgpu 1d 94g 173c x3w 4ms | egraph 15g->27v+0snap 3ms | graft 6 (-19n, 0 snap) cpu 0 | f64 20 | gen 0.2s
--------- pump migration: intra (promote-2 + intake-reset) ---------
  71     0     100               0     0.775376133     0.681125018      2.19082523       2.9670391     0.771426794     0.721863173
  71     1      50               0     0.775376133     0.681125018      2.19082523       2.9670391     0.771426794     0.721863173
          wgpu 2d 305g 319c x3w 7ms | egraph 92g->93v+0snap 38ms | graft 20 (-105n, 0 snap) cpu 0 | f64 30 | gen 0.2s | dropped inexpr 2 oversz 0 unbuild 0 {}
  72     0     100               0     0.775376133     0.681125018      2.19082523       2.9670391     0.771426794     0.721863173
  72     1      50               0     0.775376133     0.681125018      2.19082523       2.9670391     0.771426794     0.721863173
          wgpu 1d 128g 189c x3w 3ms | egraph 25g->43v+0snap 6ms | graft 10 (-39n, 0 snap) cpu 0 | f64 20 | gen 0.4s
  73     0     100               0     0.775376133     0.681125018      2.19082523       2.9670391     0.771426794     0.721863173
  73     1      50               0     0.775376133     0.681125018      2.19082523       2.9670391     0.771426794     0.721863173
          wgpu 1d 106g 185c x3w 3ms | egraph 15g->39v+0snap 4ms | graft 6 (-19n, 0 snap) cpu 0 | f64 20 | gen 0.3s
  74     0     100               0     0.775376133     0.681125018      2.19082523       2.9670391     0.771426794     0.721863173
  74     1      50               0     0.775376133     0.681125018      2.19082523       2.9670391     0.771426794     0.721863173
          wgpu 1d 134g 194c x3w 3ms | egraph 19g->48v+0snap 4ms | graft 7 (-25n, 0 snap) cpu 0 | f64 20 | gen 0.3s
  75     0     100               0     0.775376133     0.681125018      2.19082523       2.9670391     0.771426794     0.721863173
  75     1      50               0     0.775376133     0.681125018      2.19082523       2.9670391     0.771426794     0.721863173
          wgpu 1d 115g 170c x3w 3ms | egraph 18g->24v+0snap 4ms | graft 8 (-29n, 0 snap) cpu 0 | f64 20 | gen 0.2s
  76     0     100               0     0.775376133     0.681125018      2.19082523       2.9670391     0.771426794     0.721863173
  76     1      50               0     0.775376133     0.681125018      2.19082523       2.9670391     0.771426794     0.721863173
          wgpu 1d 133g 189c x3w 3ms | egraph 20g->43v+0snap 10ms | graft 8 (-22n, 0 snap) cpu 0 | f64 20 | gen 0.2s
  77     0     100               0     0.775376133     0.681125018      2.19082523       2.9670391     0.771426794     0.721863173
  77     1      50               0     0.775376133     0.681125018      2.19082523       2.9670391     0.771426794     0.721863173
          wgpu 1d 127g 187c x3w 3ms | egraph 22g->41v+0snap 8ms | graft 7 (-24n, 0 snap) cpu 0 | f64 20 | gen 0.2s
  78     0     100               0     0.775376133     0.681125018      2.19082523       2.9670391     0.771426794     0.721863173
  78     1      50               0     0.775376133     0.681125018      2.19082523       2.9670391     0.771426794     0.721863173
          wgpu 1d 109g 186c x3w 3ms | egraph 24g->40v+0snap 6ms | graft 6 (-18n, 0 snap) cpu 0 | f64 20 | gen 0.3s
  79     0     100               0     0.775376133     0.681125018      2.19082523       2.9670391     0.771426794     0.721863173
  79     1      50               0     0.775376133     0.681125018      2.19082523       2.9670391     0.771426794     0.721863173
          wgpu 1d 122g 183c x3w 3ms | egraph 30g->37v+0snap 7ms | graft 6 (-18n, 0 snap) cpu 0 | f64 20 | gen 0.3s
  80     0     100               0     0.775376133     0.681125018      2.19082523       2.9670391     0.771426794     0.721863173
  80     1      50               0     0.775376133     0.681125018      2.19082523       2.9670391     0.771426794     0.721863173
          wgpu 1d 138g 195c x3w 3ms | egraph 18g->49v+0snap 4ms | graft 6 (-24n, 0 snap) cpu 0 | f64 20 | gen 0.3s
--------- pump migration: intra (promote-2 + intake-reset) ---------
  81     0     100               0     0.850486269     0.796052883      2.44461444      3.71315907      0.84615436     0.843664885
  81     1      50               0     0.775376133     0.681125018      2.19082523       2.9670391     0.771426794     0.721863173
          wgpu 2d 321g 334c x3w 9ms | egraph 107g->108v+0snap 37ms | graft 15 (-59n, 0 snap) cpu 0 | f64 30 | gen 0.3s | dropped inexpr 6 oversz 0 unbuild 0 {}
  82     0     100               0     0.850486269     0.796052883      2.44461444      3.71315907      0.84615436     0.843664885
  82     1      50               0     0.775376133     0.681125018      2.19082523       2.9670391     0.771426794     0.721863173
          wgpu 1d 147g 183c x3w 3ms | egraph 37g->37v+0snap 7ms | graft 3 (-10n, 0 snap) cpu 0 | f64 20 | gen 0.2s | dropped inexpr 3 oversz 0 unbuild 0 {}
  83     0     100               0     0.775376133     0.681125018      2.19082523       2.9670391     0.771426794     0.721863173
  83     1      50               0     0.775376133     0.681125018      2.19082523       2.9670391     0.771426794     0.721863173
          wgpu 1d 125g 177c x3w 3ms | egraph 27g->31v+0snap 13ms | graft 4 (-9n, 0 snap) cpu 0 | f64 20 | gen 0.2s
  84     0     100               0     0.775376133     0.681125018      2.19082523       2.9670391     0.771426794     0.721863173
  84     1      50               0     0.775376133     0.681125018      2.19082523       2.9670391     0.771426794     0.721863173
          wgpu 1d 141g 195c x3w 3ms | egraph 32g->49v+0snap 11ms | graft 6 (-45n, 0 snap) cpu 0 | f64 20 | gen 0.2s | dropped inexpr 2 oversz 0 unbuild 0 {}
  85     0     100               0     0.775376133     0.681125018      2.19082523       2.9670391     0.771426794     0.721863173
  85     1      50               0     0.775376133     0.681125018      2.19082523       2.9670391     0.771426794     0.721863173
          wgpu 1d 139g 181c x3w 3ms | egraph 36g->35v+0snap 11ms | graft 6 (-50n, 0 snap) cpu 0 | f64 20 | gen 0.2s | dropped inexpr 2 oversz 0 unbuild 0 {}
  86     0     100               0     0.850486269     0.796052883      2.44461444      3.71315907      0.84615436     0.843664885
  86     1      50               0     0.775376133     0.681125018      2.19082523       2.9670391     0.771426794     0.721863173
          wgpu 1d 126g 184c x3w 3ms | egraph 21g->38v+0snap 8ms | graft 5 (-15n, 0 snap) cpu 0 | f64 20 | gen 0.4s
  87     0     100               0     0.775376133     0.681125018      2.19082523       2.9670391     0.771426794     0.721863173
  87     1      50               0     0.775376133     0.681125018      2.19082523       2.9670391     0.771426794     0.721863173
          wgpu 1d 118g 171c x3w 3ms | egraph 26g->25v+0snap 6ms | graft 5 (-16n, 0 snap) cpu 0 | f64 20 | gen 0.2s
  88     0     100               0     0.850486269     0.796052883      2.44461444      3.71315907      0.84615436     0.843664885
  88     1      50               0     0.775376133     0.681125018      2.19082523       2.9670391     0.771426794     0.721863173
          wgpu 1d 150g 203c x3w 3ms | egraph 31g->57v+0snap 8ms | graft 7 (-31n, 0 snap) cpu 0 | f64 20 | gen 0.3s | dropped inexpr 1 oversz 0 unbuild 0 {}
  89     0     100               0     0.850486269     0.796052883      2.44461444      3.71315907      0.84615436     0.843664885
  89     1      50               0     0.775376133     0.681125018      2.19082523       2.9670391     0.771426794     0.721863173
          wgpu 1d 137g 200c x3w 3ms | egraph 43g->54v+0snap 16ms | graft 11 (-42n, 0 snap) cpu 0 | f64 20 | gen 0.4s | dropped inexpr 3 oversz 0 unbuild 0 {}
  90     0     100               0     0.850486269     0.796052883      2.44461444      3.71315907      0.84615436     0.843664885
  90     1      50               0     0.775376133     0.681125018      2.19082523       2.9670391     0.771426794     0.721863173
          wgpu 1d 119g 178c x3w 3ms | egraph 20g->32v+0snap 7ms | graft 2 (-7n, 0 snap) cpu 0 | f64 20 | gen 0.2s
--------- pump migration: intra (promote-2 + intake-reset) + cross ---------
  91     0     100               0     0.847861391     0.711504793      2.41577875      3.09434728     0.843542852     0.754059966
  91     1      50               0     0.850486269     0.796052883      2.44461444      3.71315907      0.84615436     0.843664885
          wgpu 2d 344g 368c x3w 7ms | egraph 125g->142v+0snap 26ms | graft 26 (-83n, 0 snap) cpu 0 | f64 30 | gen 0.3s | dropped inexpr 8 oversz 0 unbuild 0 {}
  92     0     100               0     0.847861391     0.711504793      2.41577875      3.09434728     0.843542852     0.754059966
  92     1      50               0     0.775376133     0.681125018      2.19082523       2.9670391     0.771426794     0.721863173
          wgpu 1d 157g 237c x3w 4ms | egraph 50g->91v+0snap 10ms | graft 9 (-53n, 0 snap) cpu 0 | f64 20 | gen 0.3s | dropped inexpr 3 oversz 0 unbuild 0 {}
  93     0     100               0     0.847861391     0.711504793      2.41577875      3.09434728     0.843542852     0.754059966
  93     1      50               0     0.775376133     0.681125018      2.19082523       2.9670391     0.771426794     0.721863173
          wgpu 1d 170g 251c x3w 3ms | egraph 63g->105v+0snap 16ms | graft 16 (-55n, 0 snap) cpu 0 | f64 20 | gen 0.3s | dropped inexpr 7 oversz 0 unbuild 0 {}
  94     0     100               0     0.847861391     0.711504793      2.41577875      3.09434728     0.843542852     0.754059966
  94     1      50               0     0.775376133     0.681125018      2.19082523       2.9670391     0.771426794     0.721863173
          wgpu 1d 149g 233c x3w 3ms | egraph 41g->87v+0snap 8ms | graft 9 (-23n, 0 snap) cpu 0 | f64 20 | gen 0.2s | dropped inexpr 4 oversz 0 unbuild 0 {}
  95     0     100               0     0.847861391     0.711504793      2.41577875      3.09434728     0.843542852     0.754059966
  95     1      50               0     0.775376133     0.681125018      2.19082523       2.9670391     0.771426794     0.721863173
          wgpu 1d 174g 261c x3w 4ms | egraph 56g->115v+0snap 9ms | graft 5 (-12n, 0 snap) cpu 0 | f64 20 | gen 0.2s | dropped inexpr 6 oversz 0 unbuild 0 {}
  96     0     100               0     0.847861391     0.711504793      2.41577875      3.09434728     0.843542852     0.754059966
  96     1      50               0     0.775376133     0.681125018      2.19082523       2.9670391     0.771426794     0.721863173
          wgpu 1d 188g 263c x3w 4ms | egraph 59g->117v+0snap 11ms | graft 7 (-25n, 0 snap) cpu 0 | f64 20 | gen 0.3s | dropped inexpr 7 oversz 0 unbuild 0 {}
  97     0     100               0     0.847861391     0.711504793      2.41577875      3.09434728     0.843542852     0.754059966
  97     1      50               0     0.775376133     0.681125018      2.19082523       2.9670391     0.771426794     0.721863173
          wgpu 1d 201g 270c x3w 6ms | egraph 50g->124v+0snap 11ms | graft 10 (-40n, 0 snap) cpu 0 | f64 20 | gen 0.2s | dropped inexpr 5 oversz 0 unbuild 0 {}
  98     0     100               0     0.847861391     0.711504793      2.41577875      3.09434728     0.843542852     0.754059966
  98     1      50               0     0.775376133     0.681125018      2.19082523       2.9670391     0.771426794     0.721863173
          wgpu 1d 174g 261c x3w 4ms | egraph 41g->115v+0snap 8ms | graft 12 (-36n, 0 snap) cpu 0 | f64 20 | gen 0.2s | dropped inexpr 4 oversz 0 unbuild 0 {}
  99     0     100               0     0.847861391     0.711504793      2.41577875      3.09434728     0.843542852     0.754059966
  99     1      50               0     0.775376133     0.681125018      2.19082523       2.9670391     0.771426794     0.721863173
          wgpu 1d 194g 255c x3w 4ms | egraph 34g->109v+0snap 6ms | graft 13 (-41n, 0 snap) cpu 0 | f64 20 | gen 0.2s | dropped inexpr 4 oversz 0 unbuild 0 {}
 100     0     100               0     0.847861391     0.711504793      2.41577875      3.09434728     0.843542852     0.754059966
 100     1      50               0     0.775376133     0.681125018      2.19082523       2.9670391     0.771426794     0.721863173
          wgpu 1d 159g 239c x3w 3ms | egraph 38g->93v+0snap 8ms | graft 6 (-17n, 0 snap) cpu 0 | f64 20 | gen 0.2s | dropped inexpr 2 oversz 0 unbuild 0 {}
--------- pump migration: intra (promote-2 + intake-reset) ---------
 101     0     100               0     0.847861391     0.711504793      2.41577875      3.09434728     0.843542852     0.754059966
 101     1      50               0     0.847861391     0.711504793      2.41577875      3.09434728     0.843542852     0.754059966
          wgpu 2d 354g 368c x3w 7ms | egraph 112g->142v+0snap 24ms | graft 17 (-52n, 0 snap) cpu 0 | f64 30 | gen 0.3s | dropped inexpr 3 oversz 0 unbuild 0 {}
 102     0     100               0     0.847861391     0.711504793      2.41577875      3.09434728     0.843542852     0.754059966
 102     1      50               0     0.847861391     0.711504793      2.41577875      3.09434728     0.843542852     0.754059966
          wgpu 1d 167g 268c x3w 4ms | egraph 47g->122v+0snap 9ms | graft 11 (-23n, 0 snap) cpu 0 | f64 20 | gen 0.2s | dropped inexpr 2 oversz 0 unbuild 0 {}
 103     0     100               0     0.847861391     0.711504793      2.41577875      3.09434728     0.843542852     0.754059966
 103     1      50               0     0.847861391     0.711504793      2.41577875      3.09434728     0.843542852     0.754059966
          wgpu 1d 199g 294c x3w 4ms | egraph 49g->148v+0snap 23ms | graft 13 (-36n, 0 snap) cpu 0 | f64 20 | gen 0.2s | dropped inexpr 6 oversz 0 unbuild 0 {}
 104     0     100               0     0.847861391     0.711504793      2.41577875      3.09434728     0.843542852     0.754059966
 104     1      50               0     0.847861391     0.711504793      2.41577875      3.09434728     0.843542852     0.754059966
          wgpu 1d 182g 277c x3w 4ms | egraph 45g->131v+0snap 9ms | graft 19 (-49n, 0 snap) cpu 0 | f64 20 | gen 0.2s | dropped inexpr 2 oversz 0 unbuild 0 {}
 105     0     100               0     0.847861391     0.711504793      2.41577875      3.09434728     0.843542852     0.754059966
 105     1      50               0     0.847861391     0.711504793      2.41577875      3.09434728     0.843542852     0.754059966
          wgpu 1d 201g 286c x3w 4ms | egraph 49g->140v+0snap 9ms | graft 18 (-44n, 0 snap) cpu 0 | f64 20 | gen 0.2s | dropped inexpr 5 oversz 0 unbuild 0 {}
 106     0     100               0     0.847861391     0.711504793      2.41577875      3.09434728     0.843542852     0.754059966
 106     1      50               0     0.847861391     0.711504793      2.41577875      3.09434728     0.843542852     0.754059966
          wgpu 1d 187g 294c x3w 4ms | egraph 41g->148v+0snap 9ms | graft 12 (-31n, 0 snap) cpu 0 | f64 20 | gen 0.2s | dropped inexpr 1 oversz 0 unbuild 0 {}
 107     0     100               0     0.847861391     0.711504793      2.41577875      3.09434728     0.843542852     0.754059966
 107     1      50               0     0.847861391     0.711504793      2.41577875      3.09434728     0.843542852     0.754059966
          wgpu 1d 190g 328c x3w 10ms | egraph 35g->182v+0snap 7ms | graft 7 (-25n, 0 snap) cpu 0 | f64 20 | gen 0.2s | dropped inexpr 7 oversz 0 unbuild 0 {}
 108     0     100               0     0.847861391     0.711504793      2.41577875      3.09434728     0.843542852     0.754059966
 108     1      50               0     0.847861391     0.711504793      2.41577875      3.09434728     0.843542852     0.754059966
          wgpu 1d 184g 306c x3w 4ms | egraph 33g->160v+0snap 7ms | graft 13 (-31n, 0 snap) cpu 0 | f64 20 | gen 0.2s | dropped inexpr 7 oversz 0 unbuild 0 {}
 109     0     100               0     0.847861391     0.711504793      2.41577875      3.09434728     0.843542852     0.754059966
 109     1      50               0     0.847861391     0.711504793      2.41577875      3.09434728     0.843542852     0.754059966
          wgpu 1d 187g 270c x3w 4ms | egraph 36g->124v+0snap 7ms | graft 11 (-52n, 0 snap) cpu 0 | f64 20 | gen 0.1s | dropped inexpr 6 oversz 0 unbuild 0 {}
 110     0     100               0     0.847861391     0.711504793      2.41577875      3.09434728     0.843542852     0.754059966
 110     1      50               0     0.847861391     0.711504793      2.41577875      3.09434728     0.843542852     0.754059966
          wgpu 1d 180g 292c x3w 4ms | egraph 37g->146v+0snap 9ms | graft 15 (-55n, 0 snap) cpu 0 | f64 20 | gen 0.2s | dropped inexpr 8 oversz 0 unbuild 0 {}
--------- pump migration: intra (promote-2 + intake-reset) ---------
 111     0     100               0     0.847861391     0.711504793      2.41577875      3.09434728     0.843542852     0.754059966
 111     1      50               0     0.847861391     0.711504793      2.41577875      3.09434728     0.843542852     0.754059966
          wgpu 2d 353g 422c x3w 8ms | egraph 96g->196v+0snap 20ms | graft 16 (-63n, 0 snap) cpu 0 | f64 30 | gen 0.1s | dropped inexpr 6 oversz 0 unbuild 0 {}
 112     0     100               0     0.847861391     0.711504793      2.41577875      3.09434728     0.843542852     0.754059966
 112     1      50               0     0.847861391     0.711504793      2.41577875      3.09434728     0.843542852     0.754059966
          wgpu 1d 181g 295c x3w 4ms | egraph 36g->149v+0snap 7ms | graft 9 (-21n, 0 snap) cpu 0 | f64 20 | gen 0.2s | dropped inexpr 7 oversz 0 unbuild 0 {}
 113     0     100               0     0.847861391     0.711504793      2.41577875      3.09434728     0.843542852     0.754059966
 113     1      50               0     0.847861391     0.711504793      2.41577875      3.09434728     0.843542852     0.754059966
          wgpu 1d 173g 291c x3w 4ms | egraph 27g->145v+0snap 6ms | graft 4 (-9n, 0 snap) cpu 0 | f64 20 | gen 0.2s | dropped inexpr 5 oversz 0 unbuild 0 {}
 114     0     100               0     0.847861391     0.711504793      2.41577875      3.09434728     0.843542852     0.754059966
 114     1      50               0     0.847861391     0.711504793      2.41577875      3.09434728     0.843542852     0.754059966
          wgpu 1d 197g 293c x3w 4ms | egraph 35g->147v+0snap 11ms | graft 18 (-57n, 0 snap) cpu 0 | f64 20 | gen 0.2s | dropped inexpr 3 oversz 0 unbuild 0 {}
 115     0     100               0     0.847861391     0.711504793      2.41577875      3.09434728     0.843542852     0.754059966
 115     1      50               0     0.847861391     0.711504793      2.41577875      3.09434728     0.843542852     0.754059966
          wgpu 1d 163g 288c x3w 4ms | egraph 19g->142v+0snap 4ms | graft 14 (-32n, 0 snap) cpu 0 | f64 20 | gen 0.2s | dropped inexpr 7 oversz 0 unbuild 0 {}
 116     0     100               0     0.847861391     0.711504793      2.41577875      3.09434728     0.843542852     0.754059966
 116     1      50               0     0.847861391     0.711504793      2.41577875      3.09434728     0.843542852     0.754059966
          wgpu 1d 167g 280c x3w 4ms | egraph 26g->134v+0snap 7ms | graft 13 (-33n, 0 snap) cpu 0 | f64 20 | gen 0.2s | dropped inexpr 6 oversz 0 unbuild 0 {}
 117     0     100               0     0.847861391     0.711504793      2.41577875      3.09434728     0.843542852     0.754059966
 117     1      50               0     0.847861391     0.711504793      2.41577875      3.09434728     0.843542852     0.754059966
          wgpu 1d 148g 274c x3w 5ms | egraph 30g->128v+0snap 6ms | graft 9 (-25n, 0 snap) cpu 0 | f64 20 | gen 0.2s | dropped inexpr 4 oversz 0 unbuild 0 {}
 118     0     100               0     0.847861391     0.711504793      2.41577875      3.09434728     0.843542852     0.754059966
 118     1      50               0     0.847861391     0.711504793      2.41577875      3.09434728     0.843542852     0.754059966
          wgpu 1d 166g 290c x3w 4ms | egraph 27g->144v+0snap 6ms | graft 11 (-33n, 0 snap) cpu 0 | f64 20 | gen 0.2s | dropped inexpr 4 oversz 0 unbuild 0 {}
 119     0     100               0     0.847861391     0.711504793      2.41577875      3.09434728     0.843542852     0.754059966
 119     1      50               0     0.847861391     0.711504793      2.41577875      3.09434728     0.843542852     0.754059966
          wgpu 1d 204g 315c x3w 4ms | egraph 36g->169v+0snap 13ms | graft 8 (-31n, 0 snap) cpu 0 | f64 20 | gen 0.2s | dropped inexpr 3 oversz 0 unbuild 0 {}
 120     0     100               0     0.847861391     0.711504793      2.41577875      3.09434728     0.843542852     0.754059966
 120     1      50               0     0.847861391     0.711504793      2.41577875      3.09434728     0.843542852     0.754059966
          wgpu 1d 162g 275c x3w 4ms | egraph 25g->129v+0snap 5ms | graft 8 (-27n, 0 snap) cpu 0 | f64 20 | gen 0.2s | dropped inexpr 1 oversz 0 unbuild 0 {}
--------- pump migration: intra (promote-2 + intake-reset) + cross ---------
 121     0     100               0     0.847861391     0.711504793      2.41577875      3.09434728     0.843542852     0.754059966
 121     1      50               0     0.847861391     0.711504793      2.41577875      3.09434728     0.843542852     0.754059966
          wgpu 2d 340g 400c x3w 7ms | egraph 95g->174v+0snap 25ms | graft 16 (-51n, 0 snap) cpu 0 | f64 30 | gen 0.2s | dropped inexpr 5 oversz 0 unbuild 0 {}
 122     0     100               0     0.847861391     0.711504793      2.41577875      3.09434728     0.843542852     0.754059966
 122     1      50               0     0.847861391     0.711504793      2.41577875      3.09434728     0.843542852     0.754059966
          wgpu 1d 173g 260c x3w 4ms | egraph 31g->114v+0snap 9ms | graft 13 (-35n, 0 snap) cpu 0 | f64 28 | gen 0.2s | dropped inexpr 1 oversz 0 unbuild 0 {}
 123     0     100               0     0.847861391     0.711504793      2.41577875      3.09434728     0.843542852     0.754059966
 123     1      50               0     0.847861391     0.711504793      2.41577875      3.09434728     0.843542852     0.754059966
          wgpu 1d 185g 271c x3w 4ms | egraph 43g->125v+0snap 8ms | graft 15 (-40n, 0 snap) cpu 0 | f64 20 | gen 0.2s | dropped inexpr 2 oversz 0 unbuild 0 {}
 124     0     100               0     0.847861391     0.711504793      2.41577875      3.09434728     0.843542852     0.754059966
 124     1      50               0     0.847861391     0.711504793      2.41577875      3.09434728     0.843542852     0.754059966
          wgpu 1d 186g 270c x3w 4ms | egraph 35g->124v+0snap 7ms | graft 11 (-29n, 0 snap) cpu 0 | f64 23 | gen 0.2s | dropped inexpr 4 oversz 0 unbuild 0 {}
 125     0     100               0     0.847861391     0.711504793      2.41577875      3.09434728     0.843542852     0.754059966
 125     1      50               0     0.847861391     0.711504793      2.41577875      3.09434728     0.843542852     0.754059966
          wgpu 1d 156g 271c x3w 3ms | egraph 26g->125v+0snap 7ms | graft 10 (-25n, 0 snap) cpu 0 | f64 20 | gen 0.2s | dropped inexpr 1 oversz 0 unbuild 0 {}
 126     0     100               0     0.847861391     0.711504793      2.41577875      3.09434728     0.843542852     0.754059966
 126     1      50               0     0.847861391     0.711504793      2.41577875      3.09434728     0.843542852     0.754059966
          wgpu 1d 190g 285c x3w 4ms | egraph 31g->139v+0snap 7ms | graft 11 (-31n, 0 snap) cpu 0 | f64 20 | gen 0.3s | dropped inexpr 3 oversz 0 unbuild 0 {}
 127     0     100               0     0.403166151     0.337471664      1.74706414      1.73946089     0.401112645     0.357655878
 127     1      50               0     0.847861391     0.711504793      2.41577875      3.09434728     0.843542852     0.754059966
          wgpu 1d 150g 244c x3w 3ms | egraph 39g->98v+0snap 8ms | graft 9 (-20n, 0 snap) cpu 0 | f64 20 | gen 0.2s | dropped inexpr 3 oversz 0 unbuild 0 {}
 128     0     100               0     0.403166151     0.337471664      1.74706414      1.73946089     0.401112645     0.357655878
 128     1      50               0     0.847861391     0.711504793      2.41577875      3.09434728     0.843542852     0.754059966
          wgpu 1d 144g 217c x3w 3ms | egraph 35g->71v+0snap 7ms | graft 4 (-10n, 0 snap) cpu 0 | f64 20 | gen 0.2s
 129     0     100               0     0.403166151     0.337471664      1.74706414      1.73946089     0.401112645     0.357655878
 129     1      50               0     0.847861391     0.711504793      2.41577875      3.09434728     0.843542852     0.754059966
          wgpu 1d 111g 204c x3w 3ms | egraph 25g->58v+0snap 7ms | graft 2 (-5n, 0 snap) cpu 0 | f64 20 | gen 0.2s | dropped inexpr 1 oversz 0 unbuild 0 {}
 130     0     100               0     0.403166151     0.337471664      1.74706414      1.73946089     0.401112645     0.357655878
 130     1      50               0     0.847861391     0.711504793      2.41577875      3.09434728     0.843542852     0.754059966
          wgpu 1d 128g 205c x3w 3ms | egraph 29g->59v+0snap 6ms | graft 5 (-15n, 0 snap) cpu 0 | f64 20 | gen 0.2s | dropped inexpr 1 oversz 0 unbuild 0 {}
--------- pump migration: intra (promote-2 + intake-reset) ---------
 131     0     100               0     0.403166151     0.337471664      1.74706414      1.73946089     0.401112645     0.357655878
 131     1      50               0     0.450850325      0.37641315      1.72211277      1.79674144     0.448553941     0.398926458
          wgpu 2d 318g 335c x3w 8ms | egraph 125g->109v+0snap 27ms | graft 15 (-80n, 0 snap) cpu 0 | f64 30 | gen 0.2s | dropped inexpr 4 oversz 0 unbuild 0 {}
 132     0     100               0     0.403166151     0.337471664      1.74706414      1.73946089     0.401112645     0.357655878
 132     1      50               0     0.403166151     0.337471664      1.74706414      1.73946089     0.401112645     0.357655878
          wgpu 1d 112g 182c x3w 3ms | egraph 26g->36v+0snap 5ms | graft 1 (-2n, 0 snap) cpu 0 | f64 20 | gen 0.1s
 133     0     100               0     0.403166151     0.337471664      1.74706414      1.73946089     0.401112645     0.357655878
 133     1      50               0     0.403166151     0.337471664      1.74706414      1.73946089     0.401112645     0.357655878
          wgpu 1d 97g 173c x3w 3ms | egraph 23g->27v+0snap 5ms | graft 1 (-2n, 0 snap) cpu 0 | f64 20 | gen 0.2s
 134     0     100               0     0.403166151     0.337471664      1.74706414      1.73946089     0.401112645     0.357655878
 134     1      50               0     0.403166151     0.337471664      1.74706414      1.73946089     0.401112645     0.357655878
          wgpu 1d 98g 164c x3w 7ms | egraph 26g->18v+0snap 5ms | graft 2 (-8n, 0 snap) cpu 0 | f64 24 | gen 0.2s
 135     0     100               0     0.389079817     0.327080824       1.5668369      1.66167082     0.387098058      0.34664356
 135     1      50               0     0.403166151     0.337471664      1.74706414      1.73946089     0.401112645     0.357655878
          wgpu 1d 87g 158c x3w 3ms | egraph 35g->12v+0snap 6ms | graft 1 (-3n, 0 snap) cpu 0 | f64 20 | gen 0.1s
 136     0     100               0     0.389079817     0.327080824       1.5668369      1.66167082     0.387098058      0.34664356
 136     1      50               0     0.403166151     0.337471664      1.74706414      1.73946089     0.401112645     0.357655878
          wgpu 1d 105g 176c x3w 3ms | egraph 28g->30v+0snap 7ms | graft 5 (-25n, 0 snap) cpu 0 | f64 20 | gen 0.2s
 137     0     100               0     0.389079817     0.327080824       1.5668369      1.66167082     0.387098058      0.34664356
 137     1      50               0     0.403166151     0.337471664      1.74706414      1.73946089     0.401112645     0.357655878
          wgpu 1d 87g 160c x3w 3ms | egraph 26g->14v+0snap 5ms | graft 1 (-2n, 0 snap) cpu 0 | f64 20 | gen 0.1s
 138     0     100               0     0.389079847     0.327080849      1.56683663      1.66167084     0.387098088     0.346643588
 138     1      50               0     0.389079817     0.327080824       1.5668369      1.66167082     0.387098058      0.34664356
          wgpu 1d 74g 160c x3w 3ms | egraph 26g->14v+0snap 5ms | graft 3 (-6n, 0 snap) cpu 0 | f64 20 | gen 0.2s
 139     0     100               0     0.389079847     0.327080849      1.56683663      1.66167084     0.387098088     0.346643588
 139     1      50               0     0.389079817     0.327080824       1.5668369      1.66167082     0.387098058      0.34664356
          wgpu 1d 92g 166c x3w 3ms | egraph 26g->20v+0snap 5ms | graft 0 (-0n, 0 snap) cpu 0 | f64 20 | gen 0.1s
 140     0     100               0     0.389079817     0.327080824       1.5668369      1.66167082     0.387098058      0.34664356
 140     1      50               0     0.389079847     0.327080849      1.56683663      1.66167084     0.387098088     0.346643588
          wgpu 1d 78g 154c x3w 3ms | egraph 29g->8v+0snap 5ms | graft 2 (-4n, 0 snap) cpu 0 | f64 20 | gen 0.2s
--------- pump migration: intra (promote-2 + intake-reset) ---------
 141     0     100               0     0.389079817     0.327080824       1.5668369      1.66167082     0.387098058      0.34664356
 141     1      50               0     0.389079817     0.327080824       1.5668369      1.66167082     0.387098058      0.34664356
          wgpu 2d 274g 313c x3w 7ms | egraph 95g->87v+0snap 30ms | graft 12 (-47n, 0 snap) cpu 0 | f64 30 | gen 0.2s | dropped inexpr 5 oversz 0 unbuild 0 {}
 142     0     100               0     0.389079817     0.327080824       1.5668369      1.66167082     0.387098058      0.34664356
 142     1      50               0     0.389079847     0.327080849      1.56683663      1.66167084     0.387098088     0.346643588
          wgpu 1d 89g 161c x3w 3ms | egraph 24g->15v+0snap 5ms | graft 1 (-2n, 0 snap) cpu 0 | f64 20 | gen 0.2s
 143     0     100               0     0.389079817     0.327080824       1.5668369      1.66167082     0.387098058      0.34664356
 143     1      50               0     0.389079847     0.327080849      1.56683663      1.66167084     0.387098088     0.346643588
          wgpu 1d 80g 161c x3w 3ms | egraph 22g->15v+0snap 4ms | graft 5 (-11n, 0 snap) cpu 0 | f64 20 | gen 0.2s
 144     0     100               0     0.389079817     0.327080824       1.5668369      1.66167082     0.387098058      0.34664356
 144     1      50               0     0.389079847     0.327080849      1.56683663      1.66167084     0.387098088     0.346643588
          wgpu 1d 98g 165c x3w 3ms | egraph 27g->19v+0snap 6ms | graft 3 (-6n, 0 snap) cpu 0 | f64 20 | gen 0.2s
 145     0     100               0     0.389079817     0.327080824       1.5668369      1.66167082     0.387098058      0.34664356
 145     1      50               0     0.389079847     0.327080849      1.56683663      1.66167084     0.387098088     0.346643588
          wgpu 1d 102g 167c x3w 3ms | egraph 23g->21v+0snap 6ms | graft 1 (-3n, 0 snap) cpu 0 | f64 20 | gen 0.2s
 146     0     100               0     0.389079847     0.327080849      1.56683663      1.66167084     0.387098088     0.346643588
 146     1      50               0     0.389079817     0.327080824       1.5668369      1.66167082     0.387098058      0.34664356
          wgpu 1d 85g 164c x3w 3ms | egraph 26g->18v+0snap 5ms | graft 1 (-2n, 0 snap) cpu 0 | f64 20 | gen 0.2s
 147     0     100               0     0.389079847     0.327080849      1.56683663      1.66167084     0.387098088     0.346643588
 147     1      50               0     0.389079847     0.327080849      1.56683663      1.66167084     0.387098088     0.346643588
          wgpu 1d 79g 163c x3w 3ms | egraph 20g->17v+0snap 8ms | graft 2 (-5n, 0 snap) cpu 0 | f64 20 | gen 0.2s
 148     0     100               0     0.389079847     0.327080849      1.56683663      1.66167084     0.387098088     0.346643588
 148     1      50               0     0.389079847     0.327080849      1.56683663      1.66167084     0.387098088     0.346643588
          wgpu 1d 100g 167c x3w 3ms | egraph 28g->21v+0snap 7ms | graft 4 (-12n, 0 snap) cpu 0 | f64 20 | gen 0.2s
 149     0     100               0     0.389079847     0.327080849      1.56683663      1.66167084     0.387098088     0.346643588
 149     1      50               0     0.389079817     0.327080824       1.5668369      1.66167082     0.387098058      0.34664356
          wgpu 1d 84g 163c x3w 3ms | egraph 25g->17v+0snap 5ms | graft 5 (-14n, 0 snap) cpu 0 | f64 20 | gen 0.1s
 150     0     100               0     0.389079817     0.327080824       1.5668369      1.66167082     0.387098058      0.34664356
 150     1      50               0     0.389079817     0.327080824       1.5668369      1.66167082     0.387098058      0.34664356
          wgpu 1d 91g 163c x3w 3ms | egraph 21g->17v+0snap 4ms | graft 3 (-12n, 0 snap) cpu 0 | f64 20 | gen 0.2s
--------- pump migration: intra (promote-2 + intake-reset) + cross ---------
 151     0     100               0     0.389079817     0.327080824       1.5668369      1.66167082     0.387098058      0.34664356
 151     1      50               0     0.389079847     0.327080849      1.56683663      1.66167084     0.387098088     0.346643588
          wgpu 2d 264g 297c x3w 8ms | egraph 87g->71v+0snap 22ms | graft 11 (-51n, 0 snap) cpu 0 | f64 30 | gen 0.2s | dropped inexpr 1 oversz 0 unbuild 0 {}
 152     0     100               0     0.389079817     0.327080824       1.5668369      1.66167082     0.387098058      0.34664356
 152     1      50               0     0.389079847     0.327080849      1.56683663      1.66167084     0.387098088     0.346643588
          wgpu 1d 86g 162c x3w 3ms | egraph 19g->16v+0snap 6ms | graft 4 (-8n, 0 snap) cpu 0 | f64 20 | gen 0.2s
 153     0     100               0     0.389079817     0.327080824       1.5668369      1.66167082     0.387098058      0.34664356
 153     1      50               0     0.389079847     0.327080849      1.56683663      1.66167084     0.387098088     0.346643588
          wgpu 1d 92g 169c x3w 3ms | egraph 15g->23v+0snap 13ms | graft 6 (-21n, 0 snap) cpu 0 | f64 20 | gen 0.2s
 154     0     100               0     0.389079847     0.327080849      1.56683663      1.66167084     0.387098088     0.346643588
 154     1      50               0     0.389079847     0.327080849      1.56683663      1.66167084     0.387098088     0.346643588
          wgpu 1d 93g 166c x3w 3ms | egraph 18g->20v+0snap 4ms | graft 3 (-6n, 0 snap) cpu 0 | f64 20 | gen 0.2s
 155     0     100               0     0.389079847     0.327080849      1.56683663      1.66167084     0.387098088     0.346643588
 155     1      50               0     0.389079847     0.327080849      1.56683663      1.66167084     0.387098088     0.346643588
          wgpu 1d 96g 164c x3w 5ms | egraph 25g->18v+0snap 5ms | graft 2 (-5n, 0 snap) cpu 0 | f64 20 | gen 0.2s | dropped inexpr 1 oversz 0 unbuild 0 {}
 156     0     100               0     0.389079847     0.327080849      1.56683663      1.66167084     0.387098088     0.346643588
 156     1      50               0     0.389079847     0.327080849      1.56683663      1.66167084     0.387098088     0.346643588
          wgpu 1d 84g 167c x3w 5ms | egraph 21g->21v+0snap 5ms | graft 1 (-3n, 0 snap) cpu 0 | f64 20 | gen 0.2s
 157     0     100               0     0.389079847     0.327080849      1.56683663      1.66167084     0.387098088     0.346643588
 157     1      50               0     0.389079847     0.327080849      1.56683663      1.66167084     0.387098088     0.346643588
          wgpu 1d 93g 166c x3w 3ms | egraph 19g->20v+0snap 4ms | graft 3 (-8n, 0 snap) cpu 0 | f64 20 | gen 0.2s
 158     0     100               0     0.389079847     0.327080849      1.56683663      1.66167084     0.387098088     0.346643588
 158     1      50               0     0.389079847     0.327080849      1.56683663      1.66167084     0.387098088     0.346643588
          wgpu 1d 93g 169c x3w 3ms | egraph 22g->23v+0snap 4ms | graft 4 (-17n, 0 snap) cpu 0 | f64 20 | gen 0.2s
 159     0     100               0     0.389079847     0.327080849      1.56683663      1.66167084     0.387098088     0.346643588
 159     1      50               0     0.389079847     0.327080849      1.56683663      1.66167084     0.387098088     0.346643588
          wgpu 1d 85g 164c x3w 3ms | egraph 24g->18v+0snap 5ms | graft 4 (-14n, 0 snap) cpu 0 | f64 20 | gen 0.2s
 160     0     100               0     0.389079847     0.327080849      1.56683663      1.66167084     0.387098088     0.346643588
 160     1      50               0     0.389079847     0.327080849      1.56683663      1.66167084     0.387098088     0.346643588
          wgpu 1d 89g 166c x3w 5ms | egraph 23g->20v+0snap 5ms | graft 1 (-3n, 0 snap) cpu 0 | f64 20 | gen 0.2s
--------- pump migration: intra (promote-2 + intake-reset) ---------
 161     0     100               0     0.389079847     0.327080849      1.56683663      1.66167084     0.387098088     0.346643588
 161     1      50               0     0.389079847     0.327080849      1.56683663      1.66167084     0.387098088     0.346643588
          wgpu 2d 296g 322c x3w 6ms | egraph 96g->96v+0snap 24ms | graft 14 (-53n, 0 snap) cpu 0 | f64 30 | gen 0.2s | dropped inexpr 5 oversz 0 unbuild 0 {}
 162     0     100               0     0.389079847     0.327080849      1.56683663      1.66167084     0.387098088     0.346643588
 162     1      50               0     0.389079847     0.327080849      1.56683663      1.66167084     0.387098088     0.346643588
          wgpu 1d 93g 168c x3w 8ms | egraph 24g->22v+0snap 5ms | graft 7 (-15n, 0 snap) cpu 0 | f64 20 | gen 0.2s
 163     0     100               0     0.389079847     0.327080849      1.56683663      1.66167084     0.387098088     0.346643588
 163     1      50               0     0.389079847     0.327080849      1.56683663      1.66167084     0.387098088     0.346643588
          wgpu 1d 84g 171c x3w 3ms | egraph 22g->25v+0snap 5ms | graft 4 (-13n, 0 snap) cpu 0 | f64 20 | gen 0.2s
 164     0     100               0     0.389079847     0.327080849      1.56683663      1.66167084     0.387098088     0.346643588
 164     1      50               0     0.389079847     0.327080849      1.56683663      1.66167084     0.387098088     0.346643588
          wgpu 1d 86g 166c x3w 3ms | egraph 18g->20v+0snap 4ms | graft 4 (-12n, 0 snap) cpu 0 | f64 20 | gen 0.2s
 165     0     100               0     0.389079847     0.327080849      1.56683663      1.66167084     0.387098088     0.346643588
 165     1      50               0     0.389079847     0.327080849      1.56683663      1.66167084     0.387098088     0.346643588
          wgpu 1d 87g 163c x3w 3ms | egraph 15g->17v+0snap 19ms | graft 2 (-6n, 0 snap) cpu 0 | f64 20 | gen 0.2s
 166     0     100               0     0.389079847     0.327080849      1.56683663      1.66167084     0.387098088     0.346643588
 166     1      50               0     0.389079847     0.327080849      1.56683663      1.66167084     0.387098088     0.346643588
          wgpu 1d 81g 165c x3w 3ms | egraph 6g->19v+0snap 2ms | graft 7 (-20n, 0 snap) cpu 0 | f64 20 | gen 0.2s
 167     0     100               0     0.389079817     0.327080824       1.5668369      1.66167082     0.387098058      0.34664356
 167     1      50               0     0.389079847     0.327080849      1.56683663      1.66167084     0.387098088     0.346643588
          wgpu 1d 93g 171c x3w 3ms | egraph 17g->25v+0snap 5ms | graft 5 (-15n, 0 snap) cpu 0 | f64 20 | gen 0.2s
 168     0     100               0     0.389079817     0.327080824       1.5668369      1.66167082     0.387098058      0.34664356
 168     1      50               0     0.389079817     0.327080824       1.5668369      1.66167082     0.387098058      0.34664356
          wgpu 1d 90g 169c x3w 3ms | egraph 13g->23v+0snap 4ms | graft 2 (-7n, 0 snap) cpu 0 | f64 20 | gen 0.2s
 169     0     100               0     0.389079817     0.327080824       1.5668369      1.66167082     0.387098058      0.34664356
 169     1      50               0     0.389079847     0.327080849      1.56683663      1.66167084     0.387098088     0.346643588
          wgpu 1d 101g 176c x3w 3ms | egraph 18g->30v+0snap 6ms | graft 5 (-15n, 0 snap) cpu 0 | f64 20 | gen 0.2s
 170     0     100               0     0.389079847     0.327080849      1.56683663      1.66167084     0.387098088     0.346643588
 170     1      50               0     0.389079847     0.327080849      1.56683663      1.66167084     0.387098088     0.346643588
          wgpu 1d 94g 169c x3w 3ms | egraph 22g->23v+0snap 5ms | graft 2 (-4n, 0 snap) cpu 0 | f64 20 | gen 0.2s
--------- pump migration: intra (promote-2 + intake-reset) ---------
 171     0     100               0     0.845895414     0.772787388      2.60552954      3.61268702     0.841586888     0.819007879
 171     1      50               0     0.389079847     0.327080849      1.56683663      1.66167084     0.387098088     0.346643588
          wgpu 2d 303g 328c x3w 11ms | egraph 103g->102v+0snap 28ms | graft 18 (-98n, 0 snap) cpu 0 | f64 30 | gen 0.4s | dropped inexpr 1 oversz 0 unbuild 0 {}
 172     0     100               0     0.389079847     0.327080849      1.56683663      1.66167084     0.387098088     0.346643588
 172     1      50               0     0.389079817     0.327080824       1.5668369      1.66167082     0.387098058      0.34664356
          wgpu 1d 94g 158c x3w 3ms | egraph 25g->12v+0snap 5ms | graft 5 (-10n, 0 snap) cpu 0 | f64 20 | gen 0.2s
 173     0     100               0     0.389079847     0.327080849      1.56683663      1.66167084     0.387098088     0.346643588
 173     1      50               0     0.389079817     0.327080824       1.5668369      1.66167082     0.387098058      0.34664356
          wgpu 1d 73g 161c x3w 3ms | egraph 17g->15v+0snap 8ms | graft 2 (-5n, 0 snap) cpu 0 | f64 20 | gen 0.2s
 174     0     100               0     0.389079847     0.327080849      1.56683663      1.66167084     0.387098088     0.346643588
 174     1      50               0     0.389079847     0.327080849      1.56683663      1.66167084     0.387098088     0.346643588
          wgpu 1d 83g 166c x3w 3ms | egraph 14g->20v+0snap 3ms | graft 0 (-0n, 0 snap) cpu 0 | f64 20 | gen 0.2s
 175     0     100               0     0.389079817     0.327080824       1.5668369      1.66167082     0.387098058      0.34664356
 175     1      50               0     0.389079817     0.327080824       1.5668369      1.66167082     0.387098058      0.34664356
          wgpu 1d 85g 160c x3w 3ms | egraph 16g->14v+0snap 4ms | graft 2 (-8n, 0 snap) cpu 0 | f64 20 | gen 0.2s
 176     0     100               0     0.389079817     0.327080824       1.5668369      1.66167082     0.387098058      0.34664356
 176     1      50               0     0.389079817     0.327080824       1.5668369      1.66167082     0.387098058      0.34664356
          wgpu 1d 98g 175c x3w 3ms | egraph 15g->29v+0snap 4ms | graft 6 (-20n, 0 snap) cpu 0 | f64 20 | gen 0.2s
 177     0     100               0     0.389079817     0.327080824       1.5668369      1.66167082     0.387098058      0.34664356
 177     1      50               0     0.389079847     0.327080849      1.56683663      1.66167084     0.387098088     0.346643588
          wgpu 1d 98g 159c x3w 3ms | egraph 18g->13v+0snap 4ms | graft 4 (-13n, 0 snap) cpu 0 | f64 20 | gen 0.2s
 178     0     100               0     0.389079817     0.327080824       1.5668369      1.66167082     0.387098058      0.34664356
 178     1      50               0     0.389079817     0.327080824       1.5668369      1.66167082     0.387098058      0.34664356
          wgpu 1d 90g 163c x3w 3ms | egraph 20g->17v+0snap 4ms | graft 3 (-9n, 0 snap) cpu 0 | f64 20 | gen 0.2s
 179     0     100               0     0.389079817     0.327080824       1.5668369      1.66167082     0.387098058      0.34664356
 179     1      50               0     0.389079817     0.327080824       1.5668369      1.66167082     0.387098058      0.34664356
          wgpu 1d 77g 156c x3w 3ms | egraph 13g->10v+0snap 4ms | graft 1 (-2n, 0 snap) cpu 0 | f64 20 | gen 0.2s
 180     0     100               0     0.389079817     0.327080824       1.5668369      1.66167082     0.387098058      0.34664356
 180     1      50               0     0.389079817     0.327080824       1.5668369      1.66167082     0.387098058      0.34664356
          wgpu 1d 76g 164c x3w 3ms | egraph 10g->18v+0snap 3ms | graft 5 (-16n, 0 snap) cpu 0 | f64 20 | gen 0.2s
--------- pump migration: intra (promote-2 + intake-reset) + cross ---------
 181     0     100               0     0.389079817     0.327080824       1.5668369      1.66167082     0.387098058      0.34664356
 181     1      50               0     0.389079817     0.327080824       1.5668369      1.66167082     0.387098058      0.34664356
          wgpu 2d 249g 305c x3w 11ms | egraph 66g->79v+0snap 16ms | graft 11 (-66n, 0 snap) cpu 0 | f64 30 | gen 0.2s | dropped inexpr 3 oversz 0 unbuild 0 {}
 182     0     100               0     0.389079817     0.327080824       1.5668369      1.66167082     0.387098058      0.34664356
 182     1      50               0     0.389079817     0.327080824       1.5668369      1.66167082     0.387098058      0.34664356
          wgpu 1d 93g 165c x3w 3ms | egraph 13g->19v+0snap 4ms | graft 4 (-12n, 0 snap) cpu 0 | f64 20 | gen 0.2s
 183     0     100               0     0.389079817     0.327080824       1.5668369      1.66167082     0.387098058      0.34664356
 183     1      50               0     0.389079817     0.327080824       1.5668369      1.66167082     0.387098058      0.34664356
          wgpu 1d 83g 163c x3w 3ms | egraph 17g->17v+0snap 4ms | graft 3 (-8n, 0 snap) cpu 0 | f64 20 | gen 0.2s
 184     0     100               0     0.389079817     0.327080824       1.5668369      1.66167082     0.387098058      0.34664356
 184     1      50               0     0.389079817     0.327080824       1.5668369      1.66167082     0.387098058      0.34664356
          wgpu 1d 85g 166c x3w 3ms | egraph 18g->20v+0snap 4ms | graft 3 (-12n, 0 snap) cpu 0 | f64 20 | gen 0.2s
 185     0     100               0     0.389079817     0.327080824       1.5668369      1.66167082     0.387098058      0.34664356
 185     1      50               0     0.389079817     0.327080824       1.5668369      1.66167082     0.387098058      0.34664356
          wgpu 1d 82g 159c x3w 3ms | egraph 16g->13v+0snap 4ms | graft 2 (-10n, 0 snap) cpu 0 | f64 20 | gen 0.2s
 186     0     100               0     0.389079817     0.327080824       1.5668369      1.66167082     0.387098058      0.34664356
 186     1      50               0     0.389079817     0.327080824       1.5668369      1.66167082     0.387098058      0.34664356
          wgpu 1d 84g 160c x3w 3ms | egraph 15g->14v+0snap 4ms | graft 4 (-15n, 0 snap) cpu 0 | f64 20 | gen 0.2s
 187     0     100               0     0.389079817     0.327080824       1.5668369      1.66167082     0.387098058      0.34664356
 187     1      50               0     0.389079817     0.327080824       1.5668369      1.66167082     0.387098058      0.34664356
          wgpu 1d 99g 175c x3w 3ms | egraph 12g->29v+0snap 4ms | graft 9 (-29n, 0 snap) cpu 0 | f64 20 | gen 0.2s
 188     0     100               0     0.389079817     0.327080824       1.5668369      1.66167082     0.387098058      0.34664356
 188     1      50               0     0.389079817     0.327080824       1.5668369      1.66167082     0.387098058      0.34664356
          wgpu 1d 93g 171c x3w 3ms | egraph 14g->25v+0snap 4ms | graft 6 (-23n, 0 snap) cpu 0 | f64 20 | gen 0.2s
 189     0     100               0     0.389079847     0.327080849      1.56683663      1.66167084     0.387098088     0.346643588
 189     1      50               0     0.389079817     0.327080824       1.5668369      1.66167082     0.387098058      0.34664356
          wgpu 1d 96g 166c x3w 3ms | egraph 16g->20v+0snap 5ms | graft 2 (-6n, 0 snap) cpu 0 | f64 20 | gen 0.2s
 190     0     100               0     0.389079847     0.327080849      1.56683663      1.66167084     0.387098088     0.346643588
 190     1      50               0     0.389079817     0.327080824       1.5668369      1.66167082     0.387098058      0.34664356
          wgpu 1d 90g 164c x3w 3ms | egraph 12g->18v+0snap 3ms | graft 2 (-6n, 0 snap) cpu 0 | f64 20 | gen 0.2s
--------- pump migration: intra (promote-2 + intake-reset) ---------
 191     0     100               0     0.389079847     0.327080849      1.56683663      1.66167084     0.387098088     0.346643588
 191     1      50               0     0.389079847     0.327080849      1.56683663      1.66167084     0.387098088     0.346643588
          wgpu 2d 259g 302c x3w 6ms | egraph 91g->76v+0snap 18ms | graft 11 (-50n, 0 snap) cpu 0 | f64 30 | gen 0.2s | dropped inexpr 1 oversz 0 unbuild 0 {}
 192     0     100               0     0.389079817     0.327080824       1.5668369      1.66167082     0.387098058      0.34664356
 192     1      50               0     0.389079847     0.327080849      1.56683663      1.66167084     0.387098088     0.346643588
          wgpu 1d 80g 164c x3w 3ms | egraph 18g->18v+0snap 4ms | graft 1 (-2n, 0 snap) cpu 0 | f64 20 | gen 0.2s
 193     0     100               0     0.389079847     0.327080849      1.56683663      1.66167084     0.387098088     0.346643588
 193     1      50               0     0.389079847     0.327080849      1.56683663      1.66167084     0.387098088     0.346643588
          wgpu 1d 79g 166c x3w 3ms | egraph 14g->20v+0snap 4ms | graft 5 (-17n, 0 snap) cpu 0 | f64 20 | gen 0.2s
 194     0     100               0     0.389079817     0.327080824       1.5668369      1.66167082     0.387098058      0.34664356
 194     1      50               0     0.389079847     0.327080849      1.56683663      1.66167084     0.387098088     0.346643588
          wgpu 1d 67g 158c x3w 3ms | egraph 9g->12v+0snap 3ms | graft 3 (-8n, 0 snap) cpu 0 | f64 20 | gen 0.2s
 195     0     100               0     0.389079817     0.327080824       1.5668369      1.66167082     0.387098058      0.34664356
 195     1      50               0     0.389079847     0.327080849      1.56683663      1.66167084     0.387098088     0.346643588
          wgpu 1d 100g 168c x3w 5ms | egraph 14g->22v+0snap 4ms | graft 5 (-20n, 0 snap) cpu 0 | f64 20 | gen 0.2s
 196     0     100               0     0.389079847     0.327080849      1.56683663      1.66167084     0.387098088     0.346643588
 196     1      50               0     0.389079817     0.327080824       1.5668369      1.66167082     0.387098058      0.34664356
          wgpu 1d 91g 174c x3w 3ms | egraph 21g->28v+0snap 6ms | graft 4 (-11n, 0 snap) cpu 0 | f64 20 | gen 0.2s
 197     0     100               0     0.389079847     0.327080849      1.56683663      1.66167084     0.387098088     0.346643588
 197     1      50               0     0.389079817     0.327080824       1.5668369      1.66167082     0.387098058      0.34664356
          wgpu 1d 78g 161c x3w 3ms | egraph 18g->15v+0snap 8ms | graft 2 (-14n, 0 snap) cpu 0 | f64 20 | gen 0.2s
 198     0     100               0     0.389079847     0.327080849      1.56683663      1.66167084     0.387098088     0.346643588
 198     1      50               0     0.389079817     0.327080824       1.5668369      1.66167082     0.387098058      0.34664356
          wgpu 1d 82g 161c x3w 3ms | egraph 15g->15v+0snap 3ms | graft 1 (-2n, 0 snap) cpu 0 | f64 20 | gen 0.2s
 199     0     100               0     0.389079847     0.327080849      1.56683663      1.66167084     0.387098088     0.346643588
 199     1      50               0     0.389079817     0.327080824       1.5668369      1.66167082     0.387098058      0.34664356
          wgpu 1d 85g 161c x3w 4ms | egraph 13g->15v+0snap 3ms | graft 2 (-5n, 0 snap) cpu 0 | f64 20 | gen 0.2s
 200     0     100               0     0.389079847     0.327080849      1.56683663      1.66167084     0.387098088     0.346643588
 200     1      50               0     0.389079817     0.327080824       1.5668369      1.66167082     0.387098058      0.34664356
          wgpu 1d 73g 160c x3w 3ms | egraph 16g->14v+0snap 4ms | graft 3 (-10n, 0 snap) cpu 0 | f64 20 | gen 0.2s
--------- pump migration: intra (promote-2 + intake-reset) ---------
 201     0     100               0     0.389079847     0.327080849      1.56683663      1.66167084     0.387098088     0.346643588
 201     1      50               0     0.389079847     0.327080849      1.56683663      1.66167084     0.387098088     0.346643588
          wgpu 2d 264g 311c x3w 6ms | egraph 84g->85v+0snap 24ms | graft 12 (-53n, 0 snap) cpu 0 | f64 30 | gen 0.2s | dropped inexpr 5 oversz 0 unbuild 0 {}
 202     0     100               0     0.389079847     0.327080849      1.56683663      1.66167084     0.387098088     0.346643588
 202     1      50               0     0.389079847     0.327080849      1.56683663      1.66167084     0.387098088     0.346643588
          wgpu 1d 100g 174c x3w 3ms | egraph 25g->28v+0snap 48ms | graft 8 (-37n, 0 snap) cpu 0 | f64 20 | gen 0.2s
 203     0     100               0     0.389079847     0.327080849      1.56683663      1.66167084     0.387098088     0.346643588
 203     1      50               0     0.389079817     0.327080824       1.5668369      1.66167082     0.387098058      0.34664356
          wgpu 1d 74g 163c x3w 10ms | egraph 15g->17v+0snap 4ms | graft 1 (-2n, 0 snap) cpu 0 | f64 20 | gen 0.2s
 204     0     100               0     0.389079847     0.327080849      1.56683663      1.66167084     0.387098088     0.346643588
 204     1      50               0     0.389079817     0.327080824       1.5668369      1.66167082     0.387098058      0.34664356
          wgpu 1d 75g 161c x3w 3ms | egraph 11g->15v+0snap 3ms | graft 5 (-12n, 0 snap) cpu 0 | f64 20 | gen 0.2s
 205     0     100               0     0.389079847     0.327080849      1.56683663      1.66167084     0.387098088     0.346643588
 205     1      50               0     0.389079817     0.327080824       1.5668369      1.66167082     0.387098058      0.34664356
          wgpu 1d 109g 177c x3w 12ms | egraph 18g->31v+0snap 6ms | graft 7 (-31n, 0 snap) cpu 0 | f64 20 | gen 0.3s
 206     0     100               0     0.389079847     0.327080849      1.56683663      1.66167084     0.387098088     0.346643588
 206     1      50               0     0.389079817     0.327080824       1.5668369      1.66167082     0.387098058      0.34664356
          wgpu 1d 97g 174c x3w 3ms | egraph 13g->28v+0snap 10ms | graft 2 (-23n, 0 snap) cpu 0 | f64 20 | gen 0.2s
 207     0     100               0     0.389079847     0.327080849      1.56683663      1.66167084     0.387098088     0.346643588
 207     1      50               0     0.389079817     0.327080824       1.5668369      1.66167082     0.387098058      0.34664356
          wgpu 1d 93g 166c x3w 3ms | egraph 16g->20v+0snap 7ms | graft 2 (-9n, 0 snap) cpu 0 | f64 20 | gen 0.2s
 208     0     100               0     0.389079847     0.327080849      1.56683663      1.66167084     0.387098088     0.346643588
 208     1      50               0     0.389079817     0.327080824       1.5668369      1.66167082     0.387098058      0.34664356
          wgpu 1d 84g 167c x3w 3ms | egraph 17g->21v+0snap 4ms | graft 5 (-17n, 0 snap) cpu 0 | f64 20 | gen 0.2s
 209     0     100               0     0.389079847     0.327080849      1.56683663      1.66167084     0.387098088     0.346643588
 209     1      50               0     0.389079817     0.327080824       1.5668369      1.66167082     0.387098058      0.34664356
          wgpu 1d 80g 158c x3w 3ms | egraph 17g->12v+0snap 4ms | graft 1 (-2n, 0 snap) cpu 0 | f64 20 | gen 0.2s
 210     0     100               0     0.389079847     0.327080849      1.56683663      1.66167084     0.387098088     0.346643588
 210     1      50               0     0.389079847     0.327080849      1.56683663      1.66167084     0.387098088     0.346643588
          wgpu 1d 94g 162c x3w 3ms | egraph 24g->16v+0snap 6ms | graft 3 (-12n, 0 snap) cpu 0 | f64 20 | gen 0.2s
--------- pump migration: intra (promote-2 + intake-reset) + cross ---------
 211     0     100               0     0.389079847     0.327080849      1.56683663      1.66167084     0.387098088     0.346643588
 211     1      50               0     0.389079847     0.327080849      1.56683663      1.66167084     0.387098088     0.346643588
          wgpu 2d 262g 306c x3w 6ms | egraph 88g->80v+0snap 21ms | graft 14 (-48n, 0 snap) cpu 0 | f64 30 | gen 0.2s | dropped inexpr 7 oversz 0 unbuild 0 {}
 212     0     100               0     0.389079847     0.327080849      1.56683663      1.66167084     0.387098088     0.346643588
 212     1      50               0     0.389079847     0.327080849      1.56683663      1.66167084     0.387098088     0.346643588
          wgpu 1d 81g 160c x3w 3ms | egraph 13g->14v+0snap 3ms | graft 3 (-8n, 0 snap) cpu 0 | f64 20 | gen 0.2s
 213     0     100               0     0.389079847     0.327080849      1.56683663      1.66167084     0.387098088     0.346643588
 213     1      50               0     0.389079847     0.327080849      1.56683663      1.66167084     0.387098088     0.346643588
          wgpu 1d 89g 163c x3w 3ms | egraph 15g->17v+0snap 3ms | graft 2 (-12n, 0 snap) cpu 0 | f64 20 | gen 0.2s
 214     0     100               0     0.389079847     0.327080849      1.56683663      1.66167084     0.387098088     0.346643588
 214     1      50               0     0.389079847     0.327080849      1.56683663      1.66167084     0.387098088     0.346643588
          wgpu 1d 89g 162c x3w 3ms | egraph 18g->16v+0snap 4ms | graft 2 (-4n, 0 snap) cpu 0 | f64 20 | gen 0.2s
 215     0     100               0     0.389079847     0.327080849      1.56683663      1.66167084     0.387098088     0.346643588
 215     1      50               0     0.389079817     0.327080824       1.5668369      1.66167082     0.387098058      0.34664356
          wgpu 1d 71g 159c x3w 5ms | egraph 10g->13v+0snap 3ms | graft 2 (-8n, 0 snap) cpu 0 | f64 20 | gen 0.2s
 216     0     100               0     0.389079847     0.327080849      1.56683663      1.66167084     0.387098088     0.346643588
 216     1      50               0     0.389079847     0.327080849      1.56683663      1.66167084     0.387098088     0.346643588
          wgpu 1d 77g 155c x3w 3ms | egraph 9g->9v+0snap 2ms | graft 2 (-4n, 0 snap) cpu 0 | f64 20 | gen 0.2s
 217     0     100               0     0.389079847     0.327080849      1.56683663      1.66167084     0.387098088     0.346643588
 217     1      50               0     0.389079847     0.327080849      1.56683663      1.66167084     0.387098088     0.346643588
          wgpu 1d 87g 159c x3w 3ms | egraph 24g->13v+0snap 5ms | graft 1 (-2n, 0 snap) cpu 0 | f64 20 | gen 0.2s
 218     0     100               0     0.389079817     0.327080824       1.5668369      1.66167082     0.387098058      0.34664356
 218     1      50               0     0.389079847     0.327080849      1.56683663      1.66167084     0.387098088     0.346643588
          wgpu 1d 86g 166c x3w 3ms | egraph 16g->20v+0snap 4ms | graft 3 (-6n, 0 snap) cpu 0 | f64 20 | gen 0.2s
 219     0     100               0     0.389079847     0.327080849      1.56683663      1.66167084     0.387098088     0.346643588
 219     1      50               0     0.389079847     0.327080849      1.56683663      1.66167084     0.387098088     0.346643588
          wgpu 1d 78g 163c x3w 3ms | egraph 11g->17v+0snap 3ms | graft 3 (-11n, 0 snap) cpu 0 | f64 20 | gen 0.2s
 220     0     100               0     0.389079817     0.327080824       1.5668369      1.66167082     0.387098058      0.34664356
 220     1      50               0     0.389079847     0.327080849      1.56683663      1.66167084     0.387098088     0.346643588
          wgpu 1d 98g 168c x3w 4ms | egraph 19g->22v+0snap 5ms | graft 5 (-22n, 0 snap) cpu 0 | f64 20 | gen 0.2s
--------- pump migration: intra (promote-2 + intake-reset) ---------
 221     0     100               0     0.389079817     0.327080824       1.5668369      1.66167082     0.387098058      0.34664356
 221     1      50               0     0.389079847     0.327080849      1.56683663      1.66167084     0.387098088     0.346643588
          wgpu 2d 257g 293c x3w 6ms | egraph 78g->67v+0snap 20ms | graft 9 (-22n, 0 snap) cpu 0 | f64 30 | gen 0.2s | dropped inexpr 1 oversz 0 unbuild 0 {}
 222     0     100               0     0.389079817     0.327080824       1.5668369      1.66167082     0.387098058      0.34664356
 222     1      50               0     0.389079847     0.327080849      1.56683663      1.66167084     0.387098088     0.346643588
          wgpu 1d 71g 155c x3w 3ms | egraph 12g->9v+0snap 4ms | graft 3 (-7n, 0 snap) cpu 0 | f64 20 | gen 0.1s
 223     0     100               0     0.389079817     0.327080824       1.5668369      1.66167082     0.387098058      0.34664356
 223     1      50               0     0.389079817     0.327080824       1.5668369      1.66167082     0.387098058      0.34664356
          wgpu 1d 84g 161c x3w 3ms | egraph 12g->15v+0snap 3ms | graft 4 (-26n, 0 snap) cpu 0 | f64 20 | gen 0.2s
 224     0     100               0     0.389079817     0.327080824       1.5668369      1.66167082     0.387098058      0.34664356
 224     1      50               0     0.389079817     0.327080824       1.5668369      1.66167082     0.387098058      0.34664356
          wgpu 1d 98g 169c x3w 3ms | egraph 17g->23v+0snap 4ms | graft 4 (-18n, 0 snap) cpu 0 | f64 20 | gen 0.2s
 225     0     100               0     0.389079817     0.327080824       1.5668369      1.66167082     0.387098058      0.34664356
 225     1      50               0     0.389079817     0.327080824       1.5668369      1.66167082     0.387098058      0.34664356
          wgpu 1d 90g 168c x3w 3ms | egraph 14g->22v+0snap 7ms | graft 2 (-14n, 0 snap) cpu 0 | f64 20 | gen 0.2s
 226     0     100               0     0.389079817     0.327080824       1.5668369      1.66167082     0.387098058      0.34664356
 226     1      50               0     0.389079817     0.327080824       1.5668369      1.66167082     0.387098058      0.34664356
          wgpu 1d 102g 180c x3w 3ms | egraph 22g->34v+0snap 5ms | graft 1 (-2n, 0 snap) cpu 0 | f64 20 | gen 0.2s | dropped inexpr 1 oversz 0 unbuild 0 {}
 227     0     100               0     0.389079817     0.327080824       1.5668369      1.66167082     0.387098058      0.34664356
 227     1      50               0     0.389079817     0.327080824       1.5668369      1.66167082     0.387098058      0.34664356
          wgpu 1d 108g 180c x3w 3ms | egraph 21g->34v+0snap 6ms | graft 2 (-5n, 0 snap) cpu 0 | f64 20 | gen 0.2s
 228     0     100               0     0.389079817     0.327080824       1.5668369      1.66167082     0.387098058      0.34664356
 228     1      50               0     0.389079817     0.327080824       1.5668369      1.66167082     0.387098058      0.34664356
          wgpu 1d 99g 175c x3w 3ms | egraph 15g->29v+0snap 4ms | graft 5 (-15n, 0 snap) cpu 0 | f64 20 | gen 0.2s
 229     0     100               0     0.389079817     0.327080824       1.5668369      1.66167082     0.387098058      0.34664356
 229     1      50               0     0.389079817     0.327080824       1.5668369      1.66167082     0.387098058      0.34664356
          wgpu 1d 98g 171c x3w 3ms | egraph 19g->25v+0snap 5ms | graft 3 (-13n, 0 snap) cpu 0 | f64 20 | gen 0.2s
 230     0     100               0     0.389079817     0.327080824       1.5668369      1.66167082     0.387098058      0.34664356
 230     1      50               0     0.389079817     0.327080824       1.5668369      1.66167082     0.387098058      0.34664356
          wgpu 1d 89g 161c x3w 3ms | egraph 14g->15v+0snap 4ms | graft 2 (-4n, 0 snap) cpu 0 | f64 20 | gen 0.2s
--------- pump migration: intra (promote-2 + intake-reset) ---------
 231     0     100               0     0.389079847     0.327080849      1.56683663      1.66167084     0.387098088     0.346643588
 231     1      50               0     0.389079817     0.327080824       1.5668369      1.66167082     0.387098058      0.34664356
          wgpu 2d 263g 301c x3w 6ms | egraph 79g->75v+0snap 19ms | graft 16 (-48n, 0 snap) cpu 0 | f64 30 | gen 0.2s | dropped inexpr 2 oversz 0 unbuild 0 {}
 232     0     100               0     0.389079847     0.327080849      1.56683663      1.66167084     0.387098088     0.346643588
 232     1      50               0     0.389079817     0.327080824       1.5668369      1.66167082     0.387098058      0.34664356
          wgpu 1d 71g 153c x3w 3ms | egraph 4g->7v+0snap 2ms | graft 2 (-6n, 0 snap) cpu 0 | f64 20 | gen 0.1s
 233     0     100               0     0.389079847     0.327080849      1.56683663      1.66167084     0.387098088     0.346643588
 233     1      50               0     0.389079817     0.327080824       1.5668369      1.66167082     0.387098058      0.34664356
          wgpu 1d 87g 165c x3w 3ms | egraph 14g->19v+0snap 5ms | graft 3 (-6n, 0 snap) cpu 0 | f64 20 | gen 0.2s
 234     0     100               0     0.389079847     0.327080849      1.56683663      1.66167084     0.387098088     0.346643588
 234     1      50               0     0.389079817     0.327080824       1.5668369      1.66167082     0.387098058      0.34664356
          wgpu 1d 85g 159c x3w 3ms | egraph 15g->13v+0snap 4ms | graft 1 (-2n, 0 snap) cpu 0 | f64 20 | gen 0.1s
 235     0     100               0     0.389079817     0.327080824       1.5668369      1.66167082     0.387098058      0.34664356
 235     1      50               0     0.389079817     0.327080824       1.5668369      1.66167082     0.387098058      0.34664356
          wgpu 1d 83g 162c x3w 3ms | egraph 11g->16v+0snap 3ms | graft 3 (-6n, 0 snap) cpu 0 | f64 20 | gen 0.1s
 236     0     100               0     0.389079817     0.327080824       1.5668369      1.66167082     0.387098058      0.34664356
 236     1      50               0     0.389079817     0.327080824       1.5668369      1.66167082     0.387098058      0.34664356
          wgpu 1d 71g 156c x3w 8ms | egraph 12g->10v+0snap 3ms | graft 0 (-0n, 0 snap) cpu 0 | f64 20 | gen 0.2s
 237     0     100               0     0.389079817     0.327080824       1.5668369      1.66167082     0.387098058      0.34664356
 237     1      50               0     0.389079817     0.327080824       1.5668369      1.66167082     0.387098058      0.34664356
          wgpu 1d 76g 159c x3w 3ms | egraph 7g->13v+0snap 2ms | graft 1 (-2n, 0 snap) cpu 0 | f64 20 | gen 0.2s
 238     0     100               0     0.389079817     0.327080824       1.5668369      1.66167082     0.387098058      0.34664356
 238     1      50               0     0.389079817     0.327080824       1.5668369      1.66167082     0.387098058      0.34664356
          wgpu 1d 92g 163c x3w 3ms | egraph 13g->17v+0snap 3ms | graft 4 (-14n, 0 snap) cpu 0 | f64 20 | gen 0.2s
 239     0     100               0     0.389079817     0.327080824       1.5668369      1.66167082     0.387098058      0.34664356
 239     1      50               0     0.389079817     0.327080824       1.5668369      1.66167082     0.387098058      0.34664356
          wgpu 1d 77g 154c x3w 3ms | egraph 9g->8v+0snap 3ms | graft 4 (-8n, 0 snap) cpu 0 | f64 20 | gen 0.2s
 240     0     100               0     0.389079817     0.327080824       1.5668369      1.66167082     0.387098058      0.34664356
 240     1      50               0     0.389079847     0.327080849      1.56683663      1.66167084     0.387098088     0.346643588
          wgpu 1d 92g 161c x3w 3ms | egraph 15g->15v+0snap 7ms | graft 0 (-0n, 0 snap) cpu 0 | f64 20 | gen 0.2s
--------- pump migration: intra (promote-2 + intake-reset) + cross ---------
 241     0     100               0     0.389079817     0.327080824       1.5668369      1.66167082     0.387098058      0.34664356
 241     1      50               0     0.389079847     0.327080849      1.56683663      1.66167084     0.387098088     0.346643588
          wgpu 2d 233g 298c x3w 6ms | egraph 75g->72v+0snap 16ms | graft 13 (-36n, 0 snap) cpu 0 | f64 30 | gen 0.2s | dropped inexpr 1 oversz 0 unbuild 0 {}
 242     0     100               0     0.389079817     0.327080824       1.5668369      1.66167082     0.387098058      0.34664356
 242     1      50               0     0.389079847     0.327080849      1.56683663      1.66167084     0.387098088     0.346643588
          wgpu 1d 55g 150c x3w 2ms | egraph 5g->4v+0snap 2ms | graft 1 (-2n, 0 snap) cpu 0 | f64 20 | gen 0.1s
 243     0     100               0     0.389079817     0.327080824       1.5668369      1.66167082     0.387098058      0.34664356
 243     1      50               0     0.389079847     0.327080849      1.56683663      1.66167084     0.387098088     0.346643588
          wgpu 1d 92g 155c x3w 3ms | egraph 11g->9v+0snap 3ms | graft 2 (-4n, 0 snap) cpu 0 | f64 20 | gen 0.2s
 244     0     100               0     0.389079847     0.327080849      1.56683663      1.66167084     0.387098088     0.346643588
 244     1      50               0     0.389079847     0.327080849      1.56683663      1.66167084     0.387098088     0.346643588
          wgpu 1d 89g 164c x3w 3ms | egraph 12g->18v+0snap 4ms | graft 3 (-14n, 0 snap) cpu 0 | f64 20 | gen 0.2s
 245     0     100               0     0.389079847     0.327080849      1.56683663      1.66167084     0.387098088     0.346643588
 245     1      50               0     0.389079847     0.327080849      1.56683663      1.66167084     0.387098088     0.346643588
          wgpu 1d 77g 158c x3w 3ms | egraph 11g->12v+0snap 4ms | graft 2 (-4n, 0 snap) cpu 0 | f64 20 | gen 0.2s
 246     0     100               0     0.389079847     0.327080849      1.56683663      1.66167084     0.387098088     0.346643588
 246     1      50               0     0.389079847     0.327080849      1.56683663      1.66167084     0.387098088     0.346643588
          wgpu 1d 75g 160c x3w 3ms | egraph 6g->14v+0snap 2ms | graft 2 (-6n, 0 snap) cpu 0 | f64 20 | gen 0.2s
 247     0     100               0     0.389079847     0.327080849      1.56683663      1.66167084     0.387098088     0.346643588
 247     1      50               0     0.389079847     0.327080849      1.56683663      1.66167084     0.387098088     0.346643588
          wgpu 1d 83g 162c x3w 3ms | egraph 11g->16v+0snap 3ms | graft 3 (-12n, 0 snap) cpu 0 | f64 20 | gen 0.2s
 248     0     100               0     0.389079847     0.327080849      1.56683663      1.66167084     0.387098088     0.346643588
 248     1      50               0     0.389079817     0.327080824       1.5668369      1.66167082     0.387098058      0.34664356
          wgpu 1d 83g 157c x3w 3ms | egraph 13g->11v+0snap 6ms | graft 2 (-4n, 0 snap) cpu 0 | f64 20 | gen 0.2s | dropped inexpr 1 oversz 0 unbuild 0 {}
 249     0     100               0     0.389079847     0.327080849      1.56683663      1.66167084     0.387098088     0.346643588
 249     1      50               0     0.389079847     0.327080849      1.56683663      1.66167084     0.387098088     0.346643588
          wgpu 1d 77g 162c x3w 3ms | egraph 11g->16v+0snap 10ms | graft 3 (-9n, 0 snap) cpu 0 | f64 20 | gen 0.2s
 250     0     100               0     0.389079817     0.327080824       1.5668369      1.66167082     0.387098058      0.34664356
 250     1      50               0     0.389079847     0.327080849      1.56683663      1.66167084     0.387098088     0.346643588
          wgpu 1d 84g 160c x3w 3ms | egraph 14g->14v+0snap 3ms | graft 0 (-0n, 0 snap) cpu 0 | f64 20 | gen 0.2s
--------- pump migration: intra (promote-2 + intake-reset) ---------
 251     0     100               0     0.389079817     0.327080824       1.5668369      1.66167082     0.387098058      0.34664356
 251     1      50               0     0.389079817     0.327080824       1.5668369      1.66167082     0.387098058      0.34664356
          wgpu 2d 264g 302c x3w 7ms | egraph 78g->76v+0snap 20ms | graft 13 (-69n, 0 snap) cpu 0 | f64 30 | gen 0.1s | dropped inexpr 1 oversz 0 unbuild 0 {}
 252     0     100               0     0.389079817     0.327080824       1.5668369      1.66167082     0.387098058      0.34664356
 252     1      50               0     0.389079817     0.327080824       1.5668369      1.66167082     0.387098058      0.34664356
          wgpu 1d 75g 158c x3w 3ms | egraph 13g->12v+0snap 3ms | graft 1 (-4n, 0 snap) cpu 0 | f64 20 | gen 0.2s
 253     0     100               0     0.389079817     0.327080824       1.5668369      1.66167082     0.387098058      0.34664356
 253     1      50               0     0.389079817     0.327080824       1.5668369      1.66167082     0.387098058      0.34664356
          wgpu 1d 71g 154c x3w 3ms | egraph 13g->8v+0snap 3ms | graft 0 (-0n, 0 snap) cpu 0 | f64 20 | gen 0.1s
 254     0     100               0     0.389079817     0.327080824       1.5668369      1.66167082     0.387098058      0.34664356
 254     1      50               0     0.389079817     0.327080824       1.5668369      1.66167082     0.387098058      0.34664356
          wgpu 1d 77g 160c x3w 3ms | egraph 13g->14v+0snap 3ms | graft 1 (-2n, 0 snap) cpu 0 | f64 20 | gen 0.2s
 255     0     100               0     0.389079817     0.327080824       1.5668369      1.66167082     0.387098058      0.34664356
 255     1      50               0     0.389079817     0.327080824       1.5668369      1.66167082     0.387098058      0.34664356
          wgpu 1d 77g 156c x3w 7ms | egraph 20g->10v+0snap 4ms | graft 2 (-4n, 0 snap) cpu 0 | f64 20 | gen 0.2s
 256     0     100               0     0.389079817     0.327080824       1.5668369      1.66167082     0.387098058      0.34664356
 256     1      50               0     0.389079847     0.327080849      1.56683663      1.66167084     0.387098088     0.346643588
          wgpu 1d 84g 160c x3w 3ms | egraph 20g->14v+0snap 5ms | graft 1 (-2n, 0 snap) cpu 0 | f64 20 | gen 0.2s
 257     0     100               0     0.389079817     0.327080824       1.5668369      1.66167082     0.387098058      0.34664356
 257     1      50               0     0.389079847     0.327080849      1.56683663      1.66167084     0.387098088     0.346643588
          wgpu 1d 80g 160c x3w 3ms | egraph 15g->14v+0snap 4ms | graft 2 (-6n, 0 snap) cpu 0 | f64 20 | gen 0.2s
 258     0     100               0     0.389079817     0.327080824       1.5668369      1.66167082     0.387098058      0.34664356
 258     1      50               0     0.389079817     0.327080824       1.5668369      1.66167082     0.387098058      0.34664356
          wgpu 1d 87g 158c x3w 3ms | egraph 22g->12v+0snap 5ms | graft 1 (-4n, 0 snap) cpu 0 | f64 20 | gen 0.2s
 259     0     100               0     0.389079817     0.327080824       1.5668369      1.66167082     0.387098058      0.34664356
 259     1      50               0     0.389079847     0.327080849      1.56683663      1.66167084     0.387098088     0.346643588
          wgpu 1d 76g 156c x3w 2ms | egraph 16g->10v+0snap 5ms | graft 1 (-4n, 0 snap) cpu 0 | f64 20 | gen 0.2s
 260     0     100               0     0.389079817     0.327080824       1.5668369      1.66167082     0.387098058      0.34664356
 260     1      50               0     0.389079847     0.327080849      1.56683663      1.66167084     0.387098088     0.346643588
          wgpu 1d 81g 158c x3w 3ms | egraph 16g->12v+0snap 4ms | graft 1 (-2n, 0 snap) cpu 0 | f64 20 | gen 0.2s
--------- pump migration: intra (promote-2 + intake-reset) ---------
 261     0     100               0     0.389079817     0.327080824       1.5668369      1.66167082     0.387098058      0.34664356
 261     1      50               0     0.389079817     0.327080824       1.5668369      1.66167082     0.387098058      0.34664356
          wgpu 2d 237g 286c x3w 6ms | egraph 86g->60v+0snap 18ms | graft 12 (-38n, 0 snap) cpu 0 | f64 30 | gen 0.2s | dropped inexpr 1 oversz 0 unbuild 0 {}
 262     0     100               0     0.389079817     0.327080824       1.5668369      1.66167082     0.387098058      0.34664356
 262     1      50               0     0.389079817     0.327080824       1.5668369      1.66167082     0.387098058      0.34664356
          wgpu 1d 88g 159c x3w 3ms | egraph 23g->13v+0snap 4ms | graft 0 (-0n, 0 snap) cpu 0 | f64 20 | gen 0.2s
 263     0     100               0     0.389079817     0.327080824       1.5668369      1.66167082     0.387098058      0.34664356
 263     1      50               0     0.389079847     0.327080849      1.56683663      1.66167084     0.387098088     0.346643588
          wgpu 1d 83g 159c x3w 3ms | egraph 15g->13v+0snap 4ms | graft 2 (-4n, 0 snap) cpu 0 | f64 20 | gen 0.2s
 264     0     100               0     0.389079817     0.327080824       1.5668369      1.66167082     0.387098058      0.34664356
 264     1      50               0     0.389079847     0.327080849      1.56683663      1.66167084     0.387098088     0.346643588
          wgpu 1d 80g 161c x3w 3ms | egraph 21g->15v+0snap 5ms | graft 4 (-8n, 0 snap) cpu 0 | f64 20 | gen 0.2s
 265     0     100               0     0.389079817     0.327080824       1.5668369      1.66167082     0.387098058      0.34664356
 265     1      50               0     0.389079847     0.327080849      1.56683663      1.66167084     0.387098088     0.346643588
          wgpu 1d 76g 154c x3w 3ms | egraph 17g->8v+0snap 3ms | graft 0 (-0n, 0 snap) cpu 0 | f64 20 | gen 0.1s
 266     0     100               0     0.389079817     0.327080824       1.5668369      1.66167082     0.387098058      0.34664356
 266     1      50               0     0.389079847     0.327080849      1.56683663      1.66167084     0.387098088     0.346643588
          wgpu 1d 78g 158c x3w 2ms | egraph 7g->12v+0snap 3ms | graft 1 (-2n, 0 snap) cpu 0 | f64 20 | gen 0.2s
 267     0     100               0     0.389079817     0.327080824       1.5668369      1.66167082     0.387098058      0.34664356
 267     1      50               0     0.389079847     0.327080849      1.56683663      1.66167084     0.387098088     0.346643588
          wgpu 1d 71g 153c x3w 3ms | egraph 18g->7v+0snap 3ms | graft 0 (-0n, 0 snap) cpu 0 | f64 20 | gen 0.2s
 268     0     100               0     0.389079817     0.327080824       1.5668369      1.66167082     0.387098058      0.34664356
 268     1      50               0     0.389079847     0.327080849      1.56683663      1.66167084     0.387098088     0.346643588
          wgpu 1d 64g 154c x3w 3ms | egraph 11g->8v+0snap 3ms | graft 1 (-2n, 0 snap) cpu 0 | f64 20 | gen 0.1s
 269     0     100               0     0.389079817     0.327080824       1.5668369      1.66167082     0.387098058      0.34664356
 269     1      50               0     0.389079847     0.327080849      1.56683663      1.66167084     0.387098088     0.346643588
          wgpu 1d 80g 155c x3w 11ms | egraph 10g->9v+0snap 2ms | graft 2 (-6n, 0 snap) cpu 0 | f64 20 | gen 0.2s
 270     0     100               0     0.389079817     0.327080824       1.5668369      1.66167082     0.387098058      0.34664356
 270     1      50               0     0.389079847     0.327080849      1.56683663      1.66167084     0.387098088     0.346643588
          wgpu 1d 76g 160c x3w 9ms | egraph 15g->14v+0snap 4ms | graft 3 (-7n, 0 snap) cpu 0 | f64 20 | gen 0.2s | dropped inexpr 1 oversz 0 unbuild 0 {}
--------- pump migration: intra (promote-2 + intake-reset) + cross ---------
 271     0     100               0     0.389079817     0.327080824       1.5668369      1.66167082     0.387098058      0.34664356
 271     1      50               0     0.389079847     0.327080849      1.56683663      1.66167084     0.387098088     0.346643588
          wgpu 2d 264g 297c x3w 6ms | egraph 83g->71v+0snap 21ms | graft 12 (-44n, 0 snap) cpu 0 | f64 30 | gen 0.2s | dropped inexpr 1 oversz 0 unbuild 0 {}
 272     0     100               0     0.389079817     0.327080824       1.5668369      1.66167082     0.387098058      0.34664356
 272     1      50               0     0.389079847     0.327080849      1.56683663      1.66167084     0.387098088     0.346643588
          wgpu 1d 77g 155c x3w 3ms | egraph 7g->9v+0snap 2ms | graft 2 (-4n, 0 snap) cpu 0 | f64 20 | gen 0.2s
 273     0     100               0     0.389079817     0.327080824       1.5668369      1.66167082     0.387098058      0.34664356
 273     1      50               0     0.389079847     0.327080849      1.56683663      1.66167084     0.387098088     0.346643588
          wgpu 1d 80g 158c x3w 3ms | egraph 13g->12v+0snap 4ms | graft 2 (-5n, 0 snap) cpu 0 | f64 20 | gen 0.2s
 274     0     100               0     0.389079817     0.327080824       1.5668369      1.66167082     0.387098058      0.34664356
 274     1      50               0     0.389079817     0.327080824       1.5668369      1.66167082     0.387098058      0.34664356
          wgpu 1d 84g 158c x3w 3ms | egraph 8g->12v+0snap 2ms | graft 2 (-4n, 0 snap) cpu 0 | f64 20 | gen 0.2s | dropped inexpr 1 oversz 0 unbuild 0 {}
 275     0     100               0     0.389079817     0.327080824       1.5668369      1.66167082     0.387098058      0.34664356
 275     1      50               0     0.389079817     0.327080824       1.5668369      1.66167082     0.387098058      0.34664356
          wgpu 1d 72g 155c x3w 3ms | egraph 11g->9v+0snap 3ms | graft 1 (-2n, 0 snap) cpu 0 | f64 20 | gen 0.2s
 276     0     100               0     0.389079817     0.327080824       1.5668369      1.66167082     0.387098058      0.34664356
 276     1      50               0     0.389079817     0.327080824       1.5668369      1.66167082     0.387098058      0.34664356
          wgpu 1d 86g 183c x3w 3ms | egraph 14g->37v+0snap 4ms | graft 2 (-4n, 0 snap) cpu 0 | f64 20 | gen 0.2s
 277     0     100               0     0.389079817     0.327080824       1.5668369      1.66167082     0.387098058      0.34664356
 277     1      50               0     0.389079817     0.327080824       1.5668369      1.66167082     0.387098058      0.34664356
          wgpu 1d 81g 184c x3w 3ms | egraph 14g->38v+0snap 4ms | graft 10 (-58n, 0 snap) cpu 0 | f64 20 | gen 0.2s
 278     0     100               0     0.389079817     0.327080824       1.5668369      1.66167082     0.387098058      0.34664356
 278     1      50               0     0.389079817     0.327080824       1.5668369      1.66167082     0.387098058      0.34664356
          wgpu 1d 87g 162c x3w 3ms | egraph 10g->16v+0snap 22ms | graft 2 (-4n, 0 snap) cpu 0 | f64 20 | gen 0.2s
 279     0     100               0      0.38907983     0.327080848      1.56683689      1.66167084     0.387098072     0.346643586
 279     1      50               0     0.389079817     0.327080824       1.5668369      1.66167082     0.387098058      0.34664356
          wgpu 1d 94g 161c x3w 3ms | egraph 14g->15v+0snap 3ms | graft 1 (-2n, 0 snap) cpu 0 | f64 20 | gen 0.2s
 280     0     100               0      0.38907983     0.327080848      1.56683689      1.66167084     0.387098072     0.346643586
 280     1      50               0     0.389079817     0.327080824       1.5668369      1.66167082     0.387098058      0.34664356
          wgpu 1d 65g 151c x3w 5ms | egraph 13g->5v+0snap 3ms | graft 0 (-0n, 0 snap) cpu 0 | f64 20 | gen 0.2s
--------- pump migration: intra (promote-2 + intake-reset) ---------
 281     0     100               0      0.38907983     0.327080848      1.56683689      1.66167084     0.387098072     0.346643586
 281     1      50               0     0.389079817     0.327080824       1.5668369      1.66167082     0.387098058      0.34664356
          wgpu 2d 254g 298c x3w 6ms | egraph 73g->72v+0snap 18ms | graft 8 (-31n, 0 snap) cpu 0 | f64 30 | gen 0.2s
 282     0     100               0      0.38907983     0.327080848      1.56683689      1.66167084     0.387098072     0.346643586
 282     1      50               0     0.389079817     0.327080824       1.5668369      1.66167082     0.387098058      0.34664356
          wgpu 1d 84g 166c x3w 3ms | egraph 12g->20v+0snap 3ms | graft 1 (-3n, 0 snap) cpu 0 | f64 20 | gen 0.2s
 283     0     100               0      0.38907983     0.327080848      1.56683689      1.66167084     0.387098072     0.346643586
 283     1      50               0     0.389079817     0.327080824       1.5668369      1.66167082     0.387098058      0.34664356
          wgpu 1d 84g 159c x3w 3ms | egraph 13g->13v+0snap 3ms | graft 2 (-4n, 0 snap) cpu 0 | f64 20 | gen 0.2s
 284     0     100               0      0.38907983     0.327080848      1.56683689      1.66167084     0.387098072     0.346643586
 284     1      50               0     0.389079847     0.327080849      1.56683663      1.66167084     0.387098088     0.346643588
          wgpu 1d 62g 152c x3w 3ms | egraph 7g->6v+0snap 2ms | graft 0 (-0n, 0 snap) cpu 0 | f64 20 | gen 0.2s
 285     0     100               0      0.38907983     0.327080848      1.56683689      1.66167084     0.387098072     0.346643586
 285     1      50               0     0.389079847     0.327080849      1.56683663      1.66167084     0.387098088     0.346643588
          wgpu 1d 71g 156c x3w 3ms | egraph 10g->10v+0snap 3ms | graft 1 (-2n, 0 snap) cpu 0 | f64 20 | gen 0.1s
 286     0     100               0      0.38907983     0.327080848      1.56683689      1.66167084     0.387098072     0.346643586
 286     1      50               0     0.389079817     0.327080824       1.5668369      1.66167082     0.387098058      0.34664356
          wgpu 1d 65g 152c x3w 3ms | egraph 12g->6v+0snap 3ms | graft 1 (-2n, 0 snap) cpu 0 | f64 20 | gen 0.2s
 287     0     100               0      0.38907983     0.327080848      1.56683689      1.66167084     0.387098072     0.346643586
 287     1      50               0     0.389079847     0.327080849      1.56683663      1.66167084     0.387098088     0.346643588
          wgpu 1d 63g 155c x3w 2ms | egraph 12g->9v+0snap 3ms | graft 2 (-5n, 0 snap) cpu 0 | f64 20 | gen 0.1s
 288     0     100               0      0.38907983     0.327080848      1.56683689      1.66167084     0.387098072     0.346643586
 288     1      50               0     0.389079847     0.327080849      1.56683663      1.66167084     0.387098088     0.346643588
          wgpu 1d 69g 161c x3w 3ms | egraph 13g->15v+0snap 3ms | graft 5 (-12n, 0 snap) cpu 0 | f64 20 | gen 0.2s
 289     0     100               0      0.38907983     0.327080848      1.56683689      1.66167084     0.387098072     0.346643586
 289     1      50               0     0.389079847     0.327080849      1.56683663      1.66167084     0.387098088     0.346643588
          wgpu 1d 82g 159c x3w 3ms | egraph 15g->13v+0snap 3ms | graft 2 (-6n, 0 snap) cpu 0 | f64 20 | gen 0.1s
 290     0     100               0      0.38907983     0.327080848      1.56683689      1.66167084     0.387098072     0.346643586
 290     1      50               0     0.389079847     0.327080849      1.56683663      1.66167084     0.387098088     0.346643588
          wgpu 1d 88g 160c x3w 3ms | egraph 13g->14v+0snap 49ms | graft 4 (-8n, 0 snap) cpu 0 | f64 20 | gen 0.2s | dropped inexpr 1 oversz 0 unbuild 0 {}
--------- pump migration: intra (promote-2 + intake-reset) ---------
 291     0     100               0     0.389079817     0.327080824       1.5668369      1.66167082     0.387098058      0.34664356
 291     1      50               0     0.389079847     0.327080849      1.56683663      1.66167084     0.387098088     0.346643588
          wgpu 2d 265g 305c x3w 6ms | egraph 88g->79v+0snap 18ms | graft 10 (-27n, 0 snap) cpu 0 | f64 30 | gen 0.2s | dropped inexpr 4 oversz 0 unbuild 0 {}
 292     0     100               0     0.389079817     0.327080824       1.5668369      1.66167082     0.387098058      0.34664356
 292     1      50               0     0.389079847     0.327080849      1.56683663      1.66167084     0.387098088     0.346643588
          wgpu 1d 88g 161c x3w 6ms | egraph 14g->15v+0snap 4ms | graft 1 (-2n, 0 snap) cpu 0 | f64 20 | gen 0.2s | dropped inexpr 1 oversz 0 unbuild 0 {}
 293     0     100               0     0.389079817     0.327080824       1.5668369      1.66167082     0.387098058      0.34664356
 293     1      50               0     0.389079847     0.327080849      1.56683663      1.66167084     0.387098088     0.346643588
          wgpu 1d 86g 167c x3w 3ms | egraph 15g->21v+0snap 8ms | graft 3 (-8n, 0 snap) cpu 0 | f64 20 | gen 0.2s
 294     0     100               0     0.389079817     0.327080824       1.5668369      1.66167082     0.387098058      0.34664356
 294     1      50               0     0.389079847     0.327080849      1.56683663      1.66167084     0.387098088     0.346643588
          wgpu 1d 83g 164c x3w 3ms | egraph 22g->18v+0snap 6ms | graft 2 (-26n, 0 snap) cpu 0 | f64 20 | gen 0.2s
 295     0     100               0      0.38907983     0.327080848      1.56683689      1.66167084     0.387098072     0.346643586
 295     1      50               0     0.389079847     0.327080849      1.56683663      1.66167084     0.387098088     0.346643588
          wgpu 1d 79g 162c x3w 3ms | egraph 14g->16v+0snap 4ms | graft 2 (-5n, 0 snap) cpu 0 | f64 20 | gen 0.2s
 296     0     100               0     0.389079817     0.327080824       1.5668369      1.66167082     0.387098058      0.34664356
 296     1      50               0     0.389079847     0.327080849      1.56683663      1.66167084     0.387098088     0.346643588
          wgpu 1d 64g 157c x3w 3ms | egraph 13g->11v+0snap 7ms | graft 1 (-2n, 0 snap) cpu 0 | f64 20 | gen 0.2s
 297     0     100               0      0.38907983     0.327080848      1.56683689      1.66167084     0.387098072     0.346643586
 297     1      50               0     0.389079847     0.327080849      1.56683663      1.66167084     0.387098088     0.346643588
          wgpu 1d 87g 167c x3w 3ms | egraph 17g->21v+0snap 4ms | graft 2 (-6n, 0 snap) cpu 0 | f64 20 | gen 0.1s | dropped inexpr 2 oversz 0 unbuild 0 {}
 298     0     100               0      0.38907983     0.327080848      1.56683689      1.66167084     0.387098072     0.346643586
 298     1      50               0     0.389079847     0.327080849      1.56683663      1.66167084     0.387098088     0.346643588
          wgpu 1d 102g 185c x3w 3ms | egraph 24g->39v+0snap 5ms | graft 4 (-8n, 0 snap) cpu 0 | f64 20 | gen 0.2s
 299     0     100               0      0.38907983     0.327080848      1.56683689      1.66167084     0.387098072     0.346643586
 299     1      50               0     0.389079847     0.327080849      1.56683663      1.66167084     0.387098088     0.346643588
          wgpu 1d 134g 203c x3w 3ms | egraph 37g->57v+0snap 8ms | graft 2 (-8n, 0 snap) cpu 0 | f64 20 | gen 0.2s | dropped inexpr 1 oversz 0 unbuild 0 {}
 300     0     100               0      0.38907983     0.327080848      1.56683689      1.66167084     0.387098072     0.346643586
 300     1      50               0     0.389079847     0.327080849      1.56683663      1.66167084     0.387098088     0.346643588
          wgpu 1d 122g 200c x3w 3ms | egraph 32g->54v+0snap 7ms | graft 6 (-17n, 0 snap) cpu 0 | f64 20 | gen 0.2s | dropped inexpr 1 oversz 0 unbuild 0 {}
--------- pump migration: intra (promote-2 + intake-reset) + cross ---------
 301     0     100               0      0.38907983     0.327080848      1.56683689      1.66167084     0.387098072     0.346643586
 301     1      50               0     0.389079847     0.327080849      1.56683663      1.66167084     0.387098088     0.346643588
          wgpu 2d 296g 345c x3w 7ms | egraph 85g->119v+0snap 26ms | graft 21 (-89n, 0 snap) cpu 0 | f64 30 | gen 0.2s | dropped inexpr 4 oversz 0 unbuild 0 {}
 302     0     100               0      0.38907983     0.327080848      1.56683689      1.66167084     0.387098072     0.346643586
 302     1      50               0     0.389079847     0.327080849      1.56683663      1.66167084     0.387098088     0.346643588
          wgpu 1d 117g 201c x3w 3ms | egraph 27g->55v+0snap 7ms | graft 11 (-27n, 0 snap) cpu 0 | f64 20 | gen 0.3s
 303     0     100               0      0.38907983     0.327080848      1.56683689      1.66167084     0.387098072     0.346643586
 303     1      50               0     0.389079847     0.327080849      1.56683663      1.66167084     0.387098088     0.346643588
          wgpu 1d 86g 164c x3w 3ms | egraph 23g->18v+0snap 5ms | graft 1 (-3n, 0 snap) cpu 0 | f64 20 | gen 0.2s | dropped inexpr 1 oversz 0 unbuild 0 {}
 304     0     100               0      0.38907983     0.327080848      1.56683689      1.66167084     0.387098072     0.346643586
 304     1      50               0     0.389079847     0.327080849      1.56683663      1.66167084     0.387098088     0.346643588
          wgpu 1d 80g 157c x3w 3ms | egraph 22g->11v+0snap 5ms | graft 0 (-0n, 0 snap) cpu 0 | f64 20 | gen 0.1s
 305     0     100               0      0.38907983     0.327080848      1.56683689      1.66167084     0.387098072     0.346643586
 305     1      50               0     0.389079847     0.327080849      1.56683663      1.66167084     0.387098088     0.346643588
          wgpu 1d 86g 174c x3w 3ms | egraph 16g->28v+0snap 5ms | graft 3 (-10n, 0 snap) cpu 0 | f64 20 | gen 0.2s
 306     0     100               0      0.38907983     0.327080848      1.56683689      1.66167084     0.387098072     0.346643586
 306     1      50               0     0.389079847     0.327080849      1.56683663      1.66167084     0.387098088     0.346643588
          wgpu 1d 94g 162c x3w 3ms | egraph 20g->16v+0snap 5ms | graft 5 (-14n, 0 snap) cpu 0 | f64 20 | gen 0.2s
 307     0     100               0      0.38907983     0.327080848      1.56683689      1.66167084     0.387098072     0.346643586
 307     1      50               0     0.389079847     0.327080849      1.56683663      1.66167084     0.387098088     0.346643588
          wgpu 1d 113g 179c x3w 7ms | egraph 24g->33v+0snap 6ms | graft 7 (-21n, 0 snap) cpu 0 | f64 20 | gen 0.2s
 308     0     100               0      0.38907983     0.327080848      1.56683689      1.66167084     0.387098072     0.346643586
 308     1      50               0     0.389079847     0.327080849      1.56683663      1.66167084     0.387098088     0.346643588
          wgpu 1d 99g 178c x3w 3ms | egraph 18g->32v+0snap 4ms | graft 4 (-10n, 0 snap) cpu 0 | f64 20 | gen 0.2s
 309     0     100               0      0.38907983     0.327080848      1.56683689      1.66167084     0.387098072     0.346643586
 309     1      50               0     0.389079847     0.327080849      1.56683663      1.66167084     0.387098088     0.346643588
          wgpu 1d 117g 195c x3w 3ms | egraph 35g->49v+0snap 11ms | graft 13 (-44n, 0 snap) cpu 0 | f64 20 | gen 0.2s
 310     0     100               0      0.38907983     0.327080848      1.56683689      1.66167084     0.387098072     0.346643586
 310     1      50               0     0.389079847     0.327080849      1.56683663      1.66167084     0.387098088     0.346643588
          wgpu 1d 123g 189c x3w 3ms | egraph 23g->43v+0snap 6ms | graft 5 (-25n, 0 snap) cpu 0 | f64 20 | gen 0.2s
--------- pump migration: intra (promote-2 + intake-reset) ---------
 311     0     100               0      0.38907983     0.327080848      1.56683689      1.66167084     0.387098072     0.346643586
 311     1      50               0     0.389079847     0.327080849      1.56683663      1.66167084     0.387098088     0.346643588
          wgpu 2d 282g 328c x3w 7ms | egraph 91g->102v+0snap 27ms | graft 17 (-89n, 0 snap) cpu 0 | f64 30 | gen 0.2s | dropped inexpr 3 oversz 0 unbuild 0 {}
 312     0     100               0      0.38907983     0.327080848      1.56683689      1.66167084     0.387098072     0.346643586
 312     1      50               0     0.389079847     0.327080849      1.56683663      1.66167084     0.387098088     0.346643588
          wgpu 1d 105g 179c x3w 3ms | egraph 15g->33v+0snap 4ms | graft 5 (-17n, 0 snap) cpu 0 | f64 20 | gen 0.2s
 313     0     100               0      0.38907983     0.327080848      1.56683689      1.66167084     0.387098072     0.346643586
 313     1      50               0     0.389079847     0.327080849      1.56683663      1.66167084     0.387098088     0.346643588
          wgpu 1d 109g 174c x3w 3ms | egraph 30g->28v+0snap 6ms | graft 5 (-14n, 0 snap) cpu 0 | f64 20 | gen 0.2s
 314     0     100               0      0.38907983     0.327080848      1.56683689      1.66167084     0.387098072     0.346643586
 314     1      50               0     0.231760472     0.211057086      1.51451407       1.3597924     0.230580012     0.223680432
          wgpu 1d 103g 171c x3w 3ms | egraph 30g->25v+0snap 7ms | graft 4 (-10n, 0 snap) cpu 0 | f64 20 | gen 0.2s
 315     0     100               0      0.38907983     0.327080848      1.56683689      1.66167084     0.387098072     0.346643586
 315     1      50               0     0.231760472     0.211057086      1.51451407       1.3597924     0.230580012     0.223680432
          wgpu 1d 129g 187c x3w 13ms | egraph 28g->41v+0snap 7ms | graft 8 (-42n, 0 snap) cpu 0 | f64 20 | gen 0.2s
 316     0     100               0      0.38907983     0.327080848      1.56683689      1.66167084     0.387098072     0.346643586
 316     1      50               0     0.231760472     0.211057086      1.51451407       1.3597924     0.230580012     0.223680432
          wgpu 1d 126g 184c x3w 3ms | egraph 39g->38v+0snap 8ms | graft 8 (-31n, 0 snap) cpu 0 | f64 20 | gen 0.2s
 317     0     100               0      0.38907983     0.327080848      1.56683689      1.66167084     0.387098072     0.346643586
 317     1      50               0     0.231760472     0.211057086      1.51451407       1.3597924     0.230580012     0.223680432
          wgpu 1d 128g 187c x3w 3ms | egraph 34g->41v+0snap 9ms | graft 10 (-44n, 0 snap) cpu 0 | f64 20 | gen 0.3s
 318     0     100               0      0.38907983     0.327080848      1.56683689      1.66167084     0.387098072     0.346643586
 318     1      50               0     0.231760472     0.211057086      1.51451407       1.3597924     0.230580012     0.223680432
          wgpu 1d 132g 188c x3w 3ms | egraph 38g->42v+0snap 8ms | graft 8 (-30n, 0 snap) cpu 0 | f64 20 | gen 0.2s
 319     0     100               0      0.38907983     0.327080848      1.56683689      1.66167084     0.387098072     0.346643586
 319     1      50               0     0.231760472     0.211057086      1.51451407       1.3597924     0.230580012     0.223680432
          wgpu 1d 137g 196c x3w 13ms | egraph 33g->50v+0snap 8ms | graft 9 (-45n, 0 snap) cpu 0 | f64 20 | gen 0.2s
 320     0     100               0      0.38907983     0.327080848      1.56683689      1.66167084     0.387098072     0.346643586
 320     1      50               0     0.231760472     0.211057086      1.51451407       1.3597924     0.230580012     0.223680432
          wgpu 1d 133g 198c x3w 3ms | egraph 37g->52v+0snap 9ms | graft 5 (-24n, 0 snap) cpu 0 | f64 20 | gen 0.2s | dropped inexpr 2 oversz 0 unbuild 0 {}
--------- pump migration: intra (promote-2 + intake-reset) ---------
 321     0     100               0      0.38907983     0.327080848      1.56683689      1.66167084     0.387098072     0.346643586
 321     1      50               0      0.38907983     0.327080848      1.56683689      1.66167084     0.387098072     0.346643586
          wgpu 2d 290g 307c x3w 7ms | egraph 92g->81v+0snap 25ms | graft 15 (-84n, 0 snap) cpu 0 | f64 30 | gen 0.2s | dropped inexpr 2 oversz 0 unbuild 0 {}
 322     0     100               0      0.38907983     0.327080848      1.56683689      1.66167084     0.387098072     0.346643586
 322     1      50               0      0.38907983     0.327080848      1.56683689      1.66167084     0.387098072     0.346643586
          wgpu 1d 112g 173c x3w 3ms | egraph 28g->27v+0snap 6ms | graft 4 (-8n, 0 snap) cpu 0 | f64 20 | gen 0.2s
 323     0     100               0      0.38907983     0.327080848      1.56683689      1.66167084     0.387098072     0.346643586
 323     1      50               0      0.38907983     0.327080848      1.56683689      1.66167084     0.387098072     0.346643586
          wgpu 1d 100g 178c x3w 3ms | egraph 28g->32v+0snap 6ms | graft 8 (-25n, 0 snap) cpu 0 | f64 20 | gen 0.2s
 324     0     100               0      0.38907983     0.327080848      1.56683689      1.66167084     0.387098072     0.346643586
 324     1      50               0      0.38907983     0.327080848      1.56683689      1.66167084     0.387098072     0.346643586
          wgpu 1d 98g 169c x3w 3ms | egraph 17g->23v+0snap 4ms | graft 7 (-16n, 0 snap) cpu 0 | f64 20 | gen 0.2s
 325     0     100               0      0.38907983     0.327080848      1.56683689      1.66167084     0.387098072     0.346643586
 325     1      50               0      0.38907983     0.327080848      1.56683689      1.66167084     0.387098072     0.346643586
          wgpu 1d 105g 173c x3w 3ms | egraph 20g->27v+0snap 5ms | graft 5 (-20n, 0 snap) cpu 0 | f64 20 | gen 0.2s
 326     0     100               0      0.38907983     0.327080848      1.56683689      1.66167084     0.387098072     0.346643586
 326     1      50               0      0.38907983     0.327080848      1.56683689      1.66167084     0.387098072     0.346643586
          wgpu 1d 123g 181c x3w 3ms | egraph 30g->35v+0snap 11ms | graft 2 (-5n, 0 snap) cpu 0 | f64 20 | gen 0.2s
 327     0     100               0      0.38907983     0.327080848      1.56683689      1.66167084     0.387098072     0.346643586
 327     1      50               0      0.38907983     0.327080848      1.56683689      1.66167084     0.387098072     0.346643586
          wgpu 1d 95g 177c x3w 5ms | egraph 15g->31v+0snap 4ms | graft 4 (-9n, 0 snap) cpu 0 | f64 20 | gen 0.2s
 328     0     100               0      0.38907983     0.327080848      1.56683689      1.66167084     0.387098072     0.346643586
 328     1      50               0      0.38907983     0.327080848      1.56683689      1.66167084     0.387098072     0.346643586
          wgpu 1d 108g 182c x3w 3ms | egraph 18g->36v+0snap 4ms | graft 2 (-6n, 0 snap) cpu 0 | f64 20 | gen 0.1s
 329     0     100               0      0.38907983     0.327080848      1.56683689      1.66167084     0.387098072     0.346643586
 329     1      50               0     0.389079817     0.327080824       1.5668369      1.66167082     0.387098058      0.34664356
          wgpu 1d 108g 174c x3w 3ms | egraph 24g->28v+0snap 11ms | graft 4 (-12n, 0 snap) cpu 0 | f64 20 | gen 0.2s
 330     0     100               0      0.38907983     0.327080848      1.56683689      1.66167084     0.387098072     0.346643586
 330     1      50               0     0.389079817     0.327080824       1.5668369      1.66167082     0.387098058      0.34664356
          wgpu 1d 80g 171c x3w 3ms | egraph 15g->25v+0snap 4ms | graft 3 (-6n, 0 snap) cpu 0 | f64 20 | gen 0.2s
--------- pump migration: intra (promote-2 + intake-reset) + cross ---------
 331     0     100               0      0.38907983     0.327080848      1.56683689      1.66167084     0.387098072     0.346643586
 331     1      50               0     0.389079817     0.327080824       1.5668369      1.66167082     0.387098058      0.34664356
          wgpu 2d 309g 350c x3w 11ms | egraph 95g->124v+0snap 34ms | graft 21 (-153n, 0 snap) cpu 0 | f64 30 | gen 0.4s | dropped inexpr 2 oversz 0 unbuild 0 {}
 332     0     100               0    0.0405030698    0.0427931504     0.710380709     0.119457409    0.0402967694     0.045352613
 332     1      50               0     0.389079817     0.327080824       1.5668369      1.66167082     0.387098058      0.34664356
          wgpu 1d 93g 226c x3w 3ms | egraph 12g->80v+0snap 4ms | graft 6 (-16n, 0 snap) cpu 0 | f64 20 | gen 0.1s
 333     0     100               0    0.0405030698    0.0427931504     0.710380709     0.119457409    0.0402967694     0.045352613
 333     1      50               0      0.38907983     0.327080848      1.56683689      1.66167084     0.387098072     0.346643586
          wgpu 1d 130g 233c x3w 4ms | egraph 27g->87v+0snap 6ms | graft 5 (-17n, 0 snap) cpu 0 | f64 20 | gen 0.1s
 334     0     100               0      0.38907983     0.327080848      1.56683689      1.66167084     0.387098072     0.346643586
 334     1      50               0      0.38907983     0.327080848      1.56683689      1.66167084     0.387098072     0.346643586
          wgpu 1d 105g 207c x3w 19ms | egraph 15g->61v+0snap 4ms | graft 4 (-9n, 0 snap) cpu 0 | f64 20 | gen 0.1s
 335     0     100               0      0.38907983     0.327080848      1.56683689      1.66167084     0.387098072     0.346643586
 335     1      50               0      0.38907983     0.327080848      1.56683689      1.66167084     0.387098072     0.346643586
          wgpu 1d 105g 224c x3w 12ms | egraph 21g->78v+0snap 4ms | graft 6 (-16n, 0 snap) cpu 0 | f64 20 | gen 0.2s
 336     0     100               0      0.38907983     0.327080848      1.56683689      1.66167084     0.387098072     0.346643586
 336     1      50               0      0.38907983     0.327080848      1.56683689      1.66167084     0.387098072     0.346643586
          wgpu 1d 104g 197c x3w 3ms | egraph 16g->51v+0snap 4ms | graft 5 (-16n, 0 snap) cpu 0 | f64 20 | gen 0.2s
 337     0     100               0      0.38907983     0.327080848      1.56683689      1.66167084     0.387098072     0.346643586
 337     1      50               0      0.38907983     0.327080848      1.56683689      1.66167084     0.387098072     0.346643586
          wgpu 1d 89g 167c x3w 3ms | egraph 14g->21v+0snap 3ms | graft 2 (-7n, 0 snap) cpu 0 | f64 20 | gen 0.2s
 338     0     100               0      0.38907983     0.327080848      1.56683689      1.66167084     0.387098072     0.346643586
 338     1      50               0      0.38907983     0.327080848      1.56683689      1.66167084     0.387098072     0.346643586
          wgpu 1d 111g 179c x3w 3ms | egraph 22g->33v+0snap 5ms | graft 6 (-16n, 0 snap) cpu 0 | f64 20 | gen 0.2s
 339     0     100               0      0.38907983     0.327080848      1.56683689      1.66167084     0.387098072     0.346643586
 339     1      50               0     0.389079817     0.327080824       1.5668369      1.66167082     0.387098058      0.34664356
          wgpu 1d 98g 178c x3w 3ms | egraph 20g->32v+0snap 38ms | graft 8 (-37n, 0 snap) cpu 0 | f64 20 | gen 0.2s
 340     0     100               0      0.38907983     0.327080848      1.56683689      1.66167084     0.387098072     0.346643586
 340     1      50               0     0.389079817     0.327080824       1.5668369      1.66167082     0.387098058      0.34664356
          wgpu 1d 106g 172c x3w 3ms | egraph 21g->26v+0snap 5ms | graft 4 (-9n, 0 snap) cpu 0 | f64 20 | gen 0.2s
--------- pump migration: intra (promote-2 + intake-reset) ---------
 341     0     100               0      0.38907983     0.327080848      1.56683689      1.66167084     0.387098072     0.346643586
 341     1      50               0      0.38907983     0.327080848      1.56683689      1.66167084     0.387098072     0.346643586
          wgpu 2d 263g 303c x3w 6ms | egraph 76g->77v+0snap 21ms | graft 13 (-56n, 0 snap) cpu 0 | f64 30 | gen 0.1s | dropped inexpr 3 oversz 0 unbuild 0 {}
 342     0     100               0      0.38907983     0.327080848      1.56683689      1.66167084     0.387098072     0.346643586
 342     1      50               0      0.38907983     0.327080848      1.56683689      1.66167084     0.387098072     0.346643586
          wgpu 1d 102g 176c x3w 3ms | egraph 16g->30v+0snap 10ms | graft 3 (-13n, 0 snap) cpu 0 | f64 20 | gen 0.4s
 343     0     100               0      0.38907983     0.327080848      1.56683689      1.66167084     0.387098072     0.346643586
 343     1      50               0      0.38907983     0.327080848      1.56683689      1.66167084     0.387098072     0.346643586
          wgpu 1d 103g 178c x3w 3ms | egraph 17g->32v+0snap 5ms | graft 1 (-2n, 0 snap) cpu 0 | f64 20 | gen 0.2s
 344     0     100               0      0.38907983     0.327080848      1.56683689      1.66167084     0.387098072     0.346643586
 344     1      50               0     0.389079817     0.327080824       1.5668369      1.66167082     0.387098058      0.34664356
          wgpu 1d 105g 182c x3w 3ms | egraph 26g->36v+0snap 8ms | graft 8 (-25n, 0 snap) cpu 0 | f64 20 | gen 0.2s
 345     0     100               0      0.38907983     0.327080848      1.56683689      1.66167084     0.387098072     0.346643586
 345     1      50               0      0.38907983     0.327080848      1.56683689      1.66167084     0.387098072     0.346643586
          wgpu 1d 93g 165c x3w 3ms | egraph 26g->19v+0snap 5ms | graft 3 (-8n, 0 snap) cpu 0 | f64 20 | gen 0.2s
 346     0     100               0      0.38907983     0.327080848      1.56683689      1.66167084     0.387098072     0.346643586
 346     1      50               0      0.38907983     0.327080848      1.56683689      1.66167084     0.387098072     0.346643586
          wgpu 1d 114g 188c x3w 9ms | egraph 22g->42v+0snap 7ms | graft 8 (-21n, 0 snap) cpu 0 | f64 20 | gen 0.2s
 347     0     100               0      0.38907983     0.327080848      1.56683689      1.66167084     0.387098072     0.346643586
 347     1      50               0      0.38907983     0.327080848      1.56683689      1.66167084     0.387098072     0.346643586
          wgpu 1d 109g 178c x3w 3ms | egraph 27g->32v+0snap 10ms | graft 4 (-14n, 0 snap) cpu 0 | f64 20 | gen 0.2s
 348     0     100               0      0.38907983     0.327080848      1.56683689      1.66167084     0.387098072     0.346643586
 348     1      50               0     0.389079817     0.327080824       1.5668369      1.66167082     0.387098058      0.34664356
          wgpu 1d 105g 176c x3w 3ms | egraph 27g->30v+0snap 6ms | graft 5 (-25n, 0 snap) cpu 0 | f64 20 | gen 0.2s | dropped inexpr 1 oversz 0 unbuild 0 {}
 349     0     100               0      0.38907983     0.327080848      1.56683689      1.66167084     0.387098072     0.346643586
 349     1      50               0      0.38907983     0.327080848      1.56683689      1.66167084     0.387098072     0.346643586
          wgpu 1d 109g 175c x3w 3ms | egraph 27g->29v+0snap 6ms | graft 6 (-17n, 0 snap) cpu 0 | f64 20 | gen 0.2s
 350     0     100               0      0.38907983     0.327080848      1.56683689      1.66167084     0.387098072     0.346643586
 350     1      50               0     0.389079817     0.327080824       1.5668369      1.66167082     0.387098058      0.34664356
          wgpu 1d 116g 185c x3w 3ms | egraph 28g->39v+0snap 7ms | graft 6 (-20n, 0 snap) cpu 0 | f64 20 | gen 0.2s
--------- pump migration: intra (promote-2 + intake-reset) ---------
 351     0     100               0      0.38907983     0.327080848      1.56683689      1.66167084     0.387098072     0.346643586
 351     1      50               0      0.38907983     0.327080848      1.56683689      1.66167084     0.387098072     0.346643586
          wgpu 2d 328g 348c x3w 8ms | egraph 110g->122v+0snap 25ms | graft 19 (-100n, 0 snap) cpu 0 | f64 30 | gen 0.2s | dropped inexpr 2 oversz 0 unbuild 0 {}
 352     0     100               0      0.38907983     0.327080848      1.56683689      1.66167084     0.387098072     0.346643586
 352     1      50               0     0.389079817     0.327080824       1.5668369      1.66167082     0.387098058      0.34664356
          wgpu 1d 135g 188c x3w 3ms | egraph 36g->42v+0snap 8ms | graft 6 (-25n, 0 snap) cpu 0 | f64 20 | gen 0.2s
 353     0     100               0      0.38907983     0.327080848      1.56683689      1.66167084     0.387098072     0.346643586
 353     1      50               0     0.389079817     0.327080824       1.5668369      1.66167082     0.387098058      0.34664356
          wgpu 1d 121g 189c x3w 3ms | egraph 34g->43v+0snap 11ms | graft 5 (-16n, 0 snap) cpu 0 | f64 20 | gen 0.2s
 354     0     100               0      0.38907983     0.327080848      1.56683689      1.66167084     0.387098072     0.346643586
 354     1      50               0     0.389079817     0.327080824       1.5668369      1.66167082     0.387098058      0.34664356
          wgpu 1d 97g 172c x3w 3ms | egraph 24g->26v+0snap 5ms | graft 6 (-16n, 0 snap) cpu 0 | f64 20 | gen 0.2s
 355     0     100               0      0.38907983     0.327080848      1.56683689      1.66167084     0.387098072     0.346643586
 355     1      50               0     0.389079817     0.327080824       1.5668369      1.66167082     0.387098058      0.34664356
          wgpu 1d 99g 178c x3w 3ms | egraph 17g->32v+0snap 6ms | graft 4 (-10n, 0 snap) cpu 0 | f64 20 | gen 0.2s
 356     0     100               0    0.0404248611    0.0431977872     0.616853324      0.11540017    0.0402189591    0.0457814512
 356     1      50               0     0.389079817     0.327080824       1.5668369      1.66167082     0.387098058      0.34664356
          wgpu 1d 110g 185c x3w 3ms | egraph 21g->39v+0snap 7ms | graft 2 (-6n, 0 snap) cpu 0 | f64 20 | gen 0.2s
 357     0     100               0    0.0404248611    0.0431977872     0.616853324      0.11540017    0.0402189591    0.0457814512
 357     1      50               0     0.389079817     0.327080824       1.5668369      1.66167082     0.387098058      0.34664356
          wgpu 1d 145g 203c x3w 4ms | egraph 45g->57v+0snap 11ms | graft 11 (-41n, 0 snap) cpu 0 | f64 20 | gen 0.4s
 358     0     100               0    0.0404248611    0.0431977872     0.616853324      0.11540017    0.0402189591    0.0457814512
 358     1      50               0     0.389079817     0.327080824       1.5668369      1.66167082     0.387098058      0.34664356
          wgpu 1d 167g 202c x3w 4ms | egraph 52g->56v+0snap 12ms | graft 9 (-31n, 0 snap) cpu 0 | f64 20 | gen 0.4s
 359     0     100               0    0.0404248611    0.0431977872     0.616853324      0.11540017    0.0402189591    0.0457814512
 359     1      50               0     0.389079817     0.327080824       1.5668369      1.66167082     0.387098058      0.34664356
          wgpu 1d 176g 216c x3w 4ms | egraph 52g->70v+0snap 10ms | graft 8 (-27n, 0 snap) cpu 0 | f64 20 | gen 0.2s
 360     0     100               0    0.0404248611    0.0431977872     0.616853324      0.11540017    0.0402189591    0.0457814512
 360     1      50               0      0.38907983     0.327080848      1.56683689      1.66167084     0.387098072     0.346643586
          wgpu 1d 140g 194c x3w 3ms | egraph 34g->48v+0snap 11ms | graft 4 (-14n, 0 snap) cpu 0 | f64 20 | gen 0.2s
--------- pump migration: intra (promote-2 + intake-reset) + cross ---------
 361     0     100               0    0.0404248611    0.0431977872     0.616853324      0.11540017    0.0402189591    0.0457814512
 361     1      50               0      0.38907983     0.327080848      1.56683689      1.66167084     0.387098072     0.346643586
          wgpu 2d 367g 374c x3w 7ms | egraph 107g->148v+0snap 26ms | graft 25 (-100n, 0 snap) cpu 0 | f64 30 | gen 0.2s | dropped inexpr 4 oversz 0 unbuild 0 {}
 362     0     100               0    0.0404248611    0.0431977872     0.616853324      0.11540017    0.0402189591    0.0457814512
 362     1      50               0      0.38907983     0.327080848      1.56683689      1.66167084     0.387098072     0.346643586
          wgpu 1d 180g 211c x3w 4ms | egraph 47g->65v+0snap 10ms | graft 5 (-23n, 0 snap) cpu 0 | f64 20 | gen 0.2s
 363     0     100               0    0.0404248611    0.0431977872     0.616853324      0.11540017    0.0402189591    0.0457814512
 363     1      50               0      0.38907983     0.327080848      1.56683689      1.66167084     0.387098072     0.346643586
          wgpu 1d 164g 198c x3w 4ms | egraph 42g->52v+0snap 9ms | graft 3 (-7n, 0 snap) cpu 0 | f64 20 | gen 0.2s
 364     0     100               0    0.0404248611    0.0431977872     0.616853324      0.11540017    0.0402189591    0.0457814512
 364     1      50               0      0.38907983     0.327080848      1.56683689      1.66167084     0.387098072     0.346643586
          wgpu 1d 167g 201c x3w 4ms | egraph 45g->55v+0snap 10ms | graft 9 (-29n, 0 snap) cpu 0 | f64 20 | gen 0.2s
 365     0     100               0    0.0404248611    0.0431977872     0.616853324      0.11540017    0.0402189591    0.0457814512
 365     1      50               0      0.38907983     0.327080848      1.56683689      1.66167084     0.387098072     0.346643586
          wgpu 1d 173g 202c x3w 4ms | egraph 46g->56v+0snap 10ms | graft 7 (-24n, 0 snap) cpu 0 | f64 20 | gen 0.2s
 366     0     100               0    0.0404248611    0.0431977872     0.616853324      0.11540017    0.0402189591    0.0457814512
 366     1      50               0      0.38907983     0.327080848      1.56683689      1.66167084     0.387098072     0.346643586
          wgpu 1d 181g 213c x3w 4ms | egraph 46g->67v+0snap 10ms | graft 6 (-24n, 0 snap) cpu 0 | f64 20 | gen 0.2s | dropped inexpr 1 oversz 0 unbuild 0 {}
 367     0     100               0    0.0404248611    0.0431977872     0.616853324      0.11540017    0.0402189591    0.0457814512
 367     1      50               0      0.38907983     0.327080848      1.56683689      1.66167084     0.387098072     0.346643586
          wgpu 1d 168g 209c x3w 4ms | egraph 35g->63v+0snap 9ms | graft 8 (-21n, 0 snap) cpu 0 | f64 20 | gen 0.2s
 368     0     100               0    0.0404248611    0.0431977872     0.616853324      0.11540017    0.0402189591    0.0457814512
 368     1      50               0      0.38907983     0.327080848      1.56683689      1.66167084     0.387098072     0.346643586
          wgpu 1d 184g 221c x3w 4ms | egraph 39g->75v+0snap 9ms | graft 13 (-38n, 0 snap) cpu 0 | f64 20 | gen 0.2s
 369     0     100               0    0.0404248611    0.0431977872     0.616853324      0.11540017    0.0402189591    0.0457814512
 369     1      50               0      0.38907983     0.327080848      1.56683689      1.66167084     0.387098072     0.346643586
          wgpu 1d 171g 224c x3w 4ms | egraph 29g->78v+0snap 8ms | graft 11 (-42n, 0 snap) cpu 0 | f64 20 | gen 0.2s
 370     0     100               0    0.0404248611    0.0431977872     0.616853324      0.11540017    0.0402189591    0.0457814512
 370     1      50               0    0.0430440403    0.0454341947     0.610450278     0.120347924    0.0428247976    0.0481516184
          wgpu 1d 175g 208c x3w 4ms | egraph 40g->62v+0snap 9ms | graft 6 (-20n, 0 snap) cpu 0 | f64 20 | gen 0.2s
--------- pump migration: intra (promote-2 + intake-reset) ---------
 371     0     100               0    0.0404248611    0.0431977872     0.616853324      0.11540017    0.0402189591    0.0457814512
 371     1      50               0    0.0404248611    0.0431977872     0.616853324      0.11540017    0.0402189591    0.0457814512
          wgpu 2d 404g 387c x3w 8ms | egraph 123g->161v+0snap 31ms | graft 27 (-112n, 0 snap) cpu 0 | f64 30 | gen 0.2s | dropped inexpr 4 oversz 0 unbuild 0 {}
 372     0     100               0    0.0404248611    0.0431977872     0.616853324      0.11540017    0.0402189591    0.0457814512
 372     1      50               0    0.0404248611    0.0431977872     0.616853324      0.11540017    0.0402189591    0.0457814512
          wgpu 1d 203g 234c x3w 5ms | egraph 43g->88v+0snap 12ms | graft 8 (-37n, 0 snap) cpu 0 | f64 20 | gen 0.2s
 373     0     100               0    0.0404248611    0.0431977872     0.616853324      0.11540017    0.0402189591    0.0457814512
 373     1      50               0    0.0404248611    0.0431977872     0.616853324      0.11540017    0.0402189591    0.0457814512
          wgpu 1d 193g 223c x3w 4ms | egraph 45g->77v+0snap 10ms | graft 14 (-39n, 0 snap) cpu 0 | f64 20 | gen 0.2s | dropped inexpr 1 oversz 0 unbuild 0 {}
 374     0     100               0    0.0404248611    0.0431977872     0.616853324      0.11540017    0.0402189591    0.0457814512
 374     1      50               0    0.0404248611    0.0431977872     0.616853324      0.11540017    0.0402189591    0.0457814512
          wgpu 1d 204g 233c x3w 4ms | egraph 49g->87v+0snap 11ms | graft 8 (-25n, 0 snap) cpu 0 | f64 20 | gen 0.2s
 375     0     100               0    0.0404248611    0.0431977872     0.616853324      0.11540017    0.0402189591    0.0457814512
 375     1      50               0    0.0404248611    0.0431977872     0.616853324      0.11540017    0.0402189591    0.0457814512
          wgpu 1d 169g 207c x3w 4ms | egraph 48g->61v+0snap 11ms | graft 8 (-27n, 0 snap) cpu 0 | f64 20 | gen 0.2s
 376     0     100               0    0.0404248611    0.0431977872     0.616853324      0.11540017    0.0402189591    0.0457814512
 376     1      50               0    0.0404248611    0.0431977872     0.616853324      0.11540017    0.0402189591    0.0457814512
          wgpu 1d 195g 217c x3w 4ms | egraph 44g->71v+0snap 9ms | graft 8 (-37n, 0 snap) cpu 0 | f64 20 | gen 0.2s
 377     0     100               0    0.0404248611    0.0431977872     0.616853324      0.11540017    0.0402189591    0.0457814512
 377     1      50               0    0.0404248611    0.0431977872     0.616853324      0.11540017    0.0402189591    0.0457814512
          wgpu 1d 213g 231c x3w 4ms | egraph 54g->85v+0snap 14ms | graft 11 (-47n, 0 snap) cpu 0 | f64 20 | gen 0.3s
 378     0     100               0    0.0404248611    0.0431977872     0.616853324      0.11540017    0.0402189591    0.0457814512
 378     1      50               0    0.0404248611    0.0431977872     0.616853324      0.11540017    0.0402189591    0.0457814512
          wgpu 1d 221g 234c x3w 4ms | egraph 34g->88v+0snap 9ms | graft 10 (-43n, 0 snap) cpu 0 | f64 20 | gen 0.3s | dropped inexpr 1 oversz 0 unbuild 0 {}
 379     0     100               0    0.0404248611    0.0431977872     0.616853324      0.11540017    0.0402189591    0.0457814512
 379     1      50               0    0.0404248611    0.0431977872     0.616853324      0.11540017    0.0402189591    0.0457814512
          wgpu 1d 211g 226c x3w 4ms | egraph 48g->80v+0snap 10ms | graft 13 (-43n, 0 snap) cpu 0 | f64 20 | gen 0.2s | dropped inexpr 1 oversz 0 unbuild 0 {}
 380     0     100               0    0.0404248611    0.0431977872     0.616853324      0.11540017    0.0402189591    0.0457814512
 380     1      50               0    0.0404248611    0.0431977872     0.616853324      0.11540017    0.0402189591    0.0457814512
          wgpu 1d 223g 248c x3w 4ms | egraph 49g->102v+0snap 12ms | graft 8 (-47n, 0 snap) cpu 0 | f64 20 | gen 0.3s
--------- pump migration: intra (promote-2 + intake-reset) ---------
 381     0     100               0    0.0404248611    0.0431977872     0.616853324      0.11540017    0.0402189591    0.0457814512
 381     1      50               0    0.0404248611    0.0431977872     0.616853324      0.11540017    0.0402189591    0.0457814512
          wgpu 2d 390g 379c x3w 8ms | egraph 107g->153v+0snap 28ms | graft 22 (-84n, 0 snap) cpu 0 | f64 30 | gen 0.2s | dropped inexpr 2 oversz 0 unbuild 0 {}
 382     0     100               0    0.0404248611    0.0431977872     0.616853324      0.11540017    0.0402189591    0.0457814512
 382     1      50               0    0.0404248611    0.0431977872     0.616853324      0.11540017    0.0402189591    0.0457814512
          wgpu 1d 228g 236c x3w 5ms | egraph 50g->90v+0snap 16ms | graft 14 (-54n, 0 snap) cpu 0 | f64 20 | gen 0.3s
 383     0     100               0    0.0404248611    0.0431977872     0.616853324      0.11540017    0.0402189591    0.0457814512
 383     1      50               0    0.0404248611    0.0431977872     0.616853324      0.11540017    0.0402189591    0.0457814512
          wgpu 1d 221g 237c x3w 4ms | egraph 49g->91v+0snap 10ms | graft 8 (-33n, 0 snap) cpu 0 | f64 20 | gen 0.2s | dropped inexpr 2 oversz 0 unbuild 0 {}
 384     0     100               0    0.0404248611    0.0431977872     0.616853324      0.11540017    0.0402189591    0.0457814512
 384     1      50               0    0.0404248611    0.0431977872     0.616853324      0.11540017    0.0402189591    0.0457814512
          wgpu 1d 192g 218c x3w 4ms | egraph 37g->72v+0snap 11ms | graft 4 (-13n, 0 snap) cpu 0 | f64 20 | gen 0.2s
 385     0     100               0    0.0404248611    0.0431977872     0.616853324      0.11540017    0.0402189591    0.0457814512
 385     1      50               0    0.0404248611    0.0431977872     0.616853324      0.11540017    0.0402189591    0.0457814512
          wgpu 1d 187g 214c x3w 4ms | egraph 40g->68v+0snap 10ms | graft 7 (-22n, 0 snap) cpu 0 | f64 20 | gen 0.2s
 386     0     100               0    0.0404248611    0.0431977872     0.616853324      0.11540017    0.0402189591    0.0457814512
 386     1      50               0    0.0404248611    0.0431977872     0.616853324      0.11540017    0.0402189591    0.0457814512
          wgpu 1d 183g 207c x3w 4ms | egraph 38g->61v+0snap 9ms | graft 3 (-7n, 0 snap) cpu 0 | f64 20 | gen 0.2s | dropped inexpr 1 oversz 0 unbuild 0 {}
 387     0     100               0    0.0404248611    0.0431977872     0.616853324      0.11540017    0.0402189591    0.0457814512
 387     1      50               0    0.0404248611    0.0431977872     0.616853324      0.11540017    0.0402189591    0.0457814512
          wgpu 1d 228g 238c x3w 5ms | egraph 55g->92v+0snap 13ms | graft 13 (-52n, 0 snap) cpu 0 | f64 20 | gen 0.3s
 388     0     100               0    0.0404248611    0.0431977872     0.616853324      0.11540017    0.0402189591    0.0457814512
 388     1      50               0    0.0404248611    0.0431977872     0.616853324      0.11540017    0.0402189591    0.0457814512
          wgpu 1d 213g 220c x3w 4ms | egraph 56g->74v+0snap 13ms | graft 10 (-37n, 0 snap) cpu 0 | f64 20 | gen 0.2s
 389     0     100               0    0.0404248611    0.0431977872     0.616853324      0.11540017    0.0402189591    0.0457814512
 389     1      50               0    0.0404248611    0.0431977872     0.616853324      0.11540017    0.0402189591    0.0457814512
          wgpu 1d 209g 228c x3w 4ms | egraph 42g->82v+0snap 9ms | graft 7 (-19n, 0 snap) cpu 0 | f64 20 | gen 0.2s | dropped inexpr 1 oversz 0 unbuild 0 {}
 390     0     100               0    0.0404248611    0.0431977872     0.616853324      0.11540017    0.0402189591    0.0457814512
 390     1      50               0    0.0390171706    0.0421013538     0.610992181     0.112379677    0.0388184386      0.04461944
          wgpu 1d 199g 219c x3w 4ms | egraph 45g->73v+0snap 10ms | graft 12 (-52n, 0 snap) cpu 0 | f64 20 | gen 0.3s
--------- pump migration: intra (promote-2 + intake-reset) + cross ---------
 391     0     100               0    0.0404248611    0.0431977872     0.616853324      0.11540017    0.0402189591    0.0457814512
 391     1      50               0    0.0404248611    0.0431977872     0.616853324      0.11540017    0.0402189591    0.0457814512
          wgpu 2d 384g 363c x3w 8ms | egraph 112g->137v+0snap 30ms | graft 18 (-59n, 0 snap) cpu 0 | f64 30 | gen 0.4s | dropped inexpr 2 oversz 0 unbuild 0 {}
--------- pump migration: cross-class ---------
 392     0     100               0    0.0404248611    0.0431977872     0.616853324      0.11540017    0.0402189591    0.0457814512
 392     1      50               0    0.0404248611    0.0431977872     0.616853324      0.11540017    0.0402189591    0.0457814512
          wgpu 2d 346g 332c x3w 8ms | egraph 97g->106v+0snap 30ms | graft 8 (-70n, 0 snap) cpu 0 | f64 30 | gen 0.2s | dropped inexpr 3 oversz 0 unbuild 0 {}
--------- pump migration: cross-class ---------
 393     0     100               0    0.0390171706    0.0421013538     0.610992181     0.112379677    0.0388184386      0.04461944
 393     1      50               0    0.0390171706    0.0421013538     0.610992181     0.112379677    0.0388184386      0.04461944
          wgpu 2d 424g 373c x3w 8ms | egraph 134g->147v+0snap 33ms | graft 23 (-120n, 0 snap) cpu 0 | f64 30 | gen 0.2s | dropped inexpr 4 oversz 0 unbuild 0 {}
--------- pump migration: cross-class ---------
 394     0     100               0    0.0404248611    0.0431977872     0.616853324      0.11540017    0.0402189591    0.0457814512
 394     1      50               0    0.0390171706    0.0421013538     0.610992181     0.112379677    0.0388184386      0.04461944
          wgpu 2d 345g 337c x3w 8ms | egraph 93g->111v+0snap 24ms | graft 18 (-84n, 0 snap) cpu 0 | f64 30 | gen 0.2s
--------- pump migration: cross-class ---------
 395     0     100               0    0.0404248611    0.0431977872     0.616853324      0.11540017    0.0402189591    0.0457814512
 395     1      50               0    0.0390171706    0.0421013538     0.610992181     0.112379677    0.0388184386      0.04461944
          wgpu 2d 406g 380c x3w 12ms | egraph 135g->154v+0snap 28ms | graft 27 (-131n, 0 snap) cpu 0 | f64 30 | gen 0.2s | dropped inexpr 2 oversz 0 unbuild 0 {}
--------- pump migration: cross-class ---------
 396     0     100               0    0.0404248611    0.0431977872     0.616853324      0.11540017    0.0402189591    0.0457814512
 396     1      50               0    0.0390171706    0.0421013538     0.610992181     0.112379677    0.0388184386      0.04461944
          wgpu 2d 395g 359c x3w 46ms | egraph 126g->133v+0snap 36ms | graft 20 (-71n, 0 snap) cpu 0 | f64 30 | gen 0.3s
--------- pump migration: cross-class ---------
 397     0     100               0    0.0404248611    0.0431977872     0.616853324      0.11540017    0.0402189591    0.0457814512
 397     1      50               0    0.0390171706    0.0421013538     0.610992181     0.112379677    0.0388184386      0.04461944
          wgpu 2d 365g 360c x3w 8ms | egraph 120g->134v+0snap 32ms | graft 14 (-47n, 0 snap) cpu 0 | f64 30 | gen 0.3s | dropped inexpr 6 oversz 0 unbuild 0 {}
--------- pump migration: cross-class ---------
 398     0     100               0    0.0386940795    0.0416839692     0.609469596     0.110886831    0.0384969932    0.0441770916
 398     1      50               0    0.0390171706    0.0421013538     0.610992181     0.112379677    0.0388184386      0.04461944
          wgpu 2d 376g 359c x3w 7ms | egraph 106g->133v+0snap 22ms | graft 21 (-82n, 0 snap) cpu 0 | f64 30 | gen 0.2s | dropped inexpr 2 oversz 0 unbuild 0 {}
--------- pump migration: cross-class ---------
 399     0     100               0    0.0386940795    0.0416839692     0.609469596     0.110886831    0.0384969932    0.0441770916
 399     1      50               0    0.0390171706    0.0421013538     0.610992181     0.112379677    0.0388184386      0.04461944
          wgpu 2d 393g 371c x3w 8ms | egraph 130g->145v+0snap 29ms | graft 21 (-68n, 0 snap) cpu 0 | f64 30 | gen 0.2s | dropped inexpr 1 oversz 0 unbuild 0 {}
--------- pump migration: cross-class ---------
 400     0     100               0    0.0386940795    0.0416839692     0.609469596     0.110886831    0.0384969932    0.0441770916
 400     1      50               0    0.0390171706    0.0421013538     0.610992181     0.112379677    0.0388184386      0.04461944
          wgpu 2d 413g 379c x3w 8ms | egraph 136g->153v+0snap 28ms | graft 18 (-67n, 0 snap) cpu 0 | f64 30 | gen 0.3s | dropped inexpr 4 oversz 0 unbuild 0 {}
--------- pump migration: intra (promote-2 + intake-reset) + cross ---------

This sub-run: 2026-09-19 07:31:38.678480 → 2026-09-19 07:33:00.560818
Now at generation 400 (HOF size: 30)
[join] 450 dispatches, 57,988 genes, 250,644 candidates scored in 1.67s GPU+host; e-graph 14,718 trees -> 21,078 variants + 0 snaps in 3.88s; 2,769 grafts (0 snap), 10,167 nodes removed; cpu-path individuals 0, f64-rejected 0, snaps refused for naming an input 0
[join]   inexpressible:    356  no pset token for semantic id "pow" with arity 2
  HFF-chosen LSM kept: a=1.5369, b=0.89991
Chromosome wrapper: id=0  →  identity
hof[0] runtime val: mse=3.271e-01  R²=0.653356
Pre-snap expression (after sympify + LSM compose):
  0.512300534313539*exp(sqrt(Abs(x1 - x2))) + 0.512300534313539*cos(y1) + 0.512300534313539*cos(y2) + 0.89991011760224

Per-level snap results (before MSE scoring):
  strict      →  0.512300534313539*exp(sqrt(Abs(x1 - x2))) + 0.512300534313539*cos(y1) + 0.512300534313539*cos(y2) + 0.89991011760224
  default     →  0.512300534313539*exp(sqrt(Abs(x1 - x2))) + 0.512300534313539*cos(y1) + 0.512300534313539*cos(y2) + 0.89991011760224
  aggressive  →  0.512300534313539*exp(sqrt(Abs(x1 - x2))) + 0.512300534313539*cos(y1) + 0.512300534313539*cos(y2) + E/3

Snap-level comparison (sorted by holdout MSE, lowest first)
------------------------------------------------------------------------------------------
  level       MSE            R²         expression                                        
------------------------------------------------------------------------------------------
★ aggressive  0.4233         0.5763     0.512300534313539*exp(sqrt(Abs(x1 - x2))) + 0.5123
  strict      0.4239         0.5756     0.512300534313539*exp(sqrt(Abs(x1 - x2))) + 0.5123
  default     0.4239         0.5756     0.512300534313539*exp(sqrt(Abs(x1 - x2))) + 0.5123

Winning snap level: 'aggressive'  →  0.512300534313539*exp(sqrt(Abs(x1 - x2))) + 0.512300534313539*cos(y1) + 0.512300534313539*cos(y2) + E/3

Canonical discovered expression: 0.512300534313539*exp(sqrt(Abs(x1 - x2))) + 0.512300534313539*cos(y1) + 0.512300534313539*cos(y2) + E/3
[38;2;0;50;255m
############################################################ [38;2;255;255;255m
[38;2;0;50;255m Equation Recovery: I_8_14 [38;2;255;255;255m
[38;2;0;50;255m Truth: sqrt((x2-x1)**2+(y2-y1)**2) [38;2;255;255;255m
[38;2;0;50;255m [38;2;255;255;255m
[38;2;255;0;255m     Exact recovery     : False [38;2;255;255;255m
[38;2;255;0;255m     Numerical recovery : False (max rel_err 4.05e+01 on 10k samples) [38;2;255;255;255m
[38;2;255;0;255m     Discovered         : 0.512300534313539*exp(sqrt(Abs(x1 - x2))) + 0.512300534313539*cos(y1) + 0.512300534313539*cos(y2) + E/3 [38;2;255;255;255m
[38;2;255;0;255m     LSM (a, b)         : (1.5369, 0.89991) [38;2;255;255;255m
[38;2;0;50;255m
############################################################ [38;2;255;255;255m
In-range holdout : MSE=0.4239  MAE=0.509  R²=0.5756
Extrapolation    : MSE=1.662  MAE=1.02  R²=0.4138

Top 10 HOF models (north_pole=truenorth) (★ = Pareto-optimal)
(deduped HOF: 14 unique chromosomes from 30 raw HOF entries)
 ----------------------------------------------------------------------------------------------------------------
       model     wrapper      length   train_mse     val_mse     max_err    train_r2      val_r2 angular_distance
 ----------------------------------------------------------------------------------------------------------------
★           0    identity          11      0.3891      0.3271      1.5668      0.6129      0.6534      0.0000
★           4    identity          11      0.3891      0.3271      1.5668      0.6129      0.6534      0.0000
           24    identity          11      0.4032      0.3375      1.7471      0.5989      0.6423      0.1343
           23    identity          11      0.4032      0.3375      1.7471      0.5989      0.6423      0.1343
           22    identity          11      0.4032      0.3375      1.7471      0.5989      0.6423      0.1343
           21    identity          11      0.4032      0.3375      1.7471      0.5989      0.6423      0.1343
           25    identity          16      0.4470      0.3783      1.6778      0.5552      0.5991      0.1692
           19    identity          14      0.4509      0.3764      1.7221      0.5514      0.6011      0.1892
           18    identity          14      0.4509      0.3764      1.7221      0.5514      0.6011      0.1892
           20    identity          14      0.4509      0.3764      1.7221      0.5514      0.6011      0.1892

Pareto-optimal in top 10: 2    Pareto-optimal in full HOF: 2 / 14

Recovery sweep across 12/14 unique HOF chromosomes (capped):
  Structural / exact     : 0/12  (0.0%)
  Numerical (≤1e-6 err)  : 0/12  (0.0%)
{
    "date": "2026/09/19",
    "seed": "5",
    "task": "equation_recovery",
    "north_pole_method": "truenorth",
    "hff_include_val": true,
    "problem": "I_8_14",
    "truth_expr": "sqrt((x2-x1)**2+(y2-y1)**2)",
    "final_terminal_inputs": [
        "x1",
        "x2",
        "y1",
        "y2"
    ],
    "wide_primitives": true,
    "head_length": "48",
    "n_genes": "3",
    "rnc_array_length": "10",
    "tournament size": "intake=8, champion=5",
    "population size": "150",
    "population per island": "intake=100, champion=50",
    "gpu_join": true,
    "rule_families": "generic",
    "eclass_k": 8,
    "number of elites": "2",
    "number of generations": "400",
    "number of islands": "2",
    "migration FREQ": "30",
    "wrapper_id": 0,
    "wrapper_name": "identity",
    "won_via": "evolved",
    "recovery_exact": false,
    "recovery_numerical": false,
    "recovery_max_rel_err": 40.4856532594275,
    "discovered_expr": "0.512300534313539*exp(sqrt(Abs(x1 - x2))) + 0.512300534313539*cos(y1) + 0.512300534313539*cos(y2) + E/3",
    "holdout_mse": 0.4239210507039178,
    "holdout_r2": 0.5756063010232032,
    "extrap_mse": 1.661670815702391,
    "extrap_r2": 0.413796296195864,
    "hof_size": 14,
    "hof_exact_recoveries": 0,
    "hof_numerical_recoveries": 0
}
