/opt/anaconda3/lib/python3.12/site-packages/geppy/__init__.py:26: UserWarning: pkg_resources is deprecated as an API. See https://setuptools.pypa.io/en/latest/pkg_resources.html. The pkg_resources package is slated for removal as early as 2025-11-30. Refrain from using this package or pin to Setuptools<81.
  from pkg_resources import get_distribution, DistributionNotFound
hff library OK (test fitness: (0.1415394733244273,))
registry: ['circle_area', 'gravity', 'coulomb', 'pendulum', 'keplers3', 'ideal_gas', 'I_6_2a', 'I_6_2', 'I_6_2b', 'I_8_14', 'I_9_18', 'I_10_7', 'I_11_19', 'I_12_1', 'I_12_2', 'I_12_4', 'I_12_5', 'I_12_11', 'I_13_4', 'I_13_12', 'I_14_3', 'I_14_4', 'I_15_3x', 'I_15_3t', 'I_15_1', 'I_16_6', 'I_18_4', 'I_18_12', 'I_18_14', 'I_24_6', 'I_25_13', 'I_26_2', 'I_27_6', 'I_29_4', 'I_29_16', 'I_30_3', 'I_30_5', 'I_32_5', 'I_32_17', 'I_34_8', 'I_34_1', 'I_34_14', 'I_34_27', 'I_37_4', 'I_38_12', 'I_39_1', 'I_39_11', 'I_39_22', 'I_40_1', 'I_41_16', 'I_43_16', 'I_43_31', 'I_43_43', 'I_44_4', 'I_47_23', 'I_48_2', 'I_50_26', 'II_2_42', 'II_3_24', 'II_4_23', 'II_6_11', 'II_6_15a', 'II_6_15b', 'II_8_7', 'II_8_31', 'II_10_9', 'II_11_3', 'II_11_17', 'II_11_20', 'II_11_27', 'II_11_28', 'II_13_17', 'II_13_23', 'II_13_34', 'II_15_4', 'II_15_5', 'II_21_32', 'II_24_17', 'II_27_16', 'II_27_18', 'II_34_2a', 'II_34_2', 'II_34_11', 'II_34_29a', 'II_34_29b', 'II_35_18', 'II_35_21', 'II_36_38', 'II_37_1', 'II_38_3', 'II_38_14', 'III_4_32', 'III_4_33', 'III_7_38', 'III_8_54', 'III_9_52', 'III_10_19', 'III_12_43', 'III_13_18', 'III_14_14', 'III_15_12', 'III_15_14', 'III_15_27', 'III_17_37', 'III_19_51', 'III_21_20', 'test_1', 'test_2', 'test_3', 'test_4', 'test_5', 'test_6', 'test_7', 'test_8', 'test_9', 'test_10', 'test_11', 'test_12', 'test_13', 'test_14', 'test_15', 'test_16', 'test_17', 'test_18', 'test_19', 'test_20']
[feynman override] head_length=48 (keep n_genes=3, avgval linker)
Selected problem: II_4_23
  Description : Feynman I-III II.4.23: Volt = q/(4*pi*epsilon*r)
  Variables   : ['q', 'epsilon', 'r']
  Train range : {'q': (1.0, 5.0), 'epsilon': (1.0, 5.0), 'r': (1.0, 5.0)}
  Extrap range: {'q': (1.0, 7.5), 'epsilon': (1.0, 7.5), 'r': (1.0, 7.5)}
  Truth       : q/(4*pi*epsilon*r)
  ✓ cache hit  (data/equations/II_4_23, key=da8d14bc068bb563)
  train           (800, 4)  target range=[0.003924, 0.2784]
  val             (200, 4)  target range=[0.003929, 0.2359]
  holdout         (200, 4)  target range=[0.004948, 0.2284]
  extrapolation   (200, 4)  target range=[0.002177, 0.1569]
  saved figure → data/figures/II_4_23/eda_pairplot.png
Wide primitive set enabled: sin, cos, exp, log added.
[E22 rules] variable pattern tags: {'coulomb_form'}
[E22/23 rules] static candidate count: 1
[E22/23 rules] allowed to take a fitness slot (all): 1
  [sum_sq_all/sum_sq] a=-0.0010 b=7.1917e-02 1-R²_va=9.7117e-01
[fuller] denoise + snap IN THE JOIN (every gene, every generation, K=8); mutation operators: physics=0.2 concretize=0.05
Wrapper scope: per_island  (island → wrapper map: ['identity', 'identity'])
[wgpu] process pool disabled — Metal cannot survive fork(); the population is evaluated in one dispatch instead
Genes: head_length=48, n_genes=3, rnc_array_length=10
Population: (per-island, see below), elites: 2, generations: 400, migration FREQ: 30
  pump per-island sizes: intake=100 (tournsize=8), champion=50 (tournsize=5)
Initialising evolution at 2026-09-19 06:01:59.983453
 gen  deme   evals     min fitness          mse_tr          mse_va         max_err      mse_extrap  one_minus_r2_tr  one_minus_r2_va
   0     0     100     0.118813365   0.00040646246  0.000335652529    0.0738867513   0.00056776392     0.298947459     0.367524121
   0     1      50               0    0.0004522803  0.000349291202     0.115636829  0.000874753978      0.33264584     0.382457842
          wgpu 1d 323g 279c x3w 11ms | egraph 187g->129v+0snap 201ms | graft 65 (-226n, 0 snap) cpu 0 | f64 33 | gen 0.0s | dropped inexpr 2 oversz 0 unbuild 0 {}
Extending evolution: gen 1 → 400 (+400 generations)
   1     0     100    0.0957138354  0.000241824333  0.000149659506    0.0943141205  0.000487815691     0.177858417     0.163870293
   1     1      50               0    0.0004522803  0.000349291202     0.115636829  0.000874753978      0.33264584     0.382457842
          wgpu 1d 198g 269c x3w 5ms | egraph 64g->123v+0snap 23ms | graft 49 (-190n, 0 snap) cpu 0 | f64 36 | gen 0.7s | dropped inexpr 2 oversz 0 unbuild 0 {}
   2     0     100    0.0086770568  0.000110642908  9.26305734e-05    0.0325329178  0.000312568904    0.0813763129     0.101426228
   2     1      50               0    0.0004522803  0.000349291202     0.115636829  0.000874753978      0.33264584     0.382457842
          wgpu 1d 142g 250c x3w 4ms | egraph 56g->104v+0snap 17ms | graft 47 (-101n, 0 snap) cpu 0 | f64 28 | gen 0.6s | dropped inexpr 1 oversz 0 unbuild 0 {}
   3     0     100    0.0086770568  0.000110642908  9.26305734e-05    0.0325329178  0.000312568904    0.0813763129     0.101426228
   3     1      50               0    0.0004522803  0.000349291202     0.115636829  0.000874753978      0.33264584     0.382457842
          wgpu 1d 170g 245c x3w 9ms | egraph 78g->99v+0snap 25ms | graft 51 (-116n, 0 snap) cpu 0 | f64 34 | gen 0.4s | dropped inexpr 1 oversz 0 unbuild 0 {}
   4     0     100               0  0.000110642908  9.26305734e-05    0.0325329178  0.000312568904    0.0813763129     0.101426228
   4     1      50               0    0.0004522803  0.000349291202     0.115636829  0.000874753978      0.33264584     0.382457842
          wgpu 1d 119g 216c x3w 4ms | egraph 45g->70v+0snap 16ms | graft 36 (-85n, 0 snap) cpu 0 | f64 39 | gen 0.7s
   5     0     100               0  0.000110642817  9.26305839e-05    0.0325328913  0.000312569085    0.0813762457      0.10142624
   5     1      50               0    0.0004522803  0.000349291202     0.115636829  0.000874753978      0.33264584     0.382457842
          wgpu 1d 152g 245c x3w 4ms | egraph 44g->99v+0snap 18ms | graft 44 (-136n, 0 snap) cpu 0 | f64 20 | gen 0.4s
   6     0     100               0  0.000110642817  9.26305839e-05    0.0325328913  0.000312569085    0.0813762457      0.10142624
   6     1      50               0    0.0004522803  0.000349291202     0.115636829  0.000874753978      0.33264584     0.382457842
          wgpu 1d 153g 229c x3w 4ms | egraph 53g->83v+0snap 20ms | graft 43 (-108n, 0 snap) cpu 0 | f64 20 | gen 1.0s
   7     0     100               0  0.000110642817  9.26305839e-05    0.0325328913  0.000312569085    0.0813762457      0.10142624
   7     1      50               0    0.0004522803  0.000349291202     0.115636829  0.000874753978      0.33264584     0.382457842
          wgpu 1d 150g 247c x3w 4ms | egraph 54g->101v+0snap 20ms | graft 49 (-139n, 0 snap) cpu 0 | f64 20 | gen 0.6s
   8     0     100               0  0.000110642817  9.26305839e-05    0.0325328913  0.000312569085    0.0813762457      0.10142624
   8     1      50               0    0.0004522803  0.000349291202     0.115636829  0.000874753978      0.33264584     0.382457842
          wgpu 1d 175g 303c x3w 4ms | egraph 68g->157v+0snap 23ms | graft 66 (-142n, 0 snap) cpu 0 | f64 20 | gen 0.3s
   9     0     100               0  0.000106420428  8.16087396e-05    0.0278850698  0.000286990153    0.0782707378    0.0893578261
   9     1      50               0    0.0004522803  0.000349291202     0.115636829  0.000874753978      0.33264584     0.382457842
          wgpu 1d 197g 321c x3w 6ms | egraph 62g->175v+0snap 26ms | graft 69 (-176n, 0 snap) cpu 0 | f64 20 | gen 0.6s
  10     0     100               0  0.000106420428  8.16087396e-05    0.0278850698  0.000286990153    0.0782707378    0.0893578261
  10     1      50               0    0.0004522803  0.000349291202     0.115636829  0.000874753978      0.33264584     0.382457842
          wgpu 1d 166g 318c x3w 4ms | egraph 50g->172v+0snap 16ms | graft 59 (-141n, 0 snap) cpu 0 | f64 20 | gen 0.6s | dropped inexpr 3 oversz 0 unbuild 0 {}
--------- pump migration: intra (promote-2 + intake-reset) ---------
  11     0     100               0  0.000106420428  8.16087396e-05    0.0278850698  0.000286990153    0.0782707378    0.0893578261
  11     1      50               0  0.000106420428  8.16087396e-05    0.0278850698  0.000286990153    0.0782707378    0.0893578261
          wgpu 2d 344g 464c x3w 11ms | egraph 130g->238v+0snap 40ms | graft 100 (-270n, 0 snap) cpu 0 | f64 30 | gen 0.5s | dropped inexpr 1 oversz 0 unbuild 0 {}
  12     0     100               0  0.000106420446  8.16087314e-05    0.0278850726  0.000286990086    0.0782707506    0.0893578171
  12     1      50               0    0.0004522803  0.000349291202     0.115636829  0.000874753978      0.33264584     0.382457842
          wgpu 1d 146g 324c x3w 4ms | egraph 37g->178v+0snap 16ms | graft 58 (-148n, 0 snap) cpu 0 | f64 20 | gen 0.2s
  13     0     100               0  0.000106420446  8.16087314e-05    0.0278850726  0.000286990086    0.0782707506    0.0893578171
  13     1      50               0    0.0004522803  0.000349291202     0.115636829  0.000874753978      0.33264584     0.382457842
          wgpu 1d 181g 356c x3w 4ms | egraph 51g->210v+0snap 23ms | graft 77 (-167n, 0 snap) cpu 0 | f64 20 | gen 0.9s | dropped inexpr 1 oversz 0 unbuild 0 {}
  14     0     100               0  0.000106420446  8.16087314e-05    0.0278850726  0.000286990086    0.0782707506    0.0893578171
  14     1      50               0    0.0004522803  0.000349291202     0.115636829  0.000874753978      0.33264584     0.382457842
          wgpu 1d 162g 343c x3w 5ms | egraph 47g->197v+0snap 20ms | graft 74 (-165n, 0 snap) cpu 0 | f64 20 | gen 0.6s
  15     0     100               0  0.000106420446  8.16087314e-05    0.0278850726  0.000286990086    0.0782707506    0.0893578171
  15     1      50               0    0.0004522803  0.000349291202     0.115636829  0.000874753978      0.33264584     0.382457842
          wgpu 1d 175g 330c x3w 4ms | egraph 47g->184v+0snap 15ms | graft 66 (-160n, 0 snap) cpu 0 | f64 20 | gen 0.5s
  16     0     100               0  0.000106420446  8.16087314e-05    0.0278850726  0.000286990086    0.0782707506    0.0893578171
  16     1      50               0    0.0004522803  0.000349291202     0.115636829  0.000874753978      0.33264584     0.382457842
          wgpu 1d 152g 321c x3w 4ms | egraph 38g->175v+0snap 11ms | graft 56 (-120n, 0 snap) cpu 0 | f64 20 | gen 0.2s | dropped inexpr 1 oversz 0 unbuild 0 {}
  17     0     100               0  0.000106420446  8.16087314e-05    0.0278850726  0.000286990086    0.0782707506    0.0893578171
  17     1      50               0    0.0004522803  0.000349291202     0.115636829  0.000874753978      0.33264584     0.382457842
          wgpu 1d 154g 323c x3w 4ms | egraph 34g->177v+0snap 11ms | graft 66 (-155n, 0 snap) cpu 0 | f64 20 | gen 0.4s
  18     0     100               0  0.000106420446  8.16087314e-05    0.0278850726  0.000286990086    0.0782707506    0.0893578171
  18     1      50               0    0.0004522803  0.000349291202     0.115636829  0.000874753978      0.33264584     0.382457842
          wgpu 1d 187g 356c x3w 4ms | egraph 46g->210v+0snap 13ms | graft 71 (-191n, 0 snap) cpu 0 | f64 20 | gen 0.6s | dropped inexpr 1 oversz 0 unbuild 0 {}
  19     0     100               0  0.000106420446  8.16087314e-05    0.0278850726  0.000286990086    0.0782707506    0.0893578171
  19     1      50               0    0.0004522803  0.000349291202     0.115636829  0.000874753978      0.33264584     0.382457842
          wgpu 1d 150g 337c x3w 4ms | egraph 33g->191v+0snap 10ms | graft 59 (-150n, 0 snap) cpu 0 | f64 20 | gen 0.3s
  20     0     100               0  0.000106420446  8.16087314e-05    0.0278850726  0.000286990086    0.0782707506    0.0893578171
  20     1      50               0    0.0004522803  0.000349291202     0.115636829  0.000874753978      0.33264584     0.382457842
          wgpu 1d 182g 361c x3w 5ms | egraph 39g->215v+0snap 19ms | graft 72 (-189n, 0 snap) cpu 0 | f64 20 | gen 0.7s
--------- pump migration: intra (promote-2 + intake-reset) ---------
  21     0     100               0  0.000106420446  8.16087314e-05    0.0278850726  0.000286990086    0.0782707506    0.0893578171
  21     1      50               0  0.000106420446  8.16087314e-05    0.0278850726  0.000286990086    0.0782707506    0.0893578171
          wgpu 2d 336g 476c x3w 11ms | egraph 111g->250v+0snap 37ms | graft 104 (-267n, 0 snap) cpu 0 | f64 30 | gen 0.3s | dropped inexpr 4 oversz 0 unbuild 0 {}
  22     0     100               0  0.000106420446  8.16087314e-05    0.0278850726  0.000286990086    0.0782707506    0.0893578171
  22     1      50               0  0.000106420446  8.16087314e-05    0.0278850726  0.000286990086    0.0782707506    0.0893578171
          wgpu 1d 109g 298c x3w 4ms | egraph 30g->152v+0snap 9ms | graft 54 (-123n, 0 snap) cpu 0 | f64 20 | gen 0.1s
  23     0     100               0  0.000106420428  8.16087396e-05    0.0278850698  0.000286990153    0.0782707378    0.0893578261
  23     1      50               0  0.000106420446  8.16087314e-05    0.0278850726  0.000286990086    0.0782707506    0.0893578171
          wgpu 1d 98g 308c x3w 3ms | egraph 20g->162v+0snap 6ms | graft 52 (-111n, 0 snap) cpu 0 | f64 20 | gen 0.1s | dropped inexpr 1 oversz 0 unbuild 0 {}
  24     0     100               0  0.000106420428  8.16087396e-05    0.0278850698  0.000286990153    0.0782707378    0.0893578261
  24     1      50               0  0.000106420446  8.16087314e-05    0.0278850726  0.000286990086    0.0782707506    0.0893578171
          wgpu 1d 105g 300c x3w 4ms | egraph 23g->154v+0snap 7ms | graft 51 (-133n, 0 snap) cpu 0 | f64 20 | gen 0.2s
  25     0     100               0  0.000106420428  8.16087396e-05    0.0278850698  0.000286990153    0.0782707378    0.0893578261
  25     1      50               0  0.000106420446  8.16087314e-05    0.0278850726  0.000286990086    0.0782707506    0.0893578171
          wgpu 1d 78g 299c x3w 4ms | egraph 17g->153v+0snap 6ms | graft 37 (-92n, 0 snap) cpu 0 | f64 20 | gen 0.1s
  26     0     100               0  0.000106420428  8.16087396e-05    0.0278850698  0.000286990153    0.0782707378    0.0893578261
  26     1      50               0  0.000106420446  8.16087314e-05    0.0278850726  0.000286990086    0.0782707506    0.0893578171
          wgpu 1d 100g 310c x3w 3ms | egraph 16g->164v+0snap 15ms | graft 45 (-113n, 0 snap) cpu 0 | f64 20 | gen 0.3s | dropped inexpr 3 oversz 0 unbuild 0 {}
  27     0     100               0  0.000106420428  8.16087396e-05    0.0278850698  0.000286990153    0.0782707378    0.0893578261
  27     1      50               0  0.000106420446  8.16087314e-05    0.0278850726  0.000286990086    0.0782707506    0.0893578171
          wgpu 1d 110g 307c x3w 3ms | egraph 25g->161v+0snap 8ms | graft 46 (-131n, 0 snap) cpu 0 | f64 20 | gen 0.1s | dropped inexpr 1 oversz 0 unbuild 0 {}
  28     0     100               0  0.000106420428  8.16087396e-05    0.0278850698  0.000286990153    0.0782707378    0.0893578261
  28     1      50               0  0.000106420446  8.16087314e-05    0.0278850726  0.000286990086    0.0782707506    0.0893578171
          wgpu 1d 97g 303c x3w 5ms | egraph 17g->157v+0snap 12ms | graft 44 (-115n, 0 snap) cpu 0 | f64 20 | gen 0.4s | dropped inexpr 1 oversz 0 unbuild 0 {}
  29     0     100               0  0.000106420428  8.16087396e-05    0.0278850698  0.000286990153    0.0782707378    0.0893578261
  29     1      50               0  0.000106420446  8.16087314e-05    0.0278850726  0.000286990086    0.0782707506    0.0893578171
          wgpu 1d 101g 308c x3w 12ms | egraph 19g->162v+0snap 7ms | graft 46 (-121n, 0 snap) cpu 0 | f64 20 | gen 0.2s | dropped inexpr 2 oversz 0 unbuild 0 {}
  30     0     100               0  0.000106420428  8.16087396e-05    0.0278850698  0.000286990153    0.0782707378    0.0893578261
  30     1      50               0  0.000106420428  8.16087396e-05    0.0278850698  0.000286990153    0.0782707378    0.0893578261
          wgpu 1d 98g 301c x3w 3ms | egraph 18g->155v+0snap 4ms | graft 41 (-92n, 0 snap) cpu 0 | f64 20 | gen 0.1s | dropped inexpr 1 oversz 0 unbuild 0 {}
--------- pump migration: intra (promote-2 + intake-reset) ---------
  31     0     100               0  0.000106420446  8.16087314e-05    0.0278850726  0.000286990086    0.0782707506    0.0893578171
  31     1      50               0  0.000106420428  8.16087396e-05    0.0278850698  0.000286990153    0.0782707378    0.0893578261
          wgpu 2d 266g 436c x3w 8ms | egraph 93g->210v+0snap 23ms | graft 87 (-230n, 0 snap) cpu 0 | f64 30 | gen 0.1s | dropped inexpr 7 oversz 0 unbuild 0 {}
  32     0     100               0  0.000106420446  8.16087314e-05    0.0278850726  0.000286990086    0.0782707506    0.0893578171
  32     1      50               0  0.000106420428  8.16087396e-05    0.0278850698  0.000286990153    0.0782707378    0.0893578261
          wgpu 1d 97g 311c x3w 7ms | egraph 13g->165v+0snap 5ms | graft 52 (-124n, 0 snap) cpu 0 | f64 20 | gen 0.1s
  33     0     100               0  0.000106420446  8.16087314e-05    0.0278850726  0.000286990086    0.0782707506    0.0893578171
  33     1      50               0  0.000106420428  8.16087396e-05    0.0278850698  0.000286990153    0.0782707378    0.0893578261
          wgpu 1d 97g 303c x3w 4ms | egraph 13g->157v+0snap 4ms | graft 44 (-104n, 0 snap) cpu 0 | f64 20 | gen 0.1s
  34     0     100               0  0.000106420446  8.16087314e-05    0.0278850726  0.000286990086    0.0782707506    0.0893578171
  34     1      50               0  0.000106420428  8.16087396e-05    0.0278850698  0.000286990153    0.0782707378    0.0893578261
          wgpu 1d 95g 301c x3w 5ms | egraph 13g->155v+0snap 4ms | graft 45 (-104n, 0 snap) cpu 0 | f64 20 | gen 0.1s
  35     0     100               0  0.000106420446  8.16087314e-05    0.0278850726  0.000286990086    0.0782707506    0.0893578171
  35     1      50               0  0.000106420428  8.16087396e-05    0.0278850698  0.000286990153    0.0782707378    0.0893578261
          wgpu 1d 103g 303c x3w 4ms | egraph 16g->157v+0snap 5ms | graft 53 (-122n, 0 snap) cpu 0 | f64 20 | gen 0.1s
  36     0     100               0  0.000106420446  8.16087314e-05    0.0278850726  0.000286990086    0.0782707506    0.0893578171
  36     1      50               0  0.000106420428  8.16087396e-05    0.0278850698  0.000286990153    0.0782707378    0.0893578261
          wgpu 1d 99g 310c x3w 4ms | egraph 21g->164v+0snap 7ms | graft 56 (-126n, 0 snap) cpu 0 | f64 20 | gen 0.2s | dropped inexpr 1 oversz 0 unbuild 0 {}
  37     0     100               0  0.000106420446  8.16087314e-05    0.0278850726  0.000286990086    0.0782707506    0.0893578171
  37     1      50               0  0.000106420428  8.16087396e-05    0.0278850698  0.000286990153    0.0782707378    0.0893578261
          wgpu 1d 81g 299c x3w 3ms | egraph 16g->153v+0snap 4ms | graft 52 (-121n, 0 snap) cpu 0 | f64 20 | gen 0.1s
  38     0     100               0  0.000106420446  8.16087314e-05    0.0278850726  0.000286990086    0.0782707506    0.0893578171
  38     1      50               0  0.000106420446  8.16087314e-05    0.0278850726  0.000286990086    0.0782707506    0.0893578171
          wgpu 1d 84g 300c x3w 3ms | egraph 16g->154v+0snap 10ms | graft 43 (-94n, 0 snap) cpu 0 | f64 20 | gen 0.1s
  39     0     100               0  0.000106420446  8.16087314e-05    0.0278850726  0.000286990086    0.0782707506    0.0893578171
  39     1      50               0  0.000106420446  8.16087314e-05    0.0278850726  0.000286990086    0.0782707506    0.0893578171
          wgpu 1d 85g 295c x3w 3ms | egraph 16g->149v+0snap 4ms | graft 40 (-84n, 0 snap) cpu 0 | f64 20 | gen 0.1s
  40     0     100               0  0.000106420446  8.16087314e-05    0.0278850726  0.000286990086    0.0782707506    0.0893578171
  40     1      50               0  0.000106420446  8.16087314e-05    0.0278850726  0.000286990086    0.0782707506    0.0893578171
          wgpu 1d 93g 304c x3w 4ms | egraph 14g->158v+0snap 9ms | graft 48 (-132n, 0 snap) cpu 0 | f64 20 | gen 0.2s
--------- pump migration: intra (promote-2 + intake-reset) ---------
  41     0     100               0  0.000106420446  8.16087314e-05    0.0278850726  0.000286990086    0.0782707506    0.0893578171
  41     1      50               0  0.000106420428  8.16087396e-05    0.0278850698  0.000286990153    0.0782707378    0.0893578261
          wgpu 2d 289g 450c x3w 8ms | egraph 90g->224v+0snap 25ms | graft 87 (-247n, 0 snap) cpu 0 | f64 30 | gen 0.2s | dropped inexpr 7 oversz 0 unbuild 0 {}
  42     0     100               0  0.000106420446  8.16087314e-05    0.0278850726  0.000286990086    0.0782707506    0.0893578171
  42     1      50               0  0.000106420428  8.16087396e-05    0.0278850698  0.000286990153    0.0782707378    0.0893578261
          wgpu 1d 111g 306c x3w 3ms | egraph 22g->160v+0snap 13ms | graft 57 (-125n, 0 snap) cpu 0 | f64 20 | gen 0.2s | dropped inexpr 2 oversz 0 unbuild 0 {}
  43     0     100               0  0.000106420446  8.16087314e-05    0.0278850726  0.000286990086    0.0782707506    0.0893578171
  43     1      50               0  0.000106420446  8.16087314e-05    0.0278850726  0.000286990086    0.0782707506    0.0893578171
          wgpu 1d 88g 311c x3w 4ms | egraph 15g->165v+0snap 6ms | graft 47 (-112n, 0 snap) cpu 0 | f64 20 | gen 0.1s | dropped inexpr 2 oversz 0 unbuild 0 {}
  44     0     100               0  0.000106420446  8.16087314e-05    0.0278850726  0.000286990086    0.0782707506    0.0893578171
  44     1      50               0  0.000106420446  8.16087314e-05    0.0278850726  0.000286990086    0.0782707506    0.0893578171
          wgpu 1d 86g 296c x3w 4ms | egraph 17g->150v+0snap 5ms | graft 40 (-87n, 0 snap) cpu 0 | f64 20 | gen 0.2s | dropped inexpr 2 oversz 0 unbuild 0 {}
  45     0     100               0  0.000106420446  8.16087314e-05    0.0278850726  0.000286990086    0.0782707506    0.0893578171
  45     1      50               0  0.000106420428  8.16087396e-05    0.0278850698  0.000286990153    0.0782707378    0.0893578261
          wgpu 1d 126g 304c x3w 3ms | egraph 23g->158v+0snap 8ms | graft 52 (-151n, 0 snap) cpu 0 | f64 20 | gen 0.2s | dropped inexpr 4 oversz 0 unbuild 0 {}
  46     0     100               0  0.000106420446  8.16087314e-05    0.0278850726  0.000286990086    0.0782707506    0.0893578171
  46     1      50               0  0.000106420428  8.16087396e-05    0.0278850698  0.000286990153    0.0782707378    0.0893578261
          wgpu 1d 88g 303c x3w 3ms | egraph 21g->157v+0snap 6ms | graft 44 (-96n, 0 snap) cpu 0 | f64 20 | gen 0.1s | dropped inexpr 1 oversz 0 unbuild 0 {}
  47     0     100               0  0.000106420446  8.16087314e-05    0.0278850726  0.000286990086    0.0782707506    0.0893578171
  47     1      50               0  0.000106420428  8.16087396e-05    0.0278850698  0.000286990153    0.0782707378    0.0893578261
          wgpu 1d 102g 302c x3w 3ms | egraph 15g->156v+0snap 11ms | graft 48 (-122n, 0 snap) cpu 0 | f64 20 | gen 0.2s | dropped inexpr 3 oversz 0 unbuild 0 {}
  48     0     100               0  0.000106420446  8.16087314e-05    0.0278850726  0.000286990086    0.0782707506    0.0893578171
  48     1      50               0  0.000106420428  8.16087396e-05    0.0278850698  0.000286990153    0.0782707378    0.0893578261
          wgpu 1d 97g 298c x3w 3ms | egraph 17g->152v+0snap 6ms | graft 52 (-112n, 0 snap) cpu 0 | f64 20 | gen 0.1s | dropped inexpr 4 oversz 0 unbuild 0 {}
  49     0     100               0  0.000106420446  8.16087314e-05    0.0278850726  0.000286990086    0.0782707506    0.0893578171
  49     1      50               0  0.000106420428  8.16087396e-05    0.0278850698  0.000286990153    0.0782707378    0.0893578261
          wgpu 1d 105g 304c x3w 3ms | egraph 14g->158v+0snap 4ms | graft 42 (-100n, 0 snap) cpu 0 | f64 20 | gen 0.2s | dropped inexpr 3 oversz 0 unbuild 0 {}
  50     0     100               0  0.000106420446  8.16087314e-05    0.0278850726  0.000286990086    0.0782707506    0.0893578171
  50     1      50               0  0.000106420428  8.16087396e-05    0.0278850698  0.000286990153    0.0782707378    0.0893578261
          wgpu 1d 81g 298c x3w 7ms | egraph 14g->152v+0snap 4ms | graft 43 (-111n, 0 snap) cpu 0 | f64 20 | gen 0.1s
--------- pump migration: intra (promote-2 + intake-reset) ---------
  51     0     100               0  0.000106420428  8.16087396e-05    0.0278850698  0.000286990153    0.0782707378    0.0893578261
  51     1      50               0  0.000106420428  8.16087396e-05    0.0278850698  0.000286990153    0.0782707378    0.0893578261
          wgpu 2d 275g 446c x3w 8ms | egraph 77g->220v+0snap 27ms | graft 67 (-211n, 0 snap) cpu 0 | f64 30 | gen 0.1s | dropped inexpr 4 oversz 0 unbuild 0 {}
  52     0     100               0  0.000106420428  8.16087396e-05    0.0278850698  0.000286990153    0.0782707378    0.0893578261
  52     1      50               0  0.000106420446  8.16087314e-05    0.0278850726  0.000286990086    0.0782707506    0.0893578171
          wgpu 1d 91g 304c x3w 3ms | egraph 13g->158v+0snap 5ms | graft 48 (-102n, 0 snap) cpu 0 | f64 20 | gen 0.2s | dropped inexpr 3 oversz 0 unbuild 0 {}
  53     0     100               0  0.000106420446  8.16087314e-05    0.0278850726  0.000286990086    0.0782707506    0.0893578171
  53     1      50               0  0.000106420428  8.16087396e-05    0.0278850698  0.000286990153    0.0782707378    0.0893578261
          wgpu 1d 109g 313c x3w 4ms | egraph 24g->167v+0snap 5ms | graft 57 (-132n, 0 snap) cpu 0 | f64 20 | gen 0.1s | dropped inexpr 4 oversz 0 unbuild 0 {}
  54     0     100               0  0.000106420446  8.16087314e-05    0.0278850726  0.000286990086    0.0782707506    0.0893578171
  54     1      50               0  0.000106420428  8.16087396e-05    0.0278850698  0.000286990153    0.0782707378    0.0893578261
          wgpu 1d 95g 293c x3w 3ms | egraph 16g->147v+0snap 4ms | graft 46 (-100n, 0 snap) cpu 0 | f64 20 | gen 0.1s
  55     0     100               0  0.000106420446  8.16087314e-05    0.0278850726  0.000286990086    0.0782707506    0.0893578171
  55     1      50               0  0.000106420428  8.16087396e-05    0.0278850698  0.000286990153    0.0782707378    0.0893578261
          wgpu 1d 87g 324c x3w 3ms | egraph 19g->178v+0snap 6ms | graft 47 (-100n, 0 snap) cpu 0 | f64 20 | gen 0.1s | dropped inexpr 4 oversz 0 unbuild 0 {}
  56     0     100               0  0.000106420446  8.16087314e-05    0.0278850726  0.000286990086    0.0782707506    0.0893578171
  56     1      50               0  0.000106420428  8.16087396e-05    0.0278850698  0.000286990153    0.0782707378    0.0893578261
          wgpu 1d 130g 367c x3w 4ms | egraph 27g->221v+0snap 11ms | graft 54 (-121n, 0 snap) cpu 0 | f64 20 | gen 0.2s | dropped inexpr 4 oversz 0 unbuild 0 {}
  57     0     100               0  0.000106420446  8.16087314e-05    0.0278850726  0.000286990086    0.0782707506    0.0893578171
  57     1      50               0  0.000106420446  8.16087314e-05    0.0278850726  0.000286990086    0.0782707506    0.0893578171
          wgpu 1d 132g 376c x3w 4ms | egraph 35g->230v+0snap 7ms | graft 51 (-122n, 0 snap) cpu 0 | f64 20 | gen 0.2s | dropped inexpr 9 oversz 0 unbuild 0 {}
  58     0     100               0  0.000106420446  8.16087314e-05    0.0278850726  0.000286990086    0.0782707506    0.0893578171
  58     1      50               0  0.000106420428  8.16087396e-05    0.0278850698  0.000286990153    0.0782707378    0.0893578261
          wgpu 1d 103g 295c x3w 4ms | egraph 23g->149v+0snap 7ms | graft 41 (-100n, 0 snap) cpu 0 | f64 20 | gen 0.1s | dropped inexpr 5 oversz 0 unbuild 0 {}
  59     0     100               0  0.000106420446  8.16087314e-05    0.0278850726  0.000286990086    0.0782707506    0.0893578171
  59     1      50               0  0.000106420428  8.16087396e-05    0.0278850698  0.000286990153    0.0782707378    0.0893578261
          wgpu 1d 87g 279c x3w 3ms | egraph 16g->133v+0snap 5ms | graft 35 (-80n, 0 snap) cpu 0 | f64 20 | gen 0.1s | dropped inexpr 3 oversz 0 unbuild 0 {}
  60     0     100               0  9.74806024e-05   7.6165377e-05    0.0251419693   0.00027403622    0.0716956207    0.0833975938
  60     1      50               0  0.000106420428  8.16087396e-05    0.0278850698  0.000286990153    0.0782707378    0.0893578261
          wgpu 1d 90g 224c x3w 3ms | egraph 21g->78v+0snap 5ms | graft 30 (-77n, 0 snap) cpu 0 | f64 20 | gen 0.1s | dropped inexpr 2 oversz 0 unbuild 0 {}
--------- pump migration: intra (promote-2 + intake-reset) + cross ---------
  61     0     100               0  9.74806024e-05   7.6165377e-05    0.0251419693   0.00027403622    0.0716956207    0.0833975938
  61     1      50               0  0.000106420446  8.16087314e-05    0.0278850726  0.000286990086    0.0782707506    0.0893578171
          wgpu 2d 286g 366c x3w 7ms | egraph 108g->140v+0snap 30ms | graft 57 (-196n, 0 snap) cpu 0 | f64 30 | gen 0.1s | dropped inexpr 11 oversz 0 unbuild 0 {}
  62     0     100               0  9.74806024e-05   7.6165377e-05    0.0251419693   0.00027403622    0.0716956207    0.0833975938
  62     1      50               0  0.000106420428  8.16087396e-05    0.0278850698  0.000286990153    0.0782707378    0.0893578261
          wgpu 1d 95g 225c x3w 4ms | egraph 29g->79v+0snap 6ms | graft 31 (-66n, 0 snap) cpu 0 | f64 20 | gen 0.1s | dropped inexpr 3 oversz 0 unbuild 0 {}
  63     0     100               0  9.74806024e-05   7.6165377e-05    0.0251419693   0.00027403622    0.0716956207    0.0833975938
  63     1      50               0  0.000106420428  8.16087396e-05    0.0278850698  0.000286990153    0.0782707378    0.0893578261
          wgpu 1d 100g 213c x3w 5ms | egraph 28g->67v+0snap 6ms | graft 25 (-62n, 0 snap) cpu 0 | f64 20 | gen 0.2s | dropped inexpr 3 oversz 0 unbuild 0 {}
  64     0     100               0  9.74806024e-05   7.6165377e-05    0.0251419693   0.00027403622    0.0716956207    0.0833975938
  64     1      50               0  0.000106420428  8.16087396e-05    0.0278850698  0.000286990153    0.0782707378    0.0893578261
          wgpu 1d 97g 210c x3w 4ms | egraph 24g->64v+0snap 7ms | graft 26 (-53n, 0 snap) cpu 0 | f64 20 | gen 0.2s
  65     0     100               0  9.74805805e-05   7.6165384e-05    0.0251419711  0.000274036247    0.0716956046    0.0833976014
  65     1      50               0  0.000106420428  8.16087396e-05    0.0278850698  0.000286990153    0.0782707378    0.0893578261
          wgpu 1d 95g 216c x3w 3ms | egraph 20g->70v+0snap 5ms | graft 30 (-61n, 0 snap) cpu 0 | f64 20 | gen 0.1s | dropped inexpr 5 oversz 0 unbuild 0 {}
  66     0     100               0  9.74805805e-05   7.6165384e-05    0.0251419711  0.000274036247    0.0716956046    0.0833976014
  66     1      50               0  0.000106420446  8.16087314e-05    0.0278850726  0.000286990086    0.0782707506    0.0893578171
          wgpu 1d 94g 213c x3w 4ms | egraph 20g->67v+0snap 7ms | graft 27 (-58n, 0 snap) cpu 0 | f64 20 | gen 0.1s | dropped inexpr 3 oversz 0 unbuild 0 {}
  67     0     100               0  9.74805805e-05   7.6165384e-05    0.0251419711  0.000274036247    0.0716956046    0.0833976014
  67     1      50               0  0.000106420446  8.16087314e-05    0.0278850726  0.000286990086    0.0782707506    0.0893578171
          wgpu 1d 88g 214c x3w 3ms | egraph 12g->68v+0snap 4ms | graft 25 (-43n, 0 snap) cpu 0 | f64 20 | gen 0.1s | dropped inexpr 4 oversz 0 unbuild 0 {}
  68     0     100               0  9.74805805e-05   7.6165384e-05    0.0251419711  0.000274036247    0.0716956046    0.0833976014
  68     1      50               0  0.000106420428  8.16087396e-05    0.0278850698  0.000286990153    0.0782707378    0.0893578261
          wgpu 1d 97g 214c x3w 3ms | egraph 21g->68v+0snap 7ms | graft 28 (-64n, 0 snap) cpu 0 | f64 20 | gen 0.2s | dropped inexpr 3 oversz 0 unbuild 0 {}
  69     0     100               0  9.74805805e-05   7.6165384e-05    0.0251419711  0.000274036247    0.0716956046    0.0833976014
  69     1      50               0  0.000106420428  8.16087396e-05    0.0278850698  0.000286990153    0.0782707378    0.0893578261
          wgpu 1d 95g 210c x3w 3ms | egraph 23g->64v+0snap 6ms | graft 19 (-43n, 0 snap) cpu 0 | f64 20 | gen 0.1s | dropped inexpr 4 oversz 0 unbuild 0 {}
  70     0     100               0  9.74805805e-05   7.6165384e-05    0.0251419711  0.000274036247    0.0716956046    0.0833976014
  70     1      50               0  0.000106420428  8.16087396e-05    0.0278850698  0.000286990153    0.0782707378    0.0893578261
          wgpu 1d 98g 215c x3w 3ms | egraph 16g->69v+0snap 4ms | graft 31 (-69n, 0 snap) cpu 0 | f64 20 | gen 0.1s | dropped inexpr 3 oversz 0 unbuild 0 {}
--------- pump migration: intra (promote-2 + intake-reset) ---------
  71     0     100               0  9.74806024e-05   7.6165377e-05    0.0251419693   0.00027403622    0.0716956207    0.0833975938
  71     1      50               0  0.000106420428  8.16087396e-05    0.0278850698  0.000286990153    0.0782707378    0.0893578261
          wgpu 2d 273g 354c x3w 7ms | egraph 96g->128v+0snap 39ms | graft 51 (-221n, 0 snap) cpu 0 | f64 30 | gen 0.1s | dropped inexpr 7 oversz 0 unbuild 0 {}
  72     0     100               0  9.74805805e-05   7.6165384e-05    0.0251419711  0.000274036247    0.0716956046    0.0833976014
  72     1      50               0  9.74806024e-05   7.6165377e-05    0.0251419693   0.00027403622    0.0716956207    0.0833975938
          wgpu 1d 108g 198c x3w 4ms | egraph 28g->52v+0snap 6ms | graft 31 (-68n, 0 snap) cpu 0 | f64 20 | gen 0.1s | dropped inexpr 5 oversz 0 unbuild 0 {}
  73     0     100               0  9.74805805e-05   7.6165384e-05    0.0251419711  0.000274036247    0.0716956046    0.0833976014
  73     1      50               0  9.74805805e-05   7.6165384e-05    0.0251419711  0.000274036247    0.0716956046    0.0833976014
          wgpu 1d 80g 171c x3w 3ms | egraph 14g->25v+0snap 3ms | graft 19 (-40n, 0 snap) cpu 0 | f64 20 | gen 0.1s | dropped inexpr 1 oversz 0 unbuild 0 {}
  74     0     100               0  9.74805805e-05   7.6165384e-05    0.0251419711  0.000274036247    0.0716956046    0.0833976014
  74     1      50               0  9.74806024e-05   7.6165377e-05    0.0251419693   0.00027403622    0.0716956207    0.0833975938
          wgpu 1d 89g 179c x3w 3ms | egraph 24g->33v+0snap 6ms | graft 23 (-42n, 0 snap) cpu 0 | f64 20 | gen 0.1s | dropped inexpr 4 oversz 0 unbuild 0 {}
  75     0     100               0  9.74805805e-05   7.6165384e-05    0.0251419711  0.000274036247    0.0716956046    0.0833976014
  75     1      50               0  9.74805805e-05   7.6165384e-05    0.0251419711  0.000274036247    0.0716956046    0.0833976014
          wgpu 1d 76g 175c x3w 5ms | egraph 20g->29v+0snap 5ms | graft 18 (-43n, 0 snap) cpu 0 | f64 20 | gen 0.1s | dropped inexpr 1 oversz 0 unbuild 0 {}
  76     0     100               0  9.74806024e-05   7.6165377e-05    0.0251419693   0.00027403622    0.0716956207    0.0833975938
  76     1      50               0  9.74805805e-05   7.6165384e-05    0.0251419711  0.000274036247    0.0716956046    0.0833976014
          wgpu 1d 80g 170c x3w 3ms | egraph 12g->24v+0snap 5ms | graft 11 (-26n, 0 snap) cpu 0 | f64 20 | gen 0.1s | dropped inexpr 3 oversz 0 unbuild 0 {}
  77     0     100               0  9.74806024e-05   7.6165377e-05    0.0251419693   0.00027403622    0.0716956207    0.0833975938
  77     1      50               0  9.74806024e-05   7.6165377e-05    0.0251419693   0.00027403622    0.0716956207    0.0833975938
          wgpu 1d 84g 174c x3w 3ms | egraph 23g->28v+0snap 6ms | graft 20 (-44n, 0 snap) cpu 0 | f64 20 | gen 0.1s | dropped inexpr 2 oversz 0 unbuild 0 {}
  78     0     100               0  9.74805805e-05   7.6165384e-05    0.0251419711  0.000274036247    0.0716956046    0.0833976014
  78     1      50               0  9.74805805e-05   7.6165384e-05    0.0251419711  0.000274036247    0.0716956046    0.0833976014
          wgpu 1d 91g 176c x3w 3ms | egraph 22g->30v+0snap 5ms | graft 18 (-40n, 0 snap) cpu 0 | f64 20 | gen 0.2s | dropped inexpr 1 oversz 0 unbuild 0 {}
  79     0     100               0  9.74805805e-05   7.6165384e-05    0.0251419711  0.000274036247    0.0716956046    0.0833976014
  79     1      50               0  9.74805805e-05   7.6165384e-05    0.0251419711  0.000274036247    0.0716956046    0.0833976014
          wgpu 1d 100g 178c x3w 3ms | egraph 25g->32v+0snap 6ms | graft 19 (-49n, 0 snap) cpu 0 | f64 20 | gen 0.1s | dropped inexpr 7 oversz 0 unbuild 0 {}
  80     0     100               0  9.74806024e-05   7.6165377e-05    0.0251419693   0.00027403622    0.0716956207    0.0833975938
  80     1      50               0  9.74806024e-05   7.6165377e-05    0.0251419693   0.00027403622    0.0716956207    0.0833975938
          wgpu 1d 85g 173c x3w 3ms | egraph 23g->27v+0snap 5ms | graft 13 (-35n, 0 snap) cpu 0 | f64 20 | gen 0.1s | dropped inexpr 2 oversz 0 unbuild 0 {}
--------- pump migration: intra (promote-2 + intake-reset) ---------
  81     0     100               0  9.74806024e-05   7.6165377e-05    0.0251419693   0.00027403622    0.0716956207    0.0833975938
  81     1      50               0  9.74806024e-05   7.6165377e-05    0.0251419693   0.00027403622    0.0716956207    0.0833975938
          wgpu 2d 298g 332c x3w 7ms | egraph 99g->106v+0snap 30ms | graft 58 (-148n, 0 snap) cpu 0 | f64 30 | gen 0.1s | dropped inexpr 6 oversz 0 unbuild 0 {}
  82     0     100               0  9.74806024e-05   7.6165377e-05    0.0251419693   0.00027403622    0.0716956207    0.0833975938
  82     1      50               0  9.74805805e-05   7.6165384e-05    0.0251419711  0.000274036247    0.0716956046    0.0833976014
          wgpu 1d 81g 170c x3w 3ms | egraph 22g->24v+0snap 7ms | graft 17 (-39n, 0 snap) cpu 0 | f64 20 | gen 0.1s | dropped inexpr 3 oversz 0 unbuild 0 {}
  83     0     100               0  9.74806024e-05   7.6165377e-05    0.0251419693   0.00027403622    0.0716956207    0.0833975938
  83     1      50               0  9.74805805e-05   7.6165384e-05    0.0251419711  0.000274036247    0.0716956046    0.0833976014
          wgpu 1d 82g 167c x3w 3ms | egraph 23g->21v+0snap 8ms | graft 16 (-45n, 0 snap) cpu 0 | f64 20 | gen 0.1s | dropped inexpr 1 oversz 0 unbuild 0 {}
  84     0     100               0  9.74805805e-05   7.6165384e-05    0.0251419711  0.000274036247    0.0716956046    0.0833976014
  84     1      50               0  9.74805805e-05   7.6165384e-05    0.0251419711  0.000274036247    0.0716956046    0.0833976014
          wgpu 1d 121g 197c x3w 4ms | egraph 35g->51v+0snap 12ms | graft 27 (-74n, 0 snap) cpu 0 | f64 20 | gen 0.2s | dropped inexpr 8 oversz 0 unbuild 0 {}
  85     0     100               0  9.74805805e-05   7.6165384e-05    0.0251419711  0.000274036247    0.0716956046    0.0833976014
  85     1      50               0  9.74805805e-05   7.6165384e-05    0.0251419711  0.000274036247    0.0716956046    0.0833976014
          wgpu 1d 113g 180c x3w 4ms | egraph 32g->34v+0snap 8ms | graft 19 (-49n, 0 snap) cpu 0 | f64 20 | gen 0.1s | dropped inexpr 6 oversz 0 unbuild 0 {}
  86     0     100               0  9.74805805e-05   7.6165384e-05    0.0251419711  0.000274036247    0.0716956046    0.0833976014
  86     1      50               0  9.74806024e-05   7.6165377e-05    0.0251419693   0.00027403622    0.0716956207    0.0833975938
          wgpu 1d 96g 177c x3w 3ms | egraph 18g->31v+0snap 10ms | graft 22 (-48n, 0 snap) cpu 0 | f64 20 | gen 0.1s | dropped inexpr 2 oversz 0 unbuild 0 {}
  87     0     100               0  9.74805805e-05   7.6165384e-05    0.0251419711  0.000274036247    0.0716956046    0.0833976014
  87     1      50               0  9.74805805e-05   7.6165384e-05    0.0251419711  0.000274036247    0.0716956046    0.0833976014
          wgpu 1d 107g 183c x3w 4ms | egraph 27g->37v+0snap 8ms | graft 24 (-60n, 0 snap) cpu 0 | f64 20 | gen 0.1s | dropped inexpr 6 oversz 0 unbuild 0 {}
  88     0     100               0  9.74805805e-05   7.6165384e-05    0.0251419711  0.000274036247    0.0716956046    0.0833976014
  88     1      50               0  9.74806024e-05   7.6165377e-05    0.0251419693   0.00027403622    0.0716956207    0.0833975938
          wgpu 1d 91g 179c x3w 3ms | egraph 19g->33v+0snap 7ms | graft 23 (-57n, 0 snap) cpu 0 | f64 20 | gen 0.1s | dropped inexpr 4 oversz 0 unbuild 0 {}
  89     0     100               0  9.74805805e-05   7.6165384e-05    0.0251419711  0.000274036247    0.0716956046    0.0833976014
  89     1      50               0  9.74806024e-05   7.6165377e-05    0.0251419693   0.00027403622    0.0716956207    0.0833975938
          wgpu 1d 87g 178c x3w 3ms | egraph 20g->32v+0snap 8ms | graft 16 (-49n, 0 snap) cpu 0 | f64 20 | gen 0.1s | dropped inexpr 3 oversz 0 unbuild 0 {}
  90     0     100               0  9.74805805e-05   7.6165384e-05    0.0251419711  0.000274036247    0.0716956046    0.0833976014
  90     1      50               0  9.74806024e-05   7.6165377e-05    0.0251419693   0.00027403622    0.0716956207    0.0833975938
          wgpu 1d 92g 172c x3w 3ms | egraph 20g->26v+0snap 6ms | graft 12 (-35n, 0 snap) cpu 0 | f64 20 | gen 0.1s | dropped inexpr 1 oversz 0 unbuild 0 {}
--------- pump migration: intra (promote-2 + intake-reset) + cross ---------
  91     0     100               0  9.74806024e-05   7.6165377e-05    0.0251419693   0.00027403622    0.0716956207    0.0833975938
  91     1      50               0  9.74805805e-05   7.6165384e-05    0.0251419711  0.000274036247    0.0716956046    0.0833976014
          wgpu 2d 280g 339c x3w 7ms | egraph 90g->113v+0snap 31ms | graft 57 (-157n, 0 snap) cpu 0 | f64 30 | gen 0.1s | dropped inexpr 4 oversz 0 unbuild 0 {}
  92     0     100               0  9.74806024e-05   7.6165377e-05    0.0251419693   0.00027403622    0.0716956207    0.0833975938
  92     1      50               0  9.74806024e-05   7.6165377e-05    0.0251419693   0.00027403622    0.0716956207    0.0833975938
          wgpu 1d 105g 189c x3w 4ms | egraph 24g->43v+0snap 8ms | graft 20 (-63n, 0 snap) cpu 0 | f64 20 | gen 0.1s | dropped inexpr 4 oversz 0 unbuild 0 {}
  93     0     100               0  9.74805805e-05   7.6165384e-05    0.0251419711  0.000274036247    0.0716956046    0.0833976014
  93     1      50               0  9.74806024e-05   7.6165377e-05    0.0251419693   0.00027403622    0.0716956207    0.0833975938
          wgpu 1d 114g 184c x3w 5ms | egraph 29g->38v+0snap 9ms | graft 22 (-75n, 0 snap) cpu 0 | f64 20 | gen 0.1s | dropped inexpr 4 oversz 0 unbuild 0 {}
  94     0     100               0  9.74805805e-05   7.6165384e-05    0.0251419711  0.000274036247    0.0716956046    0.0833976014
  94     1      50               0  9.74806024e-05   7.6165377e-05    0.0251419693   0.00027403622    0.0716956207    0.0833975938
          wgpu 1d 95g 175c x3w 6ms | egraph 21g->29v+0snap 7ms | graft 15 (-43n, 0 snap) cpu 0 | f64 20 | gen 0.1s | dropped inexpr 4 oversz 0 unbuild 0 {}
  95     0     100               0  9.74805805e-05   7.6165384e-05    0.0251419711  0.000274036247    0.0716956046    0.0833976014
  95     1      50               0  9.74806024e-05   7.6165377e-05    0.0251419693   0.00027403622    0.0716956207    0.0833975938
          wgpu 1d 110g 181c x3w 3ms | egraph 27g->35v+0snap 6ms | graft 20 (-62n, 0 snap) cpu 0 | f64 20 | gen 0.1s | dropped inexpr 7 oversz 0 unbuild 0 {}
  96     0     100               0  9.74805805e-05   7.6165384e-05    0.0251419711  0.000274036247    0.0716956046    0.0833976014
  96     1      50               0  9.74806024e-05   7.6165377e-05    0.0251419693   0.00027403622    0.0716956207    0.0833975938
          wgpu 1d 79g 167c x3w 3ms | egraph 19g->21v+0snap 4ms | graft 13 (-30n, 0 snap) cpu 0 | f64 20 | gen 0.2s | dropped inexpr 5 oversz 0 unbuild 0 {}
  97     0     100               0  9.74805805e-05   7.6165384e-05    0.0251419711  0.000274036247    0.0716956046    0.0833976014
  97     1      50               0  9.74806024e-05   7.6165377e-05    0.0251419693   0.00027403622    0.0716956207    0.0833975938
          wgpu 1d 73g 174c x3w 3ms | egraph 13g->28v+0snap 5ms | graft 16 (-42n, 0 snap) cpu 0 | f64 20 | gen 0.1s | dropped inexpr 2 oversz 0 unbuild 0 {}
  98     0     100               0  9.74805805e-05   7.6165384e-05    0.0251419711  0.000274036247    0.0716956046    0.0833976014
  98     1      50               0  9.74806024e-05   7.6165377e-05    0.0251419693   0.00027403622    0.0716956207    0.0833975938
          wgpu 1d 92g 175c x3w 3ms | egraph 21g->29v+0snap 5ms | graft 18 (-35n, 0 snap) cpu 0 | f64 20 | gen 0.1s | dropped inexpr 4 oversz 0 unbuild 0 {}
  99     0     100               0  9.74806024e-05   7.6165377e-05    0.0251419693   0.00027403622    0.0716956207    0.0833975938
  99     1      50               0  9.74805805e-05   7.6165384e-05    0.0251419711  0.000274036247    0.0716956046    0.0833976014
          wgpu 1d 101g 184c x3w 3ms | egraph 20g->38v+0snap 6ms | graft 22 (-64n, 0 snap) cpu 0 | f64 20 | gen 0.1s | dropped inexpr 2 oversz 0 unbuild 0 {}
 100     0     100               0  9.74805805e-05   7.6165384e-05    0.0251419711  0.000274036247    0.0716956046    0.0833976014
 100     1      50               0  9.74806024e-05   7.6165377e-05    0.0251419693   0.00027403622    0.0716956207    0.0833975938
          wgpu 1d 84g 174c x3w 3ms | egraph 19g->28v+0snap 6ms | graft 17 (-38n, 0 snap) cpu 0 | f64 20 | gen 0.1s | dropped inexpr 4 oversz 0 unbuild 0 {}
--------- pump migration: intra (promote-2 + intake-reset) ---------
 101     0     100               0  9.74805805e-05   7.6165384e-05    0.0251419711  0.000274036247    0.0716956046    0.0833976014
 101     1      50               0  9.74805805e-05   7.6165384e-05    0.0251419711  0.000274036247    0.0716956046    0.0833976014
          wgpu 2d 301g 330c x3w 7ms | egraph 98g->104v+0snap 25ms | graft 52 (-162n, 0 snap) cpu 0 | f64 30 | gen 0.2s | dropped inexpr 3 oversz 0 unbuild 0 {}
 102     0     100               0  9.74806024e-05   7.6165377e-05    0.0251419693   0.00027403622    0.0716956207    0.0833975938
 102     1      50               0  9.74805805e-05   7.6165384e-05    0.0251419711  0.000274036247    0.0716956046    0.0833976014
          wgpu 1d 101g 174c x3w 3ms | egraph 15g->28v+0snap 3ms | graft 17 (-36n, 0 snap) cpu 0 | f64 20 | gen 0.1s | dropped inexpr 3 oversz 0 unbuild 0 {}
 103     0     100               0  9.74806024e-05   7.6165377e-05    0.0251419693   0.00027403622    0.0716956207    0.0833975938
 103     1      50               0  9.74806024e-05   7.6165377e-05    0.0251419693   0.00027403622    0.0716956207    0.0833975938
          wgpu 1d 80g 163c x3w 3ms | egraph 14g->17v+0snap 3ms | graft 10 (-20n, 0 snap) cpu 0 | f64 20 | gen 0.1s | dropped inexpr 1 oversz 0 unbuild 0 {}
 104     0     100               0  9.74805805e-05   7.6165384e-05    0.0251419711  0.000274036247    0.0716956046    0.0833976014
 104     1      50               0  9.74806024e-05   7.6165377e-05    0.0251419693   0.00027403622    0.0716956207    0.0833975938
          wgpu 1d 92g 170c x3w 3ms | egraph 23g->24v+0snap 12ms | graft 13 (-29n, 0 snap) cpu 0 | f64 20 | gen 0.1s | dropped inexpr 4 oversz 0 unbuild 0 {}
 105     0     100               0  9.74805805e-05   7.6165384e-05    0.0251419711  0.000274036247    0.0716956046    0.0833976014
 105     1      50               0  9.74805805e-05   7.6165384e-05    0.0251419711  0.000274036247    0.0716956046    0.0833976014
          wgpu 1d 105g 177c x3w 3ms | egraph 24g->31v+0snap 5ms | graft 15 (-44n, 0 snap) cpu 0 | f64 20 | gen 0.1s | dropped inexpr 4 oversz 0 unbuild 0 {}
 106     0     100               0  9.74806024e-05   7.6165377e-05    0.0251419693   0.00027403622    0.0716956207    0.0833975938
 106     1      50               0  9.74806024e-05   7.6165377e-05    0.0251419693   0.00027403622    0.0716956207    0.0833975938
          wgpu 1d 100g 179c x3w 3ms | egraph 22g->33v+0snap 5ms | graft 17 (-54n, 0 snap) cpu 0 | f64 20 | gen 0.1s | dropped inexpr 3 oversz 0 unbuild 0 {}
 107     0     100               0  9.74806024e-05   7.6165377e-05    0.0251419693   0.00027403622    0.0716956207    0.0833975938
 107     1      50               0  9.74806024e-05   7.6165377e-05    0.0251419693   0.00027403622    0.0716956207    0.0833975938
          wgpu 1d 103g 170c x3w 3ms | egraph 20g->24v+0snap 6ms | graft 15 (-32n, 0 snap) cpu 0 | f64 20 | gen 0.1s | dropped inexpr 2 oversz 0 unbuild 0 {}
 108     0     100               0  9.74805805e-05   7.6165384e-05    0.0251419711  0.000274036247    0.0716956046    0.0833976014
 108     1      50               0  9.74806024e-05   7.6165377e-05    0.0251419693   0.00027403622    0.0716956207    0.0833975938
          wgpu 1d 93g 174c x3w 3ms | egraph 20g->28v+0snap 8ms | graft 16 (-53n, 0 snap) cpu 0 | f64 20 | gen 0.2s | dropped inexpr 3 oversz 0 unbuild 0 {}
 109     0     100               0  9.74805805e-05   7.6165384e-05    0.0251419711  0.000274036247    0.0716956046    0.0833976014
 109     1      50               0  9.74806024e-05   7.6165377e-05    0.0251419693   0.00027403622    0.0716956207    0.0833975938
          wgpu 1d 87g 177c x3w 3ms | egraph 13g->31v+0snap 5ms | graft 17 (-44n, 0 snap) cpu 0 | f64 20 | gen 0.1s
 110     0     100               0  9.74805805e-05   7.6165384e-05    0.0251419711  0.000274036247    0.0716956046    0.0833976014
 110     1      50               0  9.74806024e-05   7.6165377e-05    0.0251419693   0.00027403622    0.0716956207    0.0833975938
          wgpu 1d 92g 170c x3w 3ms | egraph 20g->24v+0snap 7ms | graft 15 (-39n, 0 snap) cpu 0 | f64 20 | gen 0.1s | dropped inexpr 2 oversz 0 unbuild 0 {}
--------- pump migration: intra (promote-2 + intake-reset) ---------
 111     0     100               0  9.74806024e-05   7.6165377e-05    0.0251419693   0.00027403622    0.0716956207    0.0833975938
 111     1      50               0  9.74805805e-05   7.6165384e-05    0.0251419711  0.000274036247    0.0716956046    0.0833976014
          wgpu 2d 269g 313c x3w 7ms | egraph 88g->87v+0snap 29ms | graft 44 (-128n, 0 snap) cpu 0 | f64 30 | gen 0.1s | dropped inexpr 4 oversz 0 unbuild 0 {}
 112     0     100               0  9.74805805e-05   7.6165384e-05    0.0251419711  0.000274036247    0.0716956046    0.0833976014
 112     1      50               0  9.74805805e-05   7.6165384e-05    0.0251419711  0.000274036247    0.0716956046    0.0833976014
          wgpu 1d 82g 176c x3w 3ms | egraph 15g->30v+0snap 4ms | graft 17 (-35n, 0 snap) cpu 0 | f64 20 | gen 0.2s
 113     0     100               0  9.74806024e-05   7.6165377e-05    0.0251419693   0.00027403622    0.0716956207    0.0833975938
 113     1      50               0  9.74806024e-05   7.6165377e-05    0.0251419693   0.00027403622    0.0716956207    0.0833975938
          wgpu 1d 87g 166c x3w 3ms | egraph 23g->20v+0snap 6ms | graft 9 (-20n, 0 snap) cpu 0 | f64 20 | gen 0.2s | dropped inexpr 1 oversz 0 unbuild 0 {}
 114     0     100               0  9.74805805e-05   7.6165384e-05    0.0251419711  0.000274036247    0.0716956046    0.0833976014
 114     1      50               0  9.74806024e-05   7.6165377e-05    0.0251419693   0.00027403622    0.0716956207    0.0833975938
          wgpu 1d 104g 179c x3w 3ms | egraph 23g->33v+0snap 5ms | graft 18 (-59n, 0 snap) cpu 0 | f64 20 | gen 0.1s | dropped inexpr 3 oversz 0 unbuild 0 {}
 115     0     100               0  9.74805805e-05   7.6165384e-05    0.0251419711  0.000274036247    0.0716956046    0.0833976014
 115     1      50               0  9.74806024e-05   7.6165377e-05    0.0251419693   0.00027403622    0.0716956207    0.0833975938
          wgpu 1d 89g 172c x3w 3ms | egraph 21g->26v+0snap 6ms | graft 14 (-41n, 0 snap) cpu 0 | f64 20 | gen 0.1s | dropped inexpr 1 oversz 0 unbuild 0 {}
 116     0     100               0  9.74805805e-05   7.6165384e-05    0.0251419711  0.000274036247    0.0716956046    0.0833976014
 116     1      50               0  9.74806024e-05   7.6165377e-05    0.0251419693   0.00027403622    0.0716956207    0.0833975938
          wgpu 1d 83g 171c x3w 3ms | egraph 16g->25v+0snap 6ms | graft 12 (-23n, 0 snap) cpu 0 | f64 20 | gen 0.2s | dropped inexpr 1 oversz 0 unbuild 0 {}
 117     0     100               0  9.74805805e-05   7.6165384e-05    0.0251419711  0.000274036247    0.0716956046    0.0833976014
 117     1      50               0  9.74805805e-05   7.6165384e-05    0.0251419711  0.000274036247    0.0716956046    0.0833976014
          wgpu 1d 113g 184c x3w 4ms | egraph 28g->38v+0snap 11ms | graft 20 (-61n, 0 snap) cpu 0 | f64 20 | gen 0.3s | dropped inexpr 5 oversz 0 unbuild 0 {}
 118     0     100               0  9.74806024e-05   7.6165377e-05    0.0251419693   0.00027403622    0.0716956207    0.0833975938
 118     1      50               0  9.74806024e-05   7.6165377e-05    0.0251419693   0.00027403622    0.0716956207    0.0833975938
          wgpu 1d 75g 160c x3w 3ms | egraph 15g->14v+0snap 4ms | graft 8 (-16n, 0 snap) cpu 0 | f64 20 | gen 0.1s | dropped inexpr 1 oversz 0 unbuild 0 {}
 119     0     100               0  9.74806024e-05   7.6165377e-05    0.0251419693   0.00027403622    0.0716956207    0.0833975938
 119     1      50               0  9.74806024e-05   7.6165377e-05    0.0251419693   0.00027403622    0.0716956207    0.0833975938
          wgpu 1d 94g 167c x3w 3ms | egraph 26g->21v+0snap 9ms | graft 15 (-35n, 0 snap) cpu 0 | f64 20 | gen 0.1s | dropped inexpr 1 oversz 0 unbuild 0 {}
 120     0     100               0  9.74805805e-05   7.6165384e-05    0.0251419711  0.000274036247    0.0716956046    0.0833976014
 120     1      50               0  9.74806024e-05   7.6165377e-05    0.0251419693   0.00027403622    0.0716956207    0.0833975938
          wgpu 1d 100g 182c x3w 3ms | egraph 23g->36v+0snap 9ms | graft 20 (-64n, 0 snap) cpu 0 | f64 20 | gen 0.1s | dropped inexpr 5 oversz 0 unbuild 0 {}
--------- pump migration: intra (promote-2 + intake-reset) + cross ---------
 121     0     100               0  9.74805805e-05   7.6165384e-05    0.0251419711  0.000274036247    0.0716956046    0.0833976014
 121     1      50               0  9.74806024e-05   7.6165377e-05    0.0251419693   0.00027403622    0.0716956207    0.0833975938
          wgpu 2d 255g 322c x3w 10ms | egraph 89g->96v+0snap 29ms | graft 45 (-148n, 0 snap) cpu 0 | f64 30 | gen 0.1s | dropped inexpr 7 oversz 0 unbuild 0 {}
 122     0     100               0  9.74805805e-05   7.6165384e-05    0.0251419711  0.000274036247    0.0716956046    0.0833976014
 122     1      50               0  9.74805805e-05   7.6165384e-05    0.0251419711  0.000274036247    0.0716956046    0.0833976014
          wgpu 1d 76g 167c x3w 3ms | egraph 16g->21v+0snap 8ms | graft 14 (-39n, 0 snap) cpu 0 | f64 20 | gen 0.1s | dropped inexpr 2 oversz 0 unbuild 0 {}
 123     0     100               0  9.74805805e-05   7.6165384e-05    0.0251419711  0.000274036247    0.0716956046    0.0833976014
 123     1      50               0  9.74806024e-05   7.6165377e-05    0.0251419693   0.00027403622    0.0716956207    0.0833975938
          wgpu 1d 92g 169c x3w 3ms | egraph 21g->23v+0snap 5ms | graft 15 (-41n, 0 snap) cpu 0 | f64 20 | gen 0.1s
 124     0     100               0  9.74805805e-05   7.6165384e-05    0.0251419711  0.000274036247    0.0716956046    0.0833976014
 124     1      50               0  9.74806024e-05   7.6165377e-05    0.0251419693   0.00027403622    0.0716956207    0.0833975938
          wgpu 1d 116g 195c x3w 3ms | egraph 33g->49v+0snap 12ms | graft 21 (-73n, 0 snap) cpu 0 | f64 20 | gen 0.3s | dropped inexpr 6 oversz 0 unbuild 0 {}
 125     0     100               0  9.74805805e-05   7.6165384e-05    0.0251419711  0.000274036247    0.0716956046    0.0833976014
 125     1      50               0  9.74806024e-05   7.6165377e-05    0.0251419693   0.00027403622    0.0716956207    0.0833975938
          wgpu 1d 84g 172c x3w 6ms | egraph 15g->26v+0snap 6ms | graft 14 (-34n, 0 snap) cpu 0 | f64 20 | gen 0.1s
 126     0     100               0  9.74806024e-05   7.6165377e-05    0.0251419693   0.00027403622    0.0716956207    0.0833975938
 126     1      50               0  9.74805805e-05   7.6165384e-05    0.0251419711  0.000274036247    0.0716956046    0.0833976014
          wgpu 1d 70g 162c x3w 10ms | egraph 13g->16v+0snap 4ms | graft 11 (-23n, 0 snap) cpu 0 | f64 20 | gen 0.1s | dropped inexpr 2 oversz 0 unbuild 0 {}
 127     0     100               0  9.74805805e-05   7.6165384e-05    0.0251419711  0.000274036247    0.0716956046    0.0833976014
 127     1      50               0  9.74805805e-05   7.6165384e-05    0.0251419711  0.000274036247    0.0716956046    0.0833976014
          wgpu 1d 77g 176c x3w 3ms | egraph 20g->30v+0snap 6ms | graft 13 (-31n, 0 snap) cpu 0 | f64 20 | gen 0.1s | dropped inexpr 4 oversz 0 unbuild 0 {}
 128     0     100               0  9.74805805e-05   7.6165384e-05    0.0251419711  0.000274036247    0.0716956046    0.0833976014
 128     1      50               0  9.74805805e-05   7.6165384e-05    0.0251419711  0.000274036247    0.0716956046    0.0833976014
          wgpu 1d 76g 172c x3w 3ms | egraph 10g->26v+0snap 4ms | graft 13 (-36n, 0 snap) cpu 0 | f64 20 | gen 0.1s
 129     0     100               0  9.74806024e-05   7.6165377e-05    0.0251419693   0.00027403622    0.0716956207    0.0833975938
 129     1      50               0  9.74806024e-05   7.6165377e-05    0.0251419693   0.00027403622    0.0716956207    0.0833975938
          wgpu 1d 79g 161c x3w 3ms | egraph 10g->15v+0snap 3ms | graft 12 (-24n, 0 snap) cpu 0 | f64 20 | gen 0.1s | dropped inexpr 2 oversz 0 unbuild 0 {}
 130     0     100               0  9.74805805e-05   7.6165384e-05    0.0251419711  0.000274036247    0.0716956046    0.0833976014
 130     1      50               0  9.74806024e-05   7.6165377e-05    0.0251419693   0.00027403622    0.0716956207    0.0833975938
          wgpu 1d 101g 179c x3w 3ms | egraph 18g->33v+0snap 5ms | graft 16 (-57n, 0 snap) cpu 0 | f64 20 | gen 0.2s | dropped inexpr 2 oversz 0 unbuild 0 {}
--------- pump migration: intra (promote-2 + intake-reset) ---------
 131     0     100               0  9.74805805e-05   7.6165384e-05    0.0251419711  0.000274036247    0.0716956046    0.0833976014
 131     1      50               0  9.74806024e-05   7.6165377e-05    0.0251419693   0.00027403622    0.0716956207    0.0833975938
          wgpu 2d 264g 313c x3w 7ms | egraph 77g->87v+0snap 30ms | graft 43 (-155n, 0 snap) cpu 0 | f64 30 | gen 0.1s | dropped inexpr 4 oversz 0 unbuild 0 {}
 132     0     100               0  9.74805805e-05   7.6165384e-05    0.0251419711  0.000274036247    0.0716956046    0.0833976014
 132     1      50               0  9.74805805e-05   7.6165384e-05    0.0251419711  0.000274036247    0.0716956046    0.0833976014
          wgpu 1d 89g 172c x3w 3ms | egraph 17g->26v+0snap 5ms | graft 11 (-25n, 0 snap) cpu 0 | f64 20 | gen 0.1s
 133     0     100               0  9.74806024e-05   7.6165377e-05    0.0251419693   0.00027403622    0.0716956207    0.0833975938
 133     1      50               0  9.74806024e-05   7.6165377e-05    0.0251419693   0.00027403622    0.0716956207    0.0833975938
          wgpu 1d 82g 162c x3w 4ms | egraph 18g->16v+0snap 6ms | graft 9 (-20n, 0 snap) cpu 0 | f64 20 | gen 0.1s
 134     0     100               0  9.74805805e-05   7.6165384e-05    0.0251419711  0.000274036247    0.0716956046    0.0833976014
 134     1      50               0  9.74805805e-05   7.6165384e-05    0.0251419711  0.000274036247    0.0716956046    0.0833976014
          wgpu 1d 88g 174c x3w 4ms | egraph 14g->28v+0snap 5ms | graft 14 (-41n, 0 snap) cpu 0 | f64 20 | gen 0.1s
 135     0     100               0  9.74806024e-05   7.6165377e-05    0.0251419693   0.00027403622    0.0716956207    0.0833975938
 135     1      50               0  9.74805805e-05   7.6165384e-05    0.0251419711  0.000274036247    0.0716956046    0.0833976014
          wgpu 1d 100g 179c x3w 4ms | egraph 25g->33v+0snap 8ms | graft 21 (-42n, 0 snap) cpu 0 | f64 20 | gen 0.1s | dropped inexpr 1 oversz 0 unbuild 0 {}
 136     0     100               0  9.74805805e-05   7.6165384e-05    0.0251419711  0.000274036247    0.0716956046    0.0833976014
 136     1      50               0  9.74806024e-05   7.6165377e-05    0.0251419693   0.00027403622    0.0716956207    0.0833975938
          wgpu 1d 88g 173c x3w 4ms | egraph 22g->27v+0snap 7ms | graft 17 (-35n, 0 snap) cpu 0 | f64 20 | gen 0.1s | dropped inexpr 2 oversz 0 unbuild 0 {}
 137     0     100               0  9.74805805e-05   7.6165384e-05    0.0251419711  0.000274036247    0.0716956046    0.0833976014
 137     1      50               0  9.74806024e-05   7.6165377e-05    0.0251419693   0.00027403622    0.0716956207    0.0833975938
          wgpu 1d 76g 161c x3w 4ms | egraph 13g->15v+0snap 5ms | graft 8 (-14n, 0 snap) cpu 0 | f64 20 | gen 0.1s
 138     0     100               0  9.74805805e-05   7.6165384e-05    0.0251419711  0.000274036247    0.0716956046    0.0833976014
 138     1      50               0  9.74806024e-05   7.6165377e-05    0.0251419693   0.00027403622    0.0716956207    0.0833975938
          wgpu 1d 94g 174c x3w 3ms | egraph 14g->28v+0snap 6ms | graft 14 (-33n, 0 snap) cpu 0 | f64 20 | gen 0.1s
 139     0     100               0  9.74805805e-05   7.6165384e-05    0.0251419711  0.000274036247    0.0716956046    0.0833976014
 139     1      50               0  9.74806024e-05   7.6165377e-05    0.0251419693   0.00027403622    0.0716956207    0.0833975938
          wgpu 1d 80g 167c x3w 3ms | egraph 13g->21v+0snap 4ms | graft 12 (-25n, 0 snap) cpu 0 | f64 20 | gen 0.1s
 140     0     100               0  9.74805805e-05   7.6165384e-05    0.0251419711  0.000274036247    0.0716956046    0.0833976014
 140     1      50               0  9.74806024e-05   7.6165377e-05    0.0251419693   0.00027403622    0.0716956207    0.0833975938
          wgpu 1d 85g 167c x3w 4ms | egraph 20g->21v+0snap 6ms | graft 13 (-27n, 0 snap) cpu 0 | f64 20 | gen 0.1s
--------- pump migration: intra (promote-2 + intake-reset) ---------
 141     0     100               0  9.74805805e-05   7.6165384e-05    0.0251419711  0.000274036247    0.0716956046    0.0833976014
 141     1      50               0  9.74805805e-05   7.6165384e-05    0.0251419711  0.000274036247    0.0716956046    0.0833976014
          wgpu 2d 256g 306c x3w 7ms | egraph 77g->80v+0snap 25ms | graft 48 (-120n, 0 snap) cpu 0 | f64 30 | gen 0.1s | dropped inexpr 1 oversz 0 unbuild 0 {}
 142     0     100               0  9.74805805e-05   7.6165384e-05    0.0251419711  0.000274036247    0.0716956046    0.0833976014
 142     1      50               0  9.74806024e-05   7.6165377e-05    0.0251419693   0.00027403622    0.0716956207    0.0833975938
          wgpu 1d 80g 167c x3w 3ms | egraph 14g->21v+0snap 3ms | graft 9 (-20n, 0 snap) cpu 0 | f64 20 | gen 0.1s
 143     0     100               0  9.74805805e-05   7.6165384e-05    0.0251419711  0.000274036247    0.0716956046    0.0833976014
 143     1      50               0  9.74805805e-05   7.6165384e-05    0.0251419711  0.000274036247    0.0716956046    0.0833976014
          wgpu 1d 78g 163c x3w 3ms | egraph 15g->17v+0snap 3ms | graft 11 (-23n, 0 snap) cpu 0 | f64 20 | gen 0.1s
 144     0     100               0  9.74805805e-05   7.6165384e-05    0.0251419711  0.000274036247    0.0716956046    0.0833976014
 144     1      50               0  9.74805805e-05   7.6165384e-05    0.0251419711  0.000274036247    0.0716956046    0.0833976014
          wgpu 1d 102g 179c x3w 3ms | egraph 19g->33v+0snap 4ms | graft 20 (-56n, 0 snap) cpu 0 | f64 20 | gen 0.1s
 145     0     100               0  9.74805805e-05   7.6165384e-05    0.0251419711  0.000274036247    0.0716956046    0.0833976014
 145     1      50               0  9.74805805e-05   7.6165384e-05    0.0251419711  0.000274036247    0.0716956046    0.0833976014
          wgpu 1d 79g 165c x3w 4ms | egraph 18g->19v+0snap 4ms | graft 12 (-30n, 0 snap) cpu 0 | f64 20 | gen 0.2s | dropped inexpr 2 oversz 0 unbuild 0 {}
 146     0     100               0  9.74805805e-05   7.6165384e-05    0.0251419711  0.000274036247    0.0716956046    0.0833976014
 146     1      50               0  9.74806024e-05   7.6165377e-05    0.0251419693   0.00027403622    0.0716956207    0.0833975938
          wgpu 1d 76g 166c x3w 3ms | egraph 15g->20v+0snap 3ms | graft 15 (-37n, 0 snap) cpu 0 | f64 20 | gen 0.1s
 147     0     100               0  9.74805805e-05   7.6165384e-05    0.0251419711  0.000274036247    0.0716956046    0.0833976014
 147     1      50               0  9.74806024e-05   7.6165377e-05    0.0251419693   0.00027403622    0.0716956207    0.0833975938
          wgpu 1d 78g 169c x3w 3ms | egraph 20g->23v+0snap 5ms | graft 12 (-27n, 0 snap) cpu 0 | f64 20 | gen 0.1s | dropped inexpr 1 oversz 0 unbuild 0 {}
 148     0     100               0  9.74806024e-05   7.6165377e-05    0.0251419693   0.00027403622    0.0716956207    0.0833975938
 148     1      50               0  9.74805805e-05   7.6165384e-05    0.0251419711  0.000274036247    0.0716956046    0.0833976014
          wgpu 1d 67g 162c x3w 3ms | egraph 7g->16v+0snap 2ms | graft 10 (-22n, 0 snap) cpu 0 | f64 20 | gen 0.2s
 149     0     100               0  9.74805805e-05   7.6165384e-05    0.0251419711  0.000274036247    0.0716956046    0.0833976014
 149     1      50               0  9.74806024e-05   7.6165377e-05    0.0251419693   0.00027403622    0.0716956207    0.0833975938
          wgpu 1d 78g 163c x3w 3ms | egraph 9g->17v+0snap 4ms | graft 10 (-39n, 0 snap) cpu 0 | f64 20 | gen 0.1s | dropped inexpr 1 oversz 0 unbuild 0 {}
 150     0     100               0  9.74806024e-05   7.6165377e-05    0.0251419693   0.00027403622    0.0716956207    0.0833975938
 150     1      50               0  9.74805805e-05   7.6165384e-05    0.0251419711  0.000274036247    0.0716956046    0.0833976014
          wgpu 1d 98g 177c x3w 3ms | egraph 21g->31v+0snap 6ms | graft 17 (-34n, 0 snap) cpu 0 | f64 20 | gen 0.1s
--------- pump migration: intra (promote-2 + intake-reset) + cross ---------
 151     0     100               0   0.00040646246  0.000335652529    0.0738867513   0.00056776392     0.298947459     0.367524121
 151     1      50               0  9.74805805e-05   7.6165384e-05    0.0251419711  0.000274036247    0.0716956046    0.0833976014
          wgpu 2d 290g 331c x3w 7ms | egraph 89g->105v+0snap 24ms | graft 49 (-138n, 0 snap) cpu 0 | f64 30 | gen 0.1s | dropped inexpr 5 oversz 0 unbuild 0 {}
 152     0     100               0  9.74805805e-05   7.6165384e-05    0.0251419711  0.000274036247    0.0716956046    0.0833976014
 152     1      50               0  9.74806024e-05   7.6165377e-05    0.0251419693   0.00027403622    0.0716956207    0.0833975938
          wgpu 1d 91g 177c x3w 3ms | egraph 18g->31v+0snap 6ms | graft 19 (-40n, 0 snap) cpu 0 | f64 20 | gen 0.1s
 153     0     100               0  9.74805805e-05   7.6165384e-05    0.0251419711  0.000274036247    0.0716956046    0.0833976014
 153     1      50               0  9.74806024e-05   7.6165377e-05    0.0251419693   0.00027403622    0.0716956207    0.0833975938
          wgpu 1d 108g 180c x3w 4ms | egraph 19g->34v+0snap 6ms | graft 19 (-48n, 0 snap) cpu 0 | f64 20 | gen 0.1s | dropped inexpr 1 oversz 0 unbuild 0 {}
 154     0     100               0  9.74805805e-05   7.6165384e-05    0.0251419711  0.000274036247    0.0716956046    0.0833976014
 154     1      50               0  9.74805805e-05   7.6165384e-05    0.0251419711  0.000274036247    0.0716956046    0.0833976014
          wgpu 1d 80g 171c x3w 3ms | egraph 14g->25v+0snap 5ms | graft 15 (-40n, 0 snap) cpu 0 | f64 20 | gen 0.1s
 155     0     100               0  9.74805805e-05   7.6165384e-05    0.0251419711  0.000274036247    0.0716956046    0.0833976014
 155     1      50               0  9.74806024e-05   7.6165377e-05    0.0251419693   0.00027403622    0.0716956207    0.0833975938
          wgpu 1d 84g 170c x3w 3ms | egraph 16g->24v+0snap 5ms | graft 13 (-33n, 0 snap) cpu 0 | f64 20 | gen 0.1s
 156     0     100               0  9.74805805e-05   7.6165384e-05    0.0251419711  0.000274036247    0.0716956046    0.0833976014
 156     1      50               0  9.74805805e-05   7.6165384e-05    0.0251419711  0.000274036247    0.0716956046    0.0833976014
          wgpu 1d 88g 166c x3w 3ms | egraph 14g->20v+0snap 5ms | graft 9 (-19n, 0 snap) cpu 0 | f64 20 | gen 0.1s | dropped inexpr 1 oversz 0 unbuild 0 {}
 157     0     100               0  9.74805805e-05   7.6165384e-05    0.0251419711  0.000274036247    0.0716956046    0.0833976014
 157     1      50               0  9.74806024e-05   7.6165377e-05    0.0251419693   0.00027403622    0.0716956207    0.0833975938
          wgpu 1d 101g 182c x3w 3ms | egraph 24g->36v+0snap 9ms | graft 17 (-49n, 0 snap) cpu 0 | f64 20 | gen 0.1s
 158     0     100               0  9.74805805e-05   7.6165384e-05    0.0251419711  0.000274036247    0.0716956046    0.0833976014
 158     1      50               0  9.74806024e-05   7.6165377e-05    0.0251419693   0.00027403622    0.0716956207    0.0833975938
          wgpu 1d 78g 171c x3w 3ms | egraph 10g->25v+0snap 3ms | graft 10 (-25n, 0 snap) cpu 0 | f64 20 | gen 0.1s
 159     0     100               0  9.74805805e-05   7.6165384e-05    0.0251419711  0.000274036247    0.0716956046    0.0833976014
 159     1      50               0  9.74805805e-05   7.6165384e-05    0.0251419711  0.000274036247    0.0716956046    0.0833976014
          wgpu 1d 103g 180c x3w 3ms | egraph 18g->34v+0snap 6ms | graft 15 (-34n, 0 snap) cpu 0 | f64 20 | gen 0.1s | dropped inexpr 1 oversz 0 unbuild 0 {}
 160     0     100               0  9.74805805e-05   7.6165384e-05    0.0251419711  0.000274036247    0.0716956046    0.0833976014
 160     1      50               0  9.74805805e-05   7.6165384e-05    0.0251419711  0.000274036247    0.0716956046    0.0833976014
          wgpu 1d 86g 171c x3w 3ms | egraph 18g->25v+0snap 6ms | graft 16 (-43n, 0 snap) cpu 0 | f64 20 | gen 0.1s
--------- pump migration: intra (promote-2 + intake-reset) ---------
 161     0     100               0  9.74806024e-05   7.6165377e-05    0.0251419693   0.00027403622    0.0716956207    0.0833975938
 161     1      50               0  9.74806024e-05   7.6165377e-05    0.0251419693   0.00027403622    0.0716956207    0.0833975938
          wgpu 2d 271g 316c x3w 7ms | egraph 82g->90v+0snap 27ms | graft 49 (-139n, 0 snap) cpu 0 | f64 30 | gen 0.1s | dropped inexpr 4 oversz 0 unbuild 0 {}
 162     0     100               0  9.74805805e-05   7.6165384e-05    0.0251419711  0.000274036247    0.0716956046    0.0833976014
 162     1      50               0  9.74806024e-05   7.6165377e-05    0.0251419693   0.00027403622    0.0716956207    0.0833975938
          wgpu 1d 57g 165c x3w 3ms | egraph 5g->19v+0snap 2ms | graft 13 (-28n, 0 snap) cpu 0 | f64 20 | gen 0.1s
 163     0     100               0  9.74805805e-05   7.6165384e-05    0.0251419711  0.000274036247    0.0716956046    0.0833976014
 163     1      50               0  9.74805805e-05   7.6165384e-05    0.0251419711  0.000274036247    0.0716956046    0.0833976014
          wgpu 1d 87g 163c x3w 3ms | egraph 17g->17v+0snap 4ms | graft 12 (-35n, 0 snap) cpu 0 | f64 20 | gen 0.1s | dropped inexpr 1 oversz 0 unbuild 0 {}
 164     0     100               0  9.74805805e-05   7.6165384e-05    0.0251419711  0.000274036247    0.0716956046    0.0833976014
 164     1      50               0  9.74805805e-05   7.6165384e-05    0.0251419711  0.000274036247    0.0716956046    0.0833976014
          wgpu 1d 85g 171c x3w 3ms | egraph 13g->25v+0snap 4ms | graft 16 (-38n, 0 snap) cpu 0 | f64 20 | gen 0.1s
 165     0     100               0  9.74805805e-05   7.6165384e-05    0.0251419711  0.000274036247    0.0716956046    0.0833976014
 165     1      50               0  9.74805805e-05   7.6165384e-05    0.0251419711  0.000274036247    0.0716956046    0.0833976014
          wgpu 1d 76g 172c x3w 3ms | egraph 10g->26v+0snap 3ms | graft 16 (-38n, 0 snap) cpu 0 | f64 20 | gen 0.1s
 166     0     100               0  9.74805805e-05   7.6165384e-05    0.0251419711  0.000274036247    0.0716956046    0.0833976014
 166     1      50               0  9.74806024e-05   7.6165377e-05    0.0251419693   0.00027403622    0.0716956207    0.0833975938
          wgpu 1d 89g 167c x3w 3ms | egraph 17g->21v+0snap 4ms | graft 16 (-34n, 0 snap) cpu 0 | f64 20 | gen 0.1s | dropped inexpr 1 oversz 0 unbuild 0 {}
 167     0     100               0  9.74805805e-05   7.6165384e-05    0.0251419711  0.000274036247    0.0716956046    0.0833976014
 167     1      50               0  9.74805805e-05   7.6165384e-05    0.0251419711  0.000274036247    0.0716956046    0.0833976014
          wgpu 1d 97g 183c x3w 3ms | egraph 16g->37v+0snap 5ms | graft 15 (-39n, 0 snap) cpu 0 | f64 20 | gen 0.2s | dropped inexpr 3 oversz 0 unbuild 0 {}
 168     0     100               0  9.74806024e-05   7.6165377e-05    0.0251419693   0.00027403622    0.0716956207    0.0833975938
 168     1      50               0  9.74806024e-05   7.6165377e-05    0.0251419693   0.00027403622    0.0716956207    0.0833975938
          wgpu 1d 79g 174c x3w 3ms | egraph 11g->28v+0snap 3ms | graft 17 (-34n, 0 snap) cpu 0 | f64 20 | gen 0.1s
 169     0     100               0  9.74805805e-05   7.6165384e-05    0.0251419711  0.000274036247    0.0716956046    0.0833976014
 169     1      50               0  9.74806024e-05   7.6165377e-05    0.0251419693   0.00027403622    0.0716956207    0.0833975938
          wgpu 1d 88g 184c x3w 3ms | egraph 19g->38v+0snap 4ms | graft 22 (-46n, 0 snap) cpu 0 | f64 20 | gen 0.1s | dropped inexpr 2 oversz 0 unbuild 0 {}
 170     0     100               0  9.74806024e-05   7.6165377e-05    0.0251419693   0.00027403622    0.0716956207    0.0833975938
 170     1      50               0  9.74806024e-05   7.6165377e-05    0.0251419693   0.00027403622    0.0716956207    0.0833975938
          wgpu 1d 88g 167c x3w 3ms | egraph 15g->21v+0snap 3ms | graft 15 (-32n, 0 snap) cpu 0 | f64 20 | gen 0.1s | dropped inexpr 1 oversz 0 unbuild 0 {}
--------- pump migration: intra (promote-2 + intake-reset) ---------
 171     0     100               0  9.74805805e-05   7.6165384e-05    0.0251419711  0.000274036247    0.0716956046    0.0833976014
 171     1      50               0  9.74806024e-05   7.6165377e-05    0.0251419693   0.00027403622    0.0716956207    0.0833975938
          wgpu 2d 277g 314c x3w 7ms | egraph 89g->88v+0snap 28ms | graft 51 (-107n, 0 snap) cpu 0 | f64 30 | gen 0.1s | dropped inexpr 5 oversz 0 unbuild 0 {}
 172     0     100               0  9.74805805e-05   7.6165384e-05    0.0251419711  0.000274036247    0.0716956046    0.0833976014
 172     1      50               0  9.74805805e-05   7.6165384e-05    0.0251419711  0.000274036247    0.0716956046    0.0833976014
          wgpu 1d 78g 176c x3w 3ms | egraph 10g->30v+0snap 3ms | graft 19 (-35n, 0 snap) cpu 0 | f64 20 | gen 0.1s | dropped inexpr 2 oversz 0 unbuild 0 {}
 173     0     100               0  9.74805805e-05   7.6165384e-05    0.0251419711  0.000274036247    0.0716956046    0.0833976014
 173     1      50               0  9.74806024e-05   7.6165377e-05    0.0251419693   0.00027403622    0.0716956207    0.0833975938
          wgpu 1d 103g 181c x3w 3ms | egraph 14g->35v+0snap 7ms | graft 24 (-55n, 0 snap) cpu 0 | f64 20 | gen 0.1s | dropped inexpr 2 oversz 0 unbuild 0 {}
 174     0     100               0  9.74806024e-05   7.6165377e-05    0.0251419693   0.00027403622    0.0716956207    0.0833975938
 174     1      50               0  9.74806024e-05   7.6165377e-05    0.0251419693   0.00027403622    0.0716956207    0.0833975938
          wgpu 1d 88g 176c x3w 4ms | egraph 19g->30v+0snap 9ms | graft 19 (-34n, 0 snap) cpu 0 | f64 20 | gen 0.1s
 175     0     100               0  9.74805805e-05   7.6165384e-05    0.0251419711  0.000274036247    0.0716956046    0.0833976014
 175     1      50               0  9.74805805e-05   7.6165384e-05    0.0251419711  0.000274036247    0.0716956046    0.0833976014
          wgpu 1d 75g 170c x3w 3ms | egraph 9g->24v+0snap 3ms | graft 14 (-26n, 0 snap) cpu 0 | f64 20 | gen 0.1s | dropped inexpr 1 oversz 0 unbuild 0 {}
 176     0     100               0  9.74805805e-05   7.6165384e-05    0.0251419711  0.000274036247    0.0716956046    0.0833976014
 176     1      50               0  9.74805805e-05   7.6165384e-05    0.0251419711  0.000274036247    0.0716956046    0.0833976014
          wgpu 1d 89g 177c x3w 3ms | egraph 11g->31v+0snap 3ms | graft 16 (-28n, 0 snap) cpu 0 | f64 20 | gen 0.1s | dropped inexpr 2 oversz 0 unbuild 0 {}
 177     0     100               0  9.74805805e-05   7.6165384e-05    0.0251419711  0.000274036247    0.0716956046    0.0833976014
 177     1      50               0  9.74806024e-05   7.6165377e-05    0.0251419693   0.00027403622    0.0716956207    0.0833975938
          wgpu 1d 83g 166c x3w 4ms | egraph 13g->20v+0snap 3ms | graft 11 (-24n, 0 snap) cpu 0 | f64 20 | gen 0.1s | dropped inexpr 1 oversz 0 unbuild 0 {}
 178     0     100               0  9.74805805e-05   7.6165384e-05    0.0251419711  0.000274036247    0.0716956046    0.0833976014
 178     1      50               0  9.74805805e-05   7.6165384e-05    0.0251419711  0.000274036247    0.0716956046    0.0833976014
          wgpu 1d 97g 178c x3w 3ms | egraph 12g->32v+0snap 3ms | graft 22 (-49n, 0 snap) cpu 0 | f64 20 | gen 0.1s | dropped inexpr 1 oversz 0 unbuild 0 {}
 179     0     100               0  9.74805805e-05   7.6165384e-05    0.0251419711  0.000274036247    0.0716956046    0.0833976014
 179     1      50               0  9.74806024e-05   7.6165377e-05    0.0251419693   0.00027403622    0.0716956207    0.0833975938
          wgpu 1d 84g 172c x3w 3ms | egraph 15g->26v+0snap 6ms | graft 14 (-28n, 0 snap) cpu 0 | f64 20 | gen 0.1s
 180     0     100               0  9.74805805e-05   7.6165384e-05    0.0251419711  0.000274036247    0.0716956046    0.0833976014
 180     1      50               0  9.74806024e-05   7.6165377e-05    0.0251419693   0.00027403622    0.0716956207    0.0833975938
          wgpu 1d 91g 171c x3w 3ms | egraph 15g->25v+0snap 4ms | graft 18 (-34n, 0 snap) cpu 0 | f64 20 | gen 0.1s
--------- pump migration: intra (promote-2 + intake-reset) + cross ---------
 181     0     100               0  9.74806024e-05   7.6165377e-05    0.0251419693   0.00027403622    0.0716956207    0.0833975938
 181     1      50               0  9.74806024e-05   7.6165377e-05    0.0251419693   0.00027403622    0.0716956207    0.0833975938
          wgpu 2d 296g 336c x3w 7ms | egraph 96g->110v+0snap 28ms | graft 52 (-216n, 0 snap) cpu 0 | f64 30 | gen 0.1s | dropped inexpr 2 oversz 0 unbuild 0 {}
 182     0     100               0  9.74805805e-05   7.6165384e-05    0.0251419711  0.000274036247    0.0716956046    0.0833976014
 182     1      50               0  9.74806024e-05   7.6165377e-05    0.0251419693   0.00027403622    0.0716956207    0.0833975938
          wgpu 1d 104g 180c x3w 9ms | egraph 18g->34v+0snap 7ms | graft 21 (-44n, 0 snap) cpu 0 | f64 20 | gen 0.1s
 183     0     100               0  9.74806024e-05   7.6165377e-05    0.0251419693   0.00027403622    0.0716956207    0.0833975938
 183     1      50               0  9.74806024e-05   7.6165377e-05    0.0251419693   0.00027403622    0.0716956207    0.0833975938
          wgpu 1d 85g 167c x3w 4ms | egraph 13g->21v+0snap 10ms | graft 13 (-31n, 0 snap) cpu 0 | f64 20 | gen 0.1s | dropped inexpr 1 oversz 0 unbuild 0 {}
 184     0     100               0  9.74805805e-05   7.6165384e-05    0.0251419711  0.000274036247    0.0716956046    0.0833976014
 184     1      50               0  9.74806024e-05   7.6165377e-05    0.0251419693   0.00027403622    0.0716956207    0.0833975938
          wgpu 1d 83g 164c x3w 3ms | egraph 16g->18v+0snap 4ms | graft 14 (-24n, 0 snap) cpu 0 | f64 20 | gen 0.2s
 185     0     100               0  9.74805805e-05   7.6165384e-05    0.0251419711  0.000274036247    0.0716956046    0.0833976014
 185     1      50               0  9.74805805e-05   7.6165384e-05    0.0251419711  0.000274036247    0.0716956046    0.0833976014
          wgpu 1d 86g 168c x3w 3ms | egraph 16g->22v+0snap 5ms | graft 14 (-25n, 0 snap) cpu 0 | f64 20 | gen 0.1s
 186     0     100               0  9.74805805e-05   7.6165384e-05    0.0251419711  0.000274036247    0.0716956046    0.0833976014
 186     1      50               0  9.74806024e-05   7.6165377e-05    0.0251419693   0.00027403622    0.0716956207    0.0833975938
          wgpu 1d 85g 170c x3w 3ms | egraph 14g->24v+0snap 3ms | graft 12 (-21n, 0 snap) cpu 0 | f64 20 | gen 0.1s
 187     0     100               0  9.74805805e-05   7.6165384e-05    0.0251419711  0.000274036247    0.0716956046    0.0833976014
 187     1      50               0  9.74806024e-05   7.6165377e-05    0.0251419693   0.00027403622    0.0716956207    0.0833975938
          wgpu 1d 71g 163c x3w 3ms | egraph 8g->17v+0snap 2ms | graft 9 (-20n, 0 snap) cpu 0 | f64 20 | gen 0.1s
 188     0     100               0  9.74805805e-05   7.6165384e-05    0.0251419711  0.000274036247    0.0716956046    0.0833976014
 188     1      50               0  9.74805805e-05   7.6165384e-05    0.0251419711  0.000274036247    0.0716956046    0.0833976014
          wgpu 1d 84g 171c x3w 3ms | egraph 12g->25v+0snap 3ms | graft 18 (-36n, 0 snap) cpu 0 | f64 20 | gen 0.1s
 189     0     100               0  9.74805805e-05   7.6165384e-05    0.0251419711  0.000274036247    0.0716956046    0.0833976014
 189     1      50               0  9.74805805e-05   7.6165384e-05    0.0251419711  0.000274036247    0.0716956046    0.0833976014
          wgpu 1d 92g 171c x3w 3ms | egraph 14g->25v+0snap 9ms | graft 11 (-30n, 0 snap) cpu 0 | f64 20 | gen 0.1s
 190     0     100               0  9.74805805e-05   7.6165384e-05    0.0251419711  0.000274036247    0.0716956046    0.0833976014
 190     1      50               0  9.74806024e-05   7.6165377e-05    0.0251419693   0.00027403622    0.0716956207    0.0833975938
          wgpu 1d 90g 163c x3w 3ms | egraph 19g->17v+0snap 4ms | graft 11 (-22n, 0 snap) cpu 0 | f64 20 | gen 0.1s
--------- pump migration: intra (promote-2 + intake-reset) ---------
 191     0     100               0  9.74806024e-05   7.6165377e-05    0.0251419693   0.00027403622    0.0716956207    0.0833975938
 191     1      50               0  9.74805805e-05   7.6165384e-05    0.0251419711  0.000274036247    0.0716956046    0.0833976014
          wgpu 2d 306g 358c x3w 8ms | egraph 95g->132v+0snap 24ms | graft 58 (-140n, 0 snap) cpu 0 | f64 30 | gen 0.1s | dropped inexpr 4 oversz 0 unbuild 0 {}
 192     0     100               0  9.74805805e-05   7.6165384e-05    0.0251419711  0.000274036247    0.0716956046    0.0833976014
 192     1      50               0  9.74805805e-05   7.6165384e-05    0.0251419711  0.000274036247    0.0716956046    0.0833976014
          wgpu 1d 95g 170c x3w 3ms | egraph 14g->24v+0snap 3ms | graft 19 (-35n, 0 snap) cpu 0 | f64 20 | gen 0.1s
 193     0     100               0  9.74806024e-05   7.6165377e-05    0.0251419693   0.00027403622    0.0716956207    0.0833975938
 193     1      50               0  9.74805805e-05   7.6165384e-05    0.0251419711  0.000274036247    0.0716956046    0.0833976014
          wgpu 1d 89g 170c x3w 3ms | egraph 16g->24v+0snap 4ms | graft 16 (-36n, 0 snap) cpu 0 | f64 20 | gen 0.1s
 194     0     100               0  9.74806024e-05   7.6165377e-05    0.0251419693   0.00027403622    0.0716956207    0.0833975938
 194     1      50               0  9.74806024e-05   7.6165377e-05    0.0251419693   0.00027403622    0.0716956207    0.0833975938
          wgpu 1d 82g 171c x3w 3ms | egraph 13g->25v+0snap 4ms | graft 16 (-30n, 0 snap) cpu 0 | f64 20 | gen 0.1s
 195     0     100               0  9.74806024e-05   7.6165377e-05    0.0251419693   0.00027403622    0.0716956207    0.0833975938
 195     1      50               0  9.74806024e-05   7.6165377e-05    0.0251419693   0.00027403622    0.0716956207    0.0833975938
          wgpu 1d 88g 167c x3w 3ms | egraph 16g->21v+0snap 4ms | graft 16 (-39n, 0 snap) cpu 0 | f64 20 | gen 0.1s
 196     0     100               0  9.74806024e-05   7.6165377e-05    0.0251419693   0.00027403622    0.0716956207    0.0833975938
 196     1      50               0  9.74806024e-05   7.6165377e-05    0.0251419693   0.00027403622    0.0716956207    0.0833975938
          wgpu 1d 72g 161c x3w 3ms | egraph 7g->15v+0snap 2ms | graft 12 (-27n, 0 snap) cpu 0 | f64 20 | gen 0.1s | dropped inexpr 1 oversz 0 unbuild 0 {}
 197     0     100               0  9.74805805e-05   7.6165384e-05    0.0251419711  0.000274036247    0.0716956046    0.0833976014
 197     1      50               0  9.74805805e-05   7.6165384e-05    0.0251419711  0.000274036247    0.0716956046    0.0833976014
          wgpu 1d 89g 173c x3w 3ms | egraph 17g->27v+0snap 4ms | graft 15 (-46n, 0 snap) cpu 0 | f64 20 | gen 0.1s
 198     0     100               0  9.74805805e-05   7.6165384e-05    0.0251419711  0.000274036247    0.0716956046    0.0833976014
 198     1      50               0  9.74806024e-05   7.6165377e-05    0.0251419693   0.00027403622    0.0716956207    0.0833975938
          wgpu 1d 71g 162c x3w 3ms | egraph 15g->16v+0snap 4ms | graft 9 (-15n, 0 snap) cpu 0 | f64 20 | gen 0.1s | dropped inexpr 1 oversz 0 unbuild 0 {}
 199     0     100               0  9.74806024e-05   7.6165377e-05    0.0251419693   0.00027403622    0.0716956207    0.0833975938
 199     1      50               0  9.74805805e-05   7.6165384e-05    0.0251419711  0.000274036247    0.0716956046    0.0833976014
          wgpu 1d 86g 172c x3w 3ms | egraph 18g->26v+0snap 4ms | graft 11 (-28n, 0 snap) cpu 0 | f64 20 | gen 0.1s
 200     0     100               0  9.74805805e-05   7.6165384e-05    0.0251419711  0.000274036247    0.0716956046    0.0833976014
 200     1      50               0  9.74805805e-05   7.6165384e-05    0.0251419711  0.000274036247    0.0716956046    0.0833976014
          wgpu 1d 93g 174c x3w 4ms | egraph 15g->28v+0snap 5ms | graft 20 (-46n, 0 snap) cpu 0 | f64 20 | gen 0.1s
--------- pump migration: intra (promote-2 + intake-reset) ---------
 201     0     100               0  9.74805805e-05   7.6165384e-05    0.0251419711  0.000274036247    0.0716956046    0.0833976014
 201     1      50               0  9.74805805e-05   7.6165384e-05    0.0251419711  0.000274036247    0.0716956046    0.0833976014
          wgpu 2d 263g 301c x3w 6ms | egraph 79g->75v+0snap 18ms | graft 46 (-120n, 0 snap) cpu 0 | f64 30 | gen 0.1s | dropped inexpr 5 oversz 0 unbuild 0 {}
 202     0     100               0  9.74805805e-05   7.6165384e-05    0.0251419711  0.000274036247    0.0716956046    0.0833976014
 202     1      50               0  9.74805805e-05   7.6165384e-05    0.0251419711  0.000274036247    0.0716956046    0.0833976014
          wgpu 1d 103g 187c x3w 3ms | egraph 25g->41v+0snap 6ms | graft 27 (-80n, 0 snap) cpu 0 | f64 20 | gen 0.1s
 203     0     100               0  9.74806024e-05   7.6165377e-05    0.0251419693   0.00027403622    0.0716956207    0.0833975938
 203     1      50               0  9.74805805e-05   7.6165384e-05    0.0251419711  0.000274036247    0.0716956046    0.0833976014
          wgpu 1d 93g 174c x3w 3ms | egraph 15g->28v+0snap 3ms | graft 20 (-45n, 0 snap) cpu 0 | f64 20 | gen 0.1s
 204     0     100               0  9.74806024e-05   7.6165377e-05    0.0251419693   0.00027403622    0.0716956207    0.0833975938
 204     1      50               0  9.74806024e-05   7.6165377e-05    0.0251419693   0.00027403622    0.0716956207    0.0833975938
          wgpu 1d 107g 180c x3w 5ms | egraph 28g->34v+0snap 6ms | graft 19 (-42n, 0 snap) cpu 0 | f64 20 | gen 0.1s | dropped inexpr 3 oversz 0 unbuild 0 {}
 205     0     100               0  9.74805805e-05   7.6165384e-05    0.0251419711  0.000274036247    0.0716956046    0.0833976014
 205     1      50               0  9.74806024e-05   7.6165377e-05    0.0251419693   0.00027403622    0.0716956207    0.0833975938
          wgpu 1d 80g 165c x3w 3ms | egraph 12g->19v+0snap 3ms | graft 14 (-33n, 0 snap) cpu 0 | f64 20 | gen 0.2s
 206     0     100               0  9.74805805e-05   7.6165384e-05    0.0251419711  0.000274036247    0.0716956046    0.0833976014
 206     1      50               0  9.74806024e-05   7.6165377e-05    0.0251419693   0.00027403622    0.0716956207    0.0833975938
          wgpu 1d 89g 174c x3w 3ms | egraph 19g->28v+0snap 6ms | graft 20 (-39n, 0 snap) cpu 0 | f64 20 | gen 0.1s | dropped inexpr 1 oversz 0 unbuild 0 {}
 207     0     100               0  9.74805805e-05   7.6165384e-05    0.0251419711  0.000274036247    0.0716956046    0.0833976014
 207     1      50               0  9.74805805e-05   7.6165384e-05    0.0251419711  0.000274036247    0.0716956046    0.0833976014
          wgpu 1d 115g 177c x3w 8ms | egraph 29g->31v+0snap 7ms | graft 22 (-56n, 0 snap) cpu 0 | f64 20 | gen 0.1s | dropped inexpr 2 oversz 0 unbuild 0 {}
 208     0     100               0  9.74805805e-05   7.6165384e-05    0.0251419711  0.000274036247    0.0716956046    0.0833976014
 208     1      50               0  9.74806024e-05   7.6165377e-05    0.0251419693   0.00027403622    0.0716956207    0.0833975938
          wgpu 1d 71g 158c x3w 3ms | egraph 8g->12v+0snap 6ms | graft 7 (-19n, 0 snap) cpu 0 | f64 20 | gen 0.1s | dropped inexpr 1 oversz 0 unbuild 0 {}
 209     0     100               0  9.74805805e-05   7.6165384e-05    0.0251419711  0.000274036247    0.0716956046    0.0833976014
 209     1      50               0  9.74805805e-05   7.6165384e-05    0.0251419711  0.000274036247    0.0716956046    0.0833976014
          wgpu 1d 99g 171c x3w 3ms | egraph 19g->25v+0snap 5ms | graft 15 (-34n, 0 snap) cpu 0 | f64 20 | gen 0.1s | dropped inexpr 1 oversz 0 unbuild 0 {}
 210     0     100               0  9.74805805e-05   7.6165384e-05    0.0251419711  0.000274036247    0.0716956046    0.0833976014
 210     1      50               0  9.74805805e-05   7.6165384e-05    0.0251419711  0.000274036247    0.0716956046    0.0833976014
          wgpu 1d 85g 165c x3w 5ms | egraph 15g->19v+0snap 4ms | graft 14 (-24n, 0 snap) cpu 0 | f64 20 | gen 0.1s | dropped inexpr 1 oversz 0 unbuild 0 {}
--------- pump migration: intra (promote-2 + intake-reset) + cross ---------
 211     0     100               0  9.74805805e-05   7.6165384e-05    0.0251419711  0.000274036247    0.0716956046    0.0833976014
 211     1      50               0  9.74806024e-05   7.6165377e-05    0.0251419693   0.00027403622    0.0716956207    0.0833975938
          wgpu 2d 299g 328c x3w 7ms | egraph 87g->101v+1snap 25ms | graft 62 (-161n, 1 snap) cpu 0 | f64 30 | gen 0.1s | dropped inexpr 5 oversz 0 unbuild 0 {}
 212     0     100               0  9.74805805e-05   7.6165384e-05    0.0251419711  0.000274036247    0.0716956046    0.0833976014
 212     1      50               0  9.74806024e-05   7.6165377e-05    0.0251419693   0.00027403622    0.0716956207    0.0833975938
          wgpu 1d 104g 180c x3w 3ms | egraph 20g->34v+0snap 6ms | graft 19 (-33n, 0 snap) cpu 0 | f64 20 | gen 0.1s
 213     0     100               0  9.74806024e-05   7.6165377e-05    0.0251419693   0.00027403622    0.0716956207    0.0833975938
 213     1      50               0  9.74806024e-05   7.6165377e-05    0.0251419693   0.00027403622    0.0716956207    0.0833975938
          wgpu 1d 104g 177c x3w 3ms | egraph 17g->31v+0snap 3ms | graft 21 (-39n, 0 snap) cpu 0 | f64 20 | gen 0.1s
 214     0     100               0  9.74806024e-05   7.6165377e-05    0.0251419693   0.00027403622    0.0716956207    0.0833975938
 214     1      50               0  9.74806024e-05   7.6165377e-05    0.0251419693   0.00027403622    0.0716956207    0.0833975938
          wgpu 1d 86g 169c x3w 3ms | egraph 14g->23v+0snap 4ms | graft 17 (-31n, 0 snap) cpu 0 | f64 20 | gen 0.1s
 215     0     100               0  9.74805805e-05   7.6165384e-05    0.0251419711  0.000274036247    0.0716956046    0.0833976014
 215     1      50               0  9.74806024e-05   7.6165377e-05    0.0251419693   0.00027403622    0.0716956207    0.0833975938
          wgpu 1d 122g 191c x3w 4ms | egraph 21g->45v+0snap 5ms | graft 24 (-73n, 0 snap) cpu 0 | f64 20 | gen 0.1s | dropped inexpr 2 oversz 0 unbuild 0 {}
 216     0     100               0  9.74806024e-05   7.6165377e-05    0.0251419693   0.00027403622    0.0716956207    0.0833975938
 216     1      50               0  9.74806024e-05   7.6165377e-05    0.0251419693   0.00027403622    0.0716956207    0.0833975938
          wgpu 1d 97g 178c x3w 3ms | egraph 24g->32v+0snap 5ms | graft 23 (-48n, 0 snap) cpu 0 | f64 20 | gen 0.1s | dropped inexpr 1 oversz 0 unbuild 0 {}
 217     0     100               0  9.74805805e-05   7.6165384e-05    0.0251419711  0.000274036247    0.0716956046    0.0833976014
 217     1      50               0  9.74806024e-05   7.6165377e-05    0.0251419693   0.00027403622    0.0716956207    0.0833975938
          wgpu 1d 119g 182c x3w 4ms | egraph 30g->36v+0snap 15ms | graft 25 (-67n, 0 snap) cpu 0 | f64 20 | gen 0.2s | dropped inexpr 1 oversz 0 unbuild 0 {}
 218     0     100               0  9.74805805e-05   7.6165384e-05    0.0251419711  0.000274036247    0.0716956046    0.0833976014
 218     1      50               0  9.74805805e-05   7.6165384e-05    0.0251419711  0.000274036247    0.0716956046    0.0833976014
          wgpu 1d 90g 172c x3w 3ms | egraph 13g->26v+0snap 3ms | graft 22 (-44n, 0 snap) cpu 0 | f64 20 | gen 0.1s | dropped inexpr 1 oversz 0 unbuild 0 {}
 219     0     100               0  9.74805805e-05   7.6165384e-05    0.0251419711  0.000274036247    0.0716956046    0.0833976014
 219     1      50               0  9.74806024e-05   7.6165377e-05    0.0251419693   0.00027403622    0.0716956207    0.0833975938
          wgpu 1d 102g 186c x3w 4ms | egraph 23g->40v+0snap 5ms | graft 29 (-78n, 0 snap) cpu 0 | f64 20 | gen 0.1s | dropped inexpr 1 oversz 0 unbuild 0 {}
 220     0     100               0  9.74805805e-05   7.6165384e-05    0.0251419711  0.000274036247    0.0716956046    0.0833976014
 220     1      50               0  9.74806024e-05   7.6165377e-05    0.0251419693   0.00027403622    0.0716956207    0.0833975938
          wgpu 1d 101g 180c x3w 3ms | egraph 19g->34v+0snap 6ms | graft 19 (-45n, 0 snap) cpu 0 | f64 20 | gen 0.2s
--------- pump migration: intra (promote-2 + intake-reset) ---------
 221     0     100               0  9.74806024e-05   7.6165377e-05    0.0251419693   0.00027403622    0.0716956207    0.0833975938
 221     1      50               0  9.74805805e-05   7.6165384e-05    0.0251419711  0.000274036247    0.0716956046    0.0833976014
          wgpu 2d 323g 358c x3w 16ms | egraph 91g->132v+0snap 21ms | graft 72 (-218n, 0 snap) cpu 0 | f64 30 | gen 0.1s | dropped inexpr 4 oversz 0 unbuild 0 {}
 222     0     100               0  9.74805805e-05   7.6165384e-05    0.0251419711  0.000274036247    0.0716956046    0.0833976014
 222     1      50               0  9.74805805e-05   7.6165384e-05    0.0251419711  0.000274036247    0.0716956046    0.0833976014
          wgpu 1d 129g 188c x3w 4ms | egraph 28g->42v+0snap 49ms | graft 22 (-58n, 0 snap) cpu 0 | f64 20 | gen 0.2s | dropped inexpr 3 oversz 0 unbuild 0 {}
 223     0     100               0  9.74805805e-05   7.6165384e-05    0.0251419711  0.000274036247    0.0716956046    0.0833976014
 223     1      50               0  9.74806024e-05   7.6165377e-05    0.0251419693   0.00027403622    0.0716956207    0.0833975938
          wgpu 1d 83g 169c x3w 3ms | egraph 11g->23v+0snap 3ms | graft 18 (-53n, 0 snap) cpu 0 | f64 20 | gen 0.1s | dropped inexpr 1 oversz 0 unbuild 0 {}
 224     0     100               0  9.74805805e-05   7.6165384e-05    0.0251419711  0.000274036247    0.0716956046    0.0833976014
 224     1      50               0  9.74805805e-05   7.6165384e-05    0.0251419711  0.000274036247    0.0716956046    0.0833976014
          wgpu 1d 87g 182c x3w 3ms | egraph 18g->36v+0snap 5ms | graft 25 (-58n, 0 snap) cpu 0 | f64 20 | gen 0.1s | dropped inexpr 2 oversz 0 unbuild 0 {}
 225     0     100               0  9.74806024e-05   7.6165377e-05    0.0251419693   0.00027403622    0.0716956207    0.0833975938
 225     1      50               0  9.74805805e-05   7.6165384e-05    0.0251419711  0.000274036247    0.0716956046    0.0833976014
          wgpu 1d 89g 170c x3w 3ms | egraph 16g->24v+0snap 4ms | graft 17 (-39n, 0 snap) cpu 0 | f64 20 | gen 0.1s
 226     0     100               0  9.74805805e-05   7.6165384e-05    0.0251419711  0.000274036247    0.0716956046    0.0833976014
 226     1      50               0  9.74805805e-05   7.6165384e-05    0.0251419711  0.000274036247    0.0716956046    0.0833976014
          wgpu 1d 100g 176c x3w 3ms | egraph 19g->30v+0snap 15ms | graft 17 (-57n, 0 snap) cpu 0 | f64 20 | gen 0.2s | dropped inexpr 2 oversz 0 unbuild 0 {}
 227     0     100               0  9.74805805e-05   7.6165384e-05    0.0251419711  0.000274036247    0.0716956046    0.0833976014
 227     1      50               0  9.74806024e-05   7.6165377e-05    0.0251419693   0.00027403622    0.0716956207    0.0833975938
          wgpu 1d 95g 176c x3w 3ms | egraph 18g->30v+0snap 4ms | graft 19 (-36n, 0 snap) cpu 0 | f64 20 | gen 0.1s
 228     0     100               0  9.74805805e-05   7.6165384e-05    0.0251419711  0.000274036247    0.0716956046    0.0833976014
 228     1      50               0  9.74806024e-05   7.6165377e-05    0.0251419693   0.00027403622    0.0716956207    0.0833975938
          wgpu 1d 92g 172c x3w 3ms | egraph 12g->26v+0snap 4ms | graft 15 (-31n, 0 snap) cpu 0 | f64 20 | gen 0.2s
 229     0     100               0  9.74805805e-05   7.6165384e-05    0.0251419711  0.000274036247    0.0716956046    0.0833976014
 229     1      50               0  9.74806024e-05   7.6165377e-05    0.0251419693   0.00027403622    0.0716956207    0.0833975938
          wgpu 1d 101g 181c x3w 3ms | egraph 20g->35v+0snap 5ms | graft 24 (-45n, 0 snap) cpu 0 | f64 20 | gen 0.2s | dropped inexpr 1 oversz 0 unbuild 0 {}
 230     0     100               0  9.74805805e-05   7.6165384e-05    0.0251419711  0.000274036247    0.0716956046    0.0833976014
 230     1      50               0  9.74806024e-05   7.6165377e-05    0.0251419693   0.00027403622    0.0716956207    0.0833975938
          wgpu 1d 110g 179c x3w 3ms | egraph 22g->33v+0snap 20ms | graft 23 (-48n, 0 snap) cpu 0 | f64 20 | gen 0.1s
--------- pump migration: intra (promote-2 + intake-reset) ---------
 231     0     100               0  9.74806024e-05   7.6165377e-05    0.0251419693   0.00027403622    0.0716956207    0.0833975938
 231     1      50               0  9.74806024e-05   7.6165377e-05    0.0251419693   0.00027403622    0.0716956207    0.0833975938
          wgpu 2d 330g 368c x3w 10ms | egraph 86g->142v+0snap 23ms | graft 62 (-186n, 0 snap) cpu 0 | f64 30 | gen 0.1s | dropped inexpr 6 oversz 0 unbuild 0 {}
 232     0     100               0  9.74806024e-05   7.6165377e-05    0.0251419693   0.00027403622    0.0716956207    0.0833975938
 232     1      50               0  9.74806024e-05   7.6165377e-05    0.0251419693   0.00027403622    0.0716956207    0.0833975938
          wgpu 1d 93g 177c x3w 3ms | egraph 19g->31v+0snap 5ms | graft 22 (-56n, 0 snap) cpu 0 | f64 20 | gen 0.1s | dropped inexpr 1 oversz 0 unbuild 0 {}
 233     0     100               0  9.74806024e-05   7.6165377e-05    0.0251419693   0.00027403622    0.0716956207    0.0833975938
 233     1      50               0  9.74806024e-05   7.6165377e-05    0.0251419693   0.00027403622    0.0716956207    0.0833975938
          wgpu 1d 94g 183c x3w 3ms | egraph 15g->37v+0snap 5ms | graft 24 (-65n, 0 snap) cpu 0 | f64 20 | gen 0.1s
 234     0     100               0  9.74806024e-05   7.6165377e-05    0.0251419693   0.00027403622    0.0716956207    0.0833975938
 234     1      50               0  9.74805805e-05   7.6165384e-05    0.0251419711  0.000274036247    0.0716956046    0.0833976014
          wgpu 1d 101g 184c x3w 7ms | egraph 25g->38v+0snap 6ms | graft 21 (-52n, 0 snap) cpu 0 | f64 20 | gen 0.1s | dropped inexpr 1 oversz 0 unbuild 0 {}
 235     0     100               0  9.74806024e-05   7.6165377e-05    0.0251419693   0.00027403622    0.0716956207    0.0833975938
 235     1      50               0  9.74805805e-05   7.6165384e-05    0.0251419711  0.000274036247    0.0716956046    0.0833976014
          wgpu 1d 91g 179c x3w 3ms | egraph 17g->33v+0snap 5ms | graft 21 (-55n, 0 snap) cpu 0 | f64 20 | gen 0.2s
 236     0     100               0  9.74806024e-05   7.6165377e-05    0.0251419693   0.00027403622    0.0716956207    0.0833975938
 236     1      50               0  9.74805805e-05   7.6165384e-05    0.0251419711  0.000274036247    0.0716956046    0.0833976014
          wgpu 1d 96g 176c x3w 3ms | egraph 9g->30v+0snap 10ms | graft 20 (-52n, 0 snap) cpu 0 | f64 20 | gen 0.1s
 237     0     100               0  9.74806024e-05   7.6165377e-05    0.0251419693   0.00027403622    0.0716956207    0.0833975938
 237     1      50               0  9.74805805e-05   7.6165384e-05    0.0251419711  0.000274036247    0.0716956046    0.0833976014
          wgpu 1d 91g 173c x3w 3ms | egraph 21g->27v+0snap 5ms | graft 18 (-49n, 0 snap) cpu 0 | f64 20 | gen 0.1s
 238     0     100               0  9.74805805e-05   7.6165384e-05    0.0251419711  0.000274036247    0.0716956046    0.0833976014
 238     1      50               0  9.74806024e-05   7.6165377e-05    0.0251419693   0.00027403622    0.0716956207    0.0833975938
          wgpu 1d 110g 189c x3w 3ms | egraph 18g->43v+0snap 5ms | graft 32 (-74n, 0 snap) cpu 0 | f64 20 | gen 0.1s | dropped inexpr 1 oversz 0 unbuild 0 {}
 239     0     100               0  9.74805805e-05   7.6165384e-05    0.0251419711  0.000274036247    0.0716956046    0.0833976014
 239     1      50               0  9.74806024e-05   7.6165377e-05    0.0251419693   0.00027403622    0.0716956207    0.0833975938
          wgpu 1d 91g 178c x3w 4ms | egraph 21g->32v+0snap 5ms | graft 17 (-53n, 0 snap) cpu 0 | f64 20 | gen 0.1s | dropped inexpr 2 oversz 0 unbuild 0 {}
 240     0     100               0  9.74805805e-05   7.6165384e-05    0.0251419711  0.000274036247    0.0716956046    0.0833976014
 240     1      50               0  9.74806024e-05   7.6165377e-05    0.0251419693   0.00027403622    0.0716956207    0.0833975938
          wgpu 1d 89g 171c x3w 3ms | egraph 9g->25v+0snap 3ms | graft 15 (-42n, 0 snap) cpu 0 | f64 20 | gen 0.1s
--------- pump migration: intra (promote-2 + intake-reset) + cross ---------
 241     0     100               0  9.74805805e-05   7.6165384e-05    0.0251419711  0.000274036247    0.0716956046    0.0833976014
 241     1      50               0  9.74805805e-05   7.6165384e-05    0.0251419711  0.000274036247    0.0716956046    0.0833976014
          wgpu 2d 334g 358c x3w 8ms | egraph 96g->132v+0snap 25ms | graft 65 (-199n, 0 snap) cpu 0 | f64 30 | gen 0.2s | dropped inexpr 1 oversz 0 unbuild 0 {}
 242     0     100               0  9.74805805e-05   7.6165384e-05    0.0251419711  0.000274036247    0.0716956046    0.0833976014
 242     1      50               0  9.74806024e-05   7.6165377e-05    0.0251419693   0.00027403622    0.0716956207    0.0833975938
          wgpu 1d 95g 168c x3w 3ms | egraph 21g->22v+0snap 6ms | graft 14 (-33n, 0 snap) cpu 0 | f64 20 | gen 0.2s | dropped inexpr 1 oversz 0 unbuild 0 {}
 243     0     100               0  9.74805805e-05   7.6165384e-05    0.0251419711  0.000274036247    0.0716956046    0.0833976014
 243     1      50               0  9.74806024e-05   7.6165377e-05    0.0251419693   0.00027403622    0.0716956207    0.0833975938
          wgpu 1d 78g 172c x3w 3ms | egraph 9g->26v+0snap 3ms | graft 17 (-39n, 0 snap) cpu 0 | f64 20 | gen 0.1s
 244     0     100               0  9.74805805e-05   7.6165384e-05    0.0251419711  0.000274036247    0.0716956046    0.0833976014
 244     1      50               0  9.74806024e-05   7.6165377e-05    0.0251419693   0.00027403622    0.0716956207    0.0833975938
          wgpu 1d 105g 182c x3w 3ms | egraph 13g->36v+0snap 3ms | graft 22 (-51n, 0 snap) cpu 0 | f64 20 | gen 0.1s
 245     0     100               0  9.74805805e-05   7.6165384e-05    0.0251419711  0.000274036247    0.0716956046    0.0833976014
 245     1      50               0  9.74806024e-05   7.6165377e-05    0.0251419693   0.00027403622    0.0716956207    0.0833975938
          wgpu 1d 86g 170c x3w 3ms | egraph 12g->24v+0snap 3ms | graft 14 (-35n, 0 snap) cpu 0 | f64 20 | gen 0.1s
 246     0     100               0  9.74805805e-05   7.6165384e-05    0.0251419711  0.000274036247    0.0716956046    0.0833976014
 246     1      50               0  9.74806024e-05   7.6165377e-05    0.0251419693   0.00027403622    0.0716956207    0.0833975938
          wgpu 1d 89g 176c x3w 3ms | egraph 16g->30v+0snap 5ms | graft 18 (-44n, 0 snap) cpu 0 | f64 20 | gen 0.1s | dropped inexpr 2 oversz 0 unbuild 0 {}
 247     0     100               0  9.74805805e-05   7.6165384e-05    0.0251419711  0.000274036247    0.0716956046    0.0833976014
 247     1      50               0  9.74805805e-05   7.6165384e-05    0.0251419711  0.000274036247    0.0716956046    0.0833976014
          wgpu 1d 73g 167c x3w 3ms | egraph 13g->21v+0snap 4ms | graft 13 (-41n, 0 snap) cpu 0 | f64 20 | gen 0.1s | dropped inexpr 2 oversz 0 unbuild 0 {}
 248     0     100               0  9.74805805e-05   7.6165384e-05    0.0251419711  0.000274036247    0.0716956046    0.0833976014
 248     1      50               0  9.74806024e-05   7.6165377e-05    0.0251419693   0.00027403622    0.0716956207    0.0833975938
          wgpu 1d 101g 176c x3w 3ms | egraph 15g->30v+0snap 6ms | graft 20 (-53n, 0 snap) cpu 0 | f64 20 | gen 0.1s | dropped inexpr 1 oversz 0 unbuild 0 {}
 249     0     100               0  9.74806024e-05   7.6165377e-05    0.0251419693   0.00027403622    0.0716956207    0.0833975938
 249     1      50               0  9.74806024e-05   7.6165377e-05    0.0251419693   0.00027403622    0.0716956207    0.0833975938
          wgpu 1d 84g 170c x3w 3ms | egraph 11g->24v+0snap 4ms | graft 16 (-34n, 0 snap) cpu 0 | f64 20 | gen 0.2s | dropped inexpr 1 oversz 0 unbuild 0 {}
 250     0     100               0  9.74806024e-05   7.6165377e-05    0.0251419693   0.00027403622    0.0716956207    0.0833975938
 250     1      50               0  9.74805805e-05   7.6165384e-05    0.0251419711  0.000274036247    0.0716956046    0.0833976014
          wgpu 1d 70g 174c x3w 3ms | egraph 10g->28v+0snap 3ms | graft 16 (-32n, 0 snap) cpu 0 | f64 20 | gen 0.1s | dropped inexpr 1 oversz 0 unbuild 0 {}
--------- pump migration: intra (promote-2 + intake-reset) ---------
 251     0     100               0   0.00044158963  0.000359024323     0.113700528  0.000369039259     0.324783002     0.393115164
 251     1      50               0  9.74806024e-05   7.6165377e-05    0.0251419693   0.00027403622    0.0716956207    0.0833975938
          wgpu 2d 351g 392c x3w 9ms | egraph 111g->148v+18snap 29ms | graft 75 (-210n, 7 snap) cpu 0 | f64 30 | gen 0.1s | dropped inexpr 5 oversz 0 unbuild 0 {}
 252     0     100               0  9.74805805e-05   7.6165384e-05    0.0251419711  0.000274036247    0.0716956046    0.0833976014
 252     1      50               0  9.74805805e-05   7.6165384e-05    0.0251419711  0.000274036247    0.0716956046    0.0833976014
          wgpu 1d 118g 190c x3w 3ms | egraph 25g->39v+5snap 7ms | graft 21 (-61n, 1 snap) cpu 0 | f64 20 | gen 0.1s | dropped inexpr 3 oversz 0 unbuild 0 {}
 253     0     100               0  9.74806024e-05   7.6165377e-05    0.0251419693   0.00027403622    0.0716956207    0.0833975938
 253     1      50               0  9.74805805e-05   7.6165384e-05    0.0251419711  0.000274036247    0.0716956046    0.0833976014
          wgpu 1d 76g 167c x3w 3ms | egraph 18g->21v+0snap 5ms | graft 16 (-34n, 0 snap) cpu 0 | f64 20 | gen 0.1s
 254     0     100               0  9.74806024e-05   7.6165377e-05    0.0251419693   0.00027403622    0.0716956207    0.0833975938
 254     1      50               0  9.74805805e-05   7.6165384e-05    0.0251419711  0.000274036247    0.0716956046    0.0833976014
          wgpu 1d 95g 172c x3w 3ms | egraph 20g->26v+0snap 5ms | graft 16 (-40n, 0 snap) cpu 0 | f64 20 | gen 0.1s | dropped inexpr 1 oversz 0 unbuild 0 {}
 255     0     100               0  9.74806024e-05   7.6165377e-05    0.0251419693   0.00027403622    0.0716956207    0.0833975938
 255     1      50               0  9.74805805e-05   7.6165384e-05    0.0251419711  0.000274036247    0.0716956046    0.0833976014
          wgpu 1d 89g 176c x3w 5ms | egraph 14g->30v+0snap 5ms | graft 19 (-52n, 0 snap) cpu 0 | f64 20 | gen 0.1s | dropped inexpr 2 oversz 0 unbuild 0 {}
 256     0     100               0  9.74805805e-05   7.6165384e-05    0.0251419711  0.000274036247    0.0716956046    0.0833976014
 256     1      50               0  9.74805805e-05   7.6165384e-05    0.0251419711  0.000274036247    0.0716956046    0.0833976014
          wgpu 1d 89g 165c x3w 3ms | egraph 14g->19v+0snap 4ms | graft 13 (-26n, 0 snap) cpu 0 | f64 20 | gen 0.1s
 257     0     100               0  9.74806024e-05   7.6165377e-05    0.0251419693   0.00027403622    0.0716956207    0.0833975938
 257     1      50               0  9.74805805e-05   7.6165384e-05    0.0251419711  0.000274036247    0.0716956046    0.0833976014
          wgpu 1d 84g 169c x3w 4ms | egraph 18g->23v+0snap 10ms | graft 16 (-36n, 0 snap) cpu 0 | f64 20 | gen 0.1s | dropped inexpr 4 oversz 0 unbuild 0 {}
 258     0     100               0  9.74805805e-05   7.6165384e-05    0.0251419711  0.000274036247    0.0716956046    0.0833976014
 258     1      50               0  9.74805805e-05   7.6165384e-05    0.0251419711  0.000274036247    0.0716956046    0.0833976014
          wgpu 1d 89g 172c x3w 3ms | egraph 16g->26v+0snap 4ms | graft 17 (-41n, 0 snap) cpu 0 | f64 20 | gen 0.1s | dropped inexpr 3 oversz 0 unbuild 0 {}
 259     0     100               0  9.74805805e-05   7.6165384e-05    0.0251419711  0.000274036247    0.0716956046    0.0833976014
 259     1      50               0  9.74805805e-05   7.6165384e-05    0.0251419711  0.000274036247    0.0716956046    0.0833976014
          wgpu 1d 98g 184c x3w 3ms | egraph 24g->38v+0snap 12ms | graft 19 (-44n, 0 snap) cpu 0 | f64 20 | gen 0.1s | dropped inexpr 1 oversz 0 unbuild 0 {}
 260     0     100               0  9.74805805e-05   7.6165384e-05    0.0251419711  0.000274036247    0.0716956046    0.0833976014
 260     1      50               0  9.74805805e-05   7.6165384e-05    0.0251419711  0.000274036247    0.0716956046    0.0833976014
          wgpu 1d 91g 174c x3w 3ms | egraph 20g->28v+0snap 5ms | graft 18 (-38n, 0 snap) cpu 0 | f64 20 | gen 0.2s | dropped inexpr 5 oversz 0 unbuild 0 {}
--------- pump migration: intra (promote-2 + intake-reset) ---------
 261     0     100               0  9.74805805e-05   7.6165384e-05    0.0251419711  0.000274036247    0.0716956046    0.0833976014
 261     1      50               0  9.74806024e-05   7.6165377e-05    0.0251419693   0.00027403622    0.0716956207    0.0833975938
          wgpu 2d 280g 338c x3w 8ms | egraph 87g->112v+0snap 24ms | graft 52 (-142n, 0 snap) cpu 0 | f64 30 | gen 0.1s | dropped inexpr 6 oversz 0 unbuild 0 {}
 262     0     100               0  9.74805805e-05   7.6165384e-05    0.0251419711  0.000274036247    0.0716956046    0.0833976014
 262     1      50               0  9.74805805e-05   7.6165384e-05    0.0251419711  0.000274036247    0.0716956046    0.0833976014
          wgpu 1d 100g 180c x3w 3ms | egraph 17g->34v+0snap 4ms | graft 21 (-40n, 0 snap) cpu 0 | f64 20 | gen 0.1s | dropped inexpr 2 oversz 0 unbuild 0 {}
 263     0     100               0  9.74806024e-05   7.6165377e-05    0.0251419693   0.00027403622    0.0716956207    0.0833975938
 263     1      50               0  9.74805805e-05   7.6165384e-05    0.0251419711  0.000274036247    0.0716956046    0.0833976014
          wgpu 1d 79g 163c x3w 3ms | egraph 17g->17v+0snap 4ms | graft 10 (-20n, 0 snap) cpu 0 | f64 20 | gen 0.1s | dropped inexpr 2 oversz 0 unbuild 0 {}
 264     0     100               0  9.74806024e-05   7.6165377e-05    0.0251419693   0.00027403622    0.0716956207    0.0833975938
 264     1      50               0  9.74805805e-05   7.6165384e-05    0.0251419711  0.000274036247    0.0716956046    0.0833976014
          wgpu 1d 88g 167c x3w 3ms | egraph 23g->21v+0snap 6ms | graft 13 (-26n, 0 snap) cpu 0 | f64 20 | gen 0.1s | dropped inexpr 2 oversz 0 unbuild 0 {}
 265     0     100               0  9.74806024e-05   7.6165377e-05    0.0251419693   0.00027403622    0.0716956207    0.0833975938
 265     1      50               0  9.74805805e-05   7.6165384e-05    0.0251419711  0.000274036247    0.0716956046    0.0833976014
          wgpu 1d 95g 185c x3w 3ms | egraph 23g->39v+0snap 6ms | graft 20 (-53n, 0 snap) cpu 0 | f64 20 | gen 0.1s | dropped inexpr 2 oversz 0 unbuild 0 {}
 266     0     100               0  9.74806024e-05   7.6165377e-05    0.0251419693   0.00027403622    0.0716956207    0.0833975938
 266     1      50               0  9.74806024e-05   7.6165377e-05    0.0251419693   0.00027403622    0.0716956207    0.0833975938
          wgpu 1d 105g 194c x3w 3ms | egraph 28g->48v+0snap 7ms | graft 18 (-48n, 0 snap) cpu 0 | f64 20 | gen 0.1s
 267     0     100               0  9.74806024e-05   7.6165377e-05    0.0251419693   0.00027403622    0.0716956207    0.0833975938
 267     1      50               0  9.74806024e-05   7.6165377e-05    0.0251419693   0.00027403622    0.0716956207    0.0833975938
          wgpu 1d 99g 185c x3w 3ms | egraph 23g->39v+0snap 5ms | graft 17 (-44n, 0 snap) cpu 0 | f64 20 | gen 0.1s | dropped inexpr 2 oversz 0 unbuild 0 {}
 268     0     100               0  9.74806024e-05   7.6165377e-05    0.0251419693   0.00027403622    0.0716956207    0.0833975938
 268     1      50               0  9.74806024e-05   7.6165377e-05    0.0251419693   0.00027403622    0.0716956207    0.0833975938
          wgpu 1d 90g 199c x3w 3ms | egraph 22g->53v+0snap 5ms | graft 12 (-28n, 0 snap) cpu 0 | f64 20 | gen 0.1s | dropped inexpr 1 oversz 0 unbuild 0 {}
 269     0     100               0  9.74806024e-05   7.6165377e-05    0.0251419693   0.00027403622    0.0716956207    0.0833975938
 269     1      50               0  9.74806024e-05   7.6165377e-05    0.0251419693   0.00027403622    0.0716956207    0.0833975938
          wgpu 1d 93g 203c x3w 3ms | egraph 24g->57v+0snap 5ms | graft 17 (-47n, 0 snap) cpu 0 | f64 20 | gen 0.1s
 270     0     100               0  9.47555034e-05  6.93053771e-05    0.0236135786  0.000243983703    0.0696913486    0.0758862085
 270     1      50               0  9.74805805e-05   7.6165384e-05    0.0251419711  0.000274036247    0.0716956046    0.0833976014
          wgpu 1d 97g 205c x3w 5ms | egraph 23g->59v+0snap 5ms | graft 20 (-49n, 0 snap) cpu 0 | f64 20 | gen 0.1s
--------- pump migration: intra (promote-2 + intake-reset) + cross ---------
 271     0     100               0  9.47555034e-05  6.93053771e-05    0.0236135786  0.000243983703    0.0696913486    0.0758862085
 271     1      50               0  9.74806024e-05   7.6165377e-05    0.0251419693   0.00027403622    0.0716956207    0.0833975938
          wgpu 2d 280g 334c x3w 8ms | egraph 90g->108v+0snap 19ms | graft 53 (-179n, 0 snap) cpu 0 | f64 30 | gen 0.1s | dropped inexpr 3 oversz 0 unbuild 0 {}
 272     0     100               0  9.47555034e-05  6.93053771e-05    0.0236135786  0.000243983703    0.0696913486    0.0758862085
 272     1      50               0  9.74805805e-05   7.6165384e-05    0.0251419711  0.000274036247    0.0716956046    0.0833976014
          wgpu 1d 109g 225c x3w 3ms | egraph 30g->79v+0snap 7ms | graft 31 (-78n, 0 snap) cpu 0 | f64 20 | gen 0.1s
 273     0     100               0  9.47555034e-05  6.93053771e-05    0.0236135786  0.000243983703    0.0696913486    0.0758862085
 273     1      50               0  9.74805805e-05   7.6165384e-05    0.0251419711  0.000274036247    0.0716956046    0.0833976014
          wgpu 1d 81g 207c x3w 3ms | egraph 20g->61v+0snap 7ms | graft 17 (-54n, 0 snap) cpu 0 | f64 20 | gen 0.1s
 274     0     100               0  9.47555034e-05  6.93053771e-05    0.0236135786  0.000243983703    0.0696913486    0.0758862085
 274     1      50               0  9.74805805e-05   7.6165384e-05    0.0251419711  0.000274036247    0.0716956046    0.0833976014
          wgpu 1d 97g 194c x3w 3ms | egraph 29g->48v+0snap 8ms | graft 14 (-48n, 0 snap) cpu 0 | f64 20 | gen 0.1s
 275     0     100               0  9.47555034e-05  6.93053771e-05    0.0236135786  0.000243983703    0.0696913486    0.0758862085
 275     1      50               0  9.74805805e-05   7.6165384e-05    0.0251419711  0.000274036247    0.0716956046    0.0833976014
          wgpu 1d 93g 214c x3w 3ms | egraph 20g->68v+0snap 4ms | graft 19 (-57n, 0 snap) cpu 0 | f64 20 | gen 0.1s | dropped inexpr 1 oversz 0 unbuild 0 {}
 276     0     100               0  9.47555034e-05  6.93053771e-05    0.0236135786  0.000243983703    0.0696913486    0.0758862085
 276     1      50               0  9.74805805e-05   7.6165384e-05    0.0251419711  0.000274036247    0.0716956046    0.0833976014
          wgpu 1d 100g 223c x3w 6ms | egraph 22g->77v+0snap 5ms | graft 24 (-73n, 0 snap) cpu 0 | f64 20 | gen 0.1s
 277     0     100               0  9.47555034e-05  6.93053771e-05    0.0236135786  0.000243983703    0.0696913486    0.0758862085
 277     1      50               0  9.74805805e-05   7.6165384e-05    0.0251419711  0.000274036247    0.0716956046    0.0833976014
          wgpu 1d 101g 230c x3w 3ms | egraph 18g->84v+0snap 4ms | graft 16 (-41n, 0 snap) cpu 0 | f64 20 | gen 0.1s | dropped inexpr 1 oversz 0 unbuild 0 {}
 278     0     100               0  9.47555034e-05  6.93053771e-05    0.0236135786  0.000243983703    0.0696913486    0.0758862085
 278     1      50               0  9.74805805e-05   7.6165384e-05    0.0251419711  0.000274036247    0.0716956046    0.0833976014
          wgpu 1d 110g 214c x3w 3ms | egraph 21g->68v+0snap 5ms | graft 18 (-53n, 0 snap) cpu 0 | f64 20 | gen 0.1s | dropped inexpr 1 oversz 0 unbuild 0 {}
 279     0     100               0  9.47555034e-05  6.93053771e-05    0.0236135786  0.000243983703    0.0696913486    0.0758862085
 279     1      50               0  9.74805805e-05   7.6165384e-05    0.0251419711  0.000274036247    0.0716956046    0.0833976014
          wgpu 1d 86g 218c x3w 3ms | egraph 18g->72v+0snap 8ms | graft 15 (-53n, 0 snap) cpu 0 | f64 20 | gen 0.2s
 280     0     100               0  9.47555034e-05  6.93053771e-05    0.0236135786  0.000243983703    0.0696913486    0.0758862085
 280     1      50               0  9.74805805e-05   7.6165384e-05    0.0251419711  0.000274036247    0.0716956046    0.0833976014
          wgpu 1d 102g 217c x3w 3ms | egraph 20g->71v+0snap 4ms | graft 21 (-68n, 0 snap) cpu 0 | f64 20 | gen 0.1s
--------- pump migration: intra (promote-2 + intake-reset) ---------
 281     0     100               0  9.47555034e-05  6.93053771e-05    0.0236135786  0.000243983703    0.0696913486    0.0758862085
 281     1      50               0  9.47555034e-05  6.93053771e-05    0.0236135786  0.000243983703    0.0696913486    0.0758862085
          wgpu 2d 351g 415c x3w 12ms | egraph 107g->189v+0snap 40ms | graft 69 (-242n, 0 snap) cpu 0 | f64 30 | gen 0.1s | dropped inexpr 2 oversz 0 unbuild 0 {}
 282     0     100               0  9.47555034e-05  6.93053771e-05    0.0236135786  0.000243983703    0.0696913486    0.0758862085
 282     1      50               0  9.47555034e-05  6.93053771e-05    0.0236135786  0.000243983703    0.0696913486    0.0758862085
          wgpu 1d 91g 234c x3w 3ms | egraph 17g->88v+0snap 12ms | graft 18 (-60n, 0 snap) cpu 0 | f64 20 | gen 0.1s
 283     0     100               0  9.47555034e-05  6.93053771e-05    0.0236135786  0.000243983703    0.0696913486    0.0758862085
 283     1      50               0  9.47555034e-05  6.93053771e-05    0.0236135786  0.000243983703    0.0696913486    0.0758862085
          wgpu 1d 93g 221c x3w 3ms | egraph 18g->75v+0snap 5ms | graft 14 (-39n, 0 snap) cpu 0 | f64 20 | gen 0.1s
 284     0     100               0  9.47555034e-05  6.93053771e-05    0.0236135786  0.000243983703    0.0696913486    0.0758862085
 284     1      50               0  9.47555034e-05  6.93053771e-05    0.0236135786  0.000243983703    0.0696913486    0.0758862085
          wgpu 1d 97g 266c x3w 3ms | egraph 20g->120v+0snap 4ms | graft 24 (-87n, 0 snap) cpu 0 | f64 20 | gen 0.1s
 285     0     100               0  9.47555034e-05  6.93053771e-05    0.0236135786  0.000243983703    0.0696913486    0.0758862085
 285     1      50               0  9.47555034e-05  6.93053771e-05    0.0236135786  0.000243983703    0.0696913486    0.0758862085
          wgpu 1d 94g 258c x3w 3ms | egraph 22g->112v+0snap 5ms | graft 18 (-51n, 0 snap) cpu 0 | f64 20 | gen 0.1s | dropped inexpr 1 oversz 0 unbuild 0 {}
 286     0     100               0  9.47555034e-05  6.93053771e-05    0.0236135786  0.000243983703    0.0696913486    0.0758862085
 286     1      50               0  9.47555034e-05  6.93053771e-05    0.0236135786  0.000243983703    0.0696913486    0.0758862085
          wgpu 1d 103g 253c x3w 4ms | egraph 15g->107v+0snap 4ms | graft 19 (-65n, 0 snap) cpu 0 | f64 20 | gen 0.1s | dropped inexpr 1 oversz 0 unbuild 0 {}
 287     0     100               0  9.47555034e-05  6.93053771e-05    0.0236135786  0.000243983703    0.0696913486    0.0758862085
 287     1      50               0  9.47555034e-05  6.93053771e-05    0.0236135786  0.000243983703    0.0696913486    0.0758862085
          wgpu 1d 95g 264c x3w 4ms | egraph 13g->118v+0snap 9ms | graft 21 (-73n, 0 snap) cpu 0 | f64 20 | gen 0.1s
 288     0     100               0  9.47555034e-05  6.93053771e-05    0.0236135786  0.000243983703    0.0696913486    0.0758862085
 288     1      50               0  9.47555034e-05  6.93053771e-05    0.0236135786  0.000243983703    0.0696913486    0.0758862085
          wgpu 1d 87g 260c x3w 8ms | egraph 18g->114v+0snap 4ms | graft 21 (-87n, 0 snap) cpu 0 | f64 20 | gen 0.1s
 289     0     100               0  9.47555034e-05  6.93053771e-05    0.0236135786  0.000243983703    0.0696913486    0.0758862085
 289     1      50               0  9.47555034e-05  6.93053771e-05    0.0236135786  0.000243983703    0.0696913486    0.0758862085
          wgpu 1d 77g 246c x3w 4ms | egraph 11g->100v+0snap 3ms | graft 20 (-70n, 0 snap) cpu 0 | f64 20 | gen 0.1s
 290     0     100               0  9.47555034e-05  6.93053771e-05    0.0236135786  0.000243983703    0.0696913486    0.0758862085
 290     1      50               0  9.47555034e-05  6.93053771e-05    0.0236135786  0.000243983703    0.0696913486    0.0758862085
          wgpu 1d 101g 257c x3w 10ms | egraph 17g->111v+0snap 4ms | graft 25 (-83n, 0 snap) cpu 0 | f64 20 | gen 0.1s
--------- pump migration: intra (promote-2 + intake-reset) ---------
 291     0     100               0  9.47555034e-05  6.93053771e-05    0.0236135786  0.000243983703    0.0696913486    0.0758862085
 291     1      50               0  9.47555034e-05  6.93053771e-05    0.0236135786  0.000243983703    0.0696913486    0.0758862085
          wgpu 2d 294g 398c x3w 13ms | egraph 74g->172v+0snap 25ms | graft 67 (-189n, 0 snap) cpu 0 | f64 30 | gen 0.1s | dropped inexpr 1 oversz 0 unbuild 0 {}
 292     0     100               0  9.47555034e-05  6.93053771e-05    0.0236135786  0.000243983703    0.0696913486    0.0758862085
 292     1      50               0  9.47555034e-05  6.93053771e-05    0.0236135786  0.000243983703    0.0696913486    0.0758862085
          wgpu 1d 94g 235c x3w 3ms | egraph 7g->89v+0snap 2ms | graft 20 (-71n, 0 snap) cpu 0 | f64 20 | gen 0.1s
 293     0     100               0  9.47555534e-05   6.9305377e-05    0.0236135777  0.000243983591    0.0696913853    0.0758862084
 293     1      50               0  9.47555034e-05  6.93053771e-05    0.0236135786  0.000243983703    0.0696913486    0.0758862085
          wgpu 1d 77g 237c x3w 3ms | egraph 15g->91v+0snap 3ms | graft 15 (-42n, 0 snap) cpu 0 | f64 20 | gen 0.1s
 294     0     100               0  9.47555534e-05   6.9305377e-05    0.0236135777  0.000243983591    0.0696913853    0.0758862084
 294     1      50               0  9.47555034e-05  6.93053771e-05    0.0236135786  0.000243983703    0.0696913486    0.0758862085
          wgpu 1d 85g 248c x3w 10ms | egraph 13g->102v+0snap 4ms | graft 18 (-59n, 0 snap) cpu 0 | f64 20 | gen 0.1s
 295     0     100               0  9.47555034e-05  6.93053771e-05    0.0236135786  0.000243983703    0.0696913486    0.0758862085
 295     1      50               0  9.47555034e-05  6.93053771e-05    0.0236135786  0.000243983703    0.0696913486    0.0758862085
          wgpu 1d 82g 241c x3w 3ms | egraph 14g->95v+0snap 3ms | graft 16 (-46n, 0 snap) cpu 0 | f64 20 | gen 0.2s
 296     0     100               0  9.47555034e-05  6.93053771e-05    0.0236135786  0.000243983703    0.0696913486    0.0758862085
 296     1      50               0  9.47555034e-05  6.93053771e-05    0.0236135786  0.000243983703    0.0696913486    0.0758862085
          wgpu 1d 92g 249c x3w 4ms | egraph 17g->103v+0snap 4ms | graft 23 (-79n, 0 snap) cpu 0 | f64 20 | gen 0.1s
 297     0     100               0  9.47555034e-05  6.93053771e-05    0.0236135786  0.000243983703    0.0696913486    0.0758862085
 297     1      50               0  9.47555034e-05  6.93053771e-05    0.0236135786  0.000243983703    0.0696913486    0.0758862085
          wgpu 1d 88g 250c x3w 9ms | egraph 13g->104v+0snap 3ms | graft 22 (-61n, 0 snap) cpu 0 | f64 20 | gen 0.2s
 298     0     100               0  9.47555034e-05  6.93053771e-05    0.0236135786  0.000243983703    0.0696913486    0.0758862085
 298     1      50               0  9.47555034e-05  6.93053771e-05    0.0236135786  0.000243983703    0.0696913486    0.0758862085
          wgpu 1d 76g 252c x3w 3ms | egraph 12g->106v+0snap 3ms | graft 19 (-69n, 0 snap) cpu 0 | f64 20 | gen 0.1s
 299     0     100               0  9.47555534e-05   6.9305377e-05    0.0236135777  0.000243983591    0.0696913853    0.0758862084
 299     1      50               0  9.47555034e-05  6.93053771e-05    0.0236135786  0.000243983703    0.0696913486    0.0758862085
          wgpu 1d 87g 236c x3w 3ms | egraph 10g->90v+0snap 4ms | graft 19 (-80n, 0 snap) cpu 0 | f64 20 | gen 0.1s
 300     0     100               0  9.47555534e-05   6.9305377e-05    0.0236135777  0.000243983591    0.0696913853    0.0758862084
 300     1      50               0  9.47555034e-05  6.93053771e-05    0.0236135786  0.000243983703    0.0696913486    0.0758862085
          wgpu 1d 80g 239c x3w 3ms | egraph 13g->93v+0snap 8ms | graft 20 (-67n, 0 snap) cpu 0 | f64 20 | gen 0.1s
--------- pump migration: intra (promote-2 + intake-reset) + cross ---------
 301     0     100               0  9.47555534e-05   6.9305377e-05    0.0236135777  0.000243983591    0.0696913853    0.0758862084
 301     1      50               0  9.47555534e-05   6.9305377e-05    0.0236135777  0.000243983591    0.0696913853    0.0758862084
          wgpu 2d 303g 412c x3w 7ms | egraph 77g->186v+0snap 22ms | graft 62 (-199n, 0 snap) cpu 0 | f64 30 | gen 0.1s | dropped inexpr 5 oversz 0 unbuild 0 {}
 302     0     100               0  9.47555534e-05   6.9305377e-05    0.0236135777  0.000243983591    0.0696913853    0.0758862084
 302     1      50               0  9.47555534e-05   6.9305377e-05    0.0236135777  0.000243983591    0.0696913853    0.0758862084
          wgpu 1d 78g 241c x3w 7ms | egraph 11g->95v+0snap 3ms | graft 17 (-65n, 0 snap) cpu 0 | f64 20 | gen 0.1s
 303     0     100               0  9.47555534e-05   6.9305377e-05    0.0236135777  0.000243983591    0.0696913853    0.0758862084
 303     1      50               0  9.47555534e-05   6.9305377e-05    0.0236135777  0.000243983591    0.0696913853    0.0758862084
          wgpu 1d 87g 262c x3w 3ms | egraph 16g->116v+0snap 4ms | graft 21 (-65n, 0 snap) cpu 0 | f64 20 | gen 0.1s
 304     0     100               0  9.47555534e-05   6.9305377e-05    0.0236135777  0.000243983591    0.0696913853    0.0758862084
 304     1      50               0  9.47555534e-05   6.9305377e-05    0.0236135777  0.000243983591    0.0696913853    0.0758862084
          wgpu 1d 97g 243c x3w 4ms | egraph 14g->97v+0snap 3ms | graft 19 (-60n, 0 snap) cpu 0 | f64 20 | gen 0.1s
 305     0     100               0  9.47555534e-05   6.9305377e-05    0.0236135777  0.000243983591    0.0696913853    0.0758862084
 305     1      50               0  9.47555534e-05   6.9305377e-05    0.0236135777  0.000243983591    0.0696913853    0.0758862084
          wgpu 1d 104g 250c x3w 4ms | egraph 15g->104v+0snap 4ms | graft 23 (-57n, 0 snap) cpu 0 | f64 20 | gen 0.1s
 306     0     100               0  9.47555534e-05   6.9305377e-05    0.0236135777  0.000243983591    0.0696913853    0.0758862084
 306     1      50               0  9.47555034e-05  6.93053771e-05    0.0236135786  0.000243983703    0.0696913486    0.0758862085
          wgpu 1d 95g 256c x3w 4ms | egraph 17g->110v+0snap 4ms | graft 27 (-82n, 0 snap) cpu 0 | f64 20 | gen 0.1s
 307     0     100               0  9.47555534e-05   6.9305377e-05    0.0236135777  0.000243983591    0.0696913853    0.0758862084
 307     1      50               0  9.47555534e-05   6.9305377e-05    0.0236135777  0.000243983591    0.0696913853    0.0758862084
          wgpu 1d 89g 252c x3w 3ms | egraph 19g->106v+0snap 4ms | graft 20 (-59n, 0 snap) cpu 0 | f64 20 | gen 0.1s | dropped inexpr 1 oversz 0 unbuild 0 {}
 308     0     100               0  9.47555534e-05   6.9305377e-05    0.0236135777  0.000243983591    0.0696913853    0.0758862084
 308     1      50               0  9.47555534e-05   6.9305377e-05    0.0236135777  0.000243983591    0.0696913853    0.0758862084
          wgpu 1d 95g 231c x3w 3ms | egraph 15g->85v+0snap 3ms | graft 17 (-55n, 0 snap) cpu 0 | f64 20 | gen 0.1s
 309     0     100               0  9.47555534e-05   6.9305377e-05    0.0236135777  0.000243983591    0.0696913853    0.0758862084
 309     1      50               0  9.47555034e-05  6.93053771e-05    0.0236135786  0.000243983703    0.0696913486    0.0758862085
          wgpu 1d 102g 255c x3w 3ms | egraph 19g->109v+0snap 4ms | graft 21 (-80n, 0 snap) cpu 0 | f64 20 | gen 0.1s
 310     0     100               0  9.47555534e-05   6.9305377e-05    0.0236135777  0.000243983591    0.0696913853    0.0758862084
 310     1      50               0  9.47555034e-05  6.93053771e-05    0.0236135786  0.000243983703    0.0696913486    0.0758862085
          wgpu 1d 86g 238c x3w 3ms | egraph 11g->92v+0snap 4ms | graft 17 (-45n, 0 snap) cpu 0 | f64 20 | gen 0.2s
--------- pump migration: intra (promote-2 + intake-reset) ---------
 311     0     100               0  9.47555534e-05   6.9305377e-05    0.0236135777  0.000243983591    0.0696913853    0.0758862084
 311     1      50               0  9.47555034e-05  6.93053771e-05    0.0236135786  0.000243983703    0.0696913486    0.0758862085
          wgpu 2d 277g 380c x3w 10ms | egraph 73g->154v+0snap 15ms | graft 54 (-154n, 0 snap) cpu 0 | f64 30 | gen 0.1s | dropped inexpr 6 oversz 0 unbuild 0 {}
 312     0     100               0  9.47555534e-05   6.9305377e-05    0.0236135777  0.000243983591    0.0696913853    0.0758862084
 312     1      50               0  9.47555034e-05  6.93053771e-05    0.0236135786  0.000243983703    0.0696913486    0.0758862085
          wgpu 1d 100g 249c x3w 3ms | egraph 18g->103v+0snap 5ms | graft 25 (-77n, 0 snap) cpu 0 | f64 20 | gen 0.1s
 313     0     100               0  9.47555534e-05   6.9305377e-05    0.0236135777  0.000243983591    0.0696913853    0.0758862084
 313     1      50               0  9.47555034e-05  6.93053771e-05    0.0236135786  0.000243983703    0.0696913486    0.0758862085
          wgpu 1d 84g 261c x3w 3ms | egraph 11g->115v+0snap 3ms | graft 22 (-84n, 0 snap) cpu 0 | f64 20 | gen 0.1s
 314     0     100               0  9.47555534e-05   6.9305377e-05    0.0236135777  0.000243983591    0.0696913853    0.0758862084
 314     1      50               0  9.47555034e-05  6.93053771e-05    0.0236135786  0.000243983703    0.0696913486    0.0758862085
          wgpu 1d 93g 234c x3w 3ms | egraph 17g->88v+0snap 4ms | graft 26 (-102n, 0 snap) cpu 0 | f64 20 | gen 0.1s
 315     0     100               0  9.47555534e-05   6.9305377e-05    0.0236135777  0.000243983591    0.0696913853    0.0758862084
 315     1      50               0  9.47555034e-05  6.93053771e-05    0.0236135786  0.000243983703    0.0696913486    0.0758862085
          wgpu 1d 101g 245c x3w 11ms | egraph 13g->99v+0snap 4ms | graft 21 (-63n, 0 snap) cpu 0 | f64 20 | gen 0.1s
 316     0     100               0  9.47555534e-05   6.9305377e-05    0.0236135777  0.000243983591    0.0696913853    0.0758862084
 316     1      50               0  9.47555034e-05  6.93053771e-05    0.0236135786  0.000243983703    0.0696913486    0.0758862085
          wgpu 1d 111g 242c x3w 3ms | egraph 21g->96v+0snap 5ms | graft 30 (-99n, 0 snap) cpu 0 | f64 20 | gen 0.1s
 317     0     100               0  9.47555534e-05   6.9305377e-05    0.0236135777  0.000243983591    0.0696913853    0.0758862084
 317     1      50               0  9.47555034e-05  6.93053771e-05    0.0236135786  0.000243983703    0.0696913486    0.0758862085
          wgpu 1d 105g 245c x3w 3ms | egraph 13g->99v+0snap 3ms | graft 24 (-85n, 0 snap) cpu 0 | f64 20 | gen 0.1s
 318     0     100               0  9.47555534e-05   6.9305377e-05    0.0236135777  0.000243983591    0.0696913853    0.0758862084
 318     1      50               0  9.47555034e-05  6.93053771e-05    0.0236135786  0.000243983703    0.0696913486    0.0758862085
          wgpu 1d 109g 255c x3w 3ms | egraph 17g->109v+0snap 4ms | graft 22 (-61n, 0 snap) cpu 0 | f64 20 | gen 0.1s
 319     0     100               0  9.47555534e-05   6.9305377e-05    0.0236135777  0.000243983591    0.0696913853    0.0758862084
 319     1      50               0  9.47555034e-05  6.93053771e-05    0.0236135786  0.000243983703    0.0696913486    0.0758862085
          wgpu 1d 104g 247c x3w 3ms | egraph 13g->101v+0snap 6ms | graft 26 (-87n, 0 snap) cpu 0 | f64 20 | gen 0.1s
 320     0     100               0  9.47555534e-05   6.9305377e-05    0.0236135777  0.000243983591    0.0696913853    0.0758862084
 320     1      50               0  9.47555034e-05  6.93053771e-05    0.0236135786  0.000243983703    0.0696913486    0.0758862085
          wgpu 1d 93g 252c x3w 5ms | egraph 21g->106v+0snap 4ms | graft 19 (-59n, 0 snap) cpu 0 | f64 20 | gen 0.2s
--------- pump migration: intra (promote-2 + intake-reset) ---------
 321     0     100               0  9.47555034e-05  6.93053771e-05    0.0236135786  0.000243983703    0.0696913486    0.0758862085
 321     1      50               0  9.47555534e-05   6.9305377e-05    0.0236135777  0.000243983591    0.0696913853    0.0758862084
          wgpu 2d 294g 427c x3w 7ms | egraph 77g->201v+0snap 20ms | graft 68 (-193n, 0 snap) cpu 0 | f64 30 | gen 0.1s | dropped inexpr 6 oversz 0 unbuild 0 {}
 322     0     100               0  9.47555034e-05  6.93053771e-05    0.0236135786  0.000243983703    0.0696913486    0.0758862085
 322     1      50               0  9.47555034e-05  6.93053771e-05    0.0236135786  0.000243983703    0.0696913486    0.0758862085
          wgpu 1d 109g 242c x3w 3ms | egraph 13g->96v+0snap 3ms | graft 30 (-89n, 0 snap) cpu 0 | f64 20 | gen 0.1s
 323     0     100               0  9.47555034e-05  6.93053771e-05    0.0236135786  0.000243983703    0.0696913486    0.0758862085
 323     1      50               0  9.47555034e-05  6.93053771e-05    0.0236135786  0.000243983703    0.0696913486    0.0758862085
          wgpu 1d 95g 244c x3w 3ms | egraph 12g->98v+0snap 8ms | graft 19 (-71n, 0 snap) cpu 0 | f64 20 | gen 0.1s | dropped inexpr 1 oversz 0 unbuild 0 {}
 324     0     100               0  9.47555034e-05  6.93053771e-05    0.0236135786  0.000243983703    0.0696913486    0.0758862085
 324     1      50               0  9.47555034e-05  6.93053771e-05    0.0236135786  0.000243983703    0.0696913486    0.0758862085
          wgpu 1d 94g 251c x3w 3ms | egraph 14g->105v+0snap 4ms | graft 25 (-72n, 0 snap) cpu 0 | f64 20 | gen 0.1s
 325     0     100               0  9.47555034e-05  6.93053771e-05    0.0236135786  0.000243983703    0.0696913486    0.0758862085
 325     1      50               0  9.47555034e-05  6.93053771e-05    0.0236135786  0.000243983703    0.0696913486    0.0758862085
          wgpu 1d 105g 243c x3w 3ms | egraph 17g->97v+0snap 5ms | graft 19 (-56n, 0 snap) cpu 0 | f64 20 | gen 0.1s
 326     0     100               0  9.47555034e-05  6.93053771e-05    0.0236135786  0.000243983703    0.0696913486    0.0758862085
 326     1      50               0  9.47555034e-05  6.93053771e-05    0.0236135786  0.000243983703    0.0696913486    0.0758862085
          wgpu 1d 103g 253c x3w 3ms | egraph 14g->107v+0snap 4ms | graft 26 (-83n, 0 snap) cpu 0 | f64 20 | gen 0.1s
 327     0     100               0  9.47555034e-05  6.93053771e-05    0.0236135786  0.000243983703    0.0696913486    0.0758862085
 327     1      50               0  9.47555034e-05  6.93053771e-05    0.0236135786  0.000243983703    0.0696913486    0.0758862085
          wgpu 1d 93g 247c x3w 6ms | egraph 12g->101v+0snap 3ms | graft 10 (-26n, 0 snap) cpu 0 | f64 20 | gen 0.1s
 328     0     100               0  9.47555034e-05  6.93053771e-05    0.0236135786  0.000243983703    0.0696913486    0.0758862085
 328     1      50               0  9.47555034e-05  6.93053771e-05    0.0236135786  0.000243983703    0.0696913486    0.0758862085
          wgpu 1d 83g 244c x3w 3ms | egraph 9g->98v+0snap 3ms | graft 19 (-60n, 0 snap) cpu 0 | f64 20 | gen 0.2s | dropped inexpr 1 oversz 0 unbuild 0 {}
 329     0     100               0  9.47555034e-05  6.93053771e-05    0.0236135786  0.000243983703    0.0696913486    0.0758862085
 329     1      50               0  9.47555034e-05  6.93053771e-05    0.0236135786  0.000243983703    0.0696913486    0.0758862085
          wgpu 1d 93g 243c x3w 3ms | egraph 7g->97v+0snap 3ms | graft 19 (-68n, 0 snap) cpu 0 | f64 20 | gen 0.1s
 330     0     100               0  9.47555034e-05  6.93053771e-05    0.0236135786  0.000243983703    0.0696913486    0.0758862085
 330     1      50               0  9.47555034e-05  6.93053771e-05    0.0236135786  0.000243983703    0.0696913486    0.0758862085
          wgpu 1d 106g 265c x3w 4ms | egraph 18g->119v+0snap 7ms | graft 31 (-89n, 0 snap) cpu 0 | f64 20 | gen 0.1s
--------- pump migration: intra (promote-2 + intake-reset) + cross ---------
 331     0     100               0  9.47555034e-05  6.93053771e-05    0.0236135786  0.000243983703    0.0696913486    0.0758862085
 331     1      50               0  9.47555034e-05  6.93053771e-05    0.0236135786  0.000243983703    0.0696913486    0.0758862085
          wgpu 2d 306g 404c x3w 8ms | egraph 83g->178v+0snap 25ms | graft 63 (-260n, 0 snap) cpu 0 | f64 30 | gen 0.1s | dropped inexpr 4 oversz 0 unbuild 0 {}
 332     0     100               0  9.47555034e-05  6.93053771e-05    0.0236135786  0.000243983703    0.0696913486    0.0758862085
 332     1      50               0  9.47555034e-05  6.93053771e-05    0.0236135786  0.000243983703    0.0696913486    0.0758862085
          wgpu 1d 85g 248c x3w 3ms | egraph 12g->102v+0snap 4ms | graft 24 (-81n, 0 snap) cpu 0 | f64 20 | gen 0.1s
 333     0     100               0  9.47555034e-05  6.93053771e-05    0.0236135786  0.000243983703    0.0696913486    0.0758862085
 333     1      50               0  9.47555034e-05  6.93053771e-05    0.0236135786  0.000243983703    0.0696913486    0.0758862085
          wgpu 1d 94g 253c x3w 3ms | egraph 15g->107v+0snap 3ms | graft 25 (-70n, 0 snap) cpu 0 | f64 20 | gen 0.1s | dropped inexpr 1 oversz 0 unbuild 0 {}
 334     0     100               0  9.47555534e-05   6.9305377e-05    0.0236135777  0.000243983591    0.0696913853    0.0758862084
 334     1      50               0  9.47555034e-05  6.93053771e-05    0.0236135786  0.000243983703    0.0696913486    0.0758862085
          wgpu 1d 89g 257c x3w 3ms | egraph 16g->111v+0snap 5ms | graft 26 (-101n, 0 snap) cpu 0 | f64 20 | gen 0.2s | dropped inexpr 1 oversz 0 unbuild 0 {}
 335     0     100               0  9.47555534e-05   6.9305377e-05    0.0236135777  0.000243983591    0.0696913853    0.0758862084
 335     1      50               0  9.47555034e-05  6.93053771e-05    0.0236135786  0.000243983703    0.0696913486    0.0758862085
          wgpu 1d 96g 235c x3w 3ms | egraph 10g->89v+0snap 2ms | graft 14 (-42n, 0 snap) cpu 0 | f64 20 | gen 0.1s
 336     0     100               0  9.47555534e-05   6.9305377e-05    0.0236135777  0.000243983591    0.0696913853    0.0758862084
 336     1      50               0  9.47555034e-05  6.93053771e-05    0.0236135786  0.000243983703    0.0696913486    0.0758862085
          wgpu 1d 90g 249c x3w 3ms | egraph 11g->103v+0snap 3ms | graft 22 (-68n, 0 snap) cpu 0 | f64 20 | gen 0.1s
 337     0     100               0  9.47555534e-05   6.9305377e-05    0.0236135777  0.000243983591    0.0696913853    0.0758862084
 337     1      50               0  9.47555034e-05  6.93053771e-05    0.0236135786  0.000243983703    0.0696913486    0.0758862085
          wgpu 1d 85g 242c x3w 3ms | egraph 10g->96v+0snap 3ms | graft 14 (-36n, 0 snap) cpu 0 | f64 20 | gen 0.1s
 338     0     100               0  9.47555534e-05   6.9305377e-05    0.0236135777  0.000243983591    0.0696913853    0.0758862084
 338     1      50               0  9.47555034e-05  6.93053771e-05    0.0236135786  0.000243983703    0.0696913486    0.0758862085
          wgpu 1d 95g 248c x3w 5ms | egraph 11g->102v+0snap 3ms | graft 18 (-45n, 0 snap) cpu 0 | f64 20 | gen 0.1s
 339     0     100               0  9.47555534e-05   6.9305377e-05    0.0236135777  0.000243983591    0.0696913853    0.0758862084
 339     1      50               0  9.47555034e-05  6.93053771e-05    0.0236135786  0.000243983703    0.0696913486    0.0758862085
          wgpu 1d 83g 227c x3w 3ms | egraph 11g->81v+0snap 3ms | graft 13 (-38n, 0 snap) cpu 0 | f64 20 | gen 0.2s | dropped inexpr 1 oversz 0 unbuild 0 {}
 340     0     100               0  9.47555534e-05   6.9305377e-05    0.0236135777  0.000243983591    0.0696913853    0.0758862084
 340     1      50               0  9.47555034e-05  6.93053771e-05    0.0236135786  0.000243983703    0.0696913486    0.0758862085
          wgpu 1d 85g 256c x3w 4ms | egraph 13g->110v+0snap 4ms | graft 18 (-57n, 0 snap) cpu 0 | f64 20 | gen 0.2s | dropped inexpr 1 oversz 0 unbuild 0 {}
--------- pump migration: intra (promote-2 + intake-reset) ---------
 341     0     100               0  9.47555534e-05   6.9305377e-05    0.0236135777  0.000243983591    0.0696913853    0.0758862084
 341     1      50               0  9.47555534e-05   6.9305377e-05    0.0236135777  0.000243983591    0.0696913853    0.0758862084
          wgpu 2d 320g 413c x3w 13ms | egraph 92g->187v+0snap 21ms | graft 58 (-196n, 0 snap) cpu 0 | f64 30 | gen 0.1s | dropped inexpr 4 oversz 0 unbuild 0 {}
 342     0     100               0  9.47555534e-05   6.9305377e-05    0.0236135777  0.000243983591    0.0696913853    0.0758862084
 342     1      50               0  9.47555534e-05   6.9305377e-05    0.0236135777  0.000243983591    0.0696913853    0.0758862084
          wgpu 1d 103g 249c x3w 3ms | egraph 12g->103v+0snap 3ms | graft 24 (-105n, 0 snap) cpu 0 | f64 20 | gen 0.1s
 343     0     100               0  9.47555534e-05   6.9305377e-05    0.0236135777  0.000243983591    0.0696913853    0.0758862084
 343     1      50               0  9.47555034e-05  6.93053771e-05    0.0236135786  0.000243983703    0.0696913486    0.0758862085
          wgpu 1d 97g 241c x3w 3ms | egraph 9g->95v+0snap 3ms | graft 19 (-51n, 0 snap) cpu 0 | f64 20 | gen 0.1s
 344     0     100               0  9.47555534e-05   6.9305377e-05    0.0236135777  0.000243983591    0.0696913853    0.0758862084
 344     1      50               0  9.47555034e-05  6.93053771e-05    0.0236135786  0.000243983703    0.0696913486    0.0758862085
          wgpu 1d 90g 251c x3w 3ms | egraph 14g->105v+0snap 3ms | graft 16 (-49n, 0 snap) cpu 0 | f64 20 | gen 0.1s
 345     0     100               0  9.47555534e-05   6.9305377e-05    0.0236135777  0.000243983591    0.0696913853    0.0758862084
 345     1      50               0  9.47555034e-05  6.93053771e-05    0.0236135786  0.000243983703    0.0696913486    0.0758862085
          wgpu 1d 97g 251c x3w 3ms | egraph 18g->105v+0snap 5ms | graft 24 (-81n, 0 snap) cpu 0 | f64 20 | gen 0.1s
 346     0     100               0  9.47555534e-05   6.9305377e-05    0.0236135777  0.000243983591    0.0696913853    0.0758862084
 346     1      50               0  9.47555034e-05  6.93053771e-05    0.0236135786  0.000243983703    0.0696913486    0.0758862085
          wgpu 1d 88g 224c x3w 3ms | egraph 9g->78v+0snap 3ms | graft 21 (-71n, 0 snap) cpu 0 | f64 20 | gen 0.1s
 347     0     100               0  9.47555534e-05   6.9305377e-05    0.0236135777  0.000243983591    0.0696913853    0.0758862084
 347     1      50               0  9.47555034e-05  6.93053771e-05    0.0236135786  0.000243983703    0.0696913486    0.0758862085
          wgpu 1d 133g 240c x3w 4ms | egraph 25g->94v+0snap 7ms | graft 33 (-102n, 0 snap) cpu 0 | f64 20 | gen 0.2s
 348     0     100               0  9.47555534e-05   6.9305377e-05    0.0236135777  0.000243983591    0.0696913853    0.0758862084
 348     1      50               0  9.47555034e-05  6.93053771e-05    0.0236135786  0.000243983703    0.0696913486    0.0758862085
          wgpu 1d 111g 241c x3w 3ms | egraph 14g->95v+0snap 4ms | graft 20 (-52n, 0 snap) cpu 0 | f64 20 | gen 0.1s
 349     0     100               0  9.47555534e-05   6.9305377e-05    0.0236135777  0.000243983591    0.0696913853    0.0758862084
 349     1      50               0  9.47555034e-05  6.93053771e-05    0.0236135786  0.000243983703    0.0696913486    0.0758862085
          wgpu 1d 115g 255c x3w 3ms | egraph 12g->109v+0snap 5ms | graft 26 (-74n, 0 snap) cpu 0 | f64 20 | gen 0.2s
 350     0     100               0  9.47555534e-05   6.9305377e-05    0.0236135777  0.000243983591    0.0696913853    0.0758862084
 350     1      50               0  9.47555034e-05  6.93053771e-05    0.0236135786  0.000243983703    0.0696913486    0.0758862085
          wgpu 1d 96g 252c x3w 3ms | egraph 11g->106v+0snap 4ms | graft 21 (-68n, 0 snap) cpu 0 | f64 20 | gen 0.1s
--------- pump migration: intra (promote-2 + intake-reset) ---------
 351     0     100               0  9.47555534e-05   6.9305377e-05    0.0236135777  0.000243983591    0.0696913853    0.0758862084
 351     1      50               0  9.47555534e-05   6.9305377e-05    0.0236135777  0.000243983591    0.0696913853    0.0758862084
          wgpu 2d 327g 409c x3w 8ms | egraph 103g->183v+0snap 34ms | graft 71 (-218n, 0 snap) cpu 0 | f64 30 | gen 0.2s | dropped inexpr 1 oversz 0 unbuild 0 {}
 352     0     100               0  9.47555534e-05   6.9305377e-05    0.0236135777  0.000243983591    0.0696913853    0.0758862084
 352     1      50               0  9.47555534e-05   6.9305377e-05    0.0236135777  0.000243983591    0.0696913853    0.0758862084
          wgpu 1d 107g 255c x3w 3ms | egraph 16g->109v+0snap 5ms | graft 27 (-80n, 0 snap) cpu 0 | f64 20 | gen 0.1s | dropped inexpr 1 oversz 0 unbuild 0 {}
 353     0     100               0  9.47555534e-05   6.9305377e-05    0.0236135777  0.000243983591    0.0696913853    0.0758862084
 353     1      50               0  9.47555034e-05  6.93053771e-05    0.0236135786  0.000243983703    0.0696913486    0.0758862085
          wgpu 1d 99g 238c x3w 4ms | egraph 19g->92v+0snap 8ms | graft 18 (-56n, 0 snap) cpu 0 | f64 20 | gen 0.1s
 354     0     100               0  9.47555534e-05   6.9305377e-05    0.0236135777  0.000243983591    0.0696913853    0.0758862084
 354     1      50               0  9.47555034e-05  6.93053771e-05    0.0236135786  0.000243983703    0.0696913486    0.0758862085
          wgpu 1d 101g 247c x3w 3ms | egraph 11g->101v+0snap 4ms | graft 20 (-55n, 0 snap) cpu 0 | f64 20 | gen 0.2s
 355     0     100               0  9.47555534e-05   6.9305377e-05    0.0236135777  0.000243983591    0.0696913853    0.0758862084
 355     1      50               0  9.47555534e-05   6.9305377e-05    0.0236135777  0.000243983591    0.0696913853    0.0758862084
          wgpu 1d 109g 253c x3w 3ms | egraph 15g->107v+0snap 4ms | graft 22 (-75n, 0 snap) cpu 0 | f64 20 | gen 0.2s | dropped inexpr 1 oversz 0 unbuild 0 {}
 356     0     100               0  9.47555534e-05   6.9305377e-05    0.0236135777  0.000243983591    0.0696913853    0.0758862084
 356     1      50               0  9.47555034e-05  6.93053771e-05    0.0236135786  0.000243983703    0.0696913486    0.0758862085
          wgpu 1d 101g 238c x3w 4ms | egraph 14g->92v+0snap 3ms | graft 20 (-53n, 0 snap) cpu 0 | f64 20 | gen 0.1s
 357     0     100               0  9.47555534e-05   6.9305377e-05    0.0236135777  0.000243983591    0.0696913853    0.0758862084
 357     1      50               0  9.47555534e-05   6.9305377e-05    0.0236135777  0.000243983591    0.0696913853    0.0758862084
          wgpu 1d 97g 248c x3w 3ms | egraph 13g->102v+0snap 5ms | graft 15 (-43n, 0 snap) cpu 0 | f64 20 | gen 0.1s
 358     0     100               0  9.47555534e-05   6.9305377e-05    0.0236135777  0.000243983591    0.0696913853    0.0758862084
 358     1      50               0  9.47555034e-05  6.93053771e-05    0.0236135786  0.000243983703    0.0696913486    0.0758862085
          wgpu 1d 101g 250c x3w 4ms | egraph 19g->104v+0snap 5ms | graft 21 (-77n, 0 snap) cpu 0 | f64 20 | gen 0.1s
 359     0     100               0  9.47555534e-05   6.9305377e-05    0.0236135777  0.000243983591    0.0696913853    0.0758862084
 359     1      50               0  9.47555034e-05  6.93053771e-05    0.0236135786  0.000243983703    0.0696913486    0.0758862085
          wgpu 1d 102g 247c x3w 3ms | egraph 13g->101v+0snap 6ms | graft 21 (-76n, 0 snap) cpu 0 | f64 20 | gen 0.2s
 360     0     100               0  9.47555534e-05   6.9305377e-05    0.0236135777  0.000243983591    0.0696913853    0.0758862084
 360     1      50               0  9.47555034e-05  6.93053771e-05    0.0236135786  0.000243983703    0.0696913486    0.0758862085
          wgpu 1d 100g 239c x3w 5ms | egraph 12g->93v+0snap 4ms | graft 22 (-62n, 0 snap) cpu 0 | f64 20 | gen 0.1s
--------- pump migration: intra (promote-2 + intake-reset) + cross ---------
 361     0     100               0  9.47555534e-05   6.9305377e-05    0.0236135777  0.000243983591    0.0696913853    0.0758862084
 361     1      50               0  9.47555034e-05  6.93053771e-05    0.0236135786  0.000243983703    0.0696913486    0.0758862085
          wgpu 2d 313g 406c x3w 8ms | egraph 90g->180v+0snap 24ms | graft 75 (-269n, 0 snap) cpu 0 | f64 30 | gen 0.3s | dropped inexpr 2 oversz 0 unbuild 0 {}
 362     0     100               0  9.47555534e-05   6.9305377e-05    0.0236135777  0.000243983591    0.0696913853    0.0758862084
 362     1      50               0  9.47555034e-05  6.93053771e-05    0.0236135786  0.000243983703    0.0696913486    0.0758862085
          wgpu 1d 106g 253c x3w 3ms | egraph 20g->107v+0snap 5ms | graft 23 (-67n, 0 snap) cpu 0 | f64 20 | gen 0.1s
 363     0     100               0  9.47555534e-05   6.9305377e-05    0.0236135777  0.000243983591    0.0696913853    0.0758862084
 363     1      50               0  9.47555034e-05  6.93053771e-05    0.0236135786  0.000243983703    0.0696913486    0.0758862085
          wgpu 1d 93g 239c x3w 3ms | egraph 11g->93v+0snap 3ms | graft 17 (-64n, 0 snap) cpu 0 | f64 20 | gen 0.1s
 364     0     100               0  9.47555534e-05   6.9305377e-05    0.0236135777  0.000243983591    0.0696913853    0.0758862084
 364     1      50               0  9.47555034e-05  6.93053771e-05    0.0236135786  0.000243983703    0.0696913486    0.0758862085
          wgpu 1d 86g 243c x3w 3ms | egraph 11g->97v+0snap 6ms | graft 16 (-47n, 0 snap) cpu 0 | f64 20 | gen 0.1s
 365     0     100               0  9.47555034e-05  6.93053771e-05    0.0236135786  0.000243983703    0.0696913486    0.0758862085
 365     1      50               0  9.47555034e-05  6.93053771e-05    0.0236135786  0.000243983703    0.0696913486    0.0758862085
          wgpu 1d 109g 247c x3w 4ms | egraph 22g->101v+0snap 5ms | graft 19 (-48n, 0 snap) cpu 0 | f64 20 | gen 0.1s
 366     0     100               0  9.47555034e-05  6.93053771e-05    0.0236135786  0.000243983703    0.0696913486    0.0758862085
 366     1      50               0  9.47555034e-05  6.93053771e-05    0.0236135786  0.000243983703    0.0696913486    0.0758862085
          wgpu 1d 81g 236c x3w 3ms | egraph 13g->90v+0snap 3ms | graft 12 (-43n, 0 snap) cpu 0 | f64 20 | gen 0.1s
 367     0     100               0  9.47555034e-05  6.93053771e-05    0.0236135786  0.000243983703    0.0696913486    0.0758862085
 367     1      50               0  9.47555534e-05   6.9305377e-05    0.0236135777  0.000243983591    0.0696913853    0.0758862084
          wgpu 1d 99g 242c x3w 7ms | egraph 14g->96v+0snap 4ms | graft 25 (-63n, 0 snap) cpu 0 | f64 20 | gen 0.1s
 368     0     100               0  9.47555034e-05  6.93053771e-05    0.0236135786  0.000243983703    0.0696913486    0.0758862085
 368     1      50               0  9.47555534e-05   6.9305377e-05    0.0236135777  0.000243983591    0.0696913853    0.0758862084
          wgpu 1d 95g 249c x3w 9ms | egraph 14g->103v+0snap 3ms | graft 19 (-75n, 0 snap) cpu 0 | f64 20 | gen 0.1s
 369     0     100               0  9.47555034e-05  6.93053771e-05    0.0236135786  0.000243983703    0.0696913486    0.0758862085
 369     1      50               0  9.47555034e-05  6.93053771e-05    0.0236135786  0.000243983703    0.0696913486    0.0758862085
          wgpu 1d 95g 239c x3w 3ms | egraph 11g->93v+0snap 3ms | graft 13 (-53n, 0 snap) cpu 0 | f64 20 | gen 0.1s | dropped inexpr 1 oversz 0 unbuild 0 {}
 370     0     100               0  9.47555034e-05  6.93053771e-05    0.0236135786  0.000243983703    0.0696913486    0.0758862085
 370     1      50               0  9.47555534e-05   6.9305377e-05    0.0236135777  0.000243983591    0.0696913853    0.0758862084
          wgpu 1d 87g 246c x3w 4ms | egraph 10g->100v+0snap 8ms | graft 20 (-70n, 0 snap) cpu 0 | f64 20 | gen 0.2s
--------- pump migration: intra (promote-2 + intake-reset) ---------
 371     0     100               0  9.47555034e-05  6.93053771e-05    0.0236135786  0.000243983703    0.0696913486    0.0758862085
 371     1      50               0  9.47555034e-05  6.93053771e-05    0.0236135786  0.000243983703    0.0696913486    0.0758862085
          wgpu 2d 338g 437c x3w 8ms | egraph 103g->211v+0snap 31ms | graft 76 (-288n, 0 snap) cpu 0 | f64 30 | gen 0.1s | dropped inexpr 3 oversz 0 unbuild 0 {}
 372     0     100               0  9.47555034e-05  6.93053771e-05    0.0236135786  0.000243983703    0.0696913486    0.0758862085
 372     1      50               0  9.47555034e-05  6.93053771e-05    0.0236135786  0.000243983703    0.0696913486    0.0758862085
          wgpu 1d 94g 242c x3w 3ms | egraph 16g->96v+0snap 4ms | graft 14 (-53n, 0 snap) cpu 0 | f64 20 | gen 0.1s
 373     0     100               0  9.47555034e-05  6.93053771e-05    0.0236135786  0.000243983703    0.0696913486    0.0758862085
 373     1      50               0  9.47555534e-05   6.9305377e-05    0.0236135777  0.000243983591    0.0696913853    0.0758862084
          wgpu 1d 105g 248c x3w 3ms | egraph 13g->102v+0snap 3ms | graft 26 (-86n, 0 snap) cpu 0 | f64 20 | gen 0.1s
 374     0     100               0  9.47555034e-05  6.93053771e-05    0.0236135786  0.000243983703    0.0696913486    0.0758862085
 374     1      50               0  9.47555034e-05  6.93053771e-05    0.0236135786  0.000243983703    0.0696913486    0.0758862085
          wgpu 1d 96g 251c x3w 4ms | egraph 18g->105v+0snap 8ms | graft 21 (-63n, 0 snap) cpu 0 | f64 20 | gen 0.1s
 375     0     100               0  9.47555034e-05  6.93053771e-05    0.0236135786  0.000243983703    0.0696913486    0.0758862085
 375     1      50               0  9.47555034e-05  6.93053771e-05    0.0236135786  0.000243983703    0.0696913486    0.0758862085
          wgpu 1d 78g 224c x3w 6ms | egraph 7g->78v+0snap 2ms | graft 13 (-46n, 0 snap) cpu 0 | f64 20 | gen 0.1s
 376     0     100               0  9.47555034e-05  6.93053771e-05    0.0236135786  0.000243983703    0.0696913486    0.0758862085
 376     1      50               0  9.47555034e-05  6.93053771e-05    0.0236135786  0.000243983703    0.0696913486    0.0758862085
          wgpu 1d 95g 250c x3w 3ms | egraph 12g->104v+0snap 3ms | graft 27 (-89n, 0 snap) cpu 0 | f64 20 | gen 0.2s
 377     0     100               0  9.47555034e-05  6.93053771e-05    0.0236135786  0.000243983703    0.0696913486    0.0758862085
 377     1      50               0  9.47555034e-05  6.93053771e-05    0.0236135786  0.000243983703    0.0696913486    0.0758862085
          wgpu 1d 81g 237c x3w 3ms | egraph 10g->91v+0snap 5ms | graft 12 (-36n, 0 snap) cpu 0 | f64 20 | gen 0.1s
 378     0     100               0  9.47555034e-05  6.93053771e-05    0.0236135786  0.000243983703    0.0696913486    0.0758862085
 378     1      50               0  9.47555034e-05  6.93053771e-05    0.0236135786  0.000243983703    0.0696913486    0.0758862085
          wgpu 1d 119g 246c x3w 4ms | egraph 23g->100v+0snap 7ms | graft 21 (-64n, 0 snap) cpu 0 | f64 20 | gen 0.2s | dropped inexpr 1 oversz 0 unbuild 0 {}
 379     0     100               0  9.47555034e-05  6.93053771e-05    0.0236135786  0.000243983703    0.0696913486    0.0758862085
 379     1      50               0  9.47555034e-05  6.93053771e-05    0.0236135786  0.000243983703    0.0696913486    0.0758862085
          wgpu 1d 93g 238c x3w 3ms | egraph 11g->92v+0snap 3ms | graft 15 (-44n, 0 snap) cpu 0 | f64 20 | gen 0.1s
 380     0     100               0  9.47555034e-05  6.93053771e-05    0.0236135786  0.000243983703    0.0696913486    0.0758862085
 380     1      50               0  9.47555034e-05  6.93053771e-05    0.0236135786  0.000243983703    0.0696913486    0.0758862085
          wgpu 1d 102g 239c x3w 8ms | egraph 15g->93v+0snap 3ms | graft 26 (-70n, 0 snap) cpu 0 | f64 20 | gen 0.2s
--------- pump migration: intra (promote-2 + intake-reset) ---------
 381     0     100               0  9.47555034e-05  6.93053771e-05    0.0236135786  0.000243983703    0.0696913486    0.0758862085
 381     1      50               0  9.47555034e-05  6.93053771e-05    0.0236135786  0.000243983703    0.0696913486    0.0758862085
          wgpu 2d 287g 408c x3w 8ms | egraph 76g->182v+0snap 20ms | graft 66 (-212n, 0 snap) cpu 0 | f64 30 | gen 0.1s | dropped inexpr 2 oversz 0 unbuild 0 {}
 382     0     100               0  9.47555034e-05  6.93053771e-05    0.0236135786  0.000243983703    0.0696913486    0.0758862085
 382     1      50               0  9.47555034e-05  6.93053771e-05    0.0236135786  0.000243983703    0.0696913486    0.0758862085
          wgpu 1d 92g 247c x3w 5ms | egraph 12g->101v+0snap 6ms | graft 24 (-84n, 0 snap) cpu 0 | f64 20 | gen 0.1s
 383     0     100               0  9.47555034e-05  6.93053771e-05    0.0236135786  0.000243983703    0.0696913486    0.0758862085
 383     1      50               0  9.47555534e-05   6.9305377e-05    0.0236135777  0.000243983591    0.0696913853    0.0758862084
          wgpu 1d 111g 245c x3w 3ms | egraph 11g->99v+0snap 3ms | graft 21 (-63n, 0 snap) cpu 0 | f64 20 | gen 0.1s
 384     0     100               0  9.47555034e-05  6.93053771e-05    0.0236135786  0.000243983703    0.0696913486    0.0758862085
 384     1      50               0  9.47555034e-05  6.93053771e-05    0.0236135786  0.000243983703    0.0696913486    0.0758862085
          wgpu 1d 106g 240c x3w 5ms | egraph 16g->94v+0snap 5ms | graft 20 (-51n, 0 snap) cpu 0 | f64 20 | gen 0.1s | dropped inexpr 1 oversz 0 unbuild 0 {}
 385     0     100               0  9.47555034e-05  6.93053771e-05    0.0236135786  0.000243983703    0.0696913486    0.0758862085
 385     1      50               0  9.47555034e-05  6.93053771e-05    0.0236135786  0.000243983703    0.0696913486    0.0758862085
          wgpu 1d 113g 246c x3w 6ms | egraph 20g->100v+0snap 6ms | graft 19 (-69n, 0 snap) cpu 0 | f64 20 | gen 0.2s
 386     0     100               0  9.47555034e-05  6.93053771e-05    0.0236135786  0.000243983703    0.0696913486    0.0758862085
 386     1      50               0  9.47555034e-05  6.93053771e-05    0.0236135786  0.000243983703    0.0696913486    0.0758862085
          wgpu 1d 98g 266c x3w 4ms | egraph 14g->120v+0snap 4ms | graft 24 (-63n, 0 snap) cpu 0 | f64 20 | gen 0.1s
 387     0     100               0  9.47555034e-05  6.93053771e-05    0.0236135786  0.000243983703    0.0696913486    0.0758862085
 387     1      50               0  9.47555534e-05   6.9305377e-05    0.0236135777  0.000243983591    0.0696913853    0.0758862084
          wgpu 1d 93g 247c x3w 3ms | egraph 20g->101v+0snap 5ms | graft 18 (-83n, 0 snap) cpu 0 | f64 20 | gen 0.1s
 388     0     100               0  9.47555034e-05  6.93053771e-05    0.0236135786  0.000243983703    0.0696913486    0.0758862085
 388     1      50               0  9.47555034e-05  6.93053771e-05    0.0236135786  0.000243983703    0.0696913486    0.0758862085
          wgpu 1d 93g 238c x3w 3ms | egraph 18g->92v+0snap 6ms | graft 18 (-75n, 0 snap) cpu 0 | f64 20 | gen 0.1s
 389     0     100               0  9.47555034e-05  6.93053771e-05    0.0236135786  0.000243983703    0.0696913486    0.0758862085
 389     1      50               0  9.47555034e-05  6.93053771e-05    0.0236135786  0.000243983703    0.0696913486    0.0758862085
          wgpu 1d 94g 261c x3w 3ms | egraph 20g->115v+0snap 5ms | graft 21 (-78n, 0 snap) cpu 0 | f64 20 | gen 0.1s | dropped inexpr 1 oversz 0 unbuild 0 {}
 390     0     100               0  9.47555034e-05  6.93053771e-05    0.0236135786  0.000243983703    0.0696913486    0.0758862085
 390     1      50               0  9.47555534e-05   6.9305377e-05    0.0236135777  0.000243983591    0.0696913853    0.0758862084
          wgpu 1d 93g 257c x3w 3ms | egraph 12g->111v+0snap 6ms | graft 21 (-98n, 0 snap) cpu 0 | f64 20 | gen 0.2s
--------- pump migration: intra (promote-2 + intake-reset) + cross ---------
 391     0     100               0  9.47555034e-05  6.93053771e-05    0.0236135786  0.000243983703    0.0696913486    0.0758862085
 391     1      50               0  9.47555034e-05  6.93053771e-05    0.0236135786  0.000243983703    0.0696913486    0.0758862085
          wgpu 2d 296g 411c x3w 11ms | egraph 79g->185v+0snap 29ms | graft 71 (-253n, 0 snap) cpu 0 | f64 30 | gen 0.2s
--------- pump migration: cross-class ---------
 392     0     100               0  9.47555034e-05  6.93053771e-05    0.0236135786  0.000243983703    0.0696913486    0.0758862085
 392     1      50               0  9.47555034e-05  6.93053771e-05    0.0236135786  0.000243983703    0.0696913486    0.0758862085
          wgpu 2d 319g 418c x3w 8ms | egraph 86g->192v+0snap 24ms | graft 61 (-225n, 0 snap) cpu 0 | f64 30 | gen 0.1s | dropped inexpr 6 oversz 0 unbuild 0 {}
--------- pump migration: cross-class ---------
 393     0     100               0  9.47555034e-05  6.93053771e-05    0.0236135786  0.000243983703    0.0696913486    0.0758862085
 393     1      50               0  9.47555034e-05  6.93053771e-05    0.0236135786  0.000243983703    0.0696913486    0.0758862085
          wgpu 2d 358g 464c x3w 8ms | egraph 108g->238v+0snap 31ms | graft 107 (-311n, 0 snap) cpu 0 | f64 30 | gen 0.2s | dropped inexpr 25 oversz 0 unbuild 0 {}
--------- pump migration: cross-class ---------
 394     0     100               0  9.47555034e-05  6.93053771e-05    0.0236135786  0.000243983703    0.0696913486    0.0758862085
 394     1      50               0  9.47555034e-05  6.93053771e-05    0.0236135786  0.000243983703    0.0696913486    0.0758862085
          wgpu 2d 271g 363c x3w 7ms | egraph 77g->137v+0snap 20ms | graft 49 (-161n, 0 snap) cpu 0 | f64 30 | gen 0.1s
--------- pump migration: cross-class ---------
 395     0     100               0  9.47555034e-05  6.93053771e-05    0.0236135786  0.000243983703    0.0696913486    0.0758862085
 395     1      50               0  9.47555034e-05  6.93053771e-05    0.0236135786  0.000243983703    0.0696913486    0.0758862085
          wgpu 2d 327g 424c x3w 8ms | egraph 90g->198v+0snap 24ms | graft 71 (-224n, 0 snap) cpu 0 | f64 30 | gen 0.1s
--------- pump migration: cross-class ---------
 396     0     100               0  9.47555034e-05  6.93053771e-05    0.0236135786  0.000243983703    0.0696913486    0.0758862085
 396     1      50               0  9.47555034e-05  6.93053771e-05    0.0236135786  0.000243983703    0.0696913486    0.0758862085
          wgpu 2d 258g 376c x3w 7ms | egraph 71g->150v+0snap 23ms | graft 55 (-165n, 0 snap) cpu 0 | f64 30 | gen 0.2s | dropped inexpr 3 oversz 0 unbuild 0 {}
--------- pump migration: cross-class ---------
 397     0     100               0  9.47555034e-05  6.93053771e-05    0.0236135786  0.000243983703    0.0696913486    0.0758862085
 397     1      50               0  9.47555034e-05  6.93053771e-05    0.0236135786  0.000243983703    0.0696913486    0.0758862085
          wgpu 2d 306g 434c x3w 8ms | egraph 77g->208v+0snap 34ms | graft 64 (-246n, 0 snap) cpu 0 | f64 30 | gen 0.2s | dropped inexpr 5 oversz 0 unbuild 0 {}
--------- pump migration: cross-class ---------
 398     0     100               0  9.47555034e-05  6.93053771e-05    0.0236135786  0.000243983703    0.0696913486    0.0758862085
 398     1      50               0  9.47555034e-05  6.93053771e-05    0.0236135786  0.000243983703    0.0696913486    0.0758862085
          wgpu 2d 322g 432c x3w 7ms | egraph 85g->206v+0snap 38ms | graft 69 (-247n, 0 snap) cpu 0 | f64 30 | gen 0.2s | dropped inexpr 3 oversz 0 unbuild 0 {}
--------- pump migration: cross-class ---------
 399     0     100               0  9.47555034e-05  6.93053771e-05    0.0236135786  0.000243983703    0.0696913486    0.0758862085
 399     1      50               0  9.47555034e-05  6.93053771e-05    0.0236135786  0.000243983703    0.0696913486    0.0758862085
          wgpu 2d 302g 407c x3w 7ms | egraph 75g->181v+0snap 23ms | graft 63 (-198n, 0 snap) cpu 0 | f64 30 | gen 0.2s | dropped inexpr 3 oversz 0 unbuild 0 {}
--------- pump migration: cross-class ---------
 400     0     100               0  9.47555034e-05  6.93053771e-05    0.0236135786  0.000243983703    0.0696913486    0.0758862085
 400     1      50               0  9.47555034e-05  6.93053771e-05    0.0236135786  0.000243983703    0.0696913486    0.0758862085
          wgpu 2d 283g 395c x3w 8ms | egraph 77g->169v+0snap 26ms | graft 64 (-176n, 0 snap) cpu 0 | f64 30 | gen 0.1s | dropped inexpr 1 oversz 0 unbuild 0 {}
--------- pump migration: intra (promote-2 + intake-reset) + cross ---------

This sub-run: 2026-09-19 06:02:00.344683 → 2026-09-19 06:03:07.580975
Now at generation 400 (HOF size: 30)
[join] 450 dispatches, 49,053 genes, 285,156 candidates scored in 1.71s GPU+host; e-graph 11,178 trees -> 32,558 variants + 24 snaps in 3.65s; 11,412 grafts (9 snap), 31,460 nodes removed; cpu-path individuals 0, f64-rejected 0, snaps refused for naming an input 0
[join]   inexpressible:    444  no pset token for semantic id "pow" with arity 2
[join]   inexpressible:    116  no pset token for semantic id "sqrt" with arity 1
[join]   inexpressible:     21  no pset token for semantic id "div" with arity 2
  HFF-chosen LSM kept: a=-0.0629224, b=0.0581826
Chromosome wrapper: id=1  →  log_abs
hof[0] runtime val: mse=9.263e-05  R²=0.898574
Pre-snap expression (after sympify + LSM compose):
  0.0581825881221143 - 0.0629224374603086*log(Abs(epsilon/3 - q/6 + r/3))

Per-level snap results (before MSE scoring):
  strict      →  0.0581825881221143 - 0.0629224374603086*log(Abs(2*epsilon - q + 2*r)/6)
  default     →  0.0581825881221143 - 0.0629224374603086*log(Abs(2*epsilon - q + 2*r)/6)
  aggressive  →  0.0581825881221143 - 0.0629224374603086*log(Abs(2*epsilon - q + 2*r)/6)

Snap-level comparison (sorted by holdout MSE, lowest first)
------------------------------------------------------------------------------------------
  level       MSE            R²         expression                                        
------------------------------------------------------------------------------------------
★ strict      9.164e-05      0.9186     0.0581825881221143 - 0.0629224374603086*log(Abs(2*
  default     9.164e-05      0.9186     0.0581825881221143 - 0.0629224374603086*log(Abs(2*
  aggressive  9.164e-05      0.9186     0.0581825881221143 - 0.0629224374603086*log(Abs(2*

Winning snap level: 'strict'  →  0.0581825881221143 - 0.0629224374603086*log(Abs(2*epsilon - q + 2*r)/6)

Canonical discovered expression: 0.0581825881221143 - 0.0629224374603086*log(Abs(2*epsilon - q + 2*r)/6)
[38;2;0;50;255m
############################################################ [38;2;255;255;255m
[38;2;0;50;255m Equation Recovery: II_4_23 [38;2;255;255;255m
[38;2;0;50;255m Truth: q/(4*pi*epsilon*r) [38;2;255;255;255m
[38;2;0;50;255m [38;2;255;255;255m
[38;2;255;0;255m     Exact recovery     : False [38;2;255;255;255m
[38;2;255;0;255m     Numerical recovery : False (max rel_err 2.52e+01 on 10k samples) [38;2;255;255;255m
[38;2;255;0;255m     Discovered         : 0.0581825881221143 - 0.0629224374603086*log(Abs(2*epsilon - q + 2*r)/6) [38;2;255;255;255m
[38;2;255;0;255m     LSM (a, b)         : (-0.0629224, 0.0581826) [38;2;255;255;255m
[38;2;0;50;255m
############################################################ [38;2;255;255;255m
In-range holdout : MSE=9.164e-05  MAE=0.007441  R²=0.9186
Extrapolation    : MSE=0.0003126  MAE=0.01512  R²=0.6234

Top 10 HOF models (north_pole=truenorth) (★ = Pareto-optimal)
(deduped HOF: 2 unique chromosomes from 30 raw HOF entries)
 ----------------------------------------------------------------------------------------------------------------
       model     wrapper      length   train_mse     val_mse     max_err    train_r2      val_r2 angular_distance
 ----------------------------------------------------------------------------------------------------------------
★           0     log_abs           5      0.0001      0.0001      0.0325      0.9186      0.8986      0.0000
           29    identity          32      0.0005      0.0003      0.1156      0.6674      0.6175      1.5708

Pareto-optimal in top 2: 1    Pareto-optimal in full HOF: 1 / 2

Recovery sweep across 2/2 unique HOF chromosomes (capped):
  Structural / exact     : 0/2  (0.0%)
  Numerical (≤1e-6 err)  : 0/2  (0.0%)
{
    "date": "2026/09/19",
    "seed": "5",
    "task": "equation_recovery",
    "north_pole_method": "truenorth",
    "hff_include_val": true,
    "problem": "II_4_23",
    "truth_expr": "q/(4*pi*epsilon*r)",
    "final_terminal_inputs": [
        "q",
        "epsilon",
        "r"
    ],
    "wide_primitives": true,
    "head_length": "48",
    "n_genes": "3",
    "rnc_array_length": "10",
    "tournament size": "intake=8, champion=5",
    "population size": "150",
    "population per island": "intake=100, champion=50",
    "gpu_join": true,
    "eclass_k": 8,
    "number of elites": "2",
    "number of generations": "400",
    "number of islands": "2",
    "migration FREQ": "30",
    "wrapper_id": 1,
    "wrapper_name": "log_abs",
    "recovery_exact": false,
    "recovery_numerical": false,
    "recovery_max_rel_err": 25.150026263795937,
    "discovered_expr": "0.0581825881221143 - 0.0629224374603086*log(Abs(2*epsilon - q + 2*r)/6)",
    "holdout_mse": 9.16383605099773e-05,
    "holdout_r2": 0.9186327283544079,
    "extrap_mse": 0.00031256890352498806,
    "extrap_r2": 0.6234178994305484,
    "hof_size": 2,
    "hof_exact_recoveries": 0,
    "hof_numerical_recoveries": 0
}
