/opt/anaconda3/lib/python3.12/site-packages/geppy/__init__.py:26: UserWarning: pkg_resources is deprecated as an API. See https://setuptools.pypa.io/en/latest/pkg_resources.html. The pkg_resources package is slated for removal as early as 2025-11-30. Refrain from using this package or pin to Setuptools<81.
  from pkg_resources import get_distribution, DistributionNotFound
hff library OK (test fitness: (0.1415394733244273,))
registry: ['circle_area', 'gravity', 'coulomb', 'pendulum', 'keplers3', 'ideal_gas', 'I_6_2a', 'I_6_2', 'I_6_2b', 'I_8_14', 'I_9_18', 'I_10_7', 'I_11_19', 'I_12_1', 'I_12_2', 'I_12_4', 'I_12_5', 'I_12_11', 'I_13_4', 'I_13_12', 'I_14_3', 'I_14_4', 'I_15_3x', 'I_15_3t', 'I_15_1', 'I_16_6', 'I_18_4', 'I_18_12', 'I_18_14', 'I_24_6', 'I_25_13', 'I_26_2', 'I_27_6', 'I_29_4', 'I_29_16', 'I_30_3', 'I_30_5', 'I_32_5', 'I_32_17', 'I_34_8', 'I_34_1', 'I_34_14', 'I_34_27', 'I_37_4', 'I_38_12', 'I_39_1', 'I_39_11', 'I_39_22', 'I_40_1', 'I_41_16', 'I_43_16', 'I_43_31', 'I_43_43', 'I_44_4', 'I_47_23', 'I_48_2', 'I_50_26', 'II_2_42', 'II_3_24', 'II_4_23', 'II_6_11', 'II_6_15a', 'II_6_15b', 'II_8_7', 'II_8_31', 'II_10_9', 'II_11_3', 'II_11_17', 'II_11_20', 'II_11_27', 'II_11_28', 'II_13_17', 'II_13_23', 'II_13_34', 'II_15_4', 'II_15_5', 'II_21_32', 'II_24_17', 'II_27_16', 'II_27_18', 'II_34_2a', 'II_34_2', 'II_34_11', 'II_34_29a', 'II_34_29b', 'II_35_18', 'II_35_21', 'II_36_38', 'II_37_1', 'II_38_3', 'II_38_14', 'III_4_32', 'III_4_33', 'III_7_38', 'III_8_54', 'III_9_52', 'III_10_19', 'III_12_43', 'III_13_18', 'III_14_14', 'III_15_12', 'III_15_14', 'III_15_27', 'III_17_37', 'III_19_51', 'III_21_20', 'test_1', 'test_2', 'test_3', 'test_4', 'test_5', 'test_6', 'test_7', 'test_8', 'test_9', 'test_10', 'test_11', 'test_12', 'test_13', 'test_14', 'test_15', 'test_16', 'test_17', 'test_18', 'test_19', 'test_20']
[feynman override] head_length=48 (keep n_genes=3, avgval linker)
Selected problem: I_15_3t
  Description : Feynman I-III I.15.3t: t1 = (t-u*x/c**2)/sqrt(1-u**2/c**2)
  Variables   : ['x', 'c', 'u', 't']
  Train range : {'x': (1.0, 5.0), 'c': (3.0, 10.0), 'u': (1.0, 2.0), 't': (1.0, 5.0)}
  Extrap range: {'x': (1.0, 7.5), 'c': (3.0, 15.0), 'u': (1.0, 3.0), 't': (1.0, 7.5)}
  Truth       : (t-u*x/c**2)/sqrt(1-u**2/c**2)
  ✓ cache hit  (data/equations/I_15_3t, key=bde951a47a1d92cc)
  train           (800, 5)  target range=[0.3336, 5.767]
  val             (200, 5)  target range=[0.9791, 5.101]
  holdout         (200, 5)  target range=[0.8479, 5.177]
  extrapolation   (200, 5)  target range=[0.5268, 9.855]
  saved figure → data/figures/I_15_3t/eda_pairplot.png
Wide primitive set enabled: sin, cos, exp, log added.
[E22 rules] variable pattern tags: {'lorentz_pair'}
[E22/23 rules] static candidate count: 9
[E22/23 rules] allowed to take a fitness slot (exact): 0
  [sum_sq_all/sum_sq] a=0.0089 b=2.3406e+00 1-R²_va=9.5110e-01
  [lorentz_factor/gamma(u)] a=0.1493 b=2.8019e+00 1-R²_va=1.0027e+00
  [lorentz_factor/x*gamma(u)] a=-0.0534 b=3.1285e+00 1-R²_va=1.0032e+00
  [lorentz_factor/x*u*gamma(u)] a=-0.0258 b=3.0797e+00 1-R²_va=1.0046e+00
  [lorentz_factor/t*gamma(u)] a=0.9861 b=-1.2063e-01 1-R²_va=1.2278e-02
  [lorentz_factor/t*u*gamma(u)] a=0.4948 b=6.7322e-01 1-R²_va=2.2382e-01
  [lorentz_factor/(x-u*t)*gamma(u)] a=-0.3878 b=2.4082e+00 1-R²_va=3.8807e-01
  [doppler_ratio/1/(1-u/c)] a=0.0311 b=2.9149e+00 1-R²_va=1.0027e+00
  [doppler_ratio/1/(1+u/c)] a=-0.1191 b=3.0532e+00 1-R²_va=1.0026e+00
[fuller] denoise + snap IN THE JOIN (every gene, every generation, K=8); mutation operators: physics=0.2 concretize=0.05
Wrapper scope: per_island  (island → wrapper map: ['identity', 'identity'])
[wgpu] process pool disabled — Metal cannot survive fork(); the population is evaluated in one dispatch instead
Genes: head_length=48, n_genes=3, rnc_array_length=10
Population: (per-island, see below), elites: 2, generations: 400, migration FREQ: 30
  pump per-island sizes: intake=100 (tournsize=8), champion=50 (tournsize=5)
Initialising evolution at 2026-09-19 06:44:43.607668
 gen  deme   evals     min fitness          mse_tr          mse_va         max_err      mse_extrap  one_minus_r2_tr  one_minus_r2_va
   0     0     100   0.00104076366    0.0127625101    0.0100772471      0.39390449     0.154441747   0.00918474238   0.00679503298
   0     1      50               0    0.0109336416   0.00874902291     0.405262437     0.120203107   0.00786856822   0.00589941863
          wgpu 1d 327g 289c x3w 9ms | egraph 187g->139v+0snap 63ms | graft 27 (-114n, 0 snap) cpu 0 | f64 30 | gen 0.0s | dropped inexpr 5 oversz 0 unbuild 0 {}
Extending evolution: gen 1 → 400 (+400 generations)
   1     0     100   0.00104076366    0.0127625101    0.0100772471      0.39390449     0.154441747   0.00918474238   0.00679503298
   1     1      50               0    0.0109336416   0.00874902291     0.405262437     0.120203107   0.00786856822   0.00589941863
          wgpu 1d 119g 229c x3w 3ms | egraph 49g->83v+0snap 11ms | graft 9 (-28n, 0 snap) cpu 0 | f64 29 | gen 0.3s | dropped inexpr 4 oversz 0 unbuild 0 {}
   2     0     100  0.000720425274    0.0124182771   0.00982476617     0.396569861      0.14014037   0.00893700967   0.00662478647
   2     1      50               0    0.0104900831    0.0083424398     0.403833548     0.119850499   0.00754935431   0.00562526186
          wgpu 1d 139g 264c x3w 10ms | egraph 53g->118v+0snap 12ms | graft 10 (-22n, 0 snap) cpu 0 | f64 33 | gen 0.3s | dropped inexpr 12 oversz 0 unbuild 0 {}
   3     0     100  0.000681020638    0.0122998622   0.00974380916     0.397618975     0.135948861   0.00885179053    0.0065701976
   3     1      50               0    0.0109336416   0.00874902291     0.405262437     0.120203107   0.00786856822   0.00589941863
          wgpu 1d 134g 266c x3w 4ms | egraph 53g->120v+0snap 12ms | graft 9 (-52n, 0 snap) cpu 0 | f64 23 | gen 0.2s | dropped inexpr 11 oversz 0 unbuild 0 {}
   4     0     100  0.000681020638    0.0122998622   0.00974380916     0.397618975     0.135948861   0.00885179053    0.0065701976
   4     1      50               0    0.0109336416   0.00874902291     0.405262437     0.120203107   0.00786856822   0.00589941863
          wgpu 1d 133g 277c x3w 4ms | egraph 41g->131v+0snap 26ms | graft 6 (-24n, 0 snap) cpu 0 | f64 20 | gen 0.3s | dropped inexpr 16 oversz 0 unbuild 0 {}
   5     0     100  0.000681020638    0.0122998622   0.00974380916     0.397618975     0.135948861   0.00885179053    0.0065701976
   5     1      50               0    0.0104900831    0.0083424398     0.403833548     0.119850499   0.00754935431   0.00562526186
          wgpu 1d 159g 288c x3w 4ms | egraph 49g->142v+0snap 13ms | graft 10 (-59n, 0 snap) cpu 0 | f64 20 | gen 0.2s | dropped inexpr 18 oversz 0 unbuild 0 {}
   6     0     100  0.000681020638    0.0122998622   0.00974380916     0.397618975     0.135948861   0.00885179053    0.0065701976
   6     1      50               0    0.0104900831    0.0083424398     0.403833548     0.119850499   0.00754935431   0.00562526186
          wgpu 1d 144g 325c x3w 5ms | egraph 42g->179v+0snap 13ms | graft 8 (-32n, 0 snap) cpu 0 | f64 20 | gen 0.2s | dropped inexpr 26 oversz 0 unbuild 0 {}
   7     0     100  0.000681020638    0.0122998622   0.00974380916     0.397618975     0.135948861   0.00885179053    0.0065701976
   7     1      50               0    0.0104900831    0.0083424398     0.403833548     0.119850499   0.00754935431   0.00562526186
          wgpu 1d 147g 313c x3w 4ms | egraph 46g->167v+0snap 25ms | graft 18 (-52n, 0 snap) cpu 0 | f64 20 | gen 0.3s | dropped inexpr 20 oversz 0 unbuild 0 {}
   8     0     100  0.000681020638    0.0122998622   0.00974380916     0.397618975     0.135948861   0.00885179053    0.0065701976
   8     1      50               0    0.0104900831    0.0083424398     0.403833548     0.119850499   0.00754935431   0.00562526186
          wgpu 1d 177g 327c x3w 5ms | egraph 41g->181v+0snap 11ms | graft 8 (-25n, 0 snap) cpu 0 | f64 20 | gen 0.2s | dropped inexpr 22 oversz 0 unbuild 0 {}
   9     0     100  0.000681020638    0.0122998622   0.00974380916     0.397618975     0.135948861   0.00885179053    0.0065701976
   9     1      50               0    0.0104900831    0.0083424398     0.403833548     0.119850499   0.00754935431   0.00562526186
          wgpu 1d 137g 316c x3w 4ms | egraph 31g->170v+0snap 9ms | graft 6 (-46n, 0 snap) cpu 0 | f64 20 | gen 0.2s | dropped inexpr 18 oversz 0 unbuild 0 {}
  10     0     100  0.000681020638    0.0122998622   0.00974380916     0.397618975     0.135948861   0.00885179053    0.0065701976
  10     1      50               0    0.0104900831    0.0083424398     0.403833548     0.119850499   0.00754935431   0.00562526186
          wgpu 1d 177g 322c x3w 4ms | egraph 43g->176v+0snap 10ms | graft 13 (-54n, 0 snap) cpu 0 | f64 20 | gen 0.2s | dropped inexpr 19 oversz 0 unbuild 0 {}
--------- pump migration: intra (promote-2 + intake-reset) ---------
  11     0     100  0.000352472697    0.0117030264   0.00925595006     0.394000222     0.209395908   0.00842226816   0.00624123686
  11     1      50               0    0.0104900831    0.0083424398     0.403833548     0.119850499   0.00754935431   0.00562526186
          wgpu 2d 331g 438c x3w 8ms | egraph 117g->212v+0snap 30ms | graft 33 (-176n, 0 snap) cpu 0 | f64 30 | gen 0.2s | dropped inexpr 21 oversz 0 unbuild 0 {}
  12     0     100  0.000352472697    0.0117030264   0.00925595006     0.394000222     0.209395908   0.00842226816   0.00624123686
  12     1      50               0    0.0104900831    0.0083424398     0.403833548     0.119850499   0.00754935431   0.00562526186
          wgpu 1d 147g 282c x3w 4ms | egraph 47g->136v+0snap 22ms | graft 11 (-41n, 0 snap) cpu 0 | f64 29 | gen 0.2s | dropped inexpr 15 oversz 0 unbuild 0 {}
  13     0     100  0.000352472697    0.0117030264   0.00925595006     0.394000222     0.209395908   0.00842226816   0.00624123686
  13     1      50               0    0.0104900831    0.0083424398     0.403833548     0.119850499   0.00754935431   0.00562526186
          wgpu 1d 156g 266c x3w 4ms | egraph 46g->120v+0snap 13ms | graft 10 (-38n, 0 snap) cpu 0 | f64 20 | gen 0.2s | dropped inexpr 11 oversz 0 unbuild 0 {}
  14     0     100  5.40272974e-05    0.0100877501   0.00779449511     0.336320838     0.123250488   0.00725980903   0.00525578572
  14     1      50               0    0.0104900831    0.0083424398     0.403833548     0.119850499   0.00754935431   0.00562526186
          wgpu 1d 171g 290c x3w 4ms | egraph 45g->144v+0snap 11ms | graft 17 (-87n, 0 snap) cpu 0 | f64 20 | gen 0.2s | dropped inexpr 9 oversz 0 unbuild 0 {}
  15     0     100  5.40272974e-05    0.0100877501   0.00779449511     0.336320838     0.123250488   0.00725980903   0.00525578572
  15     1      50               0    0.0104900831    0.0083424398     0.403833548     0.119850499   0.00754935431   0.00562526186
          wgpu 1d 145g 275c x3w 5ms | egraph 41g->129v+0snap 17ms | graft 15 (-30n, 0 snap) cpu 0 | f64 33 | gen 0.2s | dropped inexpr 9 oversz 0 unbuild 0 {}
  16     0     100               0    0.0074977963   0.00589554388      0.30636972    0.0952783992   0.00539590779   0.00397533322
  16     1      50               0    0.0104900831    0.0083424398     0.403833548     0.119850499   0.00754935431   0.00562526186
          wgpu 1d 145g 267c x3w 4ms | egraph 38g->121v+0snap 14ms | graft 14 (-65n, 0 snap) cpu 0 | f64 20 | gen 0.3s | dropped inexpr 7 oversz 0 unbuild 0 {}
  17     0     100               0    0.0074977963   0.00589554388      0.30636972    0.0952783992   0.00539590779   0.00397533322
  17     1      50               0    0.0104900831    0.0083424398     0.403833548     0.119850499   0.00754935431   0.00562526186
          wgpu 1d 147g 272c x3w 5ms | egraph 50g->126v+0snap 12ms | graft 7 (-25n, 0 snap) cpu 0 | f64 33 | gen 0.2s | dropped inexpr 13 oversz 0 unbuild 0 {}
  18     0     100               0    0.0074977963   0.00589554388      0.30636972    0.0952783992   0.00539590779   0.00397533322
  18     1      50               0    0.0104900831    0.0083424398     0.403833548     0.119850499   0.00754935431   0.00562526186
          wgpu 1d 149g 301c x3w 4ms | egraph 40g->155v+0snap 8ms | graft 14 (-82n, 0 snap) cpu 0 | f64 36 | gen 0.2s | dropped inexpr 9 oversz 0 unbuild 0 {}
  19     0     100               0    0.0074977963   0.00589554388      0.30636972    0.0952783992   0.00539590779   0.00397533322
  19     1      50               0    0.0104900831    0.0083424398     0.403833548     0.119850499   0.00754935431   0.00562526186
          wgpu 1d 146g 272c x3w 4ms | egraph 38g->126v+0snap 11ms | graft 10 (-28n, 0 snap) cpu 0 | f64 37 | gen 0.3s | dropped inexpr 15 oversz 0 unbuild 0 {}
  20     0     100               0    0.0074977963   0.00589554388      0.30636972    0.0952783992   0.00539590779   0.00397533322
  20     1      50               0    0.0104900831    0.0083424398     0.403833548     0.119850499   0.00754935431   0.00562526186
          wgpu 1d 128g 294c x3w 4ms | egraph 36g->148v+0snap 17ms | graft 9 (-39n, 0 snap) cpu 0 | f64 20 | gen 0.2s | dropped inexpr 12 oversz 0 unbuild 0 {}
--------- pump migration: intra (promote-2 + intake-reset) ---------
  21     0     100               0    0.0074977963   0.00589554388      0.30636972    0.0952783992   0.00539590779   0.00397533322
  21     1      50               0    0.0104900831    0.0083424398     0.403833548     0.119850499   0.00754935431   0.00562526186
          wgpu 2d 298g 387c x3w 7ms | egraph 107g->161v+0snap 22ms | graft 28 (-79n, 0 snap) cpu 0 | f64 30 | gen 0.2s | dropped inexpr 8 oversz 0 unbuild 0 {}
  22     0     100               0    0.0074977963   0.00589554388      0.30636972    0.0952783992   0.00539590779   0.00397533322
  22     1      50               0    0.0104900831    0.0083424398     0.403833548     0.119850499   0.00754935431   0.00562526186
          wgpu 1d 132g 276c x3w 4ms | egraph 32g->130v+0snap 11ms | graft 9 (-23n, 0 snap) cpu 0 | f64 20 | gen 0.2s | dropped inexpr 7 oversz 0 unbuild 0 {}
  23     0     100               0    0.0074977963   0.00589554388      0.30636972    0.0952783992   0.00539590779   0.00397533322
  23     1      50               0    0.0104900831    0.0083424398     0.403833548     0.119850499   0.00754935431   0.00562526186
          wgpu 1d 130g 253c x3w 4ms | egraph 40g->107v+0snap 11ms | graft 11 (-37n, 0 snap) cpu 0 | f64 20 | gen 0.2s | dropped inexpr 14 oversz 0 unbuild 0 {}
  24     0     100               0    0.0074977963   0.00589554388      0.30636972    0.0952783992   0.00539590779   0.00397533322
  24     1      50               0    0.0104900831    0.0083424398     0.403833548     0.119850499   0.00754935431   0.00562526186
          wgpu 1d 111g 246c x3w 3ms | egraph 30g->100v+0snap 9ms | graft 9 (-40n, 0 snap) cpu 0 | f64 20 | gen 0.2s | dropped inexpr 12 oversz 0 unbuild 0 {}
  25     0     100               0    0.0074977963   0.00589554388      0.30636972    0.0952783992   0.00539590779   0.00397533322
  25     1      50               0    0.0104900831    0.0083424398     0.403833548     0.119850499   0.00754935431   0.00562526186
          wgpu 1d 135g 272c x3w 4ms | egraph 31g->126v+0snap 13ms | graft 11 (-24n, 0 snap) cpu 0 | f64 20 | gen 0.2s | dropped inexpr 7 oversz 0 unbuild 0 {}
  26     0     100               0    0.0074977963   0.00589554388      0.30636972    0.0952783992   0.00539590779   0.00397533322
  26     1      50               0    0.0104900831    0.0083424398     0.403833548     0.119850499   0.00754935431   0.00562526186
          wgpu 1d 147g 294c x3w 4ms | egraph 39g->148v+0snap 14ms | graft 10 (-54n, 0 snap) cpu 0 | f64 20 | gen 0.3s | dropped inexpr 14 oversz 0 unbuild 0 {}
  27     0     100               0    0.0074977963   0.00589554388      0.30636972    0.0952783992   0.00539590779   0.00397533322
  27     1      50               0    0.0104900831    0.0083424398     0.403833548     0.119850499   0.00754935431   0.00562526186
          wgpu 1d 139g 303c x3w 4ms | egraph 40g->157v+0snap 9ms | graft 14 (-46n, 0 snap) cpu 0 | f64 20 | gen 0.2s | dropped inexpr 11 oversz 0 unbuild 0 {}
  28     0     100               0    0.0074977963   0.00589554388      0.30636972    0.0952783992   0.00539590779   0.00397533322
  28     1      50               0    0.0104900831    0.0083424398     0.403833548     0.119850499   0.00754935431   0.00562526186
          wgpu 1d 147g 279c x3w 4ms | egraph 36g->133v+0snap 13ms | graft 8 (-35n, 0 snap) cpu 0 | f64 20 | gen 0.2s | dropped inexpr 9 oversz 0 unbuild 0 {}
  29     0     100               0    0.0074977963   0.00589554388      0.30636972    0.0952783992   0.00539590779   0.00397533322
  29     1      50               0    0.0104900831    0.0083424398     0.403833548     0.119850499   0.00754935431   0.00562526186
          wgpu 1d 129g 246c x3w 4ms | egraph 28g->100v+0snap 14ms | graft 12 (-59n, 0 snap) cpu 0 | f64 20 | gen 0.2s | dropped inexpr 5 oversz 0 unbuild 0 {}
  30     0     100               0    0.0074977963   0.00589554388      0.30636972    0.0952783992   0.00539590779   0.00397533322
  30     1      50               0    0.0074977963   0.00589554388      0.30636972    0.0952783992   0.00539590779   0.00397533322
          wgpu 1d 102g 216c x3w 11ms | egraph 19g->70v+0snap 5ms | graft 8 (-17n, 0 snap) cpu 0 | f64 20 | gen 0.1s | dropped inexpr 2 oversz 0 unbuild 0 {}
--------- pump migration: intra (promote-2 + intake-reset) ---------
  31     0     100               0    0.0074977963   0.00589554388      0.30636972    0.0952783992   0.00539590779   0.00397533322
  31     1      50               0    0.0074977963   0.00589554388      0.30636972    0.0952783992   0.00539590779   0.00397533322
          wgpu 2d 256g 324c x3w 7ms | egraph 94g->98v+0snap 24ms | graft 22 (-73n, 0 snap) cpu 0 | f64 30 | gen 0.2s | dropped inexpr 2 oversz 0 unbuild 0 {}
  32     0     100               0    0.0074977963   0.00589554388      0.30636972    0.0952783992   0.00539590779   0.00397533322
  32     1      50               0    0.0074977963   0.00589554388      0.30636972    0.0952783992   0.00539590779   0.00397533322
          wgpu 1d 76g 190c x3w 3ms | egraph 16g->44v+0snap 5ms | graft 7 (-22n, 0 snap) cpu 0 | f64 20 | gen 0.1s
  33     0     100               0    0.0074977963   0.00589554388      0.30636972    0.0952783992   0.00539590779   0.00397533322
  33     1      50               0    0.0074977963   0.00589554388      0.30636972    0.0952783992   0.00539590779   0.00397533322
          wgpu 1d 105g 216c x3w 4ms | egraph 31g->70v+0snap 7ms | graft 6 (-14n, 0 snap) cpu 0 | f64 20 | gen 0.2s | dropped inexpr 2 oversz 0 unbuild 0 {}
  34     0     100               0    0.0074977963   0.00589554388      0.30636972    0.0952783992   0.00539590779   0.00397533322
  34     1      50               0    0.0074977963   0.00589554388      0.30636972    0.0952783992   0.00539590779   0.00397533322
          wgpu 1d 106g 199c x3w 3ms | egraph 31g->53v+0snap 8ms | graft 4 (-18n, 0 snap) cpu 0 | f64 20 | gen 0.2s | dropped inexpr 4 oversz 0 unbuild 0 {}
  35     0     100               0    0.0074977963   0.00589554388      0.30636972    0.0952783992   0.00539590779   0.00397533322
  35     1      50               0    0.0074977963   0.00589554388      0.30636972    0.0952783992   0.00539590779   0.00397533322
          wgpu 1d 112g 211c x3w 4ms | egraph 34g->65v+0snap 8ms | graft 10 (-20n, 0 snap) cpu 0 | f64 20 | gen 0.1s | dropped inexpr 7 oversz 0 unbuild 0 {}
  36     0     100               0    0.0074977963   0.00589554388      0.30636972    0.0952783992   0.00539590779   0.00397533322
  36     1      50               0    0.0074977963   0.00589554388      0.30636972    0.0952783992   0.00539590779   0.00397533322
          wgpu 1d 103g 206c x3w 3ms | egraph 22g->60v+0snap 5ms | graft 4 (-13n, 0 snap) cpu 0 | f64 20 | gen 0.1s | dropped inexpr 4 oversz 0 unbuild 0 {}
  37     0     100               0    0.0074977963   0.00589554388      0.30636972    0.0952783992   0.00539590779   0.00397533322
  37     1      50               0    0.0074977963   0.00589554388      0.30636972    0.0952783992   0.00539590779   0.00397533322
          wgpu 1d 77g 190c x3w 4ms | egraph 16g->44v+0snap 4ms | graft 5 (-7n, 0 snap) cpu 0 | f64 20 | gen 0.1s | dropped inexpr 1 oversz 0 unbuild 0 {}
  38     0     100               0    0.0074977963   0.00589554388      0.30636972    0.0952783992   0.00539590779   0.00397533322
  38     1      50               0    0.0074977963   0.00589554388      0.30636972    0.0952783992   0.00539590779   0.00397533322
          wgpu 1d 84g 192c x3w 3ms | egraph 16g->46v+0snap 4ms | graft 5 (-15n, 0 snap) cpu 0 | f64 20 | gen 0.2s | dropped inexpr 2 oversz 0 unbuild 0 {}
  39     0     100               0    0.0074977963   0.00589554388      0.30636972    0.0952783992   0.00539590779   0.00397533322
  39     1      50               0    0.0074977963   0.00589554388      0.30636972    0.0952783992   0.00539590779   0.00397533322
          wgpu 1d 88g 211c x3w 4ms | egraph 26g->65v+0snap 7ms | graft 10 (-24n, 0 snap) cpu 0 | f64 20 | gen 0.2s | dropped inexpr 4 oversz 0 unbuild 0 {}
  40     0     100               0    0.0074977963   0.00589554388      0.30636972    0.0952783992   0.00539590779   0.00397533322
  40     1      50               0    0.0074977963   0.00589554388      0.30636972    0.0952783992   0.00539590779   0.00397533322
          wgpu 1d 79g 202c x3w 3ms | egraph 23g->56v+0snap 6ms | graft 7 (-23n, 0 snap) cpu 0 | f64 20 | gen 0.2s | dropped inexpr 3 oversz 0 unbuild 0 {}
--------- pump migration: intra (promote-2 + intake-reset) ---------
  41     0     100               0    0.0074977963   0.00589554388      0.30636972    0.0952783992   0.00539590779   0.00397533322
  41     1      50               0    0.0074977963   0.00589554388      0.30636972    0.0952783992   0.00539590779   0.00397533322
          wgpu 2d 274g 339c x3w 8ms | egraph 91g->113v+0snap 37ms | graft 21 (-101n, 0 snap) cpu 0 | f64 30 | gen 0.2s | dropped inexpr 5 oversz 0 unbuild 0 {}
  42     0     100               0    0.0074977963   0.00589554388      0.30636972    0.0952783992   0.00539590779   0.00397533322
  42     1      50               0    0.0074977963   0.00589554388      0.30636972    0.0952783992   0.00539590779   0.00397533322
          wgpu 1d 89g 179c x3w 3ms | egraph 15g->33v+0snap 8ms | graft 11 (-19n, 0 snap) cpu 0 | f64 20 | gen 0.1s
  43     0     100               0    0.0074977963   0.00589554388      0.30636972    0.0952783992   0.00539590779   0.00397533322
  43     1      50               0    0.0074977963   0.00589554388      0.30636972    0.0952783992   0.00539590779   0.00397533322
          wgpu 1d 60g 174c x3w 3ms | egraph 12g->28v+0snap 3ms | graft 6 (-11n, 0 snap) cpu 0 | f64 20 | gen 0.1s
  44     0     100               0    0.0074977963   0.00589554388      0.30636972    0.0952783992   0.00539590779   0.00397533322
  44     1      50               0    0.0074977963   0.00589554388      0.30636972    0.0952783992   0.00539590779   0.00397533322
          wgpu 1d 63g 176c x3w 3ms | egraph 13g->30v+0snap 3ms | graft 5 (-13n, 0 snap) cpu 0 | f64 33 | gen 0.2s
  45     0     100               0    0.0074977963   0.00589554388      0.30636972    0.0952783992   0.00539590779   0.00397533322
  45     1      50               0   0.00749779497   0.00589554353     0.306369609    0.0952783986   0.00539590682   0.00397533298
          wgpu 1d 67g 179c x3w 3ms | egraph 12g->33v+0snap 5ms | graft 6 (-13n, 0 snap) cpu 0 | f64 20 | gen 0.2s
  46     0     100               0    0.0074977963   0.00589554388      0.30636972    0.0952783992   0.00539590779   0.00397533322
  46     1      50               0    0.0074977963   0.00589554388      0.30636972    0.0952783992   0.00539590779   0.00397533322
          wgpu 1d 80g 186c x3w 9ms | egraph 19g->40v+0snap 8ms | graft 6 (-11n, 0 snap) cpu 0 | f64 20 | gen 0.2s | dropped inexpr 1 oversz 0 unbuild 0 {}
  47     0     100               0    0.0074977963   0.00589554388      0.30636972    0.0952783992   0.00539590779   0.00397533322
  47     1      50               0    0.0074977963   0.00589554388      0.30636972    0.0952783992   0.00539590779   0.00397533322
          wgpu 1d 70g 183c x3w 3ms | egraph 14g->37v+0snap 3ms | graft 9 (-24n, 0 snap) cpu 0 | f64 20 | gen 0.2s
  48     0     100               0    0.0074977963   0.00589554388      0.30636972    0.0952783992   0.00539590779   0.00397533322
  48     1      50               0    0.0074977963   0.00589554388      0.30636972    0.0952783992   0.00539590779   0.00397533322
          wgpu 1d 121g 217c x3w 4ms | egraph 26g->71v+0snap 6ms | graft 9 (-19n, 0 snap) cpu 0 | f64 20 | gen 0.2s
  49     0     100               0    0.0074977963   0.00589554388      0.30636972    0.0952783992   0.00539590779   0.00397533322
  49     1      50               0    0.0074977963   0.00589554388      0.30636972    0.0952783992   0.00539590779   0.00397533322
          wgpu 1d 85g 200c x3w 3ms | egraph 16g->54v+0snap 5ms | graft 9 (-20n, 0 snap) cpu 0 | f64 20 | gen 0.1s
  50     0     100               0    0.0074977963   0.00589554388      0.30636972    0.0952783992   0.00539590779   0.00397533322
  50     1      50               0    0.0074977963   0.00589554388      0.30636972    0.0952783992   0.00539590779   0.00397533322
          wgpu 1d 68g 184c x3w 4ms | egraph 14g->38v+0snap 4ms | graft 6 (-15n, 0 snap) cpu 0 | f64 20 | gen 0.1s
--------- pump migration: intra (promote-2 + intake-reset) ---------
  51     0     100               0    0.0074977963   0.00589554388      0.30636972    0.0952783992   0.00539590779   0.00397533322
  51     1      50               0    0.0074977963   0.00589554388      0.30636972    0.0952783992   0.00539590779   0.00397533322
          wgpu 2d 287g 341c x3w 14ms | egraph 103g->115v+0snap 28ms | graft 22 (-69n, 0 snap) cpu 0 | f64 30 | gen 0.1s | dropped inexpr 4 oversz 0 unbuild 0 {}
  52     0     100               0    0.0074977963   0.00589554388      0.30636972    0.0952783992   0.00539590779   0.00397533322
  52     1      50               0    0.0074977963   0.00589554388      0.30636972    0.0952783992   0.00539590779   0.00397533322
          wgpu 1d 83g 205c x3w 3ms | egraph 17g->59v+0snap 4ms | graft 6 (-15n, 0 snap) cpu 0 | f64 20 | gen 0.1s | dropped inexpr 1 oversz 0 unbuild 0 {}
  53     0     100               0    0.0074977963   0.00589554388      0.30636972    0.0952783992   0.00539590779   0.00397533322
  53     1      50               0    0.0074977963   0.00589554388      0.30636972    0.0952783992   0.00539590779   0.00397533322
          wgpu 1d 82g 220c x3w 7ms | egraph 15g->74v+0snap 4ms | graft 5 (-15n, 0 snap) cpu 0 | f64 20 | gen 0.2s
  54     0     100               0    0.0074977963   0.00589554388      0.30636972    0.0952783992   0.00539590779   0.00397533322
  54     1      50               0    0.0074977963   0.00589554388      0.30636972    0.0952783992   0.00539590779   0.00397533322
          wgpu 1d 90g 198c x3w 3ms | egraph 15g->52v+0snap 4ms | graft 7 (-11n, 0 snap) cpu 0 | f64 20 | gen 0.2s | dropped inexpr 1 oversz 0 unbuild 0 {}
  55     0     100               0    0.0074977963   0.00589554388      0.30636972    0.0952783992   0.00539590779   0.00397533322
  55     1      50               0    0.0074977963   0.00589554388      0.30636972    0.0952783992   0.00539590779   0.00397533322
          wgpu 1d 98g 229c x3w 4ms | egraph 20g->83v+0snap 10ms | graft 13 (-29n, 0 snap) cpu 0 | f64 20 | gen 0.2s
  56     0     100               0    0.0074977963   0.00589554388      0.30636972    0.0952783992   0.00539590779   0.00397533322
  56     1      50               0    0.0074977963   0.00589554388      0.30636972    0.0952783992   0.00539590779   0.00397533322
          wgpu 1d 80g 195c x3w 3ms | egraph 12g->49v+0snap 4ms | graft 10 (-19n, 0 snap) cpu 0 | f64 20 | gen 0.1s
  57     0     100               0    0.0074977963   0.00589554388      0.30636972    0.0952783992   0.00539590779   0.00397533322
  57     1      50               0    0.0074977963   0.00589554388      0.30636972    0.0952783992   0.00539590779   0.00397533322
          wgpu 1d 94g 234c x3w 3ms | egraph 14g->88v+0snap 6ms | graft 5 (-17n, 0 snap) cpu 0 | f64 20 | gen 0.2s | dropped inexpr 1 oversz 0 unbuild 0 {}
  58     0     100               0    0.0074977963   0.00589554388      0.30636972    0.0952783992   0.00539590779   0.00397533322
  58     1      50               0    0.0074977963   0.00589554388      0.30636972    0.0952783992   0.00539590779   0.00397533322
          wgpu 1d 111g 225c x3w 4ms | egraph 22g->79v+0snap 7ms | graft 11 (-31n, 0 snap) cpu 0 | f64 20 | gen 0.2s
  59     0     100               0    0.0074977963   0.00589554388      0.30636972    0.0952783992   0.00539590779   0.00397533322
  59     1      50               0    0.0074977963   0.00589554388      0.30636972    0.0952783992   0.00539590779   0.00397533322
          wgpu 1d 83g 189c x3w 4ms | egraph 14g->43v+0snap 21ms | graft 9 (-21n, 0 snap) cpu 0 | f64 20 | gen 0.2s
  60     0     100               0    0.0074977963   0.00589554388      0.30636972    0.0952783992   0.00539590779   0.00397533322
  60     1      50               0    0.0074977963   0.00589554388      0.30636972    0.0952783992   0.00539590779   0.00397533322
          wgpu 1d 82g 180c x3w 4ms | egraph 12g->34v+0snap 5ms | graft 7 (-13n, 0 snap) cpu 0 | f64 20 | gen 0.2s
--------- pump migration: intra (promote-2 + intake-reset) + cross ---------
  61     0     100               0    0.0074977963   0.00589554388      0.30636972    0.0952783992   0.00539590779   0.00397533322
  61     1      50               0    0.0074977963   0.00589554388      0.30636972    0.0952783992   0.00539590779   0.00397533322
          wgpu 2d 290g 402c x3w 8ms | egraph 105g->176v+0snap 29ms | graft 33 (-118n, 0 snap) cpu 0 | f64 30 | gen 0.1s | dropped inexpr 2 oversz 0 unbuild 0 {}
  62     0     100               0    0.0074977963   0.00589554388      0.30636972    0.0952783992   0.00539590779   0.00397533322
  62     1      50               0    0.0074977963   0.00589554388      0.30636972    0.0952783992   0.00539590779   0.00397533322
          wgpu 1d 93g 206c x3w 4ms | egraph 18g->60v+0snap 5ms | graft 5 (-10n, 0 snap) cpu 0 | f64 20 | gen 0.2s | dropped inexpr 1 oversz 0 unbuild 0 {}
  63     0     100               0    0.0074977963   0.00589554388      0.30636972    0.0952783992   0.00539590779   0.00397533322
  63     1      50               0    0.0074977963   0.00589554388      0.30636972    0.0952783992   0.00539590779   0.00397533322
          wgpu 1d 74g 222c x3w 3ms | egraph 14g->76v+0snap 4ms | graft 5 (-20n, 0 snap) cpu 0 | f64 20 | gen 0.1s
  64     0     100               0    0.0074977963   0.00589554388      0.30636972    0.0952783992   0.00539590779   0.00397533322
  64     1      50               0    0.0074977963   0.00589554388      0.30636972    0.0952783992   0.00539590779   0.00397533322
          wgpu 1d 78g 198c x3w 4ms | egraph 12g->52v+0snap 4ms | graft 9 (-26n, 0 snap) cpu 0 | f64 20 | gen 0.1s
  65     0     100               0    0.0074977963   0.00589554388      0.30636972    0.0952783992   0.00539590779   0.00397533322
  65     1      50               0    0.0074977963   0.00589554388      0.30636972    0.0952783992   0.00539590779   0.00397533322
          wgpu 1d 102g 201c x3w 3ms | egraph 13g->55v+0snap 6ms | graft 9 (-20n, 0 snap) cpu 0 | f64 20 | gen 0.3s
  66     0     100               0    0.0074977963   0.00589554388      0.30636972    0.0952783992   0.00539590779   0.00397533322
  66     1      50               0    0.0074977963   0.00589554388      0.30636972    0.0952783992   0.00539590779   0.00397533322
          wgpu 1d 97g 227c x3w 3ms | egraph 12g->81v+0snap 4ms | graft 11 (-27n, 0 snap) cpu 0 | f64 20 | gen 0.1s | dropped inexpr 1 oversz 0 unbuild 0 {}
  67     0     100               0    0.0074977963   0.00589554388      0.30636972    0.0952783992   0.00539590779   0.00397533322
  67     1      50               0    0.0074977963   0.00589554388      0.30636972    0.0952783992   0.00539590779   0.00397533322
          wgpu 1d 79g 200c x3w 3ms | egraph 16g->54v+0snap 4ms | graft 10 (-22n, 0 snap) cpu 0 | f64 20 | gen 0.1s
  68     0     100               0    0.0074977963   0.00589554388      0.30636972    0.0952783992   0.00539590779   0.00397533322
  68     1      50               0    0.0074977963   0.00589554388      0.30636972    0.0952783992   0.00539590779   0.00397533322
          wgpu 1d 82g 191c x3w 3ms | egraph 8g->45v+0snap 3ms | graft 6 (-12n, 0 snap) cpu 0 | f64 20 | gen 0.1s | dropped inexpr 2 oversz 0 unbuild 0 {}
  69     0     100               0    0.0074977963   0.00589554388      0.30636972    0.0952783992   0.00539590779   0.00397533322
  69     1      50               0    0.0074977963   0.00589554388      0.30636972    0.0952783992   0.00539590779   0.00397533322
          wgpu 1d 80g 197c x3w 3ms | egraph 16g->51v+0snap 5ms | graft 9 (-25n, 0 snap) cpu 0 | f64 20 | gen 0.1s
  70     0     100               0    0.0074977963   0.00589554388      0.30636972    0.0952783992   0.00539590779   0.00397533322
  70     1      50               0    0.0074977963   0.00589554388      0.30636972    0.0952783992   0.00539590779   0.00397533322
          wgpu 1d 88g 210c x3w 4ms | egraph 13g->64v+0snap 3ms | graft 4 (-12n, 0 snap) cpu 0 | f64 20 | gen 0.1s | dropped inexpr 1 oversz 0 unbuild 0 {}
--------- pump migration: intra (promote-2 + intake-reset) ---------
  71     0     100               0    0.0074977963   0.00589554388      0.30636972    0.0952783992   0.00539590779   0.00397533322
  71     1      50               0    0.0074977963   0.00589554388      0.30636972    0.0952783992   0.00539590779   0.00397533322
          wgpu 2d 303g 411c x3w 7ms | egraph 98g->185v+0snap 27ms | graft 28 (-139n, 0 snap) cpu 0 | f64 30 | gen 0.2s | dropped inexpr 7 oversz 0 unbuild 0 {}
  72     0     100               0    0.0074977963   0.00589554388      0.30636972    0.0952783992   0.00539590779   0.00397533322
  72     1      50               0    0.0074977963   0.00589554388      0.30636972    0.0952783992   0.00539590779   0.00397533322
          wgpu 1d 81g 198c x3w 3ms | egraph 9g->52v+0snap 3ms | graft 4 (-5n, 0 snap) cpu 0 | f64 20 | gen 0.1s
  73     0     100               0    0.0074977963   0.00589554388      0.30636972    0.0952783992   0.00539590779   0.00397533322
  73     1      50               0   0.00749779497   0.00589554353     0.306369609    0.0952783986   0.00539590682   0.00397533298
          wgpu 1d 81g 191c x3w 3ms | egraph 13g->45v+0snap 3ms | graft 7 (-21n, 0 snap) cpu 0 | f64 20 | gen 0.2s | dropped inexpr 1 oversz 0 unbuild 0 {}
  74     0     100               0    0.0074977963   0.00589554388      0.30636972    0.0952783992   0.00539590779   0.00397533322
  74     1      50               0    0.0074977963   0.00589554388      0.30636972    0.0952783992   0.00539590779   0.00397533322
          wgpu 1d 73g 185c x3w 3ms | egraph 16g->39v+0snap 18ms | graft 2 (-2n, 0 snap) cpu 0 | f64 20 | gen 0.2s
  75     0     100               0    0.0074977963   0.00589554388      0.30636972    0.0952783992   0.00539590779   0.00397533322
  75     1      50               0   0.00749779497   0.00589554353     0.306369609    0.0952783986   0.00539590682   0.00397533298
          wgpu 1d 83g 186c x3w 3ms | egraph 16g->40v+0snap 6ms | graft 5 (-12n, 0 snap) cpu 0 | f64 20 | gen 0.2s | dropped inexpr 1 oversz 0 unbuild 0 {}
  76     0     100               0    0.0074977963   0.00589554388      0.30636972    0.0952783992   0.00539590779   0.00397533322
  76     1      50               0   0.00749779497   0.00589554353     0.306369609    0.0952783986   0.00539590682   0.00397533298
          wgpu 1d 88g 207c x3w 3ms | egraph 17g->61v+0snap 5ms | graft 5 (-13n, 0 snap) cpu 0 | f64 20 | gen 0.1s
  77     0     100               0    0.0074977963   0.00589554388      0.30636972    0.0952783992   0.00539590779   0.00397533322
  77     1      50               0   0.00749779497   0.00589554353     0.306369609    0.0952783986   0.00539590682   0.00397533298
          wgpu 1d 84g 213c x3w 7ms | egraph 13g->67v+0snap 4ms | graft 7 (-20n, 0 snap) cpu 0 | f64 20 | gen 0.1s
  78     0     100               0    0.0074977963   0.00589554388      0.30636972    0.0952783992   0.00539590779   0.00397533322
  78     1      50               0   0.00749779497   0.00589554353     0.306369609    0.0952783986   0.00539590682   0.00397533298
          wgpu 1d 69g 197c x3w 3ms | egraph 11g->51v+0snap 3ms | graft 3 (-3n, 0 snap) cpu 0 | f64 20 | gen 0.2s
  79     0     100               0    0.0074977963   0.00589554388      0.30636972    0.0952783992   0.00539590779   0.00397533322
  79     1      50               0   0.00749779497   0.00589554353     0.306369609    0.0952783986   0.00539590682   0.00397533298
          wgpu 1d 73g 208c x3w 6ms | egraph 11g->62v+0snap 3ms | graft 6 (-10n, 0 snap) cpu 0 | f64 20 | gen 0.1s
  80     0     100               0    0.0074977963   0.00589554388      0.30636972    0.0952783992   0.00539590779   0.00397533322
  80     1      50               0   0.00749779497   0.00589554353     0.306369609    0.0952783986   0.00539590682   0.00397533298
          wgpu 1d 65g 172c x3w 3ms | egraph 6g->26v+0snap 11ms | graft 2 (-5n, 0 snap) cpu 0 | f64 20 | gen 0.1s
--------- pump migration: intra (promote-2 + intake-reset) ---------
  81     0     100               0    0.0074977963   0.00589554388      0.30636972    0.0952783992   0.00539590779   0.00397533322
  81     1      50               0   0.00749779497   0.00589554353     0.306369609    0.0952783986   0.00539590682   0.00397533298
          wgpu 2d 287g 356c x3w 7ms | egraph 90g->130v+0snap 28ms | graft 23 (-110n, 0 snap) cpu 0 | f64 30 | gen 0.2s | dropped inexpr 5 oversz 0 unbuild 0 {}
  82     0     100               0    0.0074977963   0.00589554388      0.30636972    0.0952783992   0.00539590779   0.00397533322
  82     1      50               0    0.0074977963   0.00589554388      0.30636972    0.0952783992   0.00539590779   0.00397533322
          wgpu 1d 66g 185c x3w 3ms | egraph 14g->39v+0snap 3ms | graft 2 (-4n, 0 snap) cpu 0 | f64 20 | gen 0.2s
  83     0     100               0    0.0114588888   0.00943729656     0.411202281      0.12218827   0.00824657066   0.00636351782
  83     1      50               0    0.0074977963   0.00589554388      0.30636972    0.0952783992   0.00539590779   0.00397533322
          wgpu 1d 87g 188c x3w 3ms | egraph 18g->42v+0snap 5ms | graft 6 (-15n, 0 snap) cpu 0 | f64 20 | gen 0.1s | dropped inexpr 1 oversz 0 unbuild 0 {}
  84     0     100               0    0.0114588888   0.00943729656     0.411202281      0.12218827   0.00824657066   0.00636351782
  84     1      50               0    0.0074977963   0.00589554388      0.30636972    0.0952783992   0.00539590779   0.00397533322
          wgpu 1d 95g 181c x3w 3ms | egraph 20g->35v+0snap 15ms | graft 8 (-19n, 0 snap) cpu 0 | f64 20 | gen 0.3s
  85     0     100               0    0.0114588888   0.00943729656     0.411202281      0.12218827   0.00824657066   0.00636351782
  85     1      50               0    0.0074977963   0.00589554388      0.30636972    0.0952783992   0.00539590779   0.00397533322
          wgpu 1d 79g 185c x3w 3ms | egraph 16g->39v+0snap 11ms | graft 6 (-33n, 0 snap) cpu 0 | f64 20 | gen 0.2s
  86     0     100               0    0.0114588888   0.00943729656     0.411202281      0.12218827   0.00824657066   0.00636351782
  86     1      50               0    0.0074977963   0.00589554388      0.30636972    0.0952783992   0.00539590779   0.00397533322
          wgpu 1d 111g 192c x3w 3ms | egraph 26g->46v+0snap 7ms | graft 8 (-17n, 0 snap) cpu 0 | f64 20 | gen 0.3s | dropped inexpr 1 oversz 0 unbuild 0 {}
  87     0     100               0    0.0114588888   0.00943729656     0.411202281      0.12218827   0.00824657066   0.00636351782
  87     1      50               0    0.0074977963   0.00589554388      0.30636972    0.0952783992   0.00539590779   0.00397533322
          wgpu 1d 84g 179c x3w 3ms | egraph 22g->33v+0snap 6ms | graft 4 (-9n, 0 snap) cpu 0 | f64 20 | gen 0.1s
  88     0     100               0    0.0114588888   0.00943729656     0.411202281      0.12218827   0.00824657066   0.00636351782
  88     1      50               0    0.0074977963   0.00589554388      0.30636972    0.0952783992   0.00539590779   0.00397533322
          wgpu 1d 72g 169c x3w 3ms | egraph 14g->23v+0snap 11ms | graft 4 (-9n, 0 snap) cpu 0 | f64 20 | gen 0.2s
  89     0     100               0    0.0114588888   0.00943729656     0.411202281      0.12218827   0.00824657066   0.00636351782
  89     1      50               0    0.0074977963   0.00589554388      0.30636972    0.0952783992   0.00539590779   0.00397533322
          wgpu 1d 78g 184c x3w 3ms | egraph 13g->38v+0snap 4ms | graft 6 (-15n, 0 snap) cpu 0 | f64 20 | gen 0.1s
  90     0     100               0    0.0114588888   0.00943729656     0.411202281      0.12218827   0.00824657066   0.00636351782
  90     1      50               0    0.0074977963   0.00589554388      0.30636972    0.0952783992   0.00539590779   0.00397533322
          wgpu 1d 88g 181c x3w 4ms | egraph 15g->35v+0snap 4ms | graft 6 (-17n, 0 snap) cpu 0 | f64 20 | gen 0.1s
--------- pump migration: intra (promote-2 + intake-reset) + cross ---------
  91     0     100               0    0.0114588888   0.00943729656     0.411202281      0.12218827   0.00824657066   0.00636351782
  91     1      50               0    0.0074977963   0.00589554388      0.30636972    0.0952783992   0.00539590779   0.00397533322
          wgpu 2d 229g 324c x3w 7ms | egraph 76g->98v+0snap 30ms | graft 13 (-50n, 0 snap) cpu 0 | f64 30 | gen 0.1s | dropped inexpr 3 oversz 0 unbuild 0 {}
  92     0     100               0    0.0114588888   0.00943729656     0.411202281      0.12218827   0.00824657066   0.00636351782
  92     1      50               0    0.0074977963   0.00589554388      0.30636972    0.0952783992   0.00539590779   0.00397533322
          wgpu 1d 175g 269c x3w 7ms | egraph 45g->123v+0snap 30ms | graft 23 (-104n, 0 snap) cpu 0 | f64 20 | gen 2.0s
  93     0     100               0    0.0114588888   0.00943729656     0.411202281      0.12218827   0.00824657066   0.00636351782
  93     1      50               0    0.0074977963   0.00589554388      0.30636972    0.0952783992   0.00539590779   0.00397533322
          wgpu 1d 146g 222c x3w 5ms | egraph 36g->76v+0snap 33ms | graft 14 (-53n, 0 snap) cpu 0 | f64 20 | gen 0.5s
  94     0     100               0    0.0114588888   0.00943729656     0.411202281      0.12218827   0.00824657066   0.00636351782
  94     1      50               0    0.0074977963   0.00589554388      0.30636972    0.0952783992   0.00539590779   0.00397533322
          wgpu 1d 202g 262c x3w 6ms | egraph 46g->116v+0snap 38ms | graft 22 (-98n, 0 snap) cpu 0 | f64 20 | gen 0.9s
  95     0     100               0    0.0114588888   0.00943729656     0.411202281      0.12218827   0.00824657066   0.00636351782
  95     1      50               0    0.0074977963   0.00589554388      0.30636972    0.0952783992   0.00539590779   0.00397533322
          wgpu 1d 220g 280c x3w 11ms | egraph 52g->134v+0snap 33ms | graft 24 (-153n, 0 snap) cpu 0 | f64 20 | gen 2.3s
  96     0     100               0    0.0114588888   0.00943729656     0.411202281      0.12218827   0.00824657066   0.00636351782
  96     1      50               0    0.0074977963   0.00589554388      0.30636972    0.0952783992   0.00539590779   0.00397533322
          wgpu 1d 175g 238c x3w 9ms | egraph 43g->92v+0snap 23ms | graft 22 (-130n, 0 snap) cpu 0 | f64 20 | gen 1.4s
  97     0     100               0    0.0114588888   0.00943729656     0.411202281      0.12218827   0.00824657066   0.00636351782
  97     1      50               0    0.0074977963   0.00589554388      0.30636972    0.0952783992   0.00539590779   0.00397533322
          wgpu 1d 161g 227c x3w 6ms | egraph 44g->81v+0snap 21ms | graft 13 (-72n, 0 snap) cpu 0 | f64 20 | gen 1.1s
  98     0     100               0    0.0114588888   0.00943729656     0.411202281      0.12218827   0.00824657066   0.00636351782
  98     1      50               0    0.0074977963   0.00589554388      0.30636972    0.0952783992   0.00539590779   0.00397533322
          wgpu 1d 135g 216c x3w 4ms | egraph 35g->70v+0snap 19ms | graft 14 (-52n, 0 snap) cpu 0 | f64 20 | gen 0.7s
  99     0     100               0    0.0114588888   0.00943729656     0.411202281      0.12218827   0.00824657066   0.00636351782
  99     1      50               0    0.0074977963   0.00589554388      0.30636972    0.0952783992   0.00539590779   0.00397533322
          wgpu 1d 107g 196c x3w 4ms | egraph 20g->50v+0snap 13ms | graft 8 (-42n, 0 snap) cpu 0 | f64 20 | gen 0.2s
 100     0     100               0    0.0114588888   0.00943729656     0.411202281      0.12218827   0.00824657066   0.00636351782
 100     1      50               0    0.0074977963   0.00589554388      0.30636972    0.0952783992   0.00539590779   0.00397533322
          wgpu 1d 119g 195c x3w 4ms | egraph 37g->49v+0snap 13ms | graft 10 (-51n, 0 snap) cpu 0 | f64 20 | gen 0.3s
--------- pump migration: intra (promote-2 + intake-reset) ---------
 101     0     100               0    0.0083939505   0.00647393996     0.241411197     0.117753011   0.00604083933   0.00436534256
 101     1      50               0    0.0114588888   0.00943729656     0.411202281      0.12218827   0.00824657066   0.00636351782
          wgpu 2d 281g 329c x3w 7ms | egraph 102g->103v+0snap 22ms | graft 24 (-80n, 0 snap) cpu 0 | f64 30 | gen 0.2s | dropped inexpr 5 oversz 0 unbuild 0 {}
 102     0     100               0   0.00839394888   0.00647393943     0.241410935     0.117753013   0.00604083817    0.0043653422
 102     1      50               0    0.0074977963   0.00589554388      0.30636972    0.0952783992   0.00539590779   0.00397533322
          wgpu 1d 64g 157c x3w 3ms | egraph 25g->11v+0snap 5ms | graft 4 (-7n, 0 snap) cpu 0 | f64 20 | gen 0.1s
 103     0     100               0    0.0083939505   0.00647393996     0.241411197     0.117753011   0.00604083933   0.00436534256
 103     1      50               0    0.0074977963   0.00589554388      0.30636972    0.0952783992   0.00539590779   0.00397533322
          wgpu 1d 78g 168c x3w 3ms | egraph 15g->22v+0snap 5ms | graft 4 (-8n, 0 snap) cpu 0 | f64 20 | gen 0.1s
 104     0     100               0    0.0083939505   0.00647393996     0.241411197     0.117753011   0.00604083933   0.00436534256
 104     1      50               0    0.0074977963   0.00589554388      0.30636972    0.0952783992   0.00539590779   0.00397533322
          wgpu 1d 88g 177c x3w 3ms | egraph 23g->31v+0snap 7ms | graft 6 (-27n, 0 snap) cpu 0 | f64 20 | gen 0.1s | dropped inexpr 1 oversz 0 unbuild 0 {}
 105     0     100               0    0.0083939505   0.00647393996     0.241411197     0.117753011   0.00604083933   0.00436534256
 105     1      50               0    0.0074977963   0.00589554388      0.30636972    0.0952783992   0.00539590779   0.00397533322
          wgpu 1d 79g 175c x3w 3ms | egraph 20g->29v+0snap 5ms | graft 6 (-15n, 0 snap) cpu 0 | f64 20 | gen 0.1s
 106     0     100               0    0.0083939505   0.00647393996     0.241411197     0.117753011   0.00604083933   0.00436534256
 106     1      50               0    0.0074977963   0.00589554388      0.30636972    0.0952783992   0.00539590779   0.00397533322
          wgpu 1d 91g 184c x3w 3ms | egraph 16g->38v+0snap 6ms | graft 3 (-5n, 0 snap) cpu 0 | f64 20 | gen 0.1s
 107     0     100               0   0.00839394888   0.00647393943     0.241410935     0.117753013   0.00604083817    0.0043653422
 107     1      50               0    0.0074977963   0.00589554388      0.30636972    0.0952783992   0.00539590779   0.00397533322
          wgpu 1d 100g 180c x3w 3ms | egraph 22g->34v+0snap 6ms | graft 12 (-29n, 0 snap) cpu 0 | f64 20 | gen 0.1s
 108     0     100               0   0.00839394888   0.00647393943     0.241410935     0.117753013   0.00604083817    0.0043653422
 108     1      50               0    0.0074977963   0.00589554388      0.30636972    0.0952783992   0.00539590779   0.00397533322
          wgpu 1d 98g 176c x3w 3ms | egraph 19g->30v+0snap 5ms | graft 4 (-8n, 0 snap) cpu 0 | f64 20 | gen 0.1s | dropped inexpr 1 oversz 0 unbuild 0 {}
 109     0     100               0   0.00839394888   0.00647393943     0.241410935     0.117753013   0.00604083817    0.0043653422
 109     1      50               0    0.0074977963   0.00589554388      0.30636972    0.0952783992   0.00539590779   0.00397533322
          wgpu 1d 83g 172c x3w 3ms | egraph 14g->26v+0snap 5ms | graft 5 (-6n, 0 snap) cpu 0 | f64 20 | gen 0.2s
 110     0     100               0    0.0083939505   0.00647393996     0.241411197     0.117753011   0.00604083933   0.00436534256
 110     1      50               0    0.0074977963   0.00589554388      0.30636972    0.0952783992   0.00539590779   0.00397533322
          wgpu 1d 95g 190c x3w 3ms | egraph 23g->44v+0snap 10ms | graft 6 (-16n, 0 snap) cpu 0 | f64 20 | gen 0.2s | dropped inexpr 1 oversz 0 unbuild 0 {}
--------- pump migration: intra (promote-2 + intake-reset) ---------
 111     0     100               0    0.0083939505   0.00647393996     0.241411197     0.117753011   0.00604083933   0.00436534256
 111     1      50               0    0.0083939505   0.00647393996     0.241411197     0.117753011   0.00604083933   0.00436534256
          wgpu 2d 309g 374c x3w 7ms | egraph 93g->148v+0snap 21ms | graft 24 (-139n, 0 snap) cpu 0 | f64 30 | gen 0.2s | dropped inexpr 5 oversz 0 unbuild 0 {}
 112     0     100               0    0.0083939505   0.00647393996     0.241411197     0.117753011   0.00604083933   0.00436534256
 112     1      50               0    0.0083939505   0.00647393996     0.241411197     0.117753011   0.00604083933   0.00436534256
          wgpu 1d 79g 182c x3w 3ms | egraph 15g->36v+0snap 4ms | graft 5 (-17n, 0 snap) cpu 0 | f64 20 | gen 0.1s
 113     0     100               0    0.0083939505   0.00647393996     0.241411197     0.117753011   0.00604083933   0.00436534256
 113     1      50               0    0.0083939505   0.00647393996     0.241411197     0.117753011   0.00604083933   0.00436534256
          wgpu 1d 77g 170c x3w 3ms | egraph 17g->24v+0snap 4ms | graft 3 (-12n, 0 snap) cpu 0 | f64 20 | gen 0.1s
 114     0     100               0    0.0083939505   0.00647393996     0.241411197     0.117753011   0.00604083933   0.00436534256
 114     1      50               0    0.0083939505   0.00647393996     0.241411197     0.117753011   0.00604083933   0.00436534256
          wgpu 1d 84g 169c x3w 3ms | egraph 27g->23v+0snap 6ms | graft 5 (-15n, 0 snap) cpu 0 | f64 20 | gen 0.1s | dropped inexpr 2 oversz 0 unbuild 0 {}
 115     0     100               0    0.0083939505   0.00647393996     0.241411197     0.117753011   0.00604083933   0.00436534256
 115     1      50               0    0.0083939505   0.00647393996     0.241411197     0.117753011   0.00604083933   0.00436534256
          wgpu 1d 77g 167c x3w 3ms | egraph 19g->21v+0snap 11ms | graft 7 (-19n, 0 snap) cpu 0 | f64 20 | gen 0.1s
 116     0     100               0    0.0083939505   0.00647393996     0.241411197     0.117753011   0.00604083933   0.00436534256
 116     1      50               0    0.0083939505   0.00647393996     0.241411197     0.117753011   0.00604083933   0.00436534256
          wgpu 1d 78g 174c x3w 4ms | egraph 22g->28v+0snap 7ms | graft 6 (-14n, 0 snap) cpu 0 | f64 20 | gen 0.2s
 117     0     100               0    0.0083939505   0.00647393996     0.241411197     0.117753011   0.00604083933   0.00436534256
 117     1      50               0    0.0083939505   0.00647393996     0.241411197     0.117753011   0.00604083933   0.00436534256
          wgpu 1d 75g 169c x3w 3ms | egraph 17g->23v+0snap 4ms | graft 6 (-13n, 0 snap) cpu 0 | f64 20 | gen 0.1s
 118     0     100               0    0.0083939505   0.00647393996     0.241411197     0.117753011   0.00604083933   0.00436534256
 118     1      50               0    0.0083939505   0.00647393996     0.241411197     0.117753011   0.00604083933   0.00436534256
          wgpu 1d 73g 166c x3w 3ms | egraph 10g->20v+0snap 3ms | graft 6 (-10n, 0 snap) cpu 0 | f64 20 | gen 0.1s
 119     0     100               0    0.0083939505   0.00647393996     0.241411197     0.117753011   0.00604083933   0.00436534256
 119     1      50               0    0.0083939505   0.00647393996     0.241411197     0.117753011   0.00604083933   0.00436534256
          wgpu 1d 79g 163c x3w 3ms | egraph 14g->17v+0snap 6ms | graft 5 (-11n, 0 snap) cpu 0 | f64 20 | gen 0.1s
 120     0     100               0    0.0083939505   0.00647393996     0.241411197     0.117753011   0.00604083933   0.00436534256
 120     1      50               0    0.0083939505   0.00647393996     0.241411197     0.117753011   0.00604083933   0.00436534256
          wgpu 1d 66g 160c x3w 3ms | egraph 12g->14v+0snap 6ms | graft 4 (-9n, 0 snap) cpu 0 | f64 20 | gen 0.1s
--------- pump migration: intra (promote-2 + intake-reset) + cross ---------
 121     0     100               0    0.0083939505   0.00647393996     0.241411197     0.117753011   0.00604083933   0.00436534256
 121     1      50               0    0.0083939505   0.00647393996     0.241411197     0.117753011   0.00604083933   0.00436534256
          wgpu 2d 348g 441c x3w 12ms | egraph 106g->215v+0snap 59ms | graft 47 (-179n, 0 snap) cpu 0 | f64 30 | gen 0.2s | dropped inexpr 1 oversz 0 unbuild 0 {}
 122     0     100               0    0.0083939505   0.00647393996     0.241411197     0.117753011   0.00604083933   0.00436534256
 122     1      50               0    0.0083939505   0.00647393996     0.241411197     0.117753011   0.00604083933   0.00436534256
          wgpu 1d 74g 167c x3w 6ms | egraph 16g->21v+0snap 14ms | graft 5 (-12n, 0 snap) cpu 0 | f64 20 | gen 0.2s
 123     0     100               0    0.0083939505   0.00647393996     0.241411197     0.117753011   0.00604083933   0.00436534256
 123     1      50               0    0.0083939505   0.00647393996     0.241411197     0.117753011   0.00604083933   0.00436534256
          wgpu 1d 75g 164c x3w 12ms | egraph 12g->18v+0snap 11ms | graft 5 (-12n, 0 snap) cpu 0 | f64 20 | gen 0.2s
 124     0     100               0    0.0083939505   0.00647393996     0.241411197     0.117753011   0.00604083933   0.00436534256
 124     1      50               0   0.00839394888   0.00647393943     0.241410935     0.117753013   0.00604083817    0.0043653422
          wgpu 1d 68g 163c x3w 5ms | egraph 10g->17v+0snap 7ms | graft 4 (-14n, 0 snap) cpu 0 | f64 20 | gen 0.2s
 125     0     100               0    0.0083939505   0.00647393996     0.241411197     0.117753011   0.00604083933   0.00436534256
 125     1      50               0   0.00839394888   0.00647393943     0.241410935     0.117753013   0.00604083817    0.0043653422
          wgpu 1d 66g 167c x3w 5ms | egraph 8g->21v+0snap 5ms | graft 5 (-12n, 0 snap) cpu 0 | f64 20 | gen 0.2s
 126     0     100               0    0.0083939505   0.00647393996     0.241411197     0.117753011   0.00604083933   0.00436534256
 126     1      50               0    0.0083939505   0.00647393996     0.241411197     0.117753011   0.00604083933   0.00436534256
          wgpu 1d 64g 161c x3w 14ms | egraph 10g->15v+0snap 14ms | graft 4 (-10n, 0 snap) cpu 0 | f64 20 | gen 0.2s
 127     0     100               0    0.0083939505   0.00647393996     0.241411197     0.117753011   0.00604083933   0.00436534256
 127     1      50               0    0.0083939505   0.00647393996     0.241411197     0.117753011   0.00604083933   0.00436534256
          wgpu 1d 47g 155c x3w 4ms | egraph 6g->9v+0snap 8ms | graft 1 (-3n, 0 snap) cpu 0 | f64 20 | gen 0.2s
 128     0     100               0    0.0083939505   0.00647393996     0.241411197     0.117753011   0.00604083933   0.00436534256
 128     1      50               0   0.00839394888   0.00647393943     0.241410935     0.117753013   0.00604083817    0.0043653422
          wgpu 1d 63g 156c x3w 5ms | egraph 10g->10v+0snap 9ms | graft 4 (-14n, 0 snap) cpu 0 | f64 20 | gen 0.2s
 129     0     100               0    0.0083939505   0.00647393996     0.241411197     0.117753011   0.00604083933   0.00436534256
 129     1      50               0   0.00839394888   0.00647393943     0.241410935     0.117753013   0.00604083817    0.0043653422
          wgpu 1d 69g 159c x3w 4ms | egraph 15g->13v+0snap 9ms | graft 2 (-5n, 0 snap) cpu 0 | f64 20 | gen 0.2s
 130     0     100               0    0.0083939505   0.00647393996     0.241411197     0.117753011   0.00604083933   0.00436534256
 130     1      50               0   0.00839394888   0.00647393943     0.241410935     0.117753013   0.00604083817    0.0043653422
          wgpu 1d 62g 158c x3w 6ms | egraph 10g->12v+0snap 13ms | graft 3 (-8n, 0 snap) cpu 0 | f64 20 | gen 0.2s
--------- pump migration: intra (promote-2 + intake-reset) ---------
 131     0     100               0    0.0083939505   0.00647393996     0.241411197     0.117753011   0.00604083933   0.00436534256
 131     1      50               0   0.00839394888   0.00647393943     0.241410935     0.117753013   0.00604083817    0.0043653422
          wgpu 2d 318g 346c x3w 20ms | egraph 98g->120v+0snap 54ms | graft 31 (-106n, 0 snap) cpu 0 | f64 30 | gen 0.2s | dropped inexpr 5 oversz 0 unbuild 0 {}
 132     0     100               0    0.0083939505   0.00647393996     0.241411197     0.117753011   0.00604083933   0.00436534256
 132     1      50               0   0.00839394888   0.00647393943     0.241410935     0.117753013   0.00604083817    0.0043653422
          wgpu 1d 83g 171c x3w 16ms | egraph 17g->25v+0snap 10ms | graft 7 (-16n, 0 snap) cpu 0 | f64 20 | gen 0.2s
 133     0     100               0    0.0083939505   0.00647393996     0.241411197     0.117753011   0.00604083933   0.00436534256
 133     1      50               0    0.0083939505   0.00647393996     0.241411197     0.117753011   0.00604083933   0.00436534256
          wgpu 1d 63g 162c x3w 6ms | egraph 9g->16v+0snap 6ms | graft 5 (-14n, 0 snap) cpu 0 | f64 20 | gen 0.2s
 134     0     100               0    0.0083939505   0.00647393996     0.241411197     0.117753011   0.00604083933   0.00436534256
 134     1      50               0    0.0083939505   0.00647393996     0.241411197     0.117753011   0.00604083933   0.00436534256
          wgpu 1d 55g 158c x3w 6ms | egraph 5g->12v+0snap 15ms | graft 4 (-8n, 0 snap) cpu 0 | f64 20 | gen 0.2s
 135     0     100               0    0.0083939505   0.00647393996     0.241411197     0.117753011   0.00604083933   0.00436534256
 135     1      50               0   0.00839394888   0.00647393943     0.241410935     0.117753013   0.00604083817    0.0043653422
          wgpu 1d 67g 160c x3w 3ms | egraph 7g->14v+0snap 5ms | graft 4 (-9n, 0 snap) cpu 0 | f64 20 | gen 0.2s
 136     0     100               0    0.0083939505   0.00647393996     0.241411197     0.117753011   0.00604083933   0.00436534256
 136     1      50               0   0.00839394862   0.00647393888     0.241410892     0.117753009   0.00604083798   0.00436534183
          wgpu 1d 69g 170c x3w 5ms | egraph 11g->24v+0snap 12ms | graft 3 (-13n, 0 snap) cpu 0 | f64 20 | gen 0.2s
 137     0     100               0    0.0083939505   0.00647393996     0.241411197     0.117753011   0.00604083933   0.00436534256
 137     1      50               0   0.00839394862   0.00647393888     0.241410892     0.117753009   0.00604083798   0.00436534183
          wgpu 1d 79g 176c x3w 5ms | egraph 12g->30v+0snap 32ms | graft 5 (-10n, 0 snap) cpu 0 | f64 20 | gen 0.2s
 138     0     100               0    0.0083939505   0.00647393996     0.241411197     0.117753011   0.00604083933   0.00436534256
 138     1      50               0   0.00839394862   0.00647393888     0.241410892     0.117753009   0.00604083798   0.00436534183
          wgpu 1d 81g 179c x3w 5ms | egraph 15g->33v+0snap 8ms | graft 4 (-8n, 0 snap) cpu 0 | f64 20 | gen 0.2s
 139     0     100               0    0.0083939505   0.00647393996     0.241411197     0.117753011   0.00604083933   0.00436534256
 139     1      50               0   0.00839394862   0.00647393888     0.241410892     0.117753009   0.00604083798   0.00436534183
          wgpu 1d 87g 179c x3w 4ms | egraph 16g->33v+0snap 14ms | graft 11 (-23n, 0 snap) cpu 0 | f64 20 | gen 0.2s | dropped inexpr 1 oversz 0 unbuild 0 {}
 140     0     100               0    0.0083939505   0.00647393996     0.241411197     0.117753011   0.00604083933   0.00436534256
 140     1      50               0   0.00839394862   0.00647393888     0.241410892     0.117753009   0.00604083798   0.00436534183
          wgpu 1d 82g 175c x3w 33ms | egraph 16g->29v+0snap 15ms | graft 2 (-2n, 0 snap) cpu 0 | f64 20 | gen 0.3s
--------- pump migration: intra (promote-2 + intake-reset) ---------
 141     0     100               0    0.0083939505   0.00647393996     0.241411197     0.117753011   0.00604083933   0.00436534256
 141     1      50               0   0.00839394862   0.00647393888     0.241410892     0.117753009   0.00604083798   0.00436534183
          wgpu 2d 299g 353c x3w 12ms | egraph 89g->127v+0snap 116ms | graft 23 (-48n, 0 snap) cpu 0 | f64 30 | gen 0.2s | dropped inexpr 5 oversz 0 unbuild 0 {}
 142     0     100               0    0.0083939505   0.00647393996     0.241411197     0.117753011   0.00604083933   0.00436534256
 142     1      50               0   0.00839394862   0.00647393888     0.241410892     0.117753009   0.00604083798   0.00436534183
          wgpu 1d 73g 162c x3w 4ms | egraph 15g->16v+0snap 21ms | graft 5 (-12n, 0 snap) cpu 0 | f64 20 | gen 0.3s
 143     0     100               0    0.0083939505   0.00647393996     0.241411197     0.117753011   0.00604083933   0.00436534256
 143     1      50               0    0.0083939505   0.00647393996     0.241411197     0.117753011   0.00604083933   0.00436534256
          wgpu 1d 68g 160c x3w 12ms | egraph 10g->14v+0snap 10ms | graft 2 (-4n, 0 snap) cpu 0 | f64 20 | gen 0.2s
 144     0     100               0    0.0083939505   0.00647393996     0.241411197     0.117753011   0.00604083933   0.00436534256
 144     1      50               0    0.0083939505   0.00647393996     0.241411197     0.117753011   0.00604083933   0.00436534256
          wgpu 1d 73g 160c x3w 4ms | egraph 14g->14v+0snap 10ms | graft 5 (-17n, 0 snap) cpu 0 | f64 20 | gen 0.2s
 145     0     100               0    0.0083939505   0.00647393996     0.241411197     0.117753011   0.00604083933   0.00436534256
 145     1      50               0   0.00839394835   0.00647393833     0.241410848     0.117753005   0.00604083779   0.00436534146
          wgpu 1d 79g 171c x3w 17ms | egraph 12g->25v+0snap 10ms | graft 5 (-10n, 0 snap) cpu 0 | f64 20 | gen 0.2s
 146     0     100               0    0.0083939505   0.00647393996     0.241411197     0.117753011   0.00604083933   0.00436534256
 146     1      50               0    0.0083939505   0.00647393996     0.241411197     0.117753011   0.00604083933   0.00436534256
          wgpu 1d 79g 168c x3w 4ms | egraph 16g->22v+0snap 19ms | graft 4 (-5n, 0 snap) cpu 0 | f64 20 | gen 0.2s
 147     0     100               0    0.0083939505   0.00647393996     0.241411197     0.117753011   0.00604083933   0.00436534256
 147     1      50               0    0.0083939505   0.00647393996     0.241411197     0.117753011   0.00604083933   0.00436534256
          wgpu 1d 68g 159c x3w 5ms | egraph 11g->13v+0snap 38ms | graft 4 (-14n, 0 snap) cpu 0 | f64 20 | gen 0.2s
 148     0     100               0    0.0083939505   0.00647393996     0.241411197     0.117753011   0.00604083933   0.00436534256
 148     1      50               0   0.00839394888   0.00647393943     0.241410935     0.117753013   0.00604083817    0.0043653422
          wgpu 1d 70g 166c x3w 14ms | egraph 8g->20v+0snap 9ms | graft 5 (-9n, 0 snap) cpu 0 | f64 20 | gen 0.2s
 149     0     100               0    0.0083939505   0.00647393996     0.241411197     0.117753011   0.00604083933   0.00436534256
 149     1      50               0   0.00839394888   0.00647393943     0.241410935     0.117753013   0.00604083817    0.0043653422
          wgpu 1d 72g 166c x3w 6ms | egraph 12g->20v+0snap 6ms | graft 4 (-8n, 0 snap) cpu 0 | f64 20 | gen 0.2s
 150     0     100               0    0.0083939505   0.00647393996     0.241411197     0.117753011   0.00604083933   0.00436534256
 150     1      50               0   0.00839394888   0.00647393943     0.241410935     0.117753013   0.00604083817    0.0043653422
          wgpu 1d 62g 162c x3w 6ms | egraph 7g->16v+0snap 13ms | graft 2 (-23n, 0 snap) cpu 0 | f64 20 | gen 0.2s
--------- pump migration: intra (promote-2 + intake-reset) + cross ---------
 151     0     100               0    0.0083939505   0.00647393996     0.241411197     0.117753011   0.00604083933   0.00436534256
 151     1      50               0   0.00839394888   0.00647393943     0.241410935     0.117753013   0.00604083817    0.0043653422
          wgpu 2d 289g 341c x3w 11ms | egraph 82g->115v+0snap 64ms | graft 34 (-108n, 0 snap) cpu 0 | f64 30 | gen 0.2s | dropped inexpr 6 oversz 0 unbuild 0 {}
 152     0     100               0    0.0083939505   0.00647393996     0.241411197     0.117753011   0.00604083933   0.00436534256
 152     1      50               0   0.00839394888   0.00647393943     0.241410935     0.117753013   0.00604083817    0.0043653422
          wgpu 1d 59g 158c x3w 6ms | egraph 9g->12v+0snap 5ms | graft 3 (-7n, 0 snap) cpu 0 | f64 20 | gen 0.2s
 153     0     100               0    0.0083939505   0.00647393996     0.241411197     0.117753011   0.00604083933   0.00436534256
 153     1      50               0   0.00839394888   0.00647393943     0.241410935     0.117753013   0.00604083817    0.0043653422
          wgpu 1d 72g 167c x3w 6ms | egraph 9g->21v+0snap 9ms | graft 7 (-16n, 0 snap) cpu 0 | f64 20 | gen 0.2s
 154     0     100               0    0.0083939505   0.00647393996     0.241411197     0.117753011   0.00604083933   0.00436534256
 154     1      50               0   0.00839394888   0.00647393943     0.241410935     0.117753013   0.00604083817    0.0043653422
          wgpu 1d 50g 154c x3w 8ms | egraph 10g->8v+0snap 29ms | graft 4 (-9n, 0 snap) cpu 0 | f64 20 | gen 0.2s
 155     0     100               0   0.00839394888   0.00647393943     0.241410935     0.117753013   0.00604083817    0.0043653422
 155     1      50               0   0.00839394888   0.00647393943     0.241410935     0.117753013   0.00604083817    0.0043653422
          wgpu 1d 65g 158c x3w 4ms | egraph 10g->12v+0snap 8ms | graft 3 (-6n, 0 snap) cpu 0 | f64 20 | gen 0.2s
 156     0     100               0   0.00839394888   0.00647393943     0.241410935     0.117753013   0.00604083817    0.0043653422
 156     1      50               0   0.00839394888   0.00647393943     0.241410935     0.117753013   0.00604083817    0.0043653422
          wgpu 1d 74g 166c x3w 8ms | egraph 12g->20v+0snap 7ms | graft 6 (-24n, 0 snap) cpu 0 | f64 20 | gen 0.2s
 157     0     100               0   0.00839394888   0.00647393943     0.241410935     0.117753013   0.00604083817    0.0043653422
 157     1      50               0   0.00839394888   0.00647393943     0.241410935     0.117753013   0.00604083817    0.0043653422
          wgpu 1d 73g 169c x3w 5ms | egraph 12g->23v+0snap 21ms | graft 5 (-26n, 0 snap) cpu 0 | f64 20 | gen 0.3s
 158     0     100               0   0.00839394888   0.00647393943     0.241410935     0.117753013   0.00604083817    0.0043653422
 158     1      50               0   0.00839394888   0.00647393943     0.241410935     0.117753013   0.00604083817    0.0043653422
          wgpu 1d 55g 160c x3w 4ms | egraph 7g->14v+0snap 6ms | graft 4 (-7n, 0 snap) cpu 0 | f64 20 | gen 0.2s
 159     0     100               0   0.00839394888   0.00647393943     0.241410935     0.117753013   0.00604083817    0.0043653422
 159     1      50               0   0.00839394888   0.00647393943     0.241410935     0.117753013   0.00604083817    0.0043653422
          wgpu 1d 64g 161c x3w 5ms | egraph 11g->15v+0snap 21ms | graft 8 (-19n, 0 snap) cpu 0 | f64 20 | gen 0.2s
 160     0     100               0   0.00839394888   0.00647393943     0.241410935     0.117753013   0.00604083817    0.0043653422
 160     1      50               0   0.00839394888   0.00647393943     0.241410935     0.117753013   0.00604083817    0.0043653422
          wgpu 1d 67g 165c x3w 7ms | egraph 13g->19v+0snap 10ms | graft 5 (-10n, 0 snap) cpu 0 | f64 20 | gen 0.2s | dropped inexpr 1 oversz 0 unbuild 0 {}
--------- pump migration: intra (promote-2 + intake-reset) ---------
 161     0     100               0   0.00839394888   0.00647393943     0.241410935     0.117753013   0.00604083817    0.0043653422
 161     1      50               0    0.0083939505   0.00647393996     0.241411197     0.117753011   0.00604083933   0.00436534256
          wgpu 2d 287g 359c x3w 21ms | egraph 80g->133v+0snap 70ms | graft 27 (-104n, 0 snap) cpu 0 | f64 30 | gen 0.2s | dropped inexpr 3 oversz 0 unbuild 0 {}
 162     0     100               0   0.00839394888   0.00647393943     0.241410935     0.117753013   0.00604083817    0.0043653422
 162     1      50               0    0.0083939505   0.00647393996     0.241411197     0.117753011   0.00604083933   0.00436534256
          wgpu 1d 65g 158c x3w 30ms | egraph 12g->12v+0snap 7ms | graft 3 (-16n, 0 snap) cpu 0 | f64 20 | gen 0.2s
 163     0     100               0   0.00839394888   0.00647393943     0.241410935     0.117753013   0.00604083817    0.0043653422
 163     1      50               0   0.00839394888   0.00647393943     0.241410935     0.117753013   0.00604083817    0.0043653422
          wgpu 1d 54g 154c x3w 6ms | egraph 12g->8v+0snap 85ms | graft 4 (-7n, 0 snap) cpu 0 | f64 20 | gen 0.3s
 164     0     100               0   0.00839394888   0.00647393943     0.241410935     0.117753013   0.00604083817    0.0043653422
 164     1      50               0    0.0083939505   0.00647393996     0.241411197     0.117753011   0.00604083933   0.00436534256
          wgpu 1d 62g 163c x3w 38ms | egraph 15g->17v+0snap 13ms | graft 5 (-30n, 0 snap) cpu 0 | f64 20 | gen 0.4s
 165     0     100               0   0.00839394888   0.00647393943     0.241410935     0.117753013   0.00604083817    0.0043653422
 165     1      50               0   0.00839394888   0.00647393943     0.241410935     0.117753013   0.00604083817    0.0043653422
          wgpu 1d 50g 155c x3w 11ms | egraph 7g->9v+0snap 27ms | graft 2 (-6n, 0 snap) cpu 0 | f64 20 | gen 0.2s
 166     0     100               0   0.00839394888   0.00647393943     0.241410935     0.117753013   0.00604083817    0.0043653422
 166     1      50               0   0.00839394888   0.00647393943     0.241410935     0.117753013   0.00604083817    0.0043653422
          wgpu 1d 73g 164c x3w 4ms | egraph 12g->18v+0snap 30ms | graft 4 (-9n, 0 snap) cpu 0 | f64 20 | gen 0.4s
 167     0     100               0   0.00839394888   0.00647393943     0.241410935     0.117753013   0.00604083817    0.0043653422
 167     1      50               0   0.00839394888   0.00647393943     0.241410935     0.117753013   0.00604083817    0.0043653422
          wgpu 1d 58g 157c x3w 4ms | egraph 6g->11v+0snap 11ms | graft 3 (-6n, 0 snap) cpu 0 | f64 20 | gen 0.2s
 168     0     100               0   0.00839394888   0.00647393943     0.241410935     0.117753013   0.00604083817    0.0043653422
 168     1      50               0   0.00839394888   0.00647393943     0.241410935     0.117753013   0.00604083817    0.0043653422
          wgpu 1d 75g 162c x3w 9ms | egraph 10g->16v+0snap 31ms | graft 5 (-12n, 0 snap) cpu 0 | f64 20 | gen 0.2s
 169     0     100               0   0.00839394888   0.00647393943     0.241410935     0.117753013   0.00604083817    0.0043653422
 169     1      50               0   0.00839394888   0.00647393943     0.241410935     0.117753013   0.00604083817    0.0043653422
          wgpu 1d 62g 162c x3w 4ms | egraph 11g->16v+0snap 7ms | graft 4 (-9n, 0 snap) cpu 0 | f64 20 | gen 0.2s
 170     0     100               0   0.00839394888   0.00647393943     0.241410935     0.117753013   0.00604083817    0.0043653422
 170     1      50               0   0.00839394888   0.00647393943     0.241410935     0.117753013   0.00604083817    0.0043653422
          wgpu 1d 75g 168c x3w 18ms | egraph 15g->22v+0snap 9ms | graft 5 (-25n, 0 snap) cpu 0 | f64 20 | gen 0.2s
--------- pump migration: intra (promote-2 + intake-reset) ---------
 171     0     100               0   0.00839394888   0.00647393943     0.241410935     0.117753013   0.00604083817    0.0043653422
 171     1      50               0   0.00839394888   0.00647393943     0.241410935     0.117753013   0.00604083817    0.0043653422
          wgpu 2d 321g 405c x3w 26ms | egraph 105g->179v+0snap 51ms | graft 24 (-117n, 0 snap) cpu 0 | f64 30 | gen 0.2s | dropped inexpr 13 oversz 0 unbuild 0 {}
 172     0     100               0   0.00839394888   0.00647393943     0.241410935     0.117753013   0.00604083817    0.0043653422
 172     1      50               0   0.00839394888   0.00647393943     0.241410935     0.117753013   0.00604083817    0.0043653422
          wgpu 1d 57g 163c x3w 6ms | egraph 10g->17v+0snap 21ms | graft 2 (-5n, 0 snap) cpu 0 | f64 20 | gen 0.2s
 173     0     100               0   0.00839394888   0.00647393943     0.241410935     0.117753013   0.00604083817    0.0043653422
 173     1      50               0   0.00839394888   0.00647393943     0.241410935     0.117753013   0.00604083817    0.0043653422
          wgpu 1d 60g 159c x3w 4ms | egraph 12g->13v+0snap 28ms | graft 3 (-19n, 0 snap) cpu 0 | f64 20 | gen 0.2s
 174     0     100               0   0.00839394888   0.00647393943     0.241410935     0.117753013   0.00604083817    0.0043653422
 174     1      50               0   0.00839394888   0.00647393943     0.241410935     0.117753013   0.00604083817    0.0043653422
          wgpu 1d 84g 174c x3w 5ms | egraph 17g->28v+0snap 18ms | graft 5 (-35n, 0 snap) cpu 0 | f64 20 | gen 0.2s | dropped inexpr 1 oversz 0 unbuild 0 {}
 175     0     100               0   0.00839394888   0.00647393943     0.241410935     0.117753013   0.00604083817    0.0043653422
 175     1      50               0   0.00839394888   0.00647393943     0.241410935     0.117753013   0.00604083817    0.0043653422
          wgpu 1d 70g 162c x3w 8ms | egraph 12g->16v+0snap 15ms | graft 4 (-15n, 0 snap) cpu 0 | f64 20 | gen 0.3s
 176     0     100               0   0.00839394888   0.00647393943     0.241410935     0.117753013   0.00604083817    0.0043653422
 176     1      50               0   0.00839394888   0.00647393943     0.241410935     0.117753013   0.00604083817    0.0043653422
          wgpu 1d 80g 169c x3w 46ms | egraph 15g->23v+0snap 8ms | graft 4 (-34n, 0 snap) cpu 0 | f64 20 | gen 0.2s
 177     0     100               0   0.00839394888   0.00647393943     0.241410935     0.117753013   0.00604083817    0.0043653422
 177     1      50               0   0.00839394888   0.00647393943     0.241410935     0.117753013   0.00604083817    0.0043653422
          wgpu 1d 59g 153c x3w 4ms | egraph 7g->7v+0snap 16ms | graft 2 (-3n, 0 snap) cpu 0 | f64 20 | gen 0.2s
 178     0     100               0   0.00839394888   0.00647393943     0.241410935     0.117753013   0.00604083817    0.0043653422
 178     1      50               0   0.00839394888   0.00647393943     0.241410935     0.117753013   0.00604083817    0.0043653422
          wgpu 1d 88g 174c x3w 4ms | egraph 14g->28v+0snap 10ms | graft 7 (-29n, 0 snap) cpu 0 | f64 20 | gen 0.2s
 179     0     100               0   0.00839394888   0.00647393943     0.241410935     0.117753013   0.00604083817    0.0043653422
 179     1      50               0   0.00839394888   0.00647393943     0.241410935     0.117753013   0.00604083817    0.0043653422
          wgpu 1d 84g 172c x3w 6ms | egraph 19g->26v+0snap 13ms | graft 5 (-16n, 0 snap) cpu 0 | f64 20 | gen 0.2s
 180     0     100               0   0.00839394888   0.00647393943     0.241410935     0.117753013   0.00604083817    0.0043653422
 180     1      50               0   0.00839394888   0.00647393943     0.241410935     0.117753013   0.00604083817    0.0043653422
          wgpu 1d 66g 170c x3w 5ms | egraph 7g->24v+0snap 9ms | graft 5 (-16n, 0 snap) cpu 0 | f64 20 | gen 0.2s
--------- pump migration: intra (promote-2 + intake-reset) + cross ---------
 181     0     100  0.000910211736    0.0083939505   0.00647393996     0.241411197     0.117753011   0.00604083933   0.00436534256
 181     1      50               0   0.00839394888   0.00647393943     0.241410935     0.117753013   0.00604083817    0.0043653422
          wgpu 2d 273g 335c x3w 36ms | egraph 72g->109v+0snap 51ms | graft 22 (-89n, 0 snap) cpu 0 | f64 30 | gen 0.2s | dropped inexpr 3 oversz 0 unbuild 0 {}
 182     0     100  0.000910211736    0.0083939505   0.00647393996     0.241411197     0.117753011   0.00604083933   0.00436534256
 182     1      50               0   0.00839394888   0.00647393943     0.241410935     0.117753013   0.00604083817    0.0043653422
          wgpu 1d 86g 173c x3w 15ms | egraph 28g->27v+0snap 27ms | graft 6 (-37n, 0 snap) cpu 0 | f64 20 | gen 0.2s | dropped inexpr 1 oversz 0 unbuild 0 {}
 183     0     100  0.000910211736    0.0083939505   0.00647393996     0.241411197     0.117753011   0.00604083933   0.00436534256
 183     1      50               0    0.0083939505   0.00647393996     0.241411197     0.117753011   0.00604083933   0.00436534256
          wgpu 1d 93g 175c x3w 11ms | egraph 20g->29v+0snap 8ms | graft 5 (-15n, 0 snap) cpu 0 | f64 20 | gen 0.2s | dropped inexpr 1 oversz 0 unbuild 0 {}
 184     0     100  0.000910211736    0.0083939505   0.00647393996     0.241411197     0.117753011   0.00604083933   0.00436534256
 184     1      50               0    0.0083939505   0.00647393996     0.241411197     0.117753011   0.00604083933   0.00436534256
          wgpu 1d 98g 188c x3w 5ms | egraph 20g->42v+0snap 31ms | graft 8 (-32n, 0 snap) cpu 0 | f64 20 | gen 0.2s
 185     0     100  0.000910211736    0.0083939505   0.00647393996     0.241411197     0.117753011   0.00604083933   0.00436534256
 185     1      50               0    0.0083939505   0.00647393996     0.241411197     0.117753011   0.00604083933   0.00436534256
          wgpu 1d 92g 192c x3w 4ms | egraph 22g->46v+0snap 11ms | graft 8 (-22n, 0 snap) cpu 0 | f64 20 | gen 0.2s | dropped inexpr 4 oversz 0 unbuild 0 {}
 186     0     100  0.000910211736    0.0083939505   0.00647393996     0.241411197     0.117753011   0.00604083933   0.00436534256
 186     1      50               0   0.00839394888   0.00647393943     0.241410935     0.117753013   0.00604083817    0.0043653422
          wgpu 1d 115g 215c x3w 6ms | egraph 26g->69v+0snap 39ms | graft 6 (-19n, 0 snap) cpu 0 | f64 20 | gen 0.2s | dropped inexpr 2 oversz 0 unbuild 0 {}
 187     0     100  0.000910211736    0.0083939505   0.00647393996     0.241411197     0.117753011   0.00604083933   0.00436534256
 187     1      50               0   0.00839394888   0.00647393943     0.241410935     0.117753013   0.00604083817    0.0043653422
          wgpu 1d 98g 193c x3w 5ms | egraph 18g->47v+0snap 23ms | graft 6 (-27n, 0 snap) cpu 0 | f64 20 | gen 0.2s | dropped inexpr 2 oversz 0 unbuild 0 {}
 188     0     100  0.000910211736    0.0083939505   0.00647393996     0.241411197     0.117753011   0.00604083933   0.00436534256
 188     1      50               0   0.00839394888   0.00647393943     0.241410935     0.117753013   0.00604083817    0.0043653422
          wgpu 1d 86g 170c x3w 4ms | egraph 16g->24v+0snap 18ms | graft 7 (-23n, 0 snap) cpu 0 | f64 20 | gen 0.2s | dropped inexpr 3 oversz 0 unbuild 0 {}
 189     0     100               0    0.0083939505   0.00647393996     0.241411197     0.117753011   0.00604083933   0.00436534256
 189     1      50               0   0.00839394888   0.00647393943     0.241410935     0.117753013   0.00604083817    0.0043653422
          wgpu 1d 83g 166c x3w 3ms | egraph 17g->20v+0snap 8ms | graft 4 (-5n, 0 snap) cpu 0 | f64 20 | gen 0.2s | dropped inexpr 2 oversz 0 unbuild 0 {}
 190     0     100               0   0.00839394835   0.00647393833     0.241410848     0.117753005   0.00604083779   0.00436534146
 190     1      50               0   0.00839394888   0.00647393943     0.241410935     0.117753013   0.00604083817    0.0043653422
          wgpu 1d 99g 174c x3w 8ms | egraph 25g->28v+0snap 15ms | graft 8 (-35n, 0 snap) cpu 0 | f64 20 | gen 0.2s | dropped inexpr 1 oversz 0 unbuild 0 {}
--------- pump migration: intra (promote-2 + intake-reset) ---------
 191     0     100               0    0.0083939505   0.00647393996     0.241411197     0.117753011   0.00604083933   0.00436534256
 191     1      50               0    0.0083939505   0.00647393996     0.241411197     0.117753011   0.00604083933   0.00436534256
          wgpu 2d 267g 311c x3w 18ms | egraph 81g->85v+0snap 51ms | graft 25 (-87n, 0 snap) cpu 0 | f64 30 | gen 0.2s
 192     0     100               0    0.0083939505   0.00647393996     0.241411197     0.117753011   0.00604083933   0.00436534256
 192     1      50               0    0.0083939505   0.00647393996     0.241411197     0.117753011   0.00604083933   0.00436534256
          wgpu 1d 102g 176c x3w 11ms | egraph 23g->30v+0snap 34ms | graft 7 (-29n, 0 snap) cpu 0 | f64 20 | gen 0.2s | dropped inexpr 3 oversz 0 unbuild 0 {}
 193     0     100               0    0.0083939505   0.00647393996     0.241411197     0.117753011   0.00604083933   0.00436534256
 193     1      50               0    0.0083939505   0.00647393996     0.241411197     0.117753011   0.00604083933   0.00436534256
          wgpu 1d 106g 170c x3w 5ms | egraph 26g->24v+0snap 19ms | graft 5 (-12n, 0 snap) cpu 0 | f64 20 | gen 0.3s
 194     0     100               0    0.0083939505   0.00647393996     0.241411197     0.117753011   0.00604083933   0.00436534256
 194     1      50               0    0.0083939505   0.00647393996     0.241411197     0.117753011   0.00604083933   0.00436534256
          wgpu 1d 100g 180c x3w 5ms | egraph 15g->34v+0snap 13ms | graft 7 (-14n, 0 snap) cpu 0 | f64 20 | gen 0.2s
 195     0     100               0    0.0083939505   0.00647393996     0.241411197     0.117753011   0.00604083933   0.00436534256
 195     1      50               0    0.0083939505   0.00647393996     0.241411197     0.117753011   0.00604083933   0.00436534256
          wgpu 1d 124g 188c x3w 6ms | egraph 30g->42v+0snap 39ms | graft 7 (-17n, 0 snap) cpu 0 | f64 20 | gen 0.2s
 196     0     100               0    0.0083939505   0.00647393996     0.241411197     0.117753011   0.00604083933   0.00436534256
 196     1      50               0    0.0083939505   0.00647393996     0.241411197     0.117753011   0.00604083933   0.00436534256
          wgpu 1d 91g 175c x3w 7ms | egraph 20g->29v+0snap 10ms | graft 3 (-11n, 0 snap) cpu 0 | f64 20 | gen 0.2s | dropped inexpr 1 oversz 0 unbuild 0 {}
 197     0     100               0    0.0083939505   0.00647393996     0.241411197     0.117753011   0.00604083933   0.00436534256
 197     1      50               0    0.0083939505   0.00647393996     0.241411197     0.117753011   0.00604083933   0.00436534256
          wgpu 1d 97g 175c x3w 7ms | egraph 14g->29v+0snap 16ms | graft 6 (-16n, 0 snap) cpu 0 | f64 20 | gen 0.2s | dropped inexpr 1 oversz 0 unbuild 0 {}
 198     0     100               0    0.0083939505   0.00647393996     0.241411197     0.117753011   0.00604083933   0.00436534256
 198     1      50               0    0.0083939505   0.00647393996     0.241411197     0.117753011   0.00604083933   0.00436534256
          wgpu 1d 91g 165c x3w 5ms | egraph 15g->19v+0snap 6ms | graft 6 (-16n, 0 snap) cpu 0 | f64 20 | gen 0.2s
 199     0     100               0   0.00839394886   0.00647393825     0.241410825     0.117753007   0.00604083816    0.0043653414
 199     1      50               0    0.0083939505   0.00647393996     0.241411197     0.117753011   0.00604083933   0.00436534256
          wgpu 1d 111g 186c x3w 8ms | egraph 22g->40v+0snap 16ms | graft 11 (-29n, 0 snap) cpu 0 | f64 20 | gen 0.2s
 200     0     100               0    0.0083939505   0.00647393996     0.241411197     0.117753011   0.00604083933   0.00436534256
 200     1      50               0    0.0083939505   0.00647393996     0.241411197     0.117753011   0.00604083933   0.00436534256
          wgpu 1d 83g 167c x3w 15ms | egraph 21g->21v+0snap 8ms | graft 5 (-15n, 0 snap) cpu 0 | f64 20 | gen 0.2s
--------- pump migration: intra (promote-2 + intake-reset) ---------
 201     0     100               0   0.00839394886   0.00647393825     0.241410825     0.117753007   0.00604083816    0.0043653414
 201     1      50               0    0.0083939505   0.00647393996     0.241411197     0.117753011   0.00604083933   0.00436534256
          wgpu 2d 336g 353c x3w 35ms | egraph 105g->127v+0snap 66ms | graft 27 (-94n, 0 snap) cpu 0 | f64 30 | gen 0.2s
 202     0     100               0   0.00839394886   0.00647393825     0.241410825     0.117753007   0.00604083816    0.0043653414
 202     1      50               0    0.0083939505   0.00647393996     0.241411197     0.117753011   0.00604083933   0.00436534256
          wgpu 1d 129g 194c x3w 26ms | egraph 29g->48v+0snap 13ms | graft 14 (-30n, 0 snap) cpu 0 | f64 20 | gen 0.2s | dropped inexpr 1 oversz 0 unbuild 0 {}
 203     0     100               0    0.0083939505   0.00647393996     0.241411197     0.117753011   0.00604083933   0.00436534256
 203     1      50               0    0.0083939505   0.00647393996     0.241411197     0.117753011   0.00604083933   0.00436534256
          wgpu 1d 122g 187c x3w 37ms | egraph 29g->41v+0snap 12ms | graft 12 (-38n, 0 snap) cpu 0 | f64 20 | gen 0.3s | dropped inexpr 1 oversz 0 unbuild 0 {}
 204     0     100               0   0.00839394886   0.00647393825     0.241410825     0.117753007   0.00604083816    0.0043653414
 204     1      50               0    0.0083939505   0.00647393996     0.241411197     0.117753011   0.00604083933   0.00436534256
          wgpu 1d 92g 173c x3w 12ms | egraph 23g->27v+0snap 11ms | graft 9 (-20n, 0 snap) cpu 0 | f64 20 | gen 0.2s | dropped inexpr 1 oversz 0 unbuild 0 {}
 205     0     100               0   0.00839394886   0.00647393825     0.241410825     0.117753007   0.00604083816    0.0043653414
 205     1      50               0    0.0083939505   0.00647393996     0.241411197     0.117753011   0.00604083933   0.00436534256
          wgpu 1d 92g 170c x3w 17ms | egraph 21g->24v+0snap 11ms | graft 4 (-4n, 0 snap) cpu 0 | f64 20 | gen 0.2s | dropped inexpr 2 oversz 0 unbuild 0 {}
 206     0     100               0    0.0083939505   0.00647393996     0.241411197     0.117753011   0.00604083933   0.00436534256
 206     1      50               0    0.0083939505   0.00647393996     0.241411197     0.117753011   0.00604083933   0.00436534256
          wgpu 1d 107g 173c x3w 22ms | egraph 17g->27v+0snap 11ms | graft 6 (-17n, 0 snap) cpu 0 | f64 20 | gen 0.2s
 207     0     100               0   0.00839394886   0.00647393825     0.241410825     0.117753007   0.00604083816    0.0043653414
 207     1      50               0   0.00839394835   0.00647393833     0.241410848     0.117753005   0.00604083779   0.00436534146
          wgpu 1d 116g 183c x3w 5ms | egraph 29g->37v+0snap 13ms | graft 9 (-27n, 0 snap) cpu 0 | f64 20 | gen 0.2s
 208     0     100               0   0.00839394886   0.00647393825     0.241410825     0.117753007   0.00604083816    0.0043653414
 208     1      50               0   0.00839394886   0.00647393825     0.241410825     0.117753007   0.00604083816    0.0043653414
          wgpu 1d 99g 177c x3w 5ms | egraph 23g->31v+0snap 25ms | graft 7 (-20n, 0 snap) cpu 0 | f64 20 | gen 0.2s
 209     0     100               0   0.00839394886   0.00647393825     0.241410825     0.117753007   0.00604083816    0.0043653414
 209     1      50               0    0.0083939505   0.00647393996     0.241411197     0.117753011   0.00604083933   0.00436534256
          wgpu 1d 125g 193c x3w 12ms | egraph 33g->47v+0snap 18ms | graft 10 (-31n, 0 snap) cpu 0 | f64 20 | gen 0.2s | dropped inexpr 1 oversz 0 unbuild 0 {}
 210     0     100               0   0.00839394886   0.00647393825     0.241410825     0.117753007   0.00604083816    0.0043653414
 210     1      50               0    0.0083939505   0.00647393996     0.241411197     0.117753011   0.00604083933   0.00436534256
          wgpu 1d 130g 194c x3w 7ms | egraph 31g->48v+0snap 18ms | graft 12 (-49n, 0 snap) cpu 0 | f64 20 | gen 0.2s
--------- pump migration: intra (promote-2 + intake-reset) + cross ---------
 211     0     100               0   0.00839394886   0.00647393825     0.241410825     0.117753007   0.00604083816    0.0043653414
 211     1      50               0    0.0083939505   0.00647393996     0.241411197     0.117753011   0.00604083933   0.00436534256
          wgpu 2d 313g 350c x3w 32ms | egraph 108g->124v+0snap 96ms | graft 19 (-45n, 0 snap) cpu 0 | f64 30 | gen 0.3s | dropped inexpr 7 oversz 0 unbuild 0 {}
 212     0     100               0   0.00839394886   0.00647393825     0.241410825     0.117753007   0.00604083816    0.0043653414
 212     1      50               0    0.0083939505   0.00647393996     0.241411197     0.117753011   0.00604083933   0.00436534256
          wgpu 1d 121g 191c x3w 21ms | egraph 27g->45v+0snap 54ms | graft 8 (-29n, 0 snap) cpu 0 | f64 20 | gen 0.3s
 213     0     100               0   0.00839394886   0.00647393825     0.241410825     0.117753007   0.00604083816    0.0043653414
 213     1      50               0    0.0083939505   0.00647393996     0.241411197     0.117753011   0.00604083933   0.00436534256
          wgpu 1d 106g 176c x3w 5ms | egraph 18g->30v+0snap 18ms | graft 7 (-15n, 0 snap) cpu 0 | f64 20 | gen 0.2s | dropped inexpr 1 oversz 0 unbuild 0 {}
 214     0     100               0   0.00839394886   0.00647393825     0.241410825     0.117753007   0.00604083816    0.0043653414
 214     1      50               0    0.0083939505   0.00647393996     0.241411197     0.117753011   0.00604083933   0.00436534256
          wgpu 1d 121g 186c x3w 8ms | egraph 28g->40v+0snap 15ms | graft 10 (-28n, 0 snap) cpu 0 | f64 20 | gen 0.2s | dropped inexpr 1 oversz 0 unbuild 0 {}
 215     0     100               0   0.00839394886   0.00647393825     0.241410825     0.117753007   0.00604083816    0.0043653414
 215     1      50               0    0.0083939505   0.00647393996     0.241411197     0.117753011   0.00604083933   0.00436534256
          wgpu 1d 94g 168c x3w 6ms | egraph 21g->22v+0snap 9ms | graft 6 (-13n, 0 snap) cpu 0 | f64 20 | gen 0.2s
 216     0     100               0   0.00839394886   0.00647393825     0.241410825     0.117753007   0.00604083816    0.0043653414
 216     1      50               0    0.0083939505   0.00647393996     0.241411197     0.117753011   0.00604083933   0.00436534256
          wgpu 1d 113g 183c x3w 34ms | egraph 25g->37v+0snap 14ms | graft 8 (-25n, 0 snap) cpu 0 | f64 20 | gen 0.3s
 217     0     100               0    0.0083939505   0.00647393996     0.241411197     0.117753011   0.00604083933   0.00436534256
 217     1      50               0    0.0083939505   0.00647393996     0.241411197     0.117753011   0.00604083933   0.00436534256
          wgpu 1d 113g 185c x3w 5ms | egraph 35g->39v+0snap 27ms | graft 12 (-47n, 0 snap) cpu 0 | f64 20 | gen 0.2s | dropped inexpr 1 oversz 0 unbuild 0 {}
 218     0     100               0   0.00839394886   0.00647393825     0.241410825     0.117753007   0.00604083816    0.0043653414
 218     1      50               0    0.0083939505   0.00647393996     0.241411197     0.117753011   0.00604083933   0.00436534256
          wgpu 1d 88g 167c x3w 4ms | egraph 17g->21v+0snap 8ms | graft 3 (-5n, 0 snap) cpu 0 | f64 20 | gen 0.2s
 219     0     100               0   0.00839394886   0.00647393825     0.241410825     0.117753007   0.00604083816    0.0043653414
 219     1      50               0    0.0083939505   0.00647393996     0.241411197     0.117753011   0.00604083933   0.00436534256
          wgpu 1d 130g 193c x3w 15ms | egraph 31g->47v+0snap 18ms | graft 14 (-37n, 0 snap) cpu 0 | f64 20 | gen 0.2s
 220     0     100               0    0.0083939505   0.00647393996     0.241411197     0.117753011   0.00604083933   0.00436534256
 220     1      50               0    0.0083939505   0.00647393996     0.241411197     0.117753011   0.00604083933   0.00436534256
          wgpu 1d 111g 182c x3w 5ms | egraph 27g->36v+0snap 20ms | graft 11 (-25n, 0 snap) cpu 0 | f64 20 | gen 0.2s
--------- pump migration: intra (promote-2 + intake-reset) ---------
 221     0     100               0    0.0114588888   0.00943729656     0.411202281      0.12218827   0.00824657066   0.00636351782
 221     1      50               0    0.0083939505   0.00647393996     0.241411197     0.117753011   0.00604083933   0.00436534256
          wgpu 2d 339g 359c x3w 14ms | egraph 102g->133v+0snap 49ms | graft 31 (-102n, 0 snap) cpu 0 | f64 30 | gen 0.3s | dropped inexpr 2 oversz 0 unbuild 0 {}
 222     0     100               0    0.0083939505   0.00647393996     0.241411197     0.117753011   0.00604083933   0.00436534256
 222     1      50               0   0.00839394835   0.00647393833     0.241410848     0.117753005   0.00604083779   0.00436534146
          wgpu 1d 101g 180c x3w 17ms | egraph 25g->34v+0snap 24ms | graft 3 (-17n, 0 snap) cpu 0 | f64 20 | gen 0.2s
 223     0     100               0    0.0083939494   0.00647393935     0.241410913     0.117753015   0.00604083854   0.00436534215
 223     1      50               0    0.0083939505   0.00647393996     0.241411197     0.117753011   0.00604083933   0.00436534256
          wgpu 1d 118g 180c x3w 4ms | egraph 29g->34v+0snap 15ms | graft 7 (-20n, 0 snap) cpu 0 | f64 20 | gen 0.2s | dropped inexpr 1 oversz 0 unbuild 0 {}
 224     0     100               0    0.0083939494   0.00647393935     0.241410913     0.117753015   0.00604083854   0.00436534215
 224     1      50               0   0.00839394835   0.00647393833     0.241410848     0.117753005   0.00604083779   0.00436534146
          wgpu 1d 98g 174c x3w 9ms | egraph 23g->28v+0snap 12ms | graft 8 (-17n, 0 snap) cpu 0 | f64 20 | gen 0.3s | dropped inexpr 2 oversz 0 unbuild 0 {}
 225     0     100               0    0.0083939505   0.00647393996     0.241411197     0.117753011   0.00604083933   0.00436534256
 225     1      50               0   0.00839394835   0.00647393833     0.241410848     0.117753005   0.00604083779   0.00436534146
          wgpu 1d 100g 174c x3w 5ms | egraph 25g->28v+0snap 15ms | graft 6 (-15n, 0 snap) cpu 0 | f64 20 | gen 0.2s
 226     0     100               0    0.0083939505   0.00647393996     0.241411197     0.117753011   0.00604083933   0.00436534256
 226     1      50               0   0.00839394835   0.00647393833     0.241410848     0.117753005   0.00604083779   0.00436534146
          wgpu 1d 104g 173c x3w 4ms | egraph 23g->27v+0snap 17ms | graft 6 (-25n, 0 snap) cpu 0 | f64 20 | gen 0.2s | dropped inexpr 1 oversz 0 unbuild 0 {}
 227     0     100               0   0.00839394886   0.00647393825     0.241410825     0.117753007   0.00604083816    0.0043653414
 227     1      50               0   0.00839394835   0.00647393833     0.241410848     0.117753005   0.00604083779   0.00436534146
          wgpu 1d 84g 175c x3w 4ms | egraph 18g->29v+0snap 28ms | graft 9 (-31n, 0 snap) cpu 0 | f64 20 | gen 0.3s
 228     0     100               0    0.0083939505   0.00647393996     0.241411197     0.117753011   0.00604083933   0.00436534256
 228     1      50               0   0.00839394835   0.00647393833     0.241410848     0.117753005   0.00604083779   0.00436534146
          wgpu 1d 97g 170c x3w 4ms | egraph 22g->24v+0snap 24ms | graft 7 (-20n, 0 snap) cpu 0 | f64 20 | gen 0.2s
 229     0     100               0    0.0083939505   0.00647393996     0.241411197     0.117753011   0.00604083933   0.00436534256
 229     1      50               0   0.00839394835   0.00647393833     0.241410848     0.117753005   0.00604083779   0.00436534146
          wgpu 1d 107g 175c x3w 4ms | egraph 25g->29v+0snap 22ms | graft 8 (-17n, 0 snap) cpu 0 | f64 20 | gen 0.2s
 230     0     100               0    0.0083939505   0.00647393996     0.241411197     0.117753011   0.00604083933   0.00436534256
 230     1      50               0   0.00839394835   0.00647393833     0.241410848     0.117753005   0.00604083779   0.00436534146
          wgpu 1d 107g 193c x3w 17ms | egraph 30g->47v+0snap 25ms | graft 5 (-31n, 0 snap) cpu 0 | f64 20 | gen 0.3s
--------- pump migration: intra (promote-2 + intake-reset) ---------
 231     0     100               0    0.0114588888   0.00943729656     0.411202281      0.12218827   0.00824657066   0.00636351782
 231     1      50               0    0.0083939505   0.00647393996     0.241411197     0.117753011   0.00604083933   0.00436534256
          wgpu 2d 328g 388c x3w 10ms | egraph 90g->162v+0snap 48ms | graft 23 (-142n, 0 snap) cpu 0 | f64 30 | gen 0.2s | dropped inexpr 2 oversz 0 unbuild 0 {}
 232     0     100               0    0.0114588888   0.00943729656     0.411202281      0.12218827   0.00824657066   0.00636351782
 232     1      50               0    0.0083939494   0.00647393935     0.241410913     0.117753015   0.00604083854   0.00436534215
          wgpu 1d 139g 261c x3w 6ms | egraph 27g->115v+0snap 15ms | graft 12 (-24n, 0 snap) cpu 0 | f64 20 | gen 0.2s | dropped inexpr 1 oversz 0 unbuild 0 {}
 233     0     100               0    0.0114588888   0.00943729656     0.411202281      0.12218827   0.00824657066   0.00636351782
 233     1      50               0   0.00839394835   0.00647393833     0.241410848     0.117753005   0.00604083779   0.00436534146
          wgpu 1d 114g 248c x3w 9ms | egraph 19g->102v+0snap 9ms | graft 4 (-7n, 0 snap) cpu 0 | f64 20 | gen 0.2s | dropped inexpr 1 oversz 0 unbuild 0 {}
 234     0     100               0    0.0114588888   0.00943729656     0.411202281      0.12218827   0.00824657066   0.00636351782
 234     1      50               0    0.0083939505   0.00647393996     0.241411197     0.117753011   0.00604083933   0.00436534256
          wgpu 1d 112g 257c x3w 5ms | egraph 24g->111v+0snap 13ms | graft 4 (-20n, 0 snap) cpu 0 | f64 20 | gen 0.2s
 235     0     100               0    0.0114588888   0.00943729656     0.411202281      0.12218827   0.00824657066   0.00636351782
 235     1      50               0    0.0083939505   0.00647393996     0.241411197     0.117753011   0.00604083933   0.00436534256
          wgpu 1d 133g 252c x3w 8ms | egraph 27g->106v+0snap 15ms | graft 6 (-21n, 0 snap) cpu 0 | f64 20 | gen 0.2s
 236     0     100               0   0.00899737401   0.00709849007     0.229081098     0.121015898   0.00647510261   0.00478647331
 236     1      50               0    0.0083939505   0.00647393996     0.241411197     0.117753011   0.00604083933   0.00436534256
          wgpu 1d 150g 256c x3w 23ms | egraph 38g->110v+0snap 19ms | graft 6 (-27n, 0 snap) cpu 0 | f64 20 | gen 0.3s | dropped inexpr 1 oversz 0 unbuild 0 {}
 237     0     100               0    0.0114588888   0.00943729656     0.411202281      0.12218827   0.00824657066   0.00636351782
 237     1      50               0    0.0083939494   0.00647393935     0.241410913     0.117753015   0.00604083854   0.00436534215
          wgpu 1d 145g 244c x3w 17ms | egraph 34g->98v+0snap 17ms | graft 13 (-53n, 0 snap) cpu 0 | f64 20 | gen 0.2s
 238     0     100               0   0.00899737401   0.00709849007     0.229081098     0.121015898   0.00647510261   0.00478647331
 238     1      50               0    0.0083939505   0.00647393996     0.241411197     0.117753011   0.00604083933   0.00436534256
          wgpu 1d 144g 259c x3w 32ms | egraph 37g->113v+0snap 19ms | graft 8 (-34n, 0 snap) cpu 0 | f64 20 | gen 0.3s
 239     0     100               0    0.0114588888   0.00943729656     0.411202281      0.12218827   0.00824657066   0.00636351782
 239     1      50               0    0.0083939505   0.00647393996     0.241411197     0.117753011   0.00604083933   0.00436534256
          wgpu 1d 145g 260c x3w 18ms | egraph 36g->114v+0snap 20ms | graft 14 (-39n, 0 snap) cpu 0 | f64 20 | gen 0.3s
 240     0     100               0   0.00899737401   0.00709849007     0.229081098     0.121015898   0.00647510261   0.00478647331
 240     1      50               0    0.0083939505   0.00647393996     0.241411197     0.117753011   0.00604083933   0.00436534256
          wgpu 1d 174g 254c x3w 7ms | egraph 46g->108v+0snap 22ms | graft 11 (-34n, 0 snap) cpu 0 | f64 20 | gen 0.3s | dropped inexpr 2 oversz 0 unbuild 0 {}
--------- pump migration: intra (promote-2 + intake-reset) + cross ---------
 241     0     100               0    0.0114588888   0.00943729656     0.411202281      0.12218827   0.00824657066   0.00636351782
 241     1      50               0   0.00839394835   0.00647393833     0.241410848     0.117753005   0.00604083779   0.00436534146
          wgpu 2d 368g 458c x3w 17ms | egraph 105g->232v+0snap 90ms | graft 26 (-83n, 0 snap) cpu 0 | f64 30 | gen 0.3s | dropped inexpr 5 oversz 0 unbuild 0 {}
 242     0     100               0   0.00899737401   0.00709849007     0.229081098     0.121015898   0.00647510261   0.00478647331
 242     1      50               0   0.00839394835   0.00647393833     0.241410848     0.117753005   0.00604083779   0.00436534146
          wgpu 1d 151g 268c x3w 21ms | egraph 32g->122v+0snap 16ms | graft 5 (-19n, 0 snap) cpu 0 | f64 20 | gen 0.3s
 243     0     100               0   0.00899737401   0.00709849007     0.229081098     0.121015898   0.00647510261   0.00478647331
 243     1      50               0   0.00839394835   0.00647393833     0.241410848     0.117753005   0.00604083779   0.00436534146
          wgpu 1d 172g 267c x3w 12ms | egraph 40g->121v+0snap 16ms | graft 8 (-32n, 0 snap) cpu 0 | f64 20 | gen 0.3s | dropped inexpr 1 oversz 0 unbuild 0 {}
 244     0     100               0   0.00899737401   0.00709849007     0.229081098     0.121015898   0.00647510261   0.00478647331
 244     1      50               0    0.0083939505   0.00647393996     0.241411197     0.117753011   0.00604083933   0.00436534256
          wgpu 1d 187g 276c x3w 8ms | egraph 42g->130v+0snap 17ms | graft 17 (-53n, 0 snap) cpu 0 | f64 20 | gen 0.3s
 245     0     100               0   0.00899737401   0.00709849007     0.229081098     0.121015898   0.00647510261   0.00478647331
 245     1      50               0    0.0083939505   0.00647393996     0.241411197     0.117753011   0.00604083933   0.00436534256
          wgpu 1d 168g 275c x3w 7ms | egraph 39g->129v+0snap 16ms | graft 24 (-91n, 0 snap) cpu 0 | f64 20 | gen 0.3s
 246     0     100               0   0.00899737401   0.00709849007     0.229081098     0.121015898   0.00647510261   0.00478647331
 246     1      50               0   0.00839394835   0.00647393833     0.241410848     0.117753005   0.00604083779   0.00436534146
          wgpu 1d 176g 280c x3w 6ms | egraph 42g->134v+0snap 37ms | graft 12 (-36n, 0 snap) cpu 0 | f64 20 | gen 0.4s | dropped inexpr 1 oversz 0 unbuild 0 {}
 247     0     100               0   0.00899737401   0.00709849007     0.229081098     0.121015898   0.00647510261   0.00478647331
 247     1      50               0    0.0083939505   0.00647393996     0.241411197     0.117753011   0.00604083933   0.00436534256
          wgpu 1d 151g 246c x3w 5ms | egraph 32g->100v+0snap 12ms | graft 7 (-20n, 0 snap) cpu 0 | f64 20 | gen 0.3s
 248     0     100               0   0.00899737401   0.00709849007     0.229081098     0.121015898   0.00647510261   0.00478647331
 248     1      50               0    0.0083939505   0.00647393996     0.241411197     0.117753011   0.00604083933   0.00436534256
          wgpu 1d 175g 265c x3w 6ms | egraph 37g->119v+0snap 15ms | graft 15 (-50n, 0 snap) cpu 0 | f64 20 | gen 0.2s | dropped inexpr 1 oversz 0 unbuild 0 {}
 249     0     100               0   0.00899737401   0.00709849007     0.229081098     0.121015898   0.00647510261   0.00478647331
 249     1      50               0    0.0083939505   0.00647393996     0.241411197     0.117753011   0.00604083933   0.00436534256
          wgpu 1d 144g 240c x3w 11ms | egraph 24g->94v+0snap 13ms | graft 13 (-45n, 0 snap) cpu 0 | f64 20 | gen 0.3s
 250     0     100               0   0.00899737401   0.00709849007     0.229081098     0.121015898   0.00647510261   0.00478647331
 250     1      50               0   0.00839394886   0.00647393825     0.241410825     0.117753007   0.00604083816    0.0043653414
          wgpu 1d 142g 257c x3w 10ms | egraph 22g->111v+0snap 18ms | graft 9 (-24n, 0 snap) cpu 0 | f64 20 | gen 0.3s
--------- pump migration: intra (promote-2 + intake-reset) ---------
 251     0     100               0   0.00899737401   0.00709849007     0.229081098     0.121015898   0.00647510261   0.00478647331
 251     1      50               0    0.0083939505   0.00647393996     0.241411197     0.117753011   0.00604083933   0.00436534256
          wgpu 2d 364g 440c x3w 58ms | egraph 92g->214v+0snap 62ms | graft 29 (-86n, 0 snap) cpu 0 | f64 30 | gen 0.2s | dropped inexpr 4 oversz 0 unbuild 0 {}
 252     0     100               0   0.00899737401   0.00709849007     0.229081098     0.121015898   0.00647510261   0.00478647331
 252     1      50               0    0.0083939505   0.00647393996     0.241411197     0.117753011   0.00604083933   0.00436534256
          wgpu 1d 165g 286c x3w 14ms | egraph 33g->140v+0snap 13ms | graft 14 (-50n, 0 snap) cpu 0 | f64 20 | gen 0.4s
 253     0     100               0   0.00899737401   0.00709849007     0.229081098     0.121015898   0.00647510261   0.00478647331
 253     1      50               0    0.0083939505   0.00647393996     0.241411197     0.117753011   0.00604083933   0.00436534256
          wgpu 1d 173g 286c x3w 10ms | egraph 37g->140v+0snap 21ms | graft 17 (-71n, 0 snap) cpu 0 | f64 20 | gen 0.3s
 254     0     100               0   0.00899737401   0.00709849007     0.229081098     0.121015898   0.00647510261   0.00478647331
 254     1      50               0    0.0083939505   0.00647393996     0.241411197     0.117753011   0.00604083933   0.00436534256
          wgpu 1d 153g 245c x3w 5ms | egraph 25g->99v+0snap 23ms | graft 16 (-61n, 0 snap) cpu 0 | f64 20 | gen 0.3s
 255     0     100               0   0.00899737401   0.00709849007     0.229081098     0.121015898   0.00647510261   0.00478647331
 255     1      50               0   0.00839394886   0.00647393825     0.241410825     0.117753007   0.00604083816    0.0043653414
          wgpu 1d 154g 257c x3w 10ms | egraph 24g->111v+0snap 14ms | graft 15 (-46n, 0 snap) cpu 0 | f64 20 | gen 0.3s
 256     0     100               0   0.00899737401   0.00709849007     0.229081098     0.121015898   0.00647510261   0.00478647331
 256     1      50               0    0.0083939505   0.00647393996     0.241411197     0.117753011   0.00604083933   0.00436534256
          wgpu 1d 152g 245c x3w 5ms | egraph 19g->99v+0snap 10ms | graft 11 (-43n, 0 snap) cpu 0 | f64 20 | gen 0.3s
 257     0     100               0   0.00899737401   0.00709849007     0.229081098     0.121015898   0.00647510261   0.00478647331
 257     1      50               0   0.00839394886   0.00647393825     0.241410825     0.117753007   0.00604083816    0.0043653414
          wgpu 1d 148g 252c x3w 6ms | egraph 22g->106v+0snap 16ms | graft 12 (-46n, 0 snap) cpu 0 | f64 20 | gen 0.3s
 258     0     100               0   0.00899737401   0.00709849007     0.229081098     0.121015898   0.00647510261   0.00478647331
 258     1      50               0    0.0083939505   0.00647393996     0.241411197     0.117753011   0.00604083933   0.00436534256
          wgpu 1d 138g 248c x3w 26ms | egraph 21g->102v+0snap 13ms | graft 11 (-41n, 0 snap) cpu 0 | f64 20 | gen 0.3s
 259     0     100               0   0.00899737401   0.00709849007     0.229081098     0.121015898   0.00647510261   0.00478647331
 259     1      50               0   0.00839394886   0.00647393825     0.241410825     0.117753007   0.00604083816    0.0043653414
          wgpu 1d 123g 245c x3w 10ms | egraph 17g->99v+0snap 11ms | graft 9 (-28n, 0 snap) cpu 0 | f64 20 | gen 0.3s
 260     0     100               0   0.00899737401   0.00709849007     0.229081098     0.121015898   0.00647510261   0.00478647331
 260     1      50               0    0.0083939505   0.00647393996     0.241411197     0.117753011   0.00604083933   0.00436534256
          wgpu 1d 151g 251c x3w 5ms | egraph 26g->105v+0snap 52ms | graft 9 (-34n, 0 snap) cpu 0 | f64 20 | gen 0.3s
--------- pump migration: intra (promote-2 + intake-reset) ---------
 261     0     100               0    0.0114588888   0.00943729656     0.411202281      0.12218827   0.00824657066   0.00636351782
 261     1      50               0   0.00839394886   0.00647393825     0.241410825     0.117753007   0.00604083816    0.0043653414
          wgpu 2d 338g 407c x3w 15ms | egraph 93g->181v+0snap 45ms | graft 27 (-102n, 0 snap) cpu 0 | f64 30 | gen 0.6s | dropped inexpr 5 oversz 0 unbuild 0 {}
 262     0     100               0   0.00899737401   0.00709849007     0.229081098     0.121015898   0.00647510261   0.00478647331
 262     1      50               0   0.00839394886   0.00647393825     0.241410825     0.117753007   0.00604083816    0.0043653414
          wgpu 1d 166g 254c x3w 5ms | egraph 25g->108v+0snap 16ms | graft 12 (-25n, 0 snap) cpu 0 | f64 20 | gen 0.3s
 263     0     100               0   0.00899737401   0.00709849007     0.229081098     0.121015898   0.00647510261   0.00478647331
 263     1      50               0   0.00839394886   0.00647393825     0.241410825     0.117753007   0.00604083816    0.0043653414
          wgpu 1d 144g 253c x3w 5ms | egraph 21g->107v+0snap 45ms | graft 11 (-32n, 0 snap) cpu 0 | f64 20 | gen 0.3s
 264     0     100               0   0.00899737401   0.00709849007     0.229081098     0.121015898   0.00647510261   0.00478647331
 264     1      50               0   0.00839394886   0.00647393825     0.241410825     0.117753007   0.00604083816    0.0043653414
          wgpu 1d 151g 269c x3w 6ms | egraph 17g->123v+0snap 10ms | graft 7 (-26n, 0 snap) cpu 0 | f64 20 | gen 0.2s | dropped inexpr 1 oversz 0 unbuild 0 {}
 265     0     100               0   0.00899737401   0.00709849007     0.229081098     0.121015898   0.00647510261   0.00478647331
 265     1      50               0   0.00839394886   0.00647393825     0.241410825     0.117753007   0.00604083816    0.0043653414
          wgpu 1d 154g 242c x3w 14ms | egraph 21g->96v+0snap 25ms | graft 7 (-21n, 0 snap) cpu 0 | f64 20 | gen 0.3s
 266     0     100               0   0.00899737401   0.00709849007     0.229081098     0.121015898   0.00647510261   0.00478647331
 266     1      50               0    0.0083939505   0.00647393996     0.241411197     0.117753011   0.00604083933   0.00436534256
          wgpu 1d 153g 260c x3w 14ms | egraph 19g->114v+0snap 11ms | graft 14 (-36n, 0 snap) cpu 0 | f64 20 | gen 0.3s
 267     0     100               0   0.00899737401   0.00709849007     0.229081098     0.121015898   0.00647510261   0.00478647331
 267     1      50               0   0.00839394886   0.00647393825     0.241410825     0.117753007   0.00604083816    0.0043653414
          wgpu 1d 123g 240c x3w 5ms | egraph 22g->94v+0snap 12ms | graft 9 (-34n, 0 snap) cpu 0 | f64 20 | gen 0.2s
 268     0     100               0   0.00899737401   0.00709849007     0.229081098     0.121015898   0.00647510261   0.00478647331
 268     1      50               0    0.0083939505   0.00647393996     0.241411197     0.117753011   0.00604083933   0.00436534256
          wgpu 1d 156g 253c x3w 7ms | egraph 22g->107v+0snap 29ms | graft 13 (-39n, 0 snap) cpu 0 | f64 20 | gen 0.3s
 269     0     100               0   0.00899737401   0.00709849007     0.229081098     0.121015898   0.00647510261   0.00478647331
 269     1      50               0    0.0083939505   0.00647393996     0.241411197     0.117753011   0.00604083933   0.00436534256
          wgpu 1d 149g 250c x3w 25ms | egraph 22g->104v+0snap 28ms | graft 13 (-36n, 0 snap) cpu 0 | f64 20 | gen 0.3s
 270     0     100               0   0.00899737401   0.00709849007     0.229081098     0.121015898   0.00647510261   0.00478647331
 270     1      50               0    0.0083939505   0.00647393996     0.241411197     0.117753011   0.00604083933   0.00436534256
          wgpu 1d 152g 244c x3w 5ms | egraph 31g->98v+0snap 18ms | graft 10 (-29n, 0 snap) cpu 0 | f64 20 | gen 0.3s | dropped inexpr 1 oversz 0 unbuild 0 {}
--------- pump migration: intra (promote-2 + intake-reset) + cross ---------
 271     0     100               0   0.00899737401   0.00709849007     0.229081098     0.121015898   0.00647510261   0.00478647331
 271     1      50               0   0.00839394886   0.00647393825     0.241410825     0.117753007   0.00604083816    0.0043653414
          wgpu 2d 341g 393c x3w 30ms | egraph 98g->167v+0snap 66ms | graft 27 (-71n, 0 snap) cpu 0 | f64 30 | gen 0.3s | dropped inexpr 2 oversz 0 unbuild 0 {}
 272     0     100               0   0.00899737401   0.00709849007     0.229081098     0.121015898   0.00647510261   0.00478647331
 272     1      50               0   0.00839394886   0.00647393825     0.241410825     0.117753007   0.00604083816    0.0043653414
          wgpu 1d 163g 257c x3w 14ms | egraph 22g->111v+0snap 31ms | graft 12 (-44n, 0 snap) cpu 0 | f64 20 | gen 0.3s | dropped inexpr 1 oversz 0 unbuild 0 {}
 273     0     100               0   0.00899737401   0.00709849007     0.229081098     0.121015898   0.00647510261   0.00478647331
 273     1      50               0   0.00839394886   0.00647393825     0.241410825     0.117753007   0.00604083816    0.0043653414
          wgpu 1d 174g 266c x3w 5ms | egraph 26g->120v+0snap 16ms | graft 8 (-20n, 0 snap) cpu 0 | f64 20 | gen 0.3s
 274     0     100               0   0.00899737401   0.00709849007     0.229081098     0.121015898   0.00647510261   0.00478647331
 274     1      50               0   0.00839394886   0.00647393825     0.241410825     0.117753007   0.00604083816    0.0043653414
          wgpu 1d 157g 279c x3w 5ms | egraph 25g->133v+0snap 15ms | graft 16 (-56n, 0 snap) cpu 0 | f64 20 | gen 0.3s
 275     0     100               0   0.00899737401   0.00709849007     0.229081098     0.121015898   0.00647510261   0.00478647331
 275     1      50               0   0.00839394886   0.00647393825     0.241410825     0.117753007   0.00604083816    0.0043653414
          wgpu 1d 140g 245c x3w 5ms | egraph 21g->99v+0snap 24ms | graft 6 (-12n, 0 snap) cpu 0 | f64 20 | gen 0.3s | dropped inexpr 1 oversz 0 unbuild 0 {}
 276     0     100               0   0.00899737401   0.00709849007     0.229081098     0.121015898   0.00647510261   0.00478647331
 276     1      50               0   0.00839394886   0.00647393825     0.241410825     0.117753007   0.00604083816    0.0043653414
          wgpu 1d 150g 265c x3w 6ms | egraph 24g->119v+0snap 24ms | graft 13 (-65n, 0 snap) cpu 0 | f64 20 | gen 0.3s | dropped inexpr 1 oversz 0 unbuild 0 {}
 277     0     100               0   0.00899737401   0.00709849007     0.229081098     0.121015898   0.00647510261   0.00478647331
 277     1      50               0   0.00839394886   0.00647393825     0.241410825     0.117753007   0.00604083816    0.0043653414
          wgpu 1d 147g 265c x3w 17ms | egraph 18g->119v+0snap 8ms | graft 10 (-33n, 0 snap) cpu 0 | f64 20 | gen 0.3s
 278     0     100               0   0.00899737401   0.00709849007     0.229081098     0.121015898   0.00647510261   0.00478647331
 278     1      50               0   0.00839394886   0.00647393825     0.241410825     0.117753007   0.00604083816    0.0043653414
          wgpu 1d 159g 258c x3w 22ms | egraph 24g->112v+0snap 14ms | graft 14 (-43n, 0 snap) cpu 0 | f64 20 | gen 0.3s
 279     0     100               0   0.00899737401   0.00709849007     0.229081098     0.121015898   0.00647510261   0.00478647331
 279     1      50               0   0.00839394886   0.00647393825     0.241410825     0.117753007   0.00604083816    0.0043653414
          wgpu 1d 145g 257c x3w 33ms | egraph 16g->111v+0snap 7ms | graft 11 (-42n, 0 snap) cpu 0 | f64 20 | gen 0.3s
 280     0     100               0   0.00899737401   0.00709849007     0.229081098     0.121015898   0.00647510261   0.00478647331
 280     1      50               0   0.00839394886   0.00647393825     0.241410825     0.117753007   0.00604083816    0.0043653414
          wgpu 1d 150g 255c x3w 8ms | egraph 18g->109v+0snap 23ms | graft 14 (-62n, 0 snap) cpu 0 | f64 20 | gen 0.3s
--------- pump migration: intra (promote-2 + intake-reset) ---------
 281     0     100               0   0.00899737401   0.00709849007     0.229081098     0.121015898   0.00647510261   0.00478647331
 281     1      50               0   0.00839394886   0.00647393825     0.241410825     0.117753007   0.00604083816    0.0043653414
          wgpu 2d 364g 414c x3w 12ms | egraph 95g->188v+0snap 60ms | graft 25 (-93n, 0 snap) cpu 0 | f64 30 | gen 0.3s | dropped inexpr 2 oversz 0 unbuild 0 {}
 282     0     100               0   0.00899737401   0.00709849007     0.229081098     0.121015898   0.00647510261   0.00478647331
 282     1      50               0   0.00839394886   0.00647393825     0.241410825     0.117753007   0.00604083816    0.0043653414
          wgpu 1d 149g 247c x3w 6ms | egraph 25g->101v+0snap 13ms | graft 9 (-21n, 0 snap) cpu 0 | f64 20 | gen 0.3s
 283     0     100               0   0.00899737401   0.00709849007     0.229081098     0.121015898   0.00647510261   0.00478647331
 283     1      50               0   0.00839394886   0.00647393825     0.241410825     0.117753007   0.00604083816    0.0043653414
          wgpu 1d 170g 261c x3w 6ms | egraph 18g->115v+0snap 22ms | graft 10 (-41n, 0 snap) cpu 0 | f64 20 | gen 0.3s
 284     0     100               0   0.00899737401   0.00709849007     0.229081098     0.121015898   0.00647510261   0.00478647331
 284     1      50               0   0.00839394886   0.00647393825     0.241410825     0.117753007   0.00604083816    0.0043653414
          wgpu 1d 136g 242c x3w 6ms | egraph 14g->96v+0snap 8ms | graft 8 (-24n, 0 snap) cpu 0 | f64 20 | gen 0.2s
 285     0     100               0   0.00899737401   0.00709849007     0.229081098     0.121015898   0.00647510261   0.00478647331
 285     1      50               0    0.0083939505   0.00647393996     0.241411197     0.117753011   0.00604083933   0.00436534256
          wgpu 1d 137g 244c x3w 12ms | egraph 21g->98v+0snap 8ms | graft 8 (-22n, 0 snap) cpu 0 | f64 20 | gen 0.3s
 286     0     100               0   0.00899737401   0.00709849007     0.229081098     0.121015898   0.00647510261   0.00478647331
 286     1      50               0    0.0083939505   0.00647393996     0.241411197     0.117753011   0.00604083933   0.00436534256
          wgpu 1d 138g 247c x3w 18ms | egraph 17g->101v+0snap 8ms | graft 10 (-27n, 0 snap) cpu 0 | f64 20 | gen 0.3s
 287     0     100               0   0.00899737401   0.00709849007     0.229081098     0.121015898   0.00647510261   0.00478647331
 287     1      50               0   0.00839394886   0.00647393825     0.241410825     0.117753007   0.00604083816    0.0043653414
          wgpu 1d 139g 236c x3w 5ms | egraph 20g->90v+0snap 18ms | graft 6 (-13n, 0 snap) cpu 0 | f64 20 | gen 0.2s
 288     0     100               0   0.00899737401   0.00709849007     0.229081098     0.121015898   0.00647510261   0.00478647331
 288     1      50               0    0.0083939505   0.00647393996     0.241411197     0.117753011   0.00604083933   0.00436534256
          wgpu 1d 148g 252c x3w 9ms | egraph 19g->106v+0snap 32ms | graft 13 (-53n, 0 snap) cpu 0 | f64 20 | gen 0.3s
 289     0     100               0   0.00899737401   0.00709849007     0.229081098     0.121015898   0.00647510261   0.00478647331
 289     1      50               0   0.00839394886   0.00647393825     0.241410825     0.117753007   0.00604083816    0.0043653414
          wgpu 1d 159g 246c x3w 14ms | egraph 26g->100v+0snap 14ms | graft 9 (-26n, 0 snap) cpu 0 | f64 20 | gen 0.3s
 290     0     100               0   0.00899737401   0.00709849007     0.229081098     0.121015898   0.00647510261   0.00478647331
 290     1      50               0   0.00839394886   0.00647393825     0.241410825     0.117753007   0.00604083816    0.0043653414
          wgpu 1d 111g 235c x3w 7ms | egraph 11g->89v+0snap 9ms | graft 7 (-27n, 0 snap) cpu 0 | f64 20 | gen 0.2s
--------- pump migration: intra (promote-2 + intake-reset) ---------
 291     0     100               0   0.00899737401   0.00709849007     0.229081098     0.121015898   0.00647510261   0.00478647331
 291     1      50               0    0.0083939505   0.00647393996     0.241411197     0.117753011   0.00604083933   0.00436534256
          wgpu 2d 335g 381c x3w 15ms | egraph 100g->155v+0snap 45ms | graft 26 (-76n, 0 snap) cpu 0 | f64 30 | gen 0.4s | dropped inexpr 3 oversz 0 unbuild 0 {}
 292     0     100               0   0.00899737401   0.00709849007     0.229081098     0.121015898   0.00647510261   0.00478647331
 292     1      50               0   0.00839394886   0.00647393825     0.241410825     0.117753007   0.00604083816    0.0043653414
          wgpu 1d 140g 252c x3w 5ms | egraph 17g->106v+0snap 8ms | graft 12 (-45n, 0 snap) cpu 0 | f64 20 | gen 0.2s | dropped inexpr 1 oversz 0 unbuild 0 {}
 293     0     100               0   0.00899737401   0.00709849007     0.229081098     0.121015898   0.00647510261   0.00478647331
 293     1      50               0    0.0083939505   0.00647393996     0.241411197     0.117753011   0.00604083933   0.00436534256
          wgpu 1d 136g 260c x3w 4ms | egraph 15g->114v+0snap 7ms | graft 11 (-37n, 0 snap) cpu 0 | f64 20 | gen 0.2s | dropped inexpr 1 oversz 0 unbuild 0 {}
 294     0     100               0   0.00899737401   0.00709849007     0.229081098     0.121015898   0.00647510261   0.00478647331
 294     1      50               0    0.0083939505   0.00647393996     0.241411197     0.117753011   0.00604083933   0.00436534256
          wgpu 1d 137g 250c x3w 5ms | egraph 19g->104v+0snap 28ms | graft 5 (-19n, 0 snap) cpu 0 | f64 20 | gen 0.3s
 295     0     100               0   0.00899737401   0.00709849007     0.229081098     0.121015898   0.00647510261   0.00478647331
 295     1      50               0    0.0083939505   0.00647393996     0.241411197     0.117753011   0.00604083933   0.00436534256
          wgpu 1d 136g 245c x3w 4ms | egraph 17g->99v+0snap 7ms | graft 5 (-16n, 0 snap) cpu 0 | f64 20 | gen 0.2s | dropped inexpr 1 oversz 0 unbuild 0 {}
 296     0     100               0   0.00899737401   0.00709849007     0.229081098     0.121015898   0.00647510261   0.00478647331
 296     1      50               0    0.0083939505   0.00647393996     0.241411197     0.117753011   0.00604083933   0.00436534256
          wgpu 1d 148g 246c x3w 11ms | egraph 18g->100v+0snap 8ms | graft 11 (-46n, 0 snap) cpu 0 | f64 20 | gen 0.2s
 297     0     100               0   0.00899737401   0.00709849007     0.229081098     0.121015898   0.00647510261   0.00478647331
 297     1      50               0   0.00839394886   0.00647393825     0.241410825     0.117753007   0.00604083816    0.0043653414
          wgpu 1d 148g 241c x3w 5ms | egraph 19g->95v+0snap 8ms | graft 13 (-30n, 0 snap) cpu 0 | f64 20 | gen 0.2s
 298     0     100               0   0.00899737401   0.00709849007     0.229081098     0.121015898   0.00647510261   0.00478647331
 298     1      50               0    0.0083939505   0.00647393996     0.241411197     0.117753011   0.00604083933   0.00436534256
          wgpu 1d 129g 231c x3w 5ms | egraph 21g->85v+0snap 8ms | graft 3 (-7n, 0 snap) cpu 0 | f64 20 | gen 0.3s | dropped inexpr 1 oversz 0 unbuild 0 {}
 299     0     100               0   0.00899737401   0.00709849007     0.229081098     0.121015898   0.00647510261   0.00478647331
 299     1      50               0   0.00839394886   0.00647393825     0.241410825     0.117753007   0.00604083816    0.0043653414
          wgpu 1d 155g 248c x3w 5ms | egraph 18g->102v+0snap 8ms | graft 7 (-26n, 0 snap) cpu 0 | f64 20 | gen 0.3s
 300     0     100               0   0.00899737401   0.00709849007     0.229081098     0.121015898   0.00647510261   0.00478647331
 300     1      50               0    0.0083939505   0.00647393996     0.241411197     0.117753011   0.00604083933   0.00436534256
          wgpu 1d 138g 247c x3w 6ms | egraph 13g->101v+0snap 7ms | graft 11 (-38n, 0 snap) cpu 0 | f64 20 | gen 0.3s
--------- pump migration: intra (promote-2 + intake-reset) + cross ---------
 301     0     100               0   0.00899737401   0.00709849007     0.229081098     0.121015898   0.00647510261   0.00478647331
 301     1      50               0   0.00839394886   0.00647393825     0.241410825     0.117753007   0.00604083816    0.0043653414
          wgpu 2d 331g 391c x3w 23ms | egraph 83g->165v+0snap 76ms | graft 29 (-97n, 0 snap) cpu 0 | f64 30 | gen 0.3s | dropped inexpr 2 oversz 0 unbuild 0 {}
 302     0     100               0   0.00899737401   0.00709849007     0.229081098     0.121015898   0.00647510261   0.00478647331
 302     1      50               0   0.00839394886   0.00647393825     0.241410825     0.117753007   0.00604083816    0.0043653414
          wgpu 1d 143g 245c x3w 5ms | egraph 20g->99v+0snap 22ms | graft 7 (-23n, 0 snap) cpu 0 | f64 20 | gen 0.3s
 303     0     100               0   0.00899737401   0.00709849007     0.229081098     0.121015898   0.00647510261   0.00478647331
 303     1      50               0    0.0083939505   0.00647393996     0.241411197     0.117753011   0.00604083933   0.00436534256
          wgpu 1d 166g 257c x3w 36ms | egraph 28g->111v+0snap 11ms | graft 17 (-58n, 0 snap) cpu 0 | f64 20 | gen 0.3s
 304     0     100               0   0.00899737401   0.00709849007     0.229081098     0.121015898   0.00647510261   0.00478647331
 304     1      50               0    0.0083939505   0.00647393996     0.241411197     0.117753011   0.00604083933   0.00436534256
          wgpu 1d 152g 257c x3w 22ms | egraph 24g->111v+0snap 29ms | graft 16 (-64n, 0 snap) cpu 0 | f64 20 | gen 0.3s | dropped inexpr 1 oversz 0 unbuild 0 {}
 305     0     100               0   0.00899737401   0.00709849007     0.229081098     0.121015898   0.00647510261   0.00478647331
 305     1      50               0    0.0083939505   0.00647393996     0.241411197     0.117753011   0.00604083933   0.00436534256
          wgpu 1d 151g 249c x3w 4ms | egraph 18g->103v+0snap 8ms | graft 10 (-20n, 0 snap) cpu 0 | f64 20 | gen 0.3s
 306     0     100               0   0.00899737401   0.00709849007     0.229081098     0.121015898   0.00647510261   0.00478647331
 306     1      50               0    0.0083939505   0.00647393996     0.241411197     0.117753011   0.00604083933   0.00436534256
          wgpu 1d 124g 240c x3w 5ms | egraph 22g->94v+0snap 19ms | graft 3 (-9n, 0 snap) cpu 0 | f64 20 | gen 0.2s
 307     0     100               0   0.00899737401   0.00709849007     0.229081098     0.121015898   0.00647510261   0.00478647331
 307     1      50               0    0.0083939505   0.00647393996     0.241411197     0.117753011   0.00604083933   0.00436534256
          wgpu 1d 161g 254c x3w 11ms | egraph 20g->108v+0snap 8ms | graft 7 (-27n, 0 snap) cpu 0 | f64 20 | gen 0.2s
 308     0     100               0   0.00899737401   0.00709849007     0.229081098     0.121015898   0.00647510261   0.00478647331
 308     1      50               0    0.0083939505   0.00647393996     0.241411197     0.117753011   0.00604083933   0.00436534256
          wgpu 1d 135g 231c x3w 4ms | egraph 20g->85v+0snap 8ms | graft 7 (-20n, 0 snap) cpu 0 | f64 20 | gen 0.2s
 309     0     100               0   0.00899737401   0.00709849007     0.229081098     0.121015898   0.00647510261   0.00478647331
 309     1      50               0    0.0083939505   0.00647393996     0.241411197     0.117753011   0.00604083933   0.00436534256
          wgpu 1d 167g 257c x3w 6ms | egraph 26g->111v+0snap 9ms | graft 16 (-65n, 0 snap) cpu 0 | f64 20 | gen 0.2s
 310     0     100               0   0.00899737401   0.00709849007     0.229081098     0.121015898   0.00647510261   0.00478647331
 310     1      50               0   0.00839394886   0.00647393825     0.241410825     0.117753007   0.00604083816    0.0043653414
          wgpu 1d 136g 241c x3w 5ms | egraph 19g->95v+0snap 14ms | graft 11 (-38n, 0 snap) cpu 0 | f64 20 | gen 0.3s
--------- pump migration: intra (promote-2 + intake-reset) ---------
 311     0     100               0   0.00899737401   0.00709849007     0.229081098     0.121015898   0.00647510261   0.00478647331
 311     1      50               0    0.0083939505   0.00647393996     0.241411197     0.117753011   0.00604083933   0.00436534256
          wgpu 2d 363g 408c x3w 14ms | egraph 103g->182v+0snap 67ms | graft 27 (-101n, 0 snap) cpu 0 | f64 30 | gen 0.3s | dropped inexpr 2 oversz 0 unbuild 0 {}
 312     0     100               0   0.00899737401   0.00709849007     0.229081098     0.121015898   0.00647510261   0.00478647331
 312     1      50               0   0.00839394886   0.00647393825     0.241410825     0.117753007   0.00604083816    0.0043653414
          wgpu 1d 132g 249c x3w 4ms | egraph 21g->103v+0snap 7ms | graft 10 (-34n, 0 snap) cpu 0 | f64 20 | gen 0.2s
 313     0     100               0   0.00899737401   0.00709849007     0.229081098     0.121015898   0.00647510261   0.00478647331
 313     1      50               0   0.00839394886   0.00647393825     0.241410825     0.117753007   0.00604083816    0.0043653414
          wgpu 1d 151g 256c x3w 5ms | egraph 19g->110v+0snap 15ms | graft 8 (-26n, 0 snap) cpu 0 | f64 20 | gen 0.4s
 314     0     100               0   0.00899737401   0.00709849007     0.229081098     0.121015898   0.00647510261   0.00478647331
 314     1      50               0   0.00839394886   0.00647393825     0.241410825     0.117753007   0.00604083816    0.0043653414
          wgpu 1d 161g 252c x3w 5ms | egraph 29g->106v+0snap 15ms | graft 10 (-43n, 0 snap) cpu 0 | f64 20 | gen 0.2s | dropped inexpr 1 oversz 0 unbuild 0 {}
 315     0     100               0   0.00899737401   0.00709849007     0.229081098     0.121015898   0.00647510261   0.00478647331
 315     1      50               0    0.0083939505   0.00647393996     0.241411197     0.117753011   0.00604083933   0.00436534256
          wgpu 1d 149g 234c x3w 5ms | egraph 19g->88v+0snap 8ms | graft 7 (-23n, 0 snap) cpu 0 | f64 20 | gen 0.2s
 316     0     100               0   0.00899737401   0.00709849007     0.229081098     0.121015898   0.00647510261   0.00478647331
 316     1      50               0    0.0083939505   0.00647393996     0.241411197     0.117753011   0.00604083933   0.00436534256
          wgpu 1d 155g 262c x3w 5ms | egraph 18g->116v+0snap 8ms | graft 11 (-42n, 0 snap) cpu 0 | f64 20 | gen 0.3s
 317     0     100               0   0.00899737401   0.00709849007     0.229081098     0.121015898   0.00647510261   0.00478647331
 317     1      50               0    0.0083939505   0.00647393996     0.241411197     0.117753011   0.00604083933   0.00436534256
          wgpu 1d 137g 246c x3w 5ms | egraph 16g->100v+0snap 7ms | graft 8 (-25n, 0 snap) cpu 0 | f64 20 | gen 0.2s
 318     0     100               0   0.00899737401   0.00709849007     0.229081098     0.121015898   0.00647510261   0.00478647331
 318     1      50               0   0.00839394886   0.00647393825     0.241410825     0.117753007   0.00604083816    0.0043653414
          wgpu 1d 171g 257c x3w 5ms | egraph 19g->111v+0snap 9ms | graft 16 (-56n, 0 snap) cpu 0 | f64 20 | gen 0.2s
 319     0     100               0   0.00899737401   0.00709849007     0.229081098     0.121015898   0.00647510261   0.00478647331
 319     1      50               0    0.0083939505   0.00647393996     0.241411197     0.117753011   0.00604083933   0.00436534256
          wgpu 1d 156g 259c x3w 6ms | egraph 26g->113v+0snap 10ms | graft 18 (-68n, 0 snap) cpu 0 | f64 20 | gen 0.3s
 320     0     100               0   0.00899737401   0.00709849007     0.229081098     0.121015898   0.00647510261   0.00478647331
 320     1      50               0   0.00839394886   0.00647393825     0.241410825     0.117753007   0.00604083816    0.0043653414
          wgpu 1d 139g 256c x3w 17ms | egraph 14g->110v+0snap 7ms | graft 7 (-30n, 0 snap) cpu 0 | f64 20 | gen 0.2s
--------- pump migration: intra (promote-2 + intake-reset) ---------
 321     0     100               0   0.00899737401   0.00709849007     0.229081098     0.121015898   0.00647510261   0.00478647331
 321     1      50               0   0.00839394886   0.00647393825     0.241410825     0.117753007   0.00604083816    0.0043653414
          wgpu 2d 380g 442c x3w 18ms | egraph 93g->216v+0snap 56ms | graft 32 (-135n, 0 snap) cpu 0 | f64 30 | gen 0.3s | dropped inexpr 2 oversz 0 unbuild 0 {}
 322     0     100               0   0.00899737401   0.00709849007     0.229081098     0.121015898   0.00647510261   0.00478647331
 322     1      50               0   0.00839394886   0.00647393825     0.241410825     0.117753007   0.00604083816    0.0043653414
          wgpu 1d 161g 268c x3w 5ms | egraph 19g->122v+0snap 7ms | graft 16 (-62n, 0 snap) cpu 0 | f64 20 | gen 0.3s
 323     0     100               0   0.00899737401   0.00709849007     0.229081098     0.121015898   0.00647510261   0.00478647331
 323     1      50               0   0.00839394886   0.00647393825     0.241410825     0.117753007   0.00604083816    0.0043653414
          wgpu 1d 168g 270c x3w 5ms | egraph 27g->124v+0snap 18ms | graft 13 (-53n, 0 snap) cpu 0 | f64 20 | gen 0.2s | dropped inexpr 1 oversz 0 unbuild 0 {}
 324     0     100               0   0.00899737401   0.00709849007     0.229081098     0.121015898   0.00647510261   0.00478647331
 324     1      50               0   0.00839394886   0.00647393825     0.241410825     0.117753007   0.00604083816    0.0043653414
          wgpu 1d 148g 233c x3w 11ms | egraph 21g->87v+0snap 24ms | graft 9 (-38n, 0 snap) cpu 0 | f64 20 | gen 0.2s
 325     0     100               0   0.00899737401   0.00709849007     0.229081098     0.121015898   0.00647510261   0.00478647331
 325     1      50               0   0.00839394886   0.00647393825     0.241410825     0.117753007   0.00604083816    0.0043653414
          wgpu 1d 150g 245c x3w 5ms | egraph 19g->99v+0snap 17ms | graft 6 (-20n, 0 snap) cpu 0 | f64 20 | gen 0.3s | dropped inexpr 1 oversz 0 unbuild 0 {}
 326     0     100               0   0.00899737401   0.00709849007     0.229081098     0.121015898   0.00647510261   0.00478647331
 326     1      50               0   0.00839394886   0.00647393825     0.241410825     0.117753007   0.00604083816    0.0043653414
          wgpu 1d 140g 232c x3w 5ms | egraph 18g->86v+0snap 10ms | graft 6 (-20n, 0 snap) cpu 0 | f64 20 | gen 0.5s
 327     0     100               0   0.00899737401   0.00709849007     0.229081098     0.121015898   0.00647510261   0.00478647331
 327     1      50               0   0.00839394886   0.00647393825     0.241410825     0.117753007   0.00604083816    0.0043653414
          wgpu 1d 144g 275c x3w 5ms | egraph 23g->129v+0snap 10ms | graft 18 (-53n, 0 snap) cpu 0 | f64 20 | gen 0.2s
 328     0     100               0   0.00899737401   0.00709849007     0.229081098     0.121015898   0.00647510261   0.00478647331
 328     1      50               0   0.00839394886   0.00647393825     0.241410825     0.117753007   0.00604083816    0.0043653414
          wgpu 1d 152g 265c x3w 16ms | egraph 19g->119v+0snap 7ms | graft 14 (-62n, 0 snap) cpu 0 | f64 20 | gen 0.2s
 329     0     100               0   0.00899737401   0.00709849007     0.229081098     0.121015898   0.00647510261   0.00478647331
 329     1      50               0   0.00839394886   0.00647393825     0.241410825     0.117753007   0.00604083816    0.0043653414
          wgpu 1d 164g 262c x3w 4ms | egraph 23g->116v+0snap 9ms | graft 17 (-63n, 0 snap) cpu 0 | f64 20 | gen 0.2s
 330     0     100               0   0.00899737401   0.00709849007     0.229081098     0.121015898   0.00647510261   0.00478647331
 330     1      50               0   0.00839394886   0.00647393825     0.241410825     0.117753007   0.00604083816    0.0043653414
          wgpu 1d 156g 262c x3w 5ms | egraph 23g->116v+0snap 28ms | graft 10 (-32n, 0 snap) cpu 0 | f64 20 | gen 0.2s | dropped inexpr 1 oversz 0 unbuild 0 {}
--------- pump migration: intra (promote-2 + intake-reset) + cross ---------
 331     0     100               0   0.00899737401   0.00709849007     0.229081098     0.121015898   0.00647510261   0.00478647331
 331     1      50               0   0.00839394886   0.00647393825     0.241410825     0.117753007   0.00604083816    0.0043653414
          wgpu 2d 351g 396c x3w 19ms | egraph 100g->170v+0snap 57ms | graft 33 (-99n, 0 snap) cpu 0 | f64 30 | gen 0.2s | dropped inexpr 1 oversz 0 unbuild 0 {}
 332     0     100               0   0.00899737401   0.00709849007     0.229081098     0.121015898   0.00647510261   0.00478647331
 332     1      50               0   0.00839394886   0.00647393825     0.241410825     0.117753007   0.00604083816    0.0043653414
          wgpu 1d 177g 285c x3w 6ms | egraph 29g->139v+0snap 20ms | graft 19 (-64n, 0 snap) cpu 0 | f64 20 | gen 0.2s
 333     0     100               0   0.00899737401   0.00709849007     0.229081098     0.121015898   0.00647510261   0.00478647331
 333     1      50               0   0.00839394886   0.00647393825     0.241410825     0.117753007   0.00604083816    0.0043653414
          wgpu 1d 152g 261c x3w 5ms | egraph 20g->115v+0snap 7ms | graft 11 (-56n, 0 snap) cpu 0 | f64 20 | gen 0.4s
 334     0     100               0   0.00899737401   0.00709849007     0.229081098     0.121015898   0.00647510261   0.00478647331
 334     1      50               0   0.00839394886   0.00647393825     0.241410825     0.117753007   0.00604083816    0.0043653414
          wgpu 1d 155g 245c x3w 4ms | egraph 26g->99v+0snap 10ms | graft 16 (-61n, 0 snap) cpu 0 | f64 20 | gen 0.3s
 335     0     100               0   0.00899737401   0.00709849007     0.229081098     0.121015898   0.00647510261   0.00478647331
 335     1      50               0   0.00839394886   0.00647393825     0.241410825     0.117753007   0.00604083816    0.0043653414
          wgpu 1d 135g 237c x3w 4ms | egraph 13g->91v+0snap 5ms | graft 9 (-29n, 0 snap) cpu 0 | f64 20 | gen 0.3s | dropped inexpr 1 oversz 0 unbuild 0 {}
 336     0     100               0   0.00899737401   0.00709849007     0.229081098     0.121015898   0.00647510261   0.00478647331
 336     1      50               0   0.00839394886   0.00647393825     0.241410825     0.117753007   0.00604083816    0.0043653414
          wgpu 1d 155g 244c x3w 5ms | egraph 25g->98v+0snap 7ms | graft 7 (-25n, 0 snap) cpu 0 | f64 20 | gen 0.3s
 337     0     100               0   0.00899737401   0.00709849007     0.229081098     0.121015898   0.00647510261   0.00478647331
 337     1      50               0    0.0083939505   0.00647393996     0.241411197     0.117753011   0.00604083933   0.00436534256
          wgpu 1d 150g 258c x3w 5ms | egraph 19g->112v+0snap 17ms | graft 10 (-31n, 0 snap) cpu 0 | f64 20 | gen 0.2s
 338     0     100               0   0.00899737401   0.00709849007     0.229081098     0.121015898   0.00647510261   0.00478647331
 338     1      50               0   0.00839394886   0.00647393825     0.241410825     0.117753007   0.00604083816    0.0043653414
          wgpu 1d 131g 250c x3w 8ms | egraph 19g->104v+0snap 7ms | graft 12 (-53n, 0 snap) cpu 0 | f64 20 | gen 0.2s
 339     0     100               0   0.00899737401   0.00709849007     0.229081098     0.121015898   0.00647510261   0.00478647331
 339     1      50               0    0.0083939505   0.00647393996     0.241411197     0.117753011   0.00604083933   0.00436534256
          wgpu 1d 142g 240c x3w 4ms | egraph 19g->94v+0snap 9ms | graft 11 (-38n, 0 snap) cpu 0 | f64 20 | gen 0.2s
 340     0     100               0   0.00899737401   0.00709849007     0.229081098     0.121015898   0.00647510261   0.00478647331
 340     1      50               0    0.0083939505   0.00647393996     0.241411197     0.117753011   0.00604083933   0.00436534256
          wgpu 1d 133g 260c x3w 17ms | egraph 16g->114v+0snap 9ms | graft 15 (-62n, 0 snap) cpu 0 | f64 20 | gen 0.2s
--------- pump migration: intra (promote-2 + intake-reset) ---------
 341     0     100               0   0.00899737401   0.00709849007     0.229081098     0.121015898   0.00647510261   0.00478647331
 341     1      50               0   0.00839394886   0.00647393825     0.241410825     0.117753007   0.00604083816    0.0043653414
          wgpu 2d 335g 403c x3w 9ms | egraph 84g->177v+0snap 28ms | graft 35 (-131n, 0 snap) cpu 0 | f64 30 | gen 0.2s | dropped inexpr 9 oversz 0 unbuild 0 {}
 342     0     100               0   0.00899737401   0.00709849007     0.229081098     0.121015898   0.00647510261   0.00478647331
 342     1      50               0    0.0083939505   0.00647393996     0.241411197     0.117753011   0.00604083933   0.00436534256
          wgpu 1d 138g 248c x3w 4ms | egraph 15g->102v+0snap 12ms | graft 5 (-15n, 0 snap) cpu 0 | f64 20 | gen 0.2s
 343     0     100               0   0.00899737401   0.00709849007     0.229081098     0.121015898   0.00647510261   0.00478647331
 343     1      50               0    0.0083939505   0.00647393996     0.241411197     0.117753011   0.00604083933   0.00436534256
          wgpu 1d 155g 254c x3w 4ms | egraph 24g->108v+0snap 12ms | graft 14 (-35n, 0 snap) cpu 0 | f64 20 | gen 0.2s
 344     0     100               0   0.00899737401   0.00709849007     0.229081098     0.121015898   0.00647510261   0.00478647331
 344     1      50               0    0.0083939505   0.00647393996     0.241411197     0.117753011   0.00604083933   0.00436534256
          wgpu 1d 155g 252c x3w 4ms | egraph 19g->106v+0snap 10ms | graft 12 (-46n, 0 snap) cpu 0 | f64 20 | gen 0.2s
 345     0     100               0   0.00899737401   0.00709849007     0.229081098     0.121015898   0.00647510261   0.00478647331
 345     1      50               0    0.0083939505   0.00647393996     0.241411197     0.117753011   0.00604083933   0.00436534256
          wgpu 1d 166g 256c x3w 5ms | egraph 16g->110v+0snap 9ms | graft 11 (-59n, 0 snap) cpu 0 | f64 20 | gen 0.5s
 346     0     100               0   0.00899737401   0.00709849007     0.229081098     0.121015898   0.00647510261   0.00478647331
 346     1      50               0    0.0083939494   0.00647393935     0.241410913     0.117753015   0.00604083854   0.00436534215
          wgpu 1d 165g 248c x3w 5ms | egraph 19g->102v+0snap 7ms | graft 11 (-42n, 0 snap) cpu 0 | f64 20 | gen 0.2s
 347     0     100               0   0.00899737401   0.00709849007     0.229081098     0.121015898   0.00647510261   0.00478647331
 347     1      50               0   0.00839394886   0.00647393825     0.241410825     0.117753007   0.00604083816    0.0043653414
          wgpu 1d 163g 262c x3w 4ms | egraph 25g->116v+0snap 14ms | graft 12 (-49n, 0 snap) cpu 0 | f64 20 | gen 0.6s
 348     0     100               0   0.00899737401   0.00709849007     0.229081098     0.121015898   0.00647510261   0.00478647331
 348     1      50               0    0.0083939505   0.00647393996     0.241411197     0.117753011   0.00604083933   0.00436534256
          wgpu 1d 157g 235c x3w 4ms | egraph 22g->89v+0snap 9ms | graft 10 (-26n, 0 snap) cpu 0 | f64 20 | gen 0.2s
 349     0     100               0   0.00899737401   0.00709849007     0.229081098     0.121015898   0.00647510261   0.00478647331
 349     1      50               0    0.0083939505   0.00647393996     0.241411197     0.117753011   0.00604083933   0.00436534256
          wgpu 1d 148g 260c x3w 4ms | egraph 17g->114v+0snap 11ms | graft 8 (-41n, 0 snap) cpu 0 | f64 20 | gen 0.4s | dropped inexpr 1 oversz 0 unbuild 0 {}
 350     0     100               0   0.00899737401   0.00709849007     0.229081098     0.121015898   0.00647510261   0.00478647331
 350     1      50               0   0.00839394886   0.00647393825     0.241410825     0.117753007   0.00604083816    0.0043653414
          wgpu 1d 122g 234c x3w 4ms | egraph 15g->88v+0snap 5ms | graft 5 (-11n, 0 snap) cpu 0 | f64 20 | gen 0.2s
--------- pump migration: intra (promote-2 + intake-reset) ---------
 351     0     100               0   0.00899737401   0.00709849007     0.229081098     0.121015898   0.00647510261   0.00478647331
 351     1      50               0    0.0083939494   0.00647393935     0.241410913     0.117753015   0.00604083854   0.00436534215
          wgpu 2d 312g 366c x3w 21ms | egraph 92g->140v+0snap 57ms | graft 25 (-76n, 0 snap) cpu 0 | f64 30 | gen 0.2s | dropped inexpr 1 oversz 0 unbuild 0 {}
 352     0     100               0    0.0114588888   0.00943729656     0.411202281      0.12218827   0.00824657066   0.00636351782
 352     1      50               0    0.0083939494   0.00647393935     0.241410913     0.117753015   0.00604083854   0.00436534215
          wgpu 1d 142g 250c x3w 4ms | egraph 27g->104v+0snap 12ms | graft 13 (-36n, 0 snap) cpu 0 | f64 20 | gen 0.5s
 353     0     100               0   0.00899737401   0.00709849007     0.229081098     0.121015898   0.00647510261   0.00478647331
 353     1      50               0    0.0083939494   0.00647393935     0.241410913     0.117753015   0.00604083854   0.00436534215
          wgpu 1d 139g 225c x3w 4ms | egraph 25g->79v+0snap 12ms | graft 10 (-44n, 0 snap) cpu 0 | f64 20 | gen 0.2s
 354     0     100               0   0.00899737401   0.00709849007     0.229081098     0.121015898   0.00647510261   0.00478647331
 354     1      50               0    0.0083939494   0.00647393935     0.241410913     0.117753015   0.00604083854   0.00436534215
          wgpu 1d 146g 253c x3w 5ms | egraph 22g->107v+0snap 7ms | graft 10 (-33n, 0 snap) cpu 0 | f64 20 | gen 0.2s
 355     0     100               0   0.00899737401   0.00709849007     0.229081098     0.121015898   0.00647510261   0.00478647331
 355     1      50               0    0.0083939494   0.00647393935     0.241410913     0.117753015   0.00604083854   0.00436534215
          wgpu 1d 147g 261c x3w 4ms | egraph 25g->115v+0snap 16ms | graft 12 (-42n, 0 snap) cpu 0 | f64 20 | gen 0.2s
 356     0     100               0   0.00899737401   0.00709849007     0.229081098     0.121015898   0.00647510261   0.00478647331
 356     1      50               0    0.0083939494   0.00647393935     0.241410913     0.117753015   0.00604083854   0.00436534215
          wgpu 1d 149g 262c x3w 23ms | egraph 15g->116v+0snap 5ms | graft 10 (-28n, 0 snap) cpu 0 | f64 20 | gen 0.3s
 357     0     100               0   0.00899737401   0.00709849007     0.229081098     0.121015898   0.00647510261   0.00478647331
 357     1      50               0    0.0083939494   0.00647393935     0.241410913     0.117753015   0.00604083854   0.00436534215
          wgpu 1d 161g 263c x3w 4ms | egraph 24g->117v+0snap 9ms | graft 11 (-30n, 0 snap) cpu 0 | f64 20 | gen 0.2s
 358     0     100               0   0.00899737401   0.00709849007     0.229081098     0.121015898   0.00647510261   0.00478647331
 358     1      50               0    0.0083939494   0.00647393935     0.241410913     0.117753015   0.00604083854   0.00436534215
          wgpu 1d 158g 270c x3w 5ms | egraph 26g->124v+0snap 12ms | graft 17 (-67n, 0 snap) cpu 0 | f64 20 | gen 0.2s
 359     0     100               0   0.00899737401   0.00709849007     0.229081098     0.121015898   0.00647510261   0.00478647331
 359     1      50               0    0.0083939494   0.00647393935     0.241410913     0.117753015   0.00604083854   0.00436534215
          wgpu 1d 171g 267c x3w 5ms | egraph 20g->121v+0snap 13ms | graft 12 (-40n, 0 snap) cpu 0 | f64 20 | gen 0.2s
 360     0     100               0   0.00899737401   0.00709849007     0.229081098     0.121015898   0.00647510261   0.00478647331
 360     1      50               0    0.0083939494   0.00647393935     0.241410913     0.117753015   0.00604083854   0.00436534215
          wgpu 1d 174g 271c x3w 4ms | egraph 23g->125v+0snap 8ms | graft 15 (-59n, 0 snap) cpu 0 | f64 20 | gen 0.3s
--------- pump migration: intra (promote-2 + intake-reset) + cross ---------
 361     0     100               0   0.00899737401   0.00709849007     0.229081098     0.121015898   0.00647510261   0.00478647331
 361     1      50               0    0.0083939494   0.00647393935     0.241410913     0.117753015   0.00604083854   0.00436534215
          wgpu 2d 323g 378c x3w 8ms | egraph 83g->152v+0snap 41ms | graft 33 (-168n, 0 snap) cpu 0 | f64 30 | gen 0.2s | dropped inexpr 1 oversz 0 unbuild 0 {}
 362     0     100               0   0.00899737401   0.00709849007     0.229081098     0.121015898   0.00647510261   0.00478647331
 362     1      50               0    0.0083939494   0.00647393935     0.241410913     0.117753015   0.00604083854   0.00436534215
          wgpu 1d 136g 257c x3w 4ms | egraph 18g->111v+0snap 6ms | graft 9 (-29n, 0 snap) cpu 0 | f64 20 | gen 0.2s
 363     0     100               0   0.00899737401   0.00709849007     0.229081098     0.121015898   0.00647510261   0.00478647331
 363     1      50               0    0.0083939494   0.00647393935     0.241410913     0.117753015   0.00604083854   0.00436534215
          wgpu 1d 158g 274c x3w 12ms | egraph 17g->127v+0snap 8ms | graft 12 (-55n, 0 snap) cpu 0 | f64 20 | gen 0.3s
 364     0     100               0   0.00899737401   0.00709849007     0.229081098     0.121015898   0.00647510261   0.00478647331
 364     1      50               0    0.0083939494   0.00647393935     0.241410913     0.117753015   0.00604083854   0.00436534215
          wgpu 1d 142g 243c x3w 6ms | egraph 16g->97v+0snap 7ms | graft 4 (-8n, 0 snap) cpu 0 | f64 20 | gen 0.3s
 365     0     100               0   0.00899737401   0.00709849007     0.229081098     0.121015898   0.00647510261   0.00478647331
 365     1      50               0    0.0083939505   0.00647393996     0.241411197     0.117753011   0.00604083933   0.00436534256
          wgpu 1d 141g 252c x3w 4ms | egraph 20g->106v+0snap 9ms | graft 7 (-30n, 0 snap) cpu 0 | f64 20 | gen 0.3s
 366     0     100               0   0.00899737401   0.00709849007     0.229081098     0.121015898   0.00647510261   0.00478647331
 366     1      50               0    0.0083939494   0.00647393935     0.241410913     0.117753015   0.00604083854   0.00436534215
          wgpu 1d 144g 242c x3w 4ms | egraph 20g->96v+0snap 10ms | graft 10 (-30n, 0 snap) cpu 0 | f64 20 | gen 0.2s
 367     0     100               0   0.00899737401   0.00709849007     0.229081098     0.121015898   0.00647510261   0.00478647331
 367     1      50               0    0.0083939494   0.00647393935     0.241410913     0.117753015   0.00604083854   0.00436534215
          wgpu 1d 136g 244c x3w 4ms | egraph 14g->98v+0snap 14ms | graft 5 (-11n, 0 snap) cpu 0 | f64 20 | gen 0.2s
 368     0     100               0   0.00899737401   0.00709849007     0.229081098     0.121015898   0.00647510261   0.00478647331
 368     1      50               0    0.0083939505   0.00647393996     0.241411197     0.117753011   0.00604083933   0.00436534256
          wgpu 1d 134g 248c x3w 4ms | egraph 14g->102v+0snap 7ms | graft 8 (-36n, 0 snap) cpu 0 | f64 20 | gen 0.2s | dropped inexpr 2 oversz 0 unbuild 0 {}
 369     0     100               0   0.00899737401   0.00709849007     0.229081098     0.121015898   0.00647510261   0.00478647331
 369     1      50               0    0.0083939494   0.00647393935     0.241410913     0.117753015   0.00604083854   0.00436534215
          wgpu 1d 132g 248c x3w 4ms | egraph 14g->102v+0snap 5ms | graft 13 (-40n, 0 snap) cpu 0 | f64 20 | gen 0.3s
 370     0     100               0   0.00899737401   0.00709849007     0.229081098     0.121015898   0.00647510261   0.00478647331
 370     1      50               0   0.00839394886   0.00647393825     0.241410825     0.117753007   0.00604083816    0.0043653414
          wgpu 1d 148g 245c x3w 8ms | egraph 13g->99v+0snap 4ms | graft 6 (-32n, 0 snap) cpu 0 | f64 20 | gen 0.2s
--------- pump migration: intra (promote-2 + intake-reset) ---------
 371     0     100               0   0.00899737401   0.00709849007     0.229081098     0.121015898   0.00647510261   0.00478647331
 371     1      50               0   0.00839394886   0.00647393825     0.241410825     0.117753007   0.00604083816    0.0043653414
          wgpu 2d 329g 368c x3w 8ms | egraph 90g->142v+0snap 35ms | graft 31 (-124n, 0 snap) cpu 0 | f64 30 | gen 0.3s | dropped inexpr 2 oversz 0 unbuild 0 {}
 372     0     100               0   0.00899737401   0.00709849007     0.229081098     0.121015898   0.00647510261   0.00478647331
 372     1      50               0   0.00839394886   0.00647393825     0.241410825     0.117753007   0.00604083816    0.0043653414
          wgpu 1d 168g 279c x3w 9ms | egraph 14g->133v+0snap 6ms | graft 10 (-38n, 0 snap) cpu 0 | f64 20 | gen 0.2s
 373     0     100               0   0.00899737401   0.00709849007     0.229081098     0.121015898   0.00647510261   0.00478647331
 373     1      50               0   0.00839394886   0.00647393825     0.241410825     0.117753007   0.00604083816    0.0043653414
          wgpu 1d 161g 276c x3w 12ms | egraph 11g->130v+0snap 4ms | graft 15 (-42n, 0 snap) cpu 0 | f64 20 | gen 0.3s
 374     0     100               0   0.00899737401   0.00709849007     0.229081098     0.121015898   0.00647510261   0.00478647331
 374     1      50               0   0.00839394886   0.00647393825     0.241410825     0.117753007   0.00604083816    0.0043653414
          wgpu 1d 185g 268c x3w 5ms | egraph 23g->122v+0snap 8ms | graft 14 (-54n, 0 snap) cpu 0 | f64 20 | gen 0.2s
 375     0     100               0   0.00899737401   0.00709849007     0.229081098     0.121015898   0.00647510261   0.00478647331
 375     1      50               0   0.00839394886   0.00647393825     0.241410825     0.117753007   0.00604083816    0.0043653414
          wgpu 1d 199g 289c x3w 6ms | egraph 31g->143v+0snap 9ms | graft 12 (-45n, 0 snap) cpu 0 | f64 20 | gen 0.2s
 376     0     100               0   0.00899737401   0.00709849007     0.229081098     0.121015898   0.00647510261   0.00478647331
 376     1      50               0   0.00839394886   0.00647393825     0.241410825     0.117753007   0.00604083816    0.0043653414
          wgpu 1d 165g 290c x3w 8ms | egraph 24g->144v+0snap 20ms | graft 13 (-47n, 0 snap) cpu 0 | f64 20 | gen 0.2s
 377     0     100               0   0.00899737401   0.00709849007     0.229081098     0.121015898   0.00647510261   0.00478647331
 377     1      50               0   0.00839394886   0.00647393825     0.241410825     0.117753007   0.00604083816    0.0043653414
          wgpu 1d 128g 240c x3w 4ms | egraph 8g->94v+0snap 5ms | graft 8 (-31n, 0 snap) cpu 0 | f64 20 | gen 0.2s
 378     0     100               0   0.00899737401   0.00709849007     0.229081098     0.121015898   0.00647510261   0.00478647331
 378     1      50               0   0.00839394886   0.00647393825     0.241410825     0.117753007   0.00604083816    0.0043653414
          wgpu 1d 129g 238c x3w 4ms | egraph 11g->92v+0snap 4ms | graft 8 (-33n, 0 snap) cpu 0 | f64 20 | gen 0.2s
 379     0     100               0   0.00899737401   0.00709849007     0.229081098     0.121015898   0.00647510261   0.00478647331
 379     1      50               0   0.00839394886   0.00647393825     0.241410825     0.117753007   0.00604083816    0.0043653414
          wgpu 1d 164g 248c x3w 4ms | egraph 29g->102v+0snap 16ms | graft 8 (-39n, 0 snap) cpu 0 | f64 20 | gen 0.2s | dropped inexpr 1 oversz 0 unbuild 0 {}
 380     0     100               0   0.00899737401   0.00709849007     0.229081098     0.121015898   0.00647510261   0.00478647331
 380     1      50               0   0.00839394886   0.00647393825     0.241410825     0.117753007   0.00604083816    0.0043653414
          wgpu 1d 154g 265c x3w 4ms | egraph 18g->119v+0snap 20ms | graft 16 (-56n, 0 snap) cpu 0 | f64 20 | gen 0.2s
--------- pump migration: intra (promote-2 + intake-reset) ---------
 381     0     100               0   0.00899737401   0.00709849007     0.229081098     0.121015898   0.00647510261   0.00478647331
 381     1      50               0    0.0083939505   0.00647393996     0.241411197     0.117753011   0.00604083933   0.00436534256
          wgpu 2d 336g 415c x3w 9ms | egraph 81g->189v+0snap 36ms | graft 23 (-82n, 0 snap) cpu 0 | f64 30 | gen 0.2s | dropped inexpr 7 oversz 0 unbuild 0 {}
 382     0     100               0    0.0114829176   0.00945726197     0.412882601     0.122447667   0.00826386341   0.00637698039
 382     1      50               0    0.0083939505   0.00647393996     0.241411197     0.117753011   0.00604083933   0.00436534256
          wgpu 1d 168g 250c x3w 5ms | egraph 21g->104v+0snap 7ms | graft 7 (-30n, 0 snap) cpu 0 | f64 20 | gen 0.4s | dropped inexpr 1 oversz 0 unbuild 0 {}
 383     0     100               0   0.00899737401   0.00709849007     0.229081098     0.121015898   0.00647510261   0.00478647331
 383     1      50               0   0.00839394886   0.00647393825     0.241410825     0.117753007   0.00604083816    0.0043653414
          wgpu 1d 158g 246c x3w 4ms | egraph 31g->100v+0snap 10ms | graft 9 (-26n, 0 snap) cpu 0 | f64 20 | gen 0.2s
 384     0     100               0    0.0114829176   0.00945726197     0.412882601     0.122447667   0.00826386341   0.00637698039
 384     1      50               0    0.0083939505   0.00647393996     0.241411197     0.117753011   0.00604083933   0.00436534256
          wgpu 1d 136g 251c x3w 4ms | egraph 21g->105v+0snap 7ms | graft 10 (-22n, 0 snap) cpu 0 | f64 20 | gen 0.2s
 385     0     100               0    0.0114829176   0.00945726197     0.412882601     0.122447667   0.00826386341   0.00637698039
 385     1      50               0    0.0083939505   0.00647393996     0.241411197     0.117753011   0.00604083933   0.00436534256
          wgpu 1d 120g 258c x3w 4ms | egraph 25g->112v+0snap 8ms | graft 7 (-24n, 0 snap) cpu 0 | f64 20 | gen 0.2s | dropped inexpr 1 oversz 0 unbuild 0 {}
 386     0     100               0    0.0114829176   0.00945726197     0.412882601     0.122447667   0.00826386341   0.00637698039
 386     1      50               0    0.0083939505   0.00647393996     0.241411197     0.117753011   0.00604083933   0.00436534256
          wgpu 1d 158g 270c x3w 5ms | egraph 27g->124v+0snap 13ms | graft 14 (-84n, 0 snap) cpu 0 | f64 20 | gen 0.2s
 387     0     100               0    0.0114829176   0.00945726197     0.412882601     0.122447667   0.00826386341   0.00637698039
 387     1      50               0    0.0083939505   0.00647393996     0.241411197     0.117753011   0.00604083933   0.00436534256
          wgpu 1d 150g 263c x3w 4ms | egraph 26g->117v+0snap 15ms | graft 13 (-28n, 0 snap) cpu 0 | f64 20 | gen 0.5s
 388     0     100               0    0.0114829176   0.00945726197     0.412882601     0.122447667   0.00826386341   0.00637698039
 388     1      50               0   0.00839394886   0.00647393825     0.241410825     0.117753007   0.00604083816    0.0043653414
          wgpu 1d 131g 255c x3w 6ms | egraph 22g->109v+0snap 13ms | graft 7 (-32n, 0 snap) cpu 0 | f64 20 | gen 0.2s | dropped inexpr 1 oversz 0 unbuild 0 {}
 389     0     100               0    0.0114829176   0.00945726197     0.412882601     0.122447667   0.00826386341   0.00637698039
 389     1      50               0    0.0083939505   0.00647393996     0.241411197     0.117753011   0.00604083933   0.00436534256
          wgpu 1d 130g 257c x3w 12ms | egraph 20g->111v+0snap 7ms | graft 15 (-59n, 0 snap) cpu 0 | f64 20 | gen 0.2s
 390     0     100               0   0.00899737401   0.00709849007     0.229081098     0.121015898   0.00647510261   0.00478647331
 390     1      50               0    0.0083939507   0.00647394017     0.241411193     0.117753012   0.00604083948    0.0043653427
          wgpu 1d 168g 257c x3w 5ms | egraph 26g->109v+2snap 11ms | graft 9 (-26n, 0 snap) cpu 0 | f64 20 | gen 0.2s
--------- pump migration: intra (promote-2 + intake-reset) + cross ---------
 391     0     100               0   0.00899737401   0.00709849007     0.229081098     0.121015898   0.00647510261   0.00478647331
 391     1      50               0    0.0083939505   0.00647393996     0.241411197     0.117753011   0.00604083933   0.00436534256
          wgpu 2d 335g 405c x3w 9ms | egraph 101g->176v+3snap 40ms | graft 28 (-83n, 0 snap) cpu 0 | f64 30 | gen 0.2s | dropped inexpr 2 oversz 0 unbuild 0 {}
--------- pump migration: cross-class ---------
 392     0     100               0    0.0114588888   0.00943729656     0.411202281      0.12218827   0.00824657066   0.00636351782
 392     1      50               0   0.00839394886   0.00647393825     0.241410825     0.117753007   0.00604083816    0.0043653414
          wgpu 2d 350g 411c x3w 18ms | egraph 89g->185v+0snap 40ms | graft 28 (-90n, 0 snap) cpu 0 | f64 30 | gen 0.2s | dropped inexpr 3 oversz 0 unbuild 0 {}
--------- pump migration: cross-class ---------
 393     0     100               0    0.0114588888   0.00943729656     0.411202281      0.12218827   0.00824657066   0.00636351782
 393     1      50               0   0.00839394886   0.00647393825     0.241410825     0.117753007   0.00604083816    0.0043653414
          wgpu 2d 392g 422c x3w 15ms | egraph 108g->196v+0snap 51ms | graft 39 (-144n, 0 snap) cpu 0 | f64 30 | gen 0.2s | dropped inexpr 3 oversz 0 unbuild 0 {}
--------- pump migration: cross-class ---------
 394     0     100               0   0.00731338194   0.00547265435      0.28182562     0.106882193   0.00526319107   0.00369018111
 394     1      50               0   0.00839394886   0.00647393825     0.241410825     0.117753007   0.00604083816    0.0043653414
          wgpu 2d 337g 410c x3w 9ms | egraph 84g->184v+0snap 31ms | graft 45 (-164n, 0 snap) cpu 0 | f64 30 | gen 0.2s | dropped inexpr 1 oversz 0 unbuild 0 {}
--------- pump migration: cross-class ---------
 395     0     100               0   0.00911289883   0.00821614882     0.285960327     0.105072144   0.00655824188   0.00554010453
 395     1      50               0   0.00839394886   0.00647393825     0.241410825     0.117753007   0.00604083816    0.0043653414
          wgpu 2d 335g 375c x3w 8ms | egraph 86g->149v+0snap 28ms | graft 31 (-92n, 0 snap) cpu 0 | f64 30 | gen 0.2s | dropped inexpr 3 oversz 0 unbuild 0 {}
--------- pump migration: cross-class ---------
 396     0     100               0   0.00731338194   0.00547265435      0.28182562     0.106882193   0.00526319107   0.00369018111
 396     1      50               0   0.00839394886   0.00647393825     0.241410825     0.117753007   0.00604083816    0.0043653414
          wgpu 2d 370g 390c x3w 36ms | egraph 113g->164v+0snap 35ms | graft 35 (-112n, 0 snap) cpu 0 | f64 30 | gen 0.2s | dropped inexpr 1 oversz 0 unbuild 0 {}
--------- pump migration: cross-class ---------
 397     0     100               0   0.00911289883   0.00821614882     0.285960327     0.105072144   0.00655824188   0.00554010453
 397     1      50               0   0.00839394886   0.00647393825     0.241410825     0.117753007   0.00604083816    0.0043653414
          wgpu 2d 397g 381c x3w 16ms | egraph 122g->155v+0snap 57ms | graft 28 (-99n, 0 snap) cpu 0 | f64 30 | gen 0.2s | dropped inexpr 4 oversz 0 unbuild 0 {}
--------- pump migration: cross-class ---------
 398     0     100               0   0.00911289883   0.00821614882     0.285960327     0.105072144   0.00655824188   0.00554010453
 398     1      50               0   0.00839394886   0.00647393825     0.241410825     0.117753007   0.00604083816    0.0043653414
          wgpu 2d 299g 317c x3w 8ms | egraph 88g->91v+0snap 39ms | graft 19 (-59n, 0 snap) cpu 0 | f64 30 | gen 0.2s | dropped inexpr 2 oversz 0 unbuild 0 {}
--------- pump migration: cross-class ---------
 399     0     100               0    0.0114588888   0.00943729656     0.411202281      0.12218827   0.00824657066   0.00636351782
 399     1      50               0   0.00839394886   0.00647393825     0.241410825     0.117753007   0.00604083816    0.0043653414
          wgpu 2d 382g 381c x3w 11ms | egraph 113g->155v+0snap 52ms | graft 29 (-87n, 0 snap) cpu 0 | f64 30 | gen 0.4s | dropped inexpr 2 oversz 0 unbuild 0 {}
--------- pump migration: cross-class ---------
 400     0     100               0    0.0221315351    0.0215668441     0.541950265     0.205630823    0.0159273095    0.0145424058
 400     1      50               0    0.0083939505   0.00647393996     0.241411197     0.117753011   0.00604083933   0.00436534256
          wgpu 2d 304g 369c x3w 9ms | egraph 83g->143v+0snap 39ms | graft 28 (-121n, 0 snap) cpu 0 | f64 30 | gen 0.2s
--------- pump migration: intra (promote-2 + intake-reset) + cross ---------

This sub-run: 2026-09-19 06:44:43.825110 → 2026-09-19 06:46:26.037267
Now at generation 400 (HOF size: 30)
[join] 450 dispatches, 57,422 genes, 287,928 candidates scored in 3.29s GPU+host; e-graph 12,400 trees -> 33,500 variants + 5 snaps in 6.99s; 4,389 grafts (0 snap), 15,296 nodes removed; cpu-path individuals 0, f64-rejected 0, snaps refused for naming an input 1
[join]   inexpressible:    609  no pset token for semantic id "pow" with arity 2
[join]   inexpressible:     37  no pset token for semantic id "sqrt" with arity 1
[join]   inexpressible:      6  no pset token for semantic id "div" with arity 2
  HFF-chosen LSM kept: a=1.56467, b=-0.228914
Chromosome wrapper: id=0  →  identity
hof[0] runtime val: mse=5.896e-03  R²=0.996025
Pre-snap expression (after sympify + LSM compose):
  1.04311413100094*t + 0.521557065500471*u*exp(-x) - 0.228914346991983

Per-level snap results (before MSE scoring):
  strict      →  1.04311413100094*t + 0.521557065500471*u*exp(-x) - 0.228914346991983
  default     →  1.04385237355566*t + 0.521557065500471*u*exp(-x) - 0.228914346991983
  aggressive  →  1.04385237355566*t - 0.228914346991983

Snap-level comparison (sorted by holdout MSE, lowest first)
------------------------------------------------------------------------------------------
  level       MSE            R²         expression                                        
------------------------------------------------------------------------------------------
★ strict      0.006186       0.9957     1.04311413100094*t + 0.521557065500471*u*exp(-x) -
  default     0.006186       0.9957     1.04385237355566*t + 0.521557065500471*u*exp(-x) -
  aggressive  0.01388        0.9904     1.04385237355566*t - 0.228914346991983            

Winning snap level: 'strict'  →  1.04311413100094*t + 0.521557065500471*u*exp(-x) - 0.228914346991983

Canonical discovered expression: 1.04311413100094*t + 0.521557065500471*u*exp(-x) - 0.228914346991983
[38;2;0;50;255m
############################################################ [38;2;255;255;255m
[38;2;0;50;255m Equation Recovery: I_15_3T [38;2;255;255;255m
[38;2;0;50;255m Truth: (t-u*x/c**2)/sqrt(1-u**2/c**2) [38;2;255;255;255m
[38;2;0;50;255m [38;2;255;255;255m
[38;2;255;0;255m     Exact recovery     : False [38;2;255;255;255m
[38;2;255;0;255m     Numerical recovery : False (max rel_err 2.71e+01 on 10k samples) [38;2;255;255;255m
[38;2;255;0;255m     Discovered         : 1.04311413100094*t + 0.521557065500471*u*exp(-x) - 0.228914346991983 [38;2;255;255;255m
[38;2;255;0;255m     LSM (a, b)         : (1.56467, -0.228914) [38;2;255;255;255m
[38;2;0;50;255m
############################################################ [38;2;255;255;255m
In-range holdout : MSE=0.006186  MAE=0.05756  R²=0.9957
Extrapolation    : MSE=0.09528  MAE=0.1348  R²=0.9779

Top 10 HOF models (north_pole=truenorth) (★ = Pareto-optimal)
(deduped HOF: 4 unique chromosomes from 30 raw HOF entries)
 ----------------------------------------------------------------------------------------------------------------
       model     wrapper      length   train_mse     val_mse     max_err    train_r2      val_r2 angular_distance
 ----------------------------------------------------------------------------------------------------------------
★           0    identity           6      0.0075      0.0059      0.3064      0.9946      0.9960      0.0000
★          27    identity           6      0.0075      0.0059      0.3064      0.9946      0.9960      0.0000
           28     log_abs          26      0.0105      0.0083      0.4038      0.9925      0.9944      1.3610
           29     log_abs          12      0.0109      0.0087      0.4053      0.9921      0.9941      1.5708

Pareto-optimal in top 4: 2    Pareto-optimal in full HOF: 2 / 4

Recovery sweep across 4/4 unique HOF chromosomes (capped):
  Structural / exact     : 0/4  (0.0%)
  Numerical (≤1e-6 err)  : 0/4  (0.0%)
{
    "date": "2026/09/19",
    "seed": "5",
    "task": "equation_recovery",
    "north_pole_method": "truenorth",
    "hff_include_val": true,
    "problem": "I_15_3t",
    "truth_expr": "(t-u*x/c**2)/sqrt(1-u**2/c**2)",
    "final_terminal_inputs": [
        "x",
        "c",
        "u",
        "t"
    ],
    "wide_primitives": true,
    "head_length": "48",
    "n_genes": "3",
    "rnc_array_length": "10",
    "tournament size": "intake=8, champion=5",
    "population size": "150",
    "population per island": "intake=100, champion=50",
    "gpu_join": true,
    "eclass_k": 8,
    "number of elites": "2",
    "number of generations": "400",
    "number of islands": "2",
    "migration FREQ": "30",
    "wrapper_id": 0,
    "wrapper_name": "identity",
    "recovery_exact": false,
    "recovery_numerical": false,
    "recovery_max_rel_err": 27.092790413534726,
    "discovered_expr": "1.04311413100094*t + 0.521557065500471*u*exp(-x) - 0.228914346991983",
    "holdout_mse": 0.00618601707541314,
    "holdout_r2": 0.9957162677373381,
    "extrap_mse": 0.09527839921753532,
    "extrap_r2": 0.9778843542782375,
    "hof_size": 4,
    "hof_exact_recoveries": 0,
    "hof_numerical_recoveries": 0
}
