/opt/anaconda3/lib/python3.12/site-packages/geppy/__init__.py:26: UserWarning: pkg_resources is deprecated as an API. See https://setuptools.pypa.io/en/latest/pkg_resources.html. The pkg_resources package is slated for removal as early as 2025-11-30. Refrain from using this package or pin to Setuptools<81.
  from pkg_resources import get_distribution, DistributionNotFound
hff library OK (test fitness: (0.1415394733244273,))
registry: ['circle_area', 'gravity', 'coulomb', 'pendulum', 'keplers3', 'ideal_gas', 'I_6_2a', 'I_6_2', 'I_6_2b', 'I_8_14', 'I_9_18', 'I_10_7', 'I_11_19', 'I_12_1', 'I_12_2', 'I_12_4', 'I_12_5', 'I_12_11', 'I_13_4', 'I_13_12', 'I_14_3', 'I_14_4', 'I_15_3x', 'I_15_3t', 'I_15_1', 'I_16_6', 'I_18_4', 'I_18_12', 'I_18_14', 'I_24_6', 'I_25_13', 'I_26_2', 'I_27_6', 'I_29_4', 'I_29_16', 'I_30_3', 'I_30_5', 'I_32_5', 'I_32_17', 'I_34_8', 'I_34_1', 'I_34_14', 'I_34_27', 'I_37_4', 'I_38_12', 'I_39_1', 'I_39_11', 'I_39_22', 'I_40_1', 'I_41_16', 'I_43_16', 'I_43_31', 'I_43_43', 'I_44_4', 'I_47_23', 'I_48_2', 'I_50_26', 'II_2_42', 'II_3_24', 'II_4_23', 'II_6_11', 'II_6_15a', 'II_6_15b', 'II_8_7', 'II_8_31', 'II_10_9', 'II_11_3', 'II_11_17', 'II_11_20', 'II_11_27', 'II_11_28', 'II_13_17', 'II_13_23', 'II_13_34', 'II_15_4', 'II_15_5', 'II_21_32', 'II_24_17', 'II_27_16', 'II_27_18', 'II_34_2a', 'II_34_2', 'II_34_11', 'II_34_29a', 'II_34_29b', 'II_35_18', 'II_35_21', 'II_36_38', 'II_37_1', 'II_38_3', 'II_38_14', 'III_4_32', 'III_4_33', 'III_7_38', 'III_8_54', 'III_9_52', 'III_10_19', 'III_12_43', 'III_13_18', 'III_14_14', 'III_15_12', 'III_15_14', 'III_15_27', 'III_17_37', 'III_19_51', 'III_21_20', 'test_1', 'test_2', 'test_3', 'test_4', 'test_5', 'test_6', 'test_7', 'test_8', 'test_9', 'test_10', 'test_11', 'test_12', 'test_13', 'test_14', 'test_15', 'test_16', 'test_17', 'test_18', 'test_19', 'test_20']
[feynman override] head_length=48 (keep n_genes=3, avgval linker)
Selected problem: II_6_11
  Description : Feynman I-III II.6.11: Volt = 1/(4*pi*epsilon)*p_d*cos(theta)/r**2
  Variables   : ['epsilon', 'p_d', 'theta', 'r']
  Train range : {'epsilon': (1.0, 3.0), 'p_d': (1.0, 3.0), 'theta': (1.0, 3.0), 'r': (1.0, 3.0)}
  Extrap range: {'epsilon': (1.0, 4.5), 'p_d': (1.0, 4.5), 'theta': (1.0, 4.5), 'r': (1.0, 4.5)}
  Truth       : 1/(4*pi*epsilon)*p_d*cos(theta)/r**2
  ✓ cache hit  (data/equations/II_6_11, key=65e4f34029d5d38a)
  train           (800, 5)  target range=[-0.1492, 0.06253]
  val             (200, 5)  target range=[-0.126, 0.0626]
  holdout         (200, 5)  target range=[-0.09144, 0.04795]
  extrapolation   (200, 5)  target range=[-0.116, 0.03459]
  saved figure → data/figures/II_6_11/eda_pairplot.png
Wide primitive set enabled: sin, cos, exp, log added.
[E22 rules] variable pattern tags: {'coulomb_form', 'has_gaussian_input'}
[E22/23 rules] static candidate count: 6
[E22/23 rules] allowed to take a fitness slot (exact): 0
  [sum_sq_all/sum_sq] a=-0.0009 b=6.6984e-03 1-R²_va=9.7910e-01
  [gaussian_density/N(theta;0,1)] a=0.1898 b=-2.4889e-02 1-R²_va=5.7230e-01
  [angle_diff_trig/sin(2*theta/2)] a=0.0442 b=-4.3433e-02 1-R²_va=7.8289e-01
  [angle_diff_trig/sin(2*theta/2)^2] a=0.0351 b=-3.2524e-02 1-R²_va=7.6519e-01
  [angle_diff_trig/sin(3*theta/2)] a=0.0200 b=-1.1953e-02 1-R²_va=5.9625e-01
  [angle_diff_trig/sin(3*theta/2)^2] a=0.0142 b=-1.5766e-02 1-R²_va=8.4855e-01
[fuller] denoise + snap IN THE JOIN (every gene, every generation, K=8); mutation operators: physics=0.2 concretize=0.05
Wrapper scope: per_island  (island → wrapper map: ['identity', 'identity'])
[wgpu] process pool disabled — Metal cannot survive fork(); the population is evaluated in one dispatch instead
Genes: head_length=48, n_genes=3, rnc_array_length=10
Population: (per-island, see below), elites: 2, generations: 400, migration FREQ: 30
  pump per-island sizes: intake=100 (tournsize=8), champion=50 (tournsize=5)
Initialising evolution at 2026-09-19 06:51:02.774547
 gen  deme   evals     min fitness          mse_tr          mse_va         max_err      mse_extrap  one_minus_r2_tr  one_minus_r2_va
   0     0     100    0.0745272988   0.00018929404  0.000250502395    0.0992712537   0.00142778263     0.501105096     0.583939812
   0     1      50     0.159440333  0.000193013056  0.000252627001     0.103432746   0.00104770758     0.510950193     0.588892428
          wgpu 1d 290g 245c x3w 10ms | egraph 187g->95v+0snap 66ms | graft 15 (-65n, 0 snap) cpu 0 | f64 33 | gen 0.0s | dropped inexpr 5 oversz 0 unbuild 0 {}
Extending evolution: gen 1 → 400 (+400 generations)
   1     0     100    0.0745272988   0.00018929404  0.000250502395    0.0992712537   0.00142778263     0.501105096     0.583939812
   1     1      50     0.159440333  0.000193013056  0.000252627001     0.103432746   0.00104770758     0.510950193     0.588892428
          wgpu 1d 162g 229c x3w 4ms | egraph 77g->83v+0snap 17ms | graft 15 (-55n, 0 snap) cpu 0 | f64 27 | gen 0.3s | dropped inexpr 2 oversz 0 unbuild 0 {}
   2     0     100    0.0745272988   0.00018929404  0.000250502395    0.0992712537   0.00142778263     0.501105096     0.583939812
   2     1      50    0.0441580657  0.000191033202  0.000249654694      0.10326385  0.000957540486     0.505709062     0.581963759
          wgpu 1d 154g 231c x3w 7ms | egraph 82g->85v+0snap 15ms | graft 14 (-60n, 0 snap) cpu 0 | f64 38 | gen 0.4s | dropped inexpr 1 oversz 0 unbuild 0 {}
   3     0     100    0.0745272988   0.00018929404  0.000250502395    0.0992712537   0.00142778263     0.501105096     0.583939812
   3     1      50    0.0441580657  0.000191033202  0.000249654694      0.10326385  0.000957540486     0.505709062     0.581963759
          wgpu 1d 214g 231c x3w 4ms | egraph 103g->85v+0snap 20ms | graft 21 (-76n, 0 snap) cpu 0 | f64 20 | gen 0.3s
   4     0     100    0.0176119461    0.0001455918  0.000189146152    0.0895456121   0.00124783889     0.385415163     0.440913823
   4     1      50    0.0441580657  0.000191033202  0.000249654694      0.10326385  0.000957540486     0.505709062     0.581963759
          wgpu 1d 172g 202c x3w 5ms | egraph 70g->56v+0snap 13ms | graft 20 (-104n, 0 snap) cpu 0 | f64 20 | gen 0.6s
   5     0     100    0.0176119461    0.0001455918  0.000189146152    0.0895456121   0.00124783889     0.385415163     0.440913823
   5     1      50    0.0441580657  0.000191033202  0.000249654694      0.10326385  0.000957540486     0.505709062     0.581963759
          wgpu 1d 211g 262c x3w 4ms | egraph 103g->116v+0snap 26ms | graft 30 (-108n, 0 snap) cpu 0 | f64 20 | gen 0.3s | dropped inexpr 3 oversz 0 unbuild 0 {}
   6     0     100    0.0176119461    0.0001455918  0.000189146152    0.0895456121   0.00124783889     0.385415163     0.440913823
   6     1      50    0.0441580657  0.000191033202  0.000249654694      0.10326385  0.000957540486     0.505709062     0.581963759
          wgpu 1d 179g 246c x3w 10ms | egraph 80g->100v+0snap 16ms | graft 20 (-43n, 0 snap) cpu 0 | f64 20 | gen 0.4s
   7     0     100    0.0176119461    0.0001455918  0.000189146152    0.0895456121   0.00124783889     0.385415163     0.440913823
   7     1      50    0.0441580657  0.000191033202  0.000249654694      0.10326385  0.000957540486     0.505709062     0.581963759
          wgpu 1d 208g 256c x3w 6ms | egraph 96g->110v+0snap 20ms | graft 32 (-91n, 0 snap) cpu 0 | f64 20 | gen 0.3s | dropped inexpr 1 oversz 0 unbuild 0 {}
   8     0     100               0  0.000110119868  0.000145346268    0.0740705669  0.000924945538     0.291512756     0.338813018
   8     1      50    0.0441580657  0.000191033202  0.000249654694      0.10326385  0.000957540486     0.505709062     0.581963759
          wgpu 1d 227g 287c x3w 5ms | egraph 80g->141v+0snap 16ms | graft 34 (-117n, 0 snap) cpu 0 | f64 20 | gen 0.5s | dropped inexpr 1 oversz 0 unbuild 0 {}
   9     0     100               0  0.000110119868  0.000145346268    0.0740705669  0.000924945538     0.291512756     0.338813018
   9     1      50    0.0097642573  0.000111455259  0.000151010804    0.0945460716   0.00110997935     0.295047845     0.352017476
          wgpu 1d 196g 262c x3w 4ms | egraph 75g->116v+0snap 15ms | graft 28 (-96n, 0 snap) cpu 0 | f64 28 | gen 0.2s | dropped inexpr 2 oversz 0 unbuild 0 {}
  10     0     100               0  0.000110119868  0.000145346268    0.0740705669  0.000924945538     0.291512756     0.338813018
  10     1      50    0.0097642573  0.000111455259  0.000151010804    0.0945460716   0.00110997935     0.295047845     0.352017476
          wgpu 1d 169g 242c x3w 4ms | egraph 77g->96v+0snap 13ms | graft 19 (-51n, 0 snap) cpu 0 | f64 20 | gen 0.2s
--------- pump migration: intra (promote-2 + intake-reset) ---------
  11     0     100               0  0.000110119868  0.000145346268    0.0740705669  0.000924945538     0.291512756     0.338813018
  11     1      50               0  0.000110119868  0.000145346268    0.0740705669  0.000924945538     0.291512756     0.338813018
          wgpu 2d 380g 444c x3w 8ms | egraph 151g->218v+0snap 29ms | graft 35 (-133n, 0 snap) cpu 0 | f64 30 | gen 0.2s | dropped inexpr 4 oversz 0 unbuild 0 {}
  12     0     100               0  0.000110119868  0.000145346268    0.0740705669  0.000924945538     0.291512756     0.338813018
  12     1      50               0  0.000110119868  0.000145346268    0.0740705669  0.000924945538     0.291512756     0.338813018
          wgpu 1d 178g 314c x3w 4ms | egraph 56g->168v+0snap 12ms | graft 40 (-99n, 0 snap) cpu 0 | f64 20 | gen 0.2s | dropped inexpr 1 oversz 0 unbuild 0 {}
  13     0     100               0  0.000110119868  0.000145346268    0.0740705669  0.000924945538     0.291512756     0.338813018
  13     1      50               0  0.000110119868  0.000145346268    0.0740705669  0.000924945538     0.291512756     0.338813018
          wgpu 1d 174g 294c x3w 4ms | egraph 57g->148v+0snap 13ms | graft 18 (-44n, 0 snap) cpu 0 | f64 20 | gen 0.2s | dropped inexpr 3 oversz 0 unbuild 0 {}
  14     0     100               0  0.000110119868  0.000145346268    0.0740705669  0.000924945538     0.291512756     0.338813018
  14     1      50               0  0.000110119868  0.000145346268    0.0740705669  0.000924945538     0.291512756     0.338813018
          wgpu 1d 181g 288c x3w 4ms | egraph 55g->142v+0snap 13ms | graft 26 (-88n, 0 snap) cpu 0 | f64 20 | gen 0.2s | dropped inexpr 1 oversz 0 unbuild 0 {}
  15     0     100               0  0.000110119868  0.000145346268    0.0740705669  0.000924945538     0.291512756     0.338813018
  15     1      50               0  0.000110119868  0.000145346268    0.0740705669  0.000924945538     0.291512756     0.338813018
          wgpu 1d 176g 262c x3w 4ms | egraph 65g->116v+0snap 14ms | graft 21 (-62n, 0 snap) cpu 0 | f64 20 | gen 0.1s | dropped inexpr 5 oversz 0 unbuild 0 {}
  16     0     100               0  0.000110119868  0.000145346268    0.0740705669  0.000924945538     0.291512756     0.338813018
  16     1      50               0  0.000110119868  0.000145346268    0.0740705669  0.000924945538     0.291512756     0.338813018
          wgpu 1d 180g 228c x3w 4ms | egraph 67g->82v+0snap 18ms | graft 13 (-58n, 0 snap) cpu 0 | f64 20 | gen 0.2s | dropped inexpr 3 oversz 0 unbuild 0 {}
  17     0     100               0  0.000110119868  0.000145346268    0.0740705669  0.000924945538     0.291512756     0.338813018
  17     1      50               0  0.000110119868  0.000145346268    0.0740705669  0.000924945538     0.291512756     0.338813018
          wgpu 1d 173g 260c x3w 4ms | egraph 43g->114v+0snap 8ms | graft 18 (-43n, 0 snap) cpu 0 | f64 20 | gen 0.2s | dropped inexpr 2 oversz 0 unbuild 0 {}
  18     0     100               0  8.16631279e-05  0.000100086656    0.0601830846   0.00122702296     0.216181184     0.233309478
  18     1      50               0  0.000110119868  0.000145346268    0.0740705669  0.000924945538     0.291512756     0.338813018
          wgpu 1d 159g 212c x3w 4ms | egraph 61g->66v+0snap 14ms | graft 17 (-45n, 0 snap) cpu 0 | f64 20 | gen 0.1s | dropped inexpr 1 oversz 0 unbuild 0 {}
  19     0     100               0  8.16631279e-05  0.000100086656    0.0601830846   0.00122702296     0.216181184     0.233309478
  19     1      50               0  0.000110119868  0.000145346268    0.0740705669  0.000924945538     0.291512756     0.338813018
          wgpu 1d 166g 212c x3w 4ms | egraph 41g->66v+0snap 7ms | graft 9 (-21n, 0 snap) cpu 0 | f64 20 | gen 0.2s | dropped inexpr 4 oversz 0 unbuild 0 {}
  20     0     100               0  8.16631279e-05  0.000100086656    0.0601830846   0.00122702296     0.216181184     0.233309478
  20     1      50               0  0.000110119868  0.000145346268    0.0740705669  0.000924945538     0.291512756     0.338813018
          wgpu 1d 122g 195c x3w 3ms | egraph 40g->49v+0snap 7ms | graft 11 (-26n, 0 snap) cpu 0 | f64 20 | gen 0.1s | dropped inexpr 1 oversz 0 unbuild 0 {}
--------- pump migration: intra (promote-2 + intake-reset) ---------
  21     0     100               0  8.16631279e-05  0.000100086656    0.0601830846   0.00122702296     0.216181184     0.233309478
  21     1      50               0  0.000110119868  0.000145346268    0.0740705669  0.000924945538     0.291512756     0.338813018
          wgpu 2d 379g 430c x3w 9ms | egraph 146g->204v+0snap 40ms | graft 28 (-125n, 0 snap) cpu 0 | f64 30 | gen 0.2s | dropped inexpr 3 oversz 0 unbuild 0 {}
  22     0     100               0  8.16631279e-05  0.000100086656    0.0601830846   0.00122702296     0.216181184     0.233309478
  22     1      50               0  0.000110119868  0.000145346268    0.0740705669  0.000924945538     0.291512756     0.338813018
          wgpu 1d 144g 187c x3w 3ms | egraph 38g->41v+0snap 7ms | graft 10 (-25n, 0 snap) cpu 0 | f64 20 | gen 0.1s
  23     0     100               0  8.16631279e-05  0.000100086656    0.0601830846   0.00122702296     0.216181184     0.233309478
  23     1      50               0  0.000110119868  0.000145346268    0.0740705669  0.000924945538     0.291512756     0.338813018
          wgpu 1d 144g 198c x3w 4ms | egraph 36g->52v+0snap 7ms | graft 7 (-17n, 0 snap) cpu 0 | f64 20 | gen 0.1s | dropped inexpr 2 oversz 0 unbuild 0 {}
  24     0     100               0  8.16631279e-05  0.000100086656    0.0601830846   0.00122702296     0.216181184     0.233309478
  24     1      50               0  0.000110119868  0.000145346268    0.0740705669  0.000924945538     0.291512756     0.338813018
          wgpu 1d 140g 211c x3w 4ms | egraph 37g->65v+0snap 11ms | graft 12 (-35n, 0 snap) cpu 0 | f64 20 | gen 0.1s | dropped inexpr 6 oversz 0 unbuild 0 {}
  25     0     100               0  8.16631279e-05  0.000100086656    0.0601830846   0.00122702296     0.216181184     0.233309478
  25     1      50               0  0.000110119868  0.000145346268    0.0740705669  0.000924945538     0.291512756     0.338813018
          wgpu 1d 144g 207c x3w 3ms | egraph 32g->61v+0snap 6ms | graft 8 (-26n, 0 snap) cpu 0 | f64 20 | gen 0.1s | dropped inexpr 2 oversz 0 unbuild 0 {}
  26     0     100               0  8.16631279e-05  0.000100086656    0.0601830846   0.00122702296     0.216181184     0.233309478
  26     1      50               0  0.000110119868  0.000145346268    0.0740705669  0.000924945538     0.291512756     0.338813018
          wgpu 1d 153g 217c x3w 4ms | egraph 36g->71v+0snap 18ms | graft 13 (-47n, 0 snap) cpu 0 | f64 20 | gen 0.1s | dropped inexpr 1 oversz 0 unbuild 0 {}
  27     0     100               0  8.16631279e-05  0.000100086656    0.0601830846   0.00122702296     0.216181184     0.233309478
  27     1      50               0  0.000110119868  0.000145346268    0.0740705669  0.000924945538     0.291512756     0.338813018
          wgpu 1d 145g 201c x3w 4ms | egraph 30g->55v+0snap 6ms | graft 14 (-41n, 0 snap) cpu 0 | f64 20 | gen 0.2s
  28     0     100               0  8.16631279e-05  0.000100086656    0.0601830846   0.00122702296     0.216181184     0.233309478
  28     1      50               0  0.000110119868  0.000145346268    0.0740705669  0.000924945538     0.291512756     0.338813018
          wgpu 1d 136g 194c x3w 4ms | egraph 29g->48v+0snap 6ms | graft 9 (-20n, 0 snap) cpu 0 | f64 20 | gen 0.2s | dropped inexpr 1 oversz 0 unbuild 0 {}
  29     0     100               0  8.16631279e-05  0.000100086656    0.0601830846   0.00122702296     0.216181184     0.233309478
  29     1      50               0  0.000110119868  0.000145346268    0.0740705669  0.000924945538     0.291512756     0.338813018
          wgpu 1d 132g 182c x3w 5ms | egraph 26g->36v+0snap 5ms | graft 4 (-9n, 0 snap) cpu 0 | f64 20 | gen 0.2s
  30     0     100               0  8.16631279e-05  0.000100086656    0.0601830846   0.00122702296     0.216181184     0.233309478
  30     1      50               0  0.000110119868  0.000145346268    0.0740705669  0.000924945538     0.291512756     0.338813018
          wgpu 1d 142g 200c x3w 4ms | egraph 23g->54v+0snap 6ms | graft 8 (-21n, 0 snap) cpu 0 | f64 20 | gen 0.1s | dropped inexpr 2 oversz 0 unbuild 0 {}
--------- pump migration: intra (promote-2 + intake-reset) ---------
  31     0     100               0  8.16631279e-05  0.000100086656    0.0601830846   0.00122702296     0.216181184     0.233309478
  31     1      50               0  8.16631279e-05  0.000100086656    0.0601830846   0.00122702296     0.216181184     0.233309478
          wgpu 2d 347g 376c x3w 8ms | egraph 106g->150v+0snap 31ms | graft 23 (-68n, 0 snap) cpu 0 | f64 30 | gen 0.1s | dropped inexpr 6 oversz 0 unbuild 0 {}
  32     0     100               0  8.16631279e-05  0.000100086656    0.0601830846   0.00122702296     0.216181184     0.233309478
  32     1      50               0  0.000110119868  0.000145346268    0.0740705669  0.000924945538     0.291512756     0.338813018
          wgpu 1d 143g 202c x3w 4ms | egraph 32g->56v+0snap 6ms | graft 9 (-25n, 0 snap) cpu 0 | f64 20 | gen 0.1s
  33     0     100               0  8.16631279e-05  0.000100086656    0.0601830846   0.00122702296     0.216181184     0.233309478
  33     1      50               0  0.000110119868  0.000145346268    0.0740705669  0.000924945538     0.291512756     0.338813018
          wgpu 1d 160g 258c x3w 4ms | egraph 34g->112v+0snap 7ms | graft 4 (-9n, 0 snap) cpu 0 | f64 20 | gen 0.2s | dropped inexpr 3 oversz 0 unbuild 0 {}
  34     0     100               0  8.16631279e-05  0.000100086656    0.0601830846   0.00122702296     0.216181184     0.233309478
  34     1      50               0  0.000110119868  0.000145346268    0.0740705669  0.000924945538     0.291512756     0.338813018
          wgpu 1d 161g 191c x3w 4ms | egraph 31g->45v+0snap 6ms | graft 12 (-30n, 0 snap) cpu 0 | f64 20 | gen 0.1s | dropped inexpr 1 oversz 0 unbuild 0 {}
  35     0     100               0  8.16631279e-05  0.000100086656    0.0601830846   0.00122702296     0.216181184     0.233309478
  35     1      50               0  0.000110119868  0.000145346268    0.0740705669  0.000924945538     0.291512756     0.338813018
          wgpu 1d 126g 187c x3w 4ms | egraph 22g->41v+0snap 6ms | graft 12 (-35n, 0 snap) cpu 0 | f64 23 | gen 0.1s
  36     0     100               0  8.16631279e-05  0.000100086656    0.0601830846   0.00122702296     0.216181184     0.233309478
  36     1      50               0  0.000110119868  0.000145346268    0.0740705669  0.000924945538     0.291512756     0.338813018
          wgpu 1d 154g 207c x3w 3ms | egraph 26g->61v+0snap 7ms | graft 14 (-37n, 0 snap) cpu 0 | f64 20 | gen 0.1s
  37     0     100               0  8.16631279e-05  0.000100086656    0.0601830846   0.00122702296     0.216181184     0.233309478
  37     1      50               0  0.000110119868  0.000145346268    0.0740705669  0.000924945538     0.291512756     0.338813018
          wgpu 1d 143g 195c x3w 4ms | egraph 24g->49v+0snap 6ms | graft 7 (-14n, 0 snap) cpu 0 | f64 20 | gen 0.1s | dropped inexpr 1 oversz 0 unbuild 0 {}
  38     0     100               0  8.16631279e-05  0.000100086656    0.0601830846   0.00122702296     0.216181184     0.233309478
  38     1      50               0  0.000110119868  0.000145346268    0.0740705669  0.000924945538     0.291512756     0.338813018
          wgpu 1d 131g 201c x3w 3ms | egraph 20g->55v+0snap 5ms | graft 7 (-20n, 0 snap) cpu 0 | f64 20 | gen 0.1s
  39     0     100               0  8.16631279e-05  0.000100086656    0.0601830846   0.00122702296     0.216181184     0.233309478
  39     1      50               0  0.000110119868  0.000145346268    0.0740705669  0.000924945538     0.291512756     0.338813018
          wgpu 1d 153g 210c x3w 4ms | egraph 25g->64v+0snap 6ms | graft 10 (-25n, 0 snap) cpu 0 | f64 20 | gen 0.1s | dropped inexpr 2 oversz 0 unbuild 0 {}
  40     0     100               0  8.16631279e-05  0.000100086656    0.0601830846   0.00122702296     0.216181184     0.233309478
  40     1      50               0  0.000110119868  0.000145346268    0.0740705669  0.000924945538     0.291512756     0.338813018
          wgpu 1d 150g 208c x3w 3ms | egraph 23g->62v+0snap 6ms | graft 11 (-25n, 0 snap) cpu 0 | f64 22 | gen 0.1s | dropped inexpr 1 oversz 0 unbuild 0 {}
--------- pump migration: intra (promote-2 + intake-reset) ---------
  41     0     100               0  8.16631279e-05  0.000100086656    0.0601830846   0.00122702296     0.216181184     0.233309478
  41     1      50               0  7.73454063e-05  9.37928135e-05    0.0549125101    0.0017650192     0.204751176     0.218638061
          wgpu 2d 312g 320c x3w 7ms | egraph 101g->94v+0snap 23ms | graft 21 (-70n, 0 snap) cpu 0 | f64 30 | gen 0.1s | dropped inexpr 4 oversz 0 unbuild 0 {}
  42     0     100               0  8.16631279e-05  0.000100086656    0.0601830846   0.00122702296     0.216181184     0.233309478
  42     1      50               0  7.73454063e-05  9.37928135e-05    0.0549125101    0.0017650192     0.204751176     0.218638061
          wgpu 1d 118g 169c x3w 3ms | egraph 18g->23v+0snap 4ms | graft 5 (-12n, 0 snap) cpu 0 | f64 20 | gen 0.1s | dropped inexpr 1 oversz 0 unbuild 0 {}
  43     0     100               0  8.16631279e-05  0.000100086656    0.0601830846   0.00122702296     0.216181184     0.233309478
  43     1      50               0  7.73454063e-05  9.37928135e-05    0.0549125101    0.0017650192     0.204751176     0.218638061
          wgpu 1d 120g 173c x3w 3ms | egraph 13g->27v+0snap 3ms | graft 5 (-12n, 0 snap) cpu 0 | f64 20 | gen 0.1s
  44     0     100               0  8.16631279e-05  0.000100086656    0.0601830846   0.00122702296     0.216181184     0.233309478
  44     1      50               0  7.73454063e-05  9.37928135e-05    0.0549125101    0.0017650192     0.204751176     0.218638061
          wgpu 1d 135g 169c x3w 9ms | egraph 21g->23v+0snap 4ms | graft 5 (-11n, 0 snap) cpu 0 | f64 20 | gen 0.2s
  45     0     100               0  8.16631279e-05  0.000100086656    0.0601830846   0.00122702296     0.216181184     0.233309478
  45     1      50               0  7.73454063e-05  9.37928135e-05    0.0549125101    0.0017650192     0.204751176     0.218638061
          wgpu 1d 108g 171c x3w 3ms | egraph 15g->25v+0snap 4ms | graft 4 (-12n, 0 snap) cpu 0 | f64 20 | gen 0.1s
  46     0     100               0  8.16631279e-05  0.000100086656    0.0601830846   0.00122702296     0.216181184     0.233309478
  46     1      50               0  7.73454063e-05  9.37928135e-05    0.0549125101    0.0017650192     0.204751176     0.218638061
          wgpu 1d 125g 165c x3w 3ms | egraph 26g->19v+0snap 8ms | graft 3 (-6n, 0 snap) cpu 0 | f64 20 | gen 0.1s | dropped inexpr 1 oversz 0 unbuild 0 {}
  47     0     100               0  8.16631279e-05  0.000100086656    0.0601830846   0.00122702296     0.216181184     0.233309478
  47     1      50               0  7.73454063e-05  9.37928135e-05    0.0549125101    0.0017650192     0.204751176     0.218638061
          wgpu 1d 125g 172c x3w 6ms | egraph 22g->26v+0snap 4ms | graft 5 (-11n, 0 snap) cpu 0 | f64 20 | gen 0.1s | dropped inexpr 1 oversz 0 unbuild 0 {}
  48     0     100               0  8.16631279e-05  0.000100086656    0.0601830846   0.00122702296     0.216181184     0.233309478
  48     1      50               0  7.73454063e-05  9.37928135e-05    0.0549125101    0.0017650192     0.204751176     0.218638061
          wgpu 1d 137g 188c x3w 8ms | egraph 18g->42v+0snap 12ms | graft 8 (-22n, 0 snap) cpu 0 | f64 20 | gen 0.1s | dropped inexpr 1 oversz 0 unbuild 0 {}
  49     0     100               0  7.73454063e-05  9.37928135e-05    0.0549125101    0.0017650192     0.204751176     0.218638061
  49     1      50               0  7.73454063e-05  9.37928135e-05    0.0549125101    0.0017650192     0.204751176     0.218638061
          wgpu 1d 134g 179c x3w 3ms | egraph 26g->33v+0snap 8ms | graft 4 (-12n, 0 snap) cpu 0 | f64 20 | gen 0.2s | dropped inexpr 1 oversz 0 unbuild 0 {}
  50     0     100               0  7.73454063e-05  9.37928135e-05    0.0549125101    0.0017650192     0.204751176     0.218638061
  50     1      50               0  7.73454063e-05  9.37928135e-05    0.0549125101    0.0017650192     0.204751176     0.218638061
          wgpu 1d 143g 181c x3w 4ms | egraph 30g->35v+0snap 7ms | graft 8 (-20n, 0 snap) cpu 0 | f64 20 | gen 0.1s | dropped inexpr 2 oversz 0 unbuild 0 {}
--------- pump migration: intra (promote-2 + intake-reset) ---------
  51     0     100               0  7.73454063e-05  9.37928135e-05    0.0549125101    0.0017650192     0.204751176     0.218638061
  51     1      50               0  7.73454063e-05  9.37928135e-05    0.0549125101    0.0017650192     0.204751176     0.218638061
          wgpu 2d 276g 312c x3w 7ms | egraph 91g->86v+0snap 22ms | graft 8 (-29n, 0 snap) cpu 0 | f64 30 | gen 0.1s | dropped inexpr 4 oversz 0 unbuild 0 {}
  52     0     100               0  7.73454063e-05  9.37928135e-05    0.0549125101    0.0017650192     0.204751176     0.218638061
  52     1      50               0  7.73454063e-05  9.37928135e-05    0.0549125101    0.0017650192     0.204751176     0.218638061
          wgpu 1d 125g 180c x3w 3ms | egraph 30g->34v+0snap 7ms | graft 6 (-16n, 0 snap) cpu 0 | f64 20 | gen 0.1s | dropped inexpr 1 oversz 0 unbuild 0 {}
  53     0     100               0  7.73454063e-05  9.37928135e-05    0.0549125101    0.0017650192     0.204751176     0.218638061
  53     1      50               0  7.73454063e-05  9.37928135e-05    0.0549125101    0.0017650192     0.204751176     0.218638061
          wgpu 1d 141g 197c x3w 11ms | egraph 31g->51v+0snap 14ms | graft 9 (-25n, 0 snap) cpu 0 | f64 20 | gen 0.2s | dropped inexpr 3 oversz 0 unbuild 0 {}
  54     0     100               0  7.73454063e-05  9.37928135e-05    0.0549125101    0.0017650192     0.204751176     0.218638061
  54     1      50               0  7.73454063e-05  9.37928135e-05    0.0549125101    0.0017650192     0.204751176     0.218638061
          wgpu 1d 120g 181c x3w 3ms | egraph 22g->35v+0snap 5ms | graft 3 (-12n, 0 snap) cpu 0 | f64 20 | gen 0.1s | dropped inexpr 1 oversz 0 unbuild 0 {}
  55     0     100               0  7.73454063e-05  9.37928135e-05    0.0549125101    0.0017650192     0.204751176     0.218638061
  55     1      50               0  7.73454063e-05  9.37928135e-05    0.0549125101    0.0017650192     0.204751176     0.218638061
          wgpu 1d 136g 175c x3w 3ms | egraph 32g->29v+0snap 7ms | graft 6 (-20n, 0 snap) cpu 0 | f64 20 | gen 0.2s | dropped inexpr 1 oversz 0 unbuild 0 {}
  56     0     100               0  7.73454063e-05  9.37928135e-05    0.0549125101    0.0017650192     0.204751176     0.218638061
  56     1      50               0  7.73454063e-05  9.37928135e-05    0.0549125101    0.0017650192     0.204751176     0.218638061
          wgpu 1d 116g 174c x3w 3ms | egraph 10g->28v+0snap 3ms | graft 6 (-18n, 0 snap) cpu 0 | f64 20 | gen 0.1s | dropped inexpr 1 oversz 0 unbuild 0 {}
  57     0     100               0  7.73454063e-05  9.37928135e-05    0.0549125101    0.0017650192     0.204751176     0.218638061
  57     1      50               0  7.73454063e-05  9.37928135e-05    0.0549125101    0.0017650192     0.204751176     0.218638061
          wgpu 1d 111g 170c x3w 7ms | egraph 17g->24v+0snap 4ms | graft 4 (-9n, 0 snap) cpu 0 | f64 20 | gen 0.1s
  58     0     100               0  7.73454063e-05  9.37928135e-05    0.0549125101    0.0017650192     0.204751176     0.218638061
  58     1      50               0  7.73454063e-05  9.37928135e-05    0.0549125101    0.0017650192     0.204751176     0.218638061
          wgpu 1d 119g 178c x3w 6ms | egraph 21g->32v+0snap 10ms | graft 4 (-9n, 0 snap) cpu 0 | f64 20 | gen 0.2s | dropped inexpr 1 oversz 0 unbuild 0 {}
  59     0     100               0  7.73454063e-05  9.37928135e-05    0.0549125101    0.0017650192     0.204751176     0.218638061
  59     1      50               0  7.73454063e-05  9.37928135e-05    0.0549125101    0.0017650192     0.204751176     0.218638061
          wgpu 1d 107g 183c x3w 8ms | egraph 15g->37v+0snap 4ms | graft 3 (-10n, 0 snap) cpu 0 | f64 20 | gen 0.1s
  60     0     100               0  7.73454063e-05  9.37928135e-05    0.0549125101    0.0017650192     0.204751176     0.218638061
  60     1      50               0  7.73454063e-05  9.37928135e-05    0.0549125101    0.0017650192     0.204751176     0.218638061
          wgpu 1d 136g 177c x3w 4ms | egraph 30g->31v+0snap 7ms | graft 1 (-2n, 0 snap) cpu 0 | f64 20 | gen 0.2s | dropped inexpr 1 oversz 0 unbuild 0 {}
--------- pump migration: intra (promote-2 + intake-reset) + cross ---------
  61     0     100               0  7.73454063e-05  9.37928135e-05    0.0549125101    0.0017650192     0.204751176     0.218638061
  61     1      50               0  7.73454063e-05  9.37928135e-05    0.0549125101    0.0017650192     0.204751176     0.218638061
          wgpu 2d 277g 302c x3w 8ms | egraph 101g->76v+0snap 22ms | graft 18 (-64n, 0 snap) cpu 0 | f64 30 | gen 0.2s | dropped inexpr 2 oversz 0 unbuild 0 {}
  62     0     100               0  7.73454063e-05  9.37928135e-05    0.0549125101    0.0017650192     0.204751176     0.218638061
  62     1      50               0  7.73454063e-05  9.37928135e-05    0.0549125101    0.0017650192     0.204751176     0.218638061
          wgpu 1d 137g 187c x3w 4ms | egraph 31g->41v+0snap 16ms | graft 9 (-25n, 0 snap) cpu 0 | f64 20 | gen 0.2s | dropped inexpr 2 oversz 0 unbuild 0 {}
  63     0     100               0  7.73454063e-05  9.37928135e-05    0.0549125101    0.0017650192     0.204751176     0.218638061
  63     1      50               0  7.73454063e-05  9.37928135e-05    0.0549125101    0.0017650192     0.204751176     0.218638061
          wgpu 1d 116g 174c x3w 3ms | egraph 21g->28v+0snap 5ms | graft 2 (-7n, 0 snap) cpu 0 | f64 20 | gen 0.2s
  64     0     100               0  7.73454063e-05  9.37928135e-05    0.0549125101    0.0017650192     0.204751176     0.218638061
  64     1      50               0  7.73454063e-05  9.37928135e-05    0.0549125101    0.0017650192     0.204751176     0.218638061
          wgpu 1d 133g 180c x3w 3ms | egraph 24g->34v+0snap 6ms | graft 4 (-9n, 0 snap) cpu 0 | f64 20 | gen 0.1s | dropped inexpr 1 oversz 0 unbuild 0 {}
  65     0     100               0  7.73454063e-05  9.37928135e-05    0.0549125101    0.0017650192     0.204751176     0.218638061
  65     1      50               0  7.73454063e-05  9.37928135e-05    0.0549125101    0.0017650192     0.204751176     0.218638061
          wgpu 1d 134g 176c x3w 3ms | egraph 27g->30v+0snap 6ms | graft 7 (-29n, 0 snap) cpu 0 | f64 20 | gen 0.1s
  66     0     100               0  7.73454063e-05  9.37928135e-05    0.0549125101    0.0017650192     0.204751176     0.218638061
  66     1      50               0  7.73454063e-05  9.37928135e-05    0.0549125101    0.0017650192     0.204751176     0.218638061
          wgpu 1d 137g 176c x3w 4ms | egraph 40g->30v+0snap 8ms | graft 6 (-21n, 0 snap) cpu 0 | f64 20 | gen 0.2s | dropped inexpr 4 oversz 0 unbuild 0 {}
  67     0     100               0  7.73454063e-05  9.37928135e-05    0.0549125101    0.0017650192     0.204751176     0.218638061
  67     1      50               0  7.73454063e-05  9.37928135e-05    0.0549125101    0.0017650192     0.204751176     0.218638061
          wgpu 1d 132g 179c x3w 3ms | egraph 22g->33v+0snap 5ms | graft 7 (-16n, 0 snap) cpu 0 | f64 20 | gen 0.1s | dropped inexpr 1 oversz 0 unbuild 0 {}
  68     0     100               0  7.73454063e-05  9.37928135e-05    0.0549125101    0.0017650192     0.204751176     0.218638061
  68     1      50               0  7.73454063e-05  9.37928135e-05    0.0549125101    0.0017650192     0.204751176     0.218638061
          wgpu 1d 128g 173c x3w 4ms | egraph 36g->27v+0snap 7ms | graft 4 (-12n, 0 snap) cpu 0 | f64 20 | gen 0.1s
  69     0     100               0  7.73454063e-05  9.37928135e-05    0.0549125101    0.0017650192     0.204751176     0.218638061
  69     1      50               0  7.73454063e-05  9.37928135e-05    0.0549125101    0.0017650192     0.204751176     0.218638061
          wgpu 1d 134g 186c x3w 3ms | egraph 22g->40v+0snap 5ms | graft 5 (-12n, 0 snap) cpu 0 | f64 20 | gen 0.1s | dropped inexpr 1 oversz 0 unbuild 0 {}
  70     0     100               0  7.73454063e-05  9.37928135e-05    0.0549125101    0.0017650192     0.204751176     0.218638061
  70     1      50               0  7.73454063e-05  9.37928135e-05    0.0549125101    0.0017650192     0.204751176     0.218638061
          wgpu 1d 126g 182c x3w 14ms | egraph 24g->36v+0snap 5ms | graft 3 (-7n, 0 snap) cpu 0 | f64 20 | gen 0.1s | dropped inexpr 1 oversz 0 unbuild 0 {}
--------- pump migration: intra (promote-2 + intake-reset) ---------
  71     0     100               0  7.73454063e-05  9.37928135e-05    0.0549125101    0.0017650192     0.204751176     0.218638061
  71     1      50               0  7.73454063e-05  9.37928135e-05    0.0549125101    0.0017650192     0.204751176     0.218638061
          wgpu 2d 323g 350c x3w 7ms | egraph 94g->124v+0snap 24ms | graft 20 (-80n, 0 snap) cpu 0 | f64 32 | gen 0.1s | dropped inexpr 3 oversz 0 unbuild 0 {}
  72     0     100               0  7.73454063e-05  9.37928135e-05    0.0549125101    0.0017650192     0.204751176     0.218638061
  72     1      50               0  7.73454063e-05  9.37928135e-05    0.0549125101    0.0017650192     0.204751176     0.218638061
          wgpu 1d 102g 168c x3w 3ms | egraph 14g->22v+0snap 3ms | graft 5 (-11n, 0 snap) cpu 0 | f64 20 | gen 0.1s
  73     0     100               0  7.73454063e-05  9.37928135e-05    0.0549125101    0.0017650192     0.204751176     0.218638061
  73     1      50               0  7.73454063e-05  9.37928135e-05    0.0549125101    0.0017650192     0.204751176     0.218638061
          wgpu 1d 127g 180c x3w 3ms | egraph 20g->34v+0snap 5ms | graft 9 (-24n, 0 snap) cpu 0 | f64 20 | gen 0.2s | dropped inexpr 1 oversz 0 unbuild 0 {}
  74     0     100               0  7.73454063e-05  9.37928135e-05    0.0549125101    0.0017650192     0.204751176     0.218638061
  74     1      50               0  7.73454063e-05  9.37928135e-05    0.0549125101    0.0017650192     0.204751176     0.218638061
          wgpu 1d 126g 179c x3w 3ms | egraph 17g->33v+0snap 4ms | graft 2 (-8n, 0 snap) cpu 0 | f64 20 | gen 0.1s
  75     0     100               0  7.73454063e-05  9.37928135e-05    0.0549125101    0.0017650192     0.204751176     0.218638061
  75     1      50               0  7.73454063e-05  9.37928135e-05    0.0549125101    0.0017650192     0.204751176     0.218638061
          wgpu 1d 147g 186c x3w 4ms | egraph 28g->40v+0snap 7ms | graft 8 (-27n, 0 snap) cpu 0 | f64 20 | gen 0.1s | dropped inexpr 3 oversz 0 unbuild 0 {}
  76     0     100               0  7.73454063e-05  9.37928135e-05    0.0549125101    0.0017650192     0.204751176     0.218638061
  76     1      50               0  7.73454063e-05  9.37928135e-05    0.0549125101    0.0017650192     0.204751176     0.218638061
          wgpu 1d 132g 189c x3w 4ms | egraph 25g->43v+0snap 7ms | graft 6 (-16n, 0 snap) cpu 0 | f64 20 | gen 0.1s
  77     0     100               0  7.73454063e-05  9.37928135e-05    0.0549125101    0.0017650192     0.204751176     0.218638061
  77     1      50               0  7.73454063e-05  9.37928135e-05    0.0549125101    0.0017650192     0.204751176     0.218638061
          wgpu 1d 131g 171c x3w 11ms | egraph 24g->25v+0snap 7ms | graft 6 (-17n, 0 snap) cpu 0 | f64 20 | gen 0.1s | dropped inexpr 1 oversz 0 unbuild 0 {}
  78     0     100               0  7.73454063e-05  9.37928135e-05    0.0549125101    0.0017650192     0.204751176     0.218638061
  78     1      50               0  7.73454063e-05  9.37928135e-05    0.0549125101    0.0017650192     0.204751176     0.218638061
          wgpu 1d 111g 173c x3w 8ms | egraph 23g->27v+0snap 6ms | graft 2 (-5n, 0 snap) cpu 0 | f64 20 | gen 0.1s | dropped inexpr 2 oversz 0 unbuild 0 {}
  79     0     100               0  7.73454063e-05  9.37928135e-05    0.0549125101    0.0017650192     0.204751176     0.218638061
  79     1      50               0  7.73454063e-05  9.37928135e-05    0.0549125101    0.0017650192     0.204751176     0.218638061
          wgpu 1d 140g 191c x3w 3ms | egraph 30g->45v+0snap 8ms | graft 8 (-39n, 0 snap) cpu 0 | f64 20 | gen 0.2s | dropped inexpr 1 oversz 0 unbuild 0 {}
  80     0     100               0  7.73454063e-05  9.37928135e-05    0.0549125101    0.0017650192     0.204751176     0.218638061
  80     1      50               0  7.73454063e-05  9.37928135e-05    0.0549125101    0.0017650192     0.204751176     0.218638061
          wgpu 1d 133g 174c x3w 4ms | egraph 18g->28v+0snap 5ms | graft 3 (-8n, 0 snap) cpu 0 | f64 20 | gen 0.2s
--------- pump migration: intra (promote-2 + intake-reset) ---------
  81     0     100               0  7.73454063e-05  9.37928135e-05    0.0549125101    0.0017650192     0.204751176     0.218638061
  81     1      50               0  7.73454063e-05  9.37928135e-05    0.0549125101    0.0017650192     0.204751176     0.218638061
          wgpu 2d 323g 339c x3w 8ms | egraph 97g->113v+0snap 59ms | graft 15 (-107n, 0 snap) cpu 0 | f64 30 | gen 0.3s | dropped inexpr 7 oversz 0 unbuild 0 {}
  82     0     100               0  7.73454063e-05  9.37928135e-05    0.0549125101    0.0017650192     0.204751176     0.218638061
  82     1      50               0  7.73454063e-05  9.37928135e-05    0.0549125101    0.0017650192     0.204751176     0.218638061
          wgpu 1d 127g 174c x3w 5ms | egraph 24g->28v+0snap 8ms | graft 5 (-15n, 0 snap) cpu 0 | f64 20 | gen 0.1s
  83     0     100               0  7.73454063e-05  9.37928135e-05    0.0549125101    0.0017650192     0.204751176     0.218638061
  83     1      50               0  7.73454063e-05  9.37928135e-05    0.0549125101    0.0017650192     0.204751176     0.218638061
          wgpu 1d 141g 182c x3w 4ms | egraph 24g->36v+0snap 6ms | graft 2 (-5n, 0 snap) cpu 0 | f64 20 | gen 0.2s
  84     0     100               0  7.73454063e-05  9.37928135e-05    0.0549125101    0.0017650192     0.204751176     0.218638061
  84     1      50               0  7.73454063e-05  9.37928135e-05    0.0549125101    0.0017650192     0.204751176     0.218638061
          wgpu 1d 134g 186c x3w 4ms | egraph 34g->40v+0snap 8ms | graft 10 (-39n, 0 snap) cpu 0 | f64 20 | gen 0.2s | dropped inexpr 1 oversz 0 unbuild 0 {}
  85     0     100               0  7.73454063e-05  9.37928135e-05    0.0549125101    0.0017650192     0.204751176     0.218638061
  85     1      50               0  7.73454063e-05  9.37928135e-05    0.0549125101    0.0017650192     0.204751176     0.218638061
          wgpu 1d 123g 172c x3w 3ms | egraph 20g->26v+0snap 6ms | graft 6 (-33n, 0 snap) cpu 0 | f64 20 | gen 0.3s
  86     0     100               0  7.73454063e-05  9.37928135e-05    0.0549125101    0.0017650192     0.204751176     0.218638061
  86     1      50               0  7.73454063e-05  9.37928135e-05    0.0549125101    0.0017650192     0.204751176     0.218638061
          wgpu 1d 136g 180c x3w 3ms | egraph 30g->34v+0snap 6ms | graft 8 (-23n, 0 snap) cpu 0 | f64 20 | gen 0.2s | dropped inexpr 1 oversz 0 unbuild 0 {}
  87     0     100               0  7.73454063e-05  9.37928135e-05    0.0549125101    0.0017650192     0.204751176     0.218638061
  87     1      50               0  7.73454063e-05  9.37928135e-05    0.0549125101    0.0017650192     0.204751176     0.218638061
          wgpu 1d 121g 167c x3w 3ms | egraph 23g->21v+0snap 5ms | graft 2 (-6n, 0 snap) cpu 0 | f64 20 | gen 0.1s | dropped inexpr 1 oversz 0 unbuild 0 {}
  88     0     100               0  7.73454063e-05  9.37928135e-05    0.0549125101    0.0017650192     0.204751176     0.218638061
  88     1      50               0  7.73454063e-05  9.37928135e-05    0.0549125101    0.0017650192     0.204751176     0.218638061
          wgpu 1d 124g 178c x3w 3ms | egraph 21g->32v+0snap 6ms | graft 5 (-13n, 0 snap) cpu 0 | f64 20 | gen 0.1s
  89     0     100               0  7.73454063e-05  9.37928135e-05    0.0549125101    0.0017650192     0.204751176     0.218638061
  89     1      50               0  7.73454063e-05  9.37928135e-05    0.0549125101    0.0017650192     0.204751176     0.218638061
          wgpu 1d 115g 170c x3w 3ms | egraph 14g->24v+0snap 3ms | graft 3 (-9n, 0 snap) cpu 0 | f64 20 | gen 0.1s
  90     0     100               0  7.73454063e-05  9.37928135e-05    0.0549125101    0.0017650192     0.204751176     0.218638061
  90     1      50               0  7.73454063e-05  9.37928135e-05    0.0549125101    0.0017650192     0.204751176     0.218638061
          wgpu 1d 146g 182c x3w 4ms | egraph 28g->36v+0snap 6ms | graft 12 (-30n, 0 snap) cpu 0 | f64 20 | gen 0.1s | dropped inexpr 1 oversz 0 unbuild 0 {}
--------- pump migration: intra (promote-2 + intake-reset) + cross ---------
  91     0     100               0  7.73454063e-05  9.37928135e-05    0.0549125101    0.0017650192     0.204751176     0.218638061
  91     1      50               0  7.73454063e-05  9.37928135e-05    0.0549125101    0.0017650192     0.204751176     0.218638061
          wgpu 2d 323g 326c x3w 13ms | egraph 94g->100v+0snap 21ms | graft 19 (-93n, 0 snap) cpu 0 | f64 30 | gen 0.1s | dropped inexpr 5 oversz 0 unbuild 0 {}
  92     0     100               0  7.73454063e-05  9.37928135e-05    0.0549125101    0.0017650192     0.204751176     0.218638061
  92     1      50               0  7.73454063e-05  9.37928135e-05    0.0549125101    0.0017650192     0.204751176     0.218638061
          wgpu 1d 125g 194c x3w 3ms | egraph 20g->48v+0snap 6ms | graft 5 (-14n, 0 snap) cpu 0 | f64 20 | gen 0.1s
  93     0     100               0  7.73454063e-05  9.37928135e-05    0.0549125101    0.0017650192     0.204751176     0.218638061
  93     1      50               0  7.73454063e-05  9.37928135e-05    0.0549125101    0.0017650192     0.204751176     0.218638061
          wgpu 1d 127g 189c x3w 3ms | egraph 19g->43v+0snap 5ms | graft 2 (-12n, 0 snap) cpu 0 | f64 20 | gen 0.2s | dropped inexpr 3 oversz 0 unbuild 0 {}
  94     0     100               0  7.73454063e-05  9.37928135e-05    0.0549125101    0.0017650192     0.204751176     0.218638061
  94     1      50               0  7.73454063e-05  9.37928135e-05    0.0549125101    0.0017650192     0.204751176     0.218638061
          wgpu 1d 127g 172c x3w 3ms | egraph 15g->26v+0snap 6ms | graft 5 (-14n, 0 snap) cpu 0 | f64 20 | gen 0.2s | dropped inexpr 1 oversz 0 unbuild 0 {}
  95     0     100               0  7.73454063e-05  9.37928135e-05    0.0549125101    0.0017650192     0.204751176     0.218638061
  95     1      50               0  7.73454063e-05  9.37928135e-05    0.0549125101    0.0017650192     0.204751176     0.218638061
          wgpu 1d 146g 178c x3w 4ms | egraph 31g->32v+0snap 7ms | graft 13 (-35n, 0 snap) cpu 0 | f64 20 | gen 0.1s
  96     0     100               0  7.73454063e-05  9.37928135e-05    0.0549125101    0.0017650192     0.204751176     0.218638061
  96     1      50               0  7.73454063e-05  9.37928135e-05    0.0549125101    0.0017650192     0.204751176     0.218638061
          wgpu 1d 124g 173c x3w 3ms | egraph 20g->27v+0snap 5ms | graft 7 (-18n, 0 snap) cpu 0 | f64 20 | gen 0.2s | dropped inexpr 1 oversz 0 unbuild 0 {}
  97     0     100               0  7.73454063e-05  9.37928135e-05    0.0549125101    0.0017650192     0.204751176     0.218638061
  97     1      50               0  7.73454063e-05  9.37928135e-05    0.0549125101    0.0017650192     0.204751176     0.218638061
          wgpu 1d 122g 186c x3w 4ms | egraph 25g->40v+0snap 6ms | graft 8 (-28n, 0 snap) cpu 0 | f64 20 | gen 0.1s | dropped inexpr 1 oversz 0 unbuild 0 {}
  98     0     100               0  7.73454063e-05  9.37928135e-05    0.0549125101    0.0017650192     0.204751176     0.218638061
  98     1      50               0  7.73454063e-05  9.37928135e-05    0.0549125101    0.0017650192     0.204751176     0.218638061
          wgpu 1d 143g 177c x3w 3ms | egraph 22g->31v+0snap 5ms | graft 4 (-15n, 0 snap) cpu 0 | f64 20 | gen 0.1s | dropped inexpr 2 oversz 0 unbuild 0 {}
  99     0     100               0  7.73454063e-05  9.37928135e-05    0.0549125101    0.0017650192     0.204751176     0.218638061
  99     1      50               0  7.73454063e-05  9.37928135e-05    0.0549125101    0.0017650192     0.204751176     0.218638061
          wgpu 1d 121g 172c x3w 3ms | egraph 13g->26v+0snap 3ms | graft 1 (-2n, 0 snap) cpu 0 | f64 20 | gen 0.1s | dropped inexpr 2 oversz 0 unbuild 0 {}
 100     0     100               0  7.73454063e-05  9.37928135e-05    0.0549125101    0.0017650192     0.204751176     0.218638061
 100     1      50               0  7.73454063e-05  9.37928135e-05    0.0549125101    0.0017650192     0.204751176     0.218638061
          wgpu 1d 124g 184c x3w 3ms | egraph 15g->38v+0snap 4ms | graft 9 (-25n, 0 snap) cpu 0 | f64 20 | gen 0.1s | dropped inexpr 2 oversz 0 unbuild 0 {}
--------- pump migration: intra (promote-2 + intake-reset) ---------
 101     0     100               0  7.73454063e-05  9.37928135e-05    0.0549125101    0.0017650192     0.204751176     0.218638061
 101     1      50               0  7.73454063e-05  9.37928135e-05    0.0549125101    0.0017650192     0.204751176     0.218638061
          wgpu 2d 367g 506c x3w 8ms | egraph 93g->280v+0snap 26ms | graft 20 (-112n, 0 snap) cpu 0 | f64 30 | gen 0.2s | dropped inexpr 5 oversz 0 unbuild 0 {}
 102     0     100               0  7.73454063e-05  9.37928135e-05    0.0549125101    0.0017650192     0.204751176     0.218638061
 102     1      50               0  7.73454063e-05  9.37928135e-05    0.0549125101    0.0017650192     0.204751176     0.218638061
          wgpu 1d 135g 192c x3w 3ms | egraph 23g->46v+0snap 6ms | graft 3 (-8n, 0 snap) cpu 0 | f64 20 | gen 0.1s | dropped inexpr 3 oversz 0 unbuild 0 {}
 103     0     100               0  7.73454063e-05  9.37928135e-05    0.0549125101    0.0017650192     0.204751176     0.218638061
 103     1      50               0  7.73454063e-05  9.37928135e-05    0.0549125101    0.0017650192     0.204751176     0.218638061
          wgpu 1d 132g 178c x3w 3ms | egraph 18g->32v+0snap 4ms | graft 4 (-10n, 0 snap) cpu 0 | f64 20 | gen 0.2s | dropped inexpr 1 oversz 0 unbuild 0 {}
 104     0     100               0  7.73454063e-05  9.37928135e-05    0.0549125101    0.0017650192     0.204751176     0.218638061
 104     1      50               0  7.73454063e-05  9.37928135e-05    0.0549125101    0.0017650192     0.204751176     0.218638061
          wgpu 1d 111g 179c x3w 3ms | egraph 13g->33v+0snap 4ms | graft 4 (-13n, 0 snap) cpu 0 | f64 20 | gen 0.1s | dropped inexpr 1 oversz 0 unbuild 0 {}
 105     0     100               0  7.73454063e-05  9.37928135e-05    0.0549125101    0.0017650192     0.204751176     0.218638061
 105     1      50               0  7.73454063e-05  9.37928135e-05    0.0549125101    0.0017650192     0.204751176     0.218638061
          wgpu 1d 124g 172c x3w 3ms | egraph 13g->26v+0snap 4ms | graft 4 (-12n, 0 snap) cpu 0 | f64 20 | gen 0.2s
 106     0     100               0  7.73454063e-05  9.37928135e-05    0.0549125101    0.0017650192     0.204751176     0.218638061
 106     1      50               0  7.73454063e-05  9.37928135e-05    0.0549125101    0.0017650192     0.204751176     0.218638061
          wgpu 1d 113g 172c x3w 3ms | egraph 18g->26v+0snap 5ms | graft 4 (-19n, 0 snap) cpu 0 | f64 20 | gen 0.1s | dropped inexpr 1 oversz 0 unbuild 0 {}
 107     0     100               0  7.73454063e-05  9.37928135e-05    0.0549125101    0.0017650192     0.204751176     0.218638061
 107     1      50               0  7.73454063e-05  9.37928135e-05    0.0549125101    0.0017650192     0.204751176     0.218638061
          wgpu 1d 115g 169c x3w 3ms | egraph 14g->23v+0snap 4ms | graft 4 (-13n, 0 snap) cpu 0 | f64 20 | gen 0.1s | dropped inexpr 1 oversz 0 unbuild 0 {}
 108     0     100               0  7.73454063e-05  9.37928135e-05    0.0549125101    0.0017650192     0.204751176     0.218638061
 108     1      50               0  7.73454063e-05  9.37928135e-05    0.0549125101    0.0017650192     0.204751176     0.218638061
          wgpu 1d 114g 163c x3w 3ms | egraph 10g->17v+0snap 14ms | graft 5 (-14n, 0 snap) cpu 0 | f64 20 | gen 0.1s | dropped inexpr 1 oversz 0 unbuild 0 {}
 109     0     100               0  7.73454063e-05  9.37928135e-05    0.0549125101    0.0017650192     0.204751176     0.218638061
 109     1      50               0  7.73454063e-05  9.37928135e-05    0.0549125101    0.0017650192     0.204751176     0.218638061
          wgpu 1d 113g 169c x3w 3ms | egraph 9g->23v+0snap 3ms | graft 5 (-14n, 0 snap) cpu 0 | f64 20 | gen 0.1s
 110     0     100               0  7.73454063e-05  9.37928135e-05    0.0549125101    0.0017650192     0.204751176     0.218638061
 110     1      50               0  7.73454063e-05  9.37928135e-05    0.0549125101    0.0017650192     0.204751176     0.218638061
          wgpu 1d 127g 169c x3w 4ms | egraph 14g->23v+0snap 16ms | graft 4 (-10n, 0 snap) cpu 0 | f64 20 | gen 0.1s | dropped inexpr 1 oversz 0 unbuild 0 {}
--------- pump migration: intra (promote-2 + intake-reset) ---------
 111     0     100               0  7.73454063e-05  9.37928135e-05    0.0549125101    0.0017650192     0.204751176     0.218638061
 111     1      50               0  7.73454063e-05  9.37928135e-05    0.0549125101    0.0017650192     0.204751176     0.218638061
          wgpu 2d 331g 317c x3w 7ms | egraph 104g->91v+0snap 22ms | graft 24 (-86n, 0 snap) cpu 0 | f64 30 | gen 0.1s | dropped inexpr 2 oversz 0 unbuild 0 {}
 112     0     100               0  7.73454063e-05  9.37928135e-05    0.0549125101    0.0017650192     0.204751176     0.218638061
 112     1      50               0  7.73454063e-05  9.37928135e-05    0.0549125101    0.0017650192     0.204751176     0.218638061
          wgpu 1d 130g 172c x3w 4ms | egraph 25g->26v+0snap 7ms | graft 5 (-16n, 0 snap) cpu 0 | f64 20 | gen 0.1s | dropped inexpr 2 oversz 0 unbuild 0 {}
 113     0     100               0  7.73454063e-05  9.37928135e-05    0.0549125101    0.0017650192     0.204751176     0.218638061
 113     1      50               0  7.73454063e-05  9.37928135e-05    0.0549125101    0.0017650192     0.204751176     0.218638061
          wgpu 1d 112g 167c x3w 4ms | egraph 15g->21v+0snap 4ms | graft 2 (-6n, 0 snap) cpu 0 | f64 20 | gen 0.1s | dropped inexpr 1 oversz 0 unbuild 0 {}
 114     0     100               0  7.73454063e-05  9.37928135e-05    0.0549125101    0.0017650192     0.204751176     0.218638061
 114     1      50               0  7.73454063e-05  9.37928135e-05    0.0549125101    0.0017650192     0.204751176     0.218638061
          wgpu 1d 124g 174c x3w 3ms | egraph 13g->28v+0snap 3ms | graft 5 (-17n, 0 snap) cpu 0 | f64 20 | gen 0.1s
 115     0     100               0  7.73454063e-05  9.37928135e-05    0.0549125101    0.0017650192     0.204751176     0.218638061
 115     1      50               0  7.73454063e-05  9.37928135e-05    0.0549125101    0.0017650192     0.204751176     0.218638061
          wgpu 1d 122g 168c x3w 3ms | egraph 19g->22v+0snap 4ms | graft 1 (-2n, 0 snap) cpu 0 | f64 20 | gen 0.1s | dropped inexpr 1 oversz 0 unbuild 0 {}
 116     0     100               0  7.73454063e-05  9.37928135e-05    0.0549125101    0.0017650192     0.204751176     0.218638061
 116     1      50               0  7.73454063e-05  9.37928135e-05    0.0549125101    0.0017650192     0.204751176     0.218638061
          wgpu 1d 129g 169c x3w 4ms | egraph 18g->23v+0snap 4ms | graft 2 (-4n, 0 snap) cpu 0 | f64 20 | gen 0.1s | dropped inexpr 1 oversz 0 unbuild 0 {}
 117     0     100               0  7.73454063e-05  9.37928135e-05    0.0549125101    0.0017650192     0.204751176     0.218638061
 117     1      50               0  7.73454063e-05  9.37928135e-05    0.0549125101    0.0017650192     0.204751176     0.218638061
          wgpu 1d 147g 182c x3w 4ms | egraph 29g->36v+0snap 6ms | graft 5 (-23n, 0 snap) cpu 0 | f64 20 | gen 0.1s | dropped inexpr 1 oversz 0 unbuild 0 {}
 118     0     100               0  7.73454063e-05  9.37928135e-05    0.0549125101    0.0017650192     0.204751176     0.218638061
 118     1      50               0  7.73454063e-05  9.37928135e-05    0.0549125101    0.0017650192     0.204751176     0.218638061
          wgpu 1d 117g 174c x3w 3ms | egraph 20g->28v+0snap 5ms | graft 2 (-5n, 0 snap) cpu 0 | f64 20 | gen 0.1s | dropped inexpr 2 oversz 0 unbuild 0 {}
 119     0     100               0  7.73454063e-05  9.37928135e-05    0.0549125101    0.0017650192     0.204751176     0.218638061
 119     1      50               0  7.73454063e-05  9.37928135e-05    0.0549125101    0.0017650192     0.204751176     0.218638061
          wgpu 1d 129g 180c x3w 3ms | egraph 19g->34v+0snap 5ms | graft 6 (-19n, 0 snap) cpu 0 | f64 20 | gen 0.1s | dropped inexpr 1 oversz 0 unbuild 0 {}
 120     0     100               0  7.73454063e-05  9.37928135e-05    0.0549125101    0.0017650192     0.204751176     0.218638061
 120     1      50               0  7.73454063e-05  9.37928135e-05    0.0549125101    0.0017650192     0.204751176     0.218638061
          wgpu 1d 109g 157c x3w 4ms | egraph 12g->11v+0snap 3ms | graft 7 (-17n, 0 snap) cpu 0 | f64 20 | gen 0.1s
--------- pump migration: intra (promote-2 + intake-reset) + cross ---------
 121     0     100               0  7.73454063e-05  9.37928135e-05    0.0549125101    0.0017650192     0.204751176     0.218638061
 121     1      50               0  7.73454063e-05  9.37928135e-05    0.0549125101    0.0017650192     0.204751176     0.218638061
          wgpu 2d 288g 300c x3w 7ms | egraph 88g->74v+0snap 22ms | graft 17 (-62n, 0 snap) cpu 0 | f64 30 | gen 0.1s | dropped inexpr 2 oversz 0 unbuild 0 {}
 122     0     100               0  7.73454063e-05  9.37928135e-05    0.0549125101    0.0017650192     0.204751176     0.218638061
 122     1      50               0  7.73454063e-05  9.37928135e-05    0.0549125101    0.0017650192     0.204751176     0.218638061
          wgpu 1d 110g 161c x3w 3ms | egraph 14g->15v+0snap 3ms | graft 2 (-5n, 0 snap) cpu 0 | f64 20 | gen 0.1s
 123     0     100               0  7.73454063e-05  9.37928135e-05    0.0549125101    0.0017650192     0.204751176     0.218638061
 123     1      50               0  7.73454063e-05  9.37928135e-05    0.0549125101    0.0017650192     0.204751176     0.218638061
          wgpu 1d 120g 175c x3w 3ms | egraph 28g->29v+0snap 6ms | graft 3 (-7n, 0 snap) cpu 0 | f64 20 | gen 0.2s
 124     0     100               0  7.73454063e-05  9.37928135e-05    0.0549125101    0.0017650192     0.204751176     0.218638061
 124     1      50               0  7.73454063e-05  9.37928135e-05    0.0549125101    0.0017650192     0.204751176     0.218638061
          wgpu 1d 114g 169c x3w 4ms | egraph 11g->23v+0snap 3ms | graft 3 (-8n, 0 snap) cpu 0 | f64 20 | gen 0.1s
 125     0     100               0  7.73454063e-05  9.37928135e-05    0.0549125101    0.0017650192     0.204751176     0.218638061
 125     1      50               0  7.73454063e-05  9.37928135e-05    0.0549125101    0.0017650192     0.204751176     0.218638061
          wgpu 1d 115g 174c x3w 3ms | egraph 23g->28v+0snap 5ms | graft 8 (-20n, 0 snap) cpu 0 | f64 20 | gen 0.1s
 126     0     100               0  7.73454063e-05  9.37928135e-05    0.0549125101    0.0017650192     0.204751176     0.218638061
 126     1      50               0  7.73454063e-05  9.37928135e-05    0.0549125101    0.0017650192     0.204751176     0.218638061
          wgpu 1d 130g 190c x3w 3ms | egraph 18g->44v+0snap 5ms | graft 6 (-21n, 0 snap) cpu 0 | f64 20 | gen 0.1s
 127     0     100               0  7.73454063e-05  9.37928135e-05    0.0549125101    0.0017650192     0.204751176     0.218638061
 127     1      50               0  7.73454063e-05  9.37928135e-05    0.0549125101    0.0017650192     0.204751176     0.218638061
          wgpu 1d 114g 177c x3w 3ms | egraph 14g->31v+0snap 11ms | graft 3 (-12n, 0 snap) cpu 0 | f64 20 | gen 0.1s | dropped inexpr 1 oversz 0 unbuild 0 {}
 128     0     100               0  7.73454063e-05  9.37928135e-05    0.0549125101    0.0017650192     0.204751176     0.218638061
 128     1      50               0  7.73454063e-05  9.37928135e-05    0.0549125101    0.0017650192     0.204751176     0.218638061
          wgpu 1d 132g 178c x3w 4ms | egraph 14g->32v+0snap 4ms | graft 7 (-23n, 0 snap) cpu 0 | f64 20 | gen 0.1s
 129     0     100               0  7.73454063e-05  9.37928135e-05    0.0549125101    0.0017650192     0.204751176     0.218638061
 129     1      50               0  7.73454063e-05  9.37928135e-05    0.0549125101    0.0017650192     0.204751176     0.218638061
          wgpu 1d 123g 173c x3w 3ms | egraph 18g->27v+0snap 4ms | graft 3 (-11n, 0 snap) cpu 0 | f64 20 | gen 0.1s
 130     0     100               0  7.73454063e-05  9.37928135e-05    0.0549125101    0.0017650192     0.204751176     0.218638061
 130     1      50               0  7.73454063e-05  9.37928135e-05    0.0549125101    0.0017650192     0.204751176     0.218638061
          wgpu 1d 131g 167c x3w 3ms | egraph 19g->21v+0snap 5ms | graft 2 (-4n, 0 snap) cpu 0 | f64 20 | gen 0.1s
--------- pump migration: intra (promote-2 + intake-reset) ---------
 131     0     100               0  7.73454063e-05  9.37928135e-05    0.0549125101    0.0017650192     0.204751176     0.218638061
 131     1      50               0  7.73454063e-05  9.37928135e-05    0.0549125101    0.0017650192     0.204751176     0.218638061
          wgpu 2d 282g 302c x3w 7ms | egraph 81g->76v+0snap 17ms | graft 8 (-31n, 0 snap) cpu 0 | f64 30 | gen 0.1s | dropped inexpr 3 oversz 0 unbuild 0 {}
 132     0     100               0  7.73454063e-05  9.37928135e-05    0.0549125101    0.0017650192     0.204751176     0.218638061
 132     1      50               0  7.73454063e-05  9.37928135e-05    0.0549125101    0.0017650192     0.204751176     0.218638061
          wgpu 1d 117g 170c x3w 3ms | egraph 16g->24v+0snap 4ms | graft 3 (-8n, 0 snap) cpu 0 | f64 20 | gen 0.1s | dropped inexpr 1 oversz 0 unbuild 0 {}
 133     0     100               0  7.73454063e-05  9.37928135e-05    0.0549125101    0.0017650192     0.204751176     0.218638061
 133     1      50               0  7.73454063e-05  9.37928135e-05    0.0549125101    0.0017650192     0.204751176     0.218638061
          wgpu 1d 114g 179c x3w 3ms | egraph 18g->33v+0snap 5ms | graft 6 (-17n, 0 snap) cpu 0 | f64 20 | gen 0.1s
 134     0     100               0  7.73454063e-05  9.37928135e-05    0.0549125101    0.0017650192     0.204751176     0.218638061
 134     1      50               0  7.73454063e-05  9.37928135e-05    0.0549125101    0.0017650192     0.204751176     0.218638061
          wgpu 1d 109g 177c x3w 3ms | egraph 12g->31v+0snap 3ms | graft 7 (-22n, 0 snap) cpu 0 | f64 20 | gen 0.1s | dropped inexpr 1 oversz 0 unbuild 0 {}
 135     0     100               0  7.73454063e-05  9.37928135e-05    0.0549125101    0.0017650192     0.204751176     0.218638061
 135     1      50               0  7.73454063e-05  9.37928135e-05    0.0549125101    0.0017650192     0.204751176     0.218638061
          wgpu 1d 115g 169c x3w 4ms | egraph 22g->23v+0snap 5ms | graft 7 (-17n, 0 snap) cpu 0 | f64 20 | gen 0.1s
 136     0     100               0  7.73454063e-05  9.37928135e-05    0.0549125101    0.0017650192     0.204751176     0.218638061
 136     1      50               0  7.73454063e-05  9.37928135e-05    0.0549125101    0.0017650192     0.204751176     0.218638061
          wgpu 1d 125g 185c x3w 4ms | egraph 21g->39v+0snap 5ms | graft 8 (-22n, 0 snap) cpu 0 | f64 20 | gen 0.1s | dropped inexpr 1 oversz 0 unbuild 0 {}
 137     0     100               0  7.73454063e-05  9.37928135e-05    0.0549125101    0.0017650192     0.204751176     0.218638061
 137     1      50               0  7.73454063e-05  9.37928135e-05    0.0549125101    0.0017650192     0.204751176     0.218638061
          wgpu 1d 110g 180c x3w 3ms | egraph 16g->34v+0snap 4ms | graft 9 (-25n, 0 snap) cpu 0 | f64 20 | gen 0.1s | dropped inexpr 1 oversz 0 unbuild 0 {}
 138     0     100               0  7.73454063e-05  9.37928135e-05    0.0549125101    0.0017650192     0.204751176     0.218638061
 138     1      50               0  7.73454063e-05  9.37928135e-05    0.0549125101    0.0017650192     0.204751176     0.218638061
          wgpu 1d 124g 173c x3w 3ms | egraph 16g->27v+0snap 12ms | graft 5 (-11n, 0 snap) cpu 0 | f64 20 | gen 0.1s
 139     0     100               0  7.73454063e-05  9.37928135e-05    0.0549125101    0.0017650192     0.204751176     0.218638061
 139     1      50               0  7.73454063e-05  9.37928135e-05    0.0549125101    0.0017650192     0.204751176     0.218638061
          wgpu 1d 125g 174c x3w 4ms | egraph 14g->28v+0snap 4ms | graft 6 (-13n, 0 snap) cpu 0 | f64 20 | gen 0.1s | dropped inexpr 1 oversz 0 unbuild 0 {}
 140     0     100               0  7.73454063e-05  9.37928135e-05    0.0549125101    0.0017650192     0.204751176     0.218638061
 140     1      50               0  7.73454063e-05  9.37928135e-05    0.0549125101    0.0017650192     0.204751176     0.218638061
          wgpu 1d 128g 178c x3w 4ms | egraph 13g->32v+0snap 3ms | graft 5 (-11n, 0 snap) cpu 0 | f64 20 | gen 0.1s | dropped inexpr 1 oversz 0 unbuild 0 {}
--------- pump migration: intra (promote-2 + intake-reset) ---------
 141     0     100               0  7.73454063e-05  9.37928135e-05    0.0549125101    0.0017650192     0.204751176     0.218638061
 141     1      50               0  7.73454063e-05  9.37928135e-05    0.0549125101    0.0017650192     0.204751176     0.218638061
          wgpu 2d 312g 333c x3w 16ms | egraph 84g->107v+0snap 21ms | graft 14 (-84n, 0 snap) cpu 0 | f64 30 | gen 0.1s | dropped inexpr 4 oversz 0 unbuild 0 {}
 142     0     100               0  7.73454063e-05  9.37928135e-05    0.0549125101    0.0017650192     0.204751176     0.218638061
 142     1      50               0  7.73454063e-05  9.37928135e-05    0.0549125101    0.0017650192     0.204751176     0.218638061
          wgpu 1d 117g 162c x3w 3ms | egraph 14g->16v+0snap 3ms | graft 6 (-17n, 0 snap) cpu 0 | f64 20 | gen 0.2s | dropped inexpr 1 oversz 0 unbuild 0 {}
 143     0     100               0  7.73454063e-05  9.37928135e-05    0.0549125101    0.0017650192     0.204751176     0.218638061
 143     1      50               0  7.73454063e-05  9.37928135e-05    0.0549125101    0.0017650192     0.204751176     0.218638061
          wgpu 1d 128g 174c x3w 3ms | egraph 15g->28v+0snap 3ms | graft 5 (-13n, 0 snap) cpu 0 | f64 20 | gen 0.1s | dropped inexpr 2 oversz 0 unbuild 0 {}
 144     0     100               0  7.73454063e-05  9.37928135e-05    0.0549125101    0.0017650192     0.204751176     0.218638061
 144     1      50               0  7.73454063e-05  9.37928135e-05    0.0549125101    0.0017650192     0.204751176     0.218638061
          wgpu 1d 128g 175c x3w 4ms | egraph 14g->29v+0snap 3ms | graft 8 (-24n, 0 snap) cpu 0 | f64 20 | gen 0.1s
 145     0     100               0  7.73454063e-05  9.37928135e-05    0.0549125101    0.0017650192     0.204751176     0.218638061
 145     1      50               0  7.73454063e-05  9.37928135e-05    0.0549125101    0.0017650192     0.204751176     0.218638061
          wgpu 1d 138g 183c x3w 3ms | egraph 24g->37v+0snap 6ms | graft 9 (-26n, 0 snap) cpu 0 | f64 20 | gen 0.2s | dropped inexpr 1 oversz 0 unbuild 0 {}
 146     0     100               0  7.73454063e-05  9.37928135e-05    0.0549125101    0.0017650192     0.204751176     0.218638061
 146     1      50               0  7.73454063e-05  9.37928135e-05    0.0549125101    0.0017650192     0.204751176     0.218638061
          wgpu 1d 150g 181c x3w 3ms | egraph 20g->35v+0snap 4ms | graft 8 (-21n, 0 snap) cpu 0 | f64 20 | gen 0.1s | dropped inexpr 2 oversz 0 unbuild 0 {}
 147     0     100               0  7.73454063e-05  9.37928135e-05    0.0549125101    0.0017650192     0.204751176     0.218638061
 147     1      50               0  7.73454063e-05  9.37928135e-05    0.0549125101    0.0017650192     0.204751176     0.218638061
          wgpu 1d 117g 174c x3w 3ms | egraph 20g->28v+0snap 13ms | graft 6 (-15n, 0 snap) cpu 0 | f64 20 | gen 0.1s | dropped inexpr 2 oversz 0 unbuild 0 {}
 148     0     100               0  7.73454063e-05  9.37928135e-05    0.0549125101    0.0017650192     0.204751176     0.218638061
 148     1      50               0  7.73454063e-05  9.37928135e-05    0.0549125101    0.0017650192     0.204751176     0.218638061
          wgpu 1d 115g 167c x3w 12ms | egraph 15g->21v+0snap 16ms | graft 3 (-8n, 0 snap) cpu 0 | f64 20 | gen 0.2s
 149     0     100               0  7.73454063e-05  9.37928135e-05    0.0549125101    0.0017650192     0.204751176     0.218638061
 149     1      50               0  7.73454063e-05  9.37928135e-05    0.0549125101    0.0017650192     0.204751176     0.218638061
          wgpu 1d 134g 172c x3w 3ms | egraph 19g->26v+0snap 4ms | graft 7 (-18n, 0 snap) cpu 0 | f64 20 | gen 0.1s | dropped inexpr 1 oversz 0 unbuild 0 {}
 150     0     100               0  7.73454063e-05  9.37928135e-05    0.0549125101    0.0017650192     0.204751176     0.218638061
 150     1      50               0  7.73454063e-05  9.37928135e-05    0.0549125101    0.0017650192     0.204751176     0.218638061
          wgpu 1d 113g 168c x3w 3ms | egraph 11g->22v+0snap 3ms | graft 6 (-18n, 0 snap) cpu 0 | f64 20 | gen 0.1s
--------- pump migration: intra (promote-2 + intake-reset) + cross ---------
 151     0     100               0  7.73454063e-05  9.37928135e-05    0.0549125101    0.0017650192     0.204751176     0.218638061
 151     1      50               0  7.73454063e-05  9.37928135e-05    0.0549125101    0.0017650192     0.204751176     0.218638061
          wgpu 2d 298g 298c x3w 8ms | egraph 90g->72v+0snap 19ms | graft 9 (-42n, 0 snap) cpu 0 | f64 30 | gen 0.1s | dropped inexpr 8 oversz 0 unbuild 0 {}
 152     0     100               0  7.73454063e-05  9.37928135e-05    0.0549125101    0.0017650192     0.204751176     0.218638061
 152     1      50               0  7.73454063e-05  9.37928135e-05    0.0549125101    0.0017650192     0.204751176     0.218638061
          wgpu 1d 142g 182c x3w 4ms | egraph 27g->36v+0snap 6ms | graft 5 (-24n, 0 snap) cpu 0 | f64 20 | gen 0.1s | dropped inexpr 2 oversz 0 unbuild 0 {}
 153     0     100               0  7.73454063e-05  9.37928135e-05    0.0549125101    0.0017650192     0.204751176     0.218638061
 153     1      50               0  7.73454063e-05  9.37928135e-05    0.0549125101    0.0017650192     0.204751176     0.218638061
          wgpu 1d 127g 168c x3w 3ms | egraph 15g->22v+0snap 4ms | graft 5 (-14n, 0 snap) cpu 0 | f64 20 | gen 0.2s | dropped inexpr 1 oversz 0 unbuild 0 {}
 154     0     100               0  7.73454063e-05  9.37928135e-05    0.0549125101    0.0017650192     0.204751176     0.218638061
 154     1      50               0  7.73454063e-05  9.37928135e-05    0.0549125101    0.0017650192     0.204751176     0.218638061
          wgpu 1d 118g 176c x3w 3ms | egraph 15g->30v+0snap 4ms | graft 6 (-17n, 0 snap) cpu 0 | f64 20 | gen 0.1s
 155     0     100               0  7.73454063e-05  9.37928135e-05    0.0549125101    0.0017650192     0.204751176     0.218638061
 155     1      50               0  7.73454063e-05  9.37928135e-05    0.0549125101    0.0017650192     0.204751176     0.218638061
          wgpu 1d 108g 177c x3w 3ms | egraph 15g->31v+0snap 3ms | graft 6 (-18n, 0 snap) cpu 0 | f64 20 | gen 0.1s | dropped inexpr 1 oversz 0 unbuild 0 {}
 156     0     100               0  7.73454063e-05  9.37928135e-05    0.0549125101    0.0017650192     0.204751176     0.218638061
 156     1      50               0  7.73454063e-05  9.37928135e-05    0.0549125101    0.0017650192     0.204751176     0.218638061
          wgpu 1d 137g 173c x3w 3ms | egraph 15g->27v+0snap 4ms | graft 4 (-13n, 0 snap) cpu 0 | f64 20 | gen 0.1s | dropped inexpr 1 oversz 0 unbuild 0 {}
 157     0     100               0  7.73454063e-05  9.37928135e-05    0.0549125101    0.0017650192     0.204751176     0.218638061
 157     1      50               0  7.73454063e-05  9.37928135e-05    0.0549125101    0.0017650192     0.204751176     0.218638061
          wgpu 1d 114g 172c x3w 6ms | egraph 10g->26v+0snap 3ms | graft 3 (-10n, 0 snap) cpu 0 | f64 20 | gen 0.1s
 158     0     100               0  7.73454063e-05  9.37928135e-05    0.0549125101    0.0017650192     0.204751176     0.218638061
 158     1      50               0  7.73454063e-05  9.37928135e-05    0.0549125101    0.0017650192     0.204751176     0.218638061
          wgpu 1d 128g 176c x3w 11ms | egraph 18g->30v+0snap 5ms | graft 4 (-11n, 0 snap) cpu 0 | f64 20 | gen 0.1s | dropped inexpr 4 oversz 0 unbuild 0 {}
 159     0     100               0  7.73454063e-05  9.37928135e-05    0.0549125101    0.0017650192     0.204751176     0.218638061
 159     1      50               0  7.73454063e-05  9.37928135e-05    0.0549125101    0.0017650192     0.204751176     0.218638061
          wgpu 1d 124g 188c x3w 3ms | egraph 14g->42v+0snap 3ms | graft 16 (-36n, 0 snap) cpu 0 | f64 20 | gen 0.1s
 160     0     100               0  7.73454063e-05  9.37928135e-05    0.0549125101    0.0017650192     0.204751176     0.218638061
 160     1      50               0  7.73454063e-05  9.37928135e-05    0.0549125101    0.0017650192     0.204751176     0.218638061
          wgpu 1d 115g 170c x3w 3ms | egraph 10g->24v+0snap 3ms | graft 2 (-5n, 0 snap) cpu 0 | f64 20 | gen 0.1s
--------- pump migration: intra (promote-2 + intake-reset) ---------
 161     0     100               0  7.73454063e-05  9.37928135e-05    0.0549125101    0.0017650192     0.204751176     0.218638061
 161     1      50               0  7.73454063e-05  9.37928135e-05    0.0549125101    0.0017650192     0.204751176     0.218638061
          wgpu 2d 287g 300c x3w 8ms | egraph 83g->74v+0snap 20ms | graft 11 (-25n, 0 snap) cpu 0 | f64 30 | gen 0.2s | dropped inexpr 2 oversz 0 unbuild 0 {}
 162     0     100               0  7.73454063e-05  9.37928135e-05    0.0549125101    0.0017650192     0.204751176     0.218638061
 162     1      50               0  7.73454063e-05  9.37928135e-05    0.0549125101    0.0017650192     0.204751176     0.218638061
          wgpu 1d 122g 181c x3w 3ms | egraph 16g->35v+0snap 4ms | graft 5 (-12n, 0 snap) cpu 0 | f64 20 | gen 0.1s | dropped inexpr 2 oversz 0 unbuild 0 {}
 163     0     100               0  7.73454063e-05  9.37928135e-05    0.0549125101    0.0017650192     0.204751176     0.218638061
 163     1      50               0  7.73454063e-05  9.37928135e-05    0.0549125101    0.0017650192     0.204751176     0.218638061
          wgpu 1d 145g 185c x3w 3ms | egraph 22g->39v+0snap 5ms | graft 9 (-34n, 0 snap) cpu 0 | f64 20 | gen 0.1s | dropped inexpr 3 oversz 0 unbuild 0 {}
 164     0     100               0  7.73454063e-05  9.37928135e-05    0.0549125101    0.0017650192     0.204751176     0.218638061
 164     1      50               0  7.73454063e-05  9.37928135e-05    0.0549125101    0.0017650192     0.204751176     0.218638061
          wgpu 1d 116g 164c x3w 3ms | egraph 8g->18v+0snap 2ms | graft 3 (-6n, 0 snap) cpu 0 | f64 20 | gen 0.1s
 165     0     100               0  7.73454063e-05  9.37928135e-05    0.0549125101    0.0017650192     0.204751176     0.218638061
 165     1      50               0  7.73454063e-05  9.37928135e-05    0.0549125101    0.0017650192     0.204751176     0.218638061
          wgpu 1d 134g 175c x3w 3ms | egraph 19g->29v+0snap 5ms | graft 2 (-7n, 0 snap) cpu 0 | f64 20 | gen 0.1s | dropped inexpr 1 oversz 0 unbuild 0 {}
 166     0     100               0  7.73454063e-05  9.37928135e-05    0.0549125101    0.0017650192     0.204751176     0.218638061
 166     1      50               0  7.73454063e-05  9.37928135e-05    0.0549125101    0.0017650192     0.204751176     0.218638061
          wgpu 1d 126g 179c x3w 3ms | egraph 18g->33v+0snap 4ms | graft 9 (-23n, 0 snap) cpu 0 | f64 20 | gen 0.2s | dropped inexpr 1 oversz 0 unbuild 0 {}
 167     0     100               0  7.73454063e-05  9.37928135e-05    0.0549125101    0.0017650192     0.204751176     0.218638061
 167     1      50               0  7.73454063e-05  9.37928135e-05    0.0549125101    0.0017650192     0.204751176     0.218638061
          wgpu 1d 115g 175c x3w 3ms | egraph 13g->29v+0snap 3ms | graft 3 (-6n, 0 snap) cpu 0 | f64 20 | gen 0.1s | dropped inexpr 1 oversz 0 unbuild 0 {}
 168     0     100               0  7.73454063e-05  9.37928135e-05    0.0549125101    0.0017650192     0.204751176     0.218638061
 168     1      50               0  7.73454063e-05  9.37928135e-05    0.0549125101    0.0017650192     0.204751176     0.218638061
          wgpu 1d 128g 176c x3w 3ms | egraph 17g->30v+0snap 4ms | graft 9 (-28n, 0 snap) cpu 0 | f64 20 | gen 0.1s
 169     0     100               0  7.73454063e-05  9.37928135e-05    0.0549125101    0.0017650192     0.204751176     0.218638061
 169     1      50               0  7.73454063e-05  9.37928135e-05    0.0549125101    0.0017650192     0.204751176     0.218638061
          wgpu 1d 136g 174c x3w 3ms | egraph 16g->28v+0snap 4ms | graft 5 (-10n, 0 snap) cpu 0 | f64 20 | gen 0.1s | dropped inexpr 1 oversz 0 unbuild 0 {}
 170     0     100               0  7.73454063e-05  9.37928135e-05    0.0549125101    0.0017650192     0.204751176     0.218638061
 170     1      50               0  7.73454063e-05  9.37928135e-05    0.0549125101    0.0017650192     0.204751176     0.218638061
          wgpu 1d 115g 171c x3w 3ms | egraph 18g->25v+0snap 4ms | graft 6 (-21n, 0 snap) cpu 0 | f64 20 | gen 0.1s
--------- pump migration: intra (promote-2 + intake-reset) ---------
 171     0     100               0  7.73454063e-05  9.37928135e-05    0.0549125101    0.0017650192     0.204751176     0.218638061
 171     1      50               0  7.73454063e-05  9.37928135e-05    0.0549125101    0.0017650192     0.204751176     0.218638061
          wgpu 2d 345g 385c x3w 8ms | egraph 99g->159v+0snap 22ms | graft 16 (-42n, 0 snap) cpu 0 | f64 30 | gen 0.2s | dropped inexpr 3 oversz 0 unbuild 0 {}
 172     0     100               0  7.73454063e-05  9.37928135e-05    0.0549125101    0.0017650192     0.204751176     0.218638061
 172     1      50               0  7.73454063e-05  9.37928135e-05    0.0549125101    0.0017650192     0.204751176     0.218638061
          wgpu 1d 139g 184c x3w 3ms | egraph 19g->38v+0snap 4ms | graft 2 (-5n, 0 snap) cpu 0 | f64 20 | gen 0.1s | dropped inexpr 1 oversz 0 unbuild 0 {}
 173     0     100               0  7.73454063e-05  9.37928135e-05    0.0549125101    0.0017650192     0.204751176     0.218638061
 173     1      50               0  7.73454063e-05  9.37928135e-05    0.0549125101    0.0017650192     0.204751176     0.218638061
          wgpu 1d 127g 171c x3w 3ms | egraph 18g->25v+0snap 4ms | graft 5 (-14n, 0 snap) cpu 0 | f64 20 | gen 0.1s | dropped inexpr 1 oversz 0 unbuild 0 {}
 174     0     100               0  7.73454063e-05  9.37928135e-05    0.0549125101    0.0017650192     0.204751176     0.218638061
 174     1      50               0  7.73454063e-05  9.37928135e-05    0.0549125101    0.0017650192     0.204751176     0.218638061
          wgpu 1d 116g 173c x3w 7ms | egraph 12g->27v+0snap 3ms | graft 6 (-17n, 0 snap) cpu 0 | f64 20 | gen 0.1s
 175     0     100               0  7.73454063e-05  9.37928135e-05    0.0549125101    0.0017650192     0.204751176     0.218638061
 175     1      50               0  7.73454063e-05  9.37928135e-05    0.0549125101    0.0017650192     0.204751176     0.218638061
          wgpu 1d 141g 186c x3w 4ms | egraph 21g->40v+0snap 5ms | graft 5 (-13n, 0 snap) cpu 0 | f64 20 | gen 0.1s | dropped inexpr 1 oversz 0 unbuild 0 {}
 176     0     100               0  7.73454063e-05  9.37928135e-05    0.0549125101    0.0017650192     0.204751176     0.218638061
 176     1      50               0  7.73454063e-05  9.37928135e-05    0.0549125101    0.0017650192     0.204751176     0.218638061
          wgpu 1d 133g 177c x3w 3ms | egraph 19g->31v+0snap 4ms | graft 3 (-8n, 0 snap) cpu 0 | f64 20 | gen 0.1s
 177     0     100               0  7.73454063e-05  9.37928135e-05    0.0549125101    0.0017650192     0.204751176     0.218638061
 177     1      50               0  7.73454063e-05  9.37928135e-05    0.0549125101    0.0017650192     0.204751176     0.218638061
          wgpu 1d 115g 164c x3w 3ms | egraph 7g->18v+0snap 2ms | graft 3 (-9n, 0 snap) cpu 0 | f64 20 | gen 0.1s
 178     0     100               0  7.73454063e-05  9.37928135e-05    0.0549125101    0.0017650192     0.204751176     0.218638061
 178     1      50               0  7.73454063e-05  9.37928135e-05    0.0549125101    0.0017650192     0.204751176     0.218638061
          wgpu 1d 133g 173c x3w 3ms | egraph 16g->27v+0snap 4ms | graft 5 (-14n, 0 snap) cpu 0 | f64 20 | gen 0.1s
 179     0     100               0  7.73454063e-05  9.37928135e-05    0.0549125101    0.0017650192     0.204751176     0.218638061
 179     1      50               0  7.73454063e-05  9.37928135e-05    0.0549125101    0.0017650192     0.204751176     0.218638061
          wgpu 1d 136g 203c x3w 4ms | egraph 18g->57v+0snap 7ms | graft 11 (-29n, 0 snap) cpu 0 | f64 20 | gen 0.1s
 180     0     100               0  7.73454063e-05  9.37928135e-05    0.0549125101    0.0017650192     0.204751176     0.218638061
 180     1      50               0  7.73454063e-05  9.37928135e-05    0.0549125101    0.0017650192     0.204751176     0.218638061
          wgpu 1d 124g 175c x3w 3ms | egraph 21g->29v+0snap 5ms | graft 7 (-18n, 0 snap) cpu 0 | f64 20 | gen 0.1s
--------- pump migration: intra (promote-2 + intake-reset) + cross ---------
 181     0     100               0  7.73454063e-05  9.37928135e-05    0.0549125101    0.0017650192     0.204751176     0.218638061
 181     1      50               0  7.73454063e-05  9.37928135e-05    0.0549125101    0.0017650192     0.204751176     0.218638061
          wgpu 2d 281g 297c x3w 7ms | egraph 81g->71v+0snap 16ms | graft 6 (-23n, 0 snap) cpu 0 | f64 30 | gen 0.1s | dropped inexpr 4 oversz 0 unbuild 0 {}
 182     0     100               0  7.73454063e-05  9.37928135e-05    0.0549125101    0.0017650192     0.204751176     0.218638061
 182     1      50               0  7.73454063e-05  9.37928135e-05    0.0549125101    0.0017650192     0.204751176     0.218638061
          wgpu 1d 126g 173c x3w 4ms | egraph 22g->27v+0snap 6ms | graft 9 (-29n, 0 snap) cpu 0 | f64 20 | gen 0.2s | dropped inexpr 1 oversz 0 unbuild 0 {}
 183     0     100               0  7.73454063e-05  9.37928135e-05    0.0549125101    0.0017650192     0.204751176     0.218638061
 183     1      50               0  7.73454063e-05  9.37928135e-05    0.0549125101    0.0017650192     0.204751176     0.218638061
          wgpu 1d 118g 167c x3w 3ms | egraph 14g->21v+0snap 5ms | graft 4 (-14n, 0 snap) cpu 0 | f64 20 | gen 0.2s
 184     0     100               0  7.73454063e-05  9.37928135e-05    0.0549125101    0.0017650192     0.204751176     0.218638061
 184     1      50               0  7.73454063e-05  9.37928135e-05    0.0549125101    0.0017650192     0.204751176     0.218638061
          wgpu 1d 146g 179c x3w 3ms | egraph 22g->33v+0snap 9ms | graft 6 (-18n, 0 snap) cpu 0 | f64 20 | gen 0.1s
 185     0     100               0  7.73454063e-05  9.37928135e-05    0.0549125101    0.0017650192     0.204751176     0.218638061
 185     1      50               0  7.73454063e-05  9.37928135e-05    0.0549125101    0.0017650192     0.204751176     0.218638061
          wgpu 1d 112g 176c x3w 3ms | egraph 12g->30v+0snap 3ms | graft 6 (-16n, 0 snap) cpu 0 | f64 20 | gen 0.2s | dropped inexpr 1 oversz 0 unbuild 0 {}
 186     0     100               0  7.73454063e-05  9.37928135e-05    0.0549125101    0.0017650192     0.204751176     0.218638061
 186     1      50               0  7.73454063e-05  9.37928135e-05    0.0549125101    0.0017650192     0.204751176     0.218638061
          wgpu 1d 136g 181c x3w 14ms | egraph 14g->35v+0snap 4ms | graft 7 (-25n, 0 snap) cpu 0 | f64 20 | gen 0.1s
 187     0     100               0  7.73454063e-05  9.37928135e-05    0.0549125101    0.0017650192     0.204751176     0.218638061
 187     1      50               0  7.73454063e-05  9.37928135e-05    0.0549125101    0.0017650192     0.204751176     0.218638061
          wgpu 1d 142g 187c x3w 16ms | egraph 16g->41v+0snap 6ms | graft 7 (-19n, 0 snap) cpu 0 | f64 20 | gen 0.2s
 188     0     100               0  7.73454063e-05  9.37928135e-05    0.0549125101    0.0017650192     0.204751176     0.218638061
 188     1      50               0  7.73454063e-05  9.37928135e-05    0.0549125101    0.0017650192     0.204751176     0.218638061
          wgpu 1d 127g 179c x3w 3ms | egraph 11g->33v+0snap 3ms | graft 4 (-10n, 0 snap) cpu 0 | f64 20 | gen 0.1s
 189     0     100               0  7.73454063e-05  9.37928135e-05    0.0549125101    0.0017650192     0.204751176     0.218638061
 189     1      50               0  7.73454063e-05  9.37928135e-05    0.0549125101    0.0017650192     0.204751176     0.218638061
          wgpu 1d 123g 179c x3w 10ms | egraph 13g->33v+0snap 3ms | graft 2 (-5n, 0 snap) cpu 0 | f64 20 | gen 0.1s
 190     0     100               0  7.73454063e-05  9.37928135e-05    0.0549125101    0.0017650192     0.204751176     0.218638061
 190     1      50               0  7.73454063e-05  9.37928135e-05    0.0549125101    0.0017650192     0.204751176     0.218638061
          wgpu 1d 139g 176c x3w 4ms | egraph 13g->30v+0snap 3ms | graft 5 (-11n, 0 snap) cpu 0 | f64 20 | gen 0.1s
--------- pump migration: intra (promote-2 + intake-reset) ---------
 191     0     100               0  7.73454063e-05  9.37928135e-05    0.0549125101    0.0017650192     0.204751176     0.218638061
 191     1      50               0  7.73454063e-05  9.37928135e-05    0.0549125101    0.0017650192     0.204751176     0.218638061
          wgpu 2d 336g 336c x3w 8ms | egraph 98g->110v+0snap 22ms | graft 22 (-88n, 0 snap) cpu 0 | f64 30 | gen 0.1s | dropped inexpr 1 oversz 0 unbuild 0 {}
 192     0     100               0  7.73454063e-05  9.37928135e-05    0.0549125101    0.0017650192     0.204751176     0.218638061
 192     1      50               0  7.73454063e-05  9.37928135e-05    0.0549125101    0.0017650192     0.204751176     0.218638061
          wgpu 1d 120g 181c x3w 3ms | egraph 17g->35v+0snap 6ms | graft 8 (-21n, 0 snap) cpu 0 | f64 20 | gen 0.1s | dropped inexpr 2 oversz 0 unbuild 0 {}
 193     0     100               0  7.73454063e-05  9.37928135e-05    0.0549125101    0.0017650192     0.204751176     0.218638061
 193     1      50               0  7.73454063e-05  9.37928135e-05    0.0549125101    0.0017650192     0.204751176     0.218638061
          wgpu 1d 117g 171c x3w 4ms | egraph 18g->25v+0snap 4ms | graft 3 (-16n, 0 snap) cpu 0 | f64 20 | gen 0.1s | dropped inexpr 1 oversz 0 unbuild 0 {}
 194     0     100               0  7.73454063e-05  9.37928135e-05    0.0549125101    0.0017650192     0.204751176     0.218638061
 194     1      50               0  7.73454063e-05  9.37928135e-05    0.0549125101    0.0017650192     0.204751176     0.218638061
          wgpu 1d 134g 170c x3w 4ms | egraph 21g->24v+0snap 5ms | graft 4 (-15n, 0 snap) cpu 0 | f64 20 | gen 0.1s
 195     0     100               0  7.73454063e-05  9.37928135e-05    0.0549125101    0.0017650192     0.204751176     0.218638061
 195     1      50               0  7.73454063e-05  9.37928135e-05    0.0549125101    0.0017650192     0.204751176     0.218638061
          wgpu 1d 138g 175c x3w 4ms | egraph 16g->29v+0snap 4ms | graft 6 (-18n, 0 snap) cpu 0 | f64 20 | gen 0.1s | dropped inexpr 2 oversz 0 unbuild 0 {}
 196     0     100               0  7.73454063e-05  9.37928135e-05    0.0549125101    0.0017650192     0.204751176     0.218638061
 196     1      50               0  7.73454063e-05  9.37928135e-05    0.0549125101    0.0017650192     0.204751176     0.218638061
          wgpu 1d 115g 184c x3w 3ms | egraph 13g->38v+0snap 4ms | graft 10 (-35n, 0 snap) cpu 0 | f64 20 | gen 0.1s | dropped inexpr 1 oversz 0 unbuild 0 {}
 197     0     100               0  7.73454063e-05  9.37928135e-05    0.0549125101    0.0017650192     0.204751176     0.218638061
 197     1      50               0  7.73454063e-05  9.37928135e-05    0.0549125101    0.0017650192     0.204751176     0.218638061
          wgpu 1d 112g 169c x3w 3ms | egraph 19g->23v+0snap 4ms | graft 3 (-17n, 0 snap) cpu 0 | f64 20 | gen 0.1s | dropped inexpr 1 oversz 0 unbuild 0 {}
 198     0     100               0  7.73454063e-05  9.37928135e-05    0.0549125101    0.0017650192     0.204751176     0.218638061
 198     1      50               0  7.73454063e-05  9.37928135e-05    0.0549125101    0.0017650192     0.204751176     0.218638061
          wgpu 1d 130g 172c x3w 3ms | egraph 18g->26v+0snap 5ms | graft 4 (-22n, 0 snap) cpu 0 | f64 20 | gen 0.2s
 199     0     100               0  7.73454063e-05  9.37928135e-05    0.0549125101    0.0017650192     0.204751176     0.218638061
 199     1      50               0  7.73454063e-05  9.37928135e-05    0.0549125101    0.0017650192     0.204751176     0.218638061
          wgpu 1d 118g 186c x3w 19ms | egraph 17g->40v+0snap 5ms | graft 3 (-8n, 0 snap) cpu 0 | f64 20 | gen 0.2s
 200     0     100               0  7.73454063e-05  9.37928135e-05    0.0549125101    0.0017650192     0.204751176     0.218638061
 200     1      50               0  7.73454063e-05  9.37928135e-05    0.0549125101    0.0017650192     0.204751176     0.218638061
          wgpu 1d 114g 178c x3w 3ms | egraph 16g->32v+0snap 4ms | graft 3 (-9n, 0 snap) cpu 0 | f64 20 | gen 0.1s | dropped inexpr 3 oversz 0 unbuild 0 {}
--------- pump migration: intra (promote-2 + intake-reset) ---------
 201     0     100               0  7.73454063e-05  9.37928135e-05    0.0549125101    0.0017650192     0.204751176     0.218638061
 201     1      50               0  7.73454063e-05  9.37928135e-05    0.0549125101    0.0017650192     0.204751176     0.218638061
          wgpu 2d 306g 384c x3w 16ms | egraph 87g->158v+0snap 20ms | graft 20 (-62n, 0 snap) cpu 0 | f64 30 | gen 0.1s | dropped inexpr 3 oversz 0 unbuild 0 {}
 202     0     100               0  7.73454063e-05  9.37928135e-05    0.0549125101    0.0017650192     0.204751176     0.218638061
 202     1      50               0  7.73454063e-05  9.37928135e-05    0.0549125101    0.0017650192     0.204751176     0.218638061
          wgpu 1d 116g 183c x3w 3ms | egraph 12g->37v+0snap 3ms | graft 3 (-6n, 0 snap) cpu 0 | f64 20 | gen 0.1s | dropped inexpr 2 oversz 0 unbuild 0 {}
 203     0     100               0  7.73454063e-05  9.37928135e-05    0.0549125101    0.0017650192     0.204751176     0.218638061
 203     1      50               0  7.73454063e-05  9.37928135e-05    0.0549125101    0.0017650192     0.204751176     0.218638061
          wgpu 1d 114g 169c x3w 3ms | egraph 12g->23v+0snap 3ms | graft 9 (-23n, 0 snap) cpu 0 | f64 20 | gen 0.1s
 204     0     100               0  7.73454063e-05  9.37928135e-05    0.0549125101    0.0017650192     0.204751176     0.218638061
 204     1      50               0  7.73454063e-05  9.37928135e-05    0.0549125101    0.0017650192     0.204751176     0.218638061
          wgpu 1d 122g 175c x3w 3ms | egraph 18g->29v+0snap 4ms | graft 7 (-17n, 0 snap) cpu 0 | f64 20 | gen 0.1s
 205     0     100               0  7.73454063e-05  9.37928135e-05    0.0549125101    0.0017650192     0.204751176     0.218638061
 205     1      50               0  7.73454063e-05  9.37928135e-05    0.0549125101    0.0017650192     0.204751176     0.218638061
          wgpu 1d 133g 179c x3w 3ms | egraph 18g->33v+0snap 4ms | graft 7 (-21n, 0 snap) cpu 0 | f64 20 | gen 0.1s
 206     0     100               0  7.73454063e-05  9.37928135e-05    0.0549125101    0.0017650192     0.204751176     0.218638061
 206     1      50               0  7.73454063e-05  9.37928135e-05    0.0549125101    0.0017650192     0.204751176     0.218638061
          wgpu 1d 109g 170c x3w 3ms | egraph 14g->24v+0snap 3ms | graft 3 (-10n, 0 snap) cpu 0 | f64 20 | gen 0.1s
 207     0     100               0  7.73454063e-05  9.37928135e-05    0.0549125101    0.0017650192     0.204751176     0.218638061
 207     1      50               0  7.73454063e-05  9.37928135e-05    0.0549125101    0.0017650192     0.204751176     0.218638061
          wgpu 1d 125g 182c x3w 3ms | egraph 15g->36v+0snap 4ms | graft 7 (-21n, 0 snap) cpu 0 | f64 20 | gen 0.1s | dropped inexpr 1 oversz 0 unbuild 0 {}
 208     0     100               0  7.73454063e-05  9.37928135e-05    0.0549125101    0.0017650192     0.204751176     0.218638061
 208     1      50               0  7.73454063e-05  9.37928135e-05    0.0549125101    0.0017650192     0.204751176     0.218638061
          wgpu 1d 124g 174c x3w 3ms | egraph 17g->28v+0snap 4ms | graft 7 (-17n, 0 snap) cpu 0 | f64 20 | gen 0.1s
 209     0     100               0  7.73454063e-05  9.37928135e-05    0.0549125101    0.0017650192     0.204751176     0.218638061
 209     1      50               0  7.73454063e-05  9.37928135e-05    0.0549125101    0.0017650192     0.204751176     0.218638061
          wgpu 1d 122g 170c x3w 3ms | egraph 21g->24v+0snap 6ms | graft 5 (-15n, 0 snap) cpu 0 | f64 20 | gen 0.1s | dropped inexpr 2 oversz 0 unbuild 0 {}
 210     0     100               0  7.73454063e-05  9.37928135e-05    0.0549125101    0.0017650192     0.204751176     0.218638061
 210     1      50               0  7.73454063e-05  9.37928135e-05    0.0549125101    0.0017650192     0.204751176     0.218638061
          wgpu 1d 110g 171c x3w 3ms | egraph 16g->25v+0snap 5ms | graft 4 (-8n, 0 snap) cpu 0 | f64 20 | gen 0.1s | dropped inexpr 1 oversz 0 unbuild 0 {}
--------- pump migration: intra (promote-2 + intake-reset) + cross ---------
 211     0     100               0  7.73454063e-05  9.37928135e-05    0.0549125101    0.0017650192     0.204751176     0.218638061
 211     1      50               0  7.73454063e-05  9.37928135e-05    0.0549125101    0.0017650192     0.204751176     0.218638061
          wgpu 2d 293g 305c x3w 8ms | egraph 88g->79v+0snap 20ms | graft 15 (-82n, 0 snap) cpu 0 | f64 30 | gen 0.1s | dropped inexpr 9 oversz 0 unbuild 0 {}
 212     0     100               0  7.73454063e-05  9.37928135e-05    0.0549125101    0.0017650192     0.204751176     0.218638061
 212     1      50               0  7.73454063e-05  9.37928135e-05    0.0549125101    0.0017650192     0.204751176     0.218638061
          wgpu 1d 106g 169c x3w 3ms | egraph 8g->23v+0snap 2ms | graft 1 (-5n, 0 snap) cpu 0 | f64 20 | gen 0.1s | dropped inexpr 1 oversz 0 unbuild 0 {}
 213     0     100               0  7.73454063e-05  9.37928135e-05    0.0549125101    0.0017650192     0.204751176     0.218638061
 213     1      50               0  7.73454063e-05  9.37928135e-05    0.0549125101    0.0017650192     0.204751176     0.218638061
          wgpu 1d 124g 189c x3w 10ms | egraph 13g->43v+0snap 3ms | graft 11 (-32n, 0 snap) cpu 0 | f64 20 | gen 0.1s
 214     0     100               0  7.73454063e-05  9.37928135e-05    0.0549125101    0.0017650192     0.204751176     0.218638061
 214     1      50               0  7.73454063e-05  9.37928135e-05    0.0549125101    0.0017650192     0.204751176     0.218638061
          wgpu 1d 134g 176c x3w 3ms | egraph 18g->30v+0snap 4ms | graft 5 (-11n, 0 snap) cpu 0 | f64 20 | gen 0.1s | dropped inexpr 2 oversz 0 unbuild 0 {}
 215     0     100               0  7.73454063e-05  9.37928135e-05    0.0549125101    0.0017650192     0.204751176     0.218638061
 215     1      50               0  7.73454063e-05  9.37928135e-05    0.0549125101    0.0017650192     0.204751176     0.218638061
          wgpu 1d 112g 170c x3w 3ms | egraph 10g->24v+0snap 3ms | graft 4 (-9n, 0 snap) cpu 0 | f64 20 | gen 0.1s | dropped inexpr 2 oversz 0 unbuild 0 {}
 216     0     100               0  7.73454063e-05  9.37928135e-05    0.0549125101    0.0017650192     0.204751176     0.218638061
 216     1      50               0  7.73454063e-05  9.37928135e-05    0.0549125101    0.0017650192     0.204751176     0.218638061
          wgpu 1d 116g 169c x3w 3ms | egraph 9g->23v+0snap 3ms | graft 7 (-21n, 0 snap) cpu 0 | f64 20 | gen 0.1s
 217     0     100               0  7.73454063e-05  9.37928135e-05    0.0549125101    0.0017650192     0.204751176     0.218638061
 217     1      50               0  7.73454063e-05  9.37928135e-05    0.0549125101    0.0017650192     0.204751176     0.218638061
          wgpu 1d 128g 182c x3w 3ms | egraph 16g->36v+0snap 4ms | graft 6 (-14n, 0 snap) cpu 0 | f64 20 | gen 0.1s
 218     0     100               0  7.73454063e-05  9.37928135e-05    0.0549125101    0.0017650192     0.204751176     0.218638061
 218     1      50               0  7.73454063e-05  9.37928135e-05    0.0549125101    0.0017650192     0.204751176     0.218638061
          wgpu 1d 125g 173c x3w 3ms | egraph 14g->27v+0snap 4ms | graft 7 (-27n, 0 snap) cpu 0 | f64 20 | gen 0.2s | dropped inexpr 1 oversz 0 unbuild 0 {}
 219     0     100               0  7.73454063e-05  9.37928135e-05    0.0549125101    0.0017650192     0.204751176     0.218638061
 219     1      50               0  7.73454063e-05  9.37928135e-05    0.0549125101    0.0017650192     0.204751176     0.218638061
          wgpu 1d 123g 181c x3w 3ms | egraph 11g->35v+0snap 3ms | graft 3 (-7n, 0 snap) cpu 0 | f64 20 | gen 0.1s | dropped inexpr 3 oversz 0 unbuild 0 {}
 220     0     100               0  7.73454063e-05  9.37928135e-05    0.0549125101    0.0017650192     0.204751176     0.218638061
 220     1      50               0  7.73454063e-05  9.37928135e-05    0.0549125101    0.0017650192     0.204751176     0.218638061
          wgpu 1d 111g 172c x3w 3ms | egraph 11g->26v+0snap 3ms | graft 5 (-11n, 0 snap) cpu 0 | f64 20 | gen 0.1s
--------- pump migration: intra (promote-2 + intake-reset) ---------
 221     0     100               0  0.000152547743  0.000180799539    0.0816526742  0.000252849201     0.403829151     0.421457245
 221     1      50               0  7.73454063e-05  9.37928135e-05    0.0549125101    0.0017650192     0.204751176     0.218638061
          wgpu 2d 295g 307c x3w 7ms | egraph 84g->81v+0snap 18ms | graft 14 (-70n, 0 snap) cpu 0 | f64 30 | gen 0.1s | dropped inexpr 5 oversz 0 unbuild 0 {}
 222     0     100               0  0.000152547743  0.000180799539    0.0816526742  0.000252849201     0.403829151     0.421457245
 222     1      50               0  7.73454063e-05  9.37928135e-05    0.0549125101    0.0017650192     0.204751176     0.218638061
          wgpu 1d 105g 165c x3w 3ms | egraph 15g->19v+0snap 4ms | graft 2 (-5n, 0 snap) cpu 0 | f64 20 | gen 0.1s
 223     0     100               0  0.000152547743  0.000180799539    0.0816526742  0.000252849201     0.403829151     0.421457245
 223     1      50               0  7.73454063e-05  9.37928135e-05    0.0549125101    0.0017650192     0.204751176     0.218638061
          wgpu 1d 107g 169c x3w 3ms | egraph 14g->23v+0snap 13ms | graft 1 (-2n, 0 snap) cpu 0 | f64 20 | gen 0.1s
 224     0     100               0  0.000152547743  0.000180799539    0.0816526742  0.000252849201     0.403829151     0.421457245
 224     1      50               0  7.73454063e-05  9.37928135e-05    0.0549125101    0.0017650192     0.204751176     0.218638061
          wgpu 1d 100g 160c x3w 3ms | egraph 13g->14v+0snap 3ms | graft 3 (-11n, 0 snap) cpu 0 | f64 20 | gen 0.1s
 225     0     100               0  0.000152547743  0.000180799539    0.0816526742  0.000252849201     0.403829151     0.421457245
 225     1      50               0  7.73454063e-05  9.37928135e-05    0.0549125101    0.0017650192     0.204751176     0.218638061
          wgpu 1d 128g 193c x3w 3ms | egraph 26g->47v+0snap 6ms | graft 6 (-17n, 0 snap) cpu 0 | f64 20 | gen 0.1s
 226     0     100               0  0.000152547743  0.000180799539    0.0816526742  0.000252849201     0.403829151     0.421457245
 226     1      50               0  7.73454063e-05  9.37928135e-05    0.0549125101    0.0017650192     0.204751176     0.218638061
          wgpu 1d 104g 178c x3w 3ms | egraph 18g->32v+0snap 5ms | graft 2 (-4n, 0 snap) cpu 0 | f64 20 | gen 0.1s | dropped inexpr 2 oversz 0 unbuild 0 {}
 227     0     100               0  0.000152547743  0.000180799539    0.0816526742  0.000252849201     0.403829151     0.421457245
 227     1      50               0  7.73454063e-05  9.37928135e-05    0.0549125101    0.0017650192     0.204751176     0.218638061
          wgpu 1d 110g 173c x3w 3ms | egraph 20g->27v+0snap 6ms | graft 3 (-6n, 0 snap) cpu 0 | f64 20 | gen 0.1s | dropped inexpr 1 oversz 0 unbuild 0 {}
 228     0     100               0  0.000152547743  0.000180799539    0.0816526742  0.000252849201     0.403829151     0.421457245
 228     1      50               0  7.73454063e-05  9.37928135e-05    0.0549125101    0.0017650192     0.204751176     0.218638061
          wgpu 1d 101g 166c x3w 3ms | egraph 12g->20v+0snap 4ms | graft 6 (-18n, 0 snap) cpu 0 | f64 20 | gen 0.1s
 229     0     100               0  0.000152547743  0.000180799539    0.0816526742  0.000252849201     0.403829151     0.421457245
 229     1      50               0  7.73454063e-05  9.37928135e-05    0.0549125101    0.0017650192     0.204751176     0.218638061
          wgpu 1d 128g 186c x3w 3ms | egraph 22g->40v+0snap 5ms | graft 5 (-18n, 0 snap) cpu 0 | f64 20 | gen 0.2s | dropped inexpr 4 oversz 0 unbuild 0 {}
 230     0     100               0  0.000152547743  0.000180799539    0.0816526742  0.000252849201     0.403829151     0.421457245
 230     1      50               0  7.73454063e-05  9.37928135e-05    0.0549125101    0.0017650192     0.204751176     0.218638061
          wgpu 1d 115g 178c x3w 3ms | egraph 15g->32v+0snap 4ms | graft 5 (-11n, 0 snap) cpu 0 | f64 20 | gen 0.1s | dropped inexpr 1 oversz 0 unbuild 0 {}
--------- pump migration: intra (promote-2 + intake-reset) ---------
 231     0     100               0  0.000152547743  0.000180799539    0.0816526742  0.000252849201     0.403829151     0.421457245
 231     1      50               0  7.73454063e-05  9.37928135e-05    0.0549125101    0.0017650192     0.204751176     0.218638061
          wgpu 2d 282g 323c x3w 7ms | egraph 80g->97v+0snap 22ms | graft 15 (-45n, 0 snap) cpu 0 | f64 30 | gen 0.1s | dropped inexpr 1 oversz 0 unbuild 0 {}
 232     0     100               0  0.000152547743  0.000180799539    0.0816526742  0.000252849201     0.403829151     0.421457245
 232     1      50               0  7.73454063e-05  9.37928135e-05    0.0549125101    0.0017650192     0.204751176     0.218638061
          wgpu 1d 131g 222c x3w 4ms | egraph 29g->76v+0snap 7ms | graft 5 (-11n, 0 snap) cpu 0 | f64 20 | gen 0.2s | dropped inexpr 3 oversz 0 unbuild 0 {}
 233     0     100               0  0.000152547743  0.000180799539    0.0816526742  0.000252849201     0.403829151     0.421457245
 233     1      50               0  0.000152547743  0.000180799539    0.0816526742  0.000252849201     0.403829151     0.421457245
          wgpu 1d 113g 193c x3w 5ms | egraph 17g->47v+0snap 5ms | graft 10 (-24n, 0 snap) cpu 0 | f64 20 | gen 0.1s | dropped inexpr 2 oversz 0 unbuild 0 {}
 234     0     100               0  0.000152547743  0.000180799539    0.0816526742  0.000252849201     0.403829151     0.421457245
 234     1      50               0  0.000152547743  0.000180799539    0.0816526742  0.000252849201     0.403829151     0.421457245
          wgpu 1d 116g 181c x3w 4ms | egraph 19g->35v+0snap 6ms | graft 6 (-30n, 0 snap) cpu 0 | f64 20 | gen 0.1s | dropped inexpr 2 oversz 0 unbuild 0 {}
 235     0     100               0  0.000152547743  0.000180799539    0.0816526742  0.000252849201     0.403829151     0.421457245
 235     1      50               0  0.000152547743  0.000180799539    0.0816526742  0.000252849201     0.403829151     0.421457245
          wgpu 1d 101g 159c x3w 4ms | egraph 18g->13v+0snap 4ms | graft 1 (-2n, 0 snap) cpu 0 | f64 20 | gen 0.2s
 236     0     100               0  0.000152547743  0.000180799539    0.0816526742  0.000252849201     0.403829151     0.421457245
 236     1      50               0  0.000152547743  0.000180799539    0.0816526742  0.000252849201     0.403829151     0.421457245
          wgpu 1d 86g 169c x3w 3ms | egraph 16g->23v+0snap 5ms | graft 0 (-0n, 0 snap) cpu 0 | f64 20 | gen 0.1s
 237     0     100               0  0.000152547743  0.000180799539    0.0816526742  0.000252849201     0.403829151     0.421457245
 237     1      50               0  0.000152547743  0.000180799539    0.0816526742  0.000252849201     0.403829151     0.421457245
          wgpu 1d 99g 178c x3w 3ms | egraph 22g->32v+0snap 6ms | graft 6 (-17n, 0 snap) cpu 0 | f64 20 | gen 0.1s
 238     0     100               0  0.000152547743  0.000180799539    0.0816526742  0.000252849201     0.403829151     0.421457245
 238     1      50               0  0.000152547743  0.000180799539    0.0816526742  0.000252849201     0.403829151     0.421457245
          wgpu 1d 77g 159c x3w 3ms | egraph 18g->13v+0snap 5ms | graft 1 (-2n, 0 snap) cpu 0 | f64 20 | gen 0.1s | dropped inexpr 1 oversz 0 unbuild 0 {}
 239     0     100               0  0.000152547743  0.000180799539    0.0816526742  0.000252849201     0.403829151     0.421457245
 239     1      50               0  0.000152547743  0.000180799539    0.0816526742  0.000252849201     0.403829151     0.421457245
          wgpu 1d 83g 161c x3w 3ms | egraph 16g->15v+0snap 4ms | graft 1 (-2n, 0 snap) cpu 0 | f64 20 | gen 0.1s
 240     0     100               0  0.000152547743  0.000180799539    0.0816526742  0.000252849201     0.403829151     0.421457245
 240     1      50               0  0.000152547743  0.000180799539    0.0816526742  0.000252849201     0.403829151     0.421457245
          wgpu 1d 84g 163c x3w 3ms | egraph 17g->17v+0snap 4ms | graft 3 (-6n, 0 snap) cpu 0 | f64 20 | gen 0.1s
--------- pump migration: intra (promote-2 + intake-reset) + cross ---------
 241     0     100               0  0.000152547743  0.000180799539    0.0816526742  0.000252849201     0.403829151     0.421457245
 241     1      50               0  0.000152547743  0.000180799539    0.0816526742  0.000252849201     0.403829151     0.421457245
          wgpu 2d 259g 299c x3w 7ms | egraph 92g->73v+0snap 32ms | graft 17 (-101n, 0 snap) cpu 0 | f64 30 | gen 0.2s | dropped inexpr 3 oversz 0 unbuild 0 {}
 242     0     100               0  0.000152547743  0.000180799539    0.0816526742  0.000252849201     0.403829151     0.421457245
 242     1      50               0  0.000152547743  0.000180799539    0.0816526742  0.000252849201     0.403829151     0.421457245
          wgpu 1d 69g 164c x3w 3ms | egraph 14g->18v+0snap 4ms | graft 1 (-2n, 0 snap) cpu 0 | f64 20 | gen 0.1s
 243     0     100               0  0.000152547743  0.000180799539    0.0816526742  0.000252849201     0.403829151     0.421457245
 243     1      50               0  0.000152547743  0.000180799539    0.0816526742  0.000252849201     0.403829151     0.421457245
          wgpu 1d 97g 173c x3w 4ms | egraph 23g->27v+0snap 9ms | graft 5 (-11n, 0 snap) cpu 0 | f64 20 | gen 0.5s
 244     0     100               0  0.000152547743  0.000180799539    0.0816526742  0.000252849201     0.403829151     0.421457245
 244     1      50               0  0.000152547743  0.000180799539    0.0816526742  0.000252849201     0.403829151     0.421457245
          wgpu 1d 112g 172c x3w 3ms | egraph 27g->26v+0snap 10ms | graft 2 (-10n, 0 snap) cpu 0 | f64 20 | gen 0.1s | dropped inexpr 1 oversz 0 unbuild 0 {}
 245     0     100               0  0.000152547743  0.000180799539    0.0816526742  0.000252849201     0.403829151     0.421457245
 245     1      50               0  0.000152547743  0.000180799539    0.0816526742  0.000252849201     0.403829151     0.421457245
          wgpu 1d 73g 166c x3w 3ms | egraph 10g->20v+0snap 3ms | graft 6 (-24n, 0 snap) cpu 0 | f64 20 | gen 0.2s
 246     0     100               0  0.000152547743  0.000180799539    0.0816526742  0.000252849201     0.403829151     0.421457245
 246     1      50               0  0.000152547743  0.000180799539    0.0816526742  0.000252849201     0.403829151     0.421457245
          wgpu 1d 101g 176c x3w 8ms | egraph 25g->30v+0snap 7ms | graft 9 (-48n, 0 snap) cpu 0 | f64 20 | gen 0.2s
 247     0     100               0  0.000152547743  0.000180799539    0.0816526742  0.000252849201     0.403829151     0.421457245
 247     1      50               0  0.000152547743  0.000180799539    0.0816526742  0.000252849201     0.403829151     0.421457245
          wgpu 1d 83g 161c x3w 3ms | egraph 21g->15v+0snap 7ms | graft 6 (-30n, 0 snap) cpu 0 | f64 20 | gen 0.1s | dropped inexpr 1 oversz 0 unbuild 0 {}
 248     0     100               0  0.000152547743  0.000180799539    0.0816526742  0.000252849201     0.403829151     0.421457245
 248     1      50               0  0.000152547743  0.000180799539    0.0816526742  0.000252849201     0.403829151     0.421457245
          wgpu 1d 104g 175c x3w 3ms | egraph 23g->29v+0snap 6ms | graft 4 (-9n, 0 snap) cpu 0 | f64 20 | gen 0.1s | dropped inexpr 1 oversz 0 unbuild 0 {}
 249     0     100               0  0.000152547743  0.000180799539    0.0816526742  0.000252849201     0.403829151     0.421457245
 249     1      50               0  0.000152547743  0.000180799539    0.0816526742  0.000252849201     0.403829151     0.421457245
          wgpu 1d 86g 163c x3w 3ms | egraph 15g->17v+0snap 4ms | graft 3 (-6n, 0 snap) cpu 0 | f64 20 | gen 0.1s | dropped inexpr 1 oversz 0 unbuild 0 {}
 250     0     100               0  0.000152547743  0.000180799539    0.0816526742  0.000252849201     0.403829151     0.421457245
 250     1      50               0  0.000152547743  0.000180799539    0.0816526742  0.000252849201     0.403829151     0.421457245
          wgpu 1d 96g 164c x3w 3ms | egraph 19g->18v+0snap 5ms | graft 0 (-0n, 0 snap) cpu 0 | f64 20 | gen 0.2s
--------- pump migration: intra (promote-2 + intake-reset) ---------
 251     0     100               0  0.000152547743  0.000180799539    0.0816526742  0.000252849201     0.403829151     0.421457245
 251     1      50               0  0.000152547743  0.000180799539    0.0816526742  0.000252849201     0.403829151     0.421457245
          wgpu 2d 352g 374c x3w 9ms | egraph 106g->148v+0snap 37ms | graft 34 (-150n, 0 snap) cpu 0 | f64 30 | gen 0.2s | dropped inexpr 27 oversz 0 unbuild 0 {}
 252     0     100               0  0.000152547743  0.000180799539    0.0816526742  0.000252849201     0.403829151     0.421457245
 252     1      50               0  0.000152547743  0.000180799539    0.0816526742  0.000252849201     0.403829151     0.421457245
          wgpu 1d 108g 164c x3w 3ms | egraph 28g->18v+0snap 7ms | graft 6 (-22n, 0 snap) cpu 0 | f64 20 | gen 0.2s
 253     0     100               0  0.000152547743  0.000180799539    0.0816526742  0.000252849201     0.403829151     0.421457245
 253     1      50               0  6.73652161e-05  8.20849072e-05    0.0718977827   0.00015513406     0.178331305     0.191346056
          wgpu 1d 94g 175c x3w 3ms | egraph 23g->29v+0snap 7ms | graft 4 (-28n, 0 snap) cpu 0 | f64 20 | gen 0.3s | dropped inexpr 1 oversz 0 unbuild 0 {}
 254     0     100               0  0.000152547743  0.000180799539    0.0816526742  0.000252849201     0.403829151     0.421457245
 254     1      50               0  0.000152547743  0.000180799539    0.0816526742  0.000252849201     0.403829151     0.421457245
          wgpu 1d 95g 162c x3w 9ms | egraph 18g->16v+0snap 19ms | graft 2 (-4n, 0 snap) cpu 0 | f64 20 | gen 0.2s | dropped inexpr 2 oversz 0 unbuild 0 {}
 255     0     100               0  0.000152547743  0.000180799539    0.0816526742  0.000252849201     0.403829151     0.421457245
 255     1      50               0  6.73652161e-05  8.20849072e-05    0.0718977827   0.00015513406     0.178331305     0.191346056
          wgpu 1d 84g 165c x3w 3ms | egraph 19g->19v+0snap 6ms | graft 4 (-16n, 0 snap) cpu 0 | f64 20 | gen 0.2s | dropped inexpr 2 oversz 0 unbuild 0 {}
 256     0     100               0  0.000152547743  0.000180799539    0.0816526742  0.000252849201     0.403829151     0.421457245
 256     1      50               0  6.73652161e-05  8.20849072e-05    0.0718977827   0.00015513406     0.178331305     0.191346056
          wgpu 1d 102g 169c x3w 3ms | egraph 33g->23v+0snap 8ms | graft 5 (-24n, 0 snap) cpu 0 | f64 20 | gen 0.2s
 257     0     100               0  0.000152547743  0.000180799539    0.0816526742  0.000252849201     0.403829151     0.421457245
 257     1      50               0  6.73652161e-05  8.20849072e-05    0.0718977827   0.00015513406     0.178331305     0.191346056
          wgpu 1d 100g 158c x3w 3ms | egraph 34g->12v+0snap 8ms | graft 1 (-2n, 0 snap) cpu 0 | f64 20 | gen 0.2s | dropped inexpr 2 oversz 0 unbuild 0 {}
 258     0     100               0  0.000152547743  0.000180799539    0.0816526742  0.000252849201     0.403829151     0.421457245
 258     1      50               0  6.73652161e-05  8.20849072e-05    0.0718977827   0.00015513406     0.178331305     0.191346056
          wgpu 1d 101g 166c x3w 3ms | egraph 29g->20v+0snap 6ms | graft 4 (-11n, 0 snap) cpu 0 | f64 20 | gen 0.2s | dropped inexpr 1 oversz 0 unbuild 0 {}
 259     0     100               0  0.000152547743  0.000180799539    0.0816526742  0.000252849201     0.403829151     0.421457245
 259     1      50               0  6.73652161e-05  8.20849072e-05    0.0718977827   0.00015513406     0.178331305     0.191346056
          wgpu 1d 110g 164c x3w 3ms | egraph 36g->18v+0snap 11ms | graft 0 (-0n, 0 snap) cpu 0 | f64 20 | gen 0.2s | dropped inexpr 1 oversz 0 unbuild 0 {}
 260     0     100               0  0.000152547743  0.000180799539    0.0816526742  0.000252849201     0.403829151     0.421457245
 260     1      50               0  6.73652161e-05  8.20849072e-05    0.0718977827   0.00015513406     0.178331305     0.191346056
          wgpu 1d 118g 165c x3w 3ms | egraph 37g->19v+0snap 8ms | graft 2 (-7n, 0 snap) cpu 0 | f64 20 | gen 0.2s | dropped inexpr 3 oversz 0 unbuild 0 {}
--------- pump migration: intra (promote-2 + intake-reset) ---------
 261     0     100               0  0.000152547743  0.000180799539    0.0816526742  0.000252849201     0.403829151     0.421457245
 261     1      50               0  3.48672375e-05   3.6615587e-05    0.0449158833  0.000140334259    0.0923016405     0.085353671
          wgpu 2d 298g 305c x3w 7ms | egraph 105g->79v+0snap 25ms | graft 13 (-38n, 0 snap) cpu 0 | f64 30 | gen 0.2s | dropped inexpr 1 oversz 0 unbuild 0 {}
 262     0     100               0  0.000152547743  0.000180799539    0.0816526742  0.000252849201     0.403829151     0.421457245
 262     1      50               0  3.48672375e-05   3.6615587e-05    0.0449158833  0.000140334259    0.0923016405     0.085353671
          wgpu 1d 135g 184c x3w 4ms | egraph 43g->38v+0snap 11ms | graft 6 (-20n, 0 snap) cpu 0 | f64 20 | gen 0.2s
 263     0     100               0  0.000152547743  0.000180799539    0.0816526742  0.000252849201     0.403829151     0.421457245
 263     1      50               0  3.48672375e-05   3.6615587e-05    0.0449158833  0.000140334259    0.0923016405     0.085353671
          wgpu 1d 100g 171c x3w 3ms | egraph 26g->25v+0snap 8ms | graft 4 (-15n, 0 snap) cpu 0 | f64 20 | gen 0.2s
 264     0     100               0  0.000152547743  0.000180799539    0.0816526742  0.000252849201     0.403829151     0.421457245
 264     1      50               0  0.000152547743  0.000180799539    0.0816526742  0.000252849201     0.403829151     0.421457245
          wgpu 1d 106g 165c x3w 3ms | egraph 29g->19v+0snap 7ms | graft 1 (-5n, 0 snap) cpu 0 | f64 20 | gen 0.2s
 265     0     100               0  0.000152547743  0.000180799539    0.0816526742  0.000252849201     0.403829151     0.421457245
 265     1      50               0  0.000152547743  0.000180799539    0.0816526742  0.000252849201     0.403829151     0.421457245
          wgpu 1d 90g 165c x3w 3ms | egraph 19g->19v+0snap 6ms | graft 3 (-8n, 0 snap) cpu 0 | f64 20 | gen 0.1s
 266     0     100               0  0.000152547743  0.000180799539    0.0816526742  0.000252849201     0.403829151     0.421457245
 266     1      50               0  0.000152547743  0.000180799539    0.0816526742  0.000252849201     0.403829151     0.421457245
          wgpu 1d 85g 166c x3w 3ms | egraph 22g->20v+0snap 8ms | graft 6 (-17n, 0 snap) cpu 0 | f64 20 | gen 0.2s | dropped inexpr 1 oversz 0 unbuild 0 {}
 267     0     100               0  0.000152547743  0.000180799539    0.0816526742  0.000252849201     0.403829151     0.421457245
 267     1      50               0  0.000152547743  0.000180799539    0.0816526742  0.000252849201     0.403829151     0.421457245
          wgpu 1d 91g 169c x3w 3ms | egraph 17g->23v+0snap 5ms | graft 6 (-26n, 0 snap) cpu 0 | f64 20 | gen 0.2s
 268     0     100               0  0.000152547743  0.000180799539    0.0816526742  0.000252849201     0.403829151     0.421457245
 268     1      50               0  3.48672375e-05   3.6615587e-05    0.0449158833  0.000140334259    0.0923016405     0.085353671
          wgpu 1d 109g 166c x3w 3ms | egraph 30g->20v+0snap 7ms | graft 1 (-13n, 0 snap) cpu 0 | f64 20 | gen 0.2s | dropped inexpr 2 oversz 0 unbuild 0 {}
 269     0     100               0  0.000152547743  0.000180799539    0.0816526742  0.000252849201     0.403829151     0.421457245
 269     1      50               0  3.48672375e-05   3.6615587e-05    0.0449158833  0.000140334259    0.0923016405     0.085353671
          wgpu 1d 108g 164c x3w 6ms | egraph 33g->18v+0snap 8ms | graft 3 (-14n, 0 snap) cpu 0 | f64 20 | gen 0.2s
 270     0     100               0  0.000152547743  0.000180799539    0.0816526742  0.000252849201     0.403829151     0.421457245
 270     1      50               0  3.48672375e-05   3.6615587e-05    0.0449158833  0.000140334259    0.0923016405     0.085353671
          wgpu 1d 125g 171c x3w 3ms | egraph 30g->25v+0snap 8ms | graft 5 (-16n, 0 snap) cpu 0 | f64 20 | gen 0.2s | dropped inexpr 1 oversz 0 unbuild 0 {}
--------- pump migration: intra (promote-2 + intake-reset) + cross ---------
 271     0     100               0  0.000152547743  0.000180799539    0.0816526742  0.000252849201     0.403829151     0.421457245
 271     1      50               0  3.48672375e-05   3.6615587e-05    0.0449158833  0.000140334259    0.0923016405     0.085353671
          wgpu 2d 258g 292c x3w 7ms | egraph 79g->66v+0snap 18ms | graft 9 (-37n, 0 snap) cpu 0 | f64 30 | gen 0.1s | dropped inexpr 1 oversz 0 unbuild 0 {}
 272     0     100               0  0.000152547743  0.000180799539    0.0816526742  0.000252849201     0.403829151     0.421457245
 272     1      50               0  3.48672375e-05   3.6615587e-05    0.0449158833  0.000140334259    0.0923016405     0.085353671
          wgpu 1d 120g 174c x3w 4ms | egraph 40g->28v+0snap 11ms | graft 8 (-23n, 0 snap) cpu 0 | f64 20 | gen 0.2s
 273     0     100               0  0.000152547743  0.000180799539    0.0816526742  0.000252849201     0.403829151     0.421457245
 273     1      50               0  3.48672375e-05   3.6615587e-05    0.0449158833  0.000140334259    0.0923016405     0.085353671
          wgpu 1d 116g 177c x3w 4ms | egraph 26g->31v+0snap 8ms | graft 12 (-37n, 0 snap) cpu 0 | f64 20 | gen 0.2s | dropped inexpr 1 oversz 0 unbuild 0 {}
 274     0     100               0  0.000152547743  0.000180799539    0.0816526742  0.000252849201     0.403829151     0.421457245
 274     1      50               0  3.48672375e-05   3.6615587e-05    0.0449158833  0.000140334259    0.0923016405     0.085353671
          wgpu 1d 100g 171c x3w 3ms | egraph 27g->25v+0snap 6ms | graft 6 (-24n, 0 snap) cpu 0 | f64 20 | gen 0.2s
 275     0     100               0  0.000152547743  0.000180799539    0.0816526742  0.000252849201     0.403829151     0.421457245
 275     1      50               0  3.48672375e-05   3.6615587e-05    0.0449158833  0.000140334259    0.0923016405     0.085353671
          wgpu 1d 92g 164c x3w 3ms | egraph 31g->18v+0snap 7ms | graft 4 (-14n, 0 snap) cpu 0 | f64 20 | gen 0.2s | dropped inexpr 1 oversz 0 unbuild 0 {}
 276     0     100               0  0.000152547743  0.000180799539    0.0816526742  0.000252849201     0.403829151     0.421457245
 276     1      50               0  3.48672375e-05   3.6615587e-05    0.0449158833  0.000140334259    0.0923016405     0.085353671
          wgpu 1d 112g 178c x3w 4ms | egraph 27g->32v+0snap 7ms | graft 5 (-23n, 0 snap) cpu 0 | f64 20 | gen 0.2s | dropped inexpr 2 oversz 0 unbuild 0 {}
 277     0     100               0  0.000152547743  0.000180799539    0.0816526742  0.000252849201     0.403829151     0.421457245
 277     1      50               0  3.48672375e-05   3.6615587e-05    0.0449158833  0.000140334259    0.0923016405     0.085353671
          wgpu 1d 113g 178c x3w 3ms | egraph 33g->32v+0snap 9ms | graft 5 (-26n, 0 snap) cpu 0 | f64 20 | gen 0.1s
 278     0     100               0  0.000152547743  0.000180799539    0.0816526742  0.000252849201     0.403829151     0.421457245
 278     1      50               0  3.48672375e-05   3.6615587e-05    0.0449158833  0.000140334259    0.0923016405     0.085353671
          wgpu 1d 109g 172c x3w 3ms | egraph 23g->26v+0snap 6ms | graft 4 (-14n, 0 snap) cpu 0 | f64 20 | gen 0.2s | dropped inexpr 2 oversz 0 unbuild 0 {}
 279     0     100               0  0.000152547743  0.000180799539    0.0816526742  0.000252849201     0.403829151     0.421457245
 279     1      50               0  3.48672375e-05   3.6615587e-05    0.0449158833  0.000140334259    0.0923016405     0.085353671
          wgpu 1d 117g 172c x3w 4ms | egraph 27g->26v+0snap 6ms | graft 6 (-20n, 0 snap) cpu 0 | f64 20 | gen 0.2s | dropped inexpr 2 oversz 0 unbuild 0 {}
 280     0     100               0  0.000152547743  0.000180799539    0.0816526742  0.000252849201     0.403829151     0.421457245
 280     1      50               0  3.48672375e-05   3.6615587e-05    0.0449158833  0.000140334259    0.0923016405     0.085353671
          wgpu 1d 89g 165c x3w 3ms | egraph 17g->19v+0snap 6ms | graft 5 (-14n, 0 snap) cpu 0 | f64 20 | gen 0.3s
--------- pump migration: intra (promote-2 + intake-reset) ---------
 281     0     100               0  0.000152547743  0.000180799539    0.0816526742  0.000252849201     0.403829151     0.421457245
 281     1      50               0  0.000152547743  0.000180799539    0.0816526742  0.000252849201     0.403829151     0.421457245
          wgpu 2d 257g 297c x3w 7ms | egraph 81g->71v+0snap 20ms | graft 9 (-33n, 0 snap) cpu 0 | f64 30 | gen 0.2s | dropped inexpr 1 oversz 0 unbuild 0 {}
 282     0     100               0  0.000152547743  0.000180799539    0.0816526742  0.000252849201     0.403829151     0.421457245
 282     1      50               0  0.000152547743  0.000180799539    0.0816526742  0.000252849201     0.403829151     0.421457245
          wgpu 1d 96g 167c x3w 3ms | egraph 21g->21v+0snap 23ms | graft 2 (-4n, 0 snap) cpu 0 | f64 20 | gen 0.2s
 283     0     100               0  0.000152547743  0.000180799539    0.0816526742  0.000252849201     0.403829151     0.421457245
 283     1      50               0  3.48672375e-05   3.6615587e-05    0.0449158833  0.000140334259    0.0923016405     0.085353671
          wgpu 1d 109g 177c x3w 7ms | egraph 31g->31v+0snap 8ms | graft 8 (-53n, 0 snap) cpu 0 | f64 20 | gen 0.2s
 284     0     100               0  0.000152547743  0.000180799539    0.0816526742  0.000252849201     0.403829151     0.421457245
 284     1      50               0  3.48672375e-05   3.6615587e-05    0.0449158833  0.000140334259    0.0923016405     0.085353671
          wgpu 1d 113g 167c x3w 3ms | egraph 25g->21v+0snap 5ms | graft 2 (-5n, 0 snap) cpu 0 | f64 20 | gen 0.1s | dropped inexpr 1 oversz 0 unbuild 0 {}
 285     0     100               0  0.000152547743  0.000180799539    0.0816526742  0.000252849201     0.403829151     0.421457245
 285     1      50               0  3.48672375e-05   3.6615587e-05    0.0449158833  0.000140334259    0.0923016405     0.085353671
          wgpu 1d 113g 171c x3w 3ms | egraph 25g->25v+0snap 25ms | graft 2 (-4n, 0 snap) cpu 0 | f64 20 | gen 0.2s | dropped inexpr 1 oversz 0 unbuild 0 {}
 286     0     100               0  0.000152547743  0.000180799539    0.0816526742  0.000252849201     0.403829151     0.421457245
 286     1      50               0  1.72943766e-05  1.69623467e-05    0.0154555351  0.000123908203    0.0457822141    0.0395404984
          wgpu 1d 115g 194c x3w 4ms | egraph 28g->48v+0snap 7ms | graft 8 (-39n, 0 snap) cpu 0 | f64 20 | gen 0.2s | dropped inexpr 1 oversz 0 unbuild 0 {}
 287     0     100               0  0.000152547743  0.000180799539    0.0816526742  0.000252849201     0.403829151     0.421457245
 287     1      50               0  1.72943766e-05  1.69623467e-05    0.0154555351  0.000123908203    0.0457822141    0.0395404984
          wgpu 1d 128g 205c x3w 4ms | egraph 33g->59v+0snap 11ms | graft 9 (-40n, 0 snap) cpu 0 | f64 20 | gen 0.2s
 288     0     100               0  0.000152547743  0.000180799539    0.0816526742  0.000252849201     0.403829151     0.421457245
 288     1      50               0  1.72943766e-05  1.69623467e-05    0.0154555351  0.000123908203    0.0457822141    0.0395404984
          wgpu 1d 122g 208c x3w 4ms | egraph 35g->62v+0snap 10ms | graft 10 (-46n, 0 snap) cpu 0 | f64 20 | gen 0.2s
 289     0     100               0  0.000152547743  0.000180799539    0.0816526742  0.000252849201     0.403829151     0.421457245
 289     1      50               0  1.72943766e-05  1.69623467e-05    0.0154555351  0.000123908203    0.0457822141    0.0395404984
          wgpu 1d 155g 223c x3w 4ms | egraph 39g->77v+0snap 11ms | graft 10 (-42n, 0 snap) cpu 0 | f64 20 | gen 0.2s | dropped inexpr 2 oversz 0 unbuild 0 {}
 290     0     100               0  0.000152547743  0.000180799539    0.0816526742  0.000252849201     0.403829151     0.421457245
 290     1      50               0  1.72943766e-05  1.69623467e-05    0.0154555351  0.000123908203    0.0457822141    0.0395404984
          wgpu 1d 123g 212c x3w 4ms | egraph 32g->66v+0snap 10ms | graft 7 (-29n, 0 snap) cpu 0 | f64 20 | gen 0.2s
--------- pump migration: intra (promote-2 + intake-reset) ---------
 291     0     100               0  0.000152547743  0.000180799539    0.0816526742  0.000252849201     0.403829151     0.421457245
 291     1      50               0  0.000152547743  0.000180799539    0.0816526742  0.000252849201     0.403829151     0.421457245
          wgpu 2d 294g 323c x3w 8ms | egraph 94g->97v+0snap 43ms | graft 19 (-136n, 0 snap) cpu 0 | f64 30 | gen 0.2s | dropped inexpr 3 oversz 0 unbuild 0 {}
 292     0     100               0  0.000152547743  0.000180799539    0.0816526742  0.000252849201     0.403829151     0.421457245
 292     1      50               0  0.000152547743  0.000180799539    0.0816526742  0.000252849201     0.403829151     0.421457245
          wgpu 1d 99g 176c x3w 3ms | egraph 20g->30v+0snap 6ms | graft 5 (-16n, 0 snap) cpu 0 | f64 20 | gen 0.2s | dropped inexpr 1 oversz 0 unbuild 0 {}
 293     0     100               0  0.000152547743  0.000180799539    0.0816526742  0.000252849201     0.403829151     0.421457245
 293     1      50               0  0.000152547743  0.000180799539    0.0816526742  0.000252849201     0.403829151     0.421457245
          wgpu 1d 91g 183c x3w 3ms | egraph 19g->37v+0snap 6ms | graft 3 (-15n, 0 snap) cpu 0 | f64 20 | gen 0.2s
 294     0     100               0  0.000152547743  0.000180799539    0.0816526742  0.000252849201     0.403829151     0.421457245
 294     1      50               0  0.000152547743  0.000180799539    0.0816526742  0.000252849201     0.403829151     0.421457245
          wgpu 1d 106g 190c x3w 3ms | egraph 28g->44v+0snap 8ms | graft 10 (-50n, 0 snap) cpu 0 | f64 20 | gen 0.2s
 295     0     100               0  0.000152547743  0.000180799539    0.0816526742  0.000252849201     0.403829151     0.421457245
 295     1      50               0  0.000152547743  0.000180799539    0.0816526742  0.000252849201     0.403829151     0.421457245
          wgpu 1d 88g 172c x3w 3ms | egraph 11g->26v+0snap 6ms | graft 5 (-27n, 0 snap) cpu 0 | f64 20 | gen 0.1s
 296     0     100               0  0.000152547743  0.000180799539    0.0816526742  0.000252849201     0.403829151     0.421457245
 296     1      50               0  1.98470676e-05  2.32451604e-05    0.0261545985  6.62560119e-05    0.0525397776     0.054186207
          wgpu 1d 99g 181c x3w 3ms | egraph 17g->35v+0snap 8ms | graft 7 (-26n, 0 snap) cpu 0 | f64 20 | gen 0.2s | dropped inexpr 3 oversz 0 unbuild 0 {}
 297     0     100               0  0.000152547743  0.000180799539    0.0816526742  0.000252849201     0.403829151     0.421457245
 297     1      50               0  1.98470676e-05  2.32451604e-05    0.0261545985  6.62560119e-05    0.0525397776     0.054186207
          wgpu 1d 83g 177c x3w 3ms | egraph 19g->31v+0snap 7ms | graft 6 (-26n, 0 snap) cpu 0 | f64 20 | gen 0.2s
 298     0     100               0  0.000152547743  0.000180799539    0.0816526742  0.000252849201     0.403829151     0.421457245
 298     1      50               0  1.98470676e-05  2.32451604e-05    0.0261545985  6.62560119e-05    0.0525397776     0.054186207
          wgpu 1d 122g 209c x3w 8ms | egraph 27g->63v+0snap 8ms | graft 9 (-44n, 0 snap) cpu 0 | f64 20 | gen 0.2s
 299     0     100               0  0.000152547743  0.000180799539    0.0816526742  0.000252849201     0.403829151     0.421457245
 299     1      50               0  0.000152547743  0.000180799539    0.0816526742  0.000252849201     0.403829151     0.421457245
          wgpu 1d 100g 196c x3w 3ms | egraph 22g->50v+0snap 6ms | graft 7 (-25n, 0 snap) cpu 0 | f64 20 | gen 0.2s
 300     0     100               0  0.000152547743  0.000180799539    0.0816526742  0.000252849201     0.403829151     0.421457245
 300     1      50               0  0.000152547743  0.000180799539    0.0816526742  0.000252849201     0.403829151     0.421457245
          wgpu 1d 104g 211c x3w 4ms | egraph 17g->65v+0snap 6ms | graft 8 (-33n, 0 snap) cpu 0 | f64 20 | gen 0.2s | dropped inexpr 2 oversz 0 unbuild 0 {}
--------- pump migration: intra (promote-2 + intake-reset) + cross ---------
 301     0     100               0  0.000152547743  0.000180799539    0.0816526742  0.000252849201     0.403829151     0.421457245
 301     1      50               0  0.000152547743  0.000180799539    0.0816526742  0.000252849201     0.403829151     0.421457245
          wgpu 2d 237g 287c x3w 7ms | egraph 80g->61v+0snap 20ms | graft 10 (-27n, 0 snap) cpu 0 | f64 30 | gen 0.2s | dropped inexpr 1 oversz 0 unbuild 0 {}
 302     0     100               0  0.000152547743  0.000180799539    0.0816526742  0.000252849201     0.403829151     0.421457245
 302     1      50               0  0.000152547743  0.000180799539    0.0816526742  0.000252849201     0.403829151     0.421457245
          wgpu 1d 80g 182c x3w 3ms | egraph 18g->36v+0snap 5ms | graft 1 (-2n, 0 snap) cpu 0 | f64 20 | gen 0.2s
 303     0     100               0  0.000152547743  0.000180799539    0.0816526742  0.000252849201     0.403829151     0.421457245
 303     1      50               0  0.000152547743  0.000180799539    0.0816526742  0.000252849201     0.403829151     0.421457245
          wgpu 1d 118g 181c x3w 3ms | egraph 36g->35v+0snap 8ms | graft 3 (-13n, 0 snap) cpu 0 | f64 20 | gen 0.2s | dropped inexpr 1 oversz 0 unbuild 0 {}
 304     0     100               0  0.000152547743  0.000180799539    0.0816526742  0.000252849201     0.403829151     0.421457245
 304     1      50               0  0.000152547743  0.000180799539    0.0816526742  0.000252849201     0.403829151     0.421457245
          wgpu 1d 89g 168c x3w 3ms | egraph 25g->22v+0snap 6ms | graft 3 (-17n, 0 snap) cpu 0 | f64 20 | gen 0.2s
 305     0     100               0  0.000152547743  0.000180799539    0.0816526742  0.000252849201     0.403829151     0.421457245
 305     1      50               0  0.000152547743  0.000180799539    0.0816526742  0.000252849201     0.403829151     0.421457245
          wgpu 1d 96g 168c x3w 3ms | egraph 27g->22v+0snap 9ms | graft 4 (-11n, 0 snap) cpu 0 | f64 20 | gen 0.2s | dropped inexpr 1 oversz 0 unbuild 0 {}
 306     0     100               0  0.000152547743  0.000180799539    0.0816526742  0.000252849201     0.403829151     0.421457245
 306     1      50               0  0.000152547743  0.000180799539    0.0816526742  0.000252849201     0.403829151     0.421457245
          wgpu 1d 99g 187c x3w 3ms | egraph 22g->41v+0snap 8ms | graft 9 (-43n, 0 snap) cpu 0 | f64 20 | gen 0.2s
 307     0     100               0  0.000152547743  0.000180799539    0.0816526742  0.000252849201     0.403829151     0.421457245
 307     1      50               0  0.000152547743  0.000180799539    0.0816526742  0.000252849201     0.403829151     0.421457245
          wgpu 1d 107g 185c x3w 3ms | egraph 24g->39v+0snap 9ms | graft 5 (-18n, 0 snap) cpu 0 | f64 20 | gen 0.2s
 308     0     100               0  0.000152547743  0.000180799539    0.0816526742  0.000252849201     0.403829151     0.421457245
 308     1      50               0  0.000152547743  0.000180799539    0.0816526742  0.000252849201     0.403829151     0.421457245
          wgpu 1d 115g 187c x3w 4ms | egraph 29g->41v+0snap 9ms | graft 8 (-37n, 0 snap) cpu 0 | f64 20 | gen 0.2s | dropped inexpr 1 oversz 0 unbuild 0 {}
 309     0     100               0  0.000152547743  0.000180799539    0.0816526742  0.000252849201     0.403829151     0.421457245
 309     1      50               0  0.000152547743  0.000180799539    0.0816526742  0.000252849201     0.403829151     0.421457245
          wgpu 1d 146g 222c x3w 4ms | egraph 45g->76v+0snap 13ms | graft 12 (-35n, 0 snap) cpu 0 | f64 20 | gen 0.2s | dropped inexpr 1 oversz 0 unbuild 0 {}
 310     0     100               0  0.000152547743  0.000180799539    0.0816526742  0.000252849201     0.403829151     0.421457245
 310     1      50               0  0.000152547743  0.000180799539    0.0816526742  0.000252849201     0.403829151     0.421457245
          wgpu 1d 91g 188c x3w 3ms | egraph 23g->42v+0snap 7ms | graft 4 (-9n, 0 snap) cpu 0 | f64 20 | gen 0.2s
--------- pump migration: intra (promote-2 + intake-reset) ---------
 311     0     100               0  0.000129434405  0.000166321146    0.0915679273  0.000178470599     0.342642802     0.387707027
 311     1      50               0  0.000152547743  0.000180799539    0.0816526742  0.000252849201     0.403829151     0.421457245
          wgpu 2d 290g 378c x3w 8ms | egraph 89g->152v+0snap 27ms | graft 18 (-113n, 0 snap) cpu 0 | f64 30 | gen 0.2s | dropped inexpr 1 oversz 0 unbuild 0 {}
 312     0     100               0  2.27781969e-33  2.27650108e-33  1.38777878e-16  2.55429858e-33  6.02991544e-30  5.30669423e-30
 312     1      50               0  0.000152547743  0.000180799539    0.0816526742  0.000252849201     0.403829151     0.421457245
          wgpu 1d 100g 267c x3w 5ms | egraph 36g->121v+0snap 8ms | graft 3 (-6n, 0 snap) cpu 0 | f64 20 | gen 0.2s | dropped inexpr 1 oversz 0 unbuild 0 {}

*** Early stop at generation 312: best val_R² = 1.0000000000 ≥ 0.9999999990, holdout_R² = 1.0000000000 confirmed

This sub-run: 2026-09-19 06:51:03.008306 → 2026-09-19 06:51:54.415192
Now at generation 312 (HOF size: 31)
[join] 344 dispatches, 44,567 genes, 186,540 candidates scored in 1.40s GPU+host; e-graph 9,965 trees -> 13,998 variants + 0 snaps in 2.70s; 2,368 grafts (0 snap), 8,067 nodes removed; cpu-path individuals 0, f64-rejected 0, snaps refused for naming an input 0
[join]   inexpressible:    378  no pset token for semantic id "pow" with arity 2
  HFF-chosen LSM kept: a=0.238732, b=-0.0451462
Chromosome wrapper: id=0  →  identity
hof[0] runtime val: mse=2.222e-33  R²=1.000000
Pre-snap expression (after sympify + LSM compose):
  -0.0451462389847224 + 0.159154943091895*cos(5) + 0.0795774715459476*p_d*cos(theta)/(epsilon*r**2)

Per-level snap results (before MSE scoring):
  strict      →  p_d*cos(theta)/(4*pi*epsilon*r**2)
  default     →  p_d*cos(theta)/(4*pi*epsilon*r**2)
  aggressive  →  p_d*cos(theta)/(4*pi*epsilon*r**2)

Snap-level comparison (sorted by holdout MSE, lowest first)
------------------------------------------------------------------------------------------
  level       MSE            R²         expression                                        
------------------------------------------------------------------------------------------
★ strict      3.145e-33      1.0000     p_d*cos(theta)/(4*pi*epsilon*r**2)                
  default     3.145e-33      1.0000     p_d*cos(theta)/(4*pi*epsilon*r**2)                
  aggressive  3.145e-33      1.0000     p_d*cos(theta)/(4*pi*epsilon*r**2)                

Winning snap level: 'strict'  →  p_d*cos(theta)/(4*pi*epsilon*r**2)

Canonical discovered expression: p_d*cos(theta)/(4*pi*epsilon*r**2)
[38;2;0;50;255m
############################################################ [38;2;255;255;255m
[38;2;0;50;255m Equation Recovery: II_6_11 [38;2;255;255;255m
[38;2;0;50;255m Truth: 1/(4*pi*epsilon)*p_d*cos(theta)/r**2 [38;2;255;255;255m
[38;2;0;50;255m [38;2;255;255;255m
[38;2;255;0;255m     Exact recovery     : True [38;2;255;255;255m
[38;2;255;0;255m     Numerical recovery : True (max rel_err 0.00e+00 on 10k samples) [38;2;255;255;255m
[38;2;255;0;255m     Discovered         : p_d*cos(theta)/(4*pi*epsilon*r**2) [38;2;255;255;255m
[38;2;255;0;255m     LSM (a, b)         : (0.238732, -0.0451462) [38;2;255;255;255m
[38;2;0;50;255m
############################################################ [38;2;255;255;255m
In-range holdout : MSE=2.169e-33  MAE=3.874e-17  R²=1.0000
Extrapolation    : MSE=2.472e-33  MAE=4.199e-17  R²=1.0000

Top 10 HOF models (north_pole=truenorth) (★ = Pareto-optimal)
(deduped HOF: 10 unique chromosomes from 31 raw HOF entries)
 ----------------------------------------------------------------------------------------------------------------
       model     wrapper      length   train_mse     val_mse     max_err    train_r2      val_r2 angular_distance
 ----------------------------------------------------------------------------------------------------------------
★           0    identity          18      0.0000      0.0000      0.0000      1.0000      1.0000      0.0000
           20     log_abs          15      0.0001      0.0001      0.0549      0.7952      0.7814      1.0167
           18     log_abs          15      0.0001      0.0001      0.0549      0.7952      0.7814      1.0167
           14     log_abs          18      0.0001      0.0001      0.0549      0.7952      0.7814      1.0167
           21    sqrt_abs          15      0.0001      0.0001      0.0553      0.7894      0.7800      1.0343
           22    identity          15      0.0001      0.0001      0.0602      0.7838      0.7667      1.0947
           23    identity          15      0.0001      0.0001      0.0602      0.7838      0.7667      1.0947
           24    identity          15      0.0001      0.0001      0.0602      0.7838      0.7667      1.0947
           29    identity          16      0.0001      0.0001      0.0628      0.7372      0.7186      1.3127
           30    identity          20      0.0001      0.0001      0.0741      0.7085      0.6612      1.5708

Pareto-optimal in top 10: 1    Pareto-optimal in full HOF: 1 / 10

Recovery sweep across 10/10 unique HOF chromosomes (capped):
  Structural / exact     : 1/10  (10.0%)
  Numerical (≤1e-6 err)  : 1/10  (10.0%)
{
    "date": "2026/09/19",
    "seed": "5",
    "task": "equation_recovery",
    "north_pole_method": "truenorth",
    "hff_include_val": true,
    "problem": "II_6_11",
    "truth_expr": "1/(4*pi*epsilon)*p_d*cos(theta)/r**2",
    "final_terminal_inputs": [
        "epsilon",
        "p_d",
        "theta",
        "r"
    ],
    "wide_primitives": true,
    "head_length": "48",
    "n_genes": "3",
    "rnc_array_length": "10",
    "tournament size": "intake=8, champion=5",
    "population size": "150",
    "population per island": "intake=100, champion=50",
    "gpu_join": true,
    "eclass_k": 8,
    "number of elites": "2",
    "number of generations": "400",
    "number of islands": "2",
    "migration FREQ": "30",
    "wrapper_id": 0,
    "wrapper_name": "identity",
    "recovery_exact": true,
    "recovery_numerical": true,
    "recovery_max_rel_err": 0.0,
    "discovered_expr": "p_d*cos(theta)/(4*pi*epsilon*r**2)",
    "holdout_mse": 2.168544018096149e-33,
    "holdout_r2": 1.0,
    "extrap_mse": 2.4721945339455556e-33,
    "extrap_r2": 1.0,
    "hof_size": 10,
    "hof_exact_recoveries": 1,
    "hof_numerical_recoveries": 1
}
