/opt/anaconda3/lib/python3.12/site-packages/geppy/__init__.py:26: UserWarning: pkg_resources is deprecated as an API. See https://setuptools.pypa.io/en/latest/pkg_resources.html. The pkg_resources package is slated for removal as early as 2025-11-30. Refrain from using this package or pin to Setuptools<81.
  from pkg_resources import get_distribution, DistributionNotFound
hff library OK (test fitness: (0.1415394733244273,))
registry: ['circle_area', 'gravity', 'coulomb', 'pendulum', 'keplers3', 'ideal_gas', 'I_6_2a', 'I_6_2', 'I_6_2b', 'I_8_14', 'I_9_18', 'I_10_7', 'I_11_19', 'I_12_1', 'I_12_2', 'I_12_4', 'I_12_5', 'I_12_11', 'I_13_4', 'I_13_12', 'I_14_3', 'I_14_4', 'I_15_3x', 'I_15_3t', 'I_15_1', 'I_16_6', 'I_18_4', 'I_18_12', 'I_18_14', 'I_24_6', 'I_25_13', 'I_26_2', 'I_27_6', 'I_29_4', 'I_29_16', 'I_30_3', 'I_30_5', 'I_32_5', 'I_32_17', 'I_34_8', 'I_34_1', 'I_34_14', 'I_34_27', 'I_37_4', 'I_38_12', 'I_39_1', 'I_39_11', 'I_39_22', 'I_40_1', 'I_41_16', 'I_43_16', 'I_43_31', 'I_43_43', 'I_44_4', 'I_47_23', 'I_48_2', 'I_50_26', 'II_2_42', 'II_3_24', 'II_4_23', 'II_6_11', 'II_6_15a', 'II_6_15b', 'II_8_7', 'II_8_31', 'II_10_9', 'II_11_3', 'II_11_17', 'II_11_20', 'II_11_27', 'II_11_28', 'II_13_17', 'II_13_23', 'II_13_34', 'II_15_4', 'II_15_5', 'II_21_32', 'II_24_17', 'II_27_16', 'II_27_18', 'II_34_2a', 'II_34_2', 'II_34_11', 'II_34_29a', 'II_34_29b', 'II_35_18', 'II_35_21', 'II_36_38', 'II_37_1', 'II_38_3', 'II_38_14', 'III_4_32', 'III_4_33', 'III_7_38', 'III_8_54', 'III_9_52', 'III_10_19', 'III_12_43', 'III_13_18', 'III_14_14', 'III_15_12', 'III_15_14', 'III_15_27', 'III_17_37', 'III_19_51', 'III_21_20', 'test_1', 'test_2', 'test_3', 'test_4', 'test_5', 'test_6', 'test_7', 'test_8', 'test_9', 'test_10', 'test_11', 'test_12', 'test_13', 'test_14', 'test_15', 'test_16', 'test_17', 'test_18', 'test_19', 'test_20']
[feynman override] head_length=48 (keep n_genes=3, avgval linker)
Selected problem: III_10_19
  Description : Feynman I-III III.10.19: E_n = mom*sqrt(Bx**2+By**2+Bz**2)
  Variables   : ['mom', 'Bx', 'By', 'Bz']
  Train range : {'mom': (1.0, 5.0), 'Bx': (1.0, 5.0), 'By': (1.0, 5.0), 'Bz': (1.0, 5.0)}
  Extrap range: {'mom': (1.0, 7.5), 'Bx': (1.0, 7.5), 'By': (1.0, 7.5), 'Bz': (1.0, 7.5)}
  Truth       : mom*sqrt(Bx**2+By**2+Bz**2)
  ✓ cache hit  (data/equations/III_10_19, key=a6d35778567b32be)
  train           (800, 5)  target range=[2.668, 36.87]
  val             (200, 5)  target range=[2.926, 33.94]
  holdout         (200, 5)  target range=[2.634, 32.27]
  extrapolation   (200, 5)  target range=[7.031, 77.67]
  saved figure → data/figures/III_10_19/eda_pairplot.png
Wide primitive set enabled: sin, cos, exp, log added.
[E22 rules] variable pattern tags: {'no_pattern'}
[E22/23 rules] static candidate count: 1
[E22/23 rules] allowed to take a fitness slot (exact): 0
  [sum_sq_all/sum_sq] a=0.4355 b=-1.3481e+00 1-R²_va=2.8179e-01
[fuller] denoise + snap IN THE JOIN (every gene, every generation, K=8); mutation operators: physics=0.2 concretize=0.05
Wrapper scope: per_island  (island → wrapper map: ['identity', 'identity'])
[wgpu] process pool disabled — Metal cannot survive fork(); the population is evaluated in one dispatch instead
Genes: head_length=48, n_genes=3, rnc_array_length=10
Population: (per-island, see below), elites: 2, generations: 400, migration FREQ: 30
  pump per-island sizes: intake=100 (tournsize=8), champion=50 (tournsize=5)
Initialising evolution at 2026-09-19 06:58:15.263735
 gen  deme   evals     min fitness          mse_tr          mse_va         max_err      mse_extrap  one_minus_r2_tr  one_minus_r2_va
   0     0     100    0.0179856474      10.6720955      9.95912866       8.9715996       190.28592     0.207780617     0.198068846
   0     1      50    0.0317662221      11.5573136      11.6411974      10.8169403      227.908442     0.225015391     0.231522115
          wgpu 1d 295g 250c x3w 10ms | egraph 187g->100v+0snap 74ms | graft 16 (-68n, 0 snap) cpu 0 | f64 30 | gen 0.0s | dropped inexpr 5 oversz 0 unbuild 0 {}
Extending evolution: gen 1 → 400 (+400 generations)
   1     0     100    0.0132614607      8.66762349      7.66190851      9.60329701      135.434037     0.168754502      0.15238134
   1     1      50    0.0317662221      11.5573136      11.6411974      10.8169403      227.908442     0.225015391     0.231522115
          wgpu 1d 121g 215c x3w 3ms | egraph 48g->69v+0snap 18ms | graft 8 (-27n, 0 snap) cpu 0 | f64 35 | gen 0.2s | dropped inexpr 1 oversz 0 unbuild 0 {}
   2     0     100   0.00324089703      7.16924399      7.02292029      8.17483317      97.8838852     0.139581766     0.139673034
   2     1      50    0.0317662221      11.5573136      11.6411974      10.8169403      227.908442     0.225015391     0.231522115
          wgpu 1d 109g 204c x3w 4ms | egraph 43g->58v+0snap 9ms | graft 3 (-10n, 0 snap) cpu 0 | f64 32 | gen 0.2s
   3     0     100    0.0027764879       4.0703246      2.98414568      5.18788644      80.5434845    0.0792472815    0.0593491971
   3     1      50    0.0148136474       7.7106823       8.2534571      7.16828929      89.9437497     0.150123312     0.164146159
          wgpu 1d 119g 259c x3w 4ms | egraph 56g->113v+0snap 18ms | graft 4 (-78n, 0 snap) cpu 0 | f64 20 | gen 0.2s | dropped inexpr 1 oversz 0 unbuild 0 {}
   4     0     100   0.00275641921       4.0703246      2.98414568      5.18788644      80.5434845    0.0792472815    0.0593491971
   4     1      50   0.00113879223      6.22158955      7.04003223      6.95448303       86.673873     0.121131386     0.140013359
          wgpu 1d 122g 238c x3w 3ms | egraph 47g->92v+0snap 9ms | graft 3 (-9n, 0 snap) cpu 0 | f64 40 | gen 0.2s
   5     0     100   0.00275641921      4.07032466      2.98414605      5.18788799       80.543486    0.0792472828    0.0593492045
   5     1      50   0.00113879223      6.22158955      7.04003223      6.95448303       86.673873     0.121131386     0.140013359
          wgpu 1d 113g 224c x3w 3ms | egraph 38g->78v+0snap 8ms | graft 5 (-20n, 0 snap) cpu 0 | f64 20 | gen 0.3s
   6     0     100   0.00275641921      4.07032466      2.98414605      5.18788799       80.543486    0.0792472828    0.0593492045
   6     1      50   0.00113879223      6.22158955      7.04003223      6.95448303       86.673873     0.121131386     0.140013359
          wgpu 1d 97g 205c x3w 4ms | egraph 30g->59v+0snap 8ms | graft 6 (-20n, 0 snap) cpu 0 | f64 20 | gen 0.2s
   7     0     100   0.00275641921      4.07032466      2.98414605      5.18788799       80.543486    0.0792472828    0.0593492045
   7     1      50   0.00113879223      6.22158955      7.04003223      6.95448303       86.673873     0.121131386     0.140013359
          wgpu 1d 76g 186c x3w 3ms | egraph 23g->40v+0snap 5ms | graft 2 (-9n, 0 snap) cpu 0 | f64 20 | gen 0.2s
   8     0     100   0.00275641921      4.07032466      2.98414605      5.18788799       80.543486    0.0792472828    0.0593492045
   8     1      50   0.00113879223      6.22158955      7.04003223      6.95448303       86.673873     0.121131386     0.140013359
          wgpu 1d 93g 196c x3w 3ms | egraph 30g->50v+0snap 6ms | graft 6 (-19n, 0 snap) cpu 0 | f64 20 | gen 0.1s
   9     0     100   0.00275641921      4.07032466      2.98414605      5.18788799       80.543486    0.0792472828    0.0593492045
   9     1      50   0.00113879223      6.22158955      7.04003223      6.95448303       86.673873     0.121131386     0.140013359
          wgpu 1d 97g 190c x3w 3ms | egraph 33g->44v+0snap 9ms | graft 3 (-8n, 0 snap) cpu 0 | f64 20 | gen 0.2s
  10     0     100   0.00275641921      4.07032466      2.98414605      5.18788799       80.543486    0.0792472828    0.0593492045
  10     1      50   0.00113879223      6.22158955      7.04003223      6.95448303       86.673873     0.121131386     0.140013359
          wgpu 1d 99g 196c x3w 3ms | egraph 26g->50v+0snap 5ms | graft 4 (-10n, 0 snap) cpu 0 | f64 20 | gen 0.2s
--------- pump migration: intra (promote-2 + intake-reset) ---------
  11     0     100   0.00275641921      4.07032466      2.98414605      5.18788799       80.543486    0.0792472828    0.0593492045
  11     1      50   0.00113879223      6.22158955      7.04003223      6.95448303       86.673873     0.121131386     0.140013359
          wgpu 2d 297g 374c x3w 7ms | egraph 122g->148v+0snap 26ms | graft 16 (-59n, 0 snap) cpu 0 | f64 30 | gen 0.2s | dropped inexpr 4 oversz 0 unbuild 0 {}
  12     0     100   0.00275641921      4.07032466      2.98414605      5.18788799       80.543486    0.0792472828    0.0593492045
  12     1      50   0.00113879223      6.22158955      7.04003223      6.95448303       86.673873     0.121131386     0.140013359
          wgpu 1d 71g 175c x3w 3ms | egraph 19g->29v+0snap 4ms | graft 1 (-3n, 0 snap) cpu 0 | f64 20 | gen 0.1s | dropped inexpr 2 oversz 0 unbuild 0 {}
  13     0     100   0.00275641921      4.07032466      2.98414605      5.18788799       80.543486    0.0792472828    0.0593492045
  13     1      50   0.00113879223      6.22158955      7.04003223      6.95448303       86.673873     0.121131386     0.140013359
          wgpu 1d 113g 201c x3w 3ms | egraph 28g->55v+0snap 6ms | graft 8 (-28n, 0 snap) cpu 0 | f64 20 | gen 0.1s
  14     0     100   0.00275641921      4.07032466      2.98414605      5.18788799       80.543486    0.0792472828    0.0593492045
  14     1      50   0.00113879223      6.22158955      7.04003223      6.95448303       86.673873     0.121131386     0.140013359
          wgpu 1d 91g 199c x3w 3ms | egraph 21g->53v+0snap 5ms | graft 4 (-21n, 0 snap) cpu 0 | f64 20 | gen 0.1s
  15     0     100   0.00275641921      4.07032466      2.98414605      5.18788799       80.543486    0.0792472828    0.0593492045
  15     1      50   0.00113879223      6.22158955      7.04003223      6.95448303       86.673873     0.121131386     0.140013359
          wgpu 1d 100g 211c x3w 3ms | egraph 21g->65v+0snap 5ms | graft 6 (-16n, 0 snap) cpu 0 | f64 20 | gen 0.2s
  16     0     100   0.00275641921      4.07032466      2.98414605      5.18788799       80.543486    0.0792472828    0.0593492045
  16     1      50   0.00113879223      6.22158955      7.04003223      6.95448303       86.673873     0.121131386     0.140013359
          wgpu 1d 108g 203c x3w 3ms | egraph 22g->57v+0snap 8ms | graft 4 (-8n, 0 snap) cpu 0 | f64 20 | gen 0.1s | dropped inexpr 1 oversz 0 unbuild 0 {}
  17     0     100   0.00275641921      4.07032466      2.98414605      5.18788799       80.543486    0.0792472828    0.0593492045
  17     1      50   0.00113879223      6.22158955      7.04003223      6.95448303       86.673873     0.121131386     0.140013359
          wgpu 1d 92g 193c x3w 3ms | egraph 25g->47v+0snap 5ms | graft 1 (-5n, 0 snap) cpu 0 | f64 20 | gen 0.2s
  18     0     100   0.00275641921      4.07032466      2.98414605      5.18788799       80.543486    0.0792472828    0.0593492045
  18     1      50   0.00113879223      6.22158955      7.04003223      6.95448303       86.673873     0.121131386     0.140013359
          wgpu 1d 103g 218c x3w 4ms | egraph 25g->72v+0snap 6ms | graft 6 (-35n, 0 snap) cpu 0 | f64 20 | gen 0.2s
  19     0     100   0.00275641921      4.07032466      2.98414605      5.18788799       80.543486    0.0792472828    0.0593492045
  19     1      50   0.00113879223      6.22158955      7.04003223      6.95448303       86.673873     0.121131386     0.140013359
          wgpu 1d 115g 208c x3w 3ms | egraph 27g->62v+0snap 6ms | graft 9 (-45n, 0 snap) cpu 0 | f64 20 | gen 0.2s | dropped inexpr 1 oversz 0 unbuild 0 {}
  20     0     100   0.00275641921      4.07032466      2.98414605      5.18788799       80.543486    0.0792472828    0.0593492045
  20     1      50   0.00113879223      6.22158955      7.04003223      6.95448303       86.673873     0.121131386     0.140013359
          wgpu 1d 81g 193c x3w 3ms | egraph 13g->47v+0snap 3ms | graft 2 (-10n, 0 snap) cpu 0 | f64 20 | gen 0.2s
--------- pump migration: intra (promote-2 + intake-reset) ---------
  21     0     100  0.000787204559      2.12247484      1.70541569      4.10842799       20.950196    0.0413235743    0.0339175975
  21     1      50   0.00113879223      6.22158955      7.04003223      6.95448303       86.673873     0.121131386     0.140013359
          wgpu 2d 274g 327c x3w 7ms | egraph 105g->101v+0snap 20ms | graft 13 (-76n, 0 snap) cpu 0 | f64 30 | gen 0.1s | dropped inexpr 2 oversz 0 unbuild 0 {}
  22     0     100  3.91326623e-05      2.12247484      1.70541569      4.10842799       20.950196    0.0413235743    0.0339175975
  22     1      50   0.00113879223      6.22158955      7.04003223      6.95448303       86.673873     0.121131386     0.140013359
          wgpu 1d 123g 201c x3w 4ms | egraph 39g->55v+0snap 15ms | graft 4 (-13n, 0 snap) cpu 0 | f64 25 | gen 0.2s
  23     0     100  3.91326623e-05      2.12247484      1.70541569      4.10842799       20.950196    0.0413235743    0.0339175975
  23     1      50   0.00113879223      6.22158955      7.04003223      6.95448303       86.673873     0.121131386     0.140013359
          wgpu 1d 113g 194c x3w 4ms | egraph 42g->48v+0snap 8ms | graft 6 (-14n, 0 snap) cpu 0 | f64 20 | gen 0.2s
  24     0     100  3.91326623e-05      2.12247484      1.70541569      4.10842799       20.950196    0.0413235743    0.0339175975
  24     1      50   0.00113879223      6.22158955      7.04003223      6.95448303       86.673873     0.121131386     0.140013359
          wgpu 1d 104g 198c x3w 3ms | egraph 39g->52v+0snap 8ms | graft 6 (-23n, 0 snap) cpu 0 | f64 20 | gen 0.2s
  25     0     100  3.91326623e-05      2.12247484      1.70541569      4.10842799       20.950196    0.0413235743    0.0339175975
  25     1      50   0.00113879223      6.22158955      7.04003223      6.95448303       86.673873     0.121131386     0.140013359
          wgpu 1d 116g 201c x3w 3ms | egraph 44g->55v+0snap 8ms | graft 6 (-25n, 0 snap) cpu 0 | f64 20 | gen 0.2s
  26     0     100  3.91326623e-05      2.12247484      1.70541569      4.10842799       20.950196    0.0413235743    0.0339175975
  26     1      50   0.00113879223      6.22158955      7.04003223      6.95448303       86.673873     0.121131386     0.140013359
          wgpu 1d 113g 210c x3w 3ms | egraph 39g->64v+0snap 7ms | graft 5 (-28n, 0 snap) cpu 0 | f64 22 | gen 0.2s
  27     0     100  3.91326623e-05      2.12247484      1.70541569      4.10842799       20.950196    0.0413235743    0.0339175975
  27     1      50   0.00113879223      6.22158955      7.04003223      6.95448303       86.673873     0.121131386     0.140013359
          wgpu 1d 111g 196c x3w 3ms | egraph 28g->50v+0snap 5ms | graft 8 (-28n, 0 snap) cpu 0 | f64 20 | gen 0.2s
  28     0     100  3.91326623e-05      2.12247484      1.70541569      4.10842799       20.950196    0.0413235743    0.0339175975
  28     1      50   0.00113879223      6.22158955      7.04003223      6.95448303       86.673873     0.121131386     0.140013359
          wgpu 1d 115g 201c x3w 5ms | egraph 31g->55v+0snap 8ms | graft 8 (-37n, 0 snap) cpu 0 | f64 20 | gen 0.2s
  29     0     100  3.91326623e-05      2.12247484      1.70541569      4.10842799       20.950196    0.0413235743    0.0339175975
  29     1      50   0.00113879223      6.22158955      7.04003223      6.95448303       86.673873     0.121131386     0.140013359
          wgpu 1d 111g 200c x3w 3ms | egraph 25g->54v+0snap 5ms | graft 4 (-7n, 0 snap) cpu 0 | f64 20 | gen 0.2s
  30     0     100  3.91326623e-05      2.12247484      1.70541569      4.10842799       20.950196    0.0413235743    0.0339175975
  30     1      50   0.00113879223      6.22158955      7.04003223      6.95448303       86.673873     0.121131386     0.140013359
          wgpu 1d 107g 184c x3w 3ms | egraph 25g->38v+0snap 6ms | graft 2 (-8n, 0 snap) cpu 0 | f64 20 | gen 0.2s
--------- pump migration: intra (promote-2 + intake-reset) ---------
  31     0     100  3.91326623e-05      2.12247484      1.70541569      4.10842799       20.950196    0.0413235743    0.0339175975
  31     1      50  3.91326623e-05      2.12247484      1.70541569      4.10842799       20.950196    0.0413235743    0.0339175975
          wgpu 2d 284g 316c x3w 7ms | egraph 97g->90v+0snap 22ms | graft 14 (-43n, 0 snap) cpu 0 | f64 30 | gen 0.2s | dropped inexpr 4 oversz 0 unbuild 0 {}
  32     0     100  3.91326623e-05      2.12247484      1.70541569      4.10842799       20.950196    0.0413235743    0.0339175975
  32     1      50               0      2.12247484      1.70541569      4.10842799       20.950196    0.0413235743    0.0339175975
          wgpu 1d 79g 159c x3w 3ms | egraph 21g->13v+0snap 4ms | graft 1 (-3n, 0 snap) cpu 0 | f64 32 | gen 0.2s
  33     0     100  3.91326623e-05      2.12247484      1.70541569      4.10842799       20.950196    0.0413235743    0.0339175975
  33     1      50               0      2.12247475      1.70541572      4.10842974       20.950196    0.0413235725     0.033917598
          wgpu 1d 106g 175c x3w 3ms | egraph 27g->29v+0snap 7ms | graft 4 (-28n, 0 snap) cpu 0 | f64 20 | gen 0.3s | dropped inexpr 1 oversz 0 unbuild 0 {}
  34     0     100  3.91326623e-05      2.12247484      1.70541569      4.10842799       20.950196    0.0413235743    0.0339175975
  34     1      50               0      2.12247484      1.70541569      4.10842799       20.950196    0.0413235743    0.0339175975
          wgpu 1d 82g 162c x3w 3ms | egraph 19g->16v+0snap 4ms | graft 3 (-9n, 0 snap) cpu 0 | f64 20 | gen 0.2s
  35     0     100  3.91326623e-05      2.12247484      1.70541569      4.10842799       20.950196    0.0413235743    0.0339175975
  35     1      50               0      2.12247475      1.70541572      4.10842974       20.950196    0.0413235725     0.033917598
          wgpu 1d 90g 168c x3w 3ms | egraph 22g->22v+0snap 6ms | graft 4 (-13n, 0 snap) cpu 0 | f64 20 | gen 0.2s | dropped inexpr 1 oversz 0 unbuild 0 {}
  36     0     100  3.91326623e-05      2.12247484      1.70541569      4.10842799       20.950196    0.0413235743    0.0339175975
  36     1      50               0      2.12247475      1.70541572      4.10842974       20.950196    0.0413235725     0.033917598
          wgpu 1d 103g 171c x3w 3ms | egraph 24g->25v+0snap 6ms | graft 3 (-10n, 0 snap) cpu 0 | f64 20 | gen 0.2s
  37     0     100  3.91326623e-05      2.12247484      1.70541569      4.10842799       20.950196    0.0413235743    0.0339175975
  37     1      50               0      2.12247475      1.70541572      4.10842974       20.950196    0.0413235725     0.033917598
          wgpu 1d 93g 163c x3w 3ms | egraph 19g->17v+0snap 4ms | graft 4 (-30n, 0 snap) cpu 0 | f64 20 | gen 0.2s | dropped inexpr 1 oversz 0 unbuild 0 {}
  38     0     100  3.91326623e-05      2.12247484      1.70541569      4.10842799       20.950196    0.0413235743    0.0339175975
  38     1      50               0      2.12247475      1.70541572      4.10842974       20.950196    0.0413235725     0.033917598
          wgpu 1d 93g 166c x3w 3ms | egraph 27g->20v+0snap 13ms | graft 3 (-22n, 0 snap) cpu 0 | f64 20 | gen 0.2s
  39     0     100  3.91326623e-05      2.12247484      1.70541569      4.10842799       20.950196    0.0413235743    0.0339175975
  39     1      50               0      2.12247475      1.70541572      4.10842974       20.950196    0.0413235725     0.033917598
          wgpu 1d 78g 159c x3w 3ms | egraph 19g->13v+0snap 5ms | graft 1 (-5n, 0 snap) cpu 0 | f64 20 | gen 0.2s
  40     0     100  3.91326623e-05      2.12247484      1.70541569      4.10842799       20.950196    0.0413235743    0.0339175975
  40     1      50               0      2.12247475      1.70541572      4.10842974       20.950196    0.0413235725     0.033917598
          wgpu 1d 86g 158c x3w 3ms | egraph 24g->12v+0snap 8ms | graft 2 (-6n, 0 snap) cpu 0 | f64 20 | gen 0.2s | dropped inexpr 1 oversz 0 unbuild 0 {}
--------- pump migration: intra (promote-2 + intake-reset) ---------
  41     0     100  2.72044032e-05      8.68094493       7.9130566       14.247174      90.8594304     0.169013864     0.157376216
  41     1      50               0      2.12247484      1.70541569      4.10842799       20.950196    0.0413235743    0.0339175975
          wgpu 2d 276g 303c x3w 7ms | egraph 108g->77v+0snap 35ms | graft 17 (-84n, 0 snap) cpu 0 | f64 30 | gen 0.2s | dropped inexpr 3 oversz 0 unbuild 0 {}
  42     0     100  2.72044032e-05      8.68094493       7.9130566       14.247174      90.8594304     0.169013864     0.157376216
  42     1      50               0      2.12247475      1.70541572      4.10842974       20.950196    0.0413235725     0.033917598
          wgpu 1d 88g 172c x3w 3ms | egraph 23g->26v+0snap 9ms | graft 6 (-50n, 0 snap) cpu 0 | f64 20 | gen 0.3s
  43     0     100  2.72044032e-05      8.68094493       7.9130566       14.247174      90.8594304     0.169013864     0.157376216
  43     1      50               0      2.12247484      1.70541569      4.10842799       20.950196    0.0413235743    0.0339175975
          wgpu 1d 100g 172c x3w 4ms | egraph 34g->26v+0snap 15ms | graft 5 (-47n, 0 snap) cpu 0 | f64 20 | gen 0.2s | dropped inexpr 1 oversz 0 unbuild 0 {}
  44     0     100  2.72044032e-05      8.68094493       7.9130566       14.247174      90.8594304     0.169013864     0.157376216
  44     1      50               0      2.12247475      1.70541572      4.10842974       20.950196    0.0413235725     0.033917598
          wgpu 1d 72g 160c x3w 11ms | egraph 26g->14v+0snap 5ms | graft 5 (-18n, 0 snap) cpu 0 | f64 20 | gen 0.2s
  45     0     100  2.72044032e-05      8.68094493       7.9130566       14.247174      90.8594304     0.169013864     0.157376216
  45     1      50               0      2.12247475      1.70541572      4.10842974       20.950196    0.0413235725     0.033917598
          wgpu 1d 77g 159c x3w 3ms | egraph 22g->13v+0snap 6ms | graft 4 (-24n, 0 snap) cpu 0 | f64 20 | gen 0.1s | dropped inexpr 1 oversz 0 unbuild 0 {}
  46     0     100  2.72044032e-05      8.68094493       7.9130566       14.247174      90.8594304     0.169013864     0.157376216
  46     1      50               0      2.12247475      1.70541572      4.10842974       20.950196    0.0413235725     0.033917598
          wgpu 1d 79g 165c x3w 3ms | egraph 17g->19v+0snap 9ms | graft 4 (-75n, 0 snap) cpu 0 | f64 20 | gen 0.2s
  47     0     100  2.72044032e-05      8.68094493       7.9130566       14.247174      90.8594304     0.169013864     0.157376216
  47     1      50               0      2.12247484      1.70541569      4.10842799       20.950196    0.0413235743    0.0339175975
          wgpu 1d 84g 169c x3w 3ms | egraph 22g->23v+0snap 11ms | graft 5 (-39n, 0 snap) cpu 0 | f64 20 | gen 0.2s | dropped inexpr 1 oversz 0 unbuild 0 {}
  48     0     100  2.72044032e-05      8.68094493       7.9130566       14.247174      90.8594304     0.169013864     0.157376216
  48     1      50               0      2.12247484      1.70541569      4.10842799       20.950196    0.0413235743    0.0339175975
          wgpu 1d 72g 157c x3w 8ms | egraph 18g->11v+0snap 4ms | graft 2 (-7n, 0 snap) cpu 0 | f64 20 | gen 0.2s
  49     0     100  2.72044032e-05      8.68094493       7.9130566       14.247174      90.8594304     0.169013864     0.157376216
  49     1      50               0      2.12247484      1.70541569      4.10842799       20.950196    0.0413235743    0.0339175975
          wgpu 1d 86g 164c x3w 3ms | egraph 21g->18v+0snap 8ms | graft 5 (-18n, 0 snap) cpu 0 | f64 20 | gen 0.5s | dropped inexpr 1 oversz 0 unbuild 0 {}
  50     0     100  2.72044032e-05      8.68094493       7.9130566       14.247174      90.8594304     0.169013864     0.157376216
  50     1      50               0      2.12247484      1.70541569      4.10842799       20.950196    0.0413235743    0.0339175975
          wgpu 1d 101g 179c x3w 3ms | egraph 25g->33v+0snap 16ms | graft 7 (-93n, 0 snap) cpu 0 | f64 20 | gen 0.2s
--------- pump migration: intra (promote-2 + intake-reset) ---------
  51     0     100  2.72044032e-05      8.68094493       7.9130566       14.247174      90.8594304     0.169013864     0.157376216
  51     1      50               0      1.00418433      1.00316049      3.42832149      6.29369935    0.0195509906    0.0199510265
          wgpu 2d 274g 317c x3w 7ms | egraph 113g->91v+0snap 28ms | graft 18 (-60n, 0 snap) cpu 0 | f64 30 | gen 0.2s | dropped inexpr 2 oversz 0 unbuild 0 {}
  52     0     100  2.72044032e-05      8.68094493       7.9130566       14.247174      90.8594304     0.169013864     0.157376216
  52     1      50               0      1.00418433      1.00316049      3.42832149      6.29369935    0.0195509906    0.0199510265
          wgpu 1d 102g 170c x3w 8ms | egraph 31g->24v+0snap 13ms | graft 3 (-36n, 0 snap) cpu 0 | f64 20 | gen 0.2s
  53     0     100  2.72044032e-05      8.68094493       7.9130566       14.247174      90.8594304     0.169013864     0.157376216
  53     1      50               0      1.00418433      1.00316049      3.42832149      6.29369935    0.0195509906    0.0199510265
          wgpu 1d 81g 165c x3w 3ms | egraph 26g->19v+0snap 11ms | graft 5 (-15n, 0 snap) cpu 0 | f64 20 | gen 0.2s
  54     0     100  2.72044032e-05      8.68094493       7.9130566       14.247174      90.8594304     0.169013864     0.157376216
  54     1      50               0      1.00418433      1.00316049      3.42832149      6.29369935    0.0195509906    0.0199510265
          wgpu 1d 82g 159c x3w 3ms | egraph 20g->13v+0snap 12ms | graft 1 (-4n, 0 snap) cpu 0 | f64 20 | gen 0.2s
  55     0     100  2.72044032e-05      8.68094493       7.9130566       14.247174      90.8594304     0.169013864     0.157376216
  55     1      50               0      1.00418433      1.00316049      3.42832149      6.29369935    0.0195509906    0.0199510265
          wgpu 1d 87g 164c x3w 3ms | egraph 29g->18v+0snap 9ms | graft 0 (-0n, 0 snap) cpu 0 | f64 20 | gen 0.2s | dropped inexpr 3 oversz 0 unbuild 0 {}
  56     0     100  2.72044032e-05      8.68094493       7.9130566       14.247174      90.8594304     0.169013864     0.157376216
  56     1      50               0      1.00418433      1.00316049      3.42832149      6.29369935    0.0195509906    0.0199510265
          wgpu 1d 84g 166c x3w 3ms | egraph 26g->20v+0snap 24ms | graft 4 (-43n, 0 snap) cpu 0 | f64 20 | gen 0.2s | dropped inexpr 1 oversz 0 unbuild 0 {}
  57     0     100  2.72044032e-05      8.68094493       7.9130566       14.247174      90.8594304     0.169013864     0.157376216
  57     1      50               0      1.00418433      1.00316049      3.42832149      6.29369935    0.0195509906    0.0199510265
          wgpu 1d 101g 174c x3w 4ms | egraph 26g->28v+0snap 12ms | graft 4 (-50n, 0 snap) cpu 0 | f64 20 | gen 0.2s
  58     0     100  2.72044032e-05      8.68094493       7.9130566       14.247174      90.8594304     0.169013864     0.157376216
  58     1      50               0      1.00418433      1.00316049      3.42832149      6.29369935    0.0195509906    0.0199510265
          wgpu 1d 84g 162c x3w 3ms | egraph 25g->16v+0snap 18ms | graft 3 (-48n, 0 snap) cpu 0 | f64 20 | gen 0.4s
  59     0     100  2.72044032e-05      8.68094493       7.9130566       14.247174      90.8594304     0.169013864     0.157376216
  59     1      50               0      1.00418433      1.00316049      3.42832149      6.29369935    0.0195509906    0.0199510265
          wgpu 1d 101g 177c x3w 3ms | egraph 31g->31v+0snap 11ms | graft 8 (-43n, 0 snap) cpu 0 | f64 20 | gen 0.2s | dropped inexpr 1 oversz 0 unbuild 0 {}
  60     0     100  2.72044032e-05      8.68094493       7.9130566       14.247174      90.8594304     0.169013864     0.157376216
  60     1      50               0      1.00418433      1.00316049      3.42832149      6.29369935    0.0195509906    0.0199510265
          wgpu 1d 115g 187c x3w 4ms | egraph 31g->41v+0snap 13ms | graft 10 (-111n, 0 snap) cpu 0 | f64 20 | gen 0.4s | dropped inexpr 1 oversz 0 unbuild 0 {}
--------- pump migration: intra (promote-2 + intake-reset) + cross ---------
  61     0     100  2.72044032e-05      8.68094493       7.9130566       14.247174      90.8594304     0.169013864     0.157376216
  61     1      50               0      1.00418433      1.00316049      3.42832149      6.29369935    0.0195509906    0.0199510265
          wgpu 2d 255g 301c x3w 7ms | egraph 101g->75v+0snap 29ms | graft 11 (-46n, 0 snap) cpu 0 | f64 30 | gen 0.1s | dropped inexpr 1 oversz 0 unbuild 0 {}
  62     0     100  2.72044032e-05      8.68094493       7.9130566       14.247174      90.8594304     0.169013864     0.157376216
  62     1      50               0      1.00418433      1.00316049      3.42832149      6.29369935    0.0195509906    0.0199510265
          wgpu 1d 108g 178c x3w 4ms | egraph 33g->32v+0snap 16ms | graft 2 (-39n, 0 snap) cpu 0 | f64 20 | gen 0.2s | dropped inexpr 2 oversz 0 unbuild 0 {}
  63     0     100  2.72044032e-05      8.68094493       7.9130566       14.247174      90.8594304     0.169013864     0.157376216
  63     1      50               0      1.00418433      1.00316049      3.42832149      6.29369935    0.0195509906    0.0199510265
          wgpu 1d 80g 168c x3w 5ms | egraph 21g->22v+0snap 6ms | graft 4 (-12n, 0 snap) cpu 0 | f64 20 | gen 0.2s | dropped inexpr 2 oversz 0 unbuild 0 {}
  64     0     100  2.72044032e-05      8.68094493       7.9130566       14.247174      90.8594304     0.169013864     0.157376216
  64     1      50               0      1.00418433      1.00316049      3.42832149      6.29369935    0.0195509906    0.0199510265
          wgpu 1d 106g 176c x3w 3ms | egraph 27g->30v+0snap 10ms | graft 7 (-27n, 0 snap) cpu 0 | f64 20 | gen 0.2s | dropped inexpr 4 oversz 0 unbuild 0 {}
  65     0     100  2.72044032e-05      8.68094493       7.9130566       14.247174      90.8594304     0.169013864     0.157376216
  65     1      50               0      1.00418433      1.00316049      3.42832149      6.29369935    0.0195509906    0.0199510265
          wgpu 1d 104g 182c x3w 3ms | egraph 30g->36v+0snap 19ms | graft 6 (-36n, 0 snap) cpu 0 | f64 20 | gen 0.2s | dropped inexpr 3 oversz 0 unbuild 0 {}
  66     0     100  2.72044032e-05      8.68094493       7.9130566       14.247174      90.8594304     0.169013864     0.157376216
  66     1      50               0      1.00418433      1.00316049      3.42832149      6.29369935    0.0195509906    0.0199510265
          wgpu 1d 103g 194c x3w 3ms | egraph 33g->48v+0snap 8ms | graft 5 (-21n, 0 snap) cpu 0 | f64 20 | gen 0.2s | dropped inexpr 4 oversz 0 unbuild 0 {}
  67     0     100  2.72044032e-05      8.68094493       7.9130566       14.247174      90.8594304     0.169013864     0.157376216
  67     1      50               0      1.00418433      1.00316049      3.42832149      6.29369935    0.0195509906    0.0199510265
          wgpu 1d 115g 202c x3w 3ms | egraph 30g->56v+0snap 11ms | graft 3 (-12n, 0 snap) cpu 0 | f64 20 | gen 0.2s | dropped inexpr 3 oversz 0 unbuild 0 {}
  68     0     100  2.72044032e-05      8.68094493       7.9130566       14.247174      90.8594304     0.169013864     0.157376216
  68     1      50               0      1.00418433      1.00316049      3.42832149      6.29369935    0.0195509906    0.0199510265
          wgpu 1d 74g 173c x3w 3ms | egraph 16g->27v+0snap 4ms | graft 2 (-8n, 0 snap) cpu 0 | f64 20 | gen 0.1s | dropped inexpr 2 oversz 0 unbuild 0 {}
  69     0     100  2.72044032e-05      8.68094493       7.9130566       14.247174      90.8594304     0.169013864     0.157376216
  69     1      50               0     0.782073383     0.643984928      2.37231054      4.54077729    0.0152265963    0.0128076818
          wgpu 1d 116g 194c x3w 4ms | egraph 24g->48v+0snap 12ms | graft 7 (-38n, 0 snap) cpu 0 | f64 20 | gen 0.2s | dropped inexpr 3 oversz 0 unbuild 0 {}
  70     0     100  2.72044032e-05      8.68094493       7.9130566       14.247174      90.8594304     0.169013864     0.157376216
  70     1      50               0     0.782073383     0.643984928      2.37231054      4.54077729    0.0152265963    0.0128076818
          wgpu 1d 116g 201c x3w 14ms | egraph 36g->55v+0snap 15ms | graft 9 (-106n, 0 snap) cpu 0 | f64 20 | gen 0.4s | dropped inexpr 2 oversz 0 unbuild 0 {}
--------- pump migration: intra (promote-2 + intake-reset) ---------
  71     0     100  2.72044032e-05      8.68094493       7.9130566       14.247174      90.8594304     0.169013864     0.157376216
  71     1      50               0     0.782073383     0.643984928      2.37231054      4.54077729    0.0152265963    0.0128076818
          wgpu 2d 307g 365c x3w 7ms | egraph 118g->139v+0snap 27ms | graft 19 (-70n, 0 snap) cpu 0 | f64 30 | gen 0.2s | dropped inexpr 10 oversz 0 unbuild 0 {}
  72     0     100  2.72044032e-05      8.68094493       7.9130566       14.247174      90.8594304     0.169013864     0.157376216
  72     1      50               0     0.782073383     0.643984928      2.37231054      4.54077729    0.0152265963    0.0128076818
          wgpu 1d 100g 189c x3w 3ms | egraph 28g->43v+0snap 12ms | graft 5 (-28n, 0 snap) cpu 0 | f64 20 | gen 0.2s | dropped inexpr 5 oversz 0 unbuild 0 {}
  73     0     100  2.72044032e-05      8.68094493       7.9130566       14.247174      90.8594304     0.169013864     0.157376216
  73     1      50               0     0.782073383     0.643984928      2.37231054      4.54077729    0.0152265963    0.0128076818
          wgpu 1d 88g 181c x3w 3ms | egraph 24g->35v+0snap 11ms | graft 5 (-14n, 0 snap) cpu 0 | f64 20 | gen 0.2s | dropped inexpr 4 oversz 0 unbuild 0 {}
  74     0     100  2.72044032e-05      8.68094493       7.9130566       14.247174      90.8594304     0.169013864     0.157376216
  74     1      50               0     0.782073383     0.643984928      2.37231054      4.54077729    0.0152265963    0.0128076818
          wgpu 1d 129g 212c x3w 4ms | egraph 41g->66v+0snap 20ms | graft 6 (-59n, 0 snap) cpu 0 | f64 20 | gen 0.5s | dropped inexpr 1 oversz 0 unbuild 0 {}
  75     0     100  2.72044032e-05      8.68094493       7.9130566       14.247174      90.8594304     0.169013864     0.157376216
  75     1      50               0     0.782073383     0.643984928      2.37231054      4.54077729    0.0152265963    0.0128076818
          wgpu 1d 108g 187c x3w 4ms | egraph 25g->41v+0snap 9ms | graft 6 (-59n, 0 snap) cpu 0 | f64 20 | gen 0.4s
  76     0     100  2.72044032e-05      8.68094493       7.9130566       14.247174      90.8594304     0.169013864     0.157376216
  76     1      50               0     0.782073383     0.643984928      2.37231054      4.54077729    0.0152265963    0.0128076818
          wgpu 1d 104g 191c x3w 4ms | egraph 22g->45v+0snap 17ms | graft 7 (-111n, 0 snap) cpu 0 | f64 20 | gen 0.2s | dropped inexpr 2 oversz 0 unbuild 0 {}
  77     0     100  2.72044032e-05      8.68094493       7.9130566       14.247174      90.8594304     0.169013864     0.157376216
  77     1      50               0     0.782073383     0.643984928      2.37231054      4.54077729    0.0152265963    0.0128076818
          wgpu 1d 126g 204c x3w 8ms | egraph 36g->58v+0snap 13ms | graft 12 (-122n, 0 snap) cpu 0 | f64 20 | gen 0.9s
  78     0     100  2.72044032e-05      8.68094493       7.9130566       14.247174      90.8594304     0.169013864     0.157376216
  78     1      50               0     0.782073383     0.643984928      2.37231054      4.54077729    0.0152265963    0.0128076818
          wgpu 1d 78g 177c x3w 3ms | egraph 18g->31v+0snap 5ms | graft 5 (-18n, 0 snap) cpu 0 | f64 20 | gen 0.2s | dropped inexpr 1 oversz 0 unbuild 0 {}
  79     0     100  2.72044032e-05      8.68094493       7.9130566       14.247174      90.8594304     0.169013864     0.157376216
  79     1      50               0     0.782073383     0.643984928      2.37231054      4.54077729    0.0152265963    0.0128076818
          wgpu 1d 92g 193c x3w 4ms | egraph 24g->47v+0snap 12ms | graft 5 (-16n, 0 snap) cpu 0 | f64 20 | gen 0.2s | dropped inexpr 4 oversz 0 unbuild 0 {}
  80     0     100  2.72044032e-05      8.68094493       7.9130566       14.247174      90.8594304     0.169013864     0.157376216
  80     1      50               0     0.782073383     0.643984928      2.37231054      4.54077729    0.0152265963    0.0128076818
          wgpu 1d 98g 189c x3w 3ms | egraph 29g->43v+0snap 10ms | graft 5 (-54n, 0 snap) cpu 0 | f64 20 | gen 0.2s
--------- pump migration: intra (promote-2 + intake-reset) ---------
  81     0     100  2.72044032e-05      8.68094493       7.9130566       14.247174      90.8594304     0.169013864     0.157376216
  81     1      50               0     0.782073383     0.643984928      2.37231054      4.54077729    0.0152265963    0.0128076818
          wgpu 2d 300g 344c x3w 8ms | egraph 98g->118v+0snap 31ms | graft 17 (-75n, 0 snap) cpu 0 | f64 30 | gen 0.2s | dropped inexpr 5 oversz 0 unbuild 0 {}
  82     0     100  2.72044032e-05      8.68094493       7.9130566       14.247174      90.8594304     0.169013864     0.157376216
  82     1      50               0     0.782073383     0.643984928      2.37231054      4.54077729    0.0152265963    0.0128076818
          wgpu 1d 100g 188c x3w 4ms | egraph 27g->42v+0snap 12ms | graft 8 (-61n, 0 snap) cpu 0 | f64 20 | gen 0.2s | dropped inexpr 2 oversz 0 unbuild 0 {}
  83     0     100  2.72044032e-05      8.68094493       7.9130566       14.247174      90.8594304     0.169013864     0.157376216
  83     1      50               0     0.782073383     0.643984928      2.37231054      4.54077729    0.0152265963    0.0128076818
          wgpu 1d 108g 202c x3w 3ms | egraph 27g->56v+0snap 6ms | graft 6 (-34n, 0 snap) cpu 0 | f64 20 | gen 0.2s | dropped inexpr 2 oversz 0 unbuild 0 {}
  84     0     100  2.72044032e-05      8.68094493       7.9130566       14.247174      90.8594304     0.169013864     0.157376216
  84     1      50               0     0.782073383     0.643984928      2.37231054      4.54077729    0.0152265963    0.0128076818
          wgpu 1d 127g 205c x3w 4ms | egraph 25g->59v+0snap 16ms | graft 13 (-164n, 0 snap) cpu 0 | f64 20 | gen 0.5s | dropped inexpr 1 oversz 0 unbuild 0 {}
  85     0     100  2.72044032e-05      8.68094493       7.9130566       14.247174      90.8594304     0.169013864     0.157376216
  85     1      50               0     0.782073383     0.643984928      2.37231054      4.54077729    0.0152265963    0.0128076818
          wgpu 1d 101g 193c x3w 3ms | egraph 21g->47v+0snap 11ms | graft 4 (-15n, 0 snap) cpu 0 | f64 20 | gen 0.2s | dropped inexpr 2 oversz 0 unbuild 0 {}
  86     0     100  2.72044032e-05      8.68094493       7.9130566       14.247174      90.8594304     0.169013864     0.157376216
  86     1      50               0     0.782073383     0.643984928      2.37231054      4.54077729    0.0152265963    0.0128076818
          wgpu 1d 136g 210c x3w 4ms | egraph 36g->64v+0snap 8ms | graft 8 (-47n, 0 snap) cpu 0 | f64 20 | gen 0.2s | dropped inexpr 4 oversz 0 unbuild 0 {}
  87     0     100  2.72044032e-05      8.68094493       7.9130566       14.247174      90.8594304     0.169013864     0.157376216
  87     1      50               0     0.782073383     0.643984928      2.37231054      4.54077729    0.0152265963    0.0128076818
          wgpu 1d 91g 198c x3w 3ms | egraph 17g->52v+0snap 8ms | graft 4 (-53n, 0 snap) cpu 0 | f64 20 | gen 0.2s | dropped inexpr 2 oversz 0 unbuild 0 {}
<string>:1: RuntimeWarning: overflow encountered in scalar multiply
  88     0     100  2.72044032e-05      8.68094493       7.9130566       14.247174      90.8594304     0.169013864     0.157376216
  88     1      50               0     0.782073383     0.643984928      2.37231054      4.54077729    0.0152265963    0.0128076818
          wgpu 1d 129g 221c x3w 4ms | egraph 34g->75v+0snap 20ms | graft 12 (-50n, 0 snap) cpu 0 | f64 20 | gen 0.2s | dropped inexpr 3 oversz 0 unbuild 0 {}
  89     0     100  2.72044032e-05      8.68094493       7.9130566       14.247174      90.8594304     0.169013864     0.157376216
  89     1      50               0     0.782073383     0.643984928      2.37231054      4.54077729    0.0152265963    0.0128076818
          wgpu 1d 96g 203c x3w 3ms | egraph 25g->57v+0snap 7ms | graft 5 (-32n, 0 snap) cpu 0 | f64 20 | gen 0.2s | dropped inexpr 2 oversz 0 unbuild 0 {}
  90     0     100  2.72044032e-05      8.68094493       7.9130566       14.247174      90.8594304     0.169013864     0.157376216
  90     1      50               0     0.782073383     0.643984928      2.37231054      4.54077729    0.0152265963    0.0128076818
          wgpu 1d 124g 226c x3w 4ms | egraph 30g->80v+0snap 11ms | graft 11 (-59n, 0 snap) cpu 0 | f64 20 | gen 0.2s | dropped inexpr 4 oversz 0 unbuild 0 {}
--------- pump migration: intra (promote-2 + intake-reset) + cross ---------
  91     0     100  2.72044032e-05      8.68094493       7.9130566       14.247174      90.8594304     0.169013864     0.157376216
  91     1      50               0     0.782073383     0.643984928      2.37231054      4.54077729    0.0152265963    0.0128076818
          wgpu 2d 255g 320c x3w 12ms | egraph 85g->94v+0snap 21ms | graft 14 (-75n, 0 snap) cpu 0 | f64 30 | gen 0.2s | dropped inexpr 3 oversz 0 unbuild 0 {}
  92     0     100  2.72044032e-05      8.68094493       7.9130566       14.247174      90.8594304     0.169013864     0.157376216
  92     1      50               0     0.782073383     0.643984928      2.37231054      4.54077729    0.0152265963    0.0128076818
          wgpu 1d 93g 183c x3w 3ms | egraph 20g->37v+0snap 13ms | graft 7 (-24n, 0 snap) cpu 0 | f64 20 | gen 0.2s | dropped inexpr 1 oversz 0 unbuild 0 {}
  93     0     100  2.72044032e-05      8.68094493       7.9130566       14.247174      90.8594304     0.169013864     0.157376216
  93     1      50               0     0.782073383     0.643984928      2.37231054      4.54077729    0.0152265963    0.0128076818
          wgpu 1d 99g 191c x3w 3ms | egraph 18g->45v+0snap 9ms | graft 7 (-47n, 0 snap) cpu 0 | f64 20 | gen 0.2s
  94     0     100  2.72044032e-05      8.68094493       7.9130566       14.247174      90.8594304     0.169013864     0.157376216
  94     1      50               0     0.782073383     0.643984928      2.37231054      4.54077729    0.0152265963    0.0128076818
          wgpu 1d 127g 201c x3w 5ms | egraph 32g->55v+0snap 12ms | graft 9 (-34n, 0 snap) cpu 0 | f64 20 | gen 0.2s | dropped inexpr 3 oversz 0 unbuild 0 {}
  95     0     100  2.72044032e-05      8.68094493       7.9130566       14.247174      90.8594304     0.169013864     0.157376216
  95     1      50               0     0.782073383     0.643984928      2.37231054      4.54077729    0.0152265963    0.0128076818
          wgpu 1d 111g 200c x3w 3ms | egraph 19g->54v+0snap 8ms | graft 8 (-85n, 0 snap) cpu 0 | f64 20 | gen 0.2s | dropped inexpr 1 oversz 0 unbuild 0 {}
  96     0     100  2.72044032e-05      8.68094493       7.9130566       14.247174      90.8594304     0.169013864     0.157376216
  96     1      50               0     0.782073383     0.643984928      2.37231054      4.54077729    0.0152265963    0.0128076818
          wgpu 1d 115g 202c x3w 3ms | egraph 31g->56v+0snap 14ms | graft 6 (-60n, 0 snap) cpu 0 | f64 20 | gen 0.2s | dropped inexpr 2 oversz 0 unbuild 0 {}
  97     0     100  2.72044032e-05      8.68094493       7.9130566       14.247174      90.8594304     0.169013864     0.157376216
  97     1      50               0     0.782073383     0.643984928      2.37231054      4.54077729    0.0152265963    0.0128076818
          wgpu 1d 90g 195c x3w 3ms | egraph 25g->49v+0snap 6ms | graft 3 (-6n, 0 snap) cpu 0 | f64 20 | gen 0.2s
  98     0     100  2.72044032e-05      8.68094493       7.9130566       14.247174      90.8594304     0.169013864     0.157376216
  98     1      50               0     0.782073383     0.643984928      2.37231054      4.54077729    0.0152265963    0.0128076818
          wgpu 1d 101g 193c x3w 3ms | egraph 20g->47v+0snap 14ms | graft 4 (-55n, 0 snap) cpu 0 | f64 20 | gen 0.2s | dropped inexpr 4 oversz 0 unbuild 0 {}
  99     0     100  2.72044032e-05      8.68094493       7.9130566       14.247174      90.8594304     0.169013864     0.157376216
  99     1      50               0     0.782073383     0.643984928      2.37231054      4.54077729    0.0152265963    0.0128076818
          wgpu 1d 106g 186c x3w 4ms | egraph 16g->40v+0snap 8ms | graft 7 (-27n, 0 snap) cpu 0 | f64 20 | gen 0.6s | dropped inexpr 3 oversz 0 unbuild 0 {}
 100     0     100  2.72044032e-05      8.68094493       7.9130566       14.247174      90.8594304     0.169013864     0.157376216
 100     1      50               0     0.782073383     0.643984928      2.37231054      4.54077729    0.0152265963    0.0128076818
          wgpu 1d 141g 217c x3w 4ms | egraph 31g->71v+0snap 12ms | graft 11 (-93n, 0 snap) cpu 0 | f64 20 | gen 0.6s | dropped inexpr 1 oversz 0 unbuild 0 {}
--------- pump migration: intra (promote-2 + intake-reset) ---------
 101     0     100  2.72044032e-05      8.68094493       7.9130566       14.247174      90.8594304     0.169013864     0.157376216
 101     1      50               0     0.782073383     0.643984928      2.37231054      4.54077729    0.0152265963    0.0128076818
          wgpu 2d 284g 321c x3w 7ms | egraph 97g->95v+0snap 25ms | graft 17 (-92n, 0 snap) cpu 0 | f64 30 | gen 0.2s | dropped inexpr 2 oversz 0 unbuild 0 {}
 102     0     100  2.72044032e-05      8.68094493       7.9130566       14.247174      90.8594304     0.169013864     0.157376216
 102     1      50               0     0.782073383     0.643984928      2.37231054      4.54077729    0.0152265963    0.0128076818
          wgpu 1d 101g 194c x3w 3ms | egraph 14g->48v+0snap 7ms | graft 7 (-55n, 0 snap) cpu 0 | f64 20 | gen 0.4s | dropped inexpr 1 oversz 0 unbuild 0 {}
 103     0     100  2.72044032e-05      8.68094493       7.9130566       14.247174      90.8594304     0.169013864     0.157376216
 103     1      50               0     0.782073383     0.643984928      2.37231054      4.54077729    0.0152265963    0.0128076818
          wgpu 1d 111g 210c x3w 3ms | egraph 16g->64v+0snap 14ms | graft 6 (-46n, 0 snap) cpu 0 | f64 20 | gen 0.2s
 104     0     100  2.72044032e-05      8.68094493       7.9130566       14.247174      90.8594304     0.169013864     0.157376216
 104     1      50               0     0.782073383     0.643984928      2.37231054      4.54077729    0.0152265963    0.0128076818
          wgpu 1d 108g 202c x3w 3ms | egraph 26g->56v+0snap 18ms | graft 8 (-58n, 0 snap) cpu 0 | f64 20 | gen 0.2s | dropped inexpr 2 oversz 0 unbuild 0 {}
 105     0     100  2.72044032e-05      8.68094493       7.9130566       14.247174      90.8594304     0.169013864     0.157376216
 105     1      50               0     0.782073383     0.643984928      2.37231054      4.54077729    0.0152265963    0.0128076818
          wgpu 1d 135g 208c x3w 4ms | egraph 29g->62v+0snap 49ms | graft 11 (-80n, 0 snap) cpu 0 | f64 20 | gen 0.2s | dropped inexpr 1 oversz 0 unbuild 0 {}
 106     0     100  2.72044032e-05      8.68094493       7.9130566       14.247174      90.8594304     0.169013864     0.157376216
 106     1      50               0     0.782073383     0.643984928      2.37231054      4.54077729    0.0152265963    0.0128076818
          wgpu 1d 107g 206c x3w 3ms | egraph 25g->60v+0snap 6ms | graft 7 (-27n, 0 snap) cpu 0 | f64 20 | gen 0.2s | dropped inexpr 2 oversz 0 unbuild 0 {}
 107     0     100  2.72044032e-05      8.68094493       7.9130566       14.247174      90.8594304     0.169013864     0.157376216
 107     1      50               0     0.782073383     0.643984928      2.37231054      4.54077729    0.0152265963    0.0128076818
          wgpu 1d 106g 201c x3w 10ms | egraph 25g->55v+0snap 10ms | graft 14 (-60n, 0 snap) cpu 0 | f64 20 | gen 0.5s
 108     0     100  2.72044032e-05      8.68094493       7.9130566       14.247174      90.8594304     0.169013864     0.157376216
 108     1      50               0     0.782073383     0.643984928      2.37231054      4.54077729    0.0152265963    0.0128076818
          wgpu 1d 95g 188c x3w 4ms | egraph 20g->42v+0snap 11ms | graft 8 (-49n, 0 snap) cpu 0 | f64 20 | gen 0.3s | dropped inexpr 1 oversz 0 unbuild 0 {}
 109     0     100  2.72044032e-05      8.68094493       7.9130566       14.247174      90.8594304     0.169013864     0.157376216
 109     1      50               0     0.782073383     0.643984928      2.37231054      4.54077729    0.0152265963    0.0128076818
          wgpu 1d 110g 214c x3w 3ms | egraph 18g->68v+0snap 5ms | graft 7 (-26n, 0 snap) cpu 0 | f64 20 | gen 0.2s
 110     0     100  2.72044032e-05      8.68094493       7.9130566       14.247174      90.8594304     0.169013864     0.157376216
 110     1      50               0     0.782073383     0.643984928      2.37231054      4.54077729    0.0152265963    0.0128076818
          wgpu 1d 87g 180c x3w 3ms | egraph 17g->34v+0snap 9ms | graft 3 (-43n, 0 snap) cpu 0 | f64 20 | gen 0.4s | dropped inexpr 1 oversz 0 unbuild 0 {}
--------- pump migration: intra (promote-2 + intake-reset) ---------
 111     0     100  2.72044032e-05      8.68094493       7.9130566       14.247174      90.8594304     0.169013864     0.157376216
 111     1      50               0     0.782073383     0.643984928      2.37231054      4.54077729    0.0152265963    0.0128076818
          wgpu 2d 273g 318c x3w 8ms | egraph 98g->92v+0snap 52ms | graft 20 (-75n, 0 snap) cpu 0 | f64 30 | gen 0.2s | dropped inexpr 8 oversz 0 unbuild 0 {}
 112     0     100  2.72044032e-05      8.68094493       7.9130566       14.247174      90.8594304     0.169013864     0.157376216
 112     1      50               0     0.782073353     0.643985152      2.37231019       4.5407773    0.0152265957    0.0128076863
          wgpu 1d 119g 187c x3w 3ms | egraph 23g->41v+0snap 6ms | graft 6 (-24n, 0 snap) cpu 0 | f64 20 | gen 0.2s | dropped inexpr 2 oversz 0 unbuild 0 {}
 113     0     100  2.72044032e-05      8.68094493       7.9130566       14.247174      90.8594304     0.169013864     0.157376216
 113     1      50               0     0.782073383     0.643984928      2.37231054      4.54077729    0.0152265963    0.0128076818
          wgpu 1d 142g 230c x3w 4ms | egraph 38g->84v+0snap 13ms | graft 9 (-37n, 0 snap) cpu 0 | f64 20 | gen 0.2s | dropped inexpr 3 oversz 0 unbuild 0 {}
 114     0     100  2.72044032e-05      8.68094493       7.9130566       14.247174      90.8594304     0.169013864     0.157376216
 114     1      50               0     0.782073383     0.643984928      2.37231054      4.54077729    0.0152265963    0.0128076818
          wgpu 1d 129g 203c x3w 4ms | egraph 23g->57v+0snap 14ms | graft 9 (-68n, 0 snap) cpu 0 | f64 20 | gen 0.2s | dropped inexpr 1 oversz 0 unbuild 0 {}
 115     0     100  2.72044032e-05      8.68094493       7.9130566       14.247174      90.8594304     0.169013864     0.157376216
 115     1      50               0     0.782073383     0.643984928      2.37231054      4.54077729    0.0152265963    0.0128076818
          wgpu 1d 129g 218c x3w 4ms | egraph 30g->72v+0snap 10ms | graft 12 (-37n, 0 snap) cpu 0 | f64 20 | gen 0.2s | dropped inexpr 5 oversz 0 unbuild 0 {}
 116     0     100  2.72044032e-05      8.68094493       7.9130566       14.247174      90.8594304     0.169013864     0.157376216
 116     1      50               0     0.782073383     0.643984928      2.37231054      4.54077729    0.0152265963    0.0128076818
          wgpu 1d 148g 219c x3w 4ms | egraph 34g->73v+0snap 10ms | graft 11 (-49n, 0 snap) cpu 0 | f64 20 | gen 0.2s | dropped inexpr 4 oversz 0 unbuild 0 {}
 117     0     100  2.72044032e-05      8.68094493       7.9130566       14.247174      90.8594304     0.169013864     0.157376216
 117     1      50               0     0.782073383     0.643984928      2.37231054      4.54077729    0.0152265963    0.0128076818
          wgpu 1d 127g 197c x3w 4ms | egraph 27g->51v+0snap 9ms | graft 5 (-21n, 0 snap) cpu 0 | f64 20 | gen 0.2s | dropped inexpr 2 oversz 0 unbuild 0 {}
 118     0     100  2.72044032e-05      8.68094493       7.9130566       14.247174      90.8594304     0.169013864     0.157376216
 118     1      50               0     0.782073383     0.643984928      2.37231054      4.54077729    0.0152265963    0.0128076818
          wgpu 1d 140g 239c x3w 4ms | egraph 32g->93v+0snap 10ms | graft 14 (-84n, 0 snap) cpu 0 | f64 20 | gen 0.4s | dropped inexpr 1 oversz 0 unbuild 0 {}
 119     0     100  2.72044032e-05      8.68094493       7.9130566       14.247174      90.8594304     0.169013864     0.157376216
 119     1      50               0     0.782073383     0.643984928      2.37231054      4.54077729    0.0152265963    0.0128076818
          wgpu 1d 109g 199c x3w 4ms | egraph 25g->53v+0snap 16ms | graft 9 (-26n, 0 snap) cpu 0 | f64 20 | gen 0.2s | dropped inexpr 3 oversz 0 unbuild 0 {}
 120     0     100  2.72044032e-05      8.68094493       7.9130566       14.247174      90.8594304     0.169013864     0.157376216
 120     1      50               0     0.782073383     0.643984928      2.37231054      4.54077729    0.0152265963    0.0128076818
          wgpu 1d 136g 212c x3w 4ms | egraph 28g->66v+0snap 10ms | graft 6 (-43n, 0 snap) cpu 0 | f64 20 | gen 0.2s | dropped inexpr 2 oversz 0 unbuild 0 {}
--------- pump migration: intra (promote-2 + intake-reset) + cross ---------
 121     0     100               0      7.40371135      6.59260281      6.45660932      100.212533     0.144146734     0.131114806
 121     1      50               0     0.782073383     0.643984928      2.37231054      4.54077729    0.0152265963    0.0128076818
          wgpu 2d 297g 342c x3w 10ms | egraph 96g->116v+0snap 24ms | graft 16 (-78n, 0 snap) cpu 0 | f64 30 | gen 0.2s | dropped inexpr 1 oversz 0 unbuild 0 {}
 122     0     100               0      7.40371135      6.59260281      6.45660932      100.212533     0.144146734     0.131114806
 122     1      50               0     0.782073383     0.643984928      2.37231054      4.54077729    0.0152265963    0.0128076818
          wgpu 1d 117g 197c x3w 4ms | egraph 26g->51v+0snap 6ms | graft 6 (-23n, 0 snap) cpu 0 | f64 20 | gen 0.2s | dropped inexpr 2 oversz 0 unbuild 0 {}
 123     0     100               0      7.40371135      6.59260281      6.45660932      100.212533     0.144146734     0.131114806
 123     1      50               0     0.782073383     0.643984928      2.37231054      4.54077729    0.0152265963    0.0128076818
          wgpu 1d 117g 197c x3w 3ms | egraph 28g->51v+0snap 12ms | graft 7 (-45n, 0 snap) cpu 0 | f64 20 | gen 0.2s
 124     0     100               0      7.40371135      6.59260281      6.45660932      100.212533     0.144146734     0.131114806
 124     1      50               0     0.782073383     0.643984928      2.37231054      4.54077729    0.0152265963    0.0128076818
          wgpu 1d 135g 209c x3w 4ms | egraph 31g->63v+0snap 8ms | graft 9 (-44n, 0 snap) cpu 0 | f64 20 | gen 0.1s | dropped inexpr 3 oversz 0 unbuild 0 {}
 125     0     100               0      7.40371135      6.59260281      6.45660932      100.212533     0.144146734     0.131114806
 125     1      50               0     0.782073383     0.643984928      2.37231054      4.54077729    0.0152265963    0.0128076818
          wgpu 1d 117g 203c x3w 3ms | egraph 29g->57v+0snap 6ms | graft 8 (-44n, 0 snap) cpu 0 | f64 20 | gen 0.2s | dropped inexpr 3 oversz 0 unbuild 0 {}
 126     0     100               0      7.40371135      6.59260281      6.45660932      100.212533     0.144146734     0.131114806
 126     1      50               0     0.782073383     0.643984928      2.37231054      4.54077729    0.0152265963    0.0128076818
          wgpu 1d 123g 217c x3w 4ms | egraph 24g->71v+0snap 9ms | graft 7 (-40n, 0 snap) cpu 0 | f64 20 | gen 0.2s | dropped inexpr 2 oversz 0 unbuild 0 {}
 127     0     100               0      7.40371135      6.59260281      6.45660932      100.212533     0.144146734     0.131114806
 127     1      50               0     0.782073383     0.643984928      2.37231054      4.54077729    0.0152265963    0.0128076818
          wgpu 1d 130g 228c x3w 10ms | egraph 26g->82v+0snap 6ms | graft 12 (-41n, 0 snap) cpu 0 | f64 20 | gen 0.2s | dropped inexpr 2 oversz 0 unbuild 0 {}
 128     0     100               0      7.40371135      6.59260281      6.45660932      100.212533     0.144146734     0.131114806
 128     1      50               0     0.782073383     0.643984928      2.37231054      4.54077729    0.0152265963    0.0128076818
          wgpu 1d 145g 230c x3w 4ms | egraph 30g->84v+0snap 9ms | graft 12 (-50n, 0 snap) cpu 0 | f64 20 | gen 0.2s | dropped inexpr 1 oversz 0 unbuild 0 {}
 129     0     100               0      7.40371135      6.59260281      6.45660932      100.212533     0.144146734     0.131114806
 129     1      50               0     0.782073383     0.643984928      2.37231054      4.54077729    0.0152265963    0.0128076818
          wgpu 1d 113g 205c x3w 4ms | egraph 25g->59v+0snap 6ms | graft 8 (-28n, 0 snap) cpu 0 | f64 20 | gen 0.2s | dropped inexpr 1 oversz 0 unbuild 0 {}
 130     0     100               0      7.40371135      6.59260281      6.45660932      100.212533     0.144146734     0.131114806
 130     1      50               0     0.782073383     0.643984928      2.37231054      4.54077729    0.0152265963    0.0128076818
          wgpu 1d 110g 200c x3w 3ms | egraph 27g->54v+0snap 6ms | graft 12 (-41n, 0 snap) cpu 0 | f64 20 | gen 0.2s
--------- pump migration: intra (promote-2 + intake-reset) ---------
 131     0     100               0      7.40371135      6.59260281      6.45660932      100.212533     0.144146734     0.131114806
 131     1      50               0     0.782073383     0.643984928      2.37231054      4.54077729    0.0152265963    0.0128076818
          wgpu 2d 322g 369c x3w 7ms | egraph 105g->143v+0snap 26ms | graft 20 (-86n, 0 snap) cpu 0 | f64 30 | gen 0.2s | dropped inexpr 5 oversz 0 unbuild 0 {}
 132     0     100               0      7.40371135      6.59260281      6.45660932      100.212533     0.144146734     0.131114806
 132     1      50               0     0.782073383     0.643984928      2.37231054      4.54077729    0.0152265963    0.0128076818
          wgpu 1d 124g 191c x3w 3ms | egraph 23g->45v+0snap 6ms | graft 9 (-30n, 0 snap) cpu 0 | f64 20 | gen 0.2s
 133     0     100               0      7.40371135      6.59260281      6.45660932      100.212533     0.144146734     0.131114806
 133     1      50               0     0.782073383     0.643984928      2.37231054      4.54077729    0.0152265963    0.0128076818
          wgpu 1d 115g 194c x3w 3ms | egraph 28g->48v+0snap 7ms | graft 6 (-15n, 0 snap) cpu 0 | f64 20 | gen 0.2s | dropped inexpr 3 oversz 0 unbuild 0 {}
 134     0     100               0      7.40371135      6.59260281      6.45660932      100.212533     0.144146734     0.131114806
 134     1      50               0     0.782073383     0.643984928      2.37231054      4.54077729    0.0152265963    0.0128076818
          wgpu 1d 129g 192c x3w 3ms | egraph 29g->46v+0snap 6ms | graft 5 (-18n, 0 snap) cpu 0 | f64 20 | gen 0.2s
 135     0     100               0      7.40371135      6.59260281      6.45660932      100.212533     0.144146734     0.131114806
 135     1      50               0     0.782073383     0.643984928      2.37231054      4.54077729    0.0152265963    0.0128076818
          wgpu 1d 118g 197c x3w 3ms | egraph 26g->51v+0snap 6ms | graft 12 (-48n, 0 snap) cpu 0 | f64 20 | gen 0.2s
 136     0     100               0      7.40371135      6.59260281      6.45660932      100.212533     0.144146734     0.131114806
 136     1      50               0     0.782073383     0.643984928      2.37231054      4.54077729    0.0152265963    0.0128076818
          wgpu 1d 115g 206c x3w 3ms | egraph 27g->60v+0snap 9ms | graft 12 (-57n, 0 snap) cpu 0 | f64 20 | gen 0.2s | dropped inexpr 1 oversz 0 unbuild 0 {}
 137     0     100               0      7.40371135      6.59260281      6.45660932      100.212533     0.144146734     0.131114806
 137     1      50               0     0.782073383     0.643984928      2.37231054      4.54077729    0.0152265963    0.0128076818
          wgpu 1d 141g 205c x3w 3ms | egraph 26g->59v+0snap 6ms | graft 12 (-49n, 0 snap) cpu 0 | f64 20 | gen 0.2s | dropped inexpr 2 oversz 0 unbuild 0 {}
 138     0     100               0      7.40371135      6.59260281      6.45660932      100.212533     0.144146734     0.131114806
 138     1      50               0     0.782073383     0.643984928      2.37231054      4.54077729    0.0152265963    0.0128076818
          wgpu 1d 93g 172c x3w 3ms | egraph 23g->26v+0snap 6ms | graft 5 (-12n, 0 snap) cpu 0 | f64 20 | gen 0.2s | dropped inexpr 1 oversz 0 unbuild 0 {}
 139     0     100               0      7.40371135      6.59260281      6.45660932      100.212533     0.144146734     0.131114806
 139     1      50               0     0.782073383     0.643984928      2.37231054      4.54077729    0.0152265963    0.0128076818
          wgpu 1d 114g 185c x3w 3ms | egraph 28g->39v+0snap 10ms | graft 7 (-21n, 0 snap) cpu 0 | f64 20 | gen 0.2s | dropped inexpr 3 oversz 0 unbuild 0 {}
 140     0     100               0      7.40371135      6.59260281      6.45660932      100.212533     0.144146734     0.131114806
 140     1      50               0     0.782073383     0.643984928      2.37231054      4.54077729    0.0152265963    0.0128076818
          wgpu 1d 109g 197c x3w 3ms | egraph 25g->51v+0snap 6ms | graft 9 (-38n, 0 snap) cpu 0 | f64 20 | gen 0.3s | dropped inexpr 1 oversz 0 unbuild 0 {}
--------- pump migration: intra (promote-2 + intake-reset) ---------
 141     0     100               0      7.40371135      6.59260281      6.45660932      100.212533     0.144146734     0.131114806
 141     1      50               0     0.782073383     0.643984928      2.37231054      4.54077729    0.0152265963    0.0128076818
          wgpu 2d 291g 343c x3w 7ms | egraph 96g->117v+0snap 29ms | graft 15 (-63n, 0 snap) cpu 0 | f64 30 | gen 0.2s | dropped inexpr 2 oversz 0 unbuild 0 {}
 142     0     100               0      7.40371135      6.59260281      6.45660932      100.212533     0.144146734     0.131114806
 142     1      50               0     0.782073383     0.643984928      2.37231054      4.54077729    0.0152265963    0.0128076818
          wgpu 1d 103g 193c x3w 3ms | egraph 23g->47v+0snap 5ms | graft 10 (-30n, 0 snap) cpu 0 | f64 20 | gen 0.2s | dropped inexpr 1 oversz 0 unbuild 0 {}
 143     0     100               0      7.40371135      6.59260281      6.45660932      100.212533     0.144146734     0.131114806
 143     1      50               0     0.782073383     0.643984928      2.37231054      4.54077729    0.0152265963    0.0128076818
          wgpu 1d 136g 205c x3w 4ms | egraph 28g->59v+0snap 7ms | graft 12 (-62n, 0 snap) cpu 0 | f64 20 | gen 0.2s | dropped inexpr 2 oversz 0 unbuild 0 {}
 144     0     100               0      7.40371135      6.59260281      6.45660932      100.212533     0.144146734     0.131114806
 144     1      50               0     0.782073383     0.643984928      2.37231054      4.54077729    0.0152265963    0.0128076818
          wgpu 1d 115g 205c x3w 3ms | egraph 22g->59v+0snap 6ms | graft 10 (-38n, 0 snap) cpu 0 | f64 20 | gen 0.2s | dropped inexpr 3 oversz 0 unbuild 0 {}
 145     0     100               0     0.613634701      0.59808454      3.55688459      11.1054537    0.0119471754    0.0118948071
 145     1      50               0     0.782073383     0.643984928      2.37231054      4.54077729    0.0152265963    0.0128076818
          wgpu 1d 129g 243c x3w 4ms | egraph 31g->97v+0snap 8ms | graft 13 (-45n, 0 snap) cpu 0 | f64 20 | gen 0.2s | dropped inexpr 3 oversz 0 unbuild 0 {}
 146     0     100               0     0.613634701      0.59808454      3.55688459      11.1054537    0.0119471754    0.0118948071
 146     1      50               0     0.782073383     0.643984928      2.37231054      4.54077729    0.0152265963    0.0128076818
          wgpu 1d 133g 243c x3w 4ms | egraph 47g->97v+0snap 9ms | graft 21 (-54n, 0 snap) cpu 0 | f64 20 | gen 0.2s | dropped inexpr 2 oversz 0 unbuild 0 {}
 147     0     100               0     0.613634701      0.59808454      3.55688459      11.1054537    0.0119471754    0.0118948071
 147     1      50               0     0.782073383     0.643984928      2.37231054      4.54077729    0.0152265963    0.0128076818
          wgpu 1d 137g 252c x3w 4ms | egraph 40g->106v+0snap 9ms | graft 22 (-51n, 0 snap) cpu 0 | f64 20 | gen 0.2s | dropped inexpr 2 oversz 0 unbuild 0 {}
 148     0     100               0     0.613634701      0.59808454      3.55688459      11.1054537    0.0119471754    0.0118948071
 148     1      50               0     0.782073383     0.643984928      2.37231054      4.54077729    0.0152265963    0.0128076818
          wgpu 1d 135g 254c x3w 4ms | egraph 29g->108v+0snap 7ms | graft 19 (-50n, 0 snap) cpu 0 | f64 20 | gen 0.2s | dropped inexpr 2 oversz 0 unbuild 0 {}
 149     0     100               0     0.613634701      0.59808454      3.55688459      11.1054537    0.0119471754    0.0118948071
 149     1      50               0     0.782073383     0.643984928      2.37231054      4.54077729    0.0152265963    0.0128076818
          wgpu 1d 130g 247c x3w 4ms | egraph 26g->101v+0snap 7ms | graft 20 (-57n, 0 snap) cpu 0 | f64 20 | gen 0.2s | dropped inexpr 1 oversz 0 unbuild 0 {}
 150     0     100               0     0.613634701      0.59808454      3.55688459      11.1054537    0.0119471754    0.0118948071
 150     1      50               0     0.782073383     0.643984928      2.37231054      4.54077729    0.0152265963    0.0128076818
          wgpu 1d 120g 242c x3w 4ms | egraph 17g->96v+0snap 4ms | graft 19 (-54n, 0 snap) cpu 0 | f64 20 | gen 0.2s
--------- pump migration: intra (promote-2 + intake-reset) + cross ---------
 151     0     100               0     0.613634701      0.59808454      3.55688459      11.1054537    0.0119471754    0.0118948071
 151     1      50               0     0.782073383     0.643984928      2.37231054      4.54077729    0.0152265963    0.0128076818
          wgpu 2d 319g 378c x3w 7ms | egraph 96g->152v+0snap 20ms | graft 34 (-92n, 0 snap) cpu 0 | f64 30 | gen 0.2s | dropped inexpr 6 oversz 0 unbuild 0 {}
 152     0     100               0     0.613634701      0.59808454      3.55688459      11.1054537    0.0119471754    0.0118948071
 152     1      50               0     0.782073383     0.643984928      2.37231054      4.54077729    0.0152265963    0.0128076818
          wgpu 1d 109g 243c x3w 4ms | egraph 25g->97v+0snap 6ms | graft 8 (-23n, 0 snap) cpu 0 | f64 20 | gen 0.2s
 153     0     100               0     0.613634701      0.59808454      3.55688459      11.1054537    0.0119471754    0.0118948071
 153     1      50               0     0.782073383     0.643984928      2.37231054      4.54077729    0.0152265963    0.0128076818
          wgpu 1d 138g 244c x3w 5ms | egraph 33g->98v+0snap 7ms | graft 21 (-46n, 0 snap) cpu 0 | f64 20 | gen 0.2s | dropped inexpr 2 oversz 0 unbuild 0 {}
 154     0     100               0     0.613634701      0.59808454      3.55688459      11.1054537    0.0119471754    0.0118948071
 154     1      50               0     0.782073383     0.643984928      2.37231054      4.54077729    0.0152265963    0.0128076818
          wgpu 1d 136g 246c x3w 4ms | egraph 32g->100v+0snap 7ms | graft 17 (-40n, 0 snap) cpu 0 | f64 20 | gen 0.2s | dropped inexpr 1 oversz 0 unbuild 0 {}
 155     0     100               0     0.613634701      0.59808454      3.55688459      11.1054537    0.0119471754    0.0118948071
 155     1      50               0     0.782073383     0.643984928      2.37231054      4.54077729    0.0152265963    0.0128076818
          wgpu 1d 139g 260c x3w 4ms | egraph 24g->114v+0snap 8ms | graft 30 (-70n, 0 snap) cpu 0 | f64 20 | gen 0.2s | dropped inexpr 1 oversz 0 unbuild 0 {}
 156     0     100               0     0.613634701      0.59808454      3.55688459      11.1054537    0.0119471754    0.0118948071
 156     1      50               0     0.782073383     0.643984928      2.37231054      4.54077729    0.0152265963    0.0128076818
          wgpu 1d 154g 253c x3w 4ms | egraph 26g->107v+0snap 6ms | graft 19 (-44n, 0 snap) cpu 0 | f64 20 | gen 0.2s | dropped inexpr 1 oversz 0 unbuild 0 {}
 157     0     100               0     0.613634701      0.59808454      3.55688459      11.1054537    0.0119471754    0.0118948071
 157     1      50               0     0.782073383     0.643984928      2.37231054      4.54077729    0.0152265963    0.0128076818
          wgpu 1d 110g 259c x3w 4ms | egraph 19g->113v+0snap 10ms | graft 21 (-48n, 0 snap) cpu 0 | f64 20 | gen 0.2s | dropped inexpr 3 oversz 0 unbuild 0 {}
 158     0     100               0     0.613634701      0.59808454      3.55688459      11.1054537    0.0119471754    0.0118948071
 158     1      50               0     0.782073383     0.643984928      2.37231054      4.54077729    0.0152265963    0.0128076818
          wgpu 1d 153g 250c x3w 4ms | egraph 28g->104v+0snap 7ms | graft 21 (-57n, 0 snap) cpu 0 | f64 20 | gen 0.2s
 159     0     100               0     0.613634701      0.59808454      3.55688459      11.1054537    0.0119471754    0.0118948071
 159     1      50               0     0.782073383     0.643984928      2.37231054      4.54077729    0.0152265963    0.0128076818
          wgpu 1d 136g 261c x3w 4ms | egraph 21g->115v+0snap 5ms | graft 18 (-43n, 0 snap) cpu 0 | f64 20 | gen 0.2s | dropped inexpr 2 oversz 0 unbuild 0 {}
 160     0     100               0     0.613634701      0.59808454      3.55688459      11.1054537    0.0119471754    0.0118948071
 160     1      50               0     0.782073353     0.643985152      2.37231019       4.5407773    0.0152265957    0.0128076863
          wgpu 1d 144g 253c x3w 4ms | egraph 25g->107v+0snap 10ms | graft 21 (-51n, 0 snap) cpu 0 | f64 20 | gen 0.2s | dropped inexpr 2 oversz 0 unbuild 0 {}
--------- pump migration: intra (promote-2 + intake-reset) ---------
 161     0     100               0     0.613634701      0.59808454      3.55688459      11.1054537    0.0119471754    0.0118948071
 161     1      50               0     0.782073353     0.643985152      2.37231019       4.5407773    0.0152265957    0.0128076863
          wgpu 2d 335g 392c x3w 8ms | egraph 86g->166v+0snap 20ms | graft 39 (-126n, 0 snap) cpu 0 | f64 30 | gen 0.3s | dropped inexpr 5 oversz 0 unbuild 0 {}
 162     0     100               0     0.613634701      0.59808454      3.55688459      11.1054537    0.0119471754    0.0118948071
 162     1      50               0     0.782073353     0.643985152      2.37231019       4.5407773    0.0152265957    0.0128076863
          wgpu 1d 156g 270c x3w 4ms | egraph 35g->124v+0snap 7ms | graft 24 (-65n, 0 snap) cpu 0 | f64 20 | gen 0.2s | dropped inexpr 4 oversz 0 unbuild 0 {}
 163     0     100               0     0.613634701      0.59808454      3.55688459      11.1054537    0.0119471754    0.0118948071
 163     1      50               0     0.613634701      0.59808454      3.55688459      11.1054537    0.0119471754    0.0118948071
          wgpu 1d 160g 286c x3w 10ms | egraph 29g->140v+0snap 8ms | graft 28 (-80n, 0 snap) cpu 0 | f64 20 | gen 0.2s | dropped inexpr 2 oversz 0 unbuild 0 {}
 164     0     100               0     0.613634701      0.59808454      3.55688459      11.1054537    0.0119471754    0.0118948071
 164     1      50               0     0.613634701      0.59808454      3.55688459      11.1054537    0.0119471754    0.0118948071
          wgpu 1d 119g 275c x3w 4ms | egraph 16g->129v+0snap 5ms | graft 15 (-42n, 0 snap) cpu 0 | f64 20 | gen 0.2s | dropped inexpr 2 oversz 0 unbuild 0 {}
 165     0     100               0     0.613634701      0.59808454      3.55688459      11.1054537    0.0119471754    0.0118948071
 165     1      50               0     0.613634701      0.59808454      3.55688459      11.1054537    0.0119471754    0.0118948071
          wgpu 1d 136g 269c x3w 4ms | egraph 27g->123v+0snap 11ms | graft 26 (-64n, 0 snap) cpu 0 | f64 20 | gen 0.2s | dropped inexpr 3 oversz 0 unbuild 0 {}
 166     0     100               0     0.613634701      0.59808454      3.55688459      11.1054537    0.0119471754    0.0118948071
 166     1      50               0     0.613634701      0.59808454      3.55688459      11.1054537    0.0119471754    0.0118948071
          wgpu 1d 133g 282c x3w 4ms | egraph 29g->136v+0snap 11ms | graft 15 (-38n, 0 snap) cpu 0 | f64 20 | gen 0.2s | dropped inexpr 1 oversz 0 unbuild 0 {}
 167     0     100               0     0.613634701      0.59808454      3.55688459      11.1054537    0.0119471754    0.0118948071
 167     1      50               0     0.613634701      0.59808454      3.55688459      11.1054537    0.0119471754    0.0118948071
          wgpu 1d 161g 285c x3w 6ms | egraph 24g->139v+0snap 6ms | graft 29 (-85n, 0 snap) cpu 0 | f64 20 | gen 0.2s | dropped inexpr 1 oversz 0 unbuild 0 {}
 168     0     100               0     0.613634701      0.59808454      3.55688459      11.1054537    0.0119471754    0.0118948071
 168     1      50               0     0.613634701      0.59808454      3.55688459      11.1054537    0.0119471754    0.0118948071
          wgpu 1d 128g 275c x3w 4ms | egraph 13g->129v+0snap 4ms | graft 14 (-31n, 0 snap) cpu 0 | f64 20 | gen 0.2s
 169     0     100               0     0.613634701      0.59808454      3.55688459      11.1054537    0.0119471754    0.0118948071
 169     1      50               0     0.613634701      0.59808454      3.55688459      11.1054537    0.0119471754    0.0118948071
          wgpu 1d 135g 275c x3w 4ms | egraph 24g->129v+0snap 6ms | graft 24 (-67n, 0 snap) cpu 0 | f64 20 | gen 0.2s
 170     0     100               0     0.613634701      0.59808454      3.55688459      11.1054537    0.0119471754    0.0118948071
 170     1      50               0     0.613634701      0.59808454      3.55688459      11.1054537    0.0119471754    0.0118948071
          wgpu 1d 161g 298c x3w 4ms | egraph 23g->152v+0snap 5ms | graft 26 (-77n, 0 snap) cpu 0 | f64 20 | gen 0.2s | dropped inexpr 2 oversz 0 unbuild 0 {}
--------- pump migration: intra (promote-2 + intake-reset) ---------
 171     0     100               0     0.613634701      0.59808454      3.55688459      11.1054537    0.0119471754    0.0118948071
 171     1      50               0     0.613634701      0.59808454      3.55688459      11.1054537    0.0119471754    0.0118948071
          wgpu 2d 323g 434c x3w 9ms | egraph 96g->208v+0snap 24ms | graft 35 (-152n, 0 snap) cpu 0 | f64 30 | gen 0.2s | dropped inexpr 5 oversz 0 unbuild 0 {}
 172     0     100               0     0.613634701      0.59808454      3.55688459      11.1054537    0.0119471754    0.0118948071
 172     1      50               0     0.613634701      0.59808454      3.55688459      11.1054537    0.0119471754    0.0118948071
          wgpu 1d 130g 289c x3w 4ms | egraph 17g->143v+0snap 4ms | graft 25 (-66n, 0 snap) cpu 0 | f64 20 | gen 0.3s | dropped inexpr 1 oversz 0 unbuild 0 {}
 173     0     100               0     0.613634701      0.59808454      3.55688459      11.1054537    0.0119471754    0.0118948071
 173     1      50               0     0.613634701      0.59808454      3.55688459      11.1054537    0.0119471754    0.0118948071
          wgpu 1d 135g 282c x3w 7ms | egraph 24g->136v+0snap 5ms | graft 20 (-45n, 0 snap) cpu 0 | f64 20 | gen 0.2s
 174     0     100               0     0.613634701      0.59808454      3.55688459      11.1054537    0.0119471754    0.0118948071
 174     1      50               0     0.613634701      0.59808454      3.55688459      11.1054537    0.0119471754    0.0118948071
          wgpu 1d 145g 257c x3w 4ms | egraph 28g->111v+0snap 6ms | graft 28 (-66n, 0 snap) cpu 0 | f64 20 | gen 0.2s
 175     0     100               0     0.613634701      0.59808454      3.55688459      11.1054537    0.0119471754    0.0118948071
 175     1      50               0     0.613634701      0.59808454      3.55688459      11.1054537    0.0119471754    0.0118948071
          wgpu 1d 136g 270c x3w 4ms | egraph 25g->124v+0snap 6ms | graft 25 (-57n, 0 snap) cpu 0 | f64 20 | gen 0.2s
 176     0     100               0     0.613634701      0.59808454      3.55688459      11.1054537    0.0119471754    0.0118948071
 176     1      50               0     0.613634701      0.59808454      3.55688459      11.1054537    0.0119471754    0.0118948071
          wgpu 1d 118g 279c x3w 4ms | egraph 16g->133v+0snap 12ms | graft 23 (-52n, 0 snap) cpu 0 | f64 20 | gen 0.2s
 177     0     100               0     0.613634701      0.59808454      3.55688459      11.1054537    0.0119471754    0.0118948071
 177     1      50               0     0.613634701      0.59808454      3.55688459      11.1054537    0.0119471754    0.0118948071
          wgpu 1d 135g 270c x3w 4ms | egraph 27g->124v+0snap 10ms | graft 25 (-63n, 0 snap) cpu 0 | f64 20 | gen 0.2s
 178     0     100               0     0.613634701      0.59808454      3.55688459      11.1054537    0.0119471754    0.0118948071
 178     1      50               0     0.613634701      0.59808454      3.55688459      11.1054537    0.0119471754    0.0118948071
          wgpu 1d 156g 273c x3w 4ms | egraph 35g->127v+0snap 8ms | graft 25 (-58n, 0 snap) cpu 0 | f64 20 | gen 0.2s
 179     0     100               0     0.613634701      0.59808454      3.55688459      11.1054537    0.0119471754    0.0118948071
 179     1      50               0     0.613634701      0.59808454      3.55688459      11.1054537    0.0119471754    0.0118948071
          wgpu 1d 131g 261c x3w 4ms | egraph 27g->115v+0snap 6ms | graft 28 (-65n, 0 snap) cpu 0 | f64 20 | gen 0.2s
 180     0     100               0     0.613634701      0.59808454      3.55688459      11.1054537    0.0119471754    0.0118948071
 180     1      50               0     0.613634701      0.59808454      3.55688459      11.1054537    0.0119471754    0.0118948071
          wgpu 1d 104g 258c x3w 3ms | egraph 19g->112v+0snap 5ms | graft 14 (-28n, 0 snap) cpu 0 | f64 20 | gen 0.2s
--------- pump migration: intra (promote-2 + intake-reset) + cross ---------
 181     0     100               0     0.613634701      0.59808454      3.55688459      11.1054537    0.0119471754    0.0118948071
 181     1      50               0     0.613634701      0.59808454      3.55688459      11.1054537    0.0119471754    0.0118948071
          wgpu 2d 289g 389c x3w 7ms | egraph 85g->163v+0snap 18ms | graft 27 (-104n, 0 snap) cpu 0 | f64 30 | gen 0.2s | dropped inexpr 3 oversz 0 unbuild 0 {}
 182     0     100               0     0.613634701      0.59808454      3.55688459      11.1054537    0.0119471754    0.0118948071
 182     1      50               0     0.613634701      0.59808454      3.55688459      11.1054537    0.0119471754    0.0118948071
          wgpu 1d 131g 274c x3w 3ms | egraph 25g->128v+0snap 6ms | graft 18 (-42n, 0 snap) cpu 0 | f64 20 | gen 0.2s
 183     0     100               0     0.613634701      0.59808454      3.55688459      11.1054537    0.0119471754    0.0118948071
 183     1      50               0      0.61363465     0.598084362      3.55688522      11.1054537    0.0119471744    0.0118948036
          wgpu 1d 128g 271c x3w 5ms | egraph 26g->125v+0snap 6ms | graft 21 (-45n, 0 snap) cpu 0 | f64 20 | gen 0.2s
 184     0     100               0     0.613634701      0.59808454      3.55688459      11.1054537    0.0119471754    0.0118948071
 184     1      50               0      0.61363465     0.598084362      3.55688522      11.1054537    0.0119471744    0.0118948036
          wgpu 1d 130g 279c x3w 4ms | egraph 30g->133v+0snap 10ms | graft 31 (-68n, 0 snap) cpu 0 | f64 20 | gen 0.2s
 185     0     100               0     0.613634701      0.59808454      3.55688459      11.1054537    0.0119471754    0.0118948071
 185     1      50               0     0.613634701      0.59808454      3.55688459      11.1054537    0.0119471754    0.0118948071
          wgpu 1d 145g 286c x3w 4ms | egraph 20g->140v+0snap 7ms | graft 31 (-87n, 0 snap) cpu 0 | f64 20 | gen 0.3s
 186     0     100               0     0.613634701      0.59808454      3.55688459      11.1054537    0.0119471754    0.0118948071
 186     1      50               0      0.61363465     0.598084362      3.55688522      11.1054537    0.0119471744    0.0118948036
          wgpu 1d 132g 284c x3w 4ms | egraph 20g->138v+0snap 5ms | graft 30 (-83n, 0 snap) cpu 0 | f64 20 | gen 0.2s
 187     0     100               0     0.613634701      0.59808454      3.55688459      11.1054537    0.0119471754    0.0118948071
 187     1      50               0      0.61363465     0.598084362      3.55688522      11.1054537    0.0119471744    0.0118948036
          wgpu 1d 131g 278c x3w 4ms | egraph 23g->132v+0snap 6ms | graft 19 (-45n, 0 snap) cpu 0 | f64 20 | gen 0.2s
 188     0     100               0     0.613634701      0.59808454      3.55688459      11.1054537    0.0119471754    0.0118948071
 188     1      50               0      0.61363465     0.598084362      3.55688522      11.1054537    0.0119471744    0.0118948036
          wgpu 1d 134g 281c x3w 4ms | egraph 21g->135v+0snap 6ms | graft 26 (-59n, 0 snap) cpu 0 | f64 20 | gen 0.2s
 189     0     100               0     0.613634701      0.59808454      3.55688459      11.1054537    0.0119471754    0.0118948071
 189     1      50               0      0.61363465     0.598084362      3.55688522      11.1054537    0.0119471744    0.0118948036
          wgpu 1d 138g 285c x3w 4ms | egraph 20g->139v+0snap 8ms | graft 27 (-60n, 0 snap) cpu 0 | f64 20 | gen 0.2s
 190     0     100               0     0.613634701      0.59808454      3.55688459      11.1054537    0.0119471754    0.0118948071
 190     1      50               0      0.61363465     0.598084362      3.55688522      11.1054537    0.0119471744    0.0118948036
          wgpu 1d 137g 270c x3w 5ms | egraph 24g->124v+0snap 5ms | graft 32 (-84n, 0 snap) cpu 0 | f64 20 | gen 0.2s
--------- pump migration: intra (promote-2 + intake-reset) ---------
 191     0     100               0     0.613634701      0.59808454      3.55688459      11.1054537    0.0119471754    0.0118948071
 191     1      50               0      0.61363465     0.598084362      3.55688522      11.1054537    0.0119471744    0.0118948036
          wgpu 2d 316g 406c x3w 7ms | egraph 111g->180v+0snap 29ms | graft 42 (-124n, 0 snap) cpu 0 | f64 30 | gen 0.3s | dropped inexpr 2 oversz 0 unbuild 0 {}
 192     0     100               0     0.613634701      0.59808454      3.55688459      11.1054537    0.0119471754    0.0118948071
 192     1      50               0      0.61363465     0.598084362      3.55688522      11.1054537    0.0119471744    0.0118948036
          wgpu 1d 120g 278c x3w 3ms | egraph 19g->132v+0snap 18ms | graft 22 (-53n, 0 snap) cpu 0 | f64 20 | gen 0.2s | dropped inexpr 1 oversz 0 unbuild 0 {}
 193     0     100               0     0.613634701      0.59808454      3.55688459      11.1054537    0.0119471754    0.0118948071
 193     1      50               0      0.61363465     0.598084362      3.55688522      11.1054537    0.0119471744    0.0118948036
          wgpu 1d 116g 278c x3w 4ms | egraph 15g->132v+0snap 4ms | graft 22 (-81n, 0 snap) cpu 0 | f64 20 | gen 0.2s
 194     0     100               0     0.613634701      0.59808454      3.55688459      11.1054537    0.0119471754    0.0118948071
 194     1      50               0      0.61363465     0.598084362      3.55688522      11.1054537    0.0119471744    0.0118948036
          wgpu 1d 117g 280c x3w 7ms | egraph 22g->134v+0snap 5ms | graft 21 (-59n, 0 snap) cpu 0 | f64 20 | gen 0.2s
 195     0     100               0     0.613634701      0.59808454      3.55688459      11.1054537    0.0119471754    0.0118948071
 195     1      50               0      0.61363465     0.598084362      3.55688522      11.1054537    0.0119471744    0.0118948036
          wgpu 1d 144g 285c x3w 4ms | egraph 32g->139v+0snap 7ms | graft 24 (-63n, 0 snap) cpu 0 | f64 20 | gen 0.3s
 196     0     100               0     0.613634701      0.59808454      3.55688459      11.1054537    0.0119471754    0.0118948071
 196     1      50               0      0.61363465     0.598084362      3.55688522      11.1054537    0.0119471744    0.0118948036
          wgpu 1d 148g 287c x3w 4ms | egraph 31g->141v+0snap 7ms | graft 18 (-43n, 0 snap) cpu 0 | f64 20 | gen 0.2s
 197     0     100               0     0.613634701      0.59808454      3.55688459      11.1054537    0.0119471754    0.0118948071
 197     1      50               0      0.61363465     0.598084362      3.55688522      11.1054537    0.0119471744    0.0118948036
          wgpu 1d 134g 273c x3w 4ms | egraph 22g->127v+0snap 6ms | graft 24 (-60n, 0 snap) cpu 0 | f64 20 | gen 0.2s
 198     0     100               0     0.613634701      0.59808454      3.55688459      11.1054537    0.0119471754    0.0118948071
 198     1      50               0      0.61363465     0.598084362      3.55688522      11.1054537    0.0119471744    0.0118948036
          wgpu 1d 155g 290c x3w 4ms | egraph 35g->144v+0snap 16ms | graft 28 (-87n, 0 snap) cpu 0 | f64 20 | gen 0.2s
 199     0     100               0     0.613634701      0.59808454      3.55688459      11.1054537    0.0119471754    0.0118948071
 199     1      50               0      0.61363465     0.598084362      3.55688522      11.1054537    0.0119471744    0.0118948036
          wgpu 1d 120g 277c x3w 3ms | egraph 21g->131v+0snap 5ms | graft 20 (-48n, 0 snap) cpu 0 | f64 20 | gen 0.3s
 200     0     100               0     0.613634701      0.59808454      3.55688459      11.1054537    0.0119471754    0.0118948071
 200     1      50               0      0.61363465     0.598084362      3.55688522      11.1054537    0.0119471744    0.0118948036
          wgpu 1d 134g 278c x3w 11ms | egraph 17g->132v+0snap 4ms | graft 23 (-48n, 0 snap) cpu 0 | f64 20 | gen 0.2s
--------- pump migration: intra (promote-2 + intake-reset) ---------
 201     0     100               0     0.613634701      0.59808454      3.55688459      11.1054537    0.0119471754    0.0118948071
 201     1      50               0     0.613634701      0.59808454      3.55688459      11.1054537    0.0119471754    0.0118948071
          wgpu 2d 297g 410c x3w 8ms | egraph 92g->184v+0snap 20ms | graft 32 (-97n, 0 snap) cpu 0 | f64 30 | gen 0.2s | dropped inexpr 5 oversz 0 unbuild 0 {}
 202     0     100               0     0.613634701      0.59808454      3.55688459      11.1054537    0.0119471754    0.0118948071
 202     1      50               0     0.613634701      0.59808454      3.55688459      11.1054537    0.0119471754    0.0118948071
          wgpu 1d 150g 278c x3w 4ms | egraph 27g->132v+0snap 7ms | graft 19 (-53n, 0 snap) cpu 0 | f64 20 | gen 0.2s
 203     0     100               0     0.613634701      0.59808454      3.55688459      11.1054537    0.0119471754    0.0118948071
 203     1      50               0     0.613634701      0.59808454      3.55688459      11.1054537    0.0119471754    0.0118948071
          wgpu 1d 145g 289c x3w 4ms | egraph 27g->143v+0snap 9ms | graft 29 (-89n, 0 snap) cpu 0 | f64 20 | gen 0.3s
 204     0     100               0     0.613634701      0.59808454      3.55688459      11.1054537    0.0119471754    0.0118948071
 204     1      50               0     0.613634701      0.59808454      3.55688459      11.1054537    0.0119471754    0.0118948071
          wgpu 1d 149g 284c x3w 4ms | egraph 30g->138v+0snap 7ms | graft 17 (-39n, 0 snap) cpu 0 | f64 20 | gen 0.2s
 205     0     100               0     0.613634701      0.59808454      3.55688459      11.1054537    0.0119471754    0.0118948071
 205     1      50               0     0.613634701      0.59808454      3.55688459      11.1054537    0.0119471754    0.0118948071
          wgpu 1d 138g 270c x3w 4ms | egraph 28g->124v+0snap 6ms | graft 23 (-49n, 0 snap) cpu 0 | f64 20 | gen 0.2s
 206     0     100               0     0.613634701      0.59808454      3.55688459      11.1054537    0.0119471754    0.0118948071
 206     1      50               0     0.613634701      0.59808454      3.55688459      11.1054537    0.0119471754    0.0118948071
          wgpu 1d 132g 269c x3w 4ms | egraph 27g->123v+0snap 6ms | graft 19 (-45n, 0 snap) cpu 0 | f64 20 | gen 0.2s
 207     0     100               0     0.613634701      0.59808454      3.55688459      11.1054537    0.0119471754    0.0118948071
 207     1      50               0     0.613634701      0.59808454      3.55688459      11.1054537    0.0119471754    0.0118948071
          wgpu 1d 144g 281c x3w 4ms | egraph 32g->135v+0snap 7ms | graft 18 (-39n, 0 snap) cpu 0 | f64 20 | gen 0.2s
 208     0     100               0     0.613634701      0.59808454      3.55688459      11.1054537    0.0119471754    0.0118948071
 208     1      50               0     0.613634701      0.59808454      3.55688459      11.1054537    0.0119471754    0.0118948071
          wgpu 1d 134g 279c x3w 8ms | egraph 17g->133v+0snap 8ms | graft 26 (-62n, 0 snap) cpu 0 | f64 20 | gen 0.2s
 209     0     100               0     0.613634701      0.59808454      3.55688459      11.1054537    0.0119471754    0.0118948071
 209     1      50               0     0.613634701      0.59808454      3.55688459      11.1054537    0.0119471754    0.0118948071
          wgpu 1d 144g 286c x3w 4ms | egraph 21g->140v+0snap 5ms | graft 26 (-68n, 0 snap) cpu 0 | f64 20 | gen 0.2s
 210     0     100               0     0.613634701      0.59808454      3.55688459      11.1054537    0.0119471754    0.0118948071
 210     1      50               0     0.613634701      0.59808454      3.55688459      11.1054537    0.0119471754    0.0118948071
          wgpu 1d 157g 298c x3w 4ms | egraph 34g->152v+0snap 8ms | graft 27 (-68n, 0 snap) cpu 0 | f64 20 | gen 0.2s
--------- pump migration: intra (promote-2 + intake-reset) + cross ---------
 211     0     100               0     0.613634701      0.59808454      3.55688459      11.1054537    0.0119471754    0.0118948071
 211     1      50               0     0.613634701      0.59808454      3.55688459      11.1054537    0.0119471754    0.0118948071
          wgpu 2d 312g 441c x3w 8ms | egraph 78g->215v+0snap 20ms | graft 41 (-140n, 0 snap) cpu 0 | f64 30 | gen 0.2s | dropped inexpr 4 oversz 0 unbuild 0 {}
 212     0     100               0     0.613634701      0.59808454      3.55688459      11.1054537    0.0119471754    0.0118948071
 212     1      50               0     0.613634701      0.59808454      3.55688459      11.1054537    0.0119471754    0.0118948071
          wgpu 1d 156g 285c x3w 4ms | egraph 21g->139v+0snap 6ms | graft 22 (-47n, 0 snap) cpu 0 | f64 20 | gen 0.2s | dropped inexpr 1 oversz 0 unbuild 0 {}
 213     0     100               0     0.613634701      0.59808454      3.55688459      11.1054537    0.0119471754    0.0118948071
 213     1      50               0     0.613634701      0.59808454      3.55688459      11.1054537    0.0119471754    0.0118948071
          wgpu 1d 126g 282c x3w 3ms | egraph 17g->136v+0snap 4ms | graft 31 (-75n, 0 snap) cpu 0 | f64 20 | gen 0.2s
 214     0     100               0     0.613634701      0.59808454      3.55688459      11.1054537    0.0119471754    0.0118948071
 214     1      50               0     0.613634701      0.59808454      3.55688459      11.1054537    0.0119471754    0.0118948071
          wgpu 1d 118g 277c x3w 4ms | egraph 16g->131v+0snap 6ms | graft 23 (-49n, 0 snap) cpu 0 | f64 20 | gen 0.2s
 215     0     100               0     0.613634701      0.59808454      3.55688459      11.1054537    0.0119471754    0.0118948071
 215     1      50               0     0.613634701      0.59808454      3.55688459      11.1054537    0.0119471754    0.0118948071
          wgpu 1d 138g 282c x3w 6ms | egraph 15g->136v+0snap 4ms | graft 27 (-69n, 0 snap) cpu 0 | f64 20 | gen 0.2s
 216     0     100               0     0.613634701      0.59808454      3.55688459      11.1054537    0.0119471754    0.0118948071
 216     1      50               0     0.613634701      0.59808454      3.55688459      11.1054537    0.0119471754    0.0118948071
          wgpu 1d 151g 285c x3w 4ms | egraph 27g->139v+0snap 8ms | graft 24 (-67n, 0 snap) cpu 0 | f64 20 | gen 0.3s | dropped inexpr 1 oversz 0 unbuild 0 {}
 217     0     100               0     0.613634701      0.59808454      3.55688459      11.1054537    0.0119471754    0.0118948071
 217     1      50               0     0.613634701      0.59808454      3.55688459      11.1054537    0.0119471754    0.0118948071
          wgpu 1d 145g 282c x3w 6ms | egraph 26g->136v+0snap 7ms | graft 21 (-45n, 0 snap) cpu 0 | f64 20 | gen 0.2s
 218     0     100               0     0.613634701      0.59808454      3.55688459      11.1054537    0.0119471754    0.0118948071
 218     1      50               0      0.61363465     0.598084362      3.55688522      11.1054537    0.0119471744    0.0118948036
          wgpu 1d 148g 287c x3w 4ms | egraph 29g->141v+0snap 7ms | graft 31 (-72n, 0 snap) cpu 0 | f64 20 | gen 0.2s | dropped inexpr 2 oversz 0 unbuild 0 {}
 219     0     100               0     0.613634701      0.59808454      3.55688459      11.1054537    0.0119471754    0.0118948071
 219     1      50               0      0.61363465     0.598084362      3.55688522      11.1054537    0.0119471744    0.0118948036
          wgpu 1d 143g 271c x3w 4ms | egraph 26g->125v+0snap 13ms | graft 24 (-58n, 0 snap) cpu 0 | f64 20 | gen 0.2s
 220     0     100               0     0.613634701      0.59808454      3.55688459      11.1054537    0.0119471754    0.0118948071
 220     1      50               0      0.61363465     0.598084362      3.55688522      11.1054537    0.0119471744    0.0118948036
          wgpu 1d 136g 285c x3w 4ms | egraph 20g->139v+0snap 5ms | graft 32 (-72n, 0 snap) cpu 0 | f64 20 | gen 0.2s
--------- pump migration: intra (promote-2 + intake-reset) ---------
 221     0     100               0      7.40371135      6.59260281      6.45660932      100.212533     0.144146734     0.131114806
 221     1      50               0     0.613634701      0.59808454      3.55688459      11.1054537    0.0119471754    0.0118948071
          wgpu 2d 298g 382c x3w 7ms | egraph 83g->156v+0snap 26ms | graft 23 (-75n, 0 snap) cpu 0 | f64 30 | gen 0.2s | dropped inexpr 4 oversz 0 unbuild 0 {}
 222     0     100               0      7.40371135      6.59260281      6.45660932      100.212533     0.144146734     0.131114806
 222     1      50               0     0.613634701      0.59808454      3.55688459      11.1054537    0.0119471754    0.0118948071
          wgpu 1d 106g 227c x3w 3ms | egraph 24g->81v+0snap 5ms | graft 9 (-19n, 0 snap) cpu 0 | f64 20 | gen 0.2s | dropped inexpr 3 oversz 0 unbuild 0 {}
 223     0     100               0      7.40371135      6.59260281      6.45660932      100.212533     0.144146734     0.131114806
 223     1      50               0     0.613634701      0.59808454      3.55688459      11.1054537    0.0119471754    0.0118948071
          wgpu 1d 156g 259c x3w 4ms | egraph 43g->113v+0snap 9ms | graft 21 (-43n, 0 snap) cpu 0 | f64 20 | gen 0.2s | dropped inexpr 1 oversz 0 unbuild 0 {}
 224     0     100               0      7.40371135      6.59260281      6.45660932      100.212533     0.144146734     0.131114806
 224     1      50               0     0.613634701      0.59808454      3.55688459      11.1054537    0.0119471754    0.0118948071
          wgpu 1d 120g 242c x3w 4ms | egraph 23g->96v+0snap 51ms | graft 17 (-42n, 0 snap) cpu 0 | f64 20 | gen 0.2s | dropped inexpr 1 oversz 0 unbuild 0 {}
 225     0     100               0      7.40371135      6.59260281      6.45660932      100.212533     0.144146734     0.131114806
 225     1      50               0     0.613634701      0.59808454      3.55688459      11.1054537    0.0119471754    0.0118948071
          wgpu 1d 133g 236c x3w 3ms | egraph 26g->90v+0snap 8ms | graft 14 (-31n, 0 snap) cpu 0 | f64 20 | gen 0.2s
 226     0     100               0      7.40371135      6.59260281      6.45660932      100.212533     0.144146734     0.131114806
 226     1      50               0     0.613634701      0.59808454      3.55688459      11.1054537    0.0119471754    0.0118948071
          wgpu 1d 101g 209c x3w 3ms | egraph 22g->63v+0snap 5ms | graft 13 (-33n, 0 snap) cpu 0 | f64 20 | gen 0.2s | dropped inexpr 2 oversz 0 unbuild 0 {}
 227     0     100               0      7.40371135      6.59260281      6.45660932      100.212533     0.144146734     0.131114806
 227     1      50               0     0.613634701      0.59808454      3.55688459      11.1054537    0.0119471754    0.0118948071
          wgpu 1d 135g 231c x3w 4ms | egraph 23g->85v+0snap 5ms | graft 15 (-32n, 0 snap) cpu 0 | f64 20 | gen 0.2s | dropped inexpr 2 oversz 0 unbuild 0 {}
 228     0     100               0      7.40371135      6.59260281      6.45660932      100.212533     0.144146734     0.131114806
 228     1      50               0     0.613634701      0.59808454      3.55688459      11.1054537    0.0119471754    0.0118948071
          wgpu 1d 125g 233c x3w 3ms | egraph 20g->87v+0snap 5ms | graft 11 (-22n, 0 snap) cpu 0 | f64 20 | gen 0.2s | dropped inexpr 3 oversz 0 unbuild 0 {}
 229     0     100               0      7.40371135      6.59260281      6.45660932      100.212533     0.144146734     0.131114806
 229     1      50               0     0.613634701      0.59808454      3.55688459      11.1054537    0.0119471754    0.0118948071
          wgpu 1d 157g 249c x3w 4ms | egraph 40g->103v+0snap 8ms | graft 16 (-39n, 0 snap) cpu 0 | f64 20 | gen 0.2s | dropped inexpr 6 oversz 0 unbuild 0 {}
 230     0     100               0      7.40371135      6.59260281      6.45660932      100.212533     0.144146734     0.131114806
 230     1      50               0     0.613634701      0.59808454      3.55688459      11.1054537    0.0119471754    0.0118948071
          wgpu 1d 105g 231c x3w 3ms | egraph 20g->85v+0snap 10ms | graft 10 (-22n, 0 snap) cpu 0 | f64 20 | gen 0.2s
--------- pump migration: intra (promote-2 + intake-reset) ---------
 231     0     100               0      7.40371135      6.59260281      6.45660932      100.212533     0.144146734     0.131114806
 231     1      50               0     0.613634701      0.59808454      3.55688459      11.1054537    0.0119471754    0.0118948071
          wgpu 2d 293g 362c x3w 7ms | egraph 87g->136v+0snap 24ms | graft 20 (-70n, 0 snap) cpu 0 | f64 30 | gen 0.2s | dropped inexpr 3 oversz 0 unbuild 0 {}
 232     0     100               0      7.40371135      6.59260281      6.45660932      100.212533     0.144146734     0.131114806
 232     1      50               0     0.613634701      0.59808454      3.55688459      11.1054537    0.0119471754    0.0118948071
          wgpu 1d 118g 224c x3w 3ms | egraph 19g->78v+0snap 14ms | graft 13 (-34n, 0 snap) cpu 0 | f64 20 | gen 0.2s | dropped inexpr 3 oversz 0 unbuild 0 {}
 233     0     100               0      7.40371135      6.59260281      6.45660932      100.212533     0.144146734     0.131114806
 233     1      50               0     0.613634701      0.59808454      3.55688459      11.1054537    0.0119471754    0.0118948071
          wgpu 1d 103g 219c x3w 3ms | egraph 20g->73v+0snap 6ms | graft 16 (-41n, 0 snap) cpu 0 | f64 20 | gen 0.2s | dropped inexpr 2 oversz 0 unbuild 0 {}
 234     0     100               0      7.40371135      6.59260281      6.45660932      100.212533     0.144146734     0.131114806
 234     1      50               0     0.613634701      0.59808454      3.55688459      11.1054537    0.0119471754    0.0118948071
          wgpu 1d 128g 233c x3w 3ms | egraph 22g->87v+0snap 14ms | graft 11 (-24n, 0 snap) cpu 0 | f64 20 | gen 0.2s | dropped inexpr 2 oversz 0 unbuild 0 {}
 235     0     100               0      7.40371135      6.59260281      6.45660932      100.212533     0.144146734     0.131114806
 235     1      50               0     0.613634701      0.59808454      3.55688459      11.1054537    0.0119471754    0.0118948071
          wgpu 1d 119g 234c x3w 4ms | egraph 14g->88v+0snap 8ms | graft 19 (-50n, 0 snap) cpu 0 | f64 20 | gen 0.2s
 236     0     100               0      7.40371135      6.59260281      6.45660932      100.212533     0.144146734     0.131114806
 236     1      50               0     0.613634701      0.59808454      3.55688459      11.1054537    0.0119471754    0.0118948071
          wgpu 1d 114g 224c x3w 3ms | egraph 13g->78v+0snap 4ms | graft 8 (-18n, 0 snap) cpu 0 | f64 20 | gen 0.3s | dropped inexpr 1 oversz 0 unbuild 0 {}
 237     0     100               0      7.40371135      6.59260281      6.45660932      100.212533     0.144146734     0.131114806
 237     1      50               0     0.613634701      0.59808454      3.55688459      11.1054537    0.0119471754    0.0118948071
          wgpu 1d 141g 238c x3w 4ms | egraph 31g->92v+0snap 22ms | graft 13 (-40n, 0 snap) cpu 0 | f64 20 | gen 0.2s | dropped inexpr 5 oversz 0 unbuild 0 {}
 238     0     100               0      7.40371135      6.59260281      6.45660932      100.212533     0.144146734     0.131114806
 238     1      50               0     0.613634701      0.59808454      3.55688459      11.1054537    0.0119471754    0.0118948071
          wgpu 1d 99g 208c x3w 3ms | egraph 14g->62v+0snap 4ms | graft 12 (-32n, 0 snap) cpu 0 | f64 20 | gen 0.2s | dropped inexpr 1 oversz 0 unbuild 0 {}
 239     0     100               0      7.40371135      6.59260281      6.45660932      100.212533     0.144146734     0.131114806
 239     1      50               0     0.613634701      0.59808454      3.55688459      11.1054537    0.0119471754    0.0118948071
          wgpu 1d 104g 206c x3w 3ms | egraph 22g->60v+0snap 6ms | graft 4 (-12n, 0 snap) cpu 0 | f64 20 | gen 0.2s | dropped inexpr 3 oversz 0 unbuild 0 {}
 240     0     100               0      7.40371135      6.59260281      6.45660932      100.212533     0.144146734     0.131114806
 240     1      50               0     0.613634701      0.59808454      3.55688459      11.1054537    0.0119471754    0.0118948071
          wgpu 1d 122g 206c x3w 9ms | egraph 26g->60v+0snap 5ms | graft 13 (-36n, 0 snap) cpu 0 | f64 20 | gen 0.2s | dropped inexpr 1 oversz 0 unbuild 0 {}
--------- pump migration: intra (promote-2 + intake-reset) + cross ---------
 241     0     100               0      7.40371135      6.59260281      6.45660932      100.212533     0.144146734     0.131114806
 241     1      50               0      7.40371135      6.59260281      6.45660932      100.212533     0.144146734     0.131114806
          wgpu 2d 263g 327c x3w 7ms | egraph 83g->101v+0snap 28ms | graft 13 (-54n, 0 snap) cpu 0 | f64 30 | gen 0.2s | dropped inexpr 4 oversz 0 unbuild 0 {}
 242     0     100               0      7.40371135      6.59260281      6.45660932      100.212533     0.144146734     0.131114806
 242     1      50               0      7.40371135      6.59260281      6.45660932      100.212533     0.144146734     0.131114806
          wgpu 1d 83g 175c x3w 3ms | egraph 16g->29v+0snap 6ms | graft 3 (-6n, 0 snap) cpu 0 | f64 20 | gen 0.1s
 243     0     100               0      7.40371135      6.59260281      6.45660932      100.212533     0.144146734     0.131114806
 243     1      50               0      7.40371135      6.59260281      6.45660932      100.212533     0.144146734     0.131114806
          wgpu 1d 83g 172c x3w 3ms | egraph 17g->26v+0snap 4ms | graft 4 (-14n, 0 snap) cpu 0 | f64 20 | gen 0.1s | dropped inexpr 1 oversz 0 unbuild 0 {}
 244     0     100               0      7.40371135      6.59260281      6.45660932      100.212533     0.144146734     0.131114806
 244     1      50               0      7.40371135      6.59260281      6.45660932      100.212533     0.144146734     0.131114806
          wgpu 1d 85g 175c x3w 3ms | egraph 22g->29v+0snap 13ms | graft 3 (-9n, 0 snap) cpu 0 | f64 20 | gen 0.2s | dropped inexpr 1 oversz 0 unbuild 0 {}
 245     0     100               0      7.40371135      6.59260281      6.45660932      100.212533     0.144146734     0.131114806
 245     1      50               0      7.40371135      6.59260281      6.45660932      100.212533     0.144146734     0.131114806
          wgpu 1d 76g 177c x3w 3ms | egraph 15g->31v+0snap 4ms | graft 1 (-2n, 0 snap) cpu 0 | f64 20 | gen 0.1s | dropped inexpr 4 oversz 0 unbuild 0 {}
 246     0     100               0      7.40371135      6.59260281      6.45660932      100.212533     0.144146734     0.131114806
 246     1      50               0      7.40371135      6.59260281      6.45660932      100.212533     0.144146734     0.131114806
          wgpu 1d 86g 178c x3w 3ms | egraph 15g->32v+0snap 4ms | graft 6 (-20n, 0 snap) cpu 0 | f64 20 | gen 0.2s | dropped inexpr 2 oversz 0 unbuild 0 {}
 247     0     100               0      7.40371135      6.59260281      6.45660932      100.212533     0.144146734     0.131114806
 247     1      50               0      7.40371135      6.59260281      6.45660932      100.212533     0.144146734     0.131114806
          wgpu 1d 98g 193c x3w 3ms | egraph 13g->47v+0snap 3ms | graft 9 (-22n, 0 snap) cpu 0 | f64 20 | gen 0.2s | dropped inexpr 1 oversz 0 unbuild 0 {}
 248     0     100               0      7.40371135      6.59260281      6.45660932      100.212533     0.144146734     0.131114806
 248     1      50               0      7.40371135      6.59260281      6.45660932      100.212533     0.144146734     0.131114806
          wgpu 1d 105g 193c x3w 3ms | egraph 19g->47v+0snap 8ms | graft 4 (-32n, 0 snap) cpu 0 | f64 20 | gen 0.1s | dropped inexpr 1 oversz 0 unbuild 0 {}
 249     0     100               0      7.40371135      6.59260281      6.45660932      100.212533     0.144146734     0.131114806
 249     1      50               0      7.40371135      6.59260281      6.45660932      100.212533     0.144146734     0.131114806
          wgpu 1d 91g 184c x3w 6ms | egraph 13g->38v+0snap 6ms | graft 6 (-15n, 0 snap) cpu 0 | f64 20 | gen 0.1s | dropped inexpr 1 oversz 0 unbuild 0 {}
 250     0     100               0      7.40371135      6.59260281      6.45660932      100.212533     0.144146734     0.131114806
 250     1      50               0      7.40371135      6.59260281      6.45660932      100.212533     0.144146734     0.131114806
          wgpu 1d 88g 171c x3w 3ms | egraph 19g->25v+0snap 5ms | graft 2 (-4n, 0 snap) cpu 0 | f64 20 | gen 0.2s
--------- pump migration: intra (promote-2 + intake-reset) ---------
 251     0     100               0      7.40371135      6.59260281      6.45660932      100.212533     0.144146734     0.131114806
 251     1      50               0      7.40371135      6.59260281      6.45660932      100.212533     0.144146734     0.131114806
          wgpu 2d 299g 327c x3w 7ms | egraph 97g->101v+0snap 29ms | graft 13 (-53n, 0 snap) cpu 0 | f64 30 | gen 0.3s | dropped inexpr 7 oversz 0 unbuild 0 {}
 252     0     100               0      7.40371135      6.59260281      6.45660932      100.212533     0.144146734     0.131114806
 252     1      50               0      7.40371135      6.59260281      6.45660932      100.212533     0.144146734     0.131114806
          wgpu 1d 109g 184c x3w 3ms | egraph 18g->38v+0snap 7ms | graft 8 (-38n, 0 snap) cpu 0 | f64 20 | gen 0.2s
 253     0     100               0      7.40371135      6.59260281      6.45660932      100.212533     0.144146734     0.131114806
 253     1      50               0      7.40371135      6.59260281      6.45660932      100.212533     0.144146734     0.131114806
          wgpu 1d 95g 198c x3w 3ms | egraph 22g->52v+0snap 6ms | graft 7 (-20n, 0 snap) cpu 0 | f64 20 | gen 0.2s | dropped inexpr 2 oversz 0 unbuild 0 {}
 254     0     100               0      7.40371135      6.59260281      6.45660932      100.212533     0.144146734     0.131114806
 254     1      50               0      7.40371135      6.59260281      6.45660932      100.212533     0.144146734     0.131114806
          wgpu 1d 116g 204c x3w 4ms | egraph 19g->58v+0snap 10ms | graft 7 (-70n, 0 snap) cpu 0 | f64 20 | gen 0.2s
 255     0     100               0      7.40371135      6.59260281      6.45660932      100.212533     0.144146734     0.131114806
 255     1      50               0      7.40371135      6.59260281      6.45660932      100.212533     0.144146734     0.131114806
          wgpu 1d 88g 191c x3w 3ms | egraph 12g->45v+0snap 5ms | graft 4 (-19n, 0 snap) cpu 0 | f64 20 | gen 0.3s | dropped inexpr 1 oversz 0 unbuild 0 {}
 256     0     100               0      7.40371135      6.59260281      6.45660932      100.212533     0.144146734     0.131114806
 256     1      50               0      7.40371135      6.59260281      6.45660932      100.212533     0.144146734     0.131114806
          wgpu 1d 102g 185c x3w 3ms | egraph 20g->39v+0snap 10ms | graft 7 (-27n, 0 snap) cpu 0 | f64 20 | gen 0.2s | dropped inexpr 2 oversz 0 unbuild 0 {}
 257     0     100               0      7.40371135      6.59260281      6.45660932      100.212533     0.144146734     0.131114806
 257     1      50               0      7.40371135      6.59260281      6.45660932      100.212533     0.144146734     0.131114806
          wgpu 1d 101g 196c x3w 3ms | egraph 18g->50v+0snap 5ms | graft 7 (-22n, 0 snap) cpu 0 | f64 20 | gen 0.2s
 258     0     100               0      7.40371135      6.59260281      6.45660932      100.212533     0.144146734     0.131114806
 258     1      50               0      7.40371135      6.59260281      6.45660932      100.212533     0.144146734     0.131114806
          wgpu 1d 90g 185c x3w 3ms | egraph 18g->39v+0snap 7ms | graft 10 (-71n, 0 snap) cpu 0 | f64 20 | gen 0.1s
 259     0     100               0     0.415724175     0.335220749      2.72622071      3.84204006   0.00809395172    0.0066669273
 259     1      50               0      7.40371135      6.59260281      6.45660932      100.212533     0.144146734     0.131114806
          wgpu 1d 113g 216c x3w 3ms | egraph 31g->70v+0snap 9ms | graft 13 (-28n, 0 snap) cpu 0 | f64 20 | gen 0.2s | dropped inexpr 1 oversz 0 unbuild 0 {}
 260     0     100               0      7.40371135      6.59260281      6.45660932      100.212533     0.144146734     0.131114806
 260     1      50               0      7.40371135      6.59260281      6.45660932      100.212533     0.144146734     0.131114806
          wgpu 1d 166g 289c x3w 4ms | egraph 54g->143v+0snap 13ms | graft 17 (-92n, 0 snap) cpu 0 | f64 20 | gen 0.3s | dropped inexpr 1 oversz 0 unbuild 0 {}
--------- pump migration: intra (promote-2 + intake-reset) ---------
 261     0     100               0     0.415271883     0.331084941      2.56355395      3.85103505   0.00808514579   0.00658467365
 261     1      50               0     0.415724175     0.335220749      2.72622071      3.84204006   0.00809395172    0.0066669273
          wgpu 2d 318g 408c x3w 8ms | egraph 112g->182v+0snap 28ms | graft 38 (-225n, 0 snap) cpu 0 | f64 30 | gen 0.2s | dropped inexpr 3 oversz 0 unbuild 0 {}
 262     0     100               0     0.415271883     0.331084941      2.56355395      3.85103505   0.00808514579   0.00658467365
 262     1      50               0     0.415724175     0.335220749      2.72622071      3.84204006   0.00809395172    0.0066669273
          wgpu 1d 213g 335c x3w 9ms | egraph 76g->189v+0snap 18ms | graft 36 (-275n, 0 snap) cpu 0 | f64 20 | gen 0.3s | dropped inexpr 2 oversz 0 unbuild 0 {}
 263     0     100               0     0.415271883     0.331084941      2.56355395      3.85103505   0.00808514579   0.00658467365
 263     1      50               0     0.415724175     0.335220749      2.72622071      3.84204006   0.00809395172    0.0066669273
          wgpu 1d 155g 293c x3w 10ms | egraph 58g->147v+0snap 21ms | graft 29 (-184n, 0 snap) cpu 0 | f64 20 | gen 0.2s | dropped inexpr 1 oversz 0 unbuild 0 {}
 264     0     100               0     0.415271883     0.331084941      2.56355395      3.85103505   0.00808514579   0.00658467365
 264     1      50               0     0.415724175     0.335220749      2.72622071      3.84204006   0.00809395172    0.0066669273
          wgpu 1d 176g 303c x3w 4ms | egraph 60g->157v+0snap 15ms | graft 27 (-210n, 0 snap) cpu 0 | f64 20 | gen 0.3s | dropped inexpr 2 oversz 0 unbuild 0 {}
 265     0     100               0     0.415271883     0.331084941      2.56355395      3.85103505   0.00808514579   0.00658467365
 265     1      50               0     0.415724175     0.335220749      2.72622071      3.84204006   0.00809395172    0.0066669273
          wgpu 1d 177g 321c x3w 4ms | egraph 56g->175v+0snap 13ms | graft 27 (-195n, 0 snap) cpu 0 | f64 20 | gen 0.3s | dropped inexpr 1 oversz 0 unbuild 0 {}
 266     0     100               0     0.415271883     0.331084941      2.56355395      3.85103505   0.00808514579   0.00658467365
 266     1      50               0     0.415724175     0.335220749      2.72622071      3.84204006   0.00809395172    0.0066669273
          wgpu 1d 191g 317c x3w 5ms | egraph 71g->171v+0snap 17ms | graft 24 (-171n, 0 snap) cpu 0 | f64 20 | gen 0.3s | dropped inexpr 1 oversz 0 unbuild 0 {}
 267     0     100               0     0.415271883     0.331084941      2.56355395      3.85103505   0.00808514579   0.00658467365
 267     1      50               0     0.415724175     0.335220749      2.72622071      3.84204006   0.00809395172    0.0066669273
          wgpu 1d 175g 324c x3w 5ms | egraph 47g->178v+0snap 11ms | graft 27 (-191n, 0 snap) cpu 0 | f64 20 | gen 0.2s
 268     0     100               0     0.415271883     0.331084941      2.56355395      3.85103505   0.00808514579   0.00658467365
 268     1      50               0     0.415724175     0.335220749      2.72622071      3.84204006   0.00809395172    0.0066669273
          wgpu 1d 193g 322c x3w 4ms | egraph 58g->176v+0snap 24ms | graft 35 (-218n, 0 snap) cpu 0 | f64 20 | gen 0.3s
 269     0     100               0     0.415271883     0.331084941      2.56355395      3.85103505   0.00808514579   0.00658467365
 269     1      50               0     0.415724175     0.335220749      2.72622071      3.84204006   0.00809395172    0.0066669273
          wgpu 1d 177g 330c x3w 5ms | egraph 47g->184v+0snap 12ms | graft 32 (-212n, 0 snap) cpu 0 | f64 20 | gen 0.2s
 270     0     100               0     0.415271883     0.331084941      2.56355395      3.85103505   0.00808514579   0.00658467365
 270     1      50               0     0.415724175     0.335220749      2.72622071      3.84204006   0.00809395172    0.0066669273
          wgpu 1d 191g 350c x3w 4ms | egraph 60g->204v+0snap 20ms | graft 39 (-261n, 0 snap) cpu 0 | f64 20 | gen 0.2s
--------- pump migration: intra (promote-2 + intake-reset) + cross ---------
 271     0     100               0     0.415271883     0.331084941      2.56355395      3.85103505   0.00808514579   0.00658467365
 271     1      50               0     0.415271883     0.331084941      2.56355395      3.85103505   0.00808514579   0.00658467365
          wgpu 2d 346g 462c x3w 9ms | egraph 106g->236v+0snap 28ms | graft 33 (-194n, 0 snap) cpu 0 | f64 30 | gen 0.3s | dropped inexpr 1 oversz 0 unbuild 0 {}
 272     0     100               0     0.415271883     0.331084941      2.56355395      3.85103505   0.00808514579   0.00658467365
 272     1      50               0     0.415271883     0.331084941      2.56355395      3.85103505   0.00808514579   0.00658467365
          wgpu 1d 185g 310c x3w 5ms | egraph 46g->164v+0snap 13ms | graft 37 (-258n, 0 snap) cpu 0 | f64 20 | gen 0.4s
 273     0     100               0     0.415271883     0.331084941      2.56355395      3.85103505   0.00808514579   0.00658467365
 273     1      50               0     0.415271883     0.331084941      2.56355395      3.85103505   0.00808514579   0.00658467365
          wgpu 1d 165g 289c x3w 18ms | egraph 51g->143v+0snap 17ms | graft 25 (-165n, 0 snap) cpu 0 | f64 20 | gen 0.3s
 274     0     100               0     0.415271883     0.331084941      2.56355395      3.85103505   0.00808514579   0.00658467365
 274     1      50               0     0.415271883     0.331084941      2.56355395      3.85103505   0.00808514579   0.00658467365
          wgpu 1d 212g 341c x3w 5ms | egraph 57g->195v+0snap 16ms | graft 29 (-211n, 0 snap) cpu 0 | f64 20 | gen 0.2s
 275     0     100               0     0.415271883     0.331084941      2.56355395      3.85103505   0.00808514579   0.00658467365
 275     1      50               0     0.415271883     0.331084941      2.56355395      3.85103505   0.00808514579   0.00658467365
          wgpu 1d 212g 349c x3w 5ms | egraph 50g->203v+0snap 21ms | graft 38 (-310n, 0 snap) cpu 0 | f64 20 | gen 0.4s
 276     0     100               0     0.415271883     0.331084941      2.56355395      3.85103505   0.00808514579   0.00658467365
 276     1      50               0     0.415271883     0.331084941      2.56355395      3.85103505   0.00808514579   0.00658467365
          wgpu 1d 181g 323c x3w 4ms | egraph 40g->177v+0snap 11ms | graft 38 (-303n, 0 snap) cpu 0 | f64 20 | gen 0.4s
 277     0     100               0     0.415271883     0.331084941      2.56355395      3.85103505   0.00808514579   0.00658467365
 277     1      50               0     0.415271883     0.331084941      2.56355395      3.85103505   0.00808514579   0.00658467365
          wgpu 1d 186g 319c x3w 5ms | egraph 39g->173v+0snap 11ms | graft 29 (-247n, 0 snap) cpu 0 | f64 20 | gen 0.3s
 278     0     100               0     0.415271883     0.331084941      2.56355395      3.85103505   0.00808514579   0.00658467365
 278     1      50               0     0.415271883     0.331084941      2.56355395      3.85103505   0.00808514579   0.00658467365
          wgpu 1d 198g 322c x3w 5ms | egraph 40g->176v+0snap 14ms | graft 37 (-242n, 0 snap) cpu 0 | f64 20 | gen 0.3s
 279     0     100               0     0.415271883     0.331084941      2.56355395      3.85103505   0.00808514579   0.00658467365
 279     1      50               0     0.415271883     0.331084941      2.56355395      3.85103505   0.00808514579   0.00658467365
          wgpu 1d 175g 319c x3w 4ms | egraph 45g->173v+0snap 12ms | graft 24 (-185n, 0 snap) cpu 0 | f64 20 | gen 0.2s | dropped inexpr 1 oversz 0 unbuild 0 {}
 280     0     100               0     0.415271883     0.331084941      2.56355395      3.85103505   0.00808514579   0.00658467365
 280     1      50               0     0.415271883     0.331084941      2.56355395      3.85103505   0.00808514579   0.00658467365
          wgpu 1d 195g 294c x3w 5ms | egraph 47g->148v+0snap 11ms | graft 31 (-217n, 0 snap) cpu 0 | f64 20 | gen 0.3s
--------- pump migration: intra (promote-2 + intake-reset) ---------
 281     0     100               0     0.415271883     0.331084941      2.56355395      3.85103505   0.00808514579   0.00658467365
 281     1      50               0     0.415271883     0.331084941      2.56355395      3.85103505   0.00808514579   0.00658467365
          wgpu 2d 324g 461c x3w 8ms | egraph 91g->235v+0snap 31ms | graft 31 (-245n, 0 snap) cpu 0 | f64 30 | gen 0.2s | dropped inexpr 3 oversz 0 unbuild 0 {}
 282     0     100               0     0.415271883     0.331084941      2.56355395      3.85103505   0.00808514579   0.00658467365
 282     1      50               0     0.415271883     0.331084941      2.56355395      3.85103505   0.00808514579   0.00658467365
          wgpu 1d 158g 299c x3w 6ms | egraph 31g->153v+0snap 9ms | graft 25 (-196n, 0 snap) cpu 0 | f64 20 | gen 0.4s
 283     0     100               0     0.415271883     0.331084941      2.56355395      3.85103505   0.00808514579   0.00658467365
 283     1      50               0     0.415271883     0.331084941      2.56355395      3.85103505   0.00808514579   0.00658467365
          wgpu 1d 152g 293c x3w 4ms | egraph 23g->147v+0snap 7ms | graft 21 (-151n, 0 snap) cpu 0 | f64 20 | gen 0.2s
 284     0     100               0     0.415271883     0.331084941      2.56355395      3.85103505   0.00808514579   0.00658467365
 284     1      50               0     0.415271883     0.331084941      2.56355395      3.85103505   0.00808514579   0.00658467365
          wgpu 1d 177g 304c x3w 5ms | egraph 46g->158v+0snap 19ms | graft 33 (-217n, 0 snap) cpu 0 | f64 20 | gen 0.3s
 285     0     100               0     0.415271883     0.331084941      2.56355395      3.85103505   0.00808514579   0.00658467365
 285     1      50               0     0.415271883     0.331084941      2.56355395      3.85103505   0.00808514579   0.00658467365
          wgpu 1d 186g 315c x3w 10ms | egraph 34g->169v+0snap 11ms | graft 29 (-221n, 0 snap) cpu 0 | f64 20 | gen 0.2s
 286     0     100               0     0.415271883     0.331084941      2.56355395      3.85103505   0.00808514579   0.00658467365
 286     1      50               0     0.415271883     0.331084941      2.56355395      3.85103505   0.00808514579   0.00658467365
          wgpu 1d 199g 321c x3w 5ms | egraph 41g->175v+0snap 11ms | graft 36 (-292n, 0 snap) cpu 0 | f64 20 | gen 0.4s
 287     0     100               0     0.415271883     0.331084941      2.56355395      3.85103505   0.00808514579   0.00658467365
 287     1      50               0     0.415271883     0.331084941      2.56355395      3.85103505   0.00808514579   0.00658467365
          wgpu 1d 189g 345c x3w 5ms | egraph 54g->199v+0snap 13ms | graft 27 (-234n, 0 snap) cpu 0 | f64 20 | gen 0.2s
 288     0     100               0     0.415271883     0.331084941      2.56355395      3.85103505   0.00808514579   0.00658467365
 288     1      50               0     0.415271883     0.331084941      2.56355395      3.85103505   0.00808514579   0.00658467365
          wgpu 1d 184g 368c x3w 5ms | egraph 44g->222v+0snap 10ms | graft 40 (-365n, 0 snap) cpu 0 | f64 20 | gen 0.4s
 289     0     100               0     0.415271883     0.331084941      2.56355395      3.85103505   0.00808514579   0.00658467365
 289     1      50               0     0.415271883     0.331084941      2.56355395      3.85103505   0.00808514579   0.00658467365
          wgpu 1d 255g 354c x3w 5ms | egraph 59g->208v+0snap 15ms | graft 39 (-256n, 0 snap) cpu 0 | f64 20 | gen 0.3s | dropped inexpr 1 oversz 0 unbuild 0 {}
 290     0     100               0     0.415271883     0.331084941      2.56355395      3.85103505   0.00808514579   0.00658467365
 290     1      50               0     0.415271883     0.331084941      2.56355395      3.85103505   0.00808514579   0.00658467365
          wgpu 1d 187g 329c x3w 5ms | egraph 32g->183v+0snap 10ms | graft 30 (-192n, 0 snap) cpu 0 | f64 20 | gen 0.2s
--------- pump migration: intra (promote-2 + intake-reset) ---------
 291     0     100               0      6.69938729       7.8211038      7.41229803      111.577059      0.13043388     0.155547443
 291     1      50               0     0.415271883     0.331084941      2.56355395      3.85103505   0.00808514579   0.00658467365
          wgpu 2d 317g 391c x3w 19ms | egraph 99g->165v+0snap 25ms | graft 32 (-238n, 0 snap) cpu 0 | f64 30 | gen 0.2s | dropped inexpr 2 oversz 0 unbuild 0 {}
 292     0     100               0      6.69938729       7.8211038      7.41229803      111.577059      0.13043388     0.155547443
 292     1      50               0     0.415271883     0.331084941      2.56355395      3.85103505   0.00808514579   0.00658467365
          wgpu 1d 159g 262c x3w 4ms | egraph 30g->116v+0snap 9ms | graft 25 (-128n, 0 snap) cpu 0 | f64 20 | gen 0.3s
 293     0     100               0      6.69938729       7.8211038      7.41229803      111.577059      0.13043388     0.155547443
 293     1      50               0     0.415271883     0.331084941      2.56355395      3.85103505   0.00808514579   0.00658467365
          wgpu 1d 100g 218c x3w 3ms | egraph 24g->72v+0snap 11ms | graft 16 (-144n, 0 snap) cpu 0 | f64 20 | gen 0.2s
 294     0     100               0     0.415271883     0.331084941      2.56355395      3.85103505   0.00808514579   0.00658467365
 294     1      50               0     0.415271883     0.331084941      2.56355395      3.85103505   0.00808514579   0.00658467365
          wgpu 1d 159g 267c x3w 4ms | egraph 33g->121v+0snap 8ms | graft 25 (-172n, 0 snap) cpu 0 | f64 20 | gen 0.3s
 295     0     100               0     0.415271883     0.331084941      2.56355395      3.85103505   0.00808514579   0.00658467365
 295     1      50               0     0.415271883     0.331084941      2.56355395      3.85103505   0.00808514579   0.00658467365
          wgpu 1d 157g 302c x3w 4ms | egraph 30g->156v+0snap 7ms | graft 25 (-185n, 0 snap) cpu 0 | f64 20 | gen 0.2s
 296     0     100               0     0.415271883     0.331084941      2.56355395      3.85103505   0.00808514579   0.00658467365
 296     1      50               0     0.400621929     0.320850784      2.32029124       3.7862415   0.00779991816   0.00638113498
          wgpu 1d 193g 309c x3w 5ms | egraph 36g->163v+0snap 11ms | graft 23 (-143n, 0 snap) cpu 0 | f64 20 | gen 0.3s
 297     0     100               0     0.415271883     0.331084941      2.56355395      3.85103505   0.00808514579   0.00658467365
 297     1      50               0     0.400621929     0.320850784      2.32029124       3.7862415   0.00779991816   0.00638113498
          wgpu 1d 181g 320c x3w 5ms | egraph 53g->174v+0snap 12ms | graft 30 (-192n, 0 snap) cpu 0 | f64 20 | gen 0.3s
 298     0     100               0     0.415271883     0.331084941      2.56355395      3.85103505   0.00808514579   0.00658467365
 298     1      50               0     0.400621929     0.320850784      2.32029124       3.7862415   0.00779991816   0.00638113498
          wgpu 1d 145g 298c x3w 5ms | egraph 42g->152v+0snap 11ms | graft 16 (-132n, 0 snap) cpu 0 | f64 20 | gen 0.2s
 299     0     100               0     0.415271883     0.331084941      2.56355395      3.85103505   0.00808514579   0.00658467365
 299     1      50               0     0.400621929     0.320850784      2.32029124       3.7862415   0.00779991816   0.00638113498
          wgpu 1d 190g 341c x3w 4ms | egraph 45g->195v+0snap 11ms | graft 29 (-213n, 0 snap) cpu 0 | f64 20 | gen 0.2s
 300     0     100               0     0.415271883     0.331084941      2.56355395      3.85103505   0.00808514579   0.00658467365
 300     1      50               0     0.400621929     0.320850784      2.32029124       3.7862415   0.00779991816   0.00638113498
          wgpu 1d 178g 312c x3w 4ms | egraph 38g->166v+0snap 9ms | graft 31 (-221n, 0 snap) cpu 0 | f64 20 | gen 0.2s
--------- pump migration: intra (promote-2 + intake-reset) + cross ---------
 301     0     100               0     0.415271883     0.331084941      2.56355395      3.85103505   0.00808514579   0.00658467365
 301     1      50               0     0.415271883     0.331084941      2.56355395      3.85103505   0.00808514579   0.00658467365
          wgpu 2d 340g 433c x3w 8ms | egraph 112g->207v+0snap 27ms | graft 29 (-144n, 0 snap) cpu 0 | f64 30 | gen 0.2s | dropped inexpr 1 oversz 0 unbuild 0 {}
 302     0     100               0     0.415271883     0.331084941      2.56355395      3.85103505   0.00808514579   0.00658467365
 302     1      50               0     0.415271883     0.331084941      2.56355395      3.85103505   0.00808514579   0.00658467365
          wgpu 1d 164g 296c x3w 4ms | egraph 36g->150v+0snap 9ms | graft 22 (-155n, 0 snap) cpu 0 | f64 20 | gen 0.3s
 303     0     100               0     0.415271883     0.331084941      2.56355395      3.85103505   0.00808514579   0.00658467365
 303     1      50               0     0.415271883     0.331084941      2.56355395      3.85103505   0.00808514579   0.00658467365
          wgpu 1d 180g 310c x3w 4ms | egraph 43g->164v+0snap 10ms | graft 24 (-157n, 0 snap) cpu 0 | f64 20 | gen 0.2s
 304     0     100               0     0.415271883     0.331084941      2.56355395      3.85103505   0.00808514579   0.00658467365
 304     1      50               0     0.400621929     0.320850784      2.32029124       3.7862415   0.00779991816   0.00638113498
          wgpu 1d 157g 296c x3w 4ms | egraph 33g->150v+0snap 8ms | graft 23 (-185n, 0 snap) cpu 0 | f64 20 | gen 0.2s
 305     0     100               0     0.415271883     0.331084941      2.56355395      3.85103505   0.00808514579   0.00658467365
 305     1      50               0     0.400621929     0.320850784      2.32029124       3.7862415   0.00779991816   0.00638113498
          wgpu 1d 208g 317c x3w 5ms | egraph 68g->171v+0snap 15ms | graft 32 (-213n, 0 snap) cpu 0 | f64 20 | gen 0.2s | dropped inexpr 1 oversz 0 unbuild 0 {}
 306     0     100               0     0.415271883     0.331084941      2.56355395      3.85103505   0.00808514579   0.00658467365
 306     1      50               0     0.400621929     0.320850784      2.32029124       3.7862415   0.00779991816   0.00638113498
          wgpu 1d 179g 309c x3w 5ms | egraph 54g->163v+0snap 13ms | graft 26 (-189n, 0 snap) cpu 0 | f64 20 | gen 0.2s
 307     0     100               0     0.415271883     0.331084941      2.56355395      3.85103505   0.00808514579   0.00658467365
 307     1      50               0     0.400621929     0.320850784      2.32029124       3.7862415   0.00779991816   0.00638113498
          wgpu 1d 189g 307c x3w 5ms | egraph 48g->161v+0snap 12ms | graft 26 (-199n, 0 snap) cpu 0 | f64 20 | gen 0.3s
 308     0     100               0     0.415271883     0.331084941      2.56355395      3.85103505   0.00808514579   0.00658467365
 308     1      50               0     0.400621929     0.320850784      2.32029124       3.7862415   0.00779991816   0.00638113498
          wgpu 1d 174g 304c x3w 4ms | egraph 48g->158v+0snap 10ms | graft 32 (-237n, 0 snap) cpu 0 | f64 20 | gen 0.2s
 309     0     100               0     0.415271883     0.331084941      2.56355395      3.85103505   0.00808514579   0.00658467365
 309     1      50               0     0.400621929     0.320850784      2.32029124       3.7862415   0.00779991816   0.00638113498
          wgpu 1d 177g 313c x3w 5ms | egraph 49g->167v+0snap 13ms | graft 34 (-277n, 0 snap) cpu 0 | f64 20 | gen 0.2s
 310     0     100               0     0.415271883     0.331084941      2.56355395      3.85103505   0.00808514579   0.00658467365
 310     1      50               0     0.400622017     0.320850953      2.32028991      3.78624192   0.00779991988   0.00638113836
          wgpu 1d 197g 313c x3w 5ms | egraph 48g->167v+0snap 11ms | graft 26 (-223n, 0 snap) cpu 0 | f64 20 | gen 0.2s
--------- pump migration: intra (promote-2 + intake-reset) ---------
 311     0     100               0     0.415271883     0.331084941      2.56355395      3.85103505   0.00808514579   0.00658467365
 311     1      50               0     0.415271883     0.331084941      2.56355395      3.85103505   0.00808514579   0.00658467365
          wgpu 2d 360g 462c x3w 10ms | egraph 104g->236v+0snap 31ms | graft 43 (-333n, 0 snap) cpu 0 | f64 30 | gen 0.6s | dropped inexpr 3 oversz 0 unbuild 0 {}
 312     0     100               0     0.415271883     0.331084941      2.56355395      3.85103505   0.00808514579   0.00658467365
 312     1      50               0     0.415271883     0.331084941      2.56355395      3.85103505   0.00808514579   0.00658467365
          wgpu 1d 177g 300c x3w 4ms | egraph 42g->154v+0snap 12ms | graft 26 (-172n, 0 snap) cpu 0 | f64 20 | gen 0.3s
 313     0     100               0     0.415271883     0.331084941      2.56355395      3.85103505   0.00808514579   0.00658467365
 313     1      50               0     0.415271883     0.331084941      2.56355395      3.85103505   0.00808514579   0.00658467365
          wgpu 1d 182g 306c x3w 5ms | egraph 57g->160v+0snap 17ms | graft 22 (-151n, 0 snap) cpu 0 | f64 20 | gen 0.3s
 314     0     100               0     0.415271883     0.331084941      2.56355395      3.85103505   0.00808514579   0.00658467365
 314     1      50               0     0.415271883     0.331084941      2.56355395      3.85103505   0.00808514579   0.00658467365
          wgpu 1d 168g 288c x3w 4ms | egraph 30g->142v+0snap 26ms | graft 32 (-220n, 0 snap) cpu 0 | f64 20 | gen 0.2s | dropped inexpr 1 oversz 0 unbuild 0 {}
 315     0     100               0     0.415271883     0.331084941      2.56355395      3.85103505   0.00808514579   0.00658467365
 315     1      50               0     0.398385596     0.318629396      2.29160959      3.79702655   0.00775637783   0.00633695564
          wgpu 1d 186g 304c x3w 4ms | egraph 45g->158v+0snap 11ms | graft 33 (-230n, 0 snap) cpu 0 | f64 20 | gen 0.2s
 316     0     100               0     0.415271883     0.331084941      2.56355395      3.85103505   0.00808514579   0.00658467365
 316     1      50               0     0.398385596     0.318629396      2.29160959      3.79702655   0.00775637783   0.00633695564
          wgpu 1d 168g 297c x3w 4ms | egraph 50g->151v+0snap 59ms | graft 28 (-223n, 0 snap) cpu 0 | f64 20 | gen 0.3s | dropped inexpr 1 oversz 0 unbuild 0 {}
 317     0     100               0     0.415271883     0.331084941      2.56355395      3.85103505   0.00808514579   0.00658467365
 317     1      50               0     0.398385596     0.318629396      2.29160959      3.79702655   0.00775637783   0.00633695564
          wgpu 1d 166g 296c x3w 4ms | egraph 48g->150v+0snap 12ms | graft 23 (-189n, 0 snap) cpu 0 | f64 20 | gen 0.2s
 318     0     100               0     0.415271883     0.331084941      2.56355395      3.85103505   0.00808514579   0.00658467365
 318     1      50               0     0.398385596     0.318629396      2.29160959      3.79702655   0.00775637783   0.00633695564
          wgpu 1d 180g 307c x3w 4ms | egraph 41g->161v+0snap 11ms | graft 34 (-249n, 0 snap) cpu 0 | f64 20 | gen 0.2s
 319     0     100               0     0.415271883     0.331084941      2.56355395      3.85103505   0.00808514579   0.00658467365
 319     1      50               0     0.398385596     0.318629396      2.29160959      3.79702655   0.00775637783   0.00633695564
          wgpu 1d 181g 314c x3w 7ms | egraph 40g->168v+0snap 18ms | graft 31 (-263n, 0 snap) cpu 0 | f64 20 | gen 0.3s
 320     0     100               0     0.415271883     0.331084941      2.56355395      3.85103505   0.00808514579   0.00658467365
 320     1      50               0     0.398385596     0.318629396      2.29160959      3.79702655   0.00775637783   0.00633695564
          wgpu 1d 179g 321c x3w 4ms | egraph 39g->175v+0snap 9ms | graft 28 (-214n, 0 snap) cpu 0 | f64 20 | gen 0.2s
--------- pump migration: intra (promote-2 + intake-reset) ---------
 321     0     100               0     0.415271883     0.331084941      2.56355395      3.85103505   0.00808514579   0.00658467365
 321     1      50               0     0.415271883     0.331084941      2.56355395      3.85103505   0.00808514579   0.00658467365
          wgpu 2d 349g 420c x3w 8ms | egraph 107g->194v+0snap 42ms | graft 36 (-217n, 0 snap) cpu 0 | f64 30 | gen 0.3s | dropped inexpr 3 oversz 0 unbuild 0 {}
 322     0     100               0     0.415271883     0.331084941      2.56355395      3.85103505   0.00808514579   0.00658467365
 322     1      50               0     0.415271883     0.331084941      2.56355395      3.85103505   0.00808514579   0.00658467365
          wgpu 1d 172g 278c x3w 4ms | egraph 33g->132v+0snap 15ms | graft 22 (-160n, 0 snap) cpu 0 | f64 20 | gen 0.2s
 323     0     100               0     0.415271883     0.331084941      2.56355395      3.85103505   0.00808514579   0.00658467365
 323     1      50               0     0.415271883     0.331084941      2.56355395      3.85103505   0.00808514579   0.00658467365
          wgpu 1d 190g 305c x3w 4ms | egraph 41g->159v+0snap 10ms | graft 32 (-224n, 0 snap) cpu 0 | f64 20 | gen 0.2s
 324     0     100               0     0.415271883     0.331084941      2.56355395      3.85103505   0.00808514579   0.00658467365
 324     1      50               0     0.415271883     0.331084941      2.56355395      3.85103505   0.00808514579   0.00658467365
          wgpu 1d 180g 297c x3w 4ms | egraph 36g->151v+0snap 13ms | graft 25 (-205n, 0 snap) cpu 0 | f64 20 | gen 0.2s
 325     0     100               0     0.415271883     0.331084941      2.56355395      3.85103505   0.00808514579   0.00658467365
 325     1      50               0     0.398385596     0.318629396      2.29160959      3.79702655   0.00775637783   0.00633695564
          wgpu 1d 177g 296c x3w 4ms | egraph 39g->150v+0snap 16ms | graft 24 (-188n, 0 snap) cpu 0 | f64 20 | gen 0.2s
 326     0     100               0     0.415271883     0.331084941      2.56355395      3.85103505   0.00808514579   0.00658467365
 326     1      50               0     0.398385596     0.318629396      2.29160959      3.79702655   0.00775637783   0.00633695564
          wgpu 1d 152g 298c x3w 7ms | egraph 27g->152v+0snap 6ms | graft 24 (-158n, 0 snap) cpu 0 | f64 20 | gen 0.2s
 327     0     100               0     0.415271883     0.331084941      2.56355395      3.85103505   0.00808514579   0.00658467365
 327     1      50               0     0.398385596     0.318629396      2.29160959      3.79702655   0.00775637783   0.00633695564
          wgpu 1d 178g 313c x3w 4ms | egraph 38g->167v+0snap 10ms | graft 23 (-154n, 0 snap) cpu 0 | f64 20 | gen 0.2s
 328     0     100               0     0.415271883     0.331084941      2.56355395      3.85103505   0.00808514579   0.00658467365
 328     1      50               0     0.398385596     0.318629396      2.29160959      3.79702655   0.00775637783   0.00633695564
          wgpu 1d 160g 301c x3w 4ms | egraph 32g->155v+0snap 12ms | graft 23 (-220n, 0 snap) cpu 0 | f64 20 | gen 0.2s | dropped inexpr 1 oversz 0 unbuild 0 {}
 329     0     100               0     0.415271883     0.331084941      2.56355395      3.85103505   0.00808514579   0.00658467365
 329     1      50               0     0.398385596     0.318629396      2.29160959      3.79702655   0.00775637783   0.00633695564
          wgpu 1d 182g 312c x3w 5ms | egraph 45g->166v+0snap 11ms | graft 29 (-243n, 0 snap) cpu 0 | f64 20 | gen 0.3s
 330     0     100               0     0.415271883     0.331084941      2.56355395      3.85103505   0.00808514579   0.00658467365
 330     1      50               0     0.398385596     0.318629396      2.29160959      3.79702655   0.00775637783   0.00633695564
          wgpu 1d 170g 297c x3w 4ms | egraph 46g->151v+0snap 10ms | graft 26 (-216n, 0 snap) cpu 0 | f64 20 | gen 0.3s
--------- pump migration: intra (promote-2 + intake-reset) + cross ---------
 331     0     100               0     0.415271883     0.331084941      2.56355395      3.85103505   0.00808514579   0.00658467365
 331     1      50               0     0.398385596     0.318629396      2.29160959      3.79702655   0.00775637783   0.00633695564
          wgpu 2d 369g 451c x3w 8ms | egraph 110g->225v+0snap 29ms | graft 40 (-330n, 0 snap) cpu 0 | f64 30 | gen 0.2s | dropped inexpr 1 oversz 0 unbuild 0 {}
 332     0     100               0     0.415271883     0.331084941      2.56355395      3.85103505   0.00808514579   0.00658467365
 332     1      50               0     0.398385596     0.318629396      2.29160959      3.79702655   0.00775637783   0.00633695564
          wgpu 1d 203g 312c x3w 7ms | egraph 53g->166v+0snap 11ms | graft 26 (-217n, 0 snap) cpu 0 | f64 20 | gen 0.2s
 333     0     100               0     0.415271883     0.331084941      2.56355395      3.85103505   0.00808514579   0.00658467365
 333     1      50               0     0.398385596     0.318629396      2.29160959      3.79702655   0.00775637783   0.00633695564
          wgpu 1d 185g 314c x3w 4ms | egraph 45g->168v+0snap 19ms | graft 22 (-209n, 0 snap) cpu 0 | f64 20 | gen 0.4s
 334     0     100               0     0.415271883     0.331084941      2.56355395      3.85103505   0.00808514579   0.00658467365
 334     1      50               0     0.398385596     0.318629396      2.29160959      3.79702655   0.00775637783   0.00633695564
          wgpu 1d 192g 303c x3w 4ms | egraph 43g->157v+0snap 10ms | graft 37 (-292n, 0 snap) cpu 0 | f64 20 | gen 0.2s
 335     0     100               0     0.415271883     0.331084941      2.56355395      3.85103505   0.00808514579   0.00658467365
 335     1      50               0     0.398385596     0.318629396      2.29160959      3.79702655   0.00775637783   0.00633695564
          wgpu 1d 166g 296c x3w 4ms | egraph 36g->150v+0snap 9ms | graft 25 (-233n, 0 snap) cpu 0 | f64 20 | gen 0.2s
 336     0     100               0     0.415271883     0.331084941      2.56355395      3.85103505   0.00808514579   0.00658467365
 336     1      50               0     0.398385596     0.318629396      2.29160959      3.79702655   0.00775637783   0.00633695564
          wgpu 1d 184g 305c x3w 4ms | egraph 43g->159v+0snap 10ms | graft 22 (-167n, 0 snap) cpu 0 | f64 20 | gen 0.5s
 337     0     100               0     0.415271883     0.331084941      2.56355395      3.85103505   0.00808514579   0.00658467365
 337     1      50               0     0.398385596     0.318629396      2.29160959      3.79702655   0.00775637783   0.00633695564
          wgpu 1d 176g 307c x3w 8ms | egraph 36g->161v+0snap 9ms | graft 31 (-202n, 0 snap) cpu 0 | f64 20 | gen 0.2s
 338     0     100               0     0.415271883     0.331084941      2.56355395      3.85103505   0.00808514579   0.00658467365
 338     1      50               0     0.398385596     0.318629396      2.29160959      3.79702655   0.00775637783   0.00633695564
          wgpu 1d 151g 298c x3w 4ms | egraph 33g->152v+0snap 8ms | graft 29 (-222n, 0 snap) cpu 0 | f64 20 | gen 0.2s
 339     0     100               0     0.415271883     0.331084941      2.56355395      3.85103505   0.00808514579   0.00658467365
 339     1      50               0     0.398385596     0.318629396      2.29160959      3.79702655   0.00775637783   0.00633695564
          wgpu 1d 182g 324c x3w 5ms | egraph 34g->178v+0snap 8ms | graft 22 (-164n, 0 snap) cpu 0 | f64 20 | gen 0.2s
 340     0     100               0     0.415271883     0.331084941      2.56355395      3.85103505   0.00808514579   0.00658467365
 340     1      50               0     0.398385596     0.318629396      2.29160959      3.79702655   0.00775637783   0.00633695564
          wgpu 1d 172g 299c x3w 4ms | egraph 43g->153v+0snap 10ms | graft 22 (-167n, 0 snap) cpu 0 | f64 20 | gen 0.3s
--------- pump migration: intra (promote-2 + intake-reset) ---------
 341     0     100               0     0.415271883     0.331084941      2.56355395      3.85103505   0.00808514579   0.00658467365
 341     1      50               0     0.379764601     0.273229818      1.93398677      3.76631407   0.00739383592   0.00543404112
          wgpu 2d 342g 433c x3w 8ms | egraph 105g->207v+0snap 26ms | graft 37 (-228n, 0 snap) cpu 0 | f64 30 | gen 0.3s | dropped inexpr 2 oversz 0 unbuild 0 {}
 342     0     100               0     0.415271883     0.331084941      2.56355395      3.85103505   0.00808514579   0.00658467365
 342     1      50               0     0.379764601     0.273229818      1.93398677      3.76631407   0.00739383592   0.00543404112
          wgpu 1d 202g 325c x3w 5ms | egraph 49g->179v+0snap 12ms | graft 38 (-284n, 0 snap) cpu 0 | f64 20 | gen 0.2s | dropped inexpr 1 oversz 0 unbuild 0 {}
 343     0     100               0     0.415271883     0.331084941      2.56355395      3.85103505   0.00808514579   0.00658467365
 343     1      50               0     0.379764601     0.273229818      1.93398677      3.76631407   0.00739383592   0.00543404112
          wgpu 1d 201g 334c x3w 8ms | egraph 48g->188v+0snap 13ms | graft 30 (-234n, 0 snap) cpu 0 | f64 20 | gen 0.4s
 344     0     100               0     0.415271883     0.331084941      2.56355395      3.85103505   0.00808514579   0.00658467365
 344     1      50               0     0.379764601     0.273229818      1.93398677      3.76631407   0.00739383592   0.00543404112
          wgpu 1d 196g 318c x3w 5ms | egraph 46g->172v+0snap 12ms | graft 28 (-221n, 0 snap) cpu 0 | f64 20 | gen 0.3s | dropped inexpr 1 oversz 0 unbuild 0 {}
 345     0     100               0     0.415271883     0.331084941      2.56355395      3.85103505   0.00808514579   0.00658467365
 345     1      50               0     0.379764601     0.273229818      1.93398677      3.76631407   0.00739383592   0.00543404112
          wgpu 1d 211g 329c x3w 5ms | egraph 49g->183v+0snap 13ms | graft 23 (-169n, 0 snap) cpu 0 | f64 20 | gen 0.2s | dropped inexpr 2 oversz 0 unbuild 0 {}
 346     0     100               0     0.415271883     0.331084941      2.56355395      3.85103505   0.00808514579   0.00658467365
 346     1      50               0     0.379764601     0.273229818      1.93398677      3.76631407   0.00739383592   0.00543404112
          wgpu 1d 202g 324c x3w 5ms | egraph 49g->178v+0snap 12ms | graft 26 (-191n, 0 snap) cpu 0 | f64 20 | gen 0.2s | dropped inexpr 1 oversz 0 unbuild 0 {}
 347     0     100               0     0.376341257     0.281988701      2.14220177      3.32243129   0.00732718506   0.00560823928
 347     1      50               0     0.379764601     0.273229818      1.93398677      3.76631407   0.00739383592   0.00543404112
          wgpu 1d 188g 342c x3w 5ms | egraph 43g->196v+0snap 10ms | graft 30 (-267n, 0 snap) cpu 0 | f64 20 | gen 0.2s | dropped inexpr 1 oversz 0 unbuild 0 {}
 348     0     100               0     0.376341257     0.281988701      2.14220177      3.32243129   0.00732718506   0.00560823928
 348     1      50               0     0.379764601     0.273229818      1.93398677      3.76631407   0.00739383592   0.00543404112
          wgpu 1d 218g 331c x3w 5ms | egraph 70g->185v+0snap 16ms | graft 25 (-230n, 0 snap) cpu 0 | f64 20 | gen 0.4s | dropped inexpr 2 oversz 0 unbuild 0 {}
 349     0     100               0     0.353579847     0.259143843      2.01100849      3.17758194   0.00688403124   0.00515389685
 349     1      50               0     0.379764601     0.273229818      1.93398677      3.76631407   0.00739383592   0.00543404112
          wgpu 1d 194g 316c x3w 5ms | egraph 68g->170v+0snap 15ms | graft 37 (-348n, 0 snap) cpu 0 | f64 20 | gen 0.3s
 350     0     100               0     0.353579847     0.259143843      2.01100849      3.17758194   0.00688403124   0.00515389685
 350     1      50               0     0.379764601     0.273229818      1.93398677      3.76631407   0.00739383592   0.00543404112
          wgpu 1d 207g 329c x3w 5ms | egraph 76g->183v+0snap 17ms | graft 28 (-256n, 0 snap) cpu 0 | f64 20 | gen 0.2s | dropped inexpr 1 oversz 0 unbuild 0 {}
--------- pump migration: intra (promote-2 + intake-reset) ---------
 351     0     100               0     0.353579847     0.259143843      2.01100849      3.17758194   0.00688403124   0.00515389685
 351     1      50               0     0.353579859     0.259144094      2.01100886      3.17758205   0.00688403148   0.00515390183
          wgpu 2d 364g 434c x3w 8ms | egraph 134g->208v+0snap 42ms | graft 32 (-245n, 0 snap) cpu 0 | f64 30 | gen 0.5s
 352     0     100               0     0.353579847     0.259143843      2.01100849      3.17758194   0.00688403124   0.00515389685
 352     1      50               0     0.379764601     0.273229818      1.93398677      3.76631407   0.00739383592   0.00543404112
          wgpu 1d 191g 295c x3w 4ms | egraph 60g->149v+0snap 13ms | graft 24 (-208n, 0 snap) cpu 0 | f64 20 | gen 0.2s
 353     0     100               0     0.349619212     0.252025167      1.90189271      2.96953571   0.00680691956   0.00501231941
 353     1      50               0     0.379764601     0.273229818      1.93398677      3.76631407   0.00739383592   0.00543404112
          wgpu 1d 214g 323c x3w 9ms | egraph 70g->177v+0snap 17ms | graft 25 (-248n, 0 snap) cpu 0 | f64 20 | gen 0.3s
 354     0     100               0     0.349619212     0.252025167      1.90189271      2.96953571   0.00680691956   0.00501231941
 354     1      50               0     0.337859678     0.235436256      1.74428768      2.97400568   0.00657796704   0.00468239632
          wgpu 1d 181g 299c x3w 4ms | egraph 70g->153v+0snap 17ms | graft 35 (-283n, 0 snap) cpu 0 | f64 20 | gen 0.4s
 355     0     100               0     0.349619212     0.252025167      1.90189271      2.96953571   0.00680691956   0.00501231941
 355     1      50               0     0.337859678     0.235436256      1.74428768      2.97400568   0.00657796704   0.00468239632
          wgpu 1d 176g 277c x3w 5ms | egraph 64g->131v+0snap 15ms | graft 23 (-209n, 0 snap) cpu 0 | f64 20 | gen 0.3s
 356     0     100               0     0.349619212     0.252025167      1.90189271      2.96953571   0.00680691956   0.00501231941
 356     1      50               0     0.337859678     0.235436256      1.74428768      2.97400568   0.00657796704   0.00468239632
          wgpu 1d 167g 292c x3w 7ms | egraph 60g->146v+0snap 36ms | graft 15 (-161n, 0 snap) cpu 0 | f64 20 | gen 0.2s
 357     0     100               0     0.275777291     0.170364676      1.27139479      2.88042271   0.00536925252   0.00338824166
 357     1      50               0     0.337859678     0.235436256      1.74428768      2.97400568   0.00657796704   0.00468239632
          wgpu 1d 186g 289c x3w 5ms | egraph 77g->143v+0snap 19ms | graft 24 (-287n, 0 snap) cpu 0 | f64 20 | gen 0.3s | dropped inexpr 1 oversz 0 unbuild 0 {}
 358     0     100               0     0.275777291     0.170364676      1.27139479      2.88042271   0.00536925252   0.00338824166
 358     1      50               0     0.337859678     0.235436256      1.74428768      2.97400568   0.00657796704   0.00468239632
          wgpu 1d 163g 285c x3w 4ms | egraph 56g->139v+0snap 12ms | graft 25 (-224n, 0 snap) cpu 0 | f64 20 | gen 0.2s
 359     0     100               0      0.27577728     0.170364797      1.27139418      2.88042246   0.00536925231   0.00338824406
 359     1      50               0     0.337859678     0.235436256      1.74428768      2.97400568   0.00657796704   0.00468239632
          wgpu 1d 177g 266c x3w 5ms | egraph 68g->120v+0snap 15ms | graft 22 (-238n, 0 snap) cpu 0 | f64 20 | gen 0.2s
 360     0     100               0      0.27577728     0.170364797      1.27139418      2.88042246   0.00536925231   0.00338824406
 360     1      50               0     0.337859678     0.235436256      1.74428768      2.97400568   0.00657796704   0.00468239632
          wgpu 1d 162g 269c x3w 4ms | egraph 67g->123v+0snap 22ms | graft 23 (-271n, 0 snap) cpu 0 | f64 20 | gen 0.2s
--------- pump migration: intra (promote-2 + intake-reset) + cross ---------
 361     0     100               0      0.27577728     0.170364797      1.27139418      2.88042246   0.00536925231   0.00338824406
 361     1      50               0     0.337859678     0.235436256      1.74428768      2.97400568   0.00657796704   0.00468239632
          wgpu 2d 348g 415c x3w 13ms | egraph 119g->189v+0snap 29ms | graft 34 (-299n, 0 snap) cpu 0 | f64 30 | gen 0.2s | dropped inexpr 1 oversz 0 unbuild 0 {}
 362     0     100               0      0.27577728     0.170364797      1.27139418      2.88042246   0.00536925231   0.00338824406
 362     1      50               0     0.337859678     0.235436256      1.74428768      2.97400568   0.00657796704   0.00468239632
          wgpu 1d 171g 262c x3w 5ms | egraph 57g->116v+0snap 15ms | graft 18 (-191n, 0 snap) cpu 0 | f64 20 | gen 0.2s
 363     0     100               0     0.275777291     0.170364676      1.27139479      2.88042271   0.00536925252   0.00338824166
 363     1      50               0     0.337859678     0.235436256      1.74428768      2.97400568   0.00657796704   0.00468239632
          wgpu 1d 158g 275c x3w 4ms | egraph 44g->129v+0snap 9ms | graft 21 (-204n, 0 snap) cpu 0 | f64 20 | gen 0.2s
 364     0     100               0     0.275777291     0.170364676      1.27139479      2.88042271   0.00536925252   0.00338824166
 364     1      50               0     0.337859678     0.235436256      1.74428768      2.97400568   0.00657796704   0.00468239632
          wgpu 1d 170g 276c x3w 4ms | egraph 56g->130v+0snap 12ms | graft 24 (-244n, 0 snap) cpu 0 | f64 20 | gen 0.2s
 365     0     100               0     0.275777291     0.170364676      1.27139479      2.88042271   0.00536925252   0.00338824166
 365     1      50               0     0.337859678     0.235436256      1.74428768      2.97400568   0.00657796704   0.00468239632
          wgpu 1d 188g 286c x3w 5ms | egraph 63g->140v+0snap 14ms | graft 27 (-292n, 0 snap) cpu 0 | f64 20 | gen 0.2s
 366     0     100               0      0.27577728     0.170364797      1.27139418      2.88042246   0.00536925231   0.00338824406
 366     1      50               0     0.337859678     0.235436256      1.74428768      2.97400568   0.00657796704   0.00468239632
          wgpu 1d 162g 296c x3w 4ms | egraph 44g->150v+0snap 14ms | graft 30 (-301n, 0 snap) cpu 0 | f64 20 | gen 0.2s
 367     0     100               0      0.27577728     0.170364797      1.27139418      2.88042246   0.00536925231   0.00338824406
 367     1      50               0     0.337859678     0.235436256      1.74428768      2.97400568   0.00657796704   0.00468239632
          wgpu 1d 172g 282c x3w 5ms | egraph 52g->136v+0snap 12ms | graft 27 (-268n, 0 snap) cpu 0 | f64 20 | gen 0.2s
 368     0     100               0      0.27577728     0.170364797      1.27139418      2.88042246   0.00536925231   0.00338824406
 368     1      50               0     0.337859678     0.235436256      1.74428768      2.97400568   0.00657796704   0.00468239632
          wgpu 1d 170g 285c x3w 4ms | egraph 48g->139v+0snap 10ms | graft 24 (-221n, 0 snap) cpu 0 | f64 20 | gen 0.2s
 369     0     100               0     0.275777291     0.170364676      1.27139479      2.88042271   0.00536925252   0.00338824166
 369     1      50               0     0.337859678     0.235436256      1.74428768      2.97400568   0.00657796704   0.00468239632
          wgpu 1d 171g 288c x3w 5ms | egraph 48g->142v+0snap 12ms | graft 25 (-207n, 0 snap) cpu 0 | f64 20 | gen 0.3s
 370     0     100               0      0.27577728     0.170364797      1.27139418      2.88042246   0.00536925231   0.00338824406
 370     1      50               0     0.337859678     0.235436256      1.74428768      2.97400568   0.00657796704   0.00468239632
          wgpu 1d 169g 275c x3w 4ms | egraph 57g->129v+0snap 12ms | graft 20 (-197n, 0 snap) cpu 0 | f64 20 | gen 0.3s | dropped inexpr 1 oversz 0 unbuild 0 {}
--------- pump migration: intra (promote-2 + intake-reset) ---------
 371     0     100               0      0.27577728     0.170364797      1.27139418      2.88042246   0.00536925231   0.00338824406
 371     1      50               0     0.337859678     0.235436256      1.74428768      2.97400568   0.00657796704   0.00468239632
          wgpu 2d 350g 435c x3w 14ms | egraph 115g->209v+0snap 27ms | graft 31 (-330n, 0 snap) cpu 0 | f64 30 | gen 0.3s | dropped inexpr 1 oversz 0 unbuild 0 {}
 372     0     100               0      0.27577728     0.170364797      1.27139418      2.88042246   0.00536925231   0.00338824406
 372     1      50               0     0.337859678     0.235436256      1.74428768      2.97400568   0.00657796704   0.00468239632
          wgpu 1d 167g 287c x3w 4ms | egraph 38g->141v+0snap 9ms | graft 22 (-218n, 0 snap) cpu 0 | f64 20 | gen 0.2s
 373     0     100               0      0.27577728     0.170364797      1.27139418      2.88042246   0.00536925231   0.00338824406
 373     1      50               0     0.337859678     0.235436256      1.74428768      2.97400568   0.00657796704   0.00468239632
          wgpu 1d 168g 275c x3w 4ms | egraph 41g->129v+0snap 9ms | graft 19 (-203n, 0 snap) cpu 0 | f64 20 | gen 0.2s
 374     0     100               0      0.27577728     0.170364797      1.27139418      2.88042246   0.00536925231   0.00338824406
 374     1      50               0     0.337859678     0.235436256      1.74428768      2.97400568   0.00657796704   0.00468239632
          wgpu 1d 189g 281c x3w 4ms | egraph 47g->135v+0snap 10ms | graft 24 (-230n, 0 snap) cpu 0 | f64 20 | gen 0.2s
 375     0     100               0      0.27577728     0.170364797      1.27139418      2.88042246   0.00536925231   0.00338824406
 375     1      50               0     0.337859678     0.235436256      1.74428768      2.97400568   0.00657796704   0.00468239632
          wgpu 1d 163g 266c x3w 4ms | egraph 46g->120v+0snap 11ms | graft 21 (-217n, 0 snap) cpu 0 | f64 20 | gen 0.2s
 376     0     100               0     0.275777291     0.170364676      1.27139479      2.88042271   0.00536925252   0.00338824166
 376     1      50               0     0.337859678     0.235436256      1.74428768      2.97400568   0.00657796704   0.00468239632
          wgpu 1d 186g 307c x3w 5ms | egraph 50g->161v+0snap 12ms | graft 30 (-362n, 0 snap) cpu 0 | f64 20 | gen 0.3s
 377     0     100               0     0.275777291     0.170364676      1.27139479      2.88042271   0.00536925252   0.00338824166
 377     1      50               0     0.337859678     0.235436256      1.74428768      2.97400568   0.00657796704   0.00468239632
          wgpu 1d 183g 287c x3w 15ms | egraph 51g->141v+0snap 15ms | graft 30 (-291n, 0 snap) cpu 0 | f64 20 | gen 0.4s
 378     0     100               0     0.275777291     0.170364676      1.27139479      2.88042271   0.00536925252   0.00338824166
 378     1      50               0     0.296297378     0.178497508      1.24922832      3.03189531   0.00576876884   0.00354998881
          wgpu 1d 176g 311c x3w 5ms | egraph 46g->165v+0snap 12ms | graft 24 (-231n, 0 snap) cpu 0 | f64 20 | gen 0.2s
 379     0     100               0      0.27577728     0.170364797      1.27139418      2.88042246   0.00536925231   0.00338824406
 379     1      50               0     0.296297378     0.178497508      1.24922832      3.03189531   0.00576876884   0.00354998881
          wgpu 1d 176g 313c x3w 5ms | egraph 49g->167v+0snap 16ms | graft 27 (-287n, 0 snap) cpu 0 | f64 20 | gen 0.3s
 380     0     100               0     0.275777291     0.170364676      1.27139479      2.88042271   0.00536925252   0.00338824166
 380     1      50               0     0.296297378     0.178497508      1.24922832      3.03189531   0.00576876884   0.00354998881
          wgpu 1d 182g 319c x3w 5ms | egraph 45g->173v+0snap 22ms | graft 24 (-253n, 0 snap) cpu 0 | f64 20 | gen 0.3s
--------- pump migration: intra (promote-2 + intake-reset) ---------
 381     0     100               0     0.275777291     0.170364676      1.27139479      2.88042271   0.00536925252   0.00338824166
 381     1      50               0      0.27577728     0.170364797      1.27139418      2.88042246   0.00536925231   0.00338824406
          wgpu 2d 375g 453c x3w 9ms | egraph 118g->227v+0snap 37ms | graft 32 (-250n, 0 snap) cpu 0 | f64 30 | gen 0.2s | dropped inexpr 3 oversz 0 unbuild 0 {}
 382     0     100               0     0.275777291     0.170364676      1.27139479      2.88042271   0.00536925252   0.00338824166
 382     1      50               0      0.27577728     0.170364797      1.27139418      2.88042246   0.00536925231   0.00338824406
          wgpu 1d 212g 304c x3w 5ms | egraph 55g->158v+0snap 15ms | graft 38 (-307n, 0 snap) cpu 0 | f64 20 | gen 0.2s | dropped inexpr 1 oversz 0 unbuild 0 {}
 383     0     100               0     0.275777291     0.170364676      1.27139479      2.88042271   0.00536925252   0.00338824166
 383     1      50               0     0.275777291     0.170364676      1.27139479      2.88042271   0.00536925252   0.00338824166
          wgpu 1d 191g 305c x3w 5ms | egraph 52g->159v+0snap 13ms | graft 31 (-264n, 0 snap) cpu 0 | f64 20 | gen 0.3s
 384     0     100               0     0.275777291     0.170364676      1.27139479      2.88042271   0.00536925252   0.00338824166
 384     1      50               0     0.275777291     0.170364676      1.27139479      2.88042271   0.00536925252   0.00338824166
          wgpu 1d 163g 287c x3w 5ms | egraph 43g->141v+0snap 12ms | graft 30 (-305n, 0 snap) cpu 0 | f64 20 | gen 0.3s
 385     0     100               0     0.275777291     0.170364676      1.27139479      2.88042271   0.00536925252   0.00338824166
 385     1      50               0     0.275777291     0.170364676      1.27139479      2.88042271   0.00536925252   0.00338824166
          wgpu 1d 174g 295c x3w 5ms | egraph 46g->149v+0snap 13ms | graft 26 (-218n, 0 snap) cpu 0 | f64 20 | gen 0.3s
 386     0     100               0     0.275777291     0.170364676      1.27139479      2.88042271   0.00536925252   0.00338824166
 386     1      50               0     0.275777291     0.170364676      1.27139479      2.88042271   0.00536925252   0.00338824166
          wgpu 1d 188g 300c x3w 5ms | egraph 45g->154v+0snap 12ms | graft 30 (-264n, 0 snap) cpu 0 | f64 20 | gen 0.4s
 387     0     100               0     0.275777291     0.170364676      1.27139479      2.88042271   0.00536925252   0.00338824166
 387     1      50               0     0.275777291     0.170364676      1.27139479      2.88042271   0.00536925252   0.00338824166
          wgpu 1d 166g 286c x3w 4ms | egraph 44g->140v+0snap 17ms | graft 30 (-248n, 0 snap) cpu 0 | f64 20 | gen 0.2s
 388     0     100               0     0.275777291     0.170364676      1.27139479      2.88042271   0.00536925252   0.00338824166
 388     1      50               0     0.275777291     0.170364676      1.27139479      2.88042271   0.00536925252   0.00338824166
          wgpu 1d 152g 288c x3w 5ms | egraph 37g->142v+0snap 9ms | graft 22 (-167n, 0 snap) cpu 0 | f64 20 | gen 0.2s
 389     0     100               0     0.275777291     0.170364676      1.27139479      2.88042271   0.00536925252   0.00338824166
 389     1      50               0     0.275777291     0.170364676      1.27139479      2.88042271   0.00536925252   0.00338824166
          wgpu 1d 195g 299c x3w 5ms | egraph 50g->153v+0snap 12ms | graft 37 (-285n, 0 snap) cpu 0 | f64 20 | gen 0.3s
 390     0     100               0     0.275777291     0.170364676      1.27139479      2.88042271   0.00536925252   0.00338824166
 390     1      50               0     0.275777291     0.170364676      1.27139479      2.88042271   0.00536925252   0.00338824166
          wgpu 1d 194g 312c x3w 5ms | egraph 47g->166v+0snap 13ms | graft 27 (-232n, 0 snap) cpu 0 | f64 20 | gen 0.3s
--------- pump migration: intra (promote-2 + intake-reset) + cross ---------
 391     0     100               0      0.27577728     0.170364797      1.27139418      2.88042246   0.00536925231   0.00338824406
 391     1      50               0     0.275777291     0.170364676      1.27139479      2.88042271   0.00536925252   0.00338824166
          wgpu 2d 342g 396c x3w 8ms | egraph 114g->170v+0snap 30ms | graft 34 (-281n, 0 snap) cpu 0 | f64 30 | gen 0.2s | dropped inexpr 2 oversz 0 unbuild 0 {}
--------- pump migration: cross-class ---------
 392     0     100               0     0.275777291     0.170364676      1.27139479      2.88042271   0.00536925252   0.00338824166
 392     1      50               0      0.27577728     0.170364797      1.27139418      2.88042246   0.00536925231   0.00338824406
          wgpu 2d 362g 442c x3w 8ms | egraph 114g->216v+0snap 30ms | graft 47 (-397n, 0 snap) cpu 0 | f64 30 | gen 0.4s | dropped inexpr 1 oversz 0 unbuild 0 {}
--------- pump migration: cross-class ---------
 393     0     100               0     0.275777291     0.170364676      1.27139479      2.88042271   0.00536925252   0.00338824166
 393     1      50               0     0.275777291     0.170364676      1.27139479      2.88042271   0.00536925252   0.00338824166
          wgpu 2d 405g 455c x3w 9ms | egraph 125g->229v+0snap 31ms | graft 55 (-399n, 0 snap) cpu 0 | f64 30 | gen 0.2s | dropped inexpr 3 oversz 0 unbuild 0 {}
--------- pump migration: cross-class ---------
 394     0     100               0     0.275777291     0.170364676      1.27139479      2.88042271   0.00536925252   0.00338824166
 394     1      50               0     0.275777291     0.170364676      1.27139479      2.88042271   0.00536925252   0.00338824166
          wgpu 2d 365g 422c x3w 9ms | egraph 109g->196v+0snap 40ms | graft 38 (-337n, 0 snap) cpu 0 | f64 30 | gen 0.2s | dropped inexpr 2 oversz 0 unbuild 0 {}
--------- pump migration: cross-class ---------
 395     0     100               0     0.275777291     0.170364676      1.27139479      2.88042271   0.00536925252   0.00338824166
 395     1      50               0     0.275777291     0.170364676      1.27139479      2.88042271   0.00536925252   0.00338824166
          wgpu 2d 357g 434c x3w 8ms | egraph 99g->208v+0snap 25ms | graft 43 (-405n, 0 snap) cpu 0 | f64 30 | gen 0.3s | dropped inexpr 2 oversz 0 unbuild 0 {}
--------- pump migration: cross-class ---------
 396     0     100               0     0.275777291     0.170364676      1.27139479      2.88042271   0.00536925252   0.00338824166
 396     1      50               0     0.275777291     0.170364676      1.27139479      2.88042271   0.00536925252   0.00338824166
          wgpu 2d 381g 434c x3w 9ms | egraph 126g->208v+0snap 103ms | graft 49 (-374n, 0 snap) cpu 0 | f64 30 | gen 0.2s | dropped inexpr 1 oversz 0 unbuild 0 {}
--------- pump migration: cross-class ---------
 397     0     100               0     0.275777291     0.170364676      1.27139479      2.88042271   0.00536925252   0.00338824166
 397     1      50               0     0.275777291     0.170364676      1.27139479      2.88042271   0.00536925252   0.00338824166
          wgpu 2d 353g 420c x3w 9ms | egraph 101g->194v+0snap 24ms | graft 38 (-354n, 0 snap) cpu 0 | f64 30 | gen 0.2s | dropped inexpr 3 oversz 0 unbuild 0 {}
--------- pump migration: cross-class ---------
 398     0     100               0     0.275777291     0.170364676      1.27139479      2.88042271   0.00536925252   0.00338824166
 398     1      50               0     0.275777291     0.170364676      1.27139479      2.88042271   0.00536925252   0.00338824166
          wgpu 2d 368g 437c x3w 9ms | egraph 113g->211v+0snap 27ms | graft 35 (-278n, 0 snap) cpu 0 | f64 30 | gen 0.4s | dropped inexpr 3 oversz 0 unbuild 0 {}
--------- pump migration: cross-class ---------
 399     0     100               0     0.275777291     0.170364676      1.27139479      2.88042271   0.00536925252   0.00338824166
 399     1      50               0     0.275777291     0.170364676      1.27139479      2.88042271   0.00536925252   0.00338824166
          wgpu 2d 355g 425c x3w 8ms | egraph 102g->199v+0snap 29ms | graft 39 (-316n, 0 snap) cpu 0 | f64 30 | gen 0.2s | dropped inexpr 3 oversz 0 unbuild 0 {}
--------- pump migration: cross-class ---------
 400     0     100               0     0.275777291     0.170364676      1.27139479      2.88042271   0.00536925252   0.00338824166
 400     1      50               0     0.275777291     0.170364676      1.27139479      2.88042271   0.00536925252   0.00338824166
          wgpu 2d 316g 422c x3w 15ms | egraph 101g->196v+0snap 21ms | graft 38 (-304n, 0 snap) cpu 0 | f64 30 | gen 0.2s
--------- pump migration: intra (promote-2 + intake-reset) + cross ---------

This sub-run: 2026-09-19 06:58:15.500857 → 2026-09-19 06:59:48.266876
Now at generation 400 (HOF size: 30)
[join] 450 dispatches, 64,205 genes, 319,269 candidates scored in 1.94s GPU+host; e-graph 16,767 trees -> 43,953 variants + 0 snaps in 5.13s; 7,405 grafts (0 snap), 44,821 nodes removed; cpu-path individuals 0, f64-rejected 0, snaps refused for naming an input 0
[join]   inexpressible:    436  no pset token for semantic id "pow" with arity 2
[join]   inexpressible:      1  no pset token for semantic id "div" with arity 2
  HFF-chosen LSM kept: a=2.23565, b=0.16736
Chromosome wrapper: id=0  →  identity
hof[0] runtime val: mse=1.705e+00  R²=0.966082
Pre-snap expression (after sympify + LSM compose):
  0.745215191009604*Bx*mom + 0.745215191009604*By*mom/Bz + 0.745215191009604*Bz*mom + 0.167359533853883

Per-level snap results (before MSE scoring):
  strict      →  0.745215191009604*Bx*mom + 0.745215191009604*By*mom/Bz + 0.745215191009604*Bz*mom + 0.167359533853883
  default     →  0.745215191009604*Bx*mom + 0.745215191009604*By*mom/Bz + 0.745215191009604*Bz*mom + 0.167359533853883
  aggressive  →  Bx*mom/pi**(1/4) + By*mom/(pi**(1/4)*Bz) + Bz*mom/pi**(1/4) + 0.167359533853883

Snap-level comparison (sorted by holdout MSE, lowest first)
------------------------------------------------------------------------------------------
  level       MSE            R²         expression                                        
------------------------------------------------------------------------------------------
★ aggressive  2.36           0.9530     Bx*mom/pi**(1/4) + By*mom/(pi**(1/4)*Bz) + Bz*mom/
  strict      2.362          0.9530     0.745215191009604*Bx*mom + 0.745215191009604*By*mo
  default     2.362          0.9530     0.745215191009604*Bx*mom + 0.745215191009604*By*mo

Winning snap level: 'aggressive'  →  Bx*mom/pi**(1/4) + By*mom/(pi**(1/4)*Bz) + Bz*mom/pi**(1/4) + 0.167359533853883

Canonical discovered expression: Bx*mom/pi**(1/4) + By*mom/(pi**(1/4)*Bz) + Bz*mom/pi**(1/4) + 0.167359533853883
[38;2;0;50;255m
############################################################ [38;2;255;255;255m
[38;2;0;50;255m Equation Recovery: III_10_19 [38;2;255;255;255m
[38;2;0;50;255m Truth: mom*sqrt(Bx**2+By**2+Bz**2) [38;2;255;255;255m
[38;2;0;50;255m [38;2;255;255;255m
[38;2;255;0;255m     Exact recovery     : False [38;2;255;255;255m
[38;2;255;0;255m     Numerical recovery : False (max rel_err 3.81e-01 on 10k samples) [38;2;255;255;255m
[38;2;255;0;255m     Discovered         : Bx*mom/pi**(1/4) + By*mom/(pi**(1/4)*Bz) + Bz*mom/pi**(1/4) + 0.167359533853883 [38;2;255;255;255m
[38;2;255;0;255m     LSM (a, b)         : (2.23565, 0.16736) [38;2;255;255;255m
[38;2;0;50;255m
############################################################ [38;2;255;255;255m
In-range holdout : MSE=2.362  MAE=1.128  R²=0.9530
Extrapolation    : MSE=20.95  MAE=2.985  R²=0.9300

Top 10 HOF models (north_pole=truenorth) (★ = Pareto-optimal)
(deduped HOF: 3 unique chromosomes from 30 raw HOF entries)
 ----------------------------------------------------------------------------------------------------------------
       model     wrapper      length   train_mse     val_mse     max_err    train_r2      val_r2 angular_distance
 ----------------------------------------------------------------------------------------------------------------
★          12    identity          11      2.1225      1.7054      4.1084      0.9587      0.9661      0.0000
            0    identity          11      2.1225      1.7054      4.1084      0.9587      0.9661      0.9273
           27    identity          11      2.1225      1.7054      4.1084      0.9587      0.9661      0.9273

Pareto-optimal in top 3: 1    Pareto-optimal in full HOF: 1 / 3

Recovery sweep across 3/3 unique HOF chromosomes (capped):
  Structural / exact     : 0/3  (0.0%)
  Numerical (≤1e-6 err)  : 0/3  (0.0%)
{
    "date": "2026/09/19",
    "seed": "5",
    "task": "equation_recovery",
    "north_pole_method": "truenorth",
    "hff_include_val": true,
    "problem": "III_10_19",
    "truth_expr": "mom*sqrt(Bx**2+By**2+Bz**2)",
    "final_terminal_inputs": [
        "mom",
        "Bx",
        "By",
        "Bz"
    ],
    "wide_primitives": true,
    "head_length": "48",
    "n_genes": "3",
    "rnc_array_length": "10",
    "tournament size": "intake=8, champion=5",
    "population size": "150",
    "population per island": "intake=100, champion=50",
    "gpu_join": true,
    "eclass_k": 8,
    "number of elites": "2",
    "number of generations": "400",
    "number of islands": "2",
    "migration FREQ": "30",
    "wrapper_id": 0,
    "wrapper_name": "identity",
    "recovery_exact": false,
    "recovery_numerical": false,
    "recovery_max_rel_err": 0.3814613963297589,
    "discovered_expr": "Bx*mom/pi**(1/4) + By*mom/(pi**(1/4)*Bz) + Bz*mom/pi**(1/4) + 0.167359533853883",
    "holdout_mse": 2.362089911718072,
    "holdout_r2": 0.9529938161029377,
    "extrap_mse": 20.95019604074107,
    "extrap_r2": 0.9299979006137635,
    "hof_size": 3,
    "hof_exact_recoveries": 0,
    "hof_numerical_recoveries": 0
}
