/opt/anaconda3/lib/python3.12/site-packages/geppy/__init__.py:26: UserWarning: pkg_resources is deprecated as an API. See https://setuptools.pypa.io/en/latest/pkg_resources.html. The pkg_resources package is slated for removal as early as 2025-11-30. Refrain from using this package or pin to Setuptools<81.
  from pkg_resources import get_distribution, DistributionNotFound
hff library OK (test fitness: (0.1415394733244273,))
registry: ['circle_area', 'gravity', 'coulomb', 'pendulum', 'keplers3', 'ideal_gas', 'I_6_2a', 'I_6_2', 'I_6_2b', 'I_8_14', 'I_9_18', 'I_10_7', 'I_11_19', 'I_12_1', 'I_12_2', 'I_12_4', 'I_12_5', 'I_12_11', 'I_13_4', 'I_13_12', 'I_14_3', 'I_14_4', 'I_15_3x', 'I_15_3t', 'I_15_1', 'I_16_6', 'I_18_4', 'I_18_12', 'I_18_14', 'I_24_6', 'I_25_13', 'I_26_2', 'I_27_6', 'I_29_4', 'I_29_16', 'I_30_3', 'I_30_5', 'I_32_5', 'I_32_17', 'I_34_8', 'I_34_1', 'I_34_14', 'I_34_27', 'I_37_4', 'I_38_12', 'I_39_1', 'I_39_11', 'I_39_22', 'I_40_1', 'I_41_16', 'I_43_16', 'I_43_31', 'I_43_43', 'I_44_4', 'I_47_23', 'I_48_2', 'I_50_26', 'II_2_42', 'II_3_24', 'II_4_23', 'II_6_11', 'II_6_15a', 'II_6_15b', 'II_8_7', 'II_8_31', 'II_10_9', 'II_11_3', 'II_11_17', 'II_11_20', 'II_11_27', 'II_11_28', 'II_13_17', 'II_13_23', 'II_13_34', 'II_15_4', 'II_15_5', 'II_21_32', 'II_24_17', 'II_27_16', 'II_27_18', 'II_34_2a', 'II_34_2', 'II_34_11', 'II_34_29a', 'II_34_29b', 'II_35_18', 'II_35_21', 'II_36_38', 'II_37_1', 'II_38_3', 'II_38_14', 'III_4_32', 'III_4_33', 'III_7_38', 'III_8_54', 'III_9_52', 'III_10_19', 'III_12_43', 'III_13_18', 'III_14_14', 'III_15_12', 'III_15_14', 'III_15_27', 'III_17_37', 'III_19_51', 'III_21_20', 'test_1', 'test_2', 'test_3', 'test_4', 'test_5', 'test_6', 'test_7', 'test_8', 'test_9', 'test_10', 'test_11', 'test_12', 'test_13', 'test_14', 'test_15', 'test_16', 'test_17', 'test_18', 'test_19', 'test_20']
[feynman override] head_length=48 (keep n_genes=3, avgval linker)
Selected problem: I_39_11
  Description : Feynman I-III I.39.11: E_n = 1/(gamma-1)*pr*V
  Variables   : ['gamma', 'pr', 'V']
  Train range : {'gamma': (2.0, 5.0), 'pr': (1.0, 5.0), 'V': (1.0, 5.0)}
  Extrap range: {'gamma': (2.0, 7.5), 'pr': (1.0, 7.5), 'V': (1.0, 7.5)}
  Truth       : 1/(gamma-1)*pr*V
  ✓ cache hit  (data/equations/I_39_11, key=c3c4d157f13ffb9f)
  train           (800, 4)  target range=[0.355, 20.51]
  val             (200, 4)  target range=[0.4164, 20.53]
  holdout         (200, 4)  target range=[0.4295, 17.4]
  extrapolation   (200, 4)  target range=[0.5823, 36.58]
  saved figure → data/figures/I_39_11/eda_pairplot.png
Wide primitive set enabled: sin, cos, exp, log added.
[E22 rules] variable pattern tags: {'no_pattern'}
[E22/23 rules] static candidate count: 1
  [sum_sq_all/sum_sq] a=0.0928 b=8.1525e-01 1-R²_va=8.9054e-01
[fuller] denoise + snap IN THE JOIN (every gene, every generation, K=8); mutation operators: physics=0.2 concretize=0.05
Wrapper scope: per_island  (island → wrapper map: ['identity', 'identity'])
[wgpu] process pool disabled — Metal cannot survive fork(); the population is evaluated in one dispatch instead
Genes: head_length=48, n_genes=3, rnc_array_length=10
Population: (per-island, see below), elites: 2, generations: 400, migration FREQ: 30
  pump per-island sizes: intake=100 (tournsize=8), champion=50 (tournsize=5)
Initialising evolution at 2026-09-19 03:56:41.558201
 gen  deme   evals     min fitness          mse_tr          mse_va         max_err      mse_extrap  one_minus_r2_tr  one_minus_r2_va
   0     0     100    0.0668875712      2.08749219      2.29681548      5.70951891      23.7016769     0.248920703     0.190909872
   0     1      50     0.164213756      2.41045317      3.99126544      11.6902362      14.9870197     0.287431828     0.331751498
          wgpu 1d 358g 320c x3w 9ms | egraph 187g->170v+0snap 56ms | graft 81 (-236n, 0 snap) cpu 0 | f64 33 | gen 0.0s | dropped inexpr 2 oversz 0 unbuild 0 {}
Extending evolution: gen 1 → 400 (+400 generations)
   1     0     100    0.0174495209     0.830283967      1.15685487      5.72509916      4.92731791    0.0990062954    0.0961570563
   1     1      50    0.0279638702      1.61510898      2.71987735      9.85037509      11.9874612     0.192591888     0.226074511
          wgpu 1d 237g 312c x3w 4ms | egraph 86g->166v+0snap 17ms | graft 57 (-216n, 0 snap) cpu 0 | f64 26 | gen 0.5s | dropped inexpr 6 oversz 0 unbuild 0 {}
   2     0     100    0.0174495209     0.830283967      1.15685487      5.72509916      4.92731791    0.0990062954    0.0961570563
   2     1      50    0.0279638702      1.61510898      2.71987735      9.85037509      11.9874612     0.192591888     0.226074511
          wgpu 1d 198g 305c x3w 4ms | egraph 83g->159v+0snap 11ms | graft 68 (-186n, 0 snap) cpu 0 | f64 31 | gen 0.2s
   3     0     100               0     0.496827556     0.706439206      3.92089515      3.00278933    0.0592436537    0.0587187869
   3     1      50   0.00816416337     0.966301806      1.55034202      6.94747574      9.73202439     0.115225593     0.128863463
          wgpu 1d 235g 396c x3w 4ms | egraph 92g->250v+0snap 13ms | graft 74 (-240n, 0 snap) cpu 0 | f64 20 | gen 0.2s
   4     0     100               0     0.496827556     0.706439206      3.92089515      3.00278933    0.0592436537    0.0587187869
   4     1      50   0.00816416337     0.966301806      1.55034202      6.94747574      9.73202439     0.115225593     0.128863463
          wgpu 1d 200g 327c x3w 4ms | egraph 69g->181v+0snap 10ms | graft 60 (-156n, 0 snap) cpu 0 | f64 23 | gen 0.2s | dropped inexpr 1 oversz 0 unbuild 0 {}
   5     0     100               0     0.496827556     0.706439206      3.92089515      3.00278933    0.0592436537    0.0587187869
   5     1      50   0.00816416337     0.966301806      1.55034202      6.94747574      9.73202439     0.115225593     0.128863463
          wgpu 1d 174g 243c x3w 4ms | egraph 73g->97v+0snap 14ms | graft 39 (-107n, 0 snap) cpu 0 | f64 20 | gen 0.2s | dropped inexpr 2 oversz 0 unbuild 0 {}
   6     0     100               0     0.496827556     0.706439206      3.92089515      3.00278933    0.0592436537    0.0587187869
   6     1      50   0.00816416337     0.966301806      1.55034202      6.94747574      9.73202439     0.115225593     0.128863463
          wgpu 1d 215g 285c x3w 4ms | egraph 72g->138v+1snap 12ms | graft 49 (-173n, 0 snap) cpu 0 | f64 22 | gen 0.2s
   7     0     100               0     0.496827556     0.706439206      3.92089515      3.00278933    0.0592436537    0.0587187869
   7     1      50   0.00816416337     0.966301806      1.55034202      6.94747574      9.73202439     0.115225593     0.128863463
          wgpu 1d 190g 274c x3w 4ms | egraph 64g->126v+2snap 11ms | graft 49 (-126n, 2 snap) cpu 0 | f64 20 | gen 0.2s | dropped inexpr 1 oversz 0 unbuild 0 {}
   8     0     100               0     0.496827556     0.706439206      3.92089515      3.00278933    0.0592436537    0.0587187869
   8     1      50   0.00816416337     0.966301806      1.55034202      6.94747574      9.73202439     0.115225593     0.128863463
          wgpu 1d 202g 286c x3w 4ms | egraph 71g->139v+1snap 11ms | graft 51 (-150n, 1 snap) cpu 0 | f64 20 | gen 0.2s
   9     0     100               0     0.496827556     0.706439206      3.92089515      3.00278933    0.0592436537    0.0587187869
   9     1      50   0.00816416337     0.966301806      1.55034202      6.94747574      9.73202439     0.115225593     0.128863463
          wgpu 1d 210g 253c x3w 4ms | egraph 65g->106v+1snap 12ms | graft 48 (-130n, 1 snap) cpu 0 | f64 20 | gen 0.2s | dropped inexpr 3 oversz 0 unbuild 0 {}
  10     0     100               0     0.496827556     0.706439206      3.92089515      3.00278933    0.0592436537    0.0587187869
  10     1      50   0.00816416337     0.966301806      1.55034202      6.94747574      9.73202439     0.115225593     0.128863463
          wgpu 1d 188g 254c x3w 4ms | egraph 58g->108v+0snap 9ms | graft 44 (-120n, 0 snap) cpu 0 | f64 20 | gen 0.2s | dropped inexpr 2 oversz 0 unbuild 0 {}
--------- pump migration: intra (promote-2 + intake-reset) ---------
  11     0     100               0     0.496827556     0.706439206      3.92089515      3.00278933    0.0592436537    0.0587187869
  11     1      50               0     0.496827556     0.706439206      3.92089515      3.00278933    0.0592436537    0.0587187869
          wgpu 2d 525g 531c x3w 9ms | egraph 201g->295v+10snap 30ms | graft 109 (-363n, 5 snap) cpu 0 | f64 30 | gen 0.2s | dropped inexpr 1 oversz 0 unbuild 0 {}
  12     0     100               0     0.496827556     0.706439206      3.92089515      3.00278933    0.0592436537    0.0587187869
  12     1      50               0     0.496827556     0.706439206      3.92089515      3.00278933    0.0592436537    0.0587187869
          wgpu 1d 226g 276c x3w 4ms | egraph 65g->128v+2snap 10ms | graft 54 (-162n, 1 snap) cpu 0 | f64 20 | gen 0.2s
  13     0     100               0     0.496827556     0.706439206      3.92089515      3.00278933    0.0592436537    0.0587187869
  13     1      50               0     0.496827556     0.706439206      3.92089515      3.00278933    0.0592436537    0.0587187869
          wgpu 1d 170g 217c x3w 4ms | egraph 46g->71v+0snap 7ms | graft 26 (-89n, 0 snap) cpu 0 | f64 20 | gen 0.2s
  14     0     100               0     0.496827556     0.706439206      3.92089515      3.00278933    0.0592436537    0.0587187869
  14     1      50               0     0.266271867     0.361776885      2.62625313      1.83220452    0.0317512949    0.0300706694
          wgpu 1d 185g 217c x3w 4ms | egraph 48g->71v+0snap 10ms | graft 29 (-100n, 0 snap) cpu 0 | f64 20 | gen 0.2s | dropped inexpr 1 oversz 0 unbuild 0 {}
  15     0     100               0     0.496827556     0.706439206      3.92089515      3.00278933    0.0592436537    0.0587187869
  15     1      50               0     0.496827556     0.706439206      3.92089515      3.00278933    0.0592436537    0.0587187869
          wgpu 1d 172g 223c x3w 4ms | egraph 46g->77v+0snap 7ms | graft 39 (-105n, 0 snap) cpu 0 | f64 22 | gen 0.2s
  16     0     100               0     0.175122638     0.166198667      1.27082367      1.32141365    0.0208823058    0.0138143297
  16     1      50               0     0.496827556     0.706439206      3.92089515      3.00278933    0.0592436537    0.0587187869
          wgpu 1d 136g 205c x3w 3ms | egraph 38g->59v+0snap 8ms | graft 31 (-99n, 0 snap) cpu 0 | f64 20 | gen 0.2s
  17     0     100               0     0.175122638     0.166198667      1.27082367      1.32141365    0.0208823058    0.0138143297
  17     1      50               0     0.496827556     0.706439206      3.92089515      3.00278933    0.0592436537    0.0587187869
          wgpu 1d 150g 220c x3w 3ms | egraph 39g->74v+0snap 6ms | graft 31 (-104n, 0 snap) cpu 0 | f64 26 | gen 0.2s
  18     0     100               0     0.175122639     0.166198622      1.27082222      1.32141373    0.0208823059     0.013814326
  18     1      50               0     0.496827556     0.706439206      3.92089515      3.00278933    0.0592436537    0.0587187869
          wgpu 1d 163g 233c x3w 4ms | egraph 46g->87v+0snap 8ms | graft 36 (-123n, 0 snap) cpu 0 | f64 26 | gen 0.2s
  19     0     100               0     0.175122638     0.166198667      1.27082367      1.32141365    0.0208823058    0.0138143297
  19     1      50               0     0.266271867     0.361776885      2.62625313      1.83220452    0.0317512949    0.0300706694
          wgpu 1d 187g 232c x3w 4ms | egraph 46g->86v+0snap 8ms | graft 31 (-103n, 0 snap) cpu 0 | f64 20 | gen 0.2s
  20     0     100               0     0.175122639     0.166198622      1.27082222      1.32141373    0.0208823059     0.013814326
  20     1      50               0     0.496827556     0.706439206      3.92089515      3.00278933    0.0592436537    0.0587187869
          wgpu 1d 151g 207c x3w 3ms | egraph 37g->61v+0snap 7ms | graft 37 (-129n, 0 snap) cpu 0 | f64 20 | gen 0.3s
--------- pump migration: intra (promote-2 + intake-reset) ---------
  21     0     100               0     0.175122637     0.166198628      1.27082229      1.32141376    0.0208823056    0.0138143265
  21     1      50               0     0.496827556     0.706439206      3.92089515      3.00278933    0.0592436537    0.0587187869
          wgpu 2d 352g 369c x3w 7ms | egraph 115g->143v+0snap 25ms | graft 67 (-204n, 0 snap) cpu 0 | f64 30 | gen 0.1s | dropped inexpr 2 oversz 0 unbuild 0 {}
  22     0     100               0     0.175122639     0.166198622      1.27082222      1.32141373    0.0208823059     0.013814326
  22     1      50               0     0.175122638     0.166198667      1.27082367      1.32141365    0.0208823058    0.0138143297
          wgpu 1d 121g 194c x3w 3ms | egraph 30g->48v+0snap 6ms | graft 24 (-77n, 0 snap) cpu 0 | f64 20 | gen 0.2s
  23     0     100               0     0.175122639     0.166198622      1.27082222      1.32141373    0.0208823059     0.013814326
  23     1      50               0     0.175122638     0.166198667      1.27082367      1.32141365    0.0208823058    0.0138143297
          wgpu 1d 95g 178c x3w 3ms | egraph 25g->32v+0snap 5ms | graft 16 (-33n, 0 snap) cpu 0 | f64 20 | gen 0.1s
  24     0     100               0     0.175122639     0.166198622      1.27082222      1.32141373    0.0208823059     0.013814326
  24     1      50               0     0.175122638     0.166198667      1.27082367      1.32141365    0.0208823058    0.0138143297
          wgpu 1d 110g 188c x3w 3ms | egraph 25g->42v+0snap 8ms | graft 20 (-71n, 0 snap) cpu 0 | f64 20 | gen 0.1s
  25     0     100               0     0.175122639     0.166198622      1.27082222      1.32141373    0.0208823059     0.013814326
  25     1      50               0     0.175122638     0.166198667      1.27082367      1.32141365    0.0208823058    0.0138143297
          wgpu 1d 100g 181c x3w 3ms | egraph 26g->35v+0snap 6ms | graft 18 (-62n, 0 snap) cpu 0 | f64 20 | gen 0.1s
  26     0     100               0     0.175122639     0.166198622      1.27082222      1.32141373    0.0208823059     0.013814326
  26     1      50               0     0.175122639     0.166198622      1.27082222      1.32141373    0.0208823059     0.013814326
          wgpu 1d 107g 187c x3w 3ms | egraph 25g->41v+0snap 6ms | graft 20 (-68n, 0 snap) cpu 0 | f64 20 | gen 0.1s
  27     0     100               0     0.175122639     0.166198622      1.27082222      1.32141373    0.0208823059     0.013814326
  27     1      50               0     0.175122638     0.166198667      1.27082367      1.32141365    0.0208823058    0.0138143297
          wgpu 1d 107g 179c x3w 4ms | egraph 29g->33v+0snap 6ms | graft 18 (-43n, 0 snap) cpu 0 | f64 20 | gen 0.1s
  28     0     100               0     0.175122639     0.166198622      1.27082222      1.32141373    0.0208823059     0.013814326
  28     1      50               0     0.175122638     0.166198667      1.27082367      1.32141365    0.0208823058    0.0138143297
          wgpu 1d 109g 188c x3w 3ms | egraph 21g->42v+0snap 4ms | graft 22 (-64n, 0 snap) cpu 0 | f64 20 | gen 0.1s
  29     0     100               0     0.175122639     0.166198622      1.27082222      1.32141373    0.0208823059     0.013814326
  29     1      50               0     0.175122638     0.166198667      1.27082367      1.32141365    0.0208823058    0.0138143297
          wgpu 1d 92g 178c x3w 3ms | egraph 23g->32v+0snap 5ms | graft 15 (-57n, 0 snap) cpu 0 | f64 20 | gen 0.1s
  30     0     100               0     0.175122639     0.166198622      1.27082222      1.32141373    0.0208823059     0.013814326
  30     1      50               0     0.175122638     0.166198667      1.27082367      1.32141365    0.0208823058    0.0138143297
          wgpu 1d 103g 183c x3w 3ms | egraph 20g->37v+0snap 5ms | graft 16 (-39n, 0 snap) cpu 0 | f64 20 | gen 0.2s
--------- pump migration: intra (promote-2 + intake-reset) ---------
  31     0     100               0     0.175122639     0.166198622      1.27082222      1.32141373    0.0208823059     0.013814326
  31     1      50               0     0.175122638     0.166198667      1.27082367      1.32141365    0.0208823058    0.0138143297
          wgpu 2d 299g 374c x3w 7ms | egraph 99g->148v+0snap 17ms | graft 64 (-196n, 0 snap) cpu 0 | f64 30 | gen 0.1s | dropped inexpr 2 oversz 0 unbuild 0 {}
  32     0     100               0     0.175122639     0.166198622      1.27082222      1.32141373    0.0208823059     0.013814326
  32     1      50               0     0.175122638     0.166198667      1.27082367      1.32141365    0.0208823058    0.0138143297
          wgpu 1d 106g 179c x3w 3ms | egraph 26g->33v+0snap 8ms | graft 16 (-43n, 0 snap) cpu 0 | f64 20 | gen 0.1s
  33     0     100               0     0.175122639     0.166198622      1.27082222      1.32141373    0.0208823059     0.013814326
  33     1      50               0     0.175122638     0.166198667      1.27082367      1.32141365    0.0208823058    0.0138143297
          wgpu 1d 84g 172c x3w 3ms | egraph 17g->26v+0snap 4ms | graft 15 (-46n, 0 snap) cpu 0 | f64 20 | gen 0.1s
  34     0     100               0     0.175122639     0.166198622      1.27082222      1.32141373    0.0208823059     0.013814326
  34     1      50               0     0.175122638     0.166198667      1.27082367      1.32141365    0.0208823058    0.0138143297
          wgpu 1d 108g 186c x3w 3ms | egraph 29g->40v+0snap 6ms | graft 24 (-61n, 0 snap) cpu 0 | f64 20 | gen 0.1s
  35     0     100               0     0.175122639     0.166198622      1.27082222      1.32141373    0.0208823059     0.013814326
  35     1      50               0     0.175122638     0.166198667      1.27082367      1.32141365    0.0208823058    0.0138143297
          wgpu 1d 105g 195c x3w 3ms | egraph 20g->49v+0snap 9ms | graft 22 (-75n, 0 snap) cpu 0 | f64 20 | gen 0.1s
  36     0     100               0     0.175122639     0.166198622      1.27082222      1.32141373    0.0208823059     0.013814326
  36     1      50               0     0.175122638     0.166198667      1.27082367      1.32141365    0.0208823058    0.0138143297
          wgpu 1d 120g 189c x3w 3ms | egraph 26g->43v+0snap 5ms | graft 22 (-62n, 0 snap) cpu 0 | f64 20 | gen 0.1s
  37     0     100               0     0.175122638     0.166198667      1.27082367      1.32141365    0.0208823058    0.0138143297
  37     1      50               0     0.175122639     0.166198622      1.27082222      1.32141373    0.0208823059     0.013814326
          wgpu 1d 93g 179c x3w 3ms | egraph 16g->33v+0snap 4ms | graft 19 (-45n, 0 snap) cpu 0 | f64 20 | gen 0.1s
  38     0     100               0     0.175122639     0.166198622      1.27082222      1.32141373    0.0208823059     0.013814326
  38     1      50               0     0.175122639     0.166198622      1.27082222      1.32141373    0.0208823059     0.013814326
          wgpu 1d 108g 195c x3w 4ms | egraph 26g->49v+0snap 5ms | graft 26 (-83n, 0 snap) cpu 0 | f64 20 | gen 0.1s
  39     0     100               0     0.175122638     0.166198667      1.27082367      1.32141365    0.0208823058    0.0138143297
  39     1      50               0     0.175122639     0.166198622      1.27082222      1.32141373    0.0208823059     0.013814326
          wgpu 1d 123g 195c x3w 3ms | egraph 24g->49v+0snap 8ms | graft 24 (-90n, 0 snap) cpu 0 | f64 20 | gen 0.1s
  40     0     100               0     0.175122638     0.166198667      1.27082367      1.32141365    0.0208823058    0.0138143297
  40     1      50               0     0.175122639     0.166198622      1.27082222      1.32141373    0.0208823059     0.013814326
          wgpu 1d 103g 180c x3w 3ms | egraph 28g->34v+0snap 5ms | graft 23 (-62n, 0 snap) cpu 0 | f64 20 | gen 0.1s
--------- pump migration: intra (promote-2 + intake-reset) ---------
  41     0     100               0     0.175122638     0.166198667      1.27082367      1.32141365    0.0208823058    0.0138143297
  41     1      50               0     0.175122638     0.166198667      1.27082367      1.32141365    0.0208823058    0.0138143297
          wgpu 2d 364g 388c x3w 8ms | egraph 125g->162v+0snap 19ms | graft 71 (-233n, 0 snap) cpu 0 | f64 30 | gen 0.1s | dropped inexpr 11 oversz 0 unbuild 0 {}
  42     0     100               0     0.175122638     0.166198667      1.27082367      1.32141365    0.0208823058    0.0138143297
  42     1      50               0     0.175122639     0.166198622      1.27082222      1.32141373    0.0208823059     0.013814326
          wgpu 1d 95g 185c x3w 3ms | egraph 22g->39v+0snap 4ms | graft 24 (-75n, 0 snap) cpu 0 | f64 20 | gen 0.1s | dropped inexpr 1 oversz 0 unbuild 0 {}
  43     0     100               0     0.175122638     0.166198667      1.27082367      1.32141365    0.0208823058    0.0138143297
  43     1      50               0     0.175122639     0.166198622      1.27082222      1.32141373    0.0208823059     0.013814326
          wgpu 1d 102g 185c x3w 3ms | egraph 15g->39v+0snap 3ms | graft 28 (-73n, 0 snap) cpu 0 | f64 20 | gen 0.1s
  44     0     100               0     0.175122639     0.166198622      1.27082222      1.32141373    0.0208823059     0.013814326
  44     1      50               0     0.175122638     0.166198667      1.27082367      1.32141365    0.0208823058    0.0138143297
          wgpu 1d 93g 185c x3w 3ms | egraph 21g->39v+0snap 5ms | graft 19 (-54n, 0 snap) cpu 0 | f64 20 | gen 0.1s
  45     0     100               0     0.175122639     0.166198622      1.27082222      1.32141373    0.0208823059     0.013814326
  45     1      50               0     0.175122638     0.166198667      1.27082367      1.32141365    0.0208823058    0.0138143297
          wgpu 1d 106g 188c x3w 3ms | egraph 20g->42v+0snap 5ms | graft 23 (-61n, 0 snap) cpu 0 | f64 20 | gen 0.2s
  46     0     100               0     0.175122638     0.166198667      1.27082367      1.32141365    0.0208823058    0.0138143297
  46     1      50               0     0.175122638     0.166198667      1.27082367      1.32141365    0.0208823058    0.0138143297
          wgpu 1d 105g 191c x3w 3ms | egraph 21g->45v+0snap 7ms | graft 23 (-68n, 0 snap) cpu 0 | f64 20 | gen 0.1s | dropped inexpr 1 oversz 0 unbuild 0 {}
  47     0     100               0     0.175122638     0.166198667      1.27082367      1.32141365    0.0208823058    0.0138143297
  47     1      50               0     0.175122638     0.166198667      1.27082367      1.32141365    0.0208823058    0.0138143297
          wgpu 1d 101g 188c x3w 3ms | egraph 22g->42v+0snap 5ms | graft 23 (-58n, 0 snap) cpu 0 | f64 20 | gen 0.1s
  48     0     100               0     0.175122639     0.166198622      1.27082222      1.32141373    0.0208823059     0.013814326
  48     1      50               0     0.175122639     0.166198622      1.27082222      1.32141373    0.0208823059     0.013814326
          wgpu 1d 117g 195c x3w 3ms | egraph 27g->49v+0snap 5ms | graft 29 (-99n, 0 snap) cpu 0 | f64 20 | gen 0.1s
  49     0     100               0     0.175122639     0.166198622      1.27082222      1.32141373    0.0208823059     0.013814326
  49     1      50               0     0.175122638     0.166198667      1.27082367      1.32141365    0.0208823058    0.0138143297
          wgpu 1d 99g 181c x3w 3ms | egraph 18g->35v+0snap 4ms | graft 21 (-51n, 0 snap) cpu 0 | f64 20 | gen 0.1s
  50     0     100               0     0.175122639     0.166198622      1.27082222      1.32141373    0.0208823059     0.013814326
  50     1      50               0     0.175122638     0.166198667      1.27082367      1.32141365    0.0208823058    0.0138143297
          wgpu 1d 93g 185c x3w 3ms | egraph 18g->39v+0snap 4ms | graft 23 (-76n, 0 snap) cpu 0 | f64 20 | gen 0.1s
--------- pump migration: intra (promote-2 + intake-reset) ---------
  51     0     100               0     0.175122638     0.166198667      1.27082367      1.32141365    0.0208823058    0.0138143297
  51     1      50               0     0.175122639     0.166198622      1.27082222      1.32141373    0.0208823059     0.013814326
          wgpu 2d 360g 397c x3w 7ms | egraph 112g->171v+0snap 21ms | graft 80 (-261n, 0 snap) cpu 0 | f64 30 | gen 0.1s | dropped inexpr 6 oversz 0 unbuild 0 {}
  52     0     100               0     0.175122638     0.166198667      1.27082367      1.32141365    0.0208823058    0.0138143297
  52     1      50               0     0.175122638     0.166198667      1.27082367      1.32141365    0.0208823058    0.0138143297
          wgpu 1d 109g 192c x3w 3ms | egraph 21g->46v+0snap 4ms | graft 27 (-73n, 0 snap) cpu 0 | f64 20 | gen 0.1s | dropped inexpr 1 oversz 0 unbuild 0 {}
  53     0     100               0     0.175122638     0.166198667      1.27082367      1.32141365    0.0208823058    0.0138143297
  53     1      50               0     0.175122638     0.166198667      1.27082367      1.32141365    0.0208823058    0.0138143297
          wgpu 1d 115g 185c x3w 3ms | egraph 25g->39v+0snap 4ms | graft 24 (-59n, 0 snap) cpu 0 | f64 20 | gen 0.1s
  54     0     100               0     0.175122639     0.166198622      1.27082222      1.32141373    0.0208823059     0.013814326
  54     1      50               0     0.175122638     0.166198667      1.27082367      1.32141365    0.0208823058    0.0138143297
          wgpu 1d 95g 180c x3w 3ms | egraph 20g->34v+0snap 3ms | graft 21 (-75n, 0 snap) cpu 0 | f64 20 | gen 0.1s
  55     0     100               0     0.175122639     0.166198622      1.27082222      1.32141373    0.0208823059     0.013814326
  55     1      50               0     0.175122639     0.166198622      1.27082222      1.32141373    0.0208823059     0.013814326
          wgpu 1d 110g 186c x3w 3ms | egraph 25g->40v+0snap 4ms | graft 22 (-51n, 0 snap) cpu 0 | f64 20 | gen 0.1s | dropped inexpr 2 oversz 0 unbuild 0 {}
  56     0     100               0     0.175122639     0.166198622      1.27082222      1.32141373    0.0208823059     0.013814326
  56     1      50               0     0.175122638     0.166198667      1.27082367      1.32141365    0.0208823058    0.0138143297
          wgpu 1d 88g 181c x3w 3ms | egraph 17g->35v+0snap 4ms | graft 23 (-69n, 0 snap) cpu 0 | f64 20 | gen 0.1s
  57     0     100               0     0.175122639     0.166198622      1.27082222      1.32141373    0.0208823059     0.013814326
  57     1      50               0     0.175122639     0.166198622      1.27082222      1.32141373    0.0208823059     0.013814326
          wgpu 1d 101g 183c x3w 3ms | egraph 16g->37v+0snap 3ms | graft 24 (-66n, 0 snap) cpu 0 | f64 20 | gen 0.1s
  58     0     100               0     0.175122639     0.166198622      1.27082222      1.32141373    0.0208823059     0.013814326
  58     1      50               0     0.175122638     0.166198667      1.27082367      1.32141365    0.0208823058    0.0138143297
          wgpu 1d 110g 193c x3w 3ms | egraph 22g->47v+0snap 4ms | graft 27 (-88n, 0 snap) cpu 0 | f64 20 | gen 0.1s | dropped inexpr 1 oversz 0 unbuild 0 {}
  59     0     100               0     0.175122639     0.166198622      1.27082222      1.32141373    0.0208823059     0.013814326
  59     1      50               0     0.175122638     0.166198667      1.27082367      1.32141365    0.0208823058    0.0138143297
          wgpu 1d 108g 188c x3w 3ms | egraph 18g->42v+0snap 3ms | graft 30 (-79n, 0 snap) cpu 0 | f64 20 | gen 0.1s
  60     0     100               0     0.175122639     0.166198622      1.27082222      1.32141373    0.0208823059     0.013814326
  60     1      50               0     0.175122639     0.166198622      1.27082222      1.32141373    0.0208823059     0.013814326
          wgpu 1d 106g 186c x3w 3ms | egraph 26g->40v+0snap 8ms | graft 22 (-81n, 0 snap) cpu 0 | f64 20 | gen 0.1s
--------- pump migration: intra (promote-2 + intake-reset) + cross ---------
  61     0     100               0      1.22968329      1.76749336      7.76633463      9.45953766     0.146632227     0.146912948
  61     1      50               0     0.175122639     0.166198622      1.27082222      1.32141373    0.0208823059     0.013814326
          wgpu 2d 336g 399c x3w 7ms | egraph 106g->173v+0snap 17ms | graft 78 (-275n, 0 snap) cpu 0 | f64 30 | gen 0.2s | dropped inexpr 4 oversz 0 unbuild 0 {}
  62     0     100               0      1.22968329      1.76749336      7.76633463      9.45953766     0.146632227     0.146912948
  62     1      50               0     0.175122639     0.166198622      1.27082222      1.32141373    0.0208823059     0.013814326
          wgpu 1d 105g 229c x3w 3ms | egraph 33g->83v+0snap 5ms | graft 18 (-53n, 0 snap) cpu 0 | f64 20 | gen 0.1s
  63     0     100               0     0.175122638     0.166198667      1.27082367      1.32141365    0.0208823058    0.0138143297
  63     1      50               0     0.175122639     0.166198622      1.27082222      1.32141373    0.0208823059     0.013814326
          wgpu 1d 123g 214c x3w 3ms | egraph 27g->68v+0snap 5ms | graft 27 (-97n, 0 snap) cpu 0 | f64 20 | gen 0.1s
  64     0     100               0     0.175122638     0.166198667      1.27082367      1.32141365    0.0208823058    0.0138143297
  64     1      50               0     0.175122639     0.166198622      1.27082222      1.32141373    0.0208823059     0.013814326
          wgpu 1d 99g 181c x3w 3ms | egraph 19g->35v+0snap 4ms | graft 21 (-63n, 0 snap) cpu 0 | f64 20 | gen 0.1s
  65     0     100               0     0.175122638     0.166198667      1.27082367      1.32141365    0.0208823058    0.0138143297
  65     1      50               0     0.175122638     0.166198667      1.27082367      1.32141365    0.0208823058    0.0138143297
          wgpu 1d 102g 184c x3w 3ms | egraph 15g->38v+0snap 3ms | graft 23 (-63n, 0 snap) cpu 0 | f64 20 | gen 0.1s
  66     0     100               0     0.175122638     0.166198667      1.27082367      1.32141365    0.0208823058    0.0138143297
  66     1      50               0     0.175122638     0.166198667      1.27082367      1.32141365    0.0208823058    0.0138143297
          wgpu 1d 117g 194c x3w 3ms | egraph 19g->48v+0snap 38ms | graft 25 (-65n, 0 snap) cpu 0 | f64 20 | gen 0.1s
  67     0     100               0     0.175122638     0.166198667      1.27082367      1.32141365    0.0208823058    0.0138143297
  67     1      50               0     0.175122638     0.166198667      1.27082367      1.32141365    0.0208823058    0.0138143297
          wgpu 1d 106g 188c x3w 3ms | egraph 26g->42v+0snap 4ms | graft 25 (-78n, 0 snap) cpu 0 | f64 20 | gen 0.1s
  68     0     100               0     0.175122638     0.166198667      1.27082367      1.32141365    0.0208823058    0.0138143297
  68     1      50               0     0.175122638     0.166198667      1.27082367      1.32141365    0.0208823058    0.0138143297
          wgpu 1d 89g 182c x3w 3ms | egraph 18g->36v+0snap 5ms | graft 16 (-50n, 0 snap) cpu 0 | f64 20 | gen 0.1s | dropped inexpr 1 oversz 0 unbuild 0 {}
  69     0     100               0     0.175122639     0.166198622      1.27082222      1.32141373    0.0208823059     0.013814326
  69     1      50               0     0.175122639     0.166198622      1.27082222      1.32141373    0.0208823059     0.013814326
          wgpu 1d 110g 186c x3w 3ms | egraph 26g->40v+0snap 5ms | graft 27 (-70n, 0 snap) cpu 0 | f64 20 | gen 0.1s
  70     0     100               0     0.175122639     0.166198622      1.27082222      1.32141373    0.0208823059     0.013814326
  70     1      50               0     0.175122639     0.166198622      1.27082222      1.32141373    0.0208823059     0.013814326
          wgpu 1d 111g 201c x3w 3ms | egraph 24g->55v+0snap 12ms | graft 29 (-99n, 0 snap) cpu 0 | f64 20 | gen 0.2s
--------- pump migration: intra (promote-2 + intake-reset) ---------
  71     0     100               0     0.175122639     0.166198622      1.27082222      1.32141373    0.0208823059     0.013814326
  71     1      50               0     0.175122639     0.166198622      1.27082222      1.32141373    0.0208823059     0.013814326
          wgpu 2d 318g 369c x3w 7ms | egraph 95g->143v+0snap 16ms | graft 69 (-236n, 0 snap) cpu 0 | f64 30 | gen 0.1s | dropped inexpr 3 oversz 0 unbuild 0 {}
  72     0     100               0     0.175122639     0.166198622      1.27082222      1.32141373    0.0208823059     0.013814326
  72     1      50               0     0.175122639     0.166198622      1.27082222      1.32141373    0.0208823059     0.013814326
          wgpu 1d 101g 187c x3w 3ms | egraph 14g->41v+0snap 3ms | graft 20 (-73n, 0 snap) cpu 0 | f64 20 | gen 0.1s
  73     0     100               0     0.175122639     0.166198622      1.27082222      1.32141373    0.0208823059     0.013814326
  73     1      50               0     0.175122638     0.166198667      1.27082367      1.32141365    0.0208823058    0.0138143297
          wgpu 1d 100g 182c x3w 3ms | egraph 10g->36v+0snap 3ms | graft 21 (-55n, 0 snap) cpu 0 | f64 20 | gen 0.1s
  74     0     100               0     0.175122639     0.166198622      1.27082222      1.32141373    0.0208823059     0.013814326
  74     1      50               0     0.175122638     0.166198667      1.27082367      1.32141365    0.0208823058    0.0138143297
          wgpu 1d 111g 185c x3w 3ms | egraph 19g->39v+0snap 4ms | graft 30 (-78n, 0 snap) cpu 0 | f64 20 | gen 0.1s | dropped inexpr 1 oversz 0 unbuild 0 {}
  75     0     100               0     0.175122639     0.166198622      1.27082222      1.32141373    0.0208823059     0.013814326
  75     1      50               0     0.175122638     0.166198667      1.27082367      1.32141365    0.0208823058    0.0138143297
          wgpu 1d 115g 188c x3w 3ms | egraph 24g->42v+0snap 8ms | graft 25 (-59n, 0 snap) cpu 0 | f64 20 | gen 0.1s
  76     0     100               0     0.175122639     0.166198622      1.27082222      1.32141373    0.0208823059     0.013814326
  76     1      50               0     0.175122638     0.166198667      1.27082367      1.32141365    0.0208823058    0.0138143297
          wgpu 1d 110g 184c x3w 3ms | egraph 21g->38v+0snap 5ms | graft 25 (-81n, 0 snap) cpu 0 | f64 20 | gen 0.2s
  77     0     100               0     0.175122639     0.166198622      1.27082222      1.32141373    0.0208823059     0.013814326
  77     1      50               0     0.175122638     0.166198667      1.27082367      1.32141365    0.0208823058    0.0138143297
          wgpu 1d 117g 190c x3w 3ms | egraph 25g->44v+0snap 5ms | graft 28 (-69n, 0 snap) cpu 0 | f64 20 | gen 0.2s
  78     0     100               0     0.175122639     0.166198622      1.27082222      1.32141373    0.0208823059     0.013814326
  78     1      50               0     0.175122638     0.166198667      1.27082367      1.32141365    0.0208823058    0.0138143297
          wgpu 1d 104g 182c x3w 3ms | egraph 16g->36v+0snap 3ms | graft 25 (-63n, 0 snap) cpu 0 | f64 20 | gen 0.1s
  79     0     100               0     0.175122639     0.166198622      1.27082222      1.32141373    0.0208823059     0.013814326
  79     1      50               0     0.175122638     0.166198667      1.27082367      1.32141365    0.0208823058    0.0138143297
          wgpu 1d 117g 182c x3w 3ms | egraph 26g->36v+0snap 5ms | graft 25 (-58n, 0 snap) cpu 0 | f64 20 | gen 0.1s
  80     0     100               0     0.175122639     0.166198622      1.27082222      1.32141373    0.0208823059     0.013814326
  80     1      50               0     0.175122638     0.166198667      1.27082367      1.32141365    0.0208823058    0.0138143297
          wgpu 1d 106g 182c x3w 3ms | egraph 20g->36v+0snap 4ms | graft 18 (-57n, 0 snap) cpu 0 | f64 20 | gen 0.1s
--------- pump migration: intra (promote-2 + intake-reset) ---------
  81     0     100               0     0.175122639     0.166198622      1.27082222      1.32141373    0.0208823059     0.013814326
  81     1      50               0     0.175122638     0.166198667      1.27082367      1.32141365    0.0208823058    0.0138143297
          wgpu 2d 319g 382c x3w 7ms | egraph 88g->156v+0snap 18ms | graft 66 (-296n, 0 snap) cpu 0 | f64 30 | gen 0.1s | dropped inexpr 2 oversz 0 unbuild 0 {}
  82     0     100               0     0.175122638     0.166198667      1.27082367      1.32141365    0.0208823058    0.0138143297
  82     1      50               0     0.175122634     0.166198617      1.27082221      1.32141369    0.0208823052    0.0138143255
          wgpu 1d 108g 184c x3w 3ms | egraph 23g->38v+0snap 4ms | graft 25 (-72n, 0 snap) cpu 0 | f64 20 | gen 0.1s | dropped inexpr 1 oversz 0 unbuild 0 {}
  83     0     100               0     0.175122639     0.166198622      1.27082222      1.32141373    0.0208823059     0.013814326
  83     1      50               0     0.175122634     0.166198617      1.27082221      1.32141369    0.0208823052    0.0138143255
          wgpu 1d 119g 196c x3w 3ms | egraph 21g->50v+0snap 5ms | graft 27 (-96n, 0 snap) cpu 0 | f64 20 | gen 0.2s
  84     0     100               0     0.175122639     0.166198622      1.27082222      1.32141373    0.0208823059     0.013814326
  84     1      50               0     0.175122638     0.166198667      1.27082367      1.32141365    0.0208823058    0.0138143297
          wgpu 1d 110g 187c x3w 3ms | egraph 25g->41v+0snap 4ms | graft 24 (-79n, 0 snap) cpu 0 | f64 20 | gen 0.1s
  85     0     100               0     0.175122639     0.166198622      1.27082222      1.32141373    0.0208823059     0.013814326
  85     1      50               0     0.175122638     0.166198667      1.27082367      1.32141365    0.0208823058    0.0138143297
          wgpu 1d 103g 183c x3w 3ms | egraph 17g->37v+0snap 4ms | graft 22 (-58n, 0 snap) cpu 0 | f64 20 | gen 0.1s | dropped inexpr 2 oversz 0 unbuild 0 {}
  86     0     100               0     0.175122639     0.166198622      1.27082222      1.32141373    0.0208823059     0.013814326
  86     1      50               0     0.175122634     0.166198617      1.27082221      1.32141369    0.0208823052    0.0138143255
          wgpu 1d 90g 172c x3w 3ms | egraph 16g->26v+0snap 3ms | graft 15 (-47n, 0 snap) cpu 0 | f64 20 | gen 0.1s | dropped inexpr 1 oversz 0 unbuild 0 {}
  87     0     100               0     0.175122639     0.166198622      1.27082222      1.32141373    0.0208823059     0.013814326
  87     1      50               0     0.175122638     0.166198667      1.27082367      1.32141365    0.0208823058    0.0138143297
          wgpu 1d 107g 184c x3w 3ms | egraph 20g->38v+0snap 5ms | graft 24 (-86n, 0 snap) cpu 0 | f64 20 | gen 0.1s
  88     0     100               0     0.175122639     0.166198622      1.27082222      1.32141373    0.0208823059     0.013814326
  88     1      50               0     0.175122638     0.166198667      1.27082367      1.32141365    0.0208823058    0.0138143297
          wgpu 1d 125g 195c x3w 3ms | egraph 20g->49v+0snap 5ms | graft 26 (-87n, 0 snap) cpu 0 | f64 20 | gen 0.1s | dropped inexpr 1 oversz 0 unbuild 0 {}
  89     0     100               0     0.175122638     0.166198667      1.27082367      1.32141365    0.0208823058    0.0138143297
  89     1      50               0     0.175122638     0.166198667      1.27082367      1.32141365    0.0208823058    0.0138143297
          wgpu 1d 100g 179c x3w 3ms | egraph 20g->33v+0snap 4ms | graft 21 (-58n, 0 snap) cpu 0 | f64 20 | gen 0.1s | dropped inexpr 1 oversz 0 unbuild 0 {}
  90     0     100               0     0.175122639     0.166198622      1.27082222      1.32141373    0.0208823059     0.013814326
  90     1      50               0     0.175122634     0.166198617      1.27082221      1.32141369    0.0208823052    0.0138143255
          wgpu 1d 126g 193c x3w 3ms | egraph 27g->47v+0snap 5ms | graft 32 (-78n, 0 snap) cpu 0 | f64 20 | gen 0.1s | dropped inexpr 1 oversz 0 unbuild 0 {}
--------- pump migration: intra (promote-2 + intake-reset) + cross ---------
  91     0     100               0     0.175122639     0.166198622      1.27082222      1.32141373    0.0208823059     0.013814326
  91     1      50               0     0.175122638     0.166198667      1.27082367      1.32141365    0.0208823058    0.0138143297
          wgpu 2d 314g 360c x3w 7ms | egraph 89g->134v+0snap 21ms | graft 61 (-211n, 0 snap) cpu 0 | f64 30 | gen 0.1s | dropped inexpr 7 oversz 0 unbuild 0 {}
  92     0     100               0     0.175122639     0.166198622      1.27082222      1.32141373    0.0208823059     0.013814326
  92     1      50               0     0.175122638     0.166198667      1.27082367      1.32141365    0.0208823058    0.0138143297
          wgpu 1d 133g 192c x3w 3ms | egraph 25g->46v+0snap 5ms | graft 31 (-81n, 0 snap) cpu 0 | f64 20 | gen 0.1s | dropped inexpr 2 oversz 0 unbuild 0 {}
  93     0     100               0     0.175122639     0.166198622      1.27082222      1.32141373    0.0208823059     0.013814326
  93     1      50               0     0.175122638     0.166198667      1.27082367      1.32141365    0.0208823058    0.0138143297
          wgpu 1d 94g 176c x3w 3ms | egraph 17g->30v+0snap 4ms | graft 22 (-48n, 0 snap) cpu 0 | f64 20 | gen 0.1s
  94     0     100               0     0.175122639     0.166198622      1.27082222      1.32141373    0.0208823059     0.013814326
  94     1      50               0     0.175122634     0.166198617      1.27082221      1.32141369    0.0208823052    0.0138143255
          wgpu 1d 111g 180c x3w 3ms | egraph 21g->34v+0snap 4ms | graft 25 (-66n, 0 snap) cpu 0 | f64 20 | gen 0.2s
  95     0     100               0     0.175122639     0.166198622      1.27082222      1.32141373    0.0208823059     0.013814326
  95     1      50               0     0.175122634     0.166198617      1.27082221      1.32141369    0.0208823052    0.0138143255
          wgpu 1d 122g 183c x3w 3ms | egraph 24g->37v+0snap 6ms | graft 21 (-69n, 0 snap) cpu 0 | f64 20 | gen 0.2s | dropped inexpr 1 oversz 0 unbuild 0 {}
  96     0     100               0     0.175122639     0.166198622      1.27082222      1.32141373    0.0208823059     0.013814326
  96     1      50               0     0.175122638     0.166198667      1.27082367      1.32141365    0.0208823058    0.0138143297
          wgpu 1d 99g 179c x3w 3ms | egraph 15g->33v+0snap 4ms | graft 25 (-57n, 0 snap) cpu 0 | f64 20 | gen 0.1s
  97     0     100               0     0.175122639     0.166198622      1.27082222      1.32141373    0.0208823059     0.013814326
  97     1      50               0     0.175122638     0.166198667      1.27082367      1.32141365    0.0208823058    0.0138143297
          wgpu 1d 115g 193c x3w 3ms | egraph 19g->47v+0snap 4ms | graft 31 (-81n, 0 snap) cpu 0 | f64 20 | gen 0.1s
  98     0     100               0     0.175122639     0.166198622      1.27082222      1.32141373    0.0208823059     0.013814326
  98     1      50               0     0.175122638     0.166198667      1.27082367      1.32141365    0.0208823058    0.0138143297
          wgpu 1d 124g 200c x3w 3ms | egraph 31g->54v+0snap 6ms | graft 29 (-111n, 0 snap) cpu 0 | f64 20 | gen 0.1s
  99     0     100               0     0.175122639     0.166198622      1.27082222      1.32141373    0.0208823059     0.013814326
  99     1      50               0      0.16410536     0.143992451      1.09108346      1.22160598    0.0195685626    0.0119685628
          wgpu 1d 127g 237c x3w 3ms | egraph 14g->91v+0snap 3ms | graft 33 (-75n, 0 snap) cpu 0 | f64 20 | gen 0.1s
 100     0     100               0     0.175122639     0.166198622      1.27082222      1.32141373    0.0208823059     0.013814326
 100     1      50               0      0.16410536     0.143992451      1.09108346      1.22160598    0.0195685626    0.0119685628
          wgpu 1d 145g 288c x3w 4ms | egraph 27g->142v+0snap 7ms | graft 33 (-119n, 0 snap) cpu 0 | f64 20 | gen 0.2s
--------- pump migration: intra (promote-2 + intake-reset) ---------
 101     0     100               0      2.68721665      3.69802345      7.02708035      294.990396     0.320434184     0.307377407
 101     1      50               0      0.16410536     0.143992451      1.09108346      1.22160598    0.0195685626    0.0119685628
          wgpu 2d 384g 479c x3w 8ms | egraph 129g->253v+0snap 25ms | graft 82 (-338n, 0 snap) cpu 0 | f64 30 | gen 0.1s | dropped inexpr 11 oversz 0 unbuild 0 {}
 102     0     100               0      2.68721665      3.69802345      7.02708035      294.990396     0.320434184     0.307377407
 102     1      50               0      0.16410536     0.143992451      1.09108346      1.22160598    0.0195685626    0.0119685628
          wgpu 1d 173g 286c x3w 4ms | egraph 64g->140v+0snap 10ms | graft 37 (-133n, 0 snap) cpu 0 | f64 20 | gen 0.1s | dropped inexpr 11 oversz 0 unbuild 0 {}
 103     0     100               0      2.68721665      3.69802345      7.02708035      294.990396     0.320434184     0.307377407
 103     1      50               0     0.164105351     0.143992434      1.09108355      1.22160616    0.0195685614    0.0119685615
          wgpu 1d 151g 281c x3w 3ms | egraph 40g->135v+0snap 6ms | graft 30 (-95n, 0 snap) cpu 0 | f64 20 | gen 0.1s | dropped inexpr 6 oversz 0 unbuild 0 {}
 104     0     100               0      2.68721665      3.69802345      7.02708035      294.990396     0.320434184     0.307377407
 104     1      50               0      0.16410536     0.143992451      1.09108346      1.22160598    0.0195685626    0.0119685628
          wgpu 1d 214g 319c x3w 4ms | egraph 68g->173v+0snap 12ms | graft 57 (-173n, 0 snap) cpu 0 | f64 20 | gen 0.2s | dropped inexpr 13 oversz 0 unbuild 0 {}
 105     0     100               0      2.68721665      3.69802345      7.02708035      294.990396     0.320434184     0.307377407
 105     1      50               0      0.16410536     0.143992451      1.09108346      1.22160598    0.0195685626    0.0119685628
          wgpu 1d 160g 290c x3w 4ms | egraph 46g->144v+0snap 9ms | graft 37 (-111n, 0 snap) cpu 0 | f64 20 | gen 0.1s | dropped inexpr 6 oversz 0 unbuild 0 {}
 106     0     100               0     0.096615244      0.10743496       1.0736949      2.08488652    0.0115207781   0.00892992698
 106     1      50               0      0.16410536     0.143992451      1.09108346      1.22160598    0.0195685626    0.0119685628
          wgpu 1d 161g 285c x3w 4ms | egraph 43g->139v+0snap 10ms | graft 38 (-134n, 0 snap) cpu 0 | f64 20 | gen 0.3s | dropped inexpr 6 oversz 0 unbuild 0 {}
 107     0     100               0      2.68721665      3.69802345      7.02708035      294.990396     0.320434184     0.307377407
 107     1      50               0      0.16410536     0.143992451      1.09108346      1.22160598    0.0195685626    0.0119685628
          wgpu 1d 161g 292c x3w 4ms | egraph 44g->146v+0snap 12ms | graft 31 (-111n, 0 snap) cpu 0 | f64 20 | gen 0.2s | dropped inexpr 3 oversz 0 unbuild 0 {}
 108     0     100               0     0.096615244      0.10743496       1.0736949      2.08488652    0.0115207781   0.00892992698
 108     1      50               0      0.16410536     0.143992451      1.09108346      1.22160598    0.0195685626    0.0119685628
          wgpu 1d 164g 285c x3w 4ms | egraph 49g->139v+0snap 9ms | graft 39 (-141n, 0 snap) cpu 0 | f64 20 | gen 0.3s | dropped inexpr 2 oversz 0 unbuild 0 {}
 109     0     100               0     0.096615244      0.10743496       1.0736949      2.08488652    0.0115207781   0.00892992698
 109     1      50               0     0.164105351     0.143992434      1.09108355      1.22160616    0.0195685614    0.0119685615
          wgpu 1d 142g 273c x3w 4ms | egraph 37g->127v+0snap 6ms | graft 35 (-125n, 0 snap) cpu 0 | f64 20 | gen 0.2s | dropped inexpr 4 oversz 0 unbuild 0 {}
 110     0     100               0     0.096615244      0.10743496       1.0736949      2.08488652    0.0115207781   0.00892992698
 110     1      50               0     0.164105351     0.143992434      1.09108355      1.22160616    0.0195685614    0.0119685615
          wgpu 1d 163g 292c x3w 4ms | egraph 40g->146v+0snap 7ms | graft 39 (-117n, 0 snap) cpu 0 | f64 20 | gen 0.2s | dropped inexpr 3 oversz 0 unbuild 0 {}
--------- pump migration: intra (promote-2 + intake-reset) ---------
 111     0     100               0     0.096615244      0.10743496       1.0736949      2.08488652    0.0115207781   0.00892992698
 111     1      50               0      0.16410536     0.143992451      1.09108346      1.22160598    0.0195685626    0.0119685628
          wgpu 2d 373g 487c x3w 8ms | egraph 119g->261v+0snap 24ms | graft 94 (-266n, 0 snap) cpu 0 | f64 30 | gen 0.2s | dropped inexpr 3 oversz 0 unbuild 0 {}
 112     0     100               0     0.096615244      0.10743496       1.0736949      2.08488652    0.0115207781   0.00892992698
 112     1      50               0      0.16410536     0.143992451      1.09108346      1.22160598    0.0195685626    0.0119685628
          wgpu 1d 150g 254c x3w 4ms | egraph 33g->108v+0snap 12ms | graft 37 (-119n, 0 snap) cpu 0 | f64 20 | gen 0.1s | dropped inexpr 1 oversz 0 unbuild 0 {}
 113     0     100               0     0.096615244      0.10743496       1.0736949      2.08488652    0.0115207781   0.00892992698
 113     1      50               0      0.16410536     0.143992451      1.09108346      1.22160598    0.0195685626    0.0119685628
          wgpu 1d 149g 244c x3w 3ms | egraph 26g->98v+0snap 8ms | graft 37 (-114n, 0 snap) cpu 0 | f64 20 | gen 0.1s | dropped inexpr 1 oversz 0 unbuild 0 {}
 114     0     100               0     0.096615244      0.10743496       1.0736949      2.08488652    0.0115207781   0.00892992698
 114     1      50               0     0.096615244      0.10743496       1.0736949      2.08488652    0.0115207781   0.00892992698
          wgpu 1d 204g 265c x3w 4ms | egraph 46g->119v+0snap 8ms | graft 40 (-148n, 0 snap) cpu 0 | f64 20 | gen 0.2s | dropped inexpr 7 oversz 0 unbuild 0 {}
 115     0     100               0     0.096615244      0.10743496       1.0736949      2.08488652    0.0115207781   0.00892992698
 115     1      50               0      0.16410536     0.143992451      1.09108346      1.22160598    0.0195685626    0.0119685628
          wgpu 1d 155g 249c x3w 3ms | egraph 33g->103v+0snap 6ms | graft 34 (-107n, 0 snap) cpu 0 | f64 20 | gen 0.2s | dropped inexpr 4 oversz 0 unbuild 0 {}
 116     0     100               0     0.096615244      0.10743496       1.0736949      2.08488652    0.0115207781   0.00892992698
 116     1      50               0      0.16410536     0.143992451      1.09108346      1.22160598    0.0195685626    0.0119685628
          wgpu 1d 172g 243c x3w 4ms | egraph 35g->97v+0snap 6ms | graft 33 (-128n, 0 snap) cpu 0 | f64 20 | gen 0.1s | dropped inexpr 2 oversz 0 unbuild 0 {}
 117     0     100               0     0.096615244      0.10743496       1.0736949      2.08488652    0.0115207781   0.00892992698
 117     1      50               0      0.16410536     0.143992451      1.09108346      1.22160598    0.0195685626    0.0119685628
          wgpu 1d 162g 242c x3w 3ms | egraph 26g->96v+0snap 5ms | graft 38 (-132n, 0 snap) cpu 0 | f64 20 | gen 0.1s | dropped inexpr 3 oversz 0 unbuild 0 {}
 118     0     100               0     0.096615244      0.10743496       1.0736949      2.08488652    0.0115207781   0.00892992698
 118     1      50               0      0.16410536     0.143992451      1.09108346      1.22160598    0.0195685626    0.0119685628
          wgpu 1d 166g 272c x3w 4ms | egraph 37g->126v+0snap 6ms | graft 40 (-155n, 0 snap) cpu 0 | f64 20 | gen 0.2s | dropped inexpr 4 oversz 0 unbuild 0 {}
 119     0     100               0     0.096615244      0.10743496       1.0736949      2.08488652    0.0115207781   0.00892992698
 119     1      50               0      0.16410536     0.143992451      1.09108346      1.22160598    0.0195685626    0.0119685628
          wgpu 1d 158g 285c x3w 4ms | egraph 29g->139v+0snap 5ms | graft 34 (-105n, 0 snap) cpu 0 | f64 20 | gen 0.1s | dropped inexpr 4 oversz 0 unbuild 0 {}
 120     0     100               0     0.096615244      0.10743496       1.0736949      2.08488652    0.0115207781   0.00892992698
 120     1      50               0      0.16410536     0.143992451      1.09108346      1.22160598    0.0195685626    0.0119685628
          wgpu 1d 163g 284c x3w 4ms | egraph 31g->138v+0snap 6ms | graft 34 (-114n, 0 snap) cpu 0 | f64 20 | gen 0.1s | dropped inexpr 1 oversz 0 unbuild 0 {}
--------- pump migration: intra (promote-2 + intake-reset) + cross ---------
 121     0     100               0     0.096615244      0.10743496       1.0736949      2.08488652    0.0115207781   0.00892992698
 121     1      50               0      0.16410536     0.143992451      1.09108346      1.22160598    0.0195685626    0.0119685628
          wgpu 2d 396g 499c x3w 8ms | egraph 106g->273v+0snap 23ms | graft 79 (-295n, 0 snap) cpu 0 | f64 30 | gen 0.1s | dropped inexpr 10 oversz 0 unbuild 0 {}
 122     0     100               0     0.096615244      0.10743496       1.0736949      2.08488652    0.0115207781   0.00892992698
 122     1      50               0      0.16410536     0.143992451      1.09108346      1.22160598    0.0195685626    0.0119685628
          wgpu 1d 156g 278c x3w 4ms | egraph 22g->132v+0snap 7ms | graft 33 (-103n, 0 snap) cpu 0 | f64 20 | gen 0.2s | dropped inexpr 3 oversz 0 unbuild 0 {}
 123     0     100               0     0.096615244      0.10743496       1.0736949      2.08488652    0.0115207781   0.00892992698
 123     1      50               0      0.16410536     0.143992451      1.09108346      1.22160598    0.0195685626    0.0119685628
          wgpu 1d 170g 299c x3w 4ms | egraph 40g->153v+0snap 12ms | graft 37 (-140n, 0 snap) cpu 0 | f64 20 | gen 0.2s | dropped inexpr 2 oversz 0 unbuild 0 {}
 124     0     100               0     0.096615244      0.10743496       1.0736949      2.08488652    0.0115207781   0.00892992698
 124     1      50               0     0.164105351     0.143992434      1.09108355      1.22160616    0.0195685614    0.0119685615
          wgpu 1d 166g 285c x3w 4ms | egraph 26g->139v+0snap 5ms | graft 29 (-86n, 0 snap) cpu 0 | f64 20 | gen 0.2s
 125     0     100               0     0.096615244      0.10743496       1.0736949      2.08488652    0.0115207781   0.00892992698
 125     1      50               0     0.164105351     0.143992434      1.09108355      1.22160616    0.0195685614    0.0119685615
          wgpu 1d 142g 303c x3w 4ms | egraph 24g->157v+0snap 5ms | graft 31 (-113n, 0 snap) cpu 0 | f64 20 | gen 0.1s | dropped inexpr 2 oversz 0 unbuild 0 {}
 126     0     100               0     0.096615244      0.10743496       1.0736949      2.08488652    0.0115207781   0.00892992698
 126     1      50               0      0.16410536     0.143992451      1.09108346      1.22160598    0.0195685626    0.0119685628
          wgpu 1d 173g 312c x3w 4ms | egraph 19g->166v+0snap 4ms | graft 45 (-136n, 0 snap) cpu 0 | f64 20 | gen 0.1s | dropped inexpr 4 oversz 0 unbuild 0 {}
 127     0     100               0     0.096615244      0.10743496       1.0736949      2.08488652    0.0115207781   0.00892992698
 127     1      50               0      0.16410536     0.143992451      1.09108346      1.22160598    0.0195685626    0.0119685628
          wgpu 1d 169g 302c x3w 4ms | egraph 30g->156v+0snap 11ms | graft 33 (-106n, 0 snap) cpu 0 | f64 20 | gen 0.1s | dropped inexpr 2 oversz 0 unbuild 0 {}
 128     0     100               0     0.096615244      0.10743496       1.0736949      2.08488652    0.0115207781   0.00892992698
 128     1      50               0     0.164105351     0.143992434      1.09108355      1.22160616    0.0195685614    0.0119685615
          wgpu 1d 165g 310c x3w 4ms | egraph 27g->164v+0snap 10ms | graft 44 (-133n, 0 snap) cpu 0 | f64 20 | gen 0.1s | dropped inexpr 4 oversz 0 unbuild 0 {}
 129     0     100               0    0.0494293276    0.0597633938     0.938500851      1.08982581   0.00589414562   0.00496749608
 129     1      50               0     0.164105351     0.143992434      1.09108355      1.22160616    0.0195685614    0.0119685615
          wgpu 1d 150g 355c x3w 4ms | egraph 31g->209v+0snap 10ms | graft 47 (-160n, 0 snap) cpu 0 | f64 20 | gen 0.4s | dropped inexpr 7 oversz 0 unbuild 0 {}
 130     0     100               0    0.0494293355    0.0597633387     0.938498606      1.08982554   0.00589414657   0.00496749151
 130     1      50               0      0.16410536     0.143992451      1.09108346      1.22160598    0.0195685626    0.0119685628
          wgpu 1d 162g 371c x3w 4ms | egraph 31g->225v+0snap 10ms | graft 51 (-200n, 0 snap) cpu 0 | f64 20 | gen 0.2s | dropped inexpr 8 oversz 0 unbuild 0 {}
--------- pump migration: intra (promote-2 + intake-reset) ---------
 131     0     100               0    0.0494293355    0.0597633387     0.938498606      1.08982554   0.00589414657   0.00496749151
 131     1      50               0      0.16410536     0.143992451      1.09108346      1.22160598    0.0195685626    0.0119685628
          wgpu 2d 420g 559c x3w 8ms | egraph 119g->333v+0snap 24ms | graft 102 (-365n, 0 snap) cpu 0 | f64 30 | gen 0.1s | dropped inexpr 3 oversz 0 unbuild 0 {}
 132     0     100               0    0.0494293276    0.0597633938     0.938500851      1.08982581   0.00589414562   0.00496749608
 132     1      50               0      0.16410536     0.143992451      1.09108346      1.22160598    0.0195685626    0.0119685628
          wgpu 1d 166g 373c x3w 4ms | egraph 32g->227v+0snap 8ms | graft 46 (-133n, 0 snap) cpu 0 | f64 20 | gen 0.1s | dropped inexpr 3 oversz 0 unbuild 0 {}
 133     0     100               0    0.0494293276    0.0597633938     0.938500851      1.08982581   0.00589414562   0.00496749608
 133     1      50               0      0.16410536     0.143992451      1.09108346      1.22160598    0.0195685626    0.0119685628
          wgpu 1d 172g 366c x3w 4ms | egraph 28g->220v+0snap 8ms | graft 48 (-138n, 0 snap) cpu 0 | f64 20 | gen 0.1s | dropped inexpr 3 oversz 0 unbuild 0 {}
 134     0     100               0    0.0494293276    0.0597633938     0.938500851      1.08982581   0.00589414562   0.00496749608
 134     1      50               0      0.16410536     0.143992451      1.09108346      1.22160598    0.0195685626    0.0119685628
          wgpu 1d 158g 355c x3w 4ms | egraph 32g->209v+0snap 8ms | graft 51 (-162n, 0 snap) cpu 0 | f64 20 | gen 0.3s | dropped inexpr 1 oversz 0 unbuild 0 {}
 135     0     100               0    0.0494293332    0.0597633409      0.93849844      1.08982554    0.0058941463   0.00496749168
 135     1      50               0     0.164105351     0.143992434      1.09108355      1.22160616    0.0195685614    0.0119685615
          wgpu 1d 177g 362c x3w 4ms | egraph 34g->216v+0snap 7ms | graft 53 (-191n, 0 snap) cpu 0 | f64 20 | gen 0.4s | dropped inexpr 2 oversz 0 unbuild 0 {}
 136     0     100               0    0.0494293332    0.0597633409      0.93849844      1.08982554    0.0058941463   0.00496749168
 136     1      50               0     0.164105351     0.143992434      1.09108355      1.22160616    0.0195685614    0.0119685615
          wgpu 1d 154g 353c x3w 3ms | egraph 20g->207v+0snap 6ms | graft 53 (-135n, 0 snap) cpu 0 | f64 20 | gen 0.1s | dropped inexpr 1 oversz 0 unbuild 0 {}
 137     0     100               0    0.0494293332    0.0597633409      0.93849844      1.08982554    0.0058941463   0.00496749168
 137     1      50               0      0.16410536     0.143992451      1.09108346      1.22160598    0.0195685626    0.0119685628
          wgpu 1d 166g 350c x3w 4ms | egraph 31g->204v+0snap 10ms | graft 42 (-95n, 0 snap) cpu 0 | f64 20 | gen 0.4s
 138     0     100               0    0.0494293332    0.0597633409      0.93849844      1.08982554    0.0058941463   0.00496749168
 138     1      50               0      0.16410536     0.143992451      1.09108346      1.22160598    0.0195685626    0.0119685628
          wgpu 1d 170g 365c x3w 4ms | egraph 27g->219v+0snap 8ms | graft 53 (-156n, 0 snap) cpu 0 | f64 20 | gen 0.3s | dropped inexpr 1 oversz 0 unbuild 0 {}
 139     0     100               0    0.0494293332    0.0597633409      0.93849844      1.08982554    0.0058941463   0.00496749168
 139     1      50               0      0.16410536     0.143992451      1.09108346      1.22160598    0.0195685626    0.0119685628
          wgpu 1d 162g 355c x3w 4ms | egraph 30g->209v+0snap 5ms | graft 55 (-149n, 0 snap) cpu 0 | f64 20 | gen 0.1s | dropped inexpr 1 oversz 0 unbuild 0 {}
 140     0     100               0    0.0494293332    0.0597633409      0.93849844      1.08982554    0.0058941463   0.00496749168
 140     1      50               0      0.16410536     0.143992451      1.09108346      1.22160598    0.0195685626    0.0119685628
          wgpu 1d 167g 347c x3w 4ms | egraph 32g->201v+0snap 11ms | graft 45 (-159n, 0 snap) cpu 0 | f64 20 | gen 0.2s
--------- pump migration: intra (promote-2 + intake-reset) ---------
 141     0     100               0    0.0494293332    0.0597633409      0.93849844      1.08982554    0.0058941463   0.00496749168
 141     1      50               0      0.16410536     0.143992451      1.09108346      1.22160598    0.0195685626    0.0119685628
          wgpu 2d 389g 532c x3w 8ms | egraph 91g->306v+0snap 20ms | graft 100 (-333n, 0 snap) cpu 0 | f64 30 | gen 0.3s | dropped inexpr 4 oversz 0 unbuild 0 {}
 142     0     100               0    0.0494293332    0.0597633409      0.93849844      1.08982554    0.0058941463   0.00496749168
 142     1      50               0    0.0494293276    0.0597633938     0.938500851      1.08982581   0.00589414562   0.00496749608
          wgpu 1d 139g 317c x3w 3ms | egraph 22g->171v+0snap 5ms | graft 47 (-116n, 0 snap) cpu 0 | f64 20 | gen 0.2s
 143     0     100               0    0.0494293332    0.0597633409      0.93849844      1.08982554    0.0058941463   0.00496749168
 143     1      50               0    0.0494293332    0.0597633409      0.93849844      1.08982554    0.0058941463   0.00496749168
          wgpu 1d 142g 306c x3w 3ms | egraph 17g->160v+0snap 5ms | graft 52 (-125n, 0 snap) cpu 0 | f64 20 | gen 0.2s
 144     0     100               0    0.0352691116    0.0401367242     0.857575462     0.805585656   0.00420562629   0.00333613952
 144     1      50               0    0.0494293332    0.0597633409      0.93849844      1.08982554    0.0058941463   0.00496749168
          wgpu 1d 176g 307c x3w 4ms | egraph 32g->161v+0snap 6ms | graft 47 (-141n, 0 snap) cpu 0 | f64 20 | gen 0.2s
 145     0     100               0    0.0352691116    0.0401367242     0.857575462     0.805585656   0.00420562629   0.00333613952
 145     1      50               0    0.0494293332    0.0597633409      0.93849844      1.08982554    0.0058941463   0.00496749168
          wgpu 1d 196g 326c x3w 4ms | egraph 41g->180v+0snap 7ms | graft 57 (-191n, 0 snap) cpu 0 | f64 20 | gen 0.3s
 146     0     100               0    0.0352691175     0.040136674     0.857574794     0.805585424     0.004205627   0.00333613535
 146     1      50               0    0.0494293332    0.0597633409      0.93849844      1.08982554    0.0058941463   0.00496749168
          wgpu 1d 189g 307c x3w 4ms | egraph 44g->161v+0snap 7ms | graft 50 (-189n, 0 snap) cpu 0 | f64 20 | gen 0.4s
 147     0     100               0    0.0352691175     0.040136674     0.857574794     0.805585424     0.004205627   0.00333613535
 147     1      50               0    0.0494293332    0.0597633409      0.93849844      1.08982554    0.0058941463   0.00496749168
          wgpu 1d 161g 305c x3w 4ms | egraph 30g->159v+0snap 5ms | graft 50 (-173n, 0 snap) cpu 0 | f64 20 | gen 0.4s | dropped inexpr 1 oversz 0 unbuild 0 {}
 148     0     100               0    0.0352691175     0.040136674     0.857574794     0.805585424     0.004205627   0.00333613535
 148     1      50               0    0.0494293332    0.0597633409      0.93849844      1.08982554    0.0058941463   0.00496749168
          wgpu 1d 182g 301c x3w 4ms | egraph 36g->155v+0snap 6ms | graft 45 (-171n, 0 snap) cpu 0 | f64 20 | gen 0.3s | dropped inexpr 1 oversz 0 unbuild 0 {}
 149     0     100               0    0.0352691175     0.040136674     0.857574794     0.805585424     0.004205627   0.00333613535
 149     1      50               0    0.0494293332    0.0597633409      0.93849844      1.08982554    0.0058941463   0.00496749168
          wgpu 1d 156g 296c x3w 4ms | egraph 32g->150v+0snap 5ms | graft 35 (-104n, 0 snap) cpu 0 | f64 20 | gen 0.3s | dropped inexpr 1 oversz 0 unbuild 0 {}
 150     0     100               0    0.0352691175     0.040136674     0.857574794     0.805585424     0.004205627   0.00333613535
 150     1      50               0    0.0494293332    0.0597633409      0.93849844      1.08982554    0.0058941463   0.00496749168
          wgpu 1d 191g 324c x3w 4ms | egraph 36g->178v+0snap 6ms | graft 54 (-166n, 0 snap) cpu 0 | f64 20 | gen 0.2s
--------- pump migration: intra (promote-2 + intake-reset) + cross ---------
 151     0     100               0    0.0352691175     0.040136674     0.857574794     0.805585424     0.004205627   0.00333613535
 151     1      50               0    0.0352691175     0.040136674     0.857574794     0.805585424     0.004205627   0.00333613535
          wgpu 2d 410g 502c x3w 7ms | egraph 92g->276v+0snap 15ms | graft 107 (-365n, 0 snap) cpu 0 | f64 30 | gen 0.4s | dropped inexpr 5 oversz 0 unbuild 0 {}
 152     0     100               0    0.0352691175     0.040136674     0.857574794     0.805585424     0.004205627   0.00333613535
 152     1      50               0    0.0352691175     0.040136674     0.857574794     0.805585424     0.004205627   0.00333613535
          wgpu 1d 172g 311c x3w 4ms | egraph 31g->165v+0snap 6ms | graft 45 (-178n, 0 snap) cpu 0 | f64 20 | gen 0.3s | dropped inexpr 1 oversz 0 unbuild 0 {}
 153     0     100               0    0.0352691175     0.040136674     0.857574794     0.805585424     0.004205627   0.00333613535
 153     1      50               0    0.0352691175     0.040136674     0.857574794     0.805585424     0.004205627   0.00333613535
          wgpu 1d 172g 313c x3w 4ms | egraph 26g->167v+0snap 5ms | graft 53 (-224n, 0 snap) cpu 0 | f64 20 | gen 0.4s
 154     0     100               0    0.0352691175     0.040136674     0.857574794     0.805585424     0.004205627   0.00333613535
 154     1      50               0    0.0352691175     0.040136674     0.857574794     0.805585424     0.004205627   0.00333613535
          wgpu 1d 184g 319c x3w 4ms | egraph 28g->173v+0snap 5ms | graft 55 (-228n, 0 snap) cpu 0 | f64 20 | gen 0.3s
 155     0     100               0    0.0352691175     0.040136674     0.857574794     0.805585424     0.004205627   0.00333613535
 155     1      50               0    0.0352691175     0.040136674     0.857574794     0.805585424     0.004205627   0.00333613535
          wgpu 1d 197g 323c x3w 4ms | egraph 34g->177v+0snap 6ms | graft 63 (-240n, 0 snap) cpu 0 | f64 20 | gen 0.4s
 156     0     100               0    0.0352691175     0.040136674     0.857574794     0.805585424     0.004205627   0.00333613535
 156     1      50               0    0.0352691175     0.040136674     0.857574794     0.805585424     0.004205627   0.00333613535
          wgpu 1d 179g 325c x3w 4ms | egraph 32g->179v+0snap 5ms | graft 62 (-259n, 0 snap) cpu 0 | f64 20 | gen 0.5s
 157     0     100               0    0.0352691175     0.040136674     0.857574794     0.805585424     0.004205627   0.00333613535
 157     1      50               0    0.0352691175     0.040136674     0.857574794     0.805585424     0.004205627   0.00333613535
          wgpu 1d 194g 323c x3w 4ms | egraph 34g->177v+0snap 6ms | graft 56 (-230n, 0 snap) cpu 0 | f64 20 | gen 0.4s
 158     0     100               0    0.0352691175     0.040136674     0.857574794     0.805585424     0.004205627   0.00333613535
 158     1      50               0    0.0352691175     0.040136674     0.857574794     0.805585424     0.004205627   0.00333613535
          wgpu 1d 191g 324c x3w 4ms | egraph 30g->178v+0snap 5ms | graft 53 (-203n, 0 snap) cpu 0 | f64 20 | gen 0.3s | dropped inexpr 1 oversz 0 unbuild 0 {}
 159     0     100               0    0.0352691175     0.040136674     0.857574794     0.805585424     0.004205627   0.00333613535
 159     1      50               0    0.0352691175     0.040136674     0.857574794     0.805585424     0.004205627   0.00333613535
          wgpu 1d 176g 329c x3w 4ms | egraph 26g->183v+0snap 5ms | graft 61 (-236n, 0 snap) cpu 0 | f64 20 | gen 0.4s
 160     0     100               0    0.0352691175     0.040136674     0.857574794     0.805585424     0.004205627   0.00333613535
 160     1      50               0    0.0352691175     0.040136674     0.857574794     0.805585424     0.004205627   0.00333613535
          wgpu 1d 184g 307c x3w 4ms | egraph 27g->161v+0snap 4ms | graft 54 (-206n, 0 snap) cpu 0 | f64 20 | gen 0.3s
--------- pump migration: intra (promote-2 + intake-reset) ---------
 161     0     100               0    0.0352691175     0.040136674     0.857574794     0.805585424     0.004205627   0.00333613535
 161     1      50               0    0.0352691175     0.040136674     0.857574794     0.805585424     0.004205627   0.00333613535
          wgpu 2d 411g 512c x3w 8ms | egraph 101g->286v+0snap 20ms | graft 100 (-315n, 0 snap) cpu 0 | f64 30 | gen 0.5s | dropped inexpr 2 oversz 0 unbuild 0 {}
 162     0     100               0    0.0352691175     0.040136674     0.857574794     0.805585424     0.004205627   0.00333613535
 162     1      50               0    0.0352691175     0.040136674     0.857574794     0.805585424     0.004205627   0.00333613535
          wgpu 1d 186g 325c x3w 4ms | egraph 32g->179v+0snap 5ms | graft 56 (-213n, 0 snap) cpu 0 | f64 20 | gen 0.3s
 163     0     100               0    0.0352691175     0.040136674     0.857574794     0.805585424     0.004205627   0.00333613535
 163     1      50               0    0.0352691175     0.040136674     0.857574794     0.805585424     0.004205627   0.00333613535
          wgpu 1d 200g 333c x3w 4ms | egraph 31g->187v+0snap 5ms | graft 63 (-224n, 0 snap) cpu 0 | f64 20 | gen 0.3s
 164     0     100               0    0.0352691175     0.040136674     0.857574794     0.805585424     0.004205627   0.00333613535
 164     1      50               0    0.0352691175     0.040136674     0.857574794     0.805585424     0.004205627   0.00333613535
          wgpu 1d 172g 317c x3w 4ms | egraph 21g->171v+0snap 4ms | graft 51 (-209n, 0 snap) cpu 0 | f64 20 | gen 0.3s | dropped inexpr 1 oversz 0 unbuild 0 {}
 165     0     100               0    0.0352691175     0.040136674     0.857574794     0.805585424     0.004205627   0.00333613535
 165     1      50               0    0.0352691175     0.040136674     0.857574794     0.805585424     0.004205627   0.00333613535
          wgpu 1d 184g 312c x3w 4ms | egraph 28g->166v+0snap 5ms | graft 53 (-226n, 0 snap) cpu 0 | f64 20 | gen 0.4s
 166     0     100               0    0.0352691175     0.040136674     0.857574794     0.805585424     0.004205627   0.00333613535
 166     1      50               0    0.0352691175     0.040136674     0.857574794     0.805585424     0.004205627   0.00333613535
          wgpu 1d 195g 323c x3w 4ms | egraph 21g->177v+0snap 4ms | graft 57 (-242n, 0 snap) cpu 0 | f64 20 | gen 0.4s
 167     0     100               0    0.0352691175     0.040136674     0.857574794     0.805585424     0.004205627   0.00333613535
 167     1      50               0    0.0352691175     0.040136674     0.857574794     0.805585424     0.004205627   0.00333613535
          wgpu 1d 181g 327c x3w 4ms | egraph 28g->181v+0snap 4ms | graft 55 (-214n, 0 snap) cpu 0 | f64 20 | gen 0.4s
 168     0     100               0    0.0352691175     0.040136674     0.857574794     0.805585424     0.004205627   0.00333613535
 168     1      50               0    0.0352691175     0.040136674     0.857574794     0.805585424     0.004205627   0.00333613535
          wgpu 1d 178g 324c x3w 4ms | egraph 20g->178v+0snap 5ms | graft 57 (-249n, 0 snap) cpu 0 | f64 20 | gen 0.4s | dropped inexpr 1 oversz 0 unbuild 0 {}
 169     0     100               0    0.0352691175     0.040136674     0.857574794     0.805585424     0.004205627   0.00333613535
 169     1      50               0    0.0352691116    0.0401367242     0.857575462     0.805585656   0.00420562629   0.00333613952
          wgpu 1d 177g 314c x3w 4ms | egraph 20g->168v+0snap 5ms | graft 55 (-237n, 0 snap) cpu 0 | f64 20 | gen 0.4s
 170     0     100               0    0.0352691175     0.040136674     0.857574794     0.805585424     0.004205627   0.00333613535
 170     1      50               0    0.0352691175     0.040136674     0.857574794     0.805585424     0.004205627   0.00333613535
          wgpu 1d 228g 339c x3w 4ms | egraph 37g->193v+0snap 7ms | graft 65 (-276n, 0 snap) cpu 0 | f64 20 | gen 0.5s
--------- pump migration: intra (promote-2 + intake-reset) ---------
 171     0     100               0    0.0352691175     0.040136674     0.857574794     0.805585424     0.004205627   0.00333613535
 171     1      50               0    0.0352691175     0.040136674     0.857574794     0.805585424     0.004205627   0.00333613535
          wgpu 2d 376g 495c x3w 8ms | egraph 86g->269v+0snap 14ms | graft 97 (-396n, 0 snap) cpu 0 | f64 30 | gen 0.4s | dropped inexpr 4 oversz 0 unbuild 0 {}
 172     0     100               0    0.0352691175     0.040136674     0.857574794     0.805585424     0.004205627   0.00333613535
 172     1      50               0    0.0352691175     0.040136674     0.857574794     0.805585424     0.004205627   0.00333613535
          wgpu 1d 198g 310c x3w 4ms | egraph 28g->164v+0snap 5ms | graft 52 (-201n, 0 snap) cpu 0 | f64 20 | gen 0.3s
 173     0     100               0    0.0352691175     0.040136674     0.857574794     0.805585424     0.004205627   0.00333613535
 173     1      50               0    0.0352691175     0.040136674     0.857574794     0.805585424     0.004205627   0.00333613535
          wgpu 1d 157g 308c x3w 4ms | egraph 16g->162v+0snap 4ms | graft 52 (-210n, 0 snap) cpu 0 | f64 20 | gen 0.4s
 174     0     100               0    0.0352691175     0.040136674     0.857574794     0.805585424     0.004205627   0.00333613535
 174     1      50               0    0.0352691175     0.040136674     0.857574794     0.805585424     0.004205627   0.00333613535
          wgpu 1d 187g 327c x3w 4ms | egraph 27g->181v+0snap 4ms | graft 45 (-180n, 0 snap) cpu 0 | f64 20 | gen 0.3s
 175     0     100               0    0.0352691175     0.040136674     0.857574794     0.805585424     0.004205627   0.00333613535
 175     1      50               0    0.0352691175     0.040136674     0.857574794     0.805585424     0.004205627   0.00333613535
          wgpu 1d 163g 315c x3w 4ms | egraph 27g->169v+0snap 5ms | graft 58 (-233n, 0 snap) cpu 0 | f64 20 | gen 0.3s
 176     0     100               0    0.0352691175     0.040136674     0.857574794     0.805585424     0.004205627   0.00333613535
 176     1      50               0    0.0352691175     0.040136674     0.857574794     0.805585424     0.004205627   0.00333613535
          wgpu 1d 153g 303c x3w 3ms | egraph 21g->157v+0snap 4ms | graft 43 (-168n, 0 snap) cpu 0 | f64 20 | gen 0.2s
 177     0     100               0    0.0352691175     0.040136674     0.857574794     0.805585424     0.004205627   0.00333613535
 177     1      50               0    0.0352691175     0.040136674     0.857574794     0.805585424     0.004205627   0.00333613535
          wgpu 1d 167g 316c x3w 4ms | egraph 23g->170v+0snap 4ms | graft 50 (-186n, 0 snap) cpu 0 | f64 20 | gen 0.3s
 178     0     100               0    0.0352691175     0.040136674     0.857574794     0.805585424     0.004205627   0.00333613535
 178     1      50               0    0.0352691175     0.040136674     0.857574794     0.805585424     0.004205627   0.00333613535
          wgpu 1d 183g 317c x3w 4ms | egraph 18g->171v+0snap 5ms | graft 45 (-170n, 0 snap) cpu 0 | f64 20 | gen 0.3s
 179     0     100               0    0.0352691175     0.040136674     0.857574794     0.805585424     0.004205627   0.00333613535
 179     1      50               0    0.0352691175     0.040136674     0.857574794     0.805585424     0.004205627   0.00333613535
          wgpu 1d 162g 310c x3w 4ms | egraph 19g->164v+0snap 4ms | graft 47 (-169n, 0 snap) cpu 0 | f64 20 | gen 0.3s
 180     0     100               0    0.0352691175     0.040136674     0.857574794     0.805585424     0.004205627   0.00333613535
 180     1      50               0    0.0352691175     0.040136674     0.857574794     0.805585424     0.004205627   0.00333613535
          wgpu 1d 193g 324c x3w 4ms | egraph 24g->178v+0snap 5ms | graft 53 (-191n, 0 snap) cpu 0 | f64 20 | gen 0.4s
--------- pump migration: intra (promote-2 + intake-reset) + cross ---------
 181     0     100               0    0.0352691175     0.040136674     0.857574794     0.805585424     0.004205627   0.00333613535
 181     1      50               0    0.0352691175     0.040136674     0.857574794     0.805585424     0.004205627   0.00333613535
          wgpu 2d 403g 517c x3w 7ms | egraph 83g->291v+0snap 16ms | graft 101 (-370n, 0 snap) cpu 0 | f64 30 | gen 0.3s | dropped inexpr 7 oversz 0 unbuild 0 {}
 182     0     100               0    0.0352691175     0.040136674     0.857574794     0.805585424     0.004205627   0.00333613535
 182     1      50               0    0.0352691175     0.040136674     0.857574794     0.805585424     0.004205627   0.00333613535
          wgpu 1d 172g 316c x3w 4ms | egraph 16g->170v+0snap 39ms | graft 48 (-165n, 0 snap) cpu 0 | f64 20 | gen 0.4s | dropped inexpr 1 oversz 0 unbuild 0 {}
 183     0     100               0    0.0352691175     0.040136674     0.857574794     0.805585424     0.004205627   0.00333613535
 183     1      50               0    0.0352691116    0.0401367242     0.857575462     0.805585656   0.00420562629   0.00333613952
          wgpu 1d 187g 336c x3w 4ms | egraph 12g->190v+0snap 4ms | graft 60 (-219n, 0 snap) cpu 0 | f64 20 | gen 0.3s
 184     0     100               0    0.0352691175     0.040136674     0.857574794     0.805585424     0.004205627   0.00333613535
 184     1      50               0    0.0352691116    0.0401367242     0.857575462     0.805585656   0.00420562629   0.00333613952
          wgpu 1d 186g 315c x3w 4ms | egraph 20g->169v+0snap 5ms | graft 55 (-234n, 0 snap) cpu 0 | f64 20 | gen 0.3s
 185     0     100               0    0.0352691175     0.040136674     0.857574794     0.805585424     0.004205627   0.00333613535
 185     1      50               0    0.0352691116    0.0401367242     0.857575462     0.805585656   0.00420562629   0.00333613952
          wgpu 1d 176g 312c x3w 4ms | egraph 16g->166v+0snap 4ms | graft 51 (-204n, 0 snap) cpu 0 | f64 20 | gen 0.4s
 186     0     100               0    0.0352691175     0.040136674     0.857574794     0.805585424     0.004205627   0.00333613535
 186     1      50               0    0.0352691116    0.0401367242     0.857575462     0.805585656   0.00420562629   0.00333613952
          wgpu 1d 161g 325c x3w 4ms | egraph 22g->179v+0snap 4ms | graft 58 (-227n, 0 snap) cpu 0 | f64 20 | gen 0.3s | dropped inexpr 1 oversz 0 unbuild 0 {}
 187     0     100               0    0.0352691175     0.040136674     0.857574794     0.805585424     0.004205627   0.00333613535
 187     1      50               0    0.0352691116    0.0401367242     0.857575462     0.805585656   0.00420562629   0.00333613952
          wgpu 1d 203g 330c x3w 4ms | egraph 28g->184v+0snap 4ms | graft 55 (-213n, 0 snap) cpu 0 | f64 20 | gen 0.4s
 188     0     100               0    0.0352691175     0.040136674     0.857574794     0.805585424     0.004205627   0.00333613535
 188     1      50               0    0.0352691116    0.0401367242     0.857575462     0.805585656   0.00420562629   0.00333613952
          wgpu 1d 189g 320c x3w 4ms | egraph 20g->174v+0snap 4ms | graft 56 (-215n, 0 snap) cpu 0 | f64 20 | gen 0.4s
 189     0     100               0    0.0352691175     0.040136674     0.857574794     0.805585424     0.004205627   0.00333613535
 189     1      50               0    0.0352691116    0.0401367242     0.857575462     0.805585656   0.00420562629   0.00333613952
          wgpu 1d 198g 326c x3w 4ms | egraph 32g->180v+0snap 5ms | graft 54 (-225n, 0 snap) cpu 0 | f64 20 | gen 0.4s
 190     0     100               0    0.0352691175     0.040136674     0.857574794     0.805585424     0.004205627   0.00333613535
 190     1      50               0    0.0352691116    0.0401367242     0.857575462     0.805585656   0.00420562629   0.00333613952
          wgpu 1d 159g 300c x3w 3ms | egraph 17g->154v+0snap 4ms | graft 46 (-187n, 0 snap) cpu 0 | f64 20 | gen 0.4s
--------- pump migration: intra (promote-2 + intake-reset) ---------
 191     0     100               0    0.0352691175     0.040136674     0.857574794     0.805585424     0.004205627   0.00333613535
 191     1      50               0    0.0352691116    0.0401367242     0.857575462     0.805585656   0.00420562629   0.00333613952
          wgpu 2d 400g 483c x3w 7ms | egraph 79g->257v+0snap 13ms | graft 89 (-300n, 0 snap) cpu 0 | f64 30 | gen 0.3s | dropped inexpr 3 oversz 0 unbuild 0 {}
 192     0     100               0    0.0352691175     0.040136674     0.857574794     0.805585424     0.004205627   0.00333613535
 192     1      50               0    0.0352691116    0.0401367242     0.857575462     0.805585656   0.00420562629   0.00333613952
          wgpu 1d 157g 318c x3w 3ms | egraph 14g->172v+0snap 3ms | graft 62 (-249n, 0 snap) cpu 0 | f64 20 | gen 0.4s
 193     0     100               0    0.0352691175     0.040136674     0.857574794     0.805585424     0.004205627   0.00333613535
 193     1      50               0    0.0352691116    0.0401367242     0.857575462     0.805585656   0.00420562629   0.00333613952
          wgpu 1d 175g 311c x3w 4ms | egraph 31g->165v+0snap 5ms | graft 57 (-229n, 0 snap) cpu 0 | f64 20 | gen 0.4s
 194     0     100               0    0.0352691175     0.040136674     0.857574794     0.805585424     0.004205627   0.00333613535
 194     1      50               0    0.0352691116    0.0401367242     0.857575462     0.805585656   0.00420562629   0.00333613952
          wgpu 1d 161g 315c x3w 4ms | egraph 24g->169v+0snap 4ms | graft 48 (-193n, 0 snap) cpu 0 | f64 20 | gen 0.4s
 195     0     100               0    0.0352691175     0.040136674     0.857574794     0.805585424     0.004205627   0.00333613535
 195     1      50               0    0.0352691116    0.0401367242     0.857575462     0.805585656   0.00420562629   0.00333613952
          wgpu 1d 193g 317c x3w 4ms | egraph 26g->171v+0snap 5ms | graft 52 (-203n, 0 snap) cpu 0 | f64 20 | gen 0.3s
 196     0     100               0    0.0352691175     0.040136674     0.857574794     0.805585424     0.004205627   0.00333613535
 196     1      50               0    0.0352691116    0.0401367242     0.857575462     0.805585656   0.00420562629   0.00333613952
          wgpu 1d 188g 324c x3w 4ms | egraph 25g->178v+0snap 4ms | graft 57 (-229n, 0 snap) cpu 0 | f64 20 | gen 0.3s
 197     0     100               0    0.0352691175     0.040136674     0.857574794     0.805585424     0.004205627   0.00333613535
 197     1      50               0    0.0352691116    0.0401367242     0.857575462     0.805585656   0.00420562629   0.00333613952
          wgpu 1d 174g 313c x3w 4ms | egraph 18g->167v+0snap 4ms | graft 54 (-219n, 0 snap) cpu 0 | f64 20 | gen 0.3s
 198     0     100               0    0.0352691175     0.040136674     0.857574794     0.805585424     0.004205627   0.00333613535
 198     1      50               0    0.0352691116    0.0401367242     0.857575462     0.805585656   0.00420562629   0.00333613952
          wgpu 1d 197g 323c x3w 4ms | egraph 14g->177v+0snap 3ms | graft 53 (-197n, 0 snap) cpu 0 | f64 20 | gen 0.4s
 199     0     100               0    0.0352691175     0.040136674     0.857574794     0.805585424     0.004205627   0.00333613535
 199     1      50               0    0.0352691116    0.0401367242     0.857575462     0.805585656   0.00420562629   0.00333613952
          wgpu 1d 174g 315c x3w 4ms | egraph 23g->169v+0snap 5ms | graft 44 (-161n, 0 snap) cpu 0 | f64 20 | gen 0.3s
 200     0     100               0    0.0352691175     0.040136674     0.857574794     0.805585424     0.004205627   0.00333613535
 200     1      50               0    0.0352691116    0.0401367242     0.857575462     0.805585656   0.00420562629   0.00333613952
          wgpu 1d 195g 321c x3w 4ms | egraph 34g->175v+0snap 6ms | graft 54 (-192n, 0 snap) cpu 0 | f64 20 | gen 0.4s
--------- pump migration: intra (promote-2 + intake-reset) ---------
 201     0     100               0    0.0352691175     0.040136674     0.857574794     0.805585424     0.004205627   0.00333613535
 201     1      50               0    0.0352691175     0.040136674     0.857574794     0.805585424     0.004205627   0.00333613535
          wgpu 2d 395g 494c x3w 7ms | egraph 76g->268v+0snap 12ms | graft 92 (-311n, 0 snap) cpu 0 | f64 30 | gen 0.4s | dropped inexpr 2 oversz 0 unbuild 0 {}
 202     0     100               0    0.0352691175     0.040136674     0.857574794     0.805585424     0.004205627   0.00333613535
 202     1      50               0    0.0352691175     0.040136674     0.857574794     0.805585424     0.004205627   0.00333613535
          wgpu 1d 175g 312c x3w 4ms | egraph 19g->166v+0snap 5ms | graft 55 (-222n, 0 snap) cpu 0 | f64 20 | gen 0.4s
 203     0     100               0    0.0352691175     0.040136674     0.857574794     0.805585424     0.004205627   0.00333613535
 203     1      50               0    0.0352691175     0.040136674     0.857574794     0.805585424     0.004205627   0.00333613535
          wgpu 1d 175g 300c x3w 4ms | egraph 19g->154v+0snap 4ms | graft 48 (-180n, 0 snap) cpu 0 | f64 20 | gen 0.4s
 204     0     100               0    0.0352691175     0.040136674     0.857574794     0.805585424     0.004205627   0.00333613535
 204     1      50               0    0.0352691175     0.040136674     0.857574794     0.805585424     0.004205627   0.00333613535
          wgpu 1d 187g 327c x3w 4ms | egraph 22g->181v+0snap 4ms | graft 49 (-192n, 0 snap) cpu 0 | f64 20 | gen 0.4s | dropped inexpr 1 oversz 0 unbuild 0 {}
 205     0     100               0    0.0352691175     0.040136674     0.857574794     0.805585424     0.004205627   0.00333613535
 205     1      50               0    0.0352691175     0.040136674     0.857574794     0.805585424     0.004205627   0.00333613535
          wgpu 1d 183g 309c x3w 4ms | egraph 17g->163v+0snap 4ms | graft 53 (-216n, 0 snap) cpu 0 | f64 20 | gen 0.5s | dropped inexpr 2 oversz 0 unbuild 0 {}
 206     0     100               0    0.0352691175     0.040136674     0.857574794     0.805585424     0.004205627   0.00333613535
 206     1      50               0    0.0352691175     0.040136674     0.857574794     0.805585424     0.004205627   0.00333613535
          wgpu 1d 148g 302c x3w 4ms | egraph 14g->156v+0snap 4ms | graft 46 (-170n, 0 snap) cpu 0 | f64 20 | gen 0.3s
 207     0     100               0    0.0352691175     0.040136674     0.857574794     0.805585424     0.004205627   0.00333613535
 207     1      50               0    0.0352691116    0.0401367242     0.857575462     0.805585656   0.00420562629   0.00333613952
          wgpu 1d 169g 319c x3w 4ms | egraph 17g->173v+0snap 4ms | graft 46 (-171n, 0 snap) cpu 0 | f64 20 | gen 0.4s
 208     0     100               0    0.0352691175     0.040136674     0.857574794     0.805585424     0.004205627   0.00333613535
 208     1      50               0    0.0352691175     0.040136674     0.857574794     0.805585424     0.004205627   0.00333613535
          wgpu 1d 166g 310c x3w 4ms | egraph 29g->164v+0snap 5ms | graft 50 (-199n, 0 snap) cpu 0 | f64 20 | gen 0.3s | dropped inexpr 2 oversz 0 unbuild 0 {}
 209     0     100               0    0.0352691175     0.040136674     0.857574794     0.805585424     0.004205627   0.00333613535
 209     1      50               0    0.0352691175     0.040136674     0.857574794     0.805585424     0.004205627   0.00333613535
          wgpu 1d 197g 333c x3w 4ms | egraph 28g->187v+0snap 7ms | graft 55 (-221n, 0 snap) cpu 0 | f64 20 | gen 0.3s | dropped inexpr 2 oversz 0 unbuild 0 {}
 210     0     100               0    0.0352691175     0.040136674     0.857574794     0.805585424     0.004205627   0.00333613535
 210     1      50               0    0.0352691175     0.040136674     0.857574794     0.805585424     0.004205627   0.00333613535
          wgpu 1d 196g 319c x3w 4ms | egraph 25g->173v+0snap 5ms | graft 44 (-159n, 0 snap) cpu 0 | f64 20 | gen 0.3s | dropped inexpr 1 oversz 0 unbuild 0 {}
--------- pump migration: intra (promote-2 + intake-reset) + cross ---------
 211     0     100               0    0.0352691175     0.040136674     0.857574794     0.805585424     0.004205627   0.00333613535
 211     1      50               0    0.0352691175     0.040136674     0.857574794     0.805585424     0.004205627   0.00333613535
          wgpu 2d 435g 506c x3w 8ms | egraph 90g->280v+0snap 16ms | graft 100 (-333n, 0 snap) cpu 0 | f64 30 | gen 0.3s | dropped inexpr 3 oversz 0 unbuild 0 {}
 212     0     100               0    0.0352691175     0.040136674     0.857574794     0.805585424     0.004205627   0.00333613535
 212     1      50               0    0.0352691175     0.040136674     0.857574794     0.805585424     0.004205627   0.00333613535
          wgpu 1d 191g 325c x3w 4ms | egraph 18g->179v+0snap 5ms | graft 52 (-202n, 0 snap) cpu 0 | f64 20 | gen 0.4s | dropped inexpr 1 oversz 0 unbuild 0 {}
 213     0     100               0    0.0352691175     0.040136674     0.857574794     0.805585424     0.004205627   0.00333613535
 213     1      50               0    0.0352691175     0.040136674     0.857574794     0.805585424     0.004205627   0.00333613535
          wgpu 1d 194g 333c x3w 4ms | egraph 31g->187v+0snap 6ms | graft 51 (-199n, 0 snap) cpu 0 | f64 20 | gen 0.4s | dropped inexpr 1 oversz 0 unbuild 0 {}
 214     0     100               0    0.0352691175     0.040136674     0.857574794     0.805585424     0.004205627   0.00333613535
 214     1      50               0    0.0352691175     0.040136674     0.857574794     0.805585424     0.004205627   0.00333613535
          wgpu 1d 197g 321c x3w 4ms | egraph 23g->175v+0snap 4ms | graft 57 (-227n, 0 snap) cpu 0 | f64 20 | gen 0.4s
 215     0     100               0    0.0352691175     0.040136674     0.857574794     0.805585424     0.004205627   0.00333613535
 215     1      50               0    0.0352691175     0.040136674     0.857574794     0.805585424     0.004205627   0.00333613535
          wgpu 1d 191g 312c x3w 4ms | egraph 21g->166v+0snap 4ms | graft 46 (-178n, 0 snap) cpu 0 | f64 20 | gen 0.4s
 216     0     100               0    0.0352691175     0.040136674     0.857574794     0.805585424     0.004205627   0.00333613535
 216     1      50               0    0.0352691175     0.040136674     0.857574794     0.805585424     0.004205627   0.00333613535
          wgpu 1d 187g 316c x3w 4ms | egraph 30g->170v+0snap 6ms | graft 51 (-223n, 0 snap) cpu 0 | f64 20 | gen 0.4s
 217     0     100               0    0.0352691175     0.040136674     0.857574794     0.805585424     0.004205627   0.00333613535
 217     1      50               0    0.0352691175     0.040136674     0.857574794     0.805585424     0.004205627   0.00333613535
          wgpu 1d 190g 324c x3w 4ms | egraph 25g->178v+0snap 5ms | graft 47 (-168n, 0 snap) cpu 0 | f64 20 | gen 0.4s | dropped inexpr 1 oversz 0 unbuild 0 {}
 218     0     100               0    0.0352691175     0.040136674     0.857574794     0.805585424     0.004205627   0.00333613535
 218     1      50               0    0.0352691175     0.040136674     0.857574794     0.805585424     0.004205627   0.00333613535
          wgpu 1d 178g 312c x3w 4ms | egraph 19g->166v+0snap 4ms | graft 48 (-192n, 0 snap) cpu 0 | f64 20 | gen 0.3s | dropped inexpr 1 oversz 0 unbuild 0 {}
 219     0     100               0    0.0352691175     0.040136674     0.857574794     0.805585424     0.004205627   0.00333613535
 219     1      50               0    0.0352691175     0.040136674     0.857574794     0.805585424     0.004205627   0.00333613535
          wgpu 1d 191g 321c x3w 4ms | egraph 20g->175v+0snap 4ms | graft 57 (-204n, 0 snap) cpu 0 | f64 20 | gen 0.3s | dropped inexpr 2 oversz 0 unbuild 0 {}
 220     0     100               0    0.0352691175     0.040136674     0.857574794     0.805585424     0.004205627   0.00333613535
 220     1      50               0    0.0352691175     0.040136674     0.857574794     0.805585424     0.004205627   0.00333613535
          wgpu 1d 176g 316c x3w 4ms | egraph 20g->170v+0snap 4ms | graft 55 (-215n, 0 snap) cpu 0 | f64 20 | gen 0.3s | dropped inexpr 1 oversz 0 unbuild 0 {}
--------- pump migration: intra (promote-2 + intake-reset) ---------
 221     0     100               0    0.0352691175     0.040136674     0.857574794     0.805585424     0.004205627   0.00333613535
 221     1      50               0    0.0352691175     0.040136674     0.857574794     0.805585424     0.004205627   0.00333613535
          wgpu 2d 394g 455c x3w 8ms | egraph 89g->229v+0snap 15ms | graft 84 (-300n, 0 snap) cpu 0 | f64 30 | gen 0.3s | dropped inexpr 4 oversz 0 unbuild 0 {}
 222     0     100               0    0.0352691175     0.040136674     0.857574794     0.805585424     0.004205627   0.00333613535
 222     1      50               0    0.0352691175     0.040136674     0.857574794     0.805585424     0.004205627   0.00333613535
          wgpu 1d 194g 320c x3w 4ms | egraph 20g->174v+0snap 4ms | graft 58 (-231n, 0 snap) cpu 0 | f64 20 | gen 0.4s
 223     0     100               0    0.0352691175     0.040136674     0.857574794     0.805585424     0.004205627   0.00333613535
 223     1      50               0    0.0352691175     0.040136674     0.857574794     0.805585424     0.004205627   0.00333613535
          wgpu 1d 163g 310c x3w 4ms | egraph 25g->164v+0snap 4ms | graft 48 (-185n, 0 snap) cpu 0 | f64 20 | gen 0.3s
 224     0     100               0    0.0352691175     0.040136674     0.857574794     0.805585424     0.004205627   0.00333613535
 224     1      50               0    0.0352691175     0.040136674     0.857574794     0.805585424     0.004205627   0.00333613535
          wgpu 1d 207g 343c x3w 4ms | egraph 30g->197v+0snap 6ms | graft 63 (-246n, 0 snap) cpu 0 | f64 20 | gen 0.4s
 225     0     100               0    0.0352691175     0.040136674     0.857574794     0.805585424     0.004205627   0.00333613535
 225     1      50               0    0.0352691175     0.040136674     0.857574794     0.805585424     0.004205627   0.00333613535
          wgpu 1d 185g 314c x3w 4ms | egraph 20g->168v+0snap 3ms | graft 44 (-153n, 0 snap) cpu 0 | f64 20 | gen 0.2s
 226     0     100               0    0.0352691175     0.040136674     0.857574794     0.805585424     0.004205627   0.00333613535
 226     1      50               0    0.0352691175     0.040136674     0.857574794     0.805585424     0.004205627   0.00333613535
          wgpu 1d 188g 316c x3w 4ms | egraph 22g->170v+0snap 4ms | graft 45 (-199n, 0 snap) cpu 0 | f64 20 | gen 0.3s
 227     0     100               0    0.0352691175     0.040136674     0.857574794     0.805585424     0.004205627   0.00333613535
 227     1      50               0    0.0352691175     0.040136674     0.857574794     0.805585424     0.004205627   0.00333613535
          wgpu 1d 168g 317c x3w 4ms | egraph 14g->171v+0snap 3ms | graft 50 (-174n, 0 snap) cpu 0 | f64 20 | gen 0.3s | dropped inexpr 1 oversz 0 unbuild 0 {}
 228     0     100               0    0.0352691175     0.040136674     0.857574794     0.805585424     0.004205627   0.00333613535
 228     1      50               0    0.0352691175     0.040136674     0.857574794     0.805585424     0.004205627   0.00333613535
          wgpu 1d 192g 327c x3w 4ms | egraph 31g->181v+0snap 6ms | graft 53 (-217n, 0 snap) cpu 0 | f64 20 | gen 0.4s | dropped inexpr 1 oversz 0 unbuild 0 {}
 229     0     100               0    0.0352691175     0.040136674     0.857574794     0.805585424     0.004205627   0.00333613535
 229     1      50               0    0.0352691175     0.040136674     0.857574794     0.805585424     0.004205627   0.00333613535
          wgpu 1d 200g 317c x3w 4ms | egraph 34g->171v+0snap 6ms | graft 50 (-229n, 0 snap) cpu 0 | f64 20 | gen 0.3s | dropped inexpr 1 oversz 0 unbuild 0 {}
 230     0     100               0    0.0352691175     0.040136674     0.857574794     0.805585424     0.004205627   0.00333613535
 230     1      50               0    0.0352691175     0.040136674     0.857574794     0.805585424     0.004205627   0.00333613535
          wgpu 1d 198g 324c x3w 4ms | egraph 26g->178v+0snap 5ms | graft 51 (-212n, 0 snap) cpu 0 | f64 20 | gen 0.4s | dropped inexpr 1 oversz 0 unbuild 0 {}
--------- pump migration: intra (promote-2 + intake-reset) ---------
 231     0     100               0    0.0352691175     0.040136674     0.857574794     0.805585424     0.004205627   0.00333613535
 231     1      50               0    0.0352691175     0.040136674     0.857574794     0.805585424     0.004205627   0.00333613535
          wgpu 2d 377g 488c x3w 7ms | egraph 98g->262v+0snap 16ms | graft 103 (-316n, 0 snap) cpu 0 | f64 30 | gen 0.3s | dropped inexpr 2 oversz 0 unbuild 0 {}
 232     0     100               0    0.0352691175     0.040136674     0.857574794     0.805585424     0.004205627   0.00333613535
 232     1      50               0    0.0352691175     0.040136674     0.857574794     0.805585424     0.004205627   0.00333613535
          wgpu 1d 160g 313c x3w 4ms | egraph 24g->167v+0snap 5ms | graft 47 (-198n, 0 snap) cpu 0 | f64 20 | gen 0.4s | dropped inexpr 1 oversz 0 unbuild 0 {}
 233     0     100               0    0.0352691175     0.040136674     0.857574794     0.805585424     0.004205627   0.00333613535
 233     1      50               0    0.0352691175     0.040136674     0.857574794     0.805585424     0.004205627   0.00333613535
          wgpu 1d 180g 327c x3w 4ms | egraph 28g->181v+0snap 6ms | graft 55 (-227n, 0 snap) cpu 0 | f64 20 | gen 0.3s
 234     0     100               0    0.0352691175     0.040136674     0.857574794     0.805585424     0.004205627   0.00333613535
 234     1      50               0    0.0352691175     0.040136674     0.857574794     0.805585424     0.004205627   0.00333613535
          wgpu 1d 199g 317c x3w 4ms | egraph 22g->171v+0snap 5ms | graft 53 (-197n, 0 snap) cpu 0 | f64 20 | gen 0.3s
 235     0     100               0    0.0352691175     0.040136674     0.857574794     0.805585424     0.004205627   0.00333613535
 235     1      50               0    0.0352691175     0.040136674     0.857574794     0.805585424     0.004205627   0.00333613535
          wgpu 1d 174g 313c x3w 4ms | egraph 20g->167v+0snap 5ms | graft 48 (-217n, 0 snap) cpu 0 | f64 20 | gen 0.3s
 236     0     100               0    0.0352691175     0.040136674     0.857574794     0.805585424     0.004205627   0.00333613535
 236     1      50               0    0.0352691175     0.040136674     0.857574794     0.805585424     0.004205627   0.00333613535
          wgpu 1d 207g 315c x3w 4ms | egraph 21g->169v+0snap 4ms | graft 49 (-204n, 0 snap) cpu 0 | f64 20 | gen 0.3s | dropped inexpr 1 oversz 0 unbuild 0 {}
 237     0     100               0    0.0352691175     0.040136674     0.857574794     0.805585424     0.004205627   0.00333613535
 237     1      50               0    0.0352691175     0.040136674     0.857574794     0.805585424     0.004205627   0.00333613535
          wgpu 1d 169g 323c x3w 4ms | egraph 24g->177v+0snap 5ms | graft 54 (-208n, 0 snap) cpu 0 | f64 20 | gen 0.3s
 238     0     100               0    0.0352691175     0.040136674     0.857574794     0.805585424     0.004205627   0.00333613535
 238     1      50               0    0.0352691175     0.040136674     0.857574794     0.805585424     0.004205627   0.00333613535
          wgpu 1d 165g 304c x3w 4ms | egraph 18g->158v+0snap 5ms | graft 40 (-160n, 0 snap) cpu 0 | f64 20 | gen 0.4s
 239     0     100               0    0.0352691175     0.040136674     0.857574794     0.805585424     0.004205627   0.00333613535
 239     1      50               0    0.0352691175     0.040136674     0.857574794     0.805585424     0.004205627   0.00333613535
          wgpu 1d 181g 323c x3w 4ms | egraph 25g->177v+0snap 8ms | graft 44 (-190n, 0 snap) cpu 0 | f64 20 | gen 0.4s
 240     0     100               0    0.0352691175     0.040136674     0.857574794     0.805585424     0.004205627   0.00333613535
 240     1      50               0    0.0352691175     0.040136674     0.857574794     0.805585424     0.004205627   0.00333613535
          wgpu 1d 197g 326c x3w 4ms | egraph 23g->180v+0snap 5ms | graft 45 (-179n, 0 snap) cpu 0 | f64 20 | gen 0.3s | dropped inexpr 1 oversz 0 unbuild 0 {}
--------- pump migration: intra (promote-2 + intake-reset) + cross ---------
 241     0     100               0    0.0352691175     0.040136674     0.857574794     0.805585424     0.004205627   0.00333613535
 241     1      50               0    0.0352691175     0.040136674     0.857574794     0.805585424     0.004205627   0.00333613535
          wgpu 2d 414g 483c x3w 8ms | egraph 107g->257v+0snap 21ms | graft 88 (-344n, 0 snap) cpu 0 | f64 30 | gen 0.3s | dropped inexpr 12 oversz 0 unbuild 0 {}
 242     0     100               0    0.0352691175     0.040136674     0.857574794     0.805585424     0.004205627   0.00333613535
 242     1      50               0    0.0352691175     0.040136674     0.857574794     0.805585424     0.004205627   0.00333613535
          wgpu 1d 173g 302c x3w 4ms | egraph 27g->156v+0snap 8ms | graft 47 (-158n, 0 snap) cpu 0 | f64 20 | gen 0.4s | dropped inexpr 6 oversz 0 unbuild 0 {}
 243     0     100               0    0.0352691175     0.040136674     0.857574794     0.805585424     0.004205627   0.00333613535
 243     1      50               0    0.0352691175     0.040136674     0.857574794     0.805585424     0.004205627   0.00333613535
          wgpu 1d 180g 316c x3w 4ms | egraph 21g->170v+0snap 5ms | graft 51 (-202n, 0 snap) cpu 0 | f64 20 | gen 0.4s | dropped inexpr 2 oversz 0 unbuild 0 {}
 244     0     100               0    0.0352691175     0.040136674     0.857574794     0.805585424     0.004205627   0.00333613535
 244     1      50               0    0.0352691175     0.040136674     0.857574794     0.805585424     0.004205627   0.00333613535
          wgpu 1d 203g 321c x3w 4ms | egraph 27g->175v+0snap 6ms | graft 55 (-224n, 0 snap) cpu 0 | f64 20 | gen 0.5s | dropped inexpr 1 oversz 0 unbuild 0 {}
 245     0     100               0    0.0352691175     0.040136674     0.857574794     0.805585424     0.004205627   0.00333613535
 245     1      50               0    0.0352691175     0.040136674     0.857574794     0.805585424     0.004205627   0.00333613535
          wgpu 1d 170g 316c x3w 4ms | egraph 19g->170v+0snap 5ms | graft 54 (-240n, 0 snap) cpu 0 | f64 20 | gen 0.3s | dropped inexpr 2 oversz 0 unbuild 0 {}
 246     0     100               0    0.0352691175     0.040136674     0.857574794     0.805585424     0.004205627   0.00333613535
 246     1      50               0    0.0352691175     0.040136674     0.857574794     0.805585424     0.004205627   0.00333613535
          wgpu 1d 179g 326c x3w 4ms | egraph 24g->180v+0snap 6ms | graft 52 (-200n, 0 snap) cpu 0 | f64 20 | gen 0.3s
 247     0     100               0    0.0352691175     0.040136674     0.857574794     0.805585424     0.004205627   0.00333613535
 247     1      50               0    0.0352691175     0.040136674     0.857574794     0.805585424     0.004205627   0.00333613535
          wgpu 1d 170g 316c x3w 4ms | egraph 21g->170v+0snap 4ms | graft 41 (-158n, 0 snap) cpu 0 | f64 20 | gen 0.4s | dropped inexpr 1 oversz 0 unbuild 0 {}
 248     0     100               0    0.0352691175     0.040136674     0.857574794     0.805585424     0.004205627   0.00333613535
 248     1      50               0    0.0352691175     0.040136674     0.857574794     0.805585424     0.004205627   0.00333613535
          wgpu 1d 177g 311c x3w 4ms | egraph 22g->165v+0snap 4ms | graft 44 (-189n, 0 snap) cpu 0 | f64 20 | gen 0.3s | dropped inexpr 1 oversz 0 unbuild 0 {}
 249     0     100               0    0.0352691175     0.040136674     0.857574794     0.805585424     0.004205627   0.00333613535
 249     1      50               0    0.0352691175     0.040136674     0.857574794     0.805585424     0.004205627   0.00333613535
          wgpu 1d 197g 321c x3w 4ms | egraph 32g->175v+0snap 5ms | graft 51 (-232n, 0 snap) cpu 0 | f64 20 | gen 0.3s | dropped inexpr 1 oversz 0 unbuild 0 {}
 250     0     100               0    0.0352691175     0.040136674     0.857574794     0.805585424     0.004205627   0.00333613535
 250     1      50               0    0.0352691175     0.040136674     0.857574794     0.805585424     0.004205627   0.00333613535
          wgpu 1d 174g 318c x3w 4ms | egraph 23g->172v+0snap 4ms | graft 53 (-196n, 0 snap) cpu 0 | f64 20 | gen 0.3s
--------- pump migration: intra (promote-2 + intake-reset) ---------
 251     0     100               0    0.0352691175     0.040136674     0.857574794     0.805585424     0.004205627   0.00333613535
 251     1      50               0    0.0352691175     0.040136674     0.857574794     0.805585424     0.004205627   0.00333613535
          wgpu 2d 428g 526c x3w 8ms | egraph 83g->300v+0snap 19ms | graft 106 (-399n, 0 snap) cpu 0 | f64 30 | gen 0.3s | dropped inexpr 5 oversz 0 unbuild 0 {}
 252     0     100               0    0.0352691175     0.040136674     0.857574794     0.805585424     0.004205627   0.00333613535
 252     1      50               0    0.0352691175     0.040136674     0.857574794     0.805585424     0.004205627   0.00333613535
          wgpu 1d 197g 324c x3w 4ms | egraph 22g->178v+0snap 5ms | graft 46 (-173n, 0 snap) cpu 0 | f64 20 | gen 0.4s
 253     0     100               0    0.0352691175     0.040136674     0.857574794     0.805585424     0.004205627   0.00333613535
 253     1      50               0    0.0352691175     0.040136674     0.857574794     0.805585424     0.004205627   0.00333613535
          wgpu 1d 176g 309c x3w 4ms | egraph 16g->163v+0snap 3ms | graft 60 (-215n, 0 snap) cpu 0 | f64 20 | gen 0.3s | dropped inexpr 2 oversz 0 unbuild 0 {}
 254     0     100               0    0.0352691175     0.040136674     0.857574794     0.805585424     0.004205627   0.00333613535
 254     1      50               0    0.0352691175     0.040136674     0.857574794     0.805585424     0.004205627   0.00333613535
          wgpu 1d 188g 319c x3w 4ms | egraph 19g->173v+0snap 4ms | graft 56 (-250n, 0 snap) cpu 0 | f64 20 | gen 0.3s | dropped inexpr 1 oversz 0 unbuild 0 {}
 255     0     100               0    0.0352691175     0.040136674     0.857574794     0.805585424     0.004205627   0.00333613535
 255     1      50               0    0.0352691175     0.040136674     0.857574794     0.805585424     0.004205627   0.00333613535
          wgpu 1d 170g 329c x3w 4ms | egraph 19g->183v+0snap 5ms | graft 52 (-202n, 0 snap) cpu 0 | f64 20 | gen 0.5s
 256     0     100               0    0.0352691175     0.040136674     0.857574794     0.805585424     0.004205627   0.00333613535
 256     1      50               0    0.0352691175     0.040136674     0.857574794     0.805585424     0.004205627   0.00333613535
          wgpu 1d 183g 322c x3w 4ms | egraph 28g->176v+0snap 5ms | graft 52 (-222n, 0 snap) cpu 0 | f64 20 | gen 0.4s
 257     0     100               0    0.0352691175     0.040136674     0.857574794     0.805585424     0.004205627   0.00333613535
 257     1      50               0    0.0352691175     0.040136674     0.857574794     0.805585424     0.004205627   0.00333613535
          wgpu 1d 177g 316c x3w 4ms | egraph 20g->170v+0snap 4ms | graft 49 (-191n, 0 snap) cpu 0 | f64 20 | gen 0.4s
 258     0     100               0    0.0352691175     0.040136674     0.857574794     0.805585424     0.004205627   0.00333613535
 258     1      50               0    0.0352691175     0.040136674     0.857574794     0.805585424     0.004205627   0.00333613535
          wgpu 1d 202g 324c x3w 4ms | egraph 27g->178v+0snap 5ms | graft 51 (-210n, 0 snap) cpu 0 | f64 20 | gen 0.3s
 259     0     100               0    0.0352691175     0.040136674     0.857574794     0.805585424     0.004205627   0.00333613535
 259     1      50               0    0.0352691175     0.040136674     0.857574794     0.805585424     0.004205627   0.00333613535
          wgpu 1d 169g 309c x3w 4ms | egraph 20g->163v+0snap 4ms | graft 42 (-173n, 0 snap) cpu 0 | f64 20 | gen 0.3s
 260     0     100               0    0.0352691175     0.040136674     0.857574794     0.805585424     0.004205627   0.00333613535
 260     1      50               0    0.0352691175     0.040136674     0.857574794     0.805585424     0.004205627   0.00333613535
          wgpu 1d 204g 333c x3w 4ms | egraph 26g->187v+0snap 4ms | graft 65 (-256n, 0 snap) cpu 0 | f64 20 | gen 0.4s | dropped inexpr 2 oversz 0 unbuild 0 {}
--------- pump migration: intra (promote-2 + intake-reset) ---------
 261     0     100               0    0.0352691175     0.040136674     0.857574794     0.805585424     0.004205627   0.00333613535
 261     1      50               0    0.0352691175     0.040136674     0.857574794     0.805585424     0.004205627   0.00333613535
          wgpu 2d 439g 522c x3w 8ms | egraph 98g->296v+0snap 20ms | graft 113 (-408n, 0 snap) cpu 0 | f64 30 | gen 0.3s | dropped inexpr 2 oversz 0 unbuild 0 {}
 262     0     100               0    0.0352691175     0.040136674     0.857574794     0.805585424     0.004205627   0.00333613535
 262     1      50               0    0.0352691175     0.040136674     0.857574794     0.805585424     0.004205627   0.00333613535
          wgpu 1d 175g 313c x3w 4ms | egraph 16g->167v+0snap 4ms | graft 50 (-214n, 0 snap) cpu 0 | f64 20 | gen 0.3s
 263     0     100               0    0.0352691175     0.040136674     0.857574794     0.805585424     0.004205627   0.00333613535
 263     1      50               0    0.0352691175     0.040136674     0.857574794     0.805585424     0.004205627   0.00333613535
          wgpu 1d 194g 312c x3w 4ms | egraph 28g->166v+0snap 6ms | graft 57 (-248n, 0 snap) cpu 0 | f64 20 | gen 0.3s
 264     0     100               0    0.0352691175     0.040136674     0.857574794     0.805585424     0.004205627   0.00333613535
 264     1      50               0    0.0352691175     0.040136674     0.857574794     0.805585424     0.004205627   0.00333613535
          wgpu 1d 182g 323c x3w 4ms | egraph 19g->177v+0snap 5ms | graft 51 (-204n, 0 snap) cpu 0 | f64 20 | gen 0.3s
 265     0     100               0    0.0352691175     0.040136674     0.857574794     0.805585424     0.004205627   0.00333613535
 265     1      50               0    0.0352691175     0.040136674     0.857574794     0.805585424     0.004205627   0.00333613535
          wgpu 1d 188g 311c x3w 4ms | egraph 22g->165v+0snap 6ms | graft 52 (-238n, 0 snap) cpu 0 | f64 20 | gen 0.4s
 266     0     100               0    0.0352691175     0.040136674     0.857574794     0.805585424     0.004205627   0.00333613535
 266     1      50               0    0.0352691175     0.040136674     0.857574794     0.805585424     0.004205627   0.00333613535
          wgpu 1d 188g 318c x3w 4ms | egraph 23g->172v+0snap 7ms | graft 41 (-177n, 0 snap) cpu 0 | f64 20 | gen 0.4s
 267     0     100               0    0.0352691175     0.040136674     0.857574794     0.805585424     0.004205627   0.00333613535
 267     1      50               0    0.0352691175     0.040136674     0.857574794     0.805585424     0.004205627   0.00333613535
          wgpu 1d 188g 312c x3w 4ms | egraph 23g->166v+0snap 5ms | graft 46 (-215n, 0 snap) cpu 0 | f64 20 | gen 0.5s
 268     0     100               0    0.0352691175     0.040136674     0.857574794     0.805585424     0.004205627   0.00333613535
 268     1      50               0    0.0352691175     0.040136674     0.857574794     0.805585424     0.004205627   0.00333613535
          wgpu 1d 178g 317c x3w 4ms | egraph 18g->171v+0snap 4ms | graft 53 (-218n, 0 snap) cpu 0 | f64 20 | gen 0.4s
 269     0     100               0    0.0352691175     0.040136674     0.857574794     0.805585424     0.004205627   0.00333613535
 269     1      50               0    0.0352691175     0.040136674     0.857574794     0.805585424     0.004205627   0.00333613535
          wgpu 1d 198g 309c x3w 4ms | egraph 23g->163v+0snap 7ms | graft 52 (-224n, 0 snap) cpu 0 | f64 20 | gen 0.4s
 270     0     100               0    0.0352691175     0.040136674     0.857574794     0.805585424     0.004205627   0.00333613535
 270     1      50               0    0.0352691175     0.040136674     0.857574794     0.805585424     0.004205627   0.00333613535
          wgpu 1d 180g 309c x3w 4ms | egraph 26g->163v+0snap 6ms | graft 43 (-204n, 0 snap) cpu 0 | f64 20 | gen 0.4s
--------- pump migration: intra (promote-2 + intake-reset) + cross ---------
 271     0     100               0    0.0352691175     0.040136674     0.857574794     0.805585424     0.004205627   0.00333613535
 271     1      50               0    0.0352691175     0.040136674     0.857574794     0.805585424     0.004205627   0.00333613535
          wgpu 2d 397g 500c x3w 8ms | egraph 89g->274v+0snap 18ms | graft 91 (-341n, 0 snap) cpu 0 | f64 30 | gen 0.3s
 272     0     100               0    0.0352691175     0.040136674     0.857574794     0.805585424     0.004205627   0.00333613535
 272     1      50               0    0.0352691175     0.040136674     0.857574794     0.805585424     0.004205627   0.00333613535
          wgpu 1d 193g 326c x3w 4ms | egraph 23g->180v+0snap 7ms | graft 59 (-228n, 0 snap) cpu 0 | f64 20 | gen 0.4s
 273     0     100               0    0.0352691175     0.040136674     0.857574794     0.805585424     0.004205627   0.00333613535
 273     1      50               0    0.0352691175     0.040136674     0.857574794     0.805585424     0.004205627   0.00333613535
          wgpu 1d 197g 323c x3w 4ms | egraph 32g->177v+0snap 6ms | graft 60 (-239n, 0 snap) cpu 0 | f64 20 | gen 0.4s
 274     0     100               0    0.0352691175     0.040136674     0.857574794     0.805585424     0.004205627   0.00333613535
 274     1      50               0    0.0352691175     0.040136674     0.857574794     0.805585424     0.004205627   0.00333613535
          wgpu 1d 197g 321c x3w 4ms | egraph 26g->175v+0snap 6ms | graft 60 (-247n, 0 snap) cpu 0 | f64 20 | gen 0.3s
 275     0     100               0    0.0352691175     0.040136674     0.857574794     0.805585424     0.004205627   0.00333613535
 275     1      50               0    0.0352691175     0.040136674     0.857574794     0.805585424     0.004205627   0.00333613535
          wgpu 1d 172g 319c x3w 4ms | egraph 14g->173v+0snap 4ms | graft 48 (-191n, 0 snap) cpu 0 | f64 20 | gen 0.4s
 276     0     100               0    0.0352691175     0.040136674     0.857574794     0.805585424     0.004205627   0.00333613535
 276     1      50               0    0.0352691175     0.040136674     0.857574794     0.805585424     0.004205627   0.00333613535
          wgpu 1d 176g 323c x3w 4ms | egraph 19g->177v+0snap 4ms | graft 50 (-185n, 0 snap) cpu 0 | f64 20 | gen 0.4s
 277     0     100               0    0.0352691175     0.040136674     0.857574794     0.805585424     0.004205627   0.00333613535
 277     1      50               0    0.0352691175     0.040136674     0.857574794     0.805585424     0.004205627   0.00333613535
          wgpu 1d 169g 314c x3w 3ms | egraph 22g->168v+0snap 5ms | graft 50 (-202n, 0 snap) cpu 0 | f64 20 | gen 0.4s
 278     0     100               0    0.0352691175     0.040136674     0.857574794     0.805585424     0.004205627   0.00333613535
 278     1      50               0    0.0352691175     0.040136674     0.857574794     0.805585424     0.004205627   0.00333613535
          wgpu 1d 188g 322c x3w 4ms | egraph 15g->176v+0snap 3ms | graft 57 (-226n, 0 snap) cpu 0 | f64 20 | gen 0.3s
 279     0     100               0    0.0352691175     0.040136674     0.857574794     0.805585424     0.004205627   0.00333613535
 279     1      50               0    0.0352691175     0.040136674     0.857574794     0.805585424     0.004205627   0.00333613535
          wgpu 1d 171g 319c x3w 4ms | egraph 13g->173v+0snap 4ms | graft 50 (-183n, 0 snap) cpu 0 | f64 20 | gen 0.4s
 280     0     100               0    0.0352691175     0.040136674     0.857574794     0.805585424     0.004205627   0.00333613535
 280     1      50               0    0.0352691175     0.040136674     0.857574794     0.805585424     0.004205627   0.00333613535
          wgpu 1d 208g 324c x3w 4ms | egraph 24g->178v+0snap 4ms | graft 56 (-225n, 0 snap) cpu 0 | f64 20 | gen 0.4s
--------- pump migration: intra (promote-2 + intake-reset) ---------
 281     0     100               0    0.0352691175     0.040136674     0.857574794     0.805585424     0.004205627   0.00333613535
 281     1      50               0    0.0352691175     0.040136674     0.857574794     0.805585424     0.004205627   0.00333613535
          wgpu 2d 380g 491c x3w 7ms | egraph 72g->265v+0snap 12ms | graft 115 (-427n, 0 snap) cpu 0 | f64 30 | gen 0.4s | dropped inexpr 1 oversz 0 unbuild 0 {}
 282     0     100               0    0.0352691175     0.040136674     0.857574794     0.805585424     0.004205627   0.00333613535
 282     1      50               0    0.0352691175     0.040136674     0.857574794     0.805585424     0.004205627   0.00333613535
          wgpu 1d 166g 316c x3w 4ms | egraph 19g->170v+0snap 4ms | graft 54 (-227n, 0 snap) cpu 0 | f64 20 | gen 0.3s
 283     0     100               0    0.0352691175     0.040136674     0.857574794     0.805585424     0.004205627   0.00333613535
 283     1      50               0    0.0352691116    0.0401367242     0.857575462     0.805585656   0.00420562629   0.00333613952
          wgpu 1d 167g 314c x3w 4ms | egraph 15g->168v+0snap 3ms | graft 49 (-226n, 0 snap) cpu 0 | f64 20 | gen 0.3s
 284     0     100               0    0.0352691175     0.040136674     0.857574794     0.805585424     0.004205627   0.00333613535
 284     1      50               0    0.0352691116    0.0401367242     0.857575462     0.805585656   0.00420562629   0.00333613952
          wgpu 1d 191g 315c x3w 4ms | egraph 27g->169v+0snap 5ms | graft 53 (-219n, 0 snap) cpu 0 | f64 20 | gen 0.4s
 285     0     100               0    0.0352691175     0.040136674     0.857574794     0.805585424     0.004205627   0.00333613535
 285     1      50               0    0.0352691116    0.0401367242     0.857575462     0.805585656   0.00420562629   0.00333613952
          wgpu 1d 178g 318c x3w 4ms | egraph 20g->172v+0snap 4ms | graft 53 (-225n, 0 snap) cpu 0 | f64 20 | gen 0.3s
 286     0     100               0    0.0352691175     0.040136674     0.857574794     0.805585424     0.004205627   0.00333613535
 286     1      50               0    0.0352691116    0.0401367242     0.857575462     0.805585656   0.00420562629   0.00333613952
          wgpu 1d 200g 318c x3w 4ms | egraph 23g->172v+0snap 4ms | graft 51 (-188n, 0 snap) cpu 0 | f64 20 | gen 0.4s
 287     0     100               0    0.0352691175     0.040136674     0.857574794     0.805585424     0.004205627   0.00333613535
 287     1      50               0    0.0352691116    0.0401367242     0.857575462     0.805585656   0.00420562629   0.00333613952
          wgpu 1d 182g 335c x3w 4ms | egraph 28g->189v+0snap 6ms | graft 59 (-227n, 0 snap) cpu 0 | f64 20 | gen 0.4s
 288     0     100               0    0.0352691175     0.040136674     0.857574794     0.805585424     0.004205627   0.00333613535
 288     1      50               0    0.0352691116    0.0401367242     0.857575462     0.805585656   0.00420562629   0.00333613952
          wgpu 1d 180g 318c x3w 4ms | egraph 22g->172v+0snap 5ms | graft 52 (-245n, 0 snap) cpu 0 | f64 20 | gen 0.4s
 289     0     100               0    0.0352691175     0.040136674     0.857574794     0.805585424     0.004205627   0.00333613535
 289     1      50               0    0.0352691116    0.0401367242     0.857575462     0.805585656   0.00420562629   0.00333613952
          wgpu 1d 198g 331c x3w 4ms | egraph 29g->185v+0snap 5ms | graft 63 (-284n, 0 snap) cpu 0 | f64 20 | gen 0.4s
 290     0     100               0    0.0352691175     0.040136674     0.857574794     0.805585424     0.004205627   0.00333613535
 290     1      50               0    0.0352691116    0.0401367242     0.857575462     0.805585656   0.00420562629   0.00333613952
          wgpu 1d 175g 322c x3w 4ms | egraph 18g->176v+0snap 3ms | graft 49 (-185n, 0 snap) cpu 0 | f64 20 | gen 0.3s
--------- pump migration: intra (promote-2 + intake-reset) ---------
 291     0     100               0    0.0352691175     0.040136674     0.857574794     0.805585424     0.004205627   0.00333613535
 291     1      50               0    0.0352691175     0.040136674     0.857574794     0.805585424     0.004205627   0.00333613535
          wgpu 2d 441g 531c x3w 9ms | egraph 93g->305v+0snap 17ms | graft 96 (-360n, 0 snap) cpu 0 | f64 30 | gen 0.5s | dropped inexpr 3 oversz 0 unbuild 0 {}
 292     0     100               0    0.0352691175     0.040136674     0.857574794     0.805585424     0.004205627   0.00333613535
 292     1      50               0    0.0352691175     0.040136674     0.857574794     0.805585424     0.004205627   0.00333613535
          wgpu 1d 179g 322c x3w 3ms | egraph 24g->176v+0snap 5ms | graft 54 (-229n, 0 snap) cpu 0 | f64 20 | gen 0.3s | dropped inexpr 2 oversz 0 unbuild 0 {}
 293     0     100               0    0.0352691175     0.040136674     0.857574794     0.805585424     0.004205627   0.00333613535
 293     1      50               0    0.0352691175     0.040136674     0.857574794     0.805585424     0.004205627   0.00333613535
          wgpu 1d 175g 316c x3w 4ms | egraph 8g->170v+0snap 3ms | graft 53 (-223n, 0 snap) cpu 0 | f64 20 | gen 0.4s
 294     0     100               0    0.0352691175     0.040136674     0.857574794     0.805585424     0.004205627   0.00333613535
 294     1      50               0    0.0352691175     0.040136674     0.857574794     0.805585424     0.004205627   0.00333613535
          wgpu 1d 180g 320c x3w 3ms | egraph 28g->174v+0snap 5ms | graft 60 (-253n, 0 snap) cpu 0 | f64 20 | gen 0.3s
 295     0     100               0    0.0352691175     0.040136674     0.857574794     0.805585424     0.004205627   0.00333613535
 295     1      50               0    0.0352691116    0.0401367242     0.857575462     0.805585656   0.00420562629   0.00333613952
          wgpu 1d 185g 315c x3w 4ms | egraph 19g->169v+0snap 4ms | graft 52 (-202n, 0 snap) cpu 0 | f64 20 | gen 0.4s
 296     0     100               0    0.0352691175     0.040136674     0.857574794     0.805585424     0.004205627   0.00333613535
 296     1      50               0    0.0352691116    0.0401367242     0.857575462     0.805585656   0.00420562629   0.00333613952
          wgpu 1d 194g 337c x3w 4ms | egraph 21g->191v+0snap 5ms | graft 54 (-180n, 0 snap) cpu 0 | f64 20 | gen 0.4s
 297     0     100               0    0.0352691175     0.040136674     0.857574794     0.805585424     0.004205627   0.00333613535
 297     1      50               0    0.0352691116    0.0401367242     0.857575462     0.805585656   0.00420562629   0.00333613952
          wgpu 1d 171g 312c x3w 4ms | egraph 20g->166v+0snap 4ms | graft 53 (-222n, 0 snap) cpu 0 | f64 20 | gen 0.5s
 298     0     100               0    0.0352691175     0.040136674     0.857574794     0.805585424     0.004205627   0.00333613535
 298     1      50               0    0.0352691116    0.0401367242     0.857575462     0.805585656   0.00420562629   0.00333613952
          wgpu 1d 176g 317c x3w 4ms | egraph 19g->171v+0snap 4ms | graft 54 (-204n, 0 snap) cpu 0 | f64 20 | gen 0.3s
 299     0     100               0    0.0352691175     0.040136674     0.857574794     0.805585424     0.004205627   0.00333613535
 299     1      50               0    0.0352691116    0.0401367242     0.857575462     0.805585656   0.00420562629   0.00333613952
          wgpu 1d 195g 317c x3w 4ms | egraph 22g->171v+0snap 5ms | graft 52 (-216n, 0 snap) cpu 0 | f64 20 | gen 0.3s
 300     0     100               0    0.0352691175     0.040136674     0.857574794     0.805585424     0.004205627   0.00333613535
 300     1      50               0    0.0352691116    0.0401367242     0.857575462     0.805585656   0.00420562629   0.00333613952
          wgpu 1d 187g 316c x3w 4ms | egraph 13g->170v+0snap 4ms | graft 53 (-200n, 0 snap) cpu 0 | f64 20 | gen 0.4s
--------- pump migration: intra (promote-2 + intake-reset) + cross ---------
 301     0     100               0    0.0352691175     0.040136674     0.857574794     0.805585424     0.004205627   0.00333613535
 301     1      50               0    0.0352691116    0.0401367242     0.857575462     0.805585656   0.00420562629   0.00333613952
          wgpu 2d 400g 507c x3w 7ms | egraph 86g->281v+0snap 14ms | graft 116 (-422n, 0 snap) cpu 0 | f64 30 | gen 0.3s | dropped inexpr 2 oversz 0 unbuild 0 {}
 302     0     100               0    0.0352691175     0.040136674     0.857574794     0.805585424     0.004205627   0.00333613535
 302     1      50               0    0.0352691116    0.0401367242     0.857575462     0.805585656   0.00420562629   0.00333613952
          wgpu 1d 186g 317c x3w 4ms | egraph 18g->171v+0snap 4ms | graft 53 (-210n, 0 snap) cpu 0 | f64 20 | gen 0.4s
 303     0     100               0    0.0352691175     0.040136674     0.857574794     0.805585424     0.004205627   0.00333613535
 303     1      50               0    0.0352691116    0.0401367242     0.857575462     0.805585656   0.00420562629   0.00333613952
          wgpu 1d 176g 313c x3w 4ms | egraph 17g->167v+0snap 4ms | graft 46 (-184n, 0 snap) cpu 0 | f64 20 | gen 0.3s
 304     0     100               0    0.0352691175     0.040136674     0.857574794     0.805585424     0.004205627   0.00333613535
 304     1      50               0    0.0352691116    0.0401367242     0.857575462     0.805585656   0.00420562629   0.00333613952
          wgpu 1d 179g 322c x3w 4ms | egraph 20g->176v+0snap 43ms | graft 59 (-239n, 0 snap) cpu 0 | f64 20 | gen 0.4s
 305     0     100               0    0.0352691175     0.040136674     0.857574794     0.805585424     0.004205627   0.00333613535
 305     1      50               0    0.0352691116    0.0401367242     0.857575462     0.805585656   0.00420562629   0.00333613952
          wgpu 1d 187g 322c x3w 4ms | egraph 26g->176v+0snap 4ms | graft 52 (-192n, 0 snap) cpu 0 | f64 20 | gen 0.3s
 306     0     100               0    0.0352691175     0.040136674     0.857574794     0.805585424     0.004205627   0.00333613535
 306     1      50               0    0.0352691116    0.0401367242     0.857575462     0.805585656   0.00420562629   0.00333613952
          wgpu 1d 187g 320c x3w 4ms | egraph 18g->174v+0snap 4ms | graft 48 (-189n, 0 snap) cpu 0 | f64 20 | gen 0.4s
 307     0     100               0    0.0352691175     0.040136674     0.857574794     0.805585424     0.004205627   0.00333613535
 307     1      50               0    0.0352691116    0.0401367242     0.857575462     0.805585656   0.00420562629   0.00333613952
          wgpu 1d 182g 322c x3w 4ms | egraph 23g->176v+0snap 4ms | graft 63 (-276n, 0 snap) cpu 0 | f64 20 | gen 0.4s
 308     0     100               0    0.0352691175     0.040136674     0.857574794     0.805585424     0.004205627   0.00333613535
 308     1      50               0    0.0352691116    0.0401367242     0.857575462     0.805585656   0.00420562629   0.00333613952
          wgpu 1d 164g 322c x3w 4ms | egraph 23g->176v+0snap 4ms | graft 61 (-233n, 0 snap) cpu 0 | f64 20 | gen 0.3s
 309     0     100               0    0.0352691175     0.040136674     0.857574794     0.805585424     0.004205627   0.00333613535
 309     1      50               0    0.0352691116    0.0401367242     0.857575462     0.805585656   0.00420562629   0.00333613952
          wgpu 1d 186g 312c x3w 3ms | egraph 21g->166v+0snap 4ms | graft 53 (-216n, 0 snap) cpu 0 | f64 20 | gen 0.4s
 310     0     100               0    0.0352691175     0.040136674     0.857574794     0.805585424     0.004205627   0.00333613535
 310     1      50               0    0.0352691116    0.0401367242     0.857575462     0.805585656   0.00420562629   0.00333613952
          wgpu 1d 197g 318c x3w 4ms | egraph 20g->172v+0snap 4ms | graft 53 (-190n, 0 snap) cpu 0 | f64 20 | gen 0.4s
--------- pump migration: intra (promote-2 + intake-reset) ---------
 311     0     100               0    0.0352691175     0.040136674     0.857574794     0.805585424     0.004205627   0.00333613535
 311     1      50               0    0.0352691175     0.040136674     0.857574794     0.805585424     0.004205627   0.00333613535
          wgpu 2d 425g 551c x3w 8ms | egraph 94g->325v+0snap 20ms | graft 102 (-362n, 0 snap) cpu 0 | f64 30 | gen 0.3s | dropped inexpr 2 oversz 0 unbuild 0 {}
 312     0     100               0      2.58026022      4.08304119      10.6023161      16.9592711     0.307680283     0.339379841
 312     1      50               0    0.0352691116    0.0401367242     0.857575462     0.805585656   0.00420562629   0.00333613952
          wgpu 1d 197g 355c x3w 4ms | egraph 31g->209v+0snap 6ms | graft 49 (-222n, 0 snap) cpu 0 | f64 20 | gen 0.4s
 313     0     100               0    0.0352691175     0.040136674     0.857574794     0.805585424     0.004205627   0.00333613535
 313     1      50               0    0.0352691175     0.040136674     0.857574794     0.805585424     0.004205627   0.00333613535
          wgpu 1d 238g 363c x3w 4ms | egraph 39g->217v+0snap 7ms | graft 62 (-245n, 0 snap) cpu 0 | f64 20 | gen 0.3s
 314     0     100               0    0.0352691175     0.040136674     0.857574794     0.805585424     0.004205627   0.00333613535
 314     1      50               0    0.0352691175     0.040136674     0.857574794     0.805585424     0.004205627   0.00333613535
          wgpu 1d 172g 319c x3w 4ms | egraph 13g->173v+0snap 3ms | graft 50 (-194n, 0 snap) cpu 0 | f64 20 | gen 0.3s
 315     0     100               0    0.0352691175     0.040136674     0.857574794     0.805585424     0.004205627   0.00333613535
 315     1      50               0    0.0352691175     0.040136674     0.857574794     0.805585424     0.004205627   0.00333613535
          wgpu 1d 174g 318c x3w 4ms | egraph 15g->172v+0snap 3ms | graft 59 (-249n, 0 snap) cpu 0 | f64 20 | gen 0.3s
 316     0     100               0    0.0352691175     0.040136674     0.857574794     0.805585424     0.004205627   0.00333613535
 316     1      50               0    0.0352691175     0.040136674     0.857574794     0.805585424     0.004205627   0.00333613535
          wgpu 1d 188g 323c x3w 4ms | egraph 19g->177v+0snap 3ms | graft 54 (-238n, 0 snap) cpu 0 | f64 20 | gen 0.4s
 317     0     100               0    0.0352691175     0.040136674     0.857574794     0.805585424     0.004205627   0.00333613535
 317     1      50               0    0.0352691175     0.040136674     0.857574794     0.805585424     0.004205627   0.00333613535
          wgpu 1d 219g 330c x3w 4ms | egraph 24g->184v+0snap 5ms | graft 63 (-254n, 0 snap) cpu 0 | f64 20 | gen 0.3s
 318     0     100               0    0.0352691175     0.040136674     0.857574794     0.805585424     0.004205627   0.00333613535
 318     1      50               0    0.0352691175     0.040136674     0.857574794     0.805585424     0.004205627   0.00333613535
          wgpu 1d 201g 334c x3w 4ms | egraph 33g->188v+0snap 6ms | graft 58 (-248n, 0 snap) cpu 0 | f64 20 | gen 0.4s
 319     0     100               0    0.0352691175     0.040136674     0.857574794     0.805585424     0.004205627   0.00333613535
 319     1      50               0    0.0352691175     0.040136674     0.857574794     0.805585424     0.004205627   0.00333613535
          wgpu 1d 214g 323c x3w 4ms | egraph 16g->177v+0snap 3ms | graft 59 (-237n, 0 snap) cpu 0 | f64 20 | gen 0.3s
 320     0     100               0    0.0352691175     0.040136674     0.857574794     0.805585424     0.004205627   0.00333613535
 320     1      50               0    0.0352691175     0.040136674     0.857574794     0.805585424     0.004205627   0.00333613535
          wgpu 1d 179g 317c x3w 4ms | egraph 16g->171v+0snap 3ms | graft 55 (-214n, 0 snap) cpu 0 | f64 20 | gen 0.3s
--------- pump migration: intra (promote-2 + intake-reset) ---------
 321     0     100               0    0.0352691175     0.040136674     0.857574794     0.805585424     0.004205627   0.00333613535
 321     1      50               0    0.0352691175     0.040136674     0.857574794     0.805585424     0.004205627   0.00333613535
          wgpu 2d 431g 526c x3w 8ms | egraph 88g->300v+0snap 18ms | graft 95 (-377n, 0 snap) cpu 0 | f64 30 | gen 0.4s | dropped inexpr 2 oversz 0 unbuild 0 {}
 322     0     100               0    0.0352691175     0.040136674     0.857574794     0.805585424     0.004205627   0.00333613535
 322     1      50               0    0.0352691116    0.0401367242     0.857575462     0.805585656   0.00420562629   0.00333613952
          wgpu 1d 171g 324c x3w 4ms | egraph 12g->178v+0snap 3ms | graft 44 (-166n, 0 snap) cpu 0 | f64 20 | gen 0.4s
 323     0     100               0    0.0352691175     0.040136674     0.857574794     0.805585424     0.004205627   0.00333613535
 323     1      50               0    0.0352691175     0.040136674     0.857574794     0.805585424     0.004205627   0.00333613535
          wgpu 1d 169g 319c x3w 4ms | egraph 18g->173v+0snap 4ms | graft 55 (-233n, 0 snap) cpu 0 | f64 20 | gen 0.4s
 324     0     100               0    0.0352691175     0.040136674     0.857574794     0.805585424     0.004205627   0.00333613535
 324     1      50               0    0.0352691175     0.040136674     0.857574794     0.805585424     0.004205627   0.00333613535
          wgpu 1d 198g 323c x3w 4ms | egraph 14g->177v+0snap 4ms | graft 55 (-212n, 0 snap) cpu 0 | f64 20 | gen 0.4s
 325     0     100               0    0.0352691175     0.040136674     0.857574794     0.805585424     0.004205627   0.00333613535
 325     1      50               0    0.0352691175     0.040136674     0.857574794     0.805585424     0.004205627   0.00333613535
          wgpu 1d 170g 310c x3w 4ms | egraph 17g->164v+0snap 4ms | graft 46 (-169n, 0 snap) cpu 0 | f64 20 | gen 0.4s
 326     0     100               0    0.0352691175     0.040136674     0.857574794     0.805585424     0.004205627   0.00333613535
 326     1      50               0    0.0352691175     0.040136674     0.857574794     0.805585424     0.004205627   0.00333613535
          wgpu 1d 206g 327c x3w 4ms | egraph 20g->181v+0snap 4ms | graft 61 (-221n, 0 snap) cpu 0 | f64 20 | gen 0.3s
 327     0     100               0    0.0352691175     0.040136674     0.857574794     0.805585424     0.004205627   0.00333613535
 327     1      50               0    0.0352691175     0.040136674     0.857574794     0.805585424     0.004205627   0.00333613535
          wgpu 1d 175g 315c x3w 4ms | egraph 23g->169v+0snap 5ms | graft 45 (-183n, 0 snap) cpu 0 | f64 20 | gen 0.4s
 328     0     100               0    0.0352691175     0.040136674     0.857574794     0.805585424     0.004205627   0.00333613535
 328     1      50               0    0.0352691175     0.040136674     0.857574794     0.805585424     0.004205627   0.00333613535
          wgpu 1d 203g 341c x3w 4ms | egraph 22g->195v+0snap 5ms | graft 55 (-234n, 0 snap) cpu 0 | f64 20 | gen 0.4s
 329     0     100               0    0.0352691175     0.040136674     0.857574794     0.805585424     0.004205627   0.00333613535
 329     1      50               0    0.0352691175     0.040136674     0.857574794     0.805585424     0.004205627   0.00333613535
          wgpu 1d 172g 333c x3w 4ms | egraph 19g->187v+0snap 5ms | graft 51 (-195n, 0 snap) cpu 0 | f64 20 | gen 0.5s
 330     0     100               0    0.0352691175     0.040136674     0.857574794     0.805585424     0.004205627   0.00333613535
 330     1      50               0    0.0352691175     0.040136674     0.857574794     0.805585424     0.004205627   0.00333613535
          wgpu 1d 182g 317c x3w 4ms | egraph 19g->171v+0snap 4ms | graft 53 (-203n, 0 snap) cpu 0 | f64 20 | gen 0.3s
--------- pump migration: intra (promote-2 + intake-reset) + cross ---------
 331     0     100               0    0.0352691175     0.040136674     0.857574794     0.805585424     0.004205627   0.00333613535
 331     1      50               0    0.0352691175     0.040136674     0.857574794     0.805585424     0.004205627   0.00333613535
          wgpu 2d 380g 491c x3w 7ms | egraph 79g->265v+0snap 19ms | graft 90 (-338n, 0 snap) cpu 0 | f64 30 | gen 0.4s | dropped inexpr 2 oversz 0 unbuild 0 {}
 332     0     100               0    0.0352691175     0.040136674     0.857574794     0.805585424     0.004205627   0.00333613535
 332     1      50               0    0.0352691116    0.0401367242     0.857575462     0.805585656   0.00420562629   0.00333613952
          wgpu 1d 182g 317c x3w 4ms | egraph 25g->171v+0snap 5ms | graft 59 (-241n, 0 snap) cpu 0 | f64 20 | gen 0.4s
 333     0     100               0    0.0352691175     0.040136674     0.857574794     0.805585424     0.004205627   0.00333613535
 333     1      50               0    0.0352691116    0.0401367242     0.857575462     0.805585656   0.00420562629   0.00333613952
          wgpu 1d 196g 320c x3w 4ms | egraph 26g->174v+0snap 4ms | graft 53 (-227n, 0 snap) cpu 0 | f64 20 | gen 0.4s
 334     0     100               0    0.0352691175     0.040136674     0.857574794     0.805585424     0.004205627   0.00333613535
 334     1      50               0    0.0352691116    0.0401367242     0.857575462     0.805585656   0.00420562629   0.00333613952
          wgpu 1d 193g 333c x3w 4ms | egraph 21g->187v+0snap 5ms | graft 59 (-255n, 0 snap) cpu 0 | f64 20 | gen 0.4s
 335     0     100               0    0.0352691175     0.040136674     0.857574794     0.805585424     0.004205627   0.00333613535
 335     1      50               0    0.0352691116    0.0401367242     0.857575462     0.805585656   0.00420562629   0.00333613952
          wgpu 1d 188g 326c x3w 4ms | egraph 25g->180v+0snap 6ms | graft 52 (-232n, 0 snap) cpu 0 | f64 20 | gen 0.4s
 336     0     100               0    0.0352691175     0.040136674     0.857574794     0.805585424     0.004205627   0.00333613535
 336     1      50               0    0.0352691116    0.0401367242     0.857575462     0.805585656   0.00420562629   0.00333613952
          wgpu 1d 194g 309c x3w 4ms | egraph 17g->163v+0snap 3ms | graft 62 (-259n, 0 snap) cpu 0 | f64 20 | gen 0.4s
 337     0     100               0    0.0352691175     0.040136674     0.857574794     0.805585424     0.004205627   0.00333613535
 337     1      50               0    0.0352691116    0.0401367242     0.857575462     0.805585656   0.00420562629   0.00333613952
          wgpu 1d 203g 327c x3w 4ms | egraph 24g->181v+0snap 4ms | graft 64 (-260n, 0 snap) cpu 0 | f64 20 | gen 0.4s
 338     0     100               0    0.0352691175     0.040136674     0.857574794     0.805585424     0.004205627   0.00333613535
 338     1      50               0    0.0352691116    0.0401367242     0.857575462     0.805585656   0.00420562629   0.00333613952
          wgpu 1d 191g 315c x3w 4ms | egraph 30g->169v+0snap 5ms | graft 50 (-226n, 0 snap) cpu 0 | f64 20 | gen 0.3s
 339     0     100               0    0.0352691175     0.040136674     0.857574794     0.805585424     0.004205627   0.00333613535
 339     1      50               0    0.0352691116    0.0401367242     0.857575462     0.805585656   0.00420562629   0.00333613952
          wgpu 1d 176g 319c x3w 4ms | egraph 15g->173v+0snap 3ms | graft 56 (-222n, 0 snap) cpu 0 | f64 20 | gen 0.4s
 340     0     100               0    0.0352691175     0.040136674     0.857574794     0.805585424     0.004205627   0.00333613535
 340     1      50               0    0.0352691116    0.0401367242     0.857575462     0.805585656   0.00420562629   0.00333613952
          wgpu 1d 189g 311c x3w 4ms | egraph 19g->165v+0snap 43ms | graft 50 (-195n, 0 snap) cpu 0 | f64 20 | gen 0.3s
--------- pump migration: intra (promote-2 + intake-reset) ---------
 341     0     100               0    0.0352691175     0.040136674     0.857574794     0.805585424     0.004205627   0.00333613535
 341     1      50               0    0.0352691175     0.040136674     0.857574794     0.805585424     0.004205627   0.00333613535
          wgpu 2d 405g 517c x3w 8ms | egraph 83g->291v+0snap 17ms | graft 103 (-380n, 0 snap) cpu 0 | f64 30 | gen 0.4s | dropped inexpr 7 oversz 0 unbuild 0 {}
 342     0     100               0    0.0352691175     0.040136674     0.857574794     0.805585424     0.004205627   0.00333613535
 342     1      50               0    0.0352691175     0.040136674     0.857574794     0.805585424     0.004205627   0.00333613535
          wgpu 1d 214g 324c x3w 4ms | egraph 31g->178v+0snap 6ms | graft 53 (-229n, 0 snap) cpu 0 | f64 20 | gen 0.3s
 343     0     100               0    0.0352691175     0.040136674     0.857574794     0.805585424     0.004205627   0.00333613535
 343     1      50               0    0.0352691175     0.040136674     0.857574794     0.805585424     0.004205627   0.00333613535
          wgpu 1d 193g 327c x3w 4ms | egraph 25g->181v+0snap 5ms | graft 65 (-279n, 0 snap) cpu 0 | f64 20 | gen 0.4s
 344     0     100               0    0.0352691175     0.040136674     0.857574794     0.805585424     0.004205627   0.00333613535
 344     1      50               0    0.0352691175     0.040136674     0.857574794     0.805585424     0.004205627   0.00333613535
          wgpu 1d 166g 312c x3w 4ms | egraph 12g->166v+0snap 2ms | graft 49 (-192n, 0 snap) cpu 0 | f64 20 | gen 0.4s
 345     0     100               0    0.0352691175     0.040136674     0.857574794     0.805585424     0.004205627   0.00333613535
 345     1      50               0    0.0352691175     0.040136674     0.857574794     0.805585424     0.004205627   0.00333613535
          wgpu 1d 204g 323c x3w 4ms | egraph 27g->177v+0snap 5ms | graft 49 (-201n, 0 snap) cpu 0 | f64 20 | gen 0.5s
 346     0     100               0    0.0352691175     0.040136674     0.857574794     0.805585424     0.004205627   0.00333613535
 346     1      50               0    0.0352691175     0.040136674     0.857574794     0.805585424     0.004205627   0.00333613535
          wgpu 1d 187g 315c x3w 4ms | egraph 17g->169v+0snap 3ms | graft 57 (-233n, 0 snap) cpu 0 | f64 20 | gen 0.3s
 347     0     100               0    0.0352691175     0.040136674     0.857574794     0.805585424     0.004205627   0.00333613535
 347     1      50               0    0.0352691175     0.040136674     0.857574794     0.805585424     0.004205627   0.00333613535
          wgpu 1d 181g 332c x3w 4ms | egraph 9g->186v+0snap 2ms | graft 50 (-196n, 0 snap) cpu 0 | f64 20 | gen 0.4s
 348     0     100               0    0.0352691175     0.040136674     0.857574794     0.805585424     0.004205627   0.00333613535
 348     1      50               0    0.0352691175     0.040136674     0.857574794     0.805585424     0.004205627   0.00333613535
          wgpu 1d 177g 324c x3w 4ms | egraph 26g->178v+0snap 5ms | graft 56 (-218n, 0 snap) cpu 0 | f64 20 | gen 0.3s
 349     0     100               0    0.0352691175     0.040136674     0.857574794     0.805585424     0.004205627   0.00333613535
 349     1      50               0    0.0352691175     0.040136674     0.857574794     0.805585424     0.004205627   0.00333613535
          wgpu 1d 173g 316c x3w 4ms | egraph 12g->170v+0snap 3ms | graft 54 (-216n, 0 snap) cpu 0 | f64 20 | gen 0.4s
 350     0     100               0    0.0352691175     0.040136674     0.857574794     0.805585424     0.004205627   0.00333613535
 350     1      50               0    0.0352691175     0.040136674     0.857574794     0.805585424     0.004205627   0.00333613535
          wgpu 1d 192g 315c x3w 4ms | egraph 23g->169v+0snap 4ms | graft 52 (-200n, 0 snap) cpu 0 | f64 20 | gen 0.3s
--------- pump migration: intra (promote-2 + intake-reset) ---------
 351     0     100               0    0.0352691175     0.040136674     0.857574794     0.805585424     0.004205627   0.00333613535
 351     1      50               0    0.0352691175     0.040136674     0.857574794     0.805585424     0.004205627   0.00333613535
          wgpu 2d 371g 473c x3w 7ms | egraph 83g->247v+0snap 17ms | graft 82 (-299n, 0 snap) cpu 0 | f64 30 | gen 0.4s
 352     0     100               0    0.0352691175     0.040136674     0.857574794     0.805585424     0.004205627   0.00333613535
 352     1      50               0    0.0352691175     0.040136674     0.857574794     0.805585424     0.004205627   0.00333613535
          wgpu 1d 199g 327c x3w 4ms | egraph 27g->181v+0snap 5ms | graft 64 (-279n, 0 snap) cpu 0 | f64 20 | gen 0.4s
 353     0     100               0    0.0352691175     0.040136674     0.857574794     0.805585424     0.004205627   0.00333613535
 353     1      50               0    0.0352691175     0.040136674     0.857574794     0.805585424     0.004205627   0.00333613535
          wgpu 1d 201g 324c x3w 4ms | egraph 31g->178v+0snap 6ms | graft 50 (-213n, 0 snap) cpu 0 | f64 20 | gen 0.4s
 354     0     100               0    0.0352691175     0.040136674     0.857574794     0.805585424     0.004205627   0.00333613535
 354     1      50               0    0.0352691175     0.040136674     0.857574794     0.805585424     0.004205627   0.00333613535
          wgpu 1d 194g 325c x3w 4ms | egraph 21g->179v+0snap 5ms | graft 57 (-244n, 0 snap) cpu 0 | f64 20 | gen 0.4s
 355     0     100               0    0.0352691175     0.040136674     0.857574794     0.805585424     0.004205627   0.00333613535
 355     1      50               0    0.0352691175     0.040136674     0.857574794     0.805585424     0.004205627   0.00333613535
          wgpu 1d 191g 322c x3w 4ms | egraph 19g->176v+0snap 5ms | graft 53 (-202n, 0 snap) cpu 0 | f64 20 | gen 0.4s
 356     0     100               0    0.0352691175     0.040136674     0.857574794     0.805585424     0.004205627   0.00333613535
 356     1      50               0    0.0352691175     0.040136674     0.857574794     0.805585424     0.004205627   0.00333613535
          wgpu 1d 180g 311c x3w 4ms | egraph 19g->165v+0snap 4ms | graft 55 (-227n, 0 snap) cpu 0 | f64 20 | gen 0.4s
 357     0     100               0    0.0352691175     0.040136674     0.857574794     0.805585424     0.004205627   0.00333613535
 357     1      50               0    0.0352691175     0.040136674     0.857574794     0.805585424     0.004205627   0.00333613535
          wgpu 1d 174g 329c x3w 4ms | egraph 18g->183v+0snap 4ms | graft 55 (-210n, 0 snap) cpu 0 | f64 20 | gen 0.3s
 358     0     100               0    0.0352691175     0.040136674     0.857574794     0.805585424     0.004205627   0.00333613535
 358     1      50               0    0.0352691175     0.040136674     0.857574794     0.805585424     0.004205627   0.00333613535
          wgpu 1d 182g 312c x3w 4ms | egraph 23g->166v+0snap 5ms | graft 46 (-203n, 0 snap) cpu 0 | f64 20 | gen 0.4s
 359     0     100               0    0.0352691175     0.040136674     0.857574794     0.805585424     0.004205627   0.00333613535
 359     1      50               0    0.0352691175     0.040136674     0.857574794     0.805585424     0.004205627   0.00333613535
          wgpu 1d 196g 327c x3w 4ms | egraph 29g->181v+0snap 6ms | graft 56 (-229n, 0 snap) cpu 0 | f64 20 | gen 0.4s
 360     0     100               0    0.0352691175     0.040136674     0.857574794     0.805585424     0.004205627   0.00333613535
 360     1      50               0    0.0352691175     0.040136674     0.857574794     0.805585424     0.004205627   0.00333613535
          wgpu 1d 182g 311c x3w 4ms | egraph 20g->165v+0snap 4ms | graft 49 (-200n, 0 snap) cpu 0 | f64 20 | gen 0.4s
--------- pump migration: intra (promote-2 + intake-reset) + cross ---------
 361     0     100               0    0.0352691175     0.040136674     0.857574794     0.805585424     0.004205627   0.00333613535
 361     1      50               0    0.0352691175     0.040136674     0.857574794     0.805585424     0.004205627   0.00333613535
          wgpu 2d 411g 517c x3w 8ms | egraph 87g->291v+0snap 22ms | graft 97 (-428n, 0 snap) cpu 0 | f64 30 | gen 0.3s | dropped inexpr 3 oversz 0 unbuild 0 {}
 362     0     100               0    0.0352691175     0.040136674     0.857574794     0.805585424     0.004205627   0.00333613535
 362     1      50               0    0.0352691175     0.040136674     0.857574794     0.805585424     0.004205627   0.00333613535
          wgpu 1d 200g 325c x3w 4ms | egraph 22g->179v+0snap 4ms | graft 56 (-261n, 0 snap) cpu 0 | f64 20 | gen 0.4s
 363     0     100               0    0.0352691175     0.040136674     0.857574794     0.805585424     0.004205627   0.00333613535
 363     1      50               0    0.0352691116    0.0401367242     0.857575462     0.805585656   0.00420562629   0.00333613952
          wgpu 1d 189g 310c x3w 4ms | egraph 15g->164v+0snap 4ms | graft 48 (-201n, 0 snap) cpu 0 | f64 20 | gen 0.4s
 364     0     100               0    0.0352691175     0.040136674     0.857574794     0.805585424     0.004205627   0.00333613535
 364     1      50               0    0.0352691175     0.040136674     0.857574794     0.805585424     0.004205627   0.00333613535
          wgpu 1d 172g 311c x3w 4ms | egraph 15g->165v+0snap 3ms | graft 51 (-220n, 0 snap) cpu 0 | f64 20 | gen 0.4s
 365     0     100               0    0.0352691175     0.040136674     0.857574794     0.805585424     0.004205627   0.00333613535
 365     1      50               0    0.0352691116    0.0401367242     0.857575462     0.805585656   0.00420562629   0.00333613952
          wgpu 1d 183g 330c x3w 4ms | egraph 17g->184v+0snap 3ms | graft 60 (-228n, 0 snap) cpu 0 | f64 20 | gen 0.4s | dropped inexpr 1 oversz 0 unbuild 0 {}
 366     0     100               0    0.0352691175     0.040136674     0.857574794     0.805585424     0.004205627   0.00333613535
 366     1      50               0    0.0352691116    0.0401367242     0.857575462     0.805585656   0.00420562629   0.00333613952
          wgpu 1d 174g 322c x3w 4ms | egraph 13g->176v+0snap 3ms | graft 55 (-203n, 0 snap) cpu 0 | f64 20 | gen 0.4s
 367     0     100               0    0.0352691175     0.040136674     0.857574794     0.805585424     0.004205627   0.00333613535
 367     1      50               0    0.0352691116    0.0401367242     0.857575462     0.805585656   0.00420562629   0.00333613952
          wgpu 1d 159g 304c x3w 3ms | egraph 21g->158v+0snap 4ms | graft 41 (-176n, 0 snap) cpu 0 | f64 20 | gen 0.3s
 368     0     100               0    0.0352691175     0.040136674     0.857574794     0.805585424     0.004205627   0.00333613535
 368     1      50               0    0.0352691116    0.0401367242     0.857575462     0.805585656   0.00420562629   0.00333613952
          wgpu 1d 157g 304c x3w 3ms | egraph 21g->158v+0snap 4ms | graft 47 (-191n, 0 snap) cpu 0 | f64 20 | gen 0.4s
 369     0     100               0    0.0352691175     0.040136674     0.857574794     0.805585424     0.004205627   0.00333613535
 369     1      50               0    0.0352691116    0.0401367242     0.857575462     0.805585656   0.00420562629   0.00333613952
          wgpu 1d 184g 316c x3w 4ms | egraph 23g->170v+0snap 4ms | graft 54 (-227n, 0 snap) cpu 0 | f64 20 | gen 0.4s
 370     0     100               0    0.0352691175     0.040136674     0.857574794     0.805585424     0.004205627   0.00333613535
 370     1      50               0    0.0352691116    0.0401367242     0.857575462     0.805585656   0.00420562629   0.00333613952
          wgpu 1d 180g 306c x3w 4ms | egraph 17g->160v+0snap 3ms | graft 51 (-214n, 0 snap) cpu 0 | f64 20 | gen 0.3s
--------- pump migration: intra (promote-2 + intake-reset) ---------
 371     0     100               0    0.0352691175     0.040136674     0.857574794     0.805585424     0.004205627   0.00333613535
 371     1      50               0    0.0352691116    0.0401367242     0.857575462     0.805585656   0.00420562629   0.00333613952
          wgpu 2d 414g 562c x3w 7ms | egraph 100g->336v+0snap 17ms | graft 130 (-470n, 0 snap) cpu 0 | f64 30 | gen 0.3s | dropped inexpr 2 oversz 0 unbuild 0 {}
 372     0     100               0    0.0352691175     0.040136674     0.857574794     0.805585424     0.004205627   0.00333613535
 372     1      50               0    0.0352691116    0.0401367242     0.857575462     0.805585656   0.00420562629   0.00333613952
          wgpu 1d 186g 323c x3w 4ms | egraph 17g->177v+0snap 3ms | graft 60 (-215n, 0 snap) cpu 0 | f64 20 | gen 0.3s
 373     0     100               0    0.0352691175     0.040136674     0.857574794     0.805585424     0.004205627   0.00333613535
 373     1      50               0    0.0352691116    0.0401367242     0.857575462     0.805585656   0.00420562629   0.00333613952
          wgpu 1d 186g 317c x3w 4ms | egraph 26g->171v+0snap 5ms | graft 59 (-210n, 0 snap) cpu 0 | f64 20 | gen 0.3s
 374     0     100               0    0.0352691175     0.040136674     0.857574794     0.805585424     0.004205627   0.00333613535
 374     1      50               0    0.0352691116    0.0401367242     0.857575462     0.805585656   0.00420562629   0.00333613952
          wgpu 1d 177g 320c x3w 4ms | egraph 20g->174v+0snap 4ms | graft 55 (-210n, 0 snap) cpu 0 | f64 20 | gen 0.4s
 375     0     100               0    0.0352691175     0.040136674     0.857574794     0.805585424     0.004205627   0.00333613535
 375     1      50               0    0.0352691116    0.0401367242     0.857575462     0.805585656   0.00420562629   0.00333613952
          wgpu 1d 202g 320c x3w 4ms | egraph 19g->174v+0snap 4ms | graft 54 (-198n, 0 snap) cpu 0 | f64 20 | gen 0.3s
 376     0     100               0    0.0352691175     0.040136674     0.857574794     0.805585424     0.004205627   0.00333613535
 376     1      50               0    0.0352691116    0.0401367242     0.857575462     0.805585656   0.00420562629   0.00333613952
          wgpu 1d 151g 308c x3w 3ms | egraph 22g->162v+0snap 4ms | graft 50 (-190n, 0 snap) cpu 0 | f64 20 | gen 0.4s
 377     0     100               0    0.0352691175     0.040136674     0.857574794     0.805585424     0.004205627   0.00333613535
 377     1      50               0    0.0352691116    0.0401367242     0.857575462     0.805585656   0.00420562629   0.00333613952
          wgpu 1d 172g 308c x3w 4ms | egraph 23g->162v+0snap 4ms | graft 44 (-202n, 0 snap) cpu 0 | f64 20 | gen 0.3s
 378     0     100               0    0.0352691175     0.040136674     0.857574794     0.805585424     0.004205627   0.00333613535
 378     1      50               0    0.0352691116    0.0401367242     0.857575462     0.805585656   0.00420562629   0.00333613952
          wgpu 1d 152g 303c x3w 3ms | egraph 17g->157v+0snap 3ms | graft 41 (-165n, 0 snap) cpu 0 | f64 20 | gen 0.3s
 379     0     100               0    0.0352691175     0.040136674     0.857574794     0.805585424     0.004205627   0.00333613535
 379     1      50               0    0.0352691116    0.0401367242     0.857575462     0.805585656   0.00420562629   0.00333613952
          wgpu 1d 161g 320c x3w 4ms | egraph 21g->174v+0snap 5ms | graft 56 (-227n, 0 snap) cpu 0 | f64 20 | gen 0.4s
 380     0     100               0    0.0352691175     0.040136674     0.857574794     0.805585424     0.004205627   0.00333613535
 380     1      50               0    0.0352691116    0.0401367242     0.857575462     0.805585656   0.00420562629   0.00333613952
          wgpu 1d 173g 316c x3w 4ms | egraph 18g->170v+0snap 4ms | graft 46 (-174n, 0 snap) cpu 0 | f64 20 | gen 0.4s | dropped inexpr 1 oversz 0 unbuild 0 {}
--------- pump migration: intra (promote-2 + intake-reset) ---------
 381     0     100               0      2.01685813      2.71809817      7.81749417       10.349891     0.240498022     0.225926627
 381     1      50               0    0.0352691116    0.0401367242     0.857575462     0.805585656   0.00420562629   0.00333613952
          wgpu 2d 403g 472c x3w 7ms | egraph 87g->246v+0snap 20ms | graft 88 (-374n, 0 snap) cpu 0 | f64 30 | gen 0.2s | dropped inexpr 3 oversz 0 unbuild 0 {}
 382     0     100               0      2.01685813      2.71809817      7.81749417       10.349891     0.240498022     0.225926627
 382     1      50               0    0.0352691175     0.040136674     0.857574794     0.805585424     0.004205627   0.00333613535
          wgpu 1d 134g 236c x3w 3ms | egraph 33g->90v+0snap 5ms | graft 29 (-110n, 0 snap) cpu 0 | f64 20 | gen 0.2s
 383     0     100               0      2.01685813      2.71809817      7.81749417       10.349891     0.240498022     0.225926627
 383     1      50               0    0.0352691116    0.0401367242     0.857575462     0.805585656   0.00420562629   0.00333613952
          wgpu 1d 143g 244c x3w 3ms | egraph 24g->98v+0snap 5ms | graft 39 (-180n, 0 snap) cpu 0 | f64 20 | gen 0.3s | dropped inexpr 1 oversz 0 unbuild 0 {}
 384     0     100               0      2.01685813      2.71809817      7.81749417       10.349891     0.240498022     0.225926627
 384     1      50               0    0.0352691116    0.0401367242     0.857575462     0.805585656   0.00420562629   0.00333613952
          wgpu 1d 150g 259c x3w 3ms | egraph 28g->113v+0snap 6ms | graft 36 (-140n, 0 snap) cpu 0 | f64 20 | gen 0.2s | dropped inexpr 1 oversz 0 unbuild 0 {}
 385     0     100               0      2.01685813      2.71809817      7.81749417       10.349891     0.240498022     0.225926627
 385     1      50               0    0.0352691116    0.0401367242     0.857575462     0.805585656   0.00420562629   0.00333613952
          wgpu 1d 135g 248c x3w 3ms | egraph 34g->102v+0snap 6ms | graft 42 (-182n, 0 snap) cpu 0 | f64 20 | gen 0.2s | dropped inexpr 1 oversz 0 unbuild 0 {}
 386     0     100               0      2.01685813      2.71809817      7.81749417       10.349891     0.240498022     0.225926627
 386     1      50               0    0.0352691116    0.0401367242     0.857575462     0.805585656   0.00420562629   0.00333613952
          wgpu 1d 160g 267c x3w 4ms | egraph 25g->121v+0snap 5ms | graft 49 (-190n, 0 snap) cpu 0 | f64 20 | gen 0.2s
 387     0     100               0      2.01685813      2.71809817      7.81749417       10.349891     0.240498022     0.225926627
 387     1      50               0    0.0352691175     0.040136674     0.857574794     0.805585424     0.004205627   0.00333613535
          wgpu 1d 171g 263c x3w 4ms | egraph 31g->117v+0snap 7ms | graft 39 (-193n, 0 snap) cpu 0 | f64 20 | gen 0.3s
 388     0     100               0      2.01685813      2.71809817      7.81749417       10.349891     0.240498022     0.225926627
 388     1      50               0    0.0352691116    0.0401367242     0.857575462     0.805585656   0.00420562629   0.00333613952
          wgpu 1d 132g 242c x3w 3ms | egraph 25g->96v+0snap 6ms | graft 36 (-142n, 0 snap) cpu 0 | f64 20 | gen 0.2s | dropped inexpr 1 oversz 0 unbuild 0 {}
 389     0     100               0    0.0672081119    0.0676235383     0.604163059       1.1735224   0.00801415714    0.0056208264
 389     1      50               0    0.0352691116    0.0401367242     0.857575462     0.805585656   0.00420562629   0.00333613952
          wgpu 1d 172g 276c x3w 4ms | egraph 26g->130v+0snap 5ms | graft 43 (-205n, 0 snap) cpu 0 | f64 20 | gen 0.3s
 390     0     100               0    0.0672081119    0.0676235383     0.604163059       1.1735224   0.00801415714    0.0056208264
 390     1      50               0    0.0352691116    0.0401367242     0.857575462     0.805585656   0.00420562629   0.00333613952
          wgpu 1d 158g 309c x3w 4ms | egraph 27g->163v+0snap 5ms | graft 52 (-230n, 0 snap) cpu 0 | f64 20 | gen 0.3s
--------- pump migration: intra (promote-2 + intake-reset) + cross ---------
 391     0     100               0    0.0672081119    0.0676235383     0.604163059       1.1735224   0.00801415714    0.0056208264
 391     1      50               0    0.0352691116    0.0401367242     0.857575462     0.805585656   0.00420562629   0.00333613952
          wgpu 2d 358g 460c x3w 7ms | egraph 87g->234v+0snap 17ms | graft 92 (-359n, 0 snap) cpu 0 | f64 30 | gen 0.4s
--------- pump migration: cross-class ---------
 392     0     100               0    0.0672081119    0.0676235383     0.604163059       1.1735224   0.00801415714    0.0056208264
 392     1      50               0    0.0352691116    0.0401367242     0.857575462     0.805585656   0.00420562629   0.00333613952
          wgpu 2d 417g 514c x3w 8ms | egraph 109g->288v+0snap 22ms | graft 104 (-451n, 0 snap) cpu 0 | f64 30 | gen 0.4s
--------- pump migration: cross-class ---------
 393     0     100               0    0.0672081119    0.0676235383     0.604163059       1.1735224   0.00801415714    0.0056208264
 393     1      50               0    0.0352691116    0.0401367242     0.857575462     0.805585656   0.00420562629   0.00333613952
          wgpu 2d 435g 485c x3w 8ms | egraph 115g->259v+0snap 22ms | graft 89 (-395n, 0 snap) cpu 0 | f64 30 | gen 0.3s | dropped inexpr 5 oversz 0 unbuild 0 {}
--------- pump migration: cross-class ---------
 394     0     100               0    0.0672081119    0.0676235383     0.604163059       1.1735224   0.00801415714    0.0056208264
 394     1      50               0    0.0352691116    0.0401367242     0.857575462     0.805585656   0.00420562629   0.00333613952
          wgpu 2d 404g 489c x3w 7ms | egraph 82g->263v+0snap 15ms | graft 89 (-310n, 0 snap) cpu 0 | f64 30 | gen 0.3s | dropped inexpr 6 oversz 0 unbuild 0 {}
--------- pump migration: cross-class ---------
 395     0     100               0    0.0672081119    0.0676235383     0.604163059       1.1735224   0.00801415714    0.0056208264
 395     1      50               0    0.0352691116    0.0401367242     0.857575462     0.805585656   0.00420562629   0.00333613952
          wgpu 2d 441g 569c x3w 8ms | egraph 107g->343v+0snap 30ms | graft 120 (-486n, 0 snap) cpu 0 | f64 30 | gen 0.5s | dropped inexpr 5 oversz 0 unbuild 0 {}
--------- pump migration: cross-class ---------
 396     0     100               0    0.0672081119    0.0676235383     0.604163059       1.1735224   0.00801415714    0.0056208264
 396     1      50               0    0.0352691116    0.0401367242     0.857575462     0.805585656   0.00420562629   0.00333613952
          wgpu 2d 408g 511c x3w 8ms | egraph 100g->285v+0snap 21ms | graft 93 (-393n, 0 snap) cpu 0 | f64 30 | gen 0.3s | dropped inexpr 3 oversz 0 unbuild 0 {}
--------- pump migration: cross-class ---------
 397     0     100               0     0.744692297      1.06894562      5.72569345      7.76955759    0.0888000111    0.0888500945
 397     1      50               0    0.0352691116    0.0401367242     0.857575462     0.805585656   0.00420562629   0.00333613952
          wgpu 2d 431g 484c x3w 8ms | egraph 101g->258v+0snap 25ms | graft 91 (-375n, 0 snap) cpu 0 | f64 30 | gen 0.3s | dropped inexpr 3 oversz 0 unbuild 0 {}
--------- pump migration: cross-class ---------
 398     0     100               0      2.43198122      4.02017831      10.4904756      15.7317183     0.289998916     0.334154718
 398     1      50               0    0.0352691116    0.0401367242     0.857575462     0.805585656   0.00420562629   0.00333613952
          wgpu 2d 393g 477c x3w 8ms | egraph 95g->251v+0snap 15ms | graft 117 (-385n, 0 snap) cpu 0 | f64 30 | gen 0.3s | dropped inexpr 2 oversz 0 unbuild 0 {}
--------- pump migration: cross-class ---------
 399     0     100               0      1.25705678      1.18260379      4.26618239      7.30218448     0.149896349    0.0982972906
 399     1      50               0    0.0352691116    0.0401367242     0.857575462     0.805585656   0.00420562629   0.00333613952
          wgpu 2d 382g 474c x3w 7ms | egraph 103g->248v+0snap 24ms | graft 99 (-363n, 0 snap) cpu 0 | f64 30 | gen 0.3s | dropped inexpr 1 oversz 0 unbuild 0 {}
--------- pump migration: cross-class ---------
 400     0     100               0      1.25705678      1.18260379      4.26618239      7.30218448     0.149896349    0.0982972906
 400     1      50               0    0.0352691116    0.0401367242     0.857575462     0.805585656   0.00420562629   0.00333613952
          wgpu 2d 391g 466c x3w 8ms | egraph 91g->240v+0snap 16ms | graft 94 (-342n, 0 snap) cpu 0 | f64 30 | gen 0.3s | dropped inexpr 4 oversz 0 unbuild 0 {}
--------- pump migration: intra (promote-2 + intake-reset) + cross ---------

This sub-run: 2026-09-19 03:56:41.767716 → 2026-09-19 03:58:39.263784
Now at generation 400 (HOF size: 30)
[join] 450 dispatches, 77,684 genes, 373,416 candidates scored in 1.64s GPU+host; e-graph 14,056 trees -> 61,985 variants + 17 snaps in 2.99s; 20,348 grafts (10 snap), 76,008 nodes removed; cpu-path individuals 0, f64-rejected 0
[join]   inexpressible:    362  no pset token for semantic id "pow" with arity 2
[join]   inexpressible:     30  no pset token for semantic id "div" with arity 2
[join]   inexpressible:      4  no pset token for semantic id "sqrt" with arity 1
  HFF-chosen LSM kept: a=-2.28148, b=2.43713
Chromosome wrapper: id=0  →  identity
hof[0] runtime val: mse=1.662e-01  R²=0.986186
Pre-snap expression (after sympify + LSM compose):
  -0.760493423880666*V + 2.281480271642*V*pr/gamma - 0.760493423880666*pr + 2.43713051243194

Per-level snap results (before MSE scoring):
  strict      →  -0.760493423880666*V + 2.281480271642*V*pr/gamma - 0.760493423880666*pr + 2.43713051243194
  default     →  -0.760493423880666*V + 2.281480271642*V*pr/gamma - 0.760493423880666*pr + 2.43713051243194
  aggressive  →  -0.760493423880666*V + 2.281480271642*V*pr/gamma - 0.760493423880666*pr + 2.4516625

Snap-level comparison (sorted by holdout MSE, lowest first)
------------------------------------------------------------------------------------------
  level       MSE            R²         expression                                        
------------------------------------------------------------------------------------------
★ strict      0.1484         0.9817     -0.760493423880666*V + 2.281480271642*V*pr/gamma -
  default     0.1484         0.9817     -0.760493423880666*V + 2.281480271642*V*pr/gamma -
  aggressive  0.1489         0.9817     -0.760493423880666*V + 2.281480271642*V*pr/gamma -

Winning snap level: 'strict'  →  -0.760493423880666*V + 2.281480271642*V*pr/gamma - 0.760493423880666*pr + 2.43713051243194

Canonical discovered expression: -0.760493423880666*V + 2.281480271642*V*pr/gamma - 0.760493423880666*pr + 2.43713051243194
[38;2;0;50;255m
############################################################ [38;2;255;255;255m
[38;2;0;50;255m Equation Recovery: I_39_11 [38;2;255;255;255m
[38;2;0;50;255m Truth: 1/(gamma-1)*pr*V [38;2;255;255;255m
[38;2;0;50;255m [38;2;255;255;255m
[38;2;255;0;255m     Exact recovery     : False [38;2;255;255;255m
[38;2;255;0;255m     Numerical recovery : False (max rel_err 5.51e+00 on 10k samples) [38;2;255;255;255m
[38;2;255;0;255m     Discovered         : -0.760493423880666*V + 2.281480271642*V*pr/gamma - 0.760493423880666*pr + 2.43713051243194 [38;2;255;255;255m
[38;2;255;0;255m     LSM (a, b)         : (-2.28148, 2.43713) [38;2;255;255;255m
[38;2;0;50;255m
############################################################ [38;2;255;255;255m
In-range holdout : MSE=0.1484  MAE=0.2985  R²=0.9817
Extrapolation    : MSE=1.321  MAE=0.8835  R²=0.9656

Top 10 HOF models (north_pole=truenorth) (★ = Pareto-optimal)
(deduped HOF: 4 unique chromosomes from 30 raw HOF entries)
 ----------------------------------------------------------------------------------------------------------------
       model     wrapper      length   train_mse     val_mse     max_err    train_r2      val_r2 angular_distance
 ----------------------------------------------------------------------------------------------------------------
★           0    identity           9      0.1751      0.1662      1.2708      0.9791      0.9862      0.0000
★          27    identity           9      0.1751      0.1662      1.2708      0.9791      0.9862      0.0000
           28    identity          21      0.2663      0.3618      2.6263      0.9682      0.9699      0.5293
           29    identity          16      0.4968      0.7064      3.9209      0.9408      0.9413      1.5708

Pareto-optimal in top 4: 2    Pareto-optimal in full HOF: 2 / 4

Recovery sweep across 4/4 unique HOF chromosomes (capped):
  Structural / exact     : 0/4  (0.0%)
  Numerical (≤1e-6 err)  : 0/4  (0.0%)
{
    "date": "2026/09/19",
    "seed": "5",
    "task": "equation_recovery",
    "north_pole_method": "truenorth",
    "hff_include_val": true,
    "problem": "I_39_11",
    "truth_expr": "1/(gamma-1)*pr*V",
    "final_terminal_inputs": [
        "gamma",
        "pr",
        "V"
    ],
    "wide_primitives": true,
    "head_length": "48",
    "n_genes": "3",
    "rnc_array_length": "10",
    "tournament size": "intake=8, champion=5",
    "population size": "150",
    "population per island": "intake=100, champion=50",
    "gpu_join": true,
    "eclass_k": 8,
    "number of elites": "2",
    "number of generations": "400",
    "number of islands": "2",
    "migration FREQ": "30",
    "wrapper_id": 0,
    "wrapper_name": "identity",
    "recovery_exact": false,
    "recovery_numerical": false,
    "recovery_max_rel_err": 5.506355039201633,
    "discovered_expr": "-0.760493423880666*V + 2.281480271642*V*pr/gamma - 0.760493423880666*pr + 2.43713051243194",
    "holdout_mse": 0.1484478286636829,
    "holdout_r2": 0.9817160310309125,
    "extrap_mse": 1.321413649101431,
    "extrap_r2": 0.9656335189046288,
    "hof_size": 4,
    "hof_exact_recoveries": 0,
    "hof_numerical_recoveries": 0
}
