/opt/anaconda3/lib/python3.12/site-packages/geppy/__init__.py:26: UserWarning: pkg_resources is deprecated as an API. See https://setuptools.pypa.io/en/latest/pkg_resources.html. The pkg_resources package is slated for removal as early as 2025-11-30. Refrain from using this package or pin to Setuptools<81.
  from pkg_resources import get_distribution, DistributionNotFound
hff library OK (test fitness: (0.1415394733244273,))
registry: ['circle_area', 'gravity', 'coulomb', 'pendulum', 'keplers3', 'ideal_gas', 'I_6_2a', 'I_6_2', 'I_6_2b', 'I_8_14', 'I_9_18', 'I_10_7', 'I_11_19', 'I_12_1', 'I_12_2', 'I_12_4', 'I_12_5', 'I_12_11', 'I_13_4', 'I_13_12', 'I_14_3', 'I_14_4', 'I_15_3x', 'I_15_3t', 'I_15_1', 'I_16_6', 'I_18_4', 'I_18_12', 'I_18_14', 'I_24_6', 'I_25_13', 'I_26_2', 'I_27_6', 'I_29_4', 'I_29_16', 'I_30_3', 'I_30_5', 'I_32_5', 'I_32_17', 'I_34_8', 'I_34_1', 'I_34_14', 'I_34_27', 'I_37_4', 'I_38_12', 'I_39_1', 'I_39_11', 'I_39_22', 'I_40_1', 'I_41_16', 'I_43_16', 'I_43_31', 'I_43_43', 'I_44_4', 'I_47_23', 'I_48_2', 'I_50_26', 'II_2_42', 'II_3_24', 'II_4_23', 'II_6_11', 'II_6_15a', 'II_6_15b', 'II_8_7', 'II_8_31', 'II_10_9', 'II_11_3', 'II_11_17', 'II_11_20', 'II_11_27', 'II_11_28', 'II_13_17', 'II_13_23', 'II_13_34', 'II_15_4', 'II_15_5', 'II_21_32', 'II_24_17', 'II_27_16', 'II_27_18', 'II_34_2a', 'II_34_2', 'II_34_11', 'II_34_29a', 'II_34_29b', 'II_35_18', 'II_35_21', 'II_36_38', 'II_37_1', 'II_38_3', 'II_38_14', 'III_4_32', 'III_4_33', 'III_7_38', 'III_8_54', 'III_9_52', 'III_10_19', 'III_12_43', 'III_13_18', 'III_14_14', 'III_15_12', 'III_15_14', 'III_15_27', 'III_17_37', 'III_19_51', 'III_21_20', 'test_1', 'test_2', 'test_3', 'test_4', 'test_5', 'test_6', 'test_7', 'test_8', 'test_9', 'test_10', 'test_11', 'test_12', 'test_13', 'test_14', 'test_15', 'test_16', 'test_17', 'test_18', 'test_19', 'test_20']
[feynman override] head_length=48 (keep n_genes=3, avgval linker)
Selected problem: I_48_2
  Description : Feynman I-III I.48.2: E_n = m*c**2/sqrt(1-v**2/c**2)
  Variables   : ['m', 'v', 'c']
  Train range : {'m': (1.0, 5.0), 'v': (1.0, 2.0), 'c': (3.0, 10.0)}
  Extrap range: {'m': (1.0, 7.5), 'v': (1.0, 3.0), 'c': (3.0, 15.0)}
  Truth       : m*c**2/sqrt(1-v**2/c**2)
  ✓ cache hit  (data/equations/I_48_2, key=609caf3180463ab7)
  train           (800, 4)  target range=[10.43, 489.8]
  val             (200, 4)  target range=[14.71, 453.8]
  holdout         (200, 4)  target range=[11.7, 455.9]
  extrapolation   (200, 4)  target range=[27.93, 1369]
  saved figure → data/figures/I_48_2/eda_pairplot.png
Wide primitive set enabled: sin, cos, exp, log added.
[E22 rules] variable pattern tags: {'lorentz_pair'}
[E22/23 rules] static candidate count: 6
  [sum_sq_all/sum_sq] a=3.2903 b=-4.9706e+01 1-R²_va=2.3281e-01
  [lorentz_factor/gamma(v)] a=-1201.6058 b=1.3949e+03 1-R²_va=7.6587e-01
  [lorentz_factor/m*gamma(v)] a=35.9532 b=2.2957e+01 1-R²_va=7.8033e-01
  [lorentz_factor/m*v*gamma(v)] a=18.1934 b=5.0519e+01 1-R²_va=8.0169e-01
  [doppler_ratio/1/(1-v/c)] a=-220.6784 b=4.4617e+02 1-R²_va=7.3942e-01
  [doppler_ratio/1/(1+v/c)] a=996.9714 b=-6.5515e+02 1-R²_va=6.5758e-01
[fuller] denoise + snap IN THE JOIN (every gene, every generation, K=8); mutation operators: physics=0.2 concretize=0.05
Wrapper scope: per_island  (island → wrapper map: ['identity', 'identity'])
[wgpu] process pool disabled — Metal cannot survive fork(); the population is evaluated in one dispatch instead
Genes: head_length=48, n_genes=3, rnc_array_length=10
Population: (per-island, see below), elites: 2, generations: 400, migration FREQ: 30
  pump per-island sizes: intake=100 (tournsize=8), champion=50 (tournsize=5)
Initialising evolution at 2026-09-19 04:08:12.911786
 gen  deme   evals     min fitness          mse_tr          mse_va         max_err      mse_extrap  one_minus_r2_tr  one_minus_r2_va
   0     0     100               0      756.705074      808.981434      58.9298973      20617.9987    0.0761808225    0.0799301271
   0     1      50    0.0176221632      955.991044      1006.84755      62.2317515      22349.9704    0.0962438161     0.099479975
          wgpu 1d 357g 327c x3w 9ms | egraph 187g->177v+0snap 63ms | graft 80 (-311n, 0 snap) cpu 0 | f64 23 | gen 0.0s | dropped inexpr 2 oversz 0 unbuild 0 {}
Extending evolution: gen 1 → 400 (+400 generations)
   1     0     100               0      756.705074      808.981434      58.9298973      20617.9987    0.0761808225    0.0799301271
   1     1      50   3.5950113e-06       623.93716      645.133115      59.0321943      21520.3554    0.0628144936    0.0637413539
          wgpu 1d 119g 207c x3w 3ms | egraph 50g->61v+0snap 9ms | graft 25 (-65n, 0 snap) cpu 0 | f64 37 | gen 0.2s | dropped inexpr 5 oversz 0 unbuild 0 {}
   2     0     100               0      756.705074      808.981434      58.9298973      20617.9987    0.0761808225    0.0799301271
   2     1      50   3.5950113e-06       623.93716      645.133115      59.0321943      21520.3554    0.0628144936    0.0637413539
          wgpu 1d 90g 185c x3w 3ms | egraph 35g->39v+0snap 6ms | graft 15 (-38n, 0 snap) cpu 0 | f64 20 | gen 0.1s
   3     0     100               0      756.705074      808.981434      58.9298973      20617.9987    0.0761808225    0.0799301271
   3     1      50   3.5950113e-06       623.93716      645.133115      59.0321943      21520.3554    0.0628144936    0.0637413539
          wgpu 1d 127g 252c x3w 3ms | egraph 44g->106v+0snap 7ms | graft 28 (-92n, 0 snap) cpu 0 | f64 20 | gen 0.2s | dropped inexpr 1 oversz 0 unbuild 0 {}
   4     0     100               0      756.705074      808.981434      58.9298973      20617.9987    0.0761808225    0.0799301271
   4     1      50   3.5950113e-06       623.93716      645.133115      59.0321943      21520.3554    0.0628144936    0.0637413539
          wgpu 1d 118g 235c x3w 3ms | egraph 44g->89v+0snap 9ms | graft 21 (-52n, 0 snap) cpu 0 | f64 20 | gen 0.2s | dropped inexpr 1 oversz 0 unbuild 0 {}
   5     0     100               0      756.705074      808.981434      58.9298973      20617.9987    0.0761808225    0.0799301271
   5     1      50   3.5950113e-06       623.93716      645.133115      59.0321943      21520.3554    0.0628144936    0.0637413539
          wgpu 1d 107g 212c x3w 3ms | egraph 48g->66v+0snap 8ms | graft 20 (-40n, 0 snap) cpu 0 | f64 20 | gen 0.2s | dropped inexpr 1 oversz 0 unbuild 0 {}
   6     0     100               0      756.705074      808.981434      58.9298973      20617.9987    0.0761808225    0.0799301271
   6     1      50   3.5950113e-06       623.93716      645.133115      59.0321943      21520.3554    0.0628144936    0.0637413539
          wgpu 1d 134g 214c x3w 3ms | egraph 48g->68v+0snap 7ms | graft 28 (-44n, 0 snap) cpu 0 | f64 20 | gen 0.1s | dropped inexpr 1 oversz 0 unbuild 0 {}
   7     0     100               0      756.705074      808.981434      58.9298973      20617.9987    0.0761808225    0.0799301271
   7     1      50   3.5950113e-06       623.93716      645.133115      59.0321943      21520.3554    0.0628144936    0.0637413539
          wgpu 1d 136g 219c x3w 3ms | egraph 43g->73v+0snap 6ms | graft 29 (-61n, 0 snap) cpu 0 | f64 20 | gen 0.1s
   8     0     100               0      756.705074      808.981434      58.9298973      20617.9987    0.0761808225    0.0799301271
   8     1      50               0      227.200202      217.952064      42.8411444      13964.8769     0.022873242    0.0215344079
          wgpu 1d 122g 216c x3w 3ms | egraph 32g->70v+0snap 5ms | graft 19 (-45n, 0 snap) cpu 0 | f64 20 | gen 0.2s | dropped inexpr 1 oversz 0 unbuild 0 {}
   9     0     100               0      756.705074      808.981434      58.9298973      20617.9987    0.0761808225    0.0799301271
   9     1      50               0      227.200202      217.952064      42.8411444      13964.8769     0.022873242    0.0215344079
          wgpu 1d 128g 215c x3w 3ms | egraph 39g->69v+0snap 6ms | graft 19 (-44n, 0 snap) cpu 0 | f64 20 | gen 0.1s | dropped inexpr 1 oversz 0 unbuild 0 {}
  10     0     100               0      756.705074      808.981434      58.9298973      20617.9987    0.0761808225    0.0799301271
  10     1      50               0      227.200202      217.952064      42.8411444      13964.8769     0.022873242    0.0215344079
          wgpu 1d 111g 192c x3w 3ms | egraph 33g->46v+0snap 5ms | graft 25 (-53n, 0 snap) cpu 0 | f64 24 | gen 0.1s
--------- pump migration: intra (promote-2 + intake-reset) ---------
  11     0     100               0      756.705074      808.981434      58.9298973      20617.9987    0.0761808225    0.0799301271
  11     1      50               0      227.200202      217.952064      42.8411444      13964.8769     0.022873242    0.0215344079
          wgpu 2d 348g 370c x3w 7ms | egraph 131g->144v+0snap 22ms | graft 61 (-158n, 0 snap) cpu 0 | f64 30 | gen 0.1s | dropped inexpr 2 oversz 0 unbuild 0 {}
  12     0     100               0      692.317696       741.28377      56.3192109      18356.8235    0.0696986624    0.0732413668
  12     1      50               0      227.200202      217.952064      42.8411444      13964.8769     0.022873242    0.0215344079
          wgpu 1d 130g 218c x3w 3ms | egraph 42g->72v+0snap 6ms | graft 28 (-55n, 0 snap) cpu 0 | f64 20 | gen 0.1s
  13     0     100               0      756.705074      808.981434      58.9298973      20617.9987    0.0761808225    0.0799301271
  13     1      50               0      227.200202      217.952064      42.8411444      13964.8769     0.022873242    0.0215344079
          wgpu 1d 122g 206c x3w 3ms | egraph 38g->60v+0snap 7ms | graft 28 (-51n, 0 snap) cpu 0 | f64 20 | gen 0.2s
  14     0     100               0      756.705074      808.981434      58.9298973      20617.9987    0.0761808225    0.0799301271
  14     1      50               0      227.200202      217.952064      42.8411444      13964.8769     0.022873242    0.0215344079
          wgpu 1d 160g 243c x3w 4ms | egraph 43g->97v+0snap 8ms | graft 47 (-80n, 0 snap) cpu 0 | f64 20 | gen 0.2s | dropped inexpr 2 oversz 0 unbuild 0 {}
  15     0     100               0      756.705074      808.981434      58.9298973      20617.9987    0.0761808225    0.0799301271
  15     1      50               0      227.200202      217.952064      42.8411444      13964.8769     0.022873242    0.0215344079
          wgpu 1d 126g 209c x3w 3ms | egraph 33g->63v+0snap 5ms | graft 25 (-46n, 0 snap) cpu 0 | f64 20 | gen 0.1s
  16     0     100               0      756.705074      808.981434      58.9298973      20617.9987    0.0761808225    0.0799301271
  16     1      50               0      227.200202      217.952064      42.8411444      13964.8769     0.022873242    0.0215344079
          wgpu 1d 139g 242c x3w 3ms | egraph 37g->96v+0snap 9ms | graft 52 (-100n, 0 snap) cpu 0 | f64 20 | gen 0.1s | dropped inexpr 2 oversz 0 unbuild 0 {}
  17     0     100               0      756.705074      808.981434      58.9298973      20617.9987    0.0761808225    0.0799301271
  17     1      50               0      227.200202      217.952064      42.8411444      13964.8769     0.022873242    0.0215344079
          wgpu 1d 124g 223c x3w 3ms | egraph 33g->77v+0snap 5ms | graft 39 (-67n, 0 snap) cpu 0 | f64 20 | gen 0.1s
  18     0     100               0      756.705074      808.981434      58.9298973      20617.9987    0.0761808225    0.0799301271
  18     1      50               0      227.200202      217.952064      42.8411444      13964.8769     0.022873242    0.0215344079
          wgpu 1d 100g 193c x3w 3ms | egraph 21g->47v+0snap 4ms | graft 28 (-54n, 0 snap) cpu 0 | f64 20 | gen 0.1s | dropped inexpr 2 oversz 0 unbuild 0 {}
  19     0     100               0      756.705074      808.981434      58.9298973      20617.9987    0.0761808225    0.0799301271
  19     1      50               0      227.200202      217.952064      42.8411444      13964.8769     0.022873242    0.0215344079
          wgpu 1d 112g 212c x3w 3ms | egraph 29g->66v+0snap 4ms | graft 33 (-58n, 0 snap) cpu 0 | f64 26 | gen 0.2s
  20     0     100               0      756.705074      808.981434      58.9298973      20617.9987    0.0761808225    0.0799301271
  20     1      50               0      227.200202      217.952064      42.8411444      13964.8769     0.022873242    0.0215344079
          wgpu 1d 120g 224c x3w 3ms | egraph 28g->78v+0snap 6ms | graft 36 (-66n, 0 snap) cpu 0 | f64 20 | gen 0.2s
--------- pump migration: intra (promote-2 + intake-reset) ---------
  21     0     100               0      756.705074      808.981434      58.9298973      20617.9987    0.0761808225    0.0799301271
  21     1      50               0      756.705074      808.981434      58.9298973      20617.9987    0.0761808225    0.0799301271
          wgpu 2d 336g 422c x3w 7ms | egraph 112g->196v+0snap 18ms | graft 76 (-193n, 0 snap) cpu 0 | f64 24 | gen 0.2s | dropped inexpr 2 oversz 0 unbuild 0 {}
  22     0     100               0      756.705074      808.981434      58.9298973      20617.9987    0.0761808225    0.0799301271
  22     1      50               0      227.200202      217.952064      42.8411444      13964.8769     0.022873242    0.0215344079
          wgpu 1d 99g 182c x3w 3ms | egraph 19g->36v+0snap 4ms | graft 21 (-28n, 0 snap) cpu 0 | f64 20 | gen 0.2s | dropped inexpr 1 oversz 0 unbuild 0 {}
  23     0     100               0      756.705074      808.981434      58.9298973      20617.9987    0.0761808225    0.0799301271
  23     1      50               0      227.200202      217.952064      42.8411444      13964.8769     0.022873242    0.0215344079
          wgpu 1d 126g 209c x3w 3ms | egraph 24g->63v+0snap 5ms | graft 27 (-51n, 0 snap) cpu 0 | f64 20 | gen 0.1s | dropped inexpr 1 oversz 0 unbuild 0 {}
  24     0     100               0      756.705074      808.981434      58.9298973      20617.9987    0.0761808225    0.0799301271
  24     1      50               0      227.200202      217.952064      42.8411444      13964.8769     0.022873242    0.0215344079
          wgpu 1d 127g 214c x3w 3ms | egraph 28g->68v+0snap 5ms | graft 37 (-75n, 0 snap) cpu 0 | f64 20 | gen 0.1s
  25     0     100               0      756.705074      808.981434      58.9298973      20617.9987    0.0761808225    0.0799301271
  25     1      50               0      227.200202      217.952064      42.8411444      13964.8769     0.022873242    0.0215344079
          wgpu 1d 130g 198c x3w 3ms | egraph 30g->52v+0snap 5ms | graft 27 (-71n, 0 snap) cpu 0 | f64 20 | gen 0.1s | dropped inexpr 2 oversz 0 unbuild 0 {}
  26     0     100               0      756.705074      808.981434      58.9298973      20617.9987    0.0761808225    0.0799301271
  26     1      50               0      227.200202      217.952064      42.8411444      13964.8769     0.022873242    0.0215344079
          wgpu 1d 120g 183c x3w 3ms | egraph 23g->37v+0snap 4ms | graft 22 (-71n, 0 snap) cpu 0 | f64 20 | gen 0.1s | dropped inexpr 1 oversz 0 unbuild 0 {}
  27     0     100               0      756.705074      808.981434      58.9298973      20617.9987    0.0761808225    0.0799301271
  27     1      50               0      227.200202      217.952064      42.8411444      13964.8769     0.022873242    0.0215344079
          wgpu 1d 131g 189c x3w 3ms | egraph 22g->43v+0snap 5ms | graft 26 (-52n, 0 snap) cpu 0 | f64 20 | gen 0.1s
  28     0     100               0      756.705074      808.981434      58.9298973      20617.9987    0.0761808225    0.0799301271
  28     1      50               0      227.200202      217.952064      42.8411444      13964.8769     0.022873242    0.0215344079
          wgpu 1d 101g 176c x3w 3ms | egraph 21g->30v+0snap 5ms | graft 20 (-44n, 0 snap) cpu 0 | f64 20 | gen 0.1s | dropped inexpr 1 oversz 0 unbuild 0 {}
  29     0     100               0      756.705074      808.981434      58.9298973      20617.9987    0.0761808225    0.0799301271
  29     1      50               0      227.200202      217.952064      42.8411444      13964.8769     0.022873242    0.0215344079
          wgpu 1d 121g 213c x3w 3ms | egraph 26g->67v+0snap 5ms | graft 27 (-67n, 0 snap) cpu 0 | f64 20 | gen 0.2s | dropped inexpr 1 oversz 0 unbuild 0 {}
  30     0     100               0      756.705074      808.981434      58.9298973      20617.9987    0.0761808225    0.0799301271
  30     1      50               0      227.200202      217.952064      42.8411444      13964.8769     0.022873242    0.0215344079
          wgpu 1d 147g 210c x3w 3ms | egraph 38g->64v+0snap 9ms | graft 22 (-49n, 0 snap) cpu 0 | f64 20 | gen 0.1s | dropped inexpr 2 oversz 0 unbuild 0 {}
--------- pump migration: intra (promote-2 + intake-reset) ---------
  31     0     100               0      756.705074      808.981434      58.9298973      20617.9987    0.0761808225    0.0799301271
  31     1      50               0      227.200202      217.952064      42.8411444      13964.8769     0.022873242    0.0215344079
          wgpu 2d 373g 443c x3w 7ms | egraph 123g->217v+0snap 18ms | graft 68 (-201n, 0 snap) cpu 0 | f64 27 | gen 0.1s | dropped inexpr 3 oversz 0 unbuild 0 {}
  32     0     100               0      756.705074      808.981434      58.9298973      20617.9987    0.0761808225    0.0799301271
  32     1      50               0      756.705074      808.981434      58.9298973      20617.9987    0.0761808225    0.0799301271
          wgpu 1d 146g 218c x3w 3ms | egraph 33g->72v+0snap 5ms | graft 32 (-59n, 0 snap) cpu 0 | f64 20 | gen 0.1s | dropped inexpr 1 oversz 0 unbuild 0 {}
  33     0     100               0      756.705074      808.981434      58.9298973      20617.9987    0.0761808225    0.0799301271
  33     1      50               0      756.705074      808.981434      58.9298973      20617.9987    0.0761808225    0.0799301271
          wgpu 1d 123g 225c x3w 3ms | egraph 24g->79v+0snap 4ms | graft 25 (-62n, 0 snap) cpu 0 | f64 20 | gen 0.1s
  34     0     100               0      756.705074      808.981434      58.9298973      20617.9987    0.0761808225    0.0799301271
  34     1      50               0      245.584588      241.409405      38.2434766      12560.2566    0.0247240788    0.0238520733
          wgpu 1d 133g 217c x3w 3ms | egraph 25g->71v+0snap 5ms | graft 32 (-70n, 0 snap) cpu 0 | f64 20 | gen 0.1s
  35     0     100               0      756.705074      808.981434      58.9298973      20617.9987    0.0761808225    0.0799301271
  35     1      50               0      245.584588      241.409405      38.2434766      12560.2566    0.0247240788    0.0238520733
          wgpu 1d 133g 207c x3w 3ms | egraph 29g->61v+0snap 4ms | graft 25 (-48n, 0 snap) cpu 0 | f64 20 | gen 0.1s | dropped inexpr 1 oversz 0 unbuild 0 {}
  36     0     100               0      756.705074      808.981434      58.9298973      20617.9987    0.0761808225    0.0799301271
  36     1      50               0      245.584588      241.409405      38.2434766      12560.2566    0.0247240788    0.0238520733
          wgpu 1d 136g 204c x3w 3ms | egraph 23g->58v+0snap 4ms | graft 26 (-44n, 0 snap) cpu 0 | f64 20 | gen 0.1s
  37     0     100               0      756.705074      808.981434      58.9298973      20617.9987    0.0761808225    0.0799301271
  37     1      50               0      245.584588      241.409405      38.2434766      12560.2566    0.0247240788    0.0238520733
          wgpu 1d 127g 210c x3w 3ms | egraph 27g->64v+0snap 4ms | graft 22 (-45n, 0 snap) cpu 0 | f64 20 | gen 0.1s | dropped inexpr 1 oversz 0 unbuild 0 {}
  38     0     100               0      756.705074      808.981434      58.9298973      20617.9987    0.0761808225    0.0799301271
  38     1      50               0      245.584588      241.409405      38.2434766      12560.2566    0.0247240788    0.0238520733
          wgpu 1d 131g 198c x3w 3ms | egraph 34g->52v+0snap 6ms | graft 28 (-57n, 0 snap) cpu 0 | f64 20 | gen 0.1s | dropped inexpr 1 oversz 0 unbuild 0 {}
  39     0     100               0      2.39161145      1.96060131      3.54671082      60.7271174  0.000240774026  0.000193714102
  39     1      50               0      245.584588      241.409405      38.2434766      12560.2566    0.0247240788    0.0238520733
          wgpu 1d 141g 232c x3w 3ms | egraph 28g->86v+0snap 8ms | graft 29 (-82n, 0 snap) cpu 0 | f64 20 | gen 0.2s | dropped inexpr 6 oversz 0 unbuild 0 {}
  40     0     100               0      756.705074      808.981434      58.9298973      20617.9987    0.0761808225    0.0799301271
  40     1      50               0      245.584588      241.409405      38.2434766      12560.2566    0.0247240788    0.0238520733
          wgpu 1d 168g 276c x3w 4ms | egraph 40g->130v+0snap 7ms | graft 28 (-95n, 0 snap) cpu 0 | f64 20 | gen 0.2s | dropped inexpr 1 oversz 0 unbuild 0 {}
--------- pump migration: intra (promote-2 + intake-reset) ---------
  41     0     100               0      756.705074      808.981434      58.9298973      20617.9987    0.0761808225    0.0799301271
  41     1      50               0      245.584588      241.409405      38.2434766      12560.2566    0.0247240788    0.0238520733
          wgpu 2d 406g 508c x3w 8ms | egraph 121g->282v+0snap 21ms | graft 97 (-310n, 0 snap) cpu 0 | f64 27 | gen 0.3s | dropped inexpr 1 oversz 0 unbuild 0 {}
  42     0     100               0      756.705074      808.981434      58.9298973      20617.9987    0.0761808225    0.0799301271
  42     1      50               0      245.584588      241.409405      38.2434766      12560.2566    0.0247240788    0.0238520733
          wgpu 1d 183g 280c x3w 4ms | egraph 41g->134v+0snap 7ms | graft 37 (-124n, 0 snap) cpu 0 | f64 20 | gen 0.2s
  43     0     100               0      756.705074      808.981434      58.9298973      20617.9987    0.0761808225    0.0799301271
  43     1      50               0      245.584588      241.409405      38.2434766      12560.2566    0.0247240788    0.0238520733
          wgpu 1d 155g 244c x3w 3ms | egraph 27g->98v+0snap 6ms | graft 35 (-96n, 0 snap) cpu 0 | f64 20 | gen 0.2s | dropped inexpr 1 oversz 0 unbuild 0 {}
  44     0     100               0      756.705074      808.981434      58.9298973      20617.9987    0.0761808225    0.0799301271
  44     1      50               0      245.584588      241.409405      38.2434766      12560.2566    0.0247240788    0.0238520733
          wgpu 1d 219g 327c x3w 4ms | egraph 62g->181v+0snap 11ms | graft 57 (-164n, 0 snap) cpu 0 | f64 20 | gen 0.3s
  45     0     100               0      756.705074      808.981434      58.9298973      20617.9987    0.0761808225    0.0799301271
  45     1      50               0      245.584588      241.409405      38.2434766      12560.2566    0.0247240788    0.0238520733
          wgpu 1d 196g 285c x3w 4ms | egraph 42g->139v+0snap 7ms | graft 51 (-145n, 0 snap) cpu 0 | f64 20 | gen 0.2s | dropped inexpr 2 oversz 0 unbuild 0 {}
  46     0     100               0      756.705074      808.981434      58.9298973      20617.9987    0.0761808225    0.0799301271
  46     1      50               0      245.584588      241.409405      38.2434766      12560.2566    0.0247240788    0.0238520733
          wgpu 1d 167g 256c x3w 3ms | egraph 36g->110v+0snap 7ms | graft 34 (-91n, 0 snap) cpu 0 | f64 20 | gen 0.1s | dropped inexpr 1 oversz 0 unbuild 0 {}
  47     0     100               0      756.705074      808.981434      58.9298973      20617.9987    0.0761808225    0.0799301271
  47     1      50               0      245.584588      241.409405      38.2434766      12560.2566    0.0247240788    0.0238520733
          wgpu 1d 155g 239c x3w 3ms | egraph 31g->93v+0snap 6ms | graft 32 (-76n, 0 snap) cpu 0 | f64 20 | gen 0.2s
  48     0     100               0     0.225302328     0.186329335      1.35898647      18.5420444  2.26821746e-05  1.84099743e-05
  48     1      50               0      245.584588      241.409405      38.2434766      12560.2566    0.0247240788    0.0238520733
          wgpu 1d 253g 364c x3w 5ms | egraph 62g->218v+0snap 11ms | graft 60 (-179n, 0 snap) cpu 0 | f64 20 | gen 0.2s
  49     0     100               0     0.225302328     0.186329335      1.35898647      18.5420444  2.26821746e-05  1.84099743e-05
  49     1      50               0      245.584608       241.40944      38.2434644      12560.2569    0.0247240808    0.0238520767
          wgpu 1d 251g 432c x3w 5ms | egraph 69g->286v+0snap 12ms | graft 81 (-233n, 0 snap) cpu 0 | f64 20 | gen 0.2s
  50     0     100               0     0.225302328     0.186329335      1.35898647      18.5420444  2.26821746e-05  1.84099743e-05
  50     1      50               0      245.584608       241.40944      38.2434644      12560.2569    0.0247240808    0.0238520767
          wgpu 1d 269g 441c x3w 5ms | egraph 63g->295v+0snap 10ms | graft 66 (-181n, 0 snap) cpu 0 | f64 20 | gen 0.2s
--------- pump migration: intra (promote-2 + intake-reset) ---------
  51     0     100               0     0.225302328     0.186329335      1.35898647      18.5420444  2.26821746e-05  1.84099743e-05
  51     1      50               0     0.225302328     0.186329335      1.35898647      18.5420444  2.26821746e-05  1.84099743e-05
          wgpu 2d 433g 633c x3w 8ms | egraph 129g->407v+0snap 27ms | graft 101 (-318n, 0 snap) cpu 0 | f64 30 | gen 0.2s | dropped inexpr 5 oversz 0 unbuild 0 {}
  52     0     100               0     0.225302328     0.186329335      1.35898647      18.5420444  2.26821746e-05  1.84099743e-05
  52     1      50               0     0.225302328     0.186329335      1.35898647      18.5420444  2.26821746e-05  1.84099743e-05
          wgpu 1d 288g 558c x3w 5ms | egraph 57g->412v+0snap 11ms | graft 71 (-217n, 0 snap) cpu 0 | f64 20 | gen 0.2s
  53     0     100               0     0.225302328     0.186329335      1.35898647      18.5420444  2.26821746e-05  1.84099743e-05
  53     1      50               0     0.225302328     0.186329335      1.35898647      18.5420444  2.26821746e-05  1.84099743e-05
          wgpu 1d 281g 539c x3w 5ms | egraph 73g->393v+0snap 13ms | graft 78 (-270n, 0 snap) cpu 0 | f64 20 | gen 0.2s
  54     0     100               0     0.225302328     0.186329335      1.35898647      18.5420444  2.26821746e-05  1.84099743e-05
  54     1      50               0     0.225302328     0.186329335      1.35898647      18.5420444  2.26821746e-05  1.84099743e-05
          wgpu 1d 310g 548c x3w 6ms | egraph 59g->402v+0snap 11ms | graft 80 (-255n, 0 snap) cpu 0 | f64 20 | gen 0.3s
  55     0     100               0     0.225302328     0.186329335      1.35898647      18.5420444  2.26821746e-05  1.84099743e-05
  55     1      50               0     0.225302328     0.186329335      1.35898647      18.5420444  2.26821746e-05  1.84099743e-05
          wgpu 1d 263g 554c x3w 5ms | egraph 47g->408v+0snap 10ms | graft 80 (-265n, 0 snap) cpu 0 | f64 20 | gen 0.3s
  56     0     100               0     0.225302328     0.186329335      1.35898647      18.5420444  2.26821746e-05  1.84099743e-05
  56     1      50               0     0.225302328     0.186329335      1.35898647      18.5420444  2.26821746e-05  1.84099743e-05
          wgpu 1d 313g 547c x3w 6ms | egraph 54g->401v+0snap 11ms | graft 77 (-290n, 0 snap) cpu 0 | f64 20 | gen 0.3s | dropped inexpr 1 oversz 0 unbuild 0 {}
  57     0     100               0     0.225302328     0.186329335      1.35898647      18.5420444  2.26821746e-05  1.84099743e-05
  57     1      50               0     0.225302328     0.186329335      1.35898647      18.5420444  2.26821746e-05  1.84099743e-05
          wgpu 1d 329g 559c x3w 6ms | egraph 64g->413v+0snap 12ms | graft 73 (-274n, 0 snap) cpu 0 | f64 20 | gen 0.2s
  58     0     100               0     0.225302328     0.186329335      1.35898647      18.5420444  2.26821746e-05  1.84099743e-05
  58     1      50               0     0.225302328     0.186329335      1.35898647      18.5420444  2.26821746e-05  1.84099743e-05
          wgpu 1d 273g 545c x3w 5ms | egraph 46g->399v+0snap 9ms | graft 81 (-258n, 0 snap) cpu 0 | f64 20 | gen 0.2s
  59     0     100               0     0.225302328     0.186329335      1.35898647      18.5420444  2.26821746e-05  1.84099743e-05
  59     1      50               0     0.225302328     0.186329335      1.35898647      18.5420444  2.26821746e-05  1.84099743e-05
          wgpu 1d 296g 545c x3w 5ms | egraph 42g->399v+0snap 8ms | graft 73 (-253n, 0 snap) cpu 0 | f64 20 | gen 0.2s | dropped inexpr 2 oversz 0 unbuild 0 {}
  60     0     100               0     0.225302328     0.186329335      1.35898647      18.5420444  2.26821746e-05  1.84099743e-05
  60     1      50               0     0.225302328     0.186329335      1.35898647      18.5420444  2.26821746e-05  1.84099743e-05
          wgpu 1d 278g 531c x3w 5ms | egraph 48g->385v+0snap 9ms | graft 84 (-241n, 0 snap) cpu 0 | f64 20 | gen 0.2s | dropped inexpr 3 oversz 0 unbuild 0 {}
--------- pump migration: intra (promote-2 + intake-reset) + cross ---------
  61     0     100               0      426.026567       416.55641      58.9218298      20679.8561    0.0428899652    0.0411571952
  61     1      50               0     0.162092588     0.140785405      1.06368081      17.0106824  1.63185726e-05  1.39100786e-05
          wgpu 2d 473g 592c x3w 9ms | egraph 146g->366v+0snap 25ms | graft 107 (-408n, 0 snap) cpu 0 | f64 25 | gen 0.4s | dropped inexpr 15 oversz 0 unbuild 0 {}
  62     0     100               0      426.026567       416.55641      58.9218298      20679.8561    0.0428899652    0.0411571952
  62     1      50               0     0.162092588     0.140785405      1.06368081      17.0106824  1.63185726e-05  1.39100786e-05
          wgpu 1d 228g 400c x3w 5ms | egraph 60g->254v+0snap 10ms | graft 54 (-197n, 0 snap) cpu 0 | f64 20 | gen 0.2s | dropped inexpr 12 oversz 0 unbuild 0 {}
  63     0     100               0      426.026567       416.55641      58.9218298      20679.8561    0.0428899652    0.0411571952
  63     1      50               0     0.162092588     0.140785405      1.06368081      17.0106824  1.63185726e-05  1.39100786e-05
          wgpu 1d 246g 416c x3w 5ms | egraph 65g->270v+0snap 11ms | graft 55 (-239n, 0 snap) cpu 0 | f64 20 | gen 0.2s | dropped inexpr 13 oversz 0 unbuild 0 {}
  64     0     100               0     0.225302328     0.186329335      1.35898647      18.5420444  2.26821746e-05  1.84099743e-05
  64     1      50               0     0.162092588     0.140785405      1.06368081      17.0106824  1.63185726e-05  1.39100786e-05
          wgpu 1d 239g 427c x3w 5ms | egraph 54g->281v+0snap 10ms | graft 55 (-228n, 0 snap) cpu 0 | f64 20 | gen 0.3s | dropped inexpr 9 oversz 0 unbuild 0 {}
  65     0     100               0     0.225302328     0.186329335      1.35898647      18.5420444  2.26821746e-05  1.84099743e-05
  65     1      50               0     0.162092588     0.140785405      1.06368081      17.0106824  1.63185726e-05  1.39100786e-05
          wgpu 1d 274g 499c x3w 5ms | egraph 53g->353v+0snap 10ms | graft 75 (-274n, 0 snap) cpu 0 | f64 20 | gen 0.2s | dropped inexpr 7 oversz 0 unbuild 0 {}
  66     0     100               0     0.225302328     0.186329335      1.35898647      18.5420444  2.26821746e-05  1.84099743e-05
  66     1      50               0     0.162092588     0.140785405      1.06368081      17.0106824  1.63185726e-05  1.39100786e-05
          wgpu 1d 260g 498c x3w 5ms | egraph 53g->352v+0snap 8ms | graft 76 (-292n, 0 snap) cpu 0 | f64 20 | gen 0.2s | dropped inexpr 8 oversz 0 unbuild 0 {}
  67     0     100               0     0.225302328     0.186329335      1.35898647      18.5420444  2.26821746e-05  1.84099743e-05
  67     1      50               0     0.162092588     0.140785405      1.06368081      17.0106824  1.63185726e-05  1.39100786e-05
          wgpu 1d 257g 514c x3w 5ms | egraph 46g->368v+0snap 8ms | graft 71 (-231n, 0 snap) cpu 0 | f64 20 | gen 0.2s | dropped inexpr 11 oversz 0 unbuild 0 {}
  68     0     100               0     0.225302328     0.186329335      1.35898647      18.5420444  2.26821746e-05  1.84099743e-05
  68     1      50               0     0.162092588     0.140785405      1.06368081      17.0106824  1.63185726e-05  1.39100786e-05
          wgpu 1d 263g 487c x3w 5ms | egraph 40g->341v+0snap 7ms | graft 64 (-189n, 0 snap) cpu 0 | f64 20 | gen 0.2s | dropped inexpr 13 oversz 0 unbuild 0 {}
  69     0     100               0     0.225302328     0.186329335      1.35898647      18.5420444  2.26821746e-05  1.84099743e-05
  69     1      50               0     0.162092588     0.140785405      1.06368081      17.0106824  1.63185726e-05  1.39100786e-05
          wgpu 1d 245g 501c x3w 5ms | egraph 56g->355v+0snap 9ms | graft 70 (-270n, 0 snap) cpu 0 | f64 20 | gen 0.2s | dropped inexpr 5 oversz 0 unbuild 0 {}
  70     0     100               0     0.194444503     0.147033521      1.24313308      16.8038169  1.95755819e-05  1.45274137e-05
  70     1      50               0     0.162092588     0.140785405      1.06368081      17.0106824  1.63185726e-05  1.39100786e-05
          wgpu 1d 165g 448c x3w 4ms | egraph 39g->302v+0snap 6ms | graft 50 (-172n, 0 snap) cpu 0 | f64 20 | gen 0.2s | dropped inexpr 4 oversz 0 unbuild 0 {}
--------- pump migration: intra (promote-2 + intake-reset) ---------
  71     0     100               0      971.245015      1034.13819      66.7252908      23589.9503    0.0977795003     0.102176383
  71     1      50               0     0.162092588     0.140785405      1.06368081      17.0106824  1.63185726e-05  1.39100786e-05
          wgpu 2d 385g 612c x3w 8ms | egraph 129g->386v+0snap 20ms | graft 115 (-470n, 0 snap) cpu 0 | f64 28 | gen 0.2s | dropped inexpr 4 oversz 0 unbuild 0 {}
  72     0     100               0      971.245015      1034.13819      66.7252908      23589.9503    0.0977795003     0.102176383
  72     1      50               0     0.162092588     0.140785405      1.06368081      17.0106824  1.63185726e-05  1.39100786e-05
          wgpu 1d 207g 421c x3w 4ms | egraph 53g->275v+0snap 8ms | graft 85 (-438n, 0 snap) cpu 0 | f64 20 | gen 0.2s | dropped inexpr 7 oversz 0 unbuild 0 {}
  73     0     100               0      971.245015      1034.13819      66.7252908      23589.9503    0.0977795003     0.102176383
  73     1      50               0     0.162092588     0.140785405      1.06368081      17.0106824  1.63185726e-05  1.39100786e-05
          wgpu 1d 253g 408c x3w 4ms | egraph 74g->262v+0snap 10ms | graft 87 (-437n, 0 snap) cpu 0 | f64 20 | gen 0.2s | dropped inexpr 6 oversz 0 unbuild 0 {}
  74     0     100               0     0.194444732     0.147032938      1.24313425       16.803814   1.9575605e-05  1.45273562e-05
  74     1      50               0     0.162092588     0.140785405      1.06368081      17.0106824  1.63185726e-05  1.39100786e-05
          wgpu 1d 208g 457c x3w 4ms | egraph 51g->311v+0snap 7ms | graft 77 (-363n, 0 snap) cpu 0 | f64 20 | gen 0.2s | dropped inexpr 5 oversz 0 unbuild 0 {}
  75     0     100               0      971.245015      1034.13819      66.7252908      23589.9503    0.0977795003     0.102176383
  75     1      50               0     0.162092588     0.140785405      1.06368081      17.0106824  1.63185726e-05  1.39100786e-05
          wgpu 1d 246g 444c x3w 4ms | egraph 57g->298v+0snap 9ms | graft 80 (-379n, 0 snap) cpu 0 | f64 20 | gen 0.2s | dropped inexpr 10 oversz 0 unbuild 0 {}
  76     0     100               0     0.194444732     0.147032938      1.24313425       16.803814   1.9575605e-05  1.45273562e-05
  76     1      50               0     0.162092588     0.140785405      1.06368081      17.0106824  1.63185726e-05  1.39100786e-05
          wgpu 1d 232g 484c x3w 4ms | egraph 55g->338v+0snap 8ms | graft 55 (-269n, 0 snap) cpu 0 | f64 20 | gen 0.2s | dropped inexpr 5 oversz 0 unbuild 0 {}
  77     0     100               0     0.194444732     0.147032938      1.24313425       16.803814   1.9575605e-05  1.45273562e-05
  77     1      50               0     0.162092588     0.140785405      1.06368081      17.0106824  1.63185726e-05  1.39100786e-05
          wgpu 1d 215g 483c x3w 4ms | egraph 52g->337v+0snap 8ms | graft 64 (-223n, 0 snap) cpu 0 | f64 20 | gen 0.2s | dropped inexpr 12 oversz 0 unbuild 0 {}
  78     0     100               0     0.194444732     0.147032938      1.24313425       16.803814   1.9575605e-05  1.45273562e-05
  78     1      50               0     0.162092588     0.140785405      1.06368081      17.0106824  1.63185726e-05  1.39100786e-05
          wgpu 1d 234g 488c x3w 4ms | egraph 49g->342v+0snap 42ms | graft 72 (-272n, 0 snap) cpu 0 | f64 20 | gen 0.2s | dropped inexpr 7 oversz 0 unbuild 0 {}
  79     0     100               0     0.194444732     0.147032938      1.24313425       16.803814   1.9575605e-05  1.45273562e-05
  79     1      50               0     0.162092588     0.140785405      1.06368081      17.0106824  1.63185726e-05  1.39100786e-05
          wgpu 1d 215g 497c x3w 5ms | egraph 49g->351v+0snap 9ms | graft 61 (-278n, 0 snap) cpu 0 | f64 20 | gen 0.2s | dropped inexpr 8 oversz 0 unbuild 0 {}
  80     0     100               0     0.194444732     0.147032938      1.24313425       16.803814   1.9575605e-05  1.45273562e-05
  80     1      50               0     0.162092588     0.140785405      1.06368081      17.0106824  1.63185726e-05  1.39100786e-05
          wgpu 1d 191g 498c x3w 4ms | egraph 36g->352v+0snap 6ms | graft 58 (-220n, 0 snap) cpu 0 | f64 20 | gen 0.2s | dropped inexpr 7 oversz 0 unbuild 0 {}
--------- pump migration: intra (promote-2 + intake-reset) ---------
  81     0     100               0     0.194444732     0.147032938      1.24313425       16.803814   1.9575605e-05  1.45273562e-05
  81     1      50               0     0.162092588     0.140785405      1.06368081      17.0106824  1.63185726e-05  1.39100786e-05
          wgpu 2d 452g 708c x3w 9ms | egraph 113g->482v+0snap 26ms | graft 105 (-369n, 0 snap) cpu 0 | f64 30 | gen 0.2s | dropped inexpr 7 oversz 0 unbuild 0 {}
  82     0     100               0     0.194444732     0.147032938      1.24313425       16.803814   1.9575605e-05  1.45273562e-05
  82     1      50               0     0.149264211     0.132680586     0.994730438      14.1164434  1.50270835e-05  1.31092948e-05
          wgpu 1d 198g 500c x3w 4ms | egraph 43g->354v+0snap 7ms | graft 58 (-231n, 0 snap) cpu 0 | f64 20 | gen 0.2s | dropped inexpr 7 oversz 0 unbuild 0 {}
  83     0     100               0     0.194444732     0.147032938      1.24313425       16.803814   1.9575605e-05  1.45273562e-05
  83     1      50               0     0.149264211     0.132680586     0.994730438      14.1164434  1.50270835e-05  1.31092948e-05
          wgpu 1d 197g 507c x3w 4ms | egraph 53g->361v+0snap 9ms | graft 66 (-327n, 0 snap) cpu 0 | f64 20 | gen 0.2s | dropped inexpr 10 oversz 0 unbuild 0 {}
  84     0     100               0     0.194444732     0.147032938      1.24313425       16.803814   1.9575605e-05  1.45273562e-05
  84     1      50               0     0.149264211     0.132680586     0.994730438      14.1164434  1.50270835e-05  1.31092948e-05
          wgpu 1d 202g 512c x3w 4ms | egraph 39g->366v+0snap 7ms | graft 71 (-309n, 0 snap) cpu 0 | f64 20 | gen 0.2s | dropped inexpr 8 oversz 0 unbuild 0 {}
  85     0     100               0     0.194444732     0.147032938      1.24313425       16.803814   1.9575605e-05  1.45273562e-05
  85     1      50               0     0.149264211     0.132680586     0.994730438      14.1164434  1.50270835e-05  1.31092948e-05
          wgpu 1d 230g 544c x3w 5ms | egraph 58g->398v+0snap 10ms | graft 66 (-350n, 0 snap) cpu 0 | f64 20 | gen 0.2s | dropped inexpr 10 oversz 0 unbuild 0 {}
  86     0     100               0     0.194444732     0.147032938      1.24313425       16.803814   1.9575605e-05  1.45273562e-05
  86     1      50               0     0.149264261     0.132680909     0.994725924      14.1164272  1.50270886e-05  1.31093267e-05
          wgpu 1d 212g 520c x3w 4ms | egraph 31g->374v+0snap 6ms | graft 72 (-297n, 0 snap) cpu 0 | f64 20 | gen 0.2s | dropped inexpr 2 oversz 0 unbuild 0 {}
  87     0     100               0     0.194444732     0.147032938      1.24313425       16.803814   1.9575605e-05  1.45273562e-05
  87     1      50               0     0.149264211     0.132680586     0.994730438      14.1164434  1.50270835e-05  1.31092948e-05
          wgpu 1d 221g 537c x3w 4ms | egraph 36g->391v+0snap 6ms | graft 77 (-307n, 0 snap) cpu 0 | f64 20 | gen 0.2s | dropped inexpr 10 oversz 0 unbuild 0 {}
  88     0     100               0     0.194444732     0.147032938      1.24313425       16.803814   1.9575605e-05  1.45273562e-05
  88     1      50               0     0.149264211     0.132680586     0.994730438      14.1164434  1.50270835e-05  1.31092948e-05
          wgpu 1d 198g 527c x3w 4ms | egraph 28g->381v+0snap 5ms | graft 66 (-271n, 0 snap) cpu 0 | f64 20 | gen 0.2s | dropped inexpr 7 oversz 0 unbuild 0 {}
  89     0     100               0     0.194444732     0.147032938      1.24313425       16.803814   1.9575605e-05  1.45273562e-05
  89     1      50               0     0.149264211     0.132680586     0.994730438      14.1164434  1.50270835e-05  1.31092948e-05
          wgpu 1d 186g 524c x3w 4ms | egraph 35g->378v+0snap 6ms | graft 63 (-243n, 0 snap) cpu 0 | f64 20 | gen 0.2s | dropped inexpr 10 oversz 0 unbuild 0 {}
  90     0     100               0     0.194444732     0.147032938      1.24313425       16.803814   1.9575605e-05  1.45273562e-05
  90     1      50               0     0.149264211     0.132680586     0.994730438      14.1164434  1.50270835e-05  1.31092948e-05
          wgpu 1d 245g 541c x3w 5ms | egraph 50g->395v+0snap 9ms | graft 77 (-360n, 0 snap) cpu 0 | f64 20 | gen 0.2s | dropped inexpr 8 oversz 0 unbuild 0 {}
--------- pump migration: intra (promote-2 + intake-reset) + cross ---------
  91     0     100               0     0.194444732     0.147032938      1.24313425       16.803814   1.9575605e-05  1.45273562e-05
  91     1      50               0     0.149264211     0.132680586     0.994730438      14.1164434  1.50270835e-05  1.31092948e-05
          wgpu 2d 446g 648c x3w 8ms | egraph 135g->422v+0snap 24ms | graft 142 (-501n, 0 snap) cpu 0 | f64 26 | gen 0.2s | dropped inexpr 7 oversz 0 unbuild 0 {}
  92     0     100               0     0.194444732     0.147032938      1.24313425       16.803814   1.9575605e-05  1.45273562e-05
  92     1      50               0     0.194444732     0.147032938      1.24313425       16.803814   1.9575605e-05  1.45273562e-05
          wgpu 1d 200g 520c x3w 4ms | egraph 37g->374v+0snap 8ms | graft 69 (-245n, 0 snap) cpu 0 | f64 20 | gen 0.2s | dropped inexpr 6 oversz 0 unbuild 0 {}
  93     0     100               0     0.194444732     0.147032938      1.24313425       16.803814   1.9575605e-05  1.45273562e-05
  93     1      50               0     0.149264211     0.132680586     0.994730438      14.1164434  1.50270835e-05  1.31092948e-05
          wgpu 1d 194g 522c x3w 4ms | egraph 37g->376v+0snap 11ms | graft 59 (-259n, 0 snap) cpu 0 | f64 20 | gen 0.2s | dropped inexpr 8 oversz 0 unbuild 0 {}
  94     0     100               0     0.194444732     0.147032938      1.24313425       16.803814   1.9575605e-05  1.45273562e-05
  94     1      50               0     0.149264261     0.132680909     0.994725924      14.1164272  1.50270886e-05  1.31093267e-05
          wgpu 1d 208g 528c x3w 4ms | egraph 33g->382v+0snap 10ms | graft 61 (-252n, 0 snap) cpu 0 | f64 20 | gen 0.2s | dropped inexpr 6 oversz 0 unbuild 0 {}
  95     0     100               0     0.194444732     0.147032938      1.24313425       16.803814   1.9575605e-05  1.45273562e-05
  95     1      50               0     0.149264261     0.132680909     0.994725924      14.1164272  1.50270886e-05  1.31093267e-05
          wgpu 1d 207g 543c x3w 4ms | egraph 42g->397v+0snap 7ms | graft 68 (-320n, 0 snap) cpu 0 | f64 20 | gen 0.2s | dropped inexpr 7 oversz 0 unbuild 0 {}
  96     0     100               0     0.194444732     0.147032938      1.24313425       16.803814   1.9575605e-05  1.45273562e-05
  96     1      50               0     0.149264211     0.132680586     0.994730438      14.1164434  1.50270835e-05  1.31092948e-05
          wgpu 1d 202g 543c x3w 4ms | egraph 44g->397v+0snap 6ms | graft 72 (-271n, 0 snap) cpu 0 | f64 20 | gen 0.2s | dropped inexpr 5 oversz 0 unbuild 0 {}
  97     0     100               0     0.194444732     0.147032938      1.24313425       16.803814   1.9575605e-05  1.45273562e-05
  97     1      50               0     0.149264211     0.132680586     0.994730438      14.1164434  1.50270835e-05  1.31092948e-05
          wgpu 1d 220g 550c x3w 4ms | egraph 45g->404v+0snap 8ms | graft 68 (-295n, 0 snap) cpu 0 | f64 20 | gen 0.2s | dropped inexpr 6 oversz 0 unbuild 0 {}
  98     0     100               0     0.194444732     0.147032938      1.24313425       16.803814   1.9575605e-05  1.45273562e-05
  98     1      50               0     0.149264211     0.132680586     0.994730438      14.1164434  1.50270835e-05  1.31092948e-05
          wgpu 1d 215g 524c x3w 4ms | egraph 43g->378v+0snap 42ms | graft 60 (-232n, 0 snap) cpu 0 | f64 20 | gen 0.2s | dropped inexpr 13 oversz 0 unbuild 0 {}
  99     0     100               0     0.194444732     0.147032938      1.24313425       16.803814   1.9575605e-05  1.45273562e-05
  99     1      50               0     0.149264211     0.132680586     0.994730438      14.1164434  1.50270835e-05  1.31092948e-05
          wgpu 1d 187g 504c x3w 4ms | egraph 38g->358v+0snap 7ms | graft 60 (-261n, 0 snap) cpu 0 | f64 20 | gen 0.2s | dropped inexpr 6 oversz 0 unbuild 0 {}
 100     0     100               0     0.194444732     0.147032938      1.24313425       16.803814   1.9575605e-05  1.45273562e-05
 100     1      50               0     0.149264211     0.132680586     0.994730438      14.1164434  1.50270835e-05  1.31092948e-05
          wgpu 1d 209g 509c x3w 4ms | egraph 47g->363v+0snap 9ms | graft 63 (-275n, 0 snap) cpu 0 | f64 20 | gen 0.2s | dropped inexpr 7 oversz 0 unbuild 0 {}
--------- pump migration: intra (promote-2 + intake-reset) ---------
 101     0     100               0     0.194444732     0.147032938      1.24313425       16.803814   1.9575605e-05  1.45273562e-05
 101     1      50               0     0.194444732     0.147032938      1.24313425       16.803814   1.9575605e-05  1.45273562e-05
          wgpu 2d 409g 668c x3w 8ms | egraph 100g->442v+0snap 17ms | graft 102 (-308n, 0 snap) cpu 0 | f64 27 | gen 0.2s | dropped inexpr 6 oversz 0 unbuild 0 {}
 102     0     100               0     0.194444732     0.147032938      1.24313425       16.803814   1.9575605e-05  1.45273562e-05
 102     1      50               0     0.194444732     0.147032938      1.24313425       16.803814   1.9575605e-05  1.45273562e-05
          wgpu 1d 200g 530c x3w 4ms | egraph 24g->384v+0snap 5ms | graft 58 (-181n, 0 snap) cpu 0 | f64 20 | gen 0.2s
 103     0     100               0     0.194444732     0.147032938      1.24313425       16.803814   1.9575605e-05  1.45273562e-05
 103     1      50               0     0.194444732     0.147032938      1.24313425       16.803814   1.9575605e-05  1.45273562e-05
          wgpu 1d 170g 518c x3w 4ms | egraph 25g->372v+0snap 5ms | graft 64 (-220n, 0 snap) cpu 0 | f64 20 | gen 0.2s
 104     0     100               0     0.171115372     0.144578776       1.1001218      8.53259133  1.72269358e-05  1.42848766e-05
 104     1      50               0     0.194444732     0.147032938      1.24313425       16.803814   1.9575605e-05  1.45273562e-05
          wgpu 1d 220g 531c x3w 4ms | egraph 48g->385v+0snap 8ms | graft 59 (-203n, 0 snap) cpu 0 | f64 20 | gen 0.2s
 105     0     100               0     0.194444732     0.147032938      1.24313425       16.803814   1.9575605e-05  1.45273562e-05
 105     1      50               0     0.194444503     0.147033521      1.24313308      16.8038169  1.95755819e-05  1.45274137e-05
          wgpu 1d 246g 556c x3w 5ms | egraph 59g->410v+0snap 12ms | graft 72 (-263n, 0 snap) cpu 0 | f64 20 | gen 0.3s | dropped inexpr 3 oversz 0 unbuild 0 {}
 106     0     100               0     0.171115372     0.144578776       1.1001218      8.53259133  1.72269358e-05  1.42848766e-05
 106     1      50               0     0.194444503     0.147033521      1.24313308      16.8038169  1.95755819e-05  1.45274137e-05
          wgpu 1d 212g 525c x3w 4ms | egraph 47g->379v+0snap 8ms | graft 67 (-258n, 0 snap) cpu 0 | f64 20 | gen 0.2s | dropped inexpr 10 oversz 0 unbuild 0 {}
 107     0     100               0      0.16078917     0.131012964      1.07237126      8.45214415  1.61873518e-05  1.29445281e-05
 107     1      50               0     0.194444503     0.147033521      1.24313308      16.8038169  1.95755819e-05  1.45274137e-05
          wgpu 1d 207g 499c x3w 4ms | egraph 50g->353v+0snap 8ms | graft 71 (-208n, 0 snap) cpu 0 | f64 20 | gen 0.2s | dropped inexpr 10 oversz 0 unbuild 0 {}
 108     0     100               0      0.16078917     0.131012964      1.07237126      8.45214415  1.61873518e-05  1.29445281e-05
 108     1      50               0     0.194444732     0.147032938      1.24313425       16.803814   1.9575605e-05  1.45273562e-05
          wgpu 1d 201g 519c x3w 4ms | egraph 48g->373v+0snap 7ms | graft 69 (-231n, 0 snap) cpu 0 | f64 20 | gen 0.2s | dropped inexpr 3 oversz 0 unbuild 0 {}
 109     0     100               0      0.16078917     0.131012964      1.07237126      8.45214415  1.61873518e-05  1.29445281e-05
 109     1      50               0     0.194444732     0.147032938      1.24313425       16.803814   1.9575605e-05  1.45273562e-05
          wgpu 1d 175g 460c x3w 4ms | egraph 34g->314v+0snap 6ms | graft 76 (-197n, 0 snap) cpu 0 | f64 20 | gen 0.2s | dropped inexpr 7 oversz 0 unbuild 0 {}
 110     0     100               0      0.16078925     0.131013041      1.07235119      8.45212848  1.61873598e-05  1.29445357e-05
 110     1      50               0     0.194444503     0.147033521      1.24313308      16.8038169  1.95755819e-05  1.45274137e-05
          wgpu 1d 151g 474c x3w 4ms | egraph 33g->328v+0snap 6ms | graft 62 (-150n, 0 snap) cpu 0 | f64 20 | gen 0.2s | dropped inexpr 4 oversz 0 unbuild 0 {}
--------- pump migration: intra (promote-2 + intake-reset) ---------
 111     0     100               0      0.16078925     0.131013041      1.07235119      8.45212848  1.61873598e-05  1.29445357e-05
 111     1      50               0     0.194444503     0.147033521      1.24313308      16.8038169  1.95755819e-05  1.45274137e-05
          wgpu 2d 397g 582c x3w 8ms | egraph 113g->356v+0snap 19ms | graft 96 (-321n, 0 snap) cpu 0 | f64 24 | gen 0.2s | dropped inexpr 5 oversz 0 unbuild 0 {}
 112     0     100               0      0.16078925     0.131013041      1.07235119      8.45212848  1.61873598e-05  1.29445357e-05
 112     1      50               0     0.194444503     0.147033521      1.24313308      16.8038169  1.95755819e-05  1.45274137e-05
          wgpu 1d 166g 389c x3w 4ms | egraph 38g->243v+0snap 6ms | graft 60 (-159n, 0 snap) cpu 0 | f64 20 | gen 0.2s | dropped inexpr 6 oversz 0 unbuild 0 {}
 113     0     100               0      0.16078917     0.131012964      1.07237126      8.45214415  1.61873518e-05  1.29445281e-05
 113     1      50               0      0.16078917     0.131012964      1.07237126      8.45214415  1.61873518e-05  1.29445281e-05
          wgpu 1d 176g 438c x3w 4ms | egraph 43g->292v+0snap 7ms | graft 61 (-147n, 0 snap) cpu 0 | f64 20 | gen 0.2s | dropped inexpr 8 oversz 0 unbuild 0 {}
 114     0     100               0      0.16078925     0.131013041      1.07235119      8.45212848  1.61873598e-05  1.29445357e-05
 114     1      50               0      0.16078917     0.131012964      1.07237126      8.45214415  1.61873518e-05  1.29445281e-05
          wgpu 1d 172g 446c x3w 4ms | egraph 40g->300v+0snap 9ms | graft 60 (-198n, 0 snap) cpu 0 | f64 20 | gen 0.2s | dropped inexpr 8 oversz 0 unbuild 0 {}
 115     0     100               0      0.16078925     0.131013041      1.07235119      8.45212848  1.61873598e-05  1.29445357e-05
 115     1      50               0      0.16078917     0.131012964      1.07237126      8.45214415  1.61873518e-05  1.29445281e-05
          wgpu 1d 159g 431c x3w 4ms | egraph 37g->285v+0snap 9ms | graft 69 (-168n, 0 snap) cpu 0 | f64 20 | gen 0.3s | dropped inexpr 12 oversz 0 unbuild 0 {}
 116     0     100               0      0.16078925     0.131013041      1.07235119      8.45212848  1.61873598e-05  1.29445357e-05
 116     1      50               0      0.16078925     0.131013041      1.07235119      8.45212848  1.61873598e-05  1.29445357e-05
          wgpu 1d 179g 448c x3w 4ms | egraph 44g->302v+0snap 8ms | graft 67 (-160n, 0 snap) cpu 0 | f64 20 | gen 0.2s | dropped inexpr 15 oversz 0 unbuild 0 {}
 117     0     100               0      0.16078925     0.131013041      1.07235119      8.45212848  1.61873598e-05  1.29445357e-05
 117     1      50               0      0.16078917     0.131012964      1.07237126      8.45214415  1.61873518e-05  1.29445281e-05
          wgpu 1d 171g 452c x3w 4ms | egraph 42g->306v+0snap 8ms | graft 71 (-169n, 0 snap) cpu 0 | f64 20 | gen 0.3s | dropped inexpr 11 oversz 0 unbuild 0 {}
 118     0     100               0      0.16078925     0.131013041      1.07235119      8.45212848  1.61873598e-05  1.29445357e-05
 118     1      50               0      0.16078925     0.131013041      1.07235119      8.45212848  1.61873598e-05  1.29445357e-05
          wgpu 1d 176g 457c x3w 4ms | egraph 39g->311v+0snap 6ms | graft 77 (-179n, 0 snap) cpu 0 | f64 20 | gen 0.2s | dropped inexpr 11 oversz 0 unbuild 0 {}
 119     0     100               0      0.16078925     0.131013041      1.07235119      8.45212848  1.61873598e-05  1.29445357e-05
 119     1      50               0      0.16078925     0.131013041      1.07235119      8.45212848  1.61873598e-05  1.29445357e-05
          wgpu 1d 179g 455c x3w 4ms | egraph 42g->309v+0snap 9ms | graft 68 (-165n, 0 snap) cpu 0 | f64 20 | gen 0.2s | dropped inexpr 12 oversz 0 unbuild 0 {}
 120     0     100               0      0.16078925     0.131013041      1.07235119      8.45212848  1.61873598e-05  1.29445357e-05
 120     1      50               0      0.16078917     0.131012964      1.07237126      8.45214415  1.61873518e-05  1.29445281e-05
          wgpu 1d 157g 413c x3w 4ms | egraph 31g->267v+0snap 5ms | graft 73 (-172n, 0 snap) cpu 0 | f64 20 | gen 0.2s | dropped inexpr 6 oversz 0 unbuild 0 {}
--------- pump migration: intra (promote-2 + intake-reset) + cross ---------
 121     0     100               0      0.16078925     0.131013041      1.07235119      8.45212848  1.61873598e-05  1.29445357e-05
 121     1      50               0      0.16078917     0.131012964      1.07237126      8.45214415  1.61873518e-05  1.29445281e-05
          wgpu 2d 391g 632c x3w 8ms | egraph 121g->406v+0snap 25ms | graft 111 (-318n, 0 snap) cpu 0 | f64 25 | gen 0.2s | dropped inexpr 15 oversz 0 unbuild 0 {}
 122     0     100               0      0.16078925     0.131013041      1.07235119      8.45212848  1.61873598e-05  1.29445357e-05
 122     1      50               0      0.16078917     0.131012964      1.07237126      8.45214415  1.61873518e-05  1.29445281e-05
          wgpu 1d 177g 440c x3w 4ms | egraph 38g->294v+0snap 8ms | graft 64 (-154n, 0 snap) cpu 0 | f64 20 | gen 0.2s | dropped inexpr 7 oversz 0 unbuild 0 {}
 123     0     100               0      0.16078925     0.131013041      1.07235119      8.45212848  1.61873598e-05  1.29445357e-05
 123     1      50               0      0.16078925     0.131013041      1.07235119      8.45212848  1.61873598e-05  1.29445357e-05
          wgpu 1d 162g 444c x3w 4ms | egraph 35g->298v+0snap 8ms | graft 65 (-144n, 0 snap) cpu 0 | f64 20 | gen 0.2s | dropped inexpr 7 oversz 0 unbuild 0 {}
 124     0     100               0      0.16078925     0.131013041      1.07235119      8.45212848  1.61873598e-05  1.29445357e-05
 124     1      50               0      0.16078917     0.131012964      1.07237126      8.45214415  1.61873518e-05  1.29445281e-05
          wgpu 1d 165g 435c x3w 4ms | egraph 32g->289v+0snap 6ms | graft 64 (-164n, 0 snap) cpu 0 | f64 20 | gen 0.2s | dropped inexpr 6 oversz 0 unbuild 0 {}
 125     0     100               0      0.16078925     0.131013041      1.07235119      8.45212848  1.61873598e-05  1.29445357e-05
 125     1      50               0      0.16078917     0.131012964      1.07237126      8.45214415  1.61873518e-05  1.29445281e-05
          wgpu 1d 158g 437c x3w 4ms | egraph 32g->291v+0snap 7ms | graft 58 (-145n, 0 snap) cpu 0 | f64 20 | gen 0.2s | dropped inexpr 9 oversz 0 unbuild 0 {}
 126     0     100               0      0.16078925     0.131013041      1.07235119      8.45212848  1.61873598e-05  1.29445357e-05
 126     1      50               0      0.16078917     0.131012964      1.07237126      8.45214415  1.61873518e-05  1.29445281e-05
          wgpu 1d 184g 436c x3w 4ms | egraph 39g->290v+0snap 7ms | graft 72 (-173n, 0 snap) cpu 0 | f64 20 | gen 0.2s | dropped inexpr 11 oversz 0 unbuild 0 {}
 127     0     100               0      0.16078925     0.131013041      1.07235119      8.45212848  1.61873598e-05  1.29445357e-05
 127     1      50               0      0.16078917     0.131012964      1.07237126      8.45214415  1.61873518e-05  1.29445281e-05
          wgpu 1d 163g 455c x3w 4ms | egraph 31g->309v+0snap 18ms | graft 67 (-187n, 0 snap) cpu 0 | f64 20 | gen 0.4s | dropped inexpr 12 oversz 0 unbuild 0 {}
 128     0     100               0      0.16078925     0.131013041      1.07235119      8.45212848  1.61873598e-05  1.29445357e-05
 128     1      50               0      0.16078925     0.131013041      1.07235119      8.45212848  1.61873598e-05  1.29445357e-05
          wgpu 1d 147g 428c x3w 4ms | egraph 23g->282v+0snap 7ms | graft 68 (-146n, 0 snap) cpu 0 | f64 20 | gen 0.3s | dropped inexpr 7 oversz 0 unbuild 0 {}
 129     0     100               0      0.16078925     0.131013041      1.07235119      8.45212848  1.61873598e-05  1.29445357e-05
 129     1      50               0      0.16078917     0.131012964      1.07237126      8.45214415  1.61873518e-05  1.29445281e-05
          wgpu 1d 159g 434c x3w 4ms | egraph 35g->288v+0snap 6ms | graft 64 (-157n, 0 snap) cpu 0 | f64 20 | gen 0.2s | dropped inexpr 6 oversz 0 unbuild 0 {}
 130     0     100               0      0.16078917     0.131012964      1.07237126      8.45214415  1.61873518e-05  1.29445281e-05
 130     1      50               0      0.16078925     0.131013041      1.07235119      8.45212848  1.61873598e-05  1.29445357e-05
          wgpu 1d 164g 430c x3w 4ms | egraph 43g->284v+0snap 6ms | graft 58 (-145n, 0 snap) cpu 0 | f64 20 | gen 0.2s | dropped inexpr 7 oversz 0 unbuild 0 {}
--------- pump migration: intra (promote-2 + intake-reset) ---------
 131     0     100               0      0.16078917     0.131012964      1.07237126      8.45214415  1.61873518e-05  1.29445281e-05
 131     1      50               0      0.16078917     0.131012964      1.07237126      8.45214415  1.61873518e-05  1.29445281e-05
          wgpu 2d 377g 580c x3w 7ms | egraph 113g->354v+0snap 17ms | graft 94 (-284n, 0 snap) cpu 0 | f64 25 | gen 0.2s | dropped inexpr 6 oversz 0 unbuild 0 {}
 132     0     100               0      0.16078917     0.131012964      1.07237126      8.45214415  1.61873518e-05  1.29445281e-05
 132     1      50               0      0.16078917     0.131012964      1.07237126      8.45214415  1.61873518e-05  1.29445281e-05
          wgpu 1d 145g 418c x3w 4ms | egraph 33g->272v+0snap 5ms | graft 61 (-140n, 0 snap) cpu 0 | f64 20 | gen 0.2s | dropped inexpr 4 oversz 0 unbuild 0 {}
 133     0     100               0      0.16078917     0.131012964      1.07237126      8.45214415  1.61873518e-05  1.29445281e-05
 133     1      50               0      0.16078917     0.131012964      1.07237126      8.45214415  1.61873518e-05  1.29445281e-05
          wgpu 1d 143g 415c x3w 4ms | egraph 31g->269v+0snap 5ms | graft 56 (-122n, 0 snap) cpu 0 | f64 20 | gen 0.2s | dropped inexpr 4 oversz 0 unbuild 0 {}
 134     0     100               0      0.16078925     0.131013041      1.07235119      8.45212848  1.61873598e-05  1.29445357e-05
 134     1      50               0      0.16078917     0.131012964      1.07237126      8.45214415  1.61873518e-05  1.29445281e-05
          wgpu 1d 137g 426c x3w 4ms | egraph 30g->280v+0snap 13ms | graft 50 (-114n, 0 snap) cpu 0 | f64 20 | gen 0.4s | dropped inexpr 5 oversz 0 unbuild 0 {}
 135     0     100               0      0.16078925     0.131013041      1.07235119      8.45212848  1.61873598e-05  1.29445357e-05
 135     1      50               0      0.16078917     0.131012964      1.07237126      8.45214415  1.61873518e-05  1.29445281e-05
          wgpu 1d 154g 411c x3w 3ms | egraph 32g->265v+0snap 5ms | graft 62 (-132n, 0 snap) cpu 0 | f64 20 | gen 0.2s | dropped inexpr 11 oversz 0 unbuild 0 {}
 136     0     100               0      0.16078925     0.131013041      1.07235119      8.45212848  1.61873598e-05  1.29445357e-05
 136     1      50               0      0.16078917     0.131012964      1.07237126      8.45214415  1.61873518e-05  1.29445281e-05
          wgpu 1d 192g 453c x3w 4ms | egraph 43g->307v+0snap 16ms | graft 63 (-145n, 0 snap) cpu 0 | f64 20 | gen 0.2s | dropped inexpr 13 oversz 0 unbuild 0 {}
 137     0     100               0      0.16078925     0.131013041      1.07235119      8.45212848  1.61873598e-05  1.29445357e-05
 137     1      50               0      0.16078925     0.131013041      1.07235119      8.45212848  1.61873598e-05  1.29445357e-05
          wgpu 1d 153g 436c x3w 4ms | egraph 24g->290v+0snap 8ms | graft 53 (-134n, 0 snap) cpu 0 | f64 20 | gen 0.2s | dropped inexpr 6 oversz 0 unbuild 0 {}
 138     0     100               0      0.16078925     0.131013041      1.07235119      8.45212848  1.61873598e-05  1.29445357e-05
 138     1      50               0      0.16078925     0.131013041      1.07235119      8.45212848  1.61873598e-05  1.29445357e-05
          wgpu 1d 142g 428c x3w 4ms | egraph 29g->282v+0snap 5ms | graft 56 (-115n, 0 snap) cpu 0 | f64 20 | gen 0.2s | dropped inexpr 4 oversz 0 unbuild 0 {}
 139     0     100               0      0.16078925     0.131013041      1.07235119      8.45212848  1.61873598e-05  1.29445357e-05
 139     1      50               0      0.16078925     0.131013041      1.07235119      8.45212848  1.61873598e-05  1.29445357e-05
          wgpu 1d 142g 424c x3w 3ms | egraph 24g->278v+0snap 4ms | graft 58 (-129n, 0 snap) cpu 0 | f64 20 | gen 0.2s | dropped inexpr 4 oversz 0 unbuild 0 {}
 140     0     100               0      0.16078917     0.131012964      1.07237126      8.45214415  1.61873518e-05  1.29445281e-05
 140     1      50               0      0.16078917     0.131012964      1.07237126      8.45214415  1.61873518e-05  1.29445281e-05
          wgpu 1d 166g 435c x3w 4ms | egraph 29g->289v+0snap 5ms | graft 63 (-158n, 0 snap) cpu 0 | f64 20 | gen 0.2s | dropped inexpr 9 oversz 0 unbuild 0 {}
--------- pump migration: intra (promote-2 + intake-reset) ---------
 141     0     100               0      0.16078917     0.131012964      1.07237126      8.45214415  1.61873518e-05  1.29445281e-05
 141     1      50               0      0.16078917     0.131012964      1.07237126      8.45214415  1.61873518e-05  1.29445281e-05
          wgpu 2d 424g 635c x3w 8ms | egraph 123g->409v+0snap 26ms | graft 137 (-395n, 0 snap) cpu 0 | f64 27 | gen 0.2s | dropped inexpr 9 oversz 0 unbuild 0 {}
 142     0     100               0      0.16078917     0.131012964      1.07237126      8.45214415  1.61873518e-05  1.29445281e-05
 142     1      50               0      0.16078917     0.131012964      1.07237126      8.45214415  1.61873518e-05  1.29445281e-05
          wgpu 1d 127g 424c x3w 3ms | egraph 20g->278v+0snap 4ms | graft 44 (-100n, 0 snap) cpu 0 | f64 20 | gen 0.2s | dropped inexpr 4 oversz 0 unbuild 0 {}
 143     0     100               0      0.16078917     0.131012964      1.07237126      8.45214415  1.61873518e-05  1.29445281e-05
 143     1      50               0      0.16078925     0.131013041      1.07235119      8.45212848  1.61873598e-05  1.29445357e-05
          wgpu 1d 153g 432c x3w 4ms | egraph 26g->286v+0snap 7ms | graft 54 (-124n, 0 snap) cpu 0 | f64 20 | gen 0.2s | dropped inexpr 8 oversz 0 unbuild 0 {}
 144     0     100               0      0.16078925     0.131013041      1.07235119      8.45212848  1.61873598e-05  1.29445357e-05
 144     1      50               0      0.16078917     0.131012964      1.07237126      8.45214415  1.61873518e-05  1.29445281e-05
          wgpu 1d 146g 437c x3w 4ms | egraph 20g->291v+0snap 4ms | graft 54 (-141n, 0 snap) cpu 0 | f64 20 | gen 0.2s | dropped inexpr 3 oversz 0 unbuild 0 {}
 145     0     100               0      0.16078917     0.131012964      1.07237126      8.45214415  1.61873518e-05  1.29445281e-05
 145     1      50               0      0.16078917     0.131012964      1.07237126      8.45214415  1.61873518e-05  1.29445281e-05
          wgpu 1d 149g 417c x3w 4ms | egraph 20g->271v+0snap 4ms | graft 55 (-145n, 0 snap) cpu 0 | f64 20 | gen 0.2s | dropped inexpr 4 oversz 0 unbuild 0 {}
 146     0     100               0      0.16078917     0.131012964      1.07237126      8.45214415  1.61873518e-05  1.29445281e-05
 146     1      50               0      0.16078917     0.131012964      1.07237126      8.45214415  1.61873518e-05  1.29445281e-05
          wgpu 1d 161g 425c x3w 4ms | egraph 20g->279v+0snap 5ms | graft 53 (-133n, 0 snap) cpu 0 | f64 20 | gen 0.2s | dropped inexpr 7 oversz 0 unbuild 0 {}
 147     0     100               0      0.16078917     0.131012964      1.07237126      8.45214415  1.61873518e-05  1.29445281e-05
 147     1      50               0      0.16078917     0.131012964      1.07237126      8.45214415  1.61873518e-05  1.29445281e-05
          wgpu 1d 176g 425c x3w 4ms | egraph 33g->279v+0snap 5ms | graft 55 (-131n, 0 snap) cpu 0 | f64 20 | gen 0.2s | dropped inexpr 7 oversz 0 unbuild 0 {}
 148     0     100               0      0.16078917     0.131012964      1.07237126      8.45214415  1.61873518e-05  1.29445281e-05
 148     1      50               0      0.16078925     0.131013041      1.07235119      8.45212848  1.61873598e-05  1.29445357e-05
          wgpu 1d 159g 433c x3w 4ms | egraph 32g->287v+0snap 6ms | graft 70 (-156n, 0 snap) cpu 0 | f64 20 | gen 0.2s | dropped inexpr 7 oversz 0 unbuild 0 {}
 149     0     100               0      0.16078917     0.131012964      1.07237126      8.45214415  1.61873518e-05  1.29445281e-05
 149     1      50               0      0.16078917     0.131012964      1.07237126      8.45214415  1.61873518e-05  1.29445281e-05
          wgpu 1d 169g 435c x3w 4ms | egraph 28g->289v+0snap 5ms | graft 59 (-135n, 0 snap) cpu 0 | f64 20 | gen 0.2s | dropped inexpr 8 oversz 0 unbuild 0 {}
 150     0     100               0      0.16078917     0.131012964      1.07237126      8.45214415  1.61873518e-05  1.29445281e-05
 150     1      50               0      0.16078917     0.131012964      1.07237126      8.45214415  1.61873518e-05  1.29445281e-05
          wgpu 1d 167g 437c x3w 4ms | egraph 31g->291v+0snap 9ms | graft 60 (-156n, 0 snap) cpu 0 | f64 20 | gen 0.2s | dropped inexpr 4 oversz 0 unbuild 0 {}
--------- pump migration: intra (promote-2 + intake-reset) + cross ---------
 151     0     100               0      0.16078917     0.131012964      1.07237126      8.45214415  1.61873518e-05  1.29445281e-05
 151     1      50               0      0.16078925     0.131013041      1.07235119      8.45212848  1.61873598e-05  1.29445357e-05
          wgpu 2d 387g 604c x3w 8ms | egraph 104g->378v+0snap 21ms | graft 106 (-302n, 0 snap) cpu 0 | f64 30 | gen 0.2s | dropped inexpr 3 oversz 0 unbuild 0 {}
 152     0     100               0      0.16078917     0.131012964      1.07237126      8.45214415  1.61873518e-05  1.29445281e-05
 152     1      50               0      0.16078925     0.131013041      1.07235119      8.45212848  1.61873598e-05  1.29445357e-05
          wgpu 1d 138g 407c x3w 4ms | egraph 25g->261v+0snap 4ms | graft 56 (-122n, 0 snap) cpu 0 | f64 20 | gen 0.2s | dropped inexpr 3 oversz 0 unbuild 0 {}
 153     0     100               0     0.160873641     0.131142994      1.07156727      8.45208835  1.61958558e-05  1.29573754e-05
 153     1      50               0      0.16078925     0.131013041      1.07235119      8.45212848  1.61873598e-05  1.29445357e-05
          wgpu 1d 144g 418c x3w 4ms | egraph 30g->272v+0snap 5ms | graft 52 (-118n, 0 snap) cpu 0 | f64 20 | gen 0.2s | dropped inexpr 3 oversz 0 unbuild 0 {}
 154     0     100               0     0.160873641     0.131142994      1.07156727      8.45208835  1.61958558e-05  1.29573754e-05
 154     1      50               0      0.16078925     0.131013041      1.07235119      8.45212848  1.61873598e-05  1.29445357e-05
          wgpu 1d 175g 430c x3w 4ms | egraph 39g->284v+0snap 6ms | graft 58 (-126n, 0 snap) cpu 0 | f64 20 | gen 0.2s | dropped inexpr 4 oversz 0 unbuild 0 {}
 155     0     100               0     0.160873641     0.131142994      1.07156727      8.45208835  1.61958558e-05  1.29573754e-05
 155     1      50               0      0.16078917     0.131012964      1.07237126      8.45214415  1.61873518e-05  1.29445281e-05
          wgpu 1d 155g 429c x3w 4ms | egraph 32g->283v+0snap 5ms | graft 61 (-139n, 0 snap) cpu 0 | f64 20 | gen 0.2s | dropped inexpr 3 oversz 0 unbuild 0 {}
 156     0     100               0     0.160873641     0.131142994      1.07156727      8.45208835  1.61958558e-05  1.29573754e-05
 156     1      50               0      0.16078925     0.131013041      1.07235119      8.45212848  1.61873598e-05  1.29445357e-05
          wgpu 1d 154g 433c x3w 4ms | egraph 33g->287v+0snap 6ms | graft 54 (-129n, 0 snap) cpu 0 | f64 20 | gen 0.1s | dropped inexpr 2 oversz 0 unbuild 0 {}
 157     0     100               0     0.160873641     0.131142994      1.07156727      8.45208835  1.61958558e-05  1.29573754e-05
 157     1      50               0      0.16078917     0.131012964      1.07237126      8.45214415  1.61873518e-05  1.29445281e-05
          wgpu 1d 165g 447c x3w 4ms | egraph 32g->301v+0snap 6ms | graft 63 (-157n, 0 snap) cpu 0 | f64 20 | gen 0.2s | dropped inexpr 8 oversz 0 unbuild 0 {}
 158     0     100               0     0.160873714     0.131143055       1.0715472      8.45207273  1.61958632e-05  1.29573815e-05
 158     1      50               0      0.16078925     0.131013041      1.07235119      8.45212848  1.61873598e-05  1.29445357e-05
          wgpu 1d 142g 438c x3w 4ms | egraph 20g->292v+0snap 7ms | graft 51 (-136n, 0 snap) cpu 0 | f64 20 | gen 0.2s | dropped inexpr 4 oversz 0 unbuild 0 {}
 159     0     100               0     0.160873714     0.131143055       1.0715472      8.45207273  1.61958632e-05  1.29573815e-05
 159     1      50               0      0.16078925     0.131013041      1.07235119      8.45212848  1.61873598e-05  1.29445357e-05
          wgpu 1d 186g 442c x3w 4ms | egraph 37g->296v+0snap 7ms | graft 73 (-199n, 0 snap) cpu 0 | f64 20 | gen 0.2s | dropped inexpr 4 oversz 0 unbuild 0 {}
 160     0     100               0     0.160873714     0.131143055       1.0715472      8.45207273  1.61958632e-05  1.29573815e-05
 160     1      50               0      0.16078925     0.131013041      1.07235119      8.45212848  1.61873598e-05  1.29445357e-05
          wgpu 1d 182g 459c x3w 4ms | egraph 38g->313v+0snap 7ms | graft 58 (-200n, 0 snap) cpu 0 | f64 20 | gen 0.2s | dropped inexpr 6 oversz 0 unbuild 0 {}
--------- pump migration: intra (promote-2 + intake-reset) ---------
 161     0     100               0     0.160873714     0.131143055       1.0715472      8.45207273  1.61958632e-05  1.29573815e-05
 161     1      50               0      0.16078925     0.131013041      1.07235119      8.45212848  1.61873598e-05  1.29445357e-05
          wgpu 2d 417g 580c x3w 8ms | egraph 114g->354v+0snap 22ms | graft 96 (-320n, 0 snap) cpu 0 | f64 25 | gen 0.2s | dropped inexpr 7 oversz 0 unbuild 0 {}
 162     0     100               0     0.160873714     0.131143055       1.0715472      8.45207273  1.61958632e-05  1.29573815e-05
 162     1      50               0      0.16078925     0.131013041      1.07235119      8.45212848  1.61873598e-05  1.29445357e-05
          wgpu 1d 195g 439c x3w 4ms | egraph 42g->293v+0snap 7ms | graft 61 (-156n, 0 snap) cpu 0 | f64 20 | gen 0.2s | dropped inexpr 4 oversz 0 unbuild 0 {}
 163     0     100               0     0.160873714     0.131143055       1.0715472      8.45207273  1.61958632e-05  1.29573815e-05
 163     1      50               0      0.16078925     0.131013041      1.07235119      8.45212848  1.61873598e-05  1.29445357e-05
          wgpu 1d 207g 441c x3w 4ms | egraph 40g->295v+0snap 7ms | graft 59 (-170n, 0 snap) cpu 0 | f64 20 | gen 0.2s | dropped inexpr 3 oversz 0 unbuild 0 {}
 164     0     100               0     0.160873714     0.131143055       1.0715472      8.45207273  1.61958632e-05  1.29573815e-05
 164     1      50               0      0.16078925     0.131013041      1.07235119      8.45212848  1.61873598e-05  1.29445357e-05
          wgpu 1d 177g 418c x3w 4ms | egraph 38g->272v+0snap 6ms | graft 56 (-139n, 0 snap) cpu 0 | f64 20 | gen 0.2s | dropped inexpr 6 oversz 0 unbuild 0 {}
 165     0     100               0     0.160873714     0.131143055       1.0715472      8.45207273  1.61958632e-05  1.29573815e-05
 165     1      50               0      0.16078925     0.131013041      1.07235119      8.45212848  1.61873598e-05  1.29445357e-05
          wgpu 1d 149g 414c x3w 4ms | egraph 33g->268v+0snap 6ms | graft 51 (-117n, 0 snap) cpu 0 | f64 20 | gen 0.2s | dropped inexpr 2 oversz 0 unbuild 0 {}
 166     0     100               0     0.160873714     0.131143055       1.0715472      8.45207273  1.61958632e-05  1.29573815e-05
 166     1      50               0      0.16078917     0.131012964      1.07237126      8.45214415  1.61873518e-05  1.29445281e-05
          wgpu 1d 178g 414c x3w 4ms | egraph 26g->268v+0snap 6ms | graft 45 (-120n, 0 snap) cpu 0 | f64 20 | gen 0.2s | dropped inexpr 5 oversz 0 unbuild 0 {}
 167     0     100               0     0.129844756      0.10526325     0.943566632      8.50406303  1.30720417e-05  1.04003684e-05
 167     1      50               0      0.16078917     0.131012964      1.07237126      8.45214415  1.61873518e-05  1.29445281e-05
          wgpu 1d 180g 388c x3w 4ms | egraph 46g->242v+0snap 9ms | graft 46 (-145n, 0 snap) cpu 0 | f64 20 | gen 0.2s | dropped inexpr 4 oversz 0 unbuild 0 {}
 168     0     100               0     0.129844756      0.10526325     0.943566632      8.50406303  1.30720417e-05  1.04003684e-05
 168     1      50               0      0.16078917     0.131012964      1.07237126      8.45214415  1.61873518e-05  1.29445281e-05
          wgpu 1d 186g 374c x3w 4ms | egraph 40g->228v+0snap 7ms | graft 47 (-114n, 0 snap) cpu 0 | f64 20 | gen 0.2s
 169     0     100               0     0.129844852     0.105263163     0.943565706      8.50404729  1.30720514e-05  1.04003598e-05
 169     1      50               0      0.16078917     0.131012964      1.07237126      8.45214415  1.61873518e-05  1.29445281e-05
          wgpu 1d 200g 369c x3w 4ms | egraph 44g->223v+0snap 8ms | graft 46 (-127n, 0 snap) cpu 0 | f64 20 | gen 0.3s | dropped inexpr 4 oversz 0 unbuild 0 {}
 170     0     100               0     0.129844852     0.105263163     0.943565706      8.50404729  1.30720514e-05  1.04003598e-05
 170     1      50               0      0.16078917     0.131012964      1.07237126      8.45214415  1.61873518e-05  1.29445281e-05
          wgpu 1d 163g 370c x3w 4ms | egraph 36g->224v+0snap 7ms | graft 45 (-114n, 0 snap) cpu 0 | f64 20 | gen 0.2s | dropped inexpr 1 oversz 0 unbuild 0 {}
--------- pump migration: intra (promote-2 + intake-reset) ---------
 171     0     100               0     0.129844756      0.10526325     0.943566632      8.50406303  1.30720417e-05  1.04003684e-05
 171     1      50               0      0.16078917     0.131012964      1.07237126      8.45214415  1.61873518e-05  1.29445281e-05
          wgpu 2d 377g 521c x3w 7ms | egraph 104g->295v+0snap 15ms | graft 77 (-263n, 0 snap) cpu 0 | f64 28 | gen 0.2s
 172     0     100               0     0.129844756      0.10526325     0.943566632      8.50406303  1.30720417e-05  1.04003684e-05
 172     1      50               0     0.129844756      0.10526325     0.943566632      8.50406303  1.30720417e-05  1.04003684e-05
          wgpu 1d 150g 322c x3w 3ms | egraph 37g->176v+0snap 6ms | graft 30 (-77n, 0 snap) cpu 0 | f64 20 | gen 0.2s | dropped inexpr 1 oversz 0 unbuild 0 {}
 173     0     100               0     0.129844756      0.10526325     0.943566632      8.50406303  1.30720417e-05  1.04003684e-05
 173     1      50               0     0.129844756      0.10526325     0.943566632      8.50406303  1.30720417e-05  1.04003684e-05
          wgpu 1d 162g 322c x3w 4ms | egraph 43g->176v+0snap 7ms | graft 40 (-89n, 0 snap) cpu 0 | f64 20 | gen 0.2s
 174     0     100               0     0.129844756      0.10526325     0.943566632      8.50406303  1.30720417e-05  1.04003684e-05
 174     1      50               0     0.129844852     0.105263163     0.943565706      8.50404729  1.30720514e-05  1.04003598e-05
          wgpu 1d 168g 338c x3w 4ms | egraph 38g->192v+0snap 7ms | graft 35 (-113n, 0 snap) cpu 0 | f64 20 | gen 0.2s | dropped inexpr 1 oversz 0 unbuild 0 {}
 175     0     100               0     0.129844756      0.10526325     0.943566632      8.50406303  1.30720417e-05  1.04003684e-05
 175     1      50               0     0.129844756      0.10526325     0.943566632      8.50406303  1.30720417e-05  1.04003684e-05
          wgpu 1d 196g 349c x3w 4ms | egraph 49g->203v+0snap 11ms | graft 39 (-119n, 0 snap) cpu 0 | f64 20 | gen 0.3s
 176     0     100               0     0.129844756      0.10526325     0.943566632      8.50406303  1.30720417e-05  1.04003684e-05
 176     1      50               0     0.129844756      0.10526325     0.943566632      8.50406303  1.30720417e-05  1.04003684e-05
          wgpu 1d 162g 330c x3w 4ms | egraph 41g->184v+0snap 7ms | graft 34 (-76n, 0 snap) cpu 0 | f64 20 | gen 0.2s
 177     0     100               0     0.129844756      0.10526325     0.943566632      8.50406303  1.30720417e-05  1.04003684e-05
 177     1      50               0     0.129844756      0.10526325     0.943566632      8.50406303  1.30720417e-05  1.04003684e-05
          wgpu 1d 167g 345c x3w 4ms | egraph 29g->199v+0snap 12ms | graft 41 (-123n, 0 snap) cpu 0 | f64 20 | gen 0.2s | dropped inexpr 1 oversz 0 unbuild 0 {}
 178     0     100               0     0.129844756      0.10526325     0.943566632      8.50406303  1.30720417e-05  1.04003684e-05
 178     1      50               0     0.129844852     0.105263163     0.943565706      8.50404729  1.30720514e-05  1.04003598e-05
          wgpu 1d 156g 322c x3w 4ms | egraph 29g->176v+0snap 5ms | graft 31 (-93n, 0 snap) cpu 0 | f64 20 | gen 0.2s
 179     0     100               0     0.129844756      0.10526325     0.943566632      8.50406303  1.30720417e-05  1.04003684e-05
 179     1      50               0     0.129844852     0.105263163     0.943565706      8.50404729  1.30720514e-05  1.04003598e-05
          wgpu 1d 163g 323c x3w 4ms | egraph 28g->177v+0snap 6ms | graft 35 (-84n, 0 snap) cpu 0 | f64 20 | gen 0.2s
 180     0     100               0     0.129844756      0.10526325     0.943566632      8.50406303  1.30720417e-05  1.04003684e-05
 180     1      50               0     0.129844852     0.105263163     0.943565706      8.50404729  1.30720514e-05  1.04003598e-05
          wgpu 1d 147g 314c x3w 4ms | egraph 27g->168v+0snap 5ms | graft 29 (-76n, 0 snap) cpu 0 | f64 20 | gen 0.2s
--------- pump migration: intra (promote-2 + intake-reset) + cross ---------
 181     0     100               0     0.129844756      0.10526325     0.943566632      8.50406303  1.30720417e-05  1.04003684e-05
 181     1      50               0     0.129844852     0.105263163     0.943565706      8.50404729  1.30720514e-05  1.04003598e-05
          wgpu 2d 393g 503c x3w 8ms | egraph 105g->277v+0snap 20ms | graft 94 (-389n, 0 snap) cpu 0 | f64 23 | gen 0.2s | dropped inexpr 4 oversz 0 unbuild 0 {}
 182     0     100               0     0.129844756      0.10526325     0.943566632      8.50406303  1.30720417e-05  1.04003684e-05
 182     1      50               0     0.129844756      0.10526325     0.943566632      8.50406303  1.30720417e-05  1.04003684e-05
          wgpu 1d 171g 345c x3w 4ms | egraph 29g->199v+0snap 6ms | graft 34 (-101n, 0 snap) cpu 0 | f64 20 | gen 0.2s
 183     0     100               0     0.129844756      0.10526325     0.943566632      8.50406303  1.30720417e-05  1.04003684e-05
 183     1      50               0     0.129844756      0.10526325     0.943566632      8.50406303  1.30720417e-05  1.04003684e-05
          wgpu 1d 166g 325c x3w 4ms | egraph 35g->179v+0snap 6ms | graft 29 (-90n, 0 snap) cpu 0 | f64 20 | gen 0.2s | dropped inexpr 1 oversz 0 unbuild 0 {}
 184     0     100               0     0.129844756      0.10526325     0.943566632      8.50406303  1.30720417e-05  1.04003684e-05
 184     1      50               0     0.129844756      0.10526325     0.943566632      8.50406303  1.30720417e-05  1.04003684e-05
          wgpu 1d 161g 343c x3w 3ms | egraph 19g->197v+0snap 4ms | graft 38 (-107n, 0 snap) cpu 0 | f64 20 | gen 0.2s
 185     0     100               0     0.129844852     0.105263163     0.943565706      8.50404729  1.30720514e-05  1.04003598e-05
 185     1      50               0     0.129844852     0.105263163     0.943565706      8.50404729  1.30720514e-05  1.04003598e-05
          wgpu 1d 152g 314c x3w 4ms | egraph 16g->168v+0snap 3ms | graft 30 (-65n, 0 snap) cpu 0 | f64 20 | gen 0.2s
 186     0     100               0     0.129844852     0.105263163     0.943565706      8.50404729  1.30720514e-05  1.04003598e-05
 186     1      50               0     0.129844756      0.10526325     0.943566632      8.50406303  1.30720417e-05  1.04003684e-05
          wgpu 1d 189g 339c x3w 4ms | egraph 34g->193v+0snap 7ms | graft 45 (-107n, 0 snap) cpu 0 | f64 20 | gen 0.2s
 187     0     100               0     0.129844852     0.105263163     0.943565706      8.50404729  1.30720514e-05  1.04003598e-05
 187     1      50               0     0.129844756      0.10526325     0.943566632      8.50406303  1.30720417e-05  1.04003684e-05
          wgpu 1d 147g 324c x3w 3ms | egraph 21g->178v+0snap 4ms | graft 34 (-96n, 0 snap) cpu 0 | f64 20 | gen 0.1s
 188     0     100               0     0.129844852     0.105263163     0.943565706      8.50404729  1.30720514e-05  1.04003598e-05
 188     1      50               0     0.129844852     0.105263163     0.943565706      8.50404729  1.30720514e-05  1.04003598e-05
          wgpu 1d 169g 328c x3w 4ms | egraph 25g->182v+0snap 5ms | graft 31 (-85n, 0 snap) cpu 0 | f64 20 | gen 0.2s
 189     0     100               0     0.129844852     0.105263163     0.943565706      8.50404729  1.30720514e-05  1.04003598e-05
 189     1      50               0     0.129844852     0.105263163     0.943565706      8.50404729  1.30720514e-05  1.04003598e-05
          wgpu 1d 159g 318c x3w 4ms | egraph 23g->172v+0snap 5ms | graft 28 (-76n, 0 snap) cpu 0 | f64 20 | gen 0.2s | dropped inexpr 1 oversz 0 unbuild 0 {}
 190     0     100               0     0.129844852     0.105263163     0.943565706      8.50404729  1.30720514e-05  1.04003598e-05
 190     1      50               0     0.129844756      0.10526325     0.943566632      8.50406303  1.30720417e-05  1.04003684e-05
          wgpu 1d 165g 332c x3w 4ms | egraph 19g->186v+0snap 4ms | graft 34 (-101n, 0 snap) cpu 0 | f64 20 | gen 0.1s
--------- pump migration: intra (promote-2 + intake-reset) ---------
 191     0     100               0     0.129844852     0.105263163     0.943565706      8.50404729  1.30720514e-05  1.04003598e-05
 191     1      50               0     0.129844852     0.105263163     0.943565706      8.50404729  1.30720514e-05  1.04003598e-05
          wgpu 2d 379g 504c x3w 7ms | egraph 90g->278v+0snap 17ms | graft 76 (-242n, 0 snap) cpu 0 | f64 26 | gen 0.1s
 192     0     100               0     0.129844756      0.10526325     0.943566632      8.50406303  1.30720417e-05  1.04003684e-05
 192     1      50               0     0.129844852     0.105263163     0.943565706      8.50404729  1.30720514e-05  1.04003598e-05
          wgpu 1d 140g 315c x3w 4ms | egraph 24g->169v+0snap 5ms | graft 32 (-77n, 0 snap) cpu 0 | f64 20 | gen 0.2s
 193     0     100               0     0.129844852     0.105263163     0.943565706      8.50404729  1.30720514e-05  1.04003598e-05
 193     1      50               0     0.129844756      0.10526325     0.943566632      8.50406303  1.30720417e-05  1.04003684e-05
          wgpu 1d 159g 329c x3w 4ms | egraph 20g->183v+0snap 4ms | graft 38 (-101n, 0 snap) cpu 0 | f64 20 | gen 0.1s
 194     0     100               0     0.129844852     0.105263163     0.943565706      8.50404729  1.30720514e-05  1.04003598e-05
 194     1      50               0     0.129844756      0.10526325     0.943566632      8.50406303  1.30720417e-05  1.04003684e-05
          wgpu 1d 162g 340c x3w 4ms | egraph 20g->194v+0snap 4ms | graft 36 (-104n, 0 snap) cpu 0 | f64 20 | gen 0.1s
 195     0     100               0     0.129844852     0.105263163     0.943565706      8.50404729  1.30720514e-05  1.04003598e-05
 195     1      50               0     0.129844756      0.10526325     0.943566632      8.50406303  1.30720417e-05  1.04003684e-05
          wgpu 1d 155g 316c x3w 4ms | egraph 22g->170v+0snap 5ms | graft 26 (-74n, 0 snap) cpu 0 | f64 20 | gen 0.2s | dropped inexpr 1 oversz 0 unbuild 0 {}
 196     0     100               0     0.129844852     0.105263163     0.943565706      8.50404729  1.30720514e-05  1.04003598e-05
 196     1      50               0     0.129844756      0.10526325     0.943566632      8.50406303  1.30720417e-05  1.04003684e-05
          wgpu 1d 180g 343c x3w 4ms | egraph 22g->197v+0snap 5ms | graft 40 (-111n, 0 snap) cpu 0 | f64 20 | gen 0.2s
 197     0     100               0     0.129844852     0.105263163     0.943565706      8.50404729  1.30720514e-05  1.04003598e-05
 197     1      50               0     0.129844852     0.105263163     0.943565706      8.50404729  1.30720514e-05  1.04003598e-05
          wgpu 1d 162g 340c x3w 4ms | egraph 22g->194v+0snap 5ms | graft 37 (-99n, 0 snap) cpu 0 | f64 20 | gen 0.2s
 198     0     100               0     0.129844852     0.105263163     0.943565706      8.50404729  1.30720514e-05  1.04003598e-05
 198     1      50               0     0.129844852     0.105263163     0.943565706      8.50404729  1.30720514e-05  1.04003598e-05
          wgpu 1d 165g 332c x3w 4ms | egraph 22g->186v+0snap 5ms | graft 29 (-98n, 0 snap) cpu 0 | f64 20 | gen 0.2s
 199     0     100               0     0.129844852     0.105263163     0.943565706      8.50404729  1.30720514e-05  1.04003598e-05
 199     1      50               0     0.129844852     0.105263163     0.943565706      8.50404729  1.30720514e-05  1.04003598e-05
          wgpu 1d 162g 307c x3w 4ms | egraph 17g->161v+0snap 6ms | graft 34 (-79n, 0 snap) cpu 0 | f64 20 | gen 0.2s | dropped inexpr 1 oversz 0 unbuild 0 {}
 200     0     100               0     0.129844756      0.10526325     0.943566632      8.50406303  1.30720417e-05  1.04003684e-05
 200     1      50               0     0.129844852     0.105263163     0.943565706      8.50404729  1.30720514e-05  1.04003598e-05
          wgpu 1d 146g 312c x3w 4ms | egraph 21g->166v+0snap 6ms | graft 30 (-76n, 0 snap) cpu 0 | f64 20 | gen 0.2s
--------- pump migration: intra (promote-2 + intake-reset) ---------
 201     0     100               0     0.129844756      0.10526325     0.943566632      8.50406303  1.30720417e-05  1.04003684e-05
 201     1      50               0     0.129844852     0.105263163     0.943565706      8.50404729  1.30720514e-05  1.04003598e-05
          wgpu 2d 422g 543c x3w 8ms | egraph 87g->317v+0snap 16ms | graft 90 (-269n, 0 snap) cpu 0 | f64 29 | gen 0.2s | dropped inexpr 1 oversz 0 unbuild 0 {}
 202     0     100               0     0.129844756      0.10526325     0.943566632      8.50406303  1.30720417e-05  1.04003684e-05
 202     1      50               0     0.129844756      0.10526325     0.943566632      8.50406303  1.30720417e-05  1.04003684e-05
          wgpu 1d 149g 315c x3w 4ms | egraph 17g->169v+0snap 4ms | graft 26 (-90n, 0 snap) cpu 0 | f64 20 | gen 0.2s
 203     0     100               0     0.129844756      0.10526325     0.943566632      8.50406303  1.30720417e-05  1.04003684e-05
 203     1      50               0     0.129844756      0.10526325     0.943566632      8.50406303  1.30720417e-05  1.04003684e-05
          wgpu 1d 144g 326c x3w 4ms | egraph 23g->180v+0snap 5ms | graft 29 (-100n, 0 snap) cpu 0 | f64 20 | gen 0.2s
 204     0     100               0     0.129844852     0.105263163     0.943565706      8.50404729  1.30720514e-05  1.04003598e-05
 204     1      50               0     0.129844852     0.105263163     0.943565706      8.50404729  1.30720514e-05  1.04003598e-05
          wgpu 1d 182g 330c x3w 4ms | egraph 24g->184v+0snap 5ms | graft 42 (-113n, 0 snap) cpu 0 | f64 20 | gen 0.2s
 205     0     100               0     0.129844852     0.105263163     0.943565706      8.50404729  1.30720514e-05  1.04003598e-05
 205     1      50               0     0.129844756      0.10526325     0.943566632      8.50406303  1.30720417e-05  1.04003684e-05
          wgpu 1d 159g 320c x3w 4ms | egraph 24g->174v+0snap 4ms | graft 31 (-83n, 0 snap) cpu 0 | f64 20 | gen 0.2s
 206     0     100               0     0.129844852     0.105263163     0.943565706      8.50404729  1.30720514e-05  1.04003598e-05
 206     1      50               0     0.129844756      0.10526325     0.943566632      8.50406303  1.30720417e-05  1.04003684e-05
          wgpu 1d 158g 308c x3w 4ms | egraph 28g->162v+0snap 6ms | graft 28 (-78n, 0 snap) cpu 0 | f64 20 | gen 0.2s | dropped inexpr 1 oversz 0 unbuild 0 {}
 207     0     100               0     0.129844756      0.10526325     0.943566632      8.50406303  1.30720417e-05  1.04003684e-05
 207     1      50               0     0.129844756      0.10526325     0.943566632      8.50406303  1.30720417e-05  1.04003684e-05
          wgpu 1d 197g 352c x3w 4ms | egraph 29g->206v+0snap 6ms | graft 39 (-123n, 0 snap) cpu 0 | f64 20 | gen 0.1s
 208     0     100               0     0.129844756      0.10526325     0.943566632      8.50406303  1.30720417e-05  1.04003684e-05
 208     1      50               0     0.129844756      0.10526325     0.943566632      8.50406303  1.30720417e-05  1.04003684e-05
          wgpu 1d 164g 322c x3w 4ms | egraph 23g->176v+0snap 7ms | graft 31 (-82n, 0 snap) cpu 0 | f64 20 | gen 0.2s
 209     0     100               0     0.129844756      0.10526325     0.943566632      8.50406303  1.30720417e-05  1.04003684e-05
 209     1      50               0     0.129844756      0.10526325     0.943566632      8.50406303  1.30720417e-05  1.04003684e-05
          wgpu 1d 142g 325c x3w 4ms | egraph 18g->179v+0snap 3ms | graft 27 (-61n, 0 snap) cpu 0 | f64 20 | gen 0.2s
 210     0     100               0     0.129844756      0.10526325     0.943566632      8.50406303  1.30720417e-05  1.04003684e-05
 210     1      50               0     0.129844756      0.10526325     0.943566632      8.50406303  1.30720417e-05  1.04003684e-05
          wgpu 1d 181g 338c x3w 4ms | egraph 33g->192v+0snap 6ms | graft 38 (-122n, 0 snap) cpu 0 | f64 20 | gen 0.2s
--------- pump migration: intra (promote-2 + intake-reset) + cross ---------
 211     0     100               0     0.129844756      0.10526325     0.943566632      8.50406303  1.30720417e-05  1.04003684e-05
 211     1      50               0     0.129844756      0.10526325     0.943566632      8.50406303  1.30720417e-05  1.04003684e-05
          wgpu 2d 383g 503c x3w 7ms | egraph 92g->277v+0snap 13ms | graft 81 (-212n, 0 snap) cpu 0 | f64 26 | gen 0.2s | dropped inexpr 1 oversz 0 unbuild 0 {}
 212     0     100               0     0.129844756      0.10526325     0.943566632      8.50406303  1.30720417e-05  1.04003684e-05
 212     1      50               0     0.129844756      0.10526325     0.943566632      8.50406303  1.30720417e-05  1.04003684e-05
          wgpu 1d 160g 318c x3w 4ms | egraph 25g->172v+0snap 4ms | graft 35 (-97n, 0 snap) cpu 0 | f64 20 | gen 0.2s | dropped inexpr 1 oversz 0 unbuild 0 {}
 213     0     100               0     0.129844852     0.105263163     0.943565706      8.50404729  1.30720514e-05  1.04003598e-05
 213     1      50               0     0.129844756      0.10526325     0.943566632      8.50406303  1.30720417e-05  1.04003684e-05
          wgpu 1d 159g 318c x3w 4ms | egraph 22g->172v+0snap 4ms | graft 30 (-91n, 0 snap) cpu 0 | f64 20 | gen 0.2s
 214     0     100               0     0.129844852     0.105263163     0.943565706      8.50404729  1.30720514e-05  1.04003598e-05
 214     1      50               0     0.129844756      0.10526325     0.943566632      8.50406303  1.30720417e-05  1.04003684e-05
          wgpu 1d 138g 315c x3w 4ms | egraph 20g->169v+0snap 4ms | graft 31 (-81n, 0 snap) cpu 0 | f64 20 | gen 0.2s
 215     0     100               0     0.129844852     0.105263163     0.943565706      8.50404729  1.30720514e-05  1.04003598e-05
 215     1      50               0     0.129844756      0.10526325     0.943566632      8.50406303  1.30720417e-05  1.04003684e-05
          wgpu 1d 157g 324c x3w 4ms | egraph 17g->178v+0snap 4ms | graft 27 (-75n, 0 snap) cpu 0 | f64 20 | gen 0.1s
 216     0     100               0     0.129844852     0.105263163     0.943565706      8.50404729  1.30720514e-05  1.04003598e-05
 216     1      50               0     0.129844756      0.10526325     0.943566632      8.50406303  1.30720417e-05  1.04003684e-05
          wgpu 1d 172g 336c x3w 4ms | egraph 25g->190v+0snap 6ms | graft 37 (-113n, 0 snap) cpu 0 | f64 20 | gen 0.1s
 217     0     100               0     0.129844852     0.105263163     0.943565706      8.50404729  1.30720514e-05  1.04003598e-05
 217     1      50               0     0.129844852     0.105263163     0.943565706      8.50404729  1.30720514e-05  1.04003598e-05
          wgpu 1d 157g 311c x3w 4ms | egraph 20g->165v+0snap 4ms | graft 30 (-74n, 0 snap) cpu 0 | f64 20 | gen 0.1s
 218     0     100               0     0.129844852     0.105263163     0.943565706      8.50404729  1.30720514e-05  1.04003598e-05
 218     1      50               0     0.129844756      0.10526325     0.943566632      8.50406303  1.30720417e-05  1.04003684e-05
          wgpu 1d 179g 326c x3w 4ms | egraph 25g->180v+0snap 5ms | graft 39 (-106n, 0 snap) cpu 0 | f64 20 | gen 0.1s
 219     0     100               0     0.129844852     0.105263163     0.943565706      8.50404729  1.30720514e-05  1.04003598e-05
 219     1      50               0     0.129844756      0.10526325     0.943566632      8.50406303  1.30720417e-05  1.04003684e-05
          wgpu 1d 164g 332c x3w 4ms | egraph 27g->186v+0snap 5ms | graft 37 (-104n, 0 snap) cpu 0 | f64 20 | gen 0.2s
 220     0     100               0     0.129844852     0.105263163     0.943565706      8.50404729  1.30720514e-05  1.04003598e-05
 220     1      50               0     0.129844756      0.10526325     0.943566632      8.50406303  1.30720417e-05  1.04003684e-05
          wgpu 1d 161g 311c x3w 4ms | egraph 26g->165v+0snap 5ms | graft 27 (-83n, 0 snap) cpu 0 | f64 20 | gen 0.2s
--------- pump migration: intra (promote-2 + intake-reset) ---------
 221     0     100               0     0.129844852     0.105263163     0.943565706      8.50404729  1.30720514e-05  1.04003598e-05
 221     1      50               0     0.129844852     0.105263163     0.943565706      8.50404729  1.30720514e-05  1.04003598e-05
          wgpu 2d 368g 504c x3w 7ms | egraph 87g->278v+0snap 15ms | graft 81 (-263n, 0 snap) cpu 0 | f64 29 | gen 0.1s | dropped inexpr 2 oversz 0 unbuild 0 {}
 222     0     100               0     0.129844852     0.105263163     0.943565706      8.50404729  1.30720514e-05  1.04003598e-05
 222     1      50               0     0.129844852     0.105263163     0.943565706      8.50404729  1.30720514e-05  1.04003598e-05
          wgpu 1d 158g 318c x3w 4ms | egraph 20g->172v+0snap 4ms | graft 31 (-76n, 0 snap) cpu 0 | f64 20 | gen 0.1s
 223     0     100               0     0.129844852     0.105263163     0.943565706      8.50404729  1.30720514e-05  1.04003598e-05
 223     1      50               0     0.129844852     0.105263163     0.943565706      8.50404729  1.30720514e-05  1.04003598e-05
          wgpu 1d 151g 309c x3w 3ms | egraph 18g->163v+0snap 4ms | graft 23 (-72n, 0 snap) cpu 0 | f64 20 | gen 0.2s | dropped inexpr 1 oversz 0 unbuild 0 {}
 224     0     100               0     0.129844852     0.105263163     0.943565706      8.50404729  1.30720514e-05  1.04003598e-05
 224     1      50               0     0.129844852     0.105263163     0.943565706      8.50404729  1.30720514e-05  1.04003598e-05
          wgpu 1d 181g 334c x3w 4ms | egraph 31g->188v+0snap 6ms | graft 33 (-105n, 0 snap) cpu 0 | f64 20 | gen 0.2s
 225     0     100               0     0.129844852     0.105263163     0.943565706      8.50404729  1.30720514e-05  1.04003598e-05
 225     1      50               0     0.129844756      0.10526325     0.943566632      8.50406303  1.30720417e-05  1.04003684e-05
          wgpu 1d 157g 332c x3w 4ms | egraph 22g->186v+0snap 4ms | graft 32 (-86n, 0 snap) cpu 0 | f64 20 | gen 0.2s
 226     0     100               0     0.129844852     0.105263163     0.943565706      8.50404729  1.30720514e-05  1.04003598e-05
 226     1      50               0     0.129844756      0.10526325     0.943566632      8.50406303  1.30720417e-05  1.04003684e-05
          wgpu 1d 172g 342c x3w 4ms | egraph 24g->196v+0snap 5ms | graft 46 (-115n, 0 snap) cpu 0 | f64 20 | gen 0.2s
 227     0     100               0     0.129844852     0.105263163     0.943565706      8.50404729  1.30720514e-05  1.04003598e-05
 227     1      50               0     0.129844756      0.10526325     0.943566632      8.50406303  1.30720417e-05  1.04003684e-05
          wgpu 1d 155g 314c x3w 3ms | egraph 25g->168v+0snap 5ms | graft 31 (-83n, 0 snap) cpu 0 | f64 20 | gen 0.2s
 228     0     100               0     0.129844852     0.105263163     0.943565706      8.50404729  1.30720514e-05  1.04003598e-05
 228     1      50               0     0.129844756      0.10526325     0.943566632      8.50406303  1.30720417e-05  1.04003684e-05
          wgpu 1d 171g 330c x3w 4ms | egraph 21g->184v+0snap 4ms | graft 28 (-68n, 0 snap) cpu 0 | f64 20 | gen 0.2s
 229     0     100               0     0.129844756      0.10526325     0.943566632      8.50406303  1.30720417e-05  1.04003684e-05
 229     1      50               0     0.129844756      0.10526325     0.943566632      8.50406303  1.30720417e-05  1.04003684e-05
          wgpu 1d 166g 329c x3w 4ms | egraph 31g->183v+0snap 5ms | graft 32 (-93n, 0 snap) cpu 0 | f64 20 | gen 0.2s | dropped inexpr 1 oversz 0 unbuild 0 {}
 230     0     100               0     0.129844852     0.105263163     0.943565706      8.50404729  1.30720514e-05  1.04003598e-05
 230     1      50               0     0.129844852     0.105263163     0.943565706      8.50404729  1.30720514e-05  1.04003598e-05
          wgpu 1d 150g 317c x3w 4ms | egraph 18g->171v+0snap 4ms | graft 27 (-75n, 0 snap) cpu 0 | f64 20 | gen 0.2s
--------- pump migration: intra (promote-2 + intake-reset) ---------
 231     0     100               0     0.129844756      0.10526325     0.943566632      8.50406303  1.30720417e-05  1.04003684e-05
 231     1      50               0     0.129844756      0.10526325     0.943566632      8.50406303  1.30720417e-05  1.04003684e-05
          wgpu 2d 407g 533c x3w 8ms | egraph 105g->307v+0snap 22ms | graft 79 (-242n, 0 snap) cpu 0 | f64 21 | gen 0.2s | dropped inexpr 7 oversz 0 unbuild 0 {}
 232     0     100               0     0.129844756      0.10526325     0.943566632      8.50406303  1.30720417e-05  1.04003684e-05
 232     1      50               0     0.129844756      0.10526325     0.943566632      8.50406303  1.30720417e-05  1.04003684e-05
          wgpu 1d 156g 327c x3w 4ms | egraph 31g->181v+0snap 5ms | graft 28 (-91n, 0 snap) cpu 0 | f64 20 | gen 0.1s
 233     0     100               0     0.129844756      0.10526325     0.943566632      8.50406303  1.30720417e-05  1.04003684e-05
 233     1      50               0     0.129844756      0.10526325     0.943566632      8.50406303  1.30720417e-05  1.04003684e-05
          wgpu 1d 152g 327c x3w 4ms | egraph 21g->181v+0snap 5ms | graft 24 (-68n, 0 snap) cpu 0 | f64 20 | gen 0.2s
 234     0     100               0     0.129844756      0.10526325     0.943566632      8.50406303  1.30720417e-05  1.04003684e-05
 234     1      50               0     0.129844756      0.10526325     0.943566632      8.50406303  1.30720417e-05  1.04003684e-05
          wgpu 1d 189g 332c x3w 4ms | egraph 32g->186v+0snap 6ms | graft 42 (-117n, 0 snap) cpu 0 | f64 20 | gen 0.2s
 235     0     100               0     0.129844756      0.10526325     0.943566632      8.50406303  1.30720417e-05  1.04003684e-05
 235     1      50               0     0.129844756      0.10526325     0.943566632      8.50406303  1.30720417e-05  1.04003684e-05
          wgpu 1d 180g 329c x3w 4ms | egraph 25g->183v+0snap 7ms | graft 38 (-141n, 0 snap) cpu 0 | f64 20 | gen 0.2s
 236     0     100               0     0.129844756      0.10526325     0.943566632      8.50406303  1.30720417e-05  1.04003684e-05
 236     1      50               0     0.129844852     0.105263163     0.943565706      8.50404729  1.30720514e-05  1.04003598e-05
          wgpu 1d 173g 343c x3w 4ms | egraph 33g->197v+0snap 6ms | graft 35 (-104n, 0 snap) cpu 0 | f64 20 | gen 0.2s
 237     0     100               0     0.129844756      0.10526325     0.943566632      8.50406303  1.30720417e-05  1.04003684e-05
 237     1      50               0     0.129844852     0.105263163     0.943565706      8.50404729  1.30720514e-05  1.04003598e-05
          wgpu 1d 170g 334c x3w 4ms | egraph 30g->188v+0snap 7ms | graft 34 (-95n, 0 snap) cpu 0 | f64 20 | gen 0.2s
 238     0     100               0     0.129844756      0.10526325     0.943566632      8.50406303  1.30720417e-05  1.04003684e-05
 238     1      50               0     0.129844852     0.105263163     0.943565706      8.50404729  1.30720514e-05  1.04003598e-05
          wgpu 1d 167g 323c x3w 4ms | egraph 33g->177v+0snap 9ms | graft 32 (-81n, 0 snap) cpu 0 | f64 20 | gen 0.2s
 239     0     100               0     0.129844852     0.105263163     0.943565706      8.50404729  1.30720514e-05  1.04003598e-05
 239     1      50               0     0.129844852     0.105263163     0.943565706      8.50404729  1.30720514e-05  1.04003598e-05
          wgpu 1d 174g 344c x3w 4ms | egraph 35g->198v+0snap 7ms | graft 37 (-116n, 0 snap) cpu 0 | f64 20 | gen 0.2s
 240     0     100               0     0.129844756      0.10526325     0.943566632      8.50406303  1.30720417e-05  1.04003684e-05
 240     1      50               0     0.129844852     0.105263163     0.943565706      8.50404729  1.30720514e-05  1.04003598e-05
          wgpu 1d 209g 355c x3w 4ms | egraph 35g->209v+0snap 10ms | graft 37 (-115n, 0 snap) cpu 0 | f64 20 | gen 0.2s
--------- pump migration: intra (promote-2 + intake-reset) + cross ---------
 241     0     100               0     0.129844756      0.10526325     0.943566632      8.50406303  1.30720417e-05  1.04003684e-05
 241     1      50               0     0.129844852     0.105263163     0.943565706      8.50404729  1.30720514e-05  1.04003598e-05
          wgpu 2d 392g 518c x3w 8ms | egraph 89g->292v+0snap 21ms | graft 74 (-312n, 0 snap) cpu 0 | f64 24 | gen 0.2s | dropped inexpr 3 oversz 0 unbuild 0 {}
 242     0     100               0     0.129844756      0.10526325     0.943566632      8.50406303  1.30720417e-05  1.04003684e-05
 242     1      50               0     0.129844852     0.105263163     0.943565706      8.50404729  1.30720514e-05  1.04003598e-05
          wgpu 1d 176g 327c x3w 4ms | egraph 28g->181v+0snap 5ms | graft 34 (-87n, 0 snap) cpu 0 | f64 20 | gen 0.2s
 243     0     100               0     0.129844756      0.10526325     0.943566632      8.50406303  1.30720417e-05  1.04003684e-05
 243     1      50               0     0.129844852     0.105263163     0.943565706      8.50404729  1.30720514e-05  1.04003598e-05
          wgpu 1d 154g 307c x3w 4ms | egraph 35g->161v+0snap 6ms | graft 22 (-50n, 0 snap) cpu 0 | f64 20 | gen 0.2s
 244     0     100               0     0.129844756      0.10526325     0.943566632      8.50406303  1.30720417e-05  1.04003684e-05
 244     1      50               0     0.129844852     0.105263163     0.943565706      8.50404729  1.30720514e-05  1.04003598e-05
          wgpu 1d 158g 340c x3w 4ms | egraph 35g->194v+0snap 6ms | graft 43 (-131n, 0 snap) cpu 0 | f64 20 | gen 0.2s | dropped inexpr 1 oversz 0 unbuild 0 {}
 245     0     100               0     0.129844756      0.10526325     0.943566632      8.50406303  1.30720417e-05  1.04003684e-05
 245     1      50               0     0.129844756      0.10526325     0.943566632      8.50406303  1.30720417e-05  1.04003684e-05
          wgpu 1d 178g 334c x3w 4ms | egraph 33g->188v+0snap 6ms | graft 36 (-126n, 0 snap) cpu 0 | f64 20 | gen 0.2s
 246     0     100               0     0.129844852     0.105263163     0.943565706      8.50404729  1.30720514e-05  1.04003598e-05
 246     1      50               0     0.129844756      0.10526325     0.943566632      8.50406303  1.30720417e-05  1.04003684e-05
          wgpu 1d 159g 331c x3w 4ms | egraph 28g->185v+0snap 11ms | graft 29 (-120n, 0 snap) cpu 0 | f64 20 | gen 0.4s | dropped inexpr 3 oversz 0 unbuild 0 {}
 247     0     100               0     0.129844852     0.105263163     0.943565706      8.50404729  1.30720514e-05  1.04003598e-05
 247     1      50               0     0.129844756      0.10526325     0.943566632      8.50406303  1.30720417e-05  1.04003684e-05
          wgpu 1d 181g 347c x3w 4ms | egraph 31g->201v+0snap 6ms | graft 38 (-117n, 0 snap) cpu 0 | f64 20 | gen 0.2s | dropped inexpr 1 oversz 0 unbuild 0 {}
 248     0     100               0     0.129844852     0.105263163     0.943565706      8.50404729  1.30720514e-05  1.04003598e-05
 248     1      50               0     0.129844756      0.10526325     0.943566632      8.50406303  1.30720417e-05  1.04003684e-05
          wgpu 1d 186g 338c x3w 4ms | egraph 32g->192v+0snap 5ms | graft 42 (-90n, 0 snap) cpu 0 | f64 20 | gen 0.2s
 249     0     100               0     0.129844756      0.10526325     0.943566632      8.50406303  1.30720417e-05  1.04003684e-05
 249     1      50               0     0.129844756      0.10526325     0.943566632      8.50406303  1.30720417e-05  1.04003684e-05
          wgpu 1d 177g 344c x3w 4ms | egraph 35g->198v+0snap 7ms | graft 45 (-119n, 0 snap) cpu 0 | f64 20 | gen 0.3s
 250     0     100               0     0.129844852     0.105263163     0.943565706      8.50404729  1.30720514e-05  1.04003598e-05
 250     1      50               0     0.129844852     0.105263163     0.943565706      8.50404729  1.30720514e-05  1.04003598e-05
          wgpu 1d 161g 319c x3w 4ms | egraph 34g->173v+0snap 6ms | graft 29 (-83n, 0 snap) cpu 0 | f64 20 | gen 0.2s
--------- pump migration: intra (promote-2 + intake-reset) ---------
 251     0     100               0     0.129844852     0.105263163     0.943565706      8.50404729  1.30720514e-05  1.04003598e-05
 251     1      50               0     0.129844852     0.105263163     0.943565706      8.50404729  1.30720514e-05  1.04003598e-05
          wgpu 2d 403g 540c x3w 8ms | egraph 110g->314v+0snap 20ms | graft 85 (-295n, 0 snap) cpu 0 | f64 25 | gen 0.2s | dropped inexpr 3 oversz 0 unbuild 0 {}
 252     0     100               0     0.129844852     0.105263163     0.943565706      8.50404729  1.30720514e-05  1.04003598e-05
 252     1      50               0     0.129844756      0.10526325     0.943566632      8.50406303  1.30720417e-05  1.04003684e-05
          wgpu 1d 167g 328c x3w 4ms | egraph 25g->182v+0snap 5ms | graft 31 (-94n, 0 snap) cpu 0 | f64 20 | gen 0.2s
 253     0     100               0     0.129844852     0.105263163     0.943565706      8.50404729  1.30720514e-05  1.04003598e-05
 253     1      50               0     0.129844756      0.10526325     0.943566632      8.50406303  1.30720417e-05  1.04003684e-05
          wgpu 1d 145g 329c x3w 4ms | egraph 27g->183v+0snap 7ms | graft 28 (-88n, 0 snap) cpu 0 | f64 20 | gen 0.2s
 254     0     100               0     0.129844756      0.10526325     0.943566632      8.50406303  1.30720417e-05  1.04003684e-05
 254     1      50               0     0.129844756      0.10526325     0.943566632      8.50406303  1.30720417e-05  1.04003684e-05
          wgpu 1d 160g 329c x3w 4ms | egraph 26g->183v+0snap 6ms | graft 34 (-88n, 0 snap) cpu 0 | f64 20 | gen 0.1s
 255     0     100               0     0.129844756      0.10526325     0.943566632      8.50406303  1.30720417e-05  1.04003684e-05
 255     1      50               0     0.129844756      0.10526325     0.943566632      8.50406303  1.30720417e-05  1.04003684e-05
          wgpu 1d 162g 329c x3w 4ms | egraph 32g->183v+0snap 7ms | graft 29 (-78n, 0 snap) cpu 0 | f64 20 | gen 0.2s
 256     0     100               0     0.129844852     0.105263163     0.943565706      8.50404729  1.30720514e-05  1.04003598e-05
 256     1      50               0     0.129844756      0.10526325     0.943566632      8.50406303  1.30720417e-05  1.04003684e-05
          wgpu 1d 152g 336c x3w 4ms | egraph 21g->190v+0snap 6ms | graft 29 (-110n, 0 snap) cpu 0 | f64 20 | gen 0.2s
 257     0     100               0     0.129844852     0.105263163     0.943565706      8.50404729  1.30720514e-05  1.04003598e-05
 257     1      50               0     0.129844756      0.10526325     0.943566632      8.50406303  1.30720417e-05  1.04003684e-05
          wgpu 1d 175g 343c x3w 4ms | egraph 32g->197v+0snap 8ms | graft 39 (-131n, 0 snap) cpu 0 | f64 20 | gen 0.2s
 258     0     100               0     0.129844852     0.105263163     0.943565706      8.50404729  1.30720514e-05  1.04003598e-05
 258     1      50               0     0.129844756      0.10526325     0.943566632      8.50406303  1.30720417e-05  1.04003684e-05
          wgpu 1d 160g 316c x3w 4ms | egraph 36g->170v+0snap 7ms | graft 25 (-77n, 0 snap) cpu 0 | f64 20 | gen 0.3s
 259     0     100               0     0.129844852     0.105263163     0.943565706      8.50404729  1.30720514e-05  1.04003598e-05
 259     1      50               0     0.129844756      0.10526325     0.943566632      8.50406303  1.30720417e-05  1.04003684e-05
          wgpu 1d 220g 360c x3w 4ms | egraph 43g->214v+0snap 8ms | graft 46 (-176n, 0 snap) cpu 0 | f64 20 | gen 0.2s
 260     0     100               0     0.129844852     0.105263163     0.943565706      8.50404729  1.30720514e-05  1.04003598e-05
 260     1      50               0     0.129844852     0.105263163     0.943565706      8.50404729  1.30720514e-05  1.04003598e-05
          wgpu 1d 178g 335c x3w 4ms | egraph 32g->189v+0snap 9ms | graft 25 (-95n, 0 snap) cpu 0 | f64 20 | gen 0.3s
--------- pump migration: intra (promote-2 + intake-reset) ---------
 261     0     100               0      1210.10378      1302.71881       107.18386      38590.3145     0.121826461     0.128713065
 261     1      50               0     0.129844756      0.10526325     0.943566632      8.50406303  1.30720417e-05  1.04003684e-05
          wgpu 2d 390g 499c x3w 8ms | egraph 98g->273v+0snap 21ms | graft 81 (-307n, 0 snap) cpu 0 | f64 23 | gen 0.2s
 262     0     100               0     0.129844852     0.105263163     0.943565706      8.50404729  1.30720514e-05  1.04003598e-05
 262     1      50               0     0.129844852     0.105263163     0.943565706      8.50404729  1.30720514e-05  1.04003598e-05
          wgpu 1d 139g 287c x3w 4ms | egraph 12g->141v+0snap 9ms | graft 29 (-96n, 0 snap) cpu 0 | f64 20 | gen 0.3s | dropped inexpr 1 oversz 0 unbuild 0 {}
 263     0     100               0     0.129844852     0.105263163     0.943565706      8.50404729  1.30720514e-05  1.04003598e-05
 263     1      50               0     0.129844756      0.10526325     0.943566632      8.50406303  1.30720417e-05  1.04003684e-05
          wgpu 1d 192g 337c x3w 4ms | egraph 31g->191v+0snap 7ms | graft 36 (-110n, 0 snap) cpu 0 | f64 20 | gen 0.2s
 264     0     100               0     0.129844852     0.105263163     0.943565706      8.50404729  1.30720514e-05  1.04003598e-05
 264     1      50               0     0.129844756      0.10526325     0.943566632      8.50406303  1.30720417e-05  1.04003684e-05
          wgpu 1d 185g 347c x3w 4ms | egraph 35g->201v+0snap 6ms | graft 42 (-109n, 0 snap) cpu 0 | f64 20 | gen 0.2s | dropped inexpr 2 oversz 0 unbuild 0 {}
 265     0     100               0     0.129844852     0.105263163     0.943565706      8.50404729  1.30720514e-05  1.04003598e-05
 265     1      50               0     0.129844756      0.10526325     0.943566632      8.50406303  1.30720417e-05  1.04003684e-05
          wgpu 1d 172g 323c x3w 4ms | egraph 39g->177v+0snap 12ms | graft 30 (-89n, 0 snap) cpu 0 | f64 20 | gen 0.2s | dropped inexpr 1 oversz 0 unbuild 0 {}
 266     0     100               0     0.129844852     0.105263163     0.943565706      8.50404729  1.30720514e-05  1.04003598e-05
 266     1      50               0     0.129844852     0.105263163     0.943565706      8.50404729  1.30720514e-05  1.04003598e-05
          wgpu 1d 156g 327c x3w 4ms | egraph 21g->181v+0snap 5ms | graft 26 (-116n, 0 snap) cpu 0 | f64 20 | gen 0.2s | dropped inexpr 1 oversz 0 unbuild 0 {}
 267     0     100               0     0.129844852     0.105263163     0.943565706      8.50404729  1.30720514e-05  1.04003598e-05
 267     1      50               0     0.129844852     0.105263163     0.943565706      8.50404729  1.30720514e-05  1.04003598e-05
          wgpu 1d 170g 321c x3w 4ms | egraph 29g->175v+0snap 7ms | graft 30 (-75n, 0 snap) cpu 0 | f64 20 | gen 0.2s
 268     0     100               0     0.129844852     0.105263163     0.943565706      8.50404729  1.30720514e-05  1.04003598e-05
 268     1      50               0     0.129844756      0.10526325     0.943566632      8.50406303  1.30720417e-05  1.04003684e-05
          wgpu 1d 179g 343c x3w 4ms | egraph 29g->197v+0snap 5ms | graft 41 (-145n, 0 snap) cpu 0 | f64 20 | gen 0.3s | dropped inexpr 1 oversz 0 unbuild 0 {}
 269     0     100               0     0.129844852     0.105263163     0.943565706      8.50404729  1.30720514e-05  1.04003598e-05
 269     1      50               0     0.129844756      0.10526325     0.943566632      8.50406303  1.30720417e-05  1.04003684e-05
          wgpu 1d 170g 340c x3w 4ms | egraph 27g->194v+0snap 7ms | graft 38 (-147n, 0 snap) cpu 0 | f64 20 | gen 0.2s
 270     0     100               0     0.129844852     0.105263163     0.943565706      8.50404729  1.30720514e-05  1.04003598e-05
 270     1      50               0     0.129844756      0.10526325     0.943566632      8.50406303  1.30720417e-05  1.04003684e-05
          wgpu 1d 173g 322c x3w 4ms | egraph 21g->176v+0snap 6ms | graft 31 (-97n, 0 snap) cpu 0 | f64 20 | gen 0.2s
--------- pump migration: intra (promote-2 + intake-reset) + cross ---------
 271     0     100               0     0.129844852     0.105263163     0.943565706      8.50404729  1.30720514e-05  1.04003598e-05
 271     1      50               0     0.129844756      0.10526325     0.943566632      8.50406303  1.30720417e-05  1.04003684e-05
          wgpu 2d 450g 548c x3w 8ms | egraph 124g->322v+0snap 20ms | graft 91 (-333n, 0 snap) cpu 0 | f64 28 | gen 0.2s | dropped inexpr 2 oversz 0 unbuild 0 {}
 272     0     100               0     0.129844852     0.105263163     0.943565706      8.50404729  1.30720514e-05  1.04003598e-05
 272     1      50               0     0.129844756      0.10526325     0.943566632      8.50406303  1.30720417e-05  1.04003684e-05
          wgpu 1d 151g 309c x3w 4ms | egraph 24g->163v+0snap 5ms | graft 28 (-86n, 0 snap) cpu 0 | f64 20 | gen 0.2s
 273     0     100               0     0.129844852     0.105263163     0.943565706      8.50404729  1.30720514e-05  1.04003598e-05
 273     1      50               0     0.129844852     0.105263163     0.943565706      8.50404729  1.30720514e-05  1.04003598e-05
          wgpu 1d 180g 346c x3w 4ms | egraph 32g->200v+0snap 7ms | graft 39 (-125n, 0 snap) cpu 0 | f64 20 | gen 0.3s
 274     0     100               0     0.129844852     0.105263163     0.943565706      8.50404729  1.30720514e-05  1.04003598e-05
 274     1      50               0     0.129844756      0.10526325     0.943566632      8.50406303  1.30720417e-05  1.04003684e-05
          wgpu 1d 172g 341c x3w 4ms | egraph 26g->195v+0snap 6ms | graft 32 (-97n, 0 snap) cpu 0 | f64 20 | gen 0.2s
 275     0     100               0     0.129844852     0.105263163     0.943565706      8.50404729  1.30720514e-05  1.04003598e-05
 275     1      50               0     0.129844756      0.10526325     0.943566632      8.50406303  1.30720417e-05  1.04003684e-05
          wgpu 1d 154g 333c x3w 4ms | egraph 24g->187v+0snap 5ms | graft 24 (-56n, 0 snap) cpu 0 | f64 20 | gen 0.2s
 276     0     100               0     0.129844852     0.105263163     0.943565706      8.50404729  1.30720514e-05  1.04003598e-05
 276     1      50               0     0.129844756      0.10526325     0.943566632      8.50406303  1.30720417e-05  1.04003684e-05
          wgpu 1d 198g 354c x3w 4ms | egraph 27g->208v+0snap 5ms | graft 40 (-92n, 0 snap) cpu 0 | f64 20 | gen 0.2s
 277     0     100               0     0.129844756      0.10526325     0.943566632      8.50406303  1.30720417e-05  1.04003684e-05
 277     1      50               0     0.129844756      0.10526325     0.943566632      8.50406303  1.30720417e-05  1.04003684e-05
          wgpu 1d 195g 334c x3w 4ms | egraph 32g->188v+0snap 6ms | graft 37 (-110n, 0 snap) cpu 0 | f64 20 | gen 0.2s
 278     0     100               0     0.129844756      0.10526325     0.943566632      8.50406303  1.30720417e-05  1.04003684e-05
 278     1      50               0     0.129844756      0.10526325     0.943566632      8.50406303  1.30720417e-05  1.04003684e-05
          wgpu 1d 173g 332c x3w 4ms | egraph 33g->186v+0snap 51ms | graft 33 (-109n, 0 snap) cpu 0 | f64 20 | gen 0.2s
 279     0     100               0     0.129844756      0.10526325     0.943566632      8.50406303  1.30720417e-05  1.04003684e-05
 279     1      50               0     0.129844756      0.10526325     0.943566632      8.50406303  1.30720417e-05  1.04003684e-05
          wgpu 1d 180g 338c x3w 4ms | egraph 35g->192v+0snap 6ms | graft 38 (-114n, 0 snap) cpu 0 | f64 20 | gen 0.2s
 280     0     100               0     0.129844756      0.10526325     0.943566632      8.50406303  1.30720417e-05  1.04003684e-05
 280     1      50               0     0.129844756      0.10526325     0.943566632      8.50406303  1.30720417e-05  1.04003684e-05
          wgpu 1d 178g 329c x3w 4ms | egraph 32g->183v+0snap 6ms | graft 35 (-107n, 0 snap) cpu 0 | f64 20 | gen 0.2s
--------- pump migration: intra (promote-2 + intake-reset) ---------
 281     0     100               0      723.769712      735.886124      60.8722311      22599.0296    0.0728650749     0.072708061
 281     1      50               0     0.129844756      0.10526325     0.943566632      8.50406303  1.30720417e-05  1.04003684e-05
          wgpu 2d 416g 515c x3w 7ms | egraph 106g->289v+0snap 17ms | graft 87 (-266n, 0 snap) cpu 0 | f64 26 | gen 0.1s | dropped inexpr 2 oversz 0 unbuild 0 {}
 282     0     100               0     0.129844852     0.105263163     0.943565706      8.50404729  1.30720514e-05  1.04003598e-05
 282     1      50               0     0.129844756      0.10526325     0.943566632      8.50406303  1.30720417e-05  1.04003684e-05
          wgpu 1d 163g 317c x3w 4ms | egraph 28g->171v+0snap 10ms | graft 26 (-99n, 0 snap) cpu 0 | f64 20 | gen 0.4s
 283     0     100               0     0.129844852     0.105263163     0.943565706      8.50404729  1.30720514e-05  1.04003598e-05
 283     1      50               0     0.129844756      0.10526325     0.943566632      8.50406303  1.30720417e-05  1.04003684e-05
          wgpu 1d 154g 319c x3w 4ms | egraph 30g->173v+0snap 13ms | graft 25 (-89n, 0 snap) cpu 0 | f64 20 | gen 0.3s
 284     0     100               0     0.129844852     0.105263163     0.943565706      8.50404729  1.30720514e-05  1.04003598e-05
 284     1      50               0     0.129844756      0.10526325     0.943566632      8.50406303  1.30720417e-05  1.04003684e-05
          wgpu 1d 181g 338c x3w 4ms | egraph 27g->192v+0snap 10ms | graft 32 (-103n, 0 snap) cpu 0 | f64 20 | gen 0.2s
 285     0     100               0     0.129844852     0.105263163     0.943565706      8.50404729  1.30720514e-05  1.04003598e-05
 285     1      50               0     0.129844852     0.105263163     0.943565706      8.50404729  1.30720514e-05  1.04003598e-05
          wgpu 1d 164g 335c x3w 4ms | egraph 34g->189v+0snap 6ms | graft 40 (-109n, 0 snap) cpu 0 | f64 20 | gen 0.2s
 286     0     100               0     0.129844852     0.105263163     0.943565706      8.50404729  1.30720514e-05  1.04003598e-05
 286     1      50               0     0.129844756      0.10526325     0.943566632      8.50406303  1.30720417e-05  1.04003684e-05
          wgpu 1d 172g 320c x3w 4ms | egraph 30g->174v+0snap 6ms | graft 34 (-110n, 0 snap) cpu 0 | f64 20 | gen 0.1s
 287     0     100               0     0.129844852     0.105263163     0.943565706      8.50404729  1.30720514e-05  1.04003598e-05
 287     1      50               0     0.129844756      0.10526325     0.943566632      8.50406303  1.30720417e-05  1.04003684e-05
          wgpu 1d 157g 347c x3w 4ms | egraph 28g->201v+0snap 5ms | graft 34 (-114n, 0 snap) cpu 0 | f64 20 | gen 0.1s
 288     0     100               0     0.129844852     0.105263163     0.943565706      8.50404729  1.30720514e-05  1.04003598e-05
 288     1      50               0     0.129844756      0.10526325     0.943566632      8.50406303  1.30720417e-05  1.04003684e-05
          wgpu 1d 167g 329c x3w 4ms | egraph 27g->183v+0snap 11ms | graft 35 (-104n, 0 snap) cpu 0 | f64 20 | gen 0.2s
 289     0     100               0     0.129844852     0.105263163     0.943565706      8.50404729  1.30720514e-05  1.04003598e-05
 289     1      50               0     0.129844756      0.10526325     0.943566632      8.50406303  1.30720417e-05  1.04003684e-05
          wgpu 1d 154g 320c x3w 4ms | egraph 24g->174v+0snap 4ms | graft 24 (-71n, 0 snap) cpu 0 | f64 20 | gen 0.2s
 290     0     100               0     0.129844852     0.105263163     0.943565706      8.50404729  1.30720514e-05  1.04003598e-05
 290     1      50               0     0.129844756      0.10526325     0.943566632      8.50406303  1.30720417e-05  1.04003684e-05
          wgpu 1d 216g 347c x3w 4ms | egraph 35g->201v+0snap 6ms | graft 43 (-144n, 0 snap) cpu 0 | f64 20 | gen 0.3s
--------- pump migration: intra (promote-2 + intake-reset) ---------
 291     0     100               0     0.129844852     0.105263163     0.943565706      8.50404729  1.30720514e-05  1.04003598e-05
 291     1      50               0     0.129844756      0.10526325     0.943566632      8.50406303  1.30720417e-05  1.04003684e-05
          wgpu 2d 371g 489c x3w 8ms | egraph 100g->263v+0snap 17ms | graft 68 (-310n, 0 snap) cpu 0 | f64 22 | gen 0.2s | dropped inexpr 6 oversz 0 unbuild 0 {}
 292     0     100               0     0.129844852     0.105263163     0.943565706      8.50404729  1.30720514e-05  1.04003598e-05
 292     1      50               0     0.129844756      0.10526325     0.943566632      8.50406303  1.30720417e-05  1.04003684e-05
          wgpu 1d 144g 318c x3w 4ms | egraph 19g->172v+0snap 4ms | graft 30 (-100n, 0 snap) cpu 0 | f64 20 | gen 0.2s | dropped inexpr 1 oversz 0 unbuild 0 {}
 293     0     100               0     0.129844852     0.105263163     0.943565706      8.50404729  1.30720514e-05  1.04003598e-05
 293     1      50               0     0.129844756      0.10526325     0.943566632      8.50406303  1.30720417e-05  1.04003684e-05
          wgpu 1d 162g 318c x3w 4ms | egraph 28g->172v+0snap 6ms | graft 34 (-91n, 0 snap) cpu 0 | f64 20 | gen 0.2s | dropped inexpr 1 oversz 0 unbuild 0 {}
 294     0     100               0     0.129844852     0.105263163     0.943565706      8.50404729  1.30720514e-05  1.04003598e-05
 294     1      50               0     0.129844756      0.10526325     0.943566632      8.50406303  1.30720417e-05  1.04003684e-05
          wgpu 1d 134g 318c x3w 3ms | egraph 19g->172v+0snap 4ms | graft 28 (-91n, 0 snap) cpu 0 | f64 20 | gen 0.1s
 295     0     100               0     0.129844756      0.10526325     0.943566632      8.50406303  1.30720417e-05  1.04003684e-05
 295     1      50               0     0.129844852     0.105263163     0.943565706      8.50404729  1.30720514e-05  1.04003598e-05
          wgpu 1d 154g 334c x3w 4ms | egraph 24g->188v+0snap 6ms | graft 36 (-106n, 0 snap) cpu 0 | f64 20 | gen 0.2s
 296     0     100               0     0.129844852     0.105263163     0.943565706      8.50404729  1.30720514e-05  1.04003598e-05
 296     1      50               0     0.129844756      0.10526325     0.943566632      8.50406303  1.30720417e-05  1.04003684e-05
          wgpu 1d 193g 347c x3w 4ms | egraph 36g->201v+0snap 8ms | graft 50 (-136n, 0 snap) cpu 0 | f64 20 | gen 0.3s
 297     0     100               0     0.129844852     0.105263163     0.943565706      8.50404729  1.30720514e-05  1.04003598e-05
 297     1      50               0     0.129844852     0.105263163     0.943565706      8.50404729  1.30720514e-05  1.04003598e-05
          wgpu 1d 187g 337c x3w 4ms | egraph 38g->191v+0snap 8ms | graft 42 (-145n, 0 snap) cpu 0 | f64 20 | gen 0.2s | dropped inexpr 1 oversz 0 unbuild 0 {}
 298     0     100               0     0.129844852     0.105263163     0.943565706      8.50404729  1.30720514e-05  1.04003598e-05
 298     1      50               0     0.129844852     0.105263163     0.943565706      8.50404729  1.30720514e-05  1.04003598e-05
          wgpu 1d 182g 342c x3w 4ms | egraph 37g->196v+0snap 10ms | graft 39 (-160n, 0 snap) cpu 0 | f64 20 | gen 0.2s
 299     0     100               0     0.129844852     0.105263163     0.943565706      8.50404729  1.30720514e-05  1.04003598e-05
 299     1      50               0     0.129844756      0.10526325     0.943566632      8.50406303  1.30720417e-05  1.04003684e-05
          wgpu 1d 160g 337c x3w 4ms | egraph 27g->191v+0snap 6ms | graft 32 (-96n, 0 snap) cpu 0 | f64 20 | gen 0.2s
 300     0     100               0     0.129844852     0.105263163     0.943565706      8.50404729  1.30720514e-05  1.04003598e-05
 300     1      50               0     0.129844756      0.10526325     0.943566632      8.50406303  1.30720417e-05  1.04003684e-05
          wgpu 1d 177g 337c x3w 4ms | egraph 20g->191v+0snap 10ms | graft 35 (-135n, 0 snap) cpu 0 | f64 20 | gen 0.3s
--------- pump migration: intra (promote-2 + intake-reset) + cross ---------
 301     0     100               0     0.129844756      0.10526325     0.943566632      8.50406303  1.30720417e-05  1.04003684e-05
 301     1      50               0     0.129844756      0.10526325     0.943566632      8.50406303  1.30720417e-05  1.04003684e-05
          wgpu 2d 403g 539c x3w 8ms | egraph 101g->313v+0snap 21ms | graft 73 (-337n, 0 snap) cpu 0 | f64 27 | gen 0.4s | dropped inexpr 3 oversz 0 unbuild 0 {}
 302     0     100               0     0.129844756      0.10526325     0.943566632      8.50406303  1.30720417e-05  1.04003684e-05
 302     1      50               0     0.129844756      0.10526325     0.943566632      8.50406303  1.30720417e-05  1.04003684e-05
          wgpu 1d 171g 347c x3w 4ms | egraph 30g->201v+0snap 7ms | graft 38 (-196n, 0 snap) cpu 0 | f64 20 | gen 0.2s
 303     0     100               0     0.129844852     0.105263163     0.943565706      8.50404729  1.30720514e-05  1.04003598e-05
 303     1      50               0     0.129844756      0.10526325     0.943566632      8.50406303  1.30720417e-05  1.04003684e-05
          wgpu 1d 174g 334c x3w 4ms | egraph 38g->188v+0snap 7ms | graft 35 (-130n, 0 snap) cpu 0 | f64 20 | gen 0.2s
 304     0     100               0     0.129844852     0.105263163     0.943565706      8.50404729  1.30720514e-05  1.04003598e-05
 304     1      50               0     0.129844852     0.105263163     0.943565706      8.50404729  1.30720514e-05  1.04003598e-05
          wgpu 1d 190g 335c x3w 4ms | egraph 38g->189v+0snap 7ms | graft 36 (-155n, 0 snap) cpu 0 | f64 20 | gen 0.2s | dropped inexpr 6 oversz 0 unbuild 0 {}
 305     0     100               0     0.129844852     0.105263163     0.943565706      8.50404729  1.30720514e-05  1.04003598e-05
 305     1      50               0     0.129844756      0.10526325     0.943566632      8.50406303  1.30720417e-05  1.04003684e-05
          wgpu 1d 218g 371c x3w 4ms | egraph 44g->225v+0snap 11ms | graft 47 (-183n, 0 snap) cpu 0 | f64 20 | gen 0.3s | dropped inexpr 6 oversz 0 unbuild 0 {}
 306     0     100               0     0.129844852     0.105263163     0.943565706      8.50404729  1.30720514e-05  1.04003598e-05
 306     1      50               0     0.129844756      0.10526325     0.943566632      8.50406303  1.30720417e-05  1.04003684e-05
          wgpu 1d 199g 359c x3w 4ms | egraph 45g->213v+0snap 11ms | graft 40 (-201n, 0 snap) cpu 0 | f64 20 | gen 0.3s | dropped inexpr 9 oversz 0 unbuild 0 {}
 307     0     100               0     0.129844756      0.10526325     0.943566632      8.50406303  1.30720417e-05  1.04003684e-05
 307     1      50               0     0.129844756      0.10526325     0.943566632      8.50406303  1.30720417e-05  1.04003684e-05
          wgpu 1d 170g 334c x3w 4ms | egraph 35g->188v+0snap 8ms | graft 29 (-139n, 0 snap) cpu 0 | f64 20 | gen 0.3s | dropped inexpr 6 oversz 0 unbuild 0 {}
 308     0     100               0     0.129844852     0.105263163     0.943565706      8.50404729  1.30720514e-05  1.04003598e-05
 308     1      50               0     0.129844756      0.10526325     0.943566632      8.50406303  1.30720417e-05  1.04003684e-05
          wgpu 1d 182g 336c x3w 4ms | egraph 28g->190v+0snap 8ms | graft 34 (-124n, 0 snap) cpu 0 | f64 20 | gen 0.2s | dropped inexpr 4 oversz 0 unbuild 0 {}
 309     0     100               0     0.129844852     0.105263163     0.943565706      8.50404729  1.30720514e-05  1.04003598e-05
 309     1      50               0     0.129844756      0.10526325     0.943566632      8.50406303  1.30720417e-05  1.04003684e-05
          wgpu 1d 192g 352c x3w 4ms | egraph 43g->206v+0snap 9ms | graft 43 (-196n, 0 snap) cpu 0 | f64 20 | gen 0.2s | dropped inexpr 3 oversz 0 unbuild 0 {}
 310     0     100               0     0.129844756      0.10526325     0.943566632      8.50406303  1.30720417e-05  1.04003684e-05
 310     1      50               0     0.129844756      0.10526325     0.943566632      8.50406303  1.30720417e-05  1.04003684e-05
          wgpu 1d 213g 360c x3w 15ms | egraph 47g->214v+0snap 10ms | graft 44 (-158n, 0 snap) cpu 0 | f64 20 | gen 0.3s | dropped inexpr 1 oversz 0 unbuild 0 {}
--------- pump migration: intra (promote-2 + intake-reset) ---------
 311     0     100               0      1109.27146      1219.97526      109.704419      40667.6698     0.111675228      0.12053772
 311     1      50               0     0.129844756      0.10526325     0.943566632      8.50406303  1.30720417e-05  1.04003684e-05
          wgpu 2d 360g 477c x3w 7ms | egraph 88g->251v+0snap 17ms | graft 72 (-250n, 0 snap) cpu 0 | f64 24 | gen 0.2s | dropped inexpr 2 oversz 0 unbuild 0 {}
 312     0     100               0      1109.27146      1219.97526      109.704419      40667.6698     0.111675228      0.12053772
 312     1      50               0     0.129844756      0.10526325     0.943566632      8.50406303  1.30720417e-05  1.04003684e-05
          wgpu 1d 145g 273c x3w 3ms | egraph 30g->127v+0snap 8ms | graft 29 (-103n, 0 snap) cpu 0 | f64 20 | gen 0.2s
 313     0     100               0     0.129844756      0.10526325     0.943566632      8.50406303  1.30720417e-05  1.04003684e-05
 313     1      50               0     0.129844756      0.10526325     0.943566632      8.50406303  1.30720417e-05  1.04003684e-05
          wgpu 1d 177g 343c x3w 4ms | egraph 37g->197v+0snap 10ms | graft 35 (-174n, 0 snap) cpu 0 | f64 20 | gen 0.2s
 314     0     100               0     0.129844756      0.10526325     0.943566632      8.50406303  1.30720417e-05  1.04003684e-05
 314     1      50               0     0.129844756      0.10526325     0.943566632      8.50406303  1.30720417e-05  1.04003684e-05
          wgpu 1d 198g 336c x3w 4ms | egraph 33g->190v+0snap 10ms | graft 36 (-150n, 0 snap) cpu 0 | f64 20 | gen 0.2s
 315     0     100               0      1109.27146      1219.97526      109.704419      40667.6698     0.111675228      0.12053772
 315     1      50               0     0.129844756      0.10526325     0.943566632      8.50406303  1.30720417e-05  1.04003684e-05
          wgpu 1d 186g 323c x3w 4ms | egraph 40g->177v+0snap 10ms | graft 33 (-125n, 0 snap) cpu 0 | f64 20 | gen 0.2s
 316     0     100               0     0.129844756      0.10526325     0.943566632      8.50406303  1.30720417e-05  1.04003684e-05
 316     1      50               0     0.129844756      0.10526325     0.943566632      8.50406303  1.30720417e-05  1.04003684e-05
          wgpu 1d 187g 336c x3w 4ms | egraph 41g->190v+0snap 8ms | graft 37 (-147n, 0 snap) cpu 0 | f64 20 | gen 0.2s
 317     0     100               0     0.129844756      0.10526325     0.943566632      8.50406303  1.30720417e-05  1.04003684e-05
 317     1      50               0     0.129844756      0.10526325     0.943566632      8.50406303  1.30720417e-05  1.04003684e-05
          wgpu 1d 196g 359c x3w 4ms | egraph 43g->213v+0snap 7ms | graft 45 (-141n, 0 snap) cpu 0 | f64 20 | gen 0.2s
 318     0     100               0     0.129844852     0.105263163     0.943565706      8.50404729  1.30720514e-05  1.04003598e-05
 318     1      50               0     0.129844756      0.10526325     0.943566632      8.50406303  1.30720417e-05  1.04003684e-05
          wgpu 1d 176g 342c x3w 4ms | egraph 34g->196v+0snap 8ms | graft 31 (-155n, 0 snap) cpu 0 | f64 20 | gen 0.4s
 319     0     100               0     0.129844852     0.105263163     0.943565706      8.50404729  1.30720514e-05  1.04003598e-05
 319     1      50               0     0.129844756      0.10526325     0.943566632      8.50406303  1.30720417e-05  1.04003684e-05
          wgpu 1d 209g 363c x3w 4ms | egraph 41g->217v+0snap 8ms | graft 41 (-170n, 0 snap) cpu 0 | f64 20 | gen 0.4s
 320     0     100               0     0.129844756      0.10526325     0.943566632      8.50406303  1.30720417e-05  1.04003684e-05
 320     1      50               0     0.129844756      0.10526325     0.943566632      8.50406303  1.30720417e-05  1.04003684e-05
          wgpu 1d 213g 374c x3w 4ms | egraph 36g->228v+0snap 8ms | graft 42 (-141n, 0 snap) cpu 0 | f64 20 | gen 0.2s
--------- pump migration: intra (promote-2 + intake-reset) ---------
 321     0     100               0     0.129844756      0.10526325     0.943566632      8.50406303  1.30720417e-05  1.04003684e-05
 321     1      50               0     0.129844756      0.10526325     0.943566632      8.50406303  1.30720417e-05  1.04003684e-05
          wgpu 2d 453g 524c x3w 8ms | egraph 119g->298v+0snap 24ms | graft 83 (-301n, 0 snap) cpu 0 | f64 23 | gen 0.2s | dropped inexpr 2 oversz 0 unbuild 0 {}
 322     0     100               0     0.129844756      0.10526325     0.943566632      8.50406303  1.30720417e-05  1.04003684e-05
 322     1      50               0     0.129844756      0.10526325     0.943566632      8.50406303  1.30720417e-05  1.04003684e-05
          wgpu 1d 203g 364c x3w 4ms | egraph 37g->218v+0snap 9ms | graft 37 (-150n, 0 snap) cpu 0 | f64 20 | gen 0.3s | dropped inexpr 1 oversz 0 unbuild 0 {}
 323     0     100               0     0.129844756      0.10526325     0.943566632      8.50406303  1.30720417e-05  1.04003684e-05
 323     1      50               0     0.129844852     0.105263163     0.943565706      8.50404729  1.30720514e-05  1.04003598e-05
          wgpu 1d 190g 352c x3w 4ms | egraph 39g->206v+0snap 11ms | graft 37 (-148n, 0 snap) cpu 0 | f64 20 | gen 0.3s | dropped inexpr 1 oversz 0 unbuild 0 {}
 324     0     100               0     0.129844756      0.10526325     0.943566632      8.50406303  1.30720417e-05  1.04003684e-05
 324     1      50               0     0.129844756      0.10526325     0.943566632      8.50406303  1.30720417e-05  1.04003684e-05
          wgpu 1d 212g 368c x3w 4ms | egraph 38g->222v+0snap 12ms | graft 44 (-174n, 0 snap) cpu 0 | f64 20 | gen 0.4s
 325     0     100               0     0.129844756      0.10526325     0.943566632      8.50406303  1.30720417e-05  1.04003684e-05
 325     1      50               0     0.129844756      0.10526325     0.943566632      8.50406303  1.30720417e-05  1.04003684e-05
          wgpu 1d 177g 349c x3w 4ms | egraph 33g->203v+0snap 7ms | graft 34 (-121n, 0 snap) cpu 0 | f64 20 | gen 0.2s | dropped inexpr 1 oversz 0 unbuild 0 {}
 326     0     100               0     0.129844852     0.105263163     0.943565706      8.50404729  1.30720514e-05  1.04003598e-05
 326     1      50               0     0.129844756      0.10526325     0.943566632      8.50406303  1.30720417e-05  1.04003684e-05
          wgpu 1d 195g 350c x3w 4ms | egraph 44g->204v+0snap 10ms | graft 38 (-158n, 0 snap) cpu 0 | f64 20 | gen 0.2s
 327     0     100               0     0.129844852     0.105263163     0.943565706      8.50404729  1.30720514e-05  1.04003598e-05
 327     1      50               0     0.129844756      0.10526325     0.943566632      8.50406303  1.30720417e-05  1.04003684e-05
          wgpu 1d 185g 330c x3w 4ms | egraph 36g->184v+0snap 10ms | graft 31 (-131n, 0 snap) cpu 0 | f64 20 | gen 0.2s
 328     0     100               0     0.129844852     0.105263163     0.943565706      8.50404729  1.30720514e-05  1.04003598e-05
 328     1      50               0     0.129844756      0.10526325     0.943566632      8.50406303  1.30720417e-05  1.04003684e-05
          wgpu 1d 206g 353c x3w 4ms | egraph 44g->207v+0snap 9ms | graft 41 (-147n, 0 snap) cpu 0 | f64 20 | gen 0.2s
 329     0     100               0     0.129844756      0.10526325     0.943566632      8.50406303  1.30720417e-05  1.04003684e-05
 329     1      50               0     0.129844756      0.10526325     0.943566632      8.50406303  1.30720417e-05  1.04003684e-05
          wgpu 1d 193g 350c x3w 4ms | egraph 37g->204v+0snap 7ms | graft 43 (-162n, 0 snap) cpu 0 | f64 20 | gen 0.2s
 330     0     100               0     0.129844852     0.105263163     0.943565706      8.50404729  1.30720514e-05  1.04003598e-05
 330     1      50               0     0.129844756      0.10526325     0.943566632      8.50406303  1.30720417e-05  1.04003684e-05
          wgpu 1d 200g 345c x3w 4ms | egraph 44g->199v+0snap 10ms | graft 40 (-136n, 0 snap) cpu 0 | f64 20 | gen 0.6s
--------- pump migration: intra (promote-2 + intake-reset) + cross ---------
 331     0     100               0     0.129844852     0.105263163     0.943565706      8.50404729  1.30720514e-05  1.04003598e-05
 331     1      50               0     0.129844756      0.10526325     0.943566632      8.50406303  1.30720417e-05  1.04003684e-05
          wgpu 2d 386g 496c x3w 8ms | egraph 93g->270v+0snap 21ms | graft 75 (-277n, 0 snap) cpu 0 | f64 23 | gen 0.2s
 332     0     100               0     0.129844852     0.105263163     0.943565706      8.50404729  1.30720514e-05  1.04003598e-05
 332     1      50               0     0.129844756      0.10526325     0.943566632      8.50406303  1.30720417e-05  1.04003684e-05
          wgpu 1d 152g 328c x3w 4ms | egraph 29g->182v+0snap 6ms | graft 25 (-79n, 0 snap) cpu 0 | f64 20 | gen 0.2s
 333     0     100               0     0.129844852     0.105263163     0.943565706      8.50404729  1.30720514e-05  1.04003598e-05
 333     1      50               0     0.129844852     0.105263163     0.943565706      8.50404729  1.30720514e-05  1.04003598e-05
          wgpu 1d 175g 341c x3w 4ms | egraph 39g->195v+0snap 6ms | graft 41 (-111n, 0 snap) cpu 0 | f64 20 | gen 0.2s
 334     0     100               0     0.129844852     0.105263163     0.943565706      8.50404729  1.30720514e-05  1.04003598e-05
 334     1      50               0     0.129844756      0.10526325     0.943566632      8.50406303  1.30720417e-05  1.04003684e-05
          wgpu 1d 170g 343c x3w 4ms | egraph 21g->197v+0snap 7ms | graft 33 (-102n, 0 snap) cpu 0 | f64 20 | gen 0.2s
 335     0     100               0     0.129844852     0.105263163     0.943565706      8.50404729  1.30720514e-05  1.04003598e-05
 335     1      50               0     0.129844756      0.10526325     0.943566632      8.50406303  1.30720417e-05  1.04003684e-05
          wgpu 1d 191g 356c x3w 4ms | egraph 33g->210v+0snap 7ms | graft 39 (-142n, 0 snap) cpu 0 | f64 20 | gen 0.2s
 336     0     100               0     0.129844852     0.105263163     0.943565706      8.50404729  1.30720514e-05  1.04003598e-05
 336     1      50               0     0.129844756      0.10526325     0.943566632      8.50406303  1.30720417e-05  1.04003684e-05
          wgpu 1d 187g 321c x3w 4ms | egraph 37g->175v+0snap 8ms | graft 34 (-121n, 0 snap) cpu 0 | f64 20 | gen 0.2s
 337     0     100               0     0.129844852     0.105263163     0.943565706      8.50404729  1.30720514e-05  1.04003598e-05
 337     1      50               0     0.129844756      0.10526325     0.943566632      8.50406303  1.30720417e-05  1.04003684e-05
          wgpu 1d 172g 345c x3w 4ms | egraph 33g->199v+0snap 9ms | graft 42 (-136n, 0 snap) cpu 0 | f64 20 | gen 0.1s
 338     0     100               0     0.129844756      0.10526325     0.943566632      8.50406303  1.30720417e-05  1.04003684e-05
 338     1      50               0     0.129844852     0.105263163     0.943565706      8.50404729  1.30720514e-05  1.04003598e-05
          wgpu 1d 184g 340c x3w 4ms | egraph 30g->194v+0snap 6ms | graft 38 (-132n, 0 snap) cpu 0 | f64 20 | gen 0.1s
 339     0     100               0     0.129844852     0.105263163     0.943565706      8.50404729  1.30720514e-05  1.04003598e-05
 339     1      50               0     0.129844756      0.10526325     0.943566632      8.50406303  1.30720417e-05  1.04003684e-05
          wgpu 1d 158g 313c x3w 4ms | egraph 35g->167v+0snap 6ms | graft 28 (-102n, 0 snap) cpu 0 | f64 20 | gen 0.2s
 340     0     100               0     0.129844852     0.105263163     0.943565706      8.50404729  1.30720514e-05  1.04003598e-05
 340     1      50               0     0.129844756      0.10526325     0.943566632      8.50406303  1.30720417e-05  1.04003684e-05
          wgpu 1d 160g 334c x3w 4ms | egraph 33g->188v+0snap 6ms | graft 34 (-112n, 0 snap) cpu 0 | f64 20 | gen 0.1s
--------- pump migration: intra (promote-2 + intake-reset) ---------
 341     0     100               0     0.129844852     0.105263163     0.943565706      8.50404729  1.30720514e-05  1.04003598e-05
 341     1      50               0     0.129844756      0.10526325     0.943566632      8.50406303  1.30720417e-05  1.04003684e-05
          wgpu 2d 371g 513c x3w 8ms | egraph 90g->287v+0snap 16ms | graft 81 (-260n, 0 snap) cpu 0 | f64 22 | gen 0.3s | dropped inexpr 1 oversz 0 unbuild 0 {}
 342     0     100               0     0.129844852     0.105263163     0.943565706      8.50404729  1.30720514e-05  1.04003598e-05
 342     1      50               0     0.129844852     0.105263163     0.943565706      8.50404729  1.30720514e-05  1.04003598e-05
          wgpu 1d 201g 355c x3w 4ms | egraph 41g->209v+0snap 9ms | graft 44 (-176n, 0 snap) cpu 0 | f64 20 | gen 0.2s
 343     0     100               0     0.129844852     0.105263163     0.943565706      8.50404729  1.30720514e-05  1.04003598e-05
 343     1      50               0     0.129844756      0.10526325     0.943566632      8.50406303  1.30720417e-05  1.04003684e-05
          wgpu 1d 193g 355c x3w 4ms | egraph 30g->209v+0snap 11ms | graft 38 (-133n, 0 snap) cpu 0 | f64 20 | gen 0.2s
 344     0     100               0     0.129844756      0.10526325     0.943566632      8.50406303  1.30720417e-05  1.04003684e-05
 344     1      50               0     0.129844756      0.10526325     0.943566632      8.50406303  1.30720417e-05  1.04003684e-05
          wgpu 1d 158g 321c x3w 4ms | egraph 28g->175v+0snap 7ms | graft 26 (-84n, 0 snap) cpu 0 | f64 20 | gen 0.2s
 345     0     100               0     0.129844852     0.105263163     0.943565706      8.50404729  1.30720514e-05  1.04003598e-05
 345     1      50               0     0.129844756      0.10526325     0.943566632      8.50406303  1.30720417e-05  1.04003684e-05
          wgpu 1d 175g 335c x3w 4ms | egraph 34g->189v+0snap 8ms | graft 32 (-103n, 0 snap) cpu 0 | f64 20 | gen 0.2s
 346     0     100               0     0.129844852     0.105263163     0.943565706      8.50404729  1.30720514e-05  1.04003598e-05
 346     1      50               0     0.129844852     0.105263163     0.943565706      8.50404729  1.30720514e-05  1.04003598e-05
          wgpu 1d 188g 338c x3w 4ms | egraph 29g->192v+0snap 7ms | graft 37 (-165n, 0 snap) cpu 0 | f64 20 | gen 0.2s
 347     0     100               0     0.129844852     0.105263163     0.943565706      8.50404729  1.30720514e-05  1.04003598e-05
 347     1      50               0     0.129844852     0.105263163     0.943565706      8.50404729  1.30720514e-05  1.04003598e-05
          wgpu 1d 161g 333c x3w 4ms | egraph 32g->187v+0snap 6ms | graft 33 (-105n, 0 snap) cpu 0 | f64 20 | gen 0.1s
 348     0     100               0     0.129844852     0.105263163     0.943565706      8.50404729  1.30720514e-05  1.04003598e-05
 348     1      50               0     0.129844756      0.10526325     0.943566632      8.50406303  1.30720417e-05  1.04003684e-05
          wgpu 1d 182g 354c x3w 4ms | egraph 35g->208v+0snap 10ms | graft 37 (-126n, 0 snap) cpu 0 | f64 20 | gen 0.2s
 349     0     100               0     0.129844852     0.105263163     0.943565706      8.50404729  1.30720514e-05  1.04003598e-05
 349     1      50               0     0.129844756      0.10526325     0.943566632      8.50406303  1.30720417e-05  1.04003684e-05
          wgpu 1d 185g 348c x3w 4ms | egraph 39g->202v+0snap 10ms | graft 41 (-186n, 0 snap) cpu 0 | f64 20 | gen 0.2s
 350     0     100               0     0.129844852     0.105263163     0.943565706      8.50404729  1.30720514e-05  1.04003598e-05
 350     1      50               0     0.129844756      0.10526325     0.943566632      8.50406303  1.30720417e-05  1.04003684e-05
          wgpu 1d 203g 348c x3w 4ms | egraph 51g->202v+0snap 13ms | graft 36 (-160n, 0 snap) cpu 0 | f64 20 | gen 0.4s
--------- pump migration: intra (promote-2 + intake-reset) ---------
 351     0     100               0     0.129844852     0.105263163     0.943565706      8.50404729  1.30720514e-05  1.04003598e-05
 351     1      50               0     0.129844852     0.105263163     0.943565706      8.50404729  1.30720514e-05  1.04003598e-05
          wgpu 2d 465g 547c x3w 8ms | egraph 116g->321v+0snap 29ms | graft 91 (-339n, 0 snap) cpu 0 | f64 26 | gen 0.5s | dropped inexpr 2 oversz 0 unbuild 0 {}
 352     0     100               0     0.129844852     0.105263163     0.943565706      8.50404729  1.30720514e-05  1.04003598e-05
 352     1      50               0     0.129844756      0.10526325     0.943566632      8.50406303  1.30720417e-05  1.04003684e-05
          wgpu 1d 179g 340c x3w 4ms | egraph 31g->194v+0snap 10ms | graft 33 (-98n, 0 snap) cpu 0 | f64 20 | gen 0.2s
 353     0     100               0     0.129844852     0.105263163     0.943565706      8.50404729  1.30720514e-05  1.04003598e-05
 353     1      50               0     0.129844756      0.10526325     0.943566632      8.50406303  1.30720417e-05  1.04003684e-05
          wgpu 1d 165g 345c x3w 4ms | egraph 30g->199v+0snap 9ms | graft 35 (-112n, 0 snap) cpu 0 | f64 20 | gen 0.2s
 354     0     100               0     0.129844852     0.105263163     0.943565706      8.50404729  1.30720514e-05  1.04003598e-05
 354     1      50               0     0.129844756      0.10526325     0.943566632      8.50406303  1.30720417e-05  1.04003684e-05
          wgpu 1d 207g 367c x3w 4ms | egraph 40g->221v+0snap 16ms | graft 39 (-238n, 0 snap) cpu 0 | f64 20 | gen 0.5s
 355     0     100               0     0.129844852     0.105263163     0.943565706      8.50404729  1.30720514e-05  1.04003598e-05
 355     1      50               0     0.129844756      0.10526325     0.943566632      8.50406303  1.30720417e-05  1.04003684e-05
          wgpu 1d 235g 371c x3w 5ms | egraph 37g->225v+0snap 13ms | graft 43 (-209n, 0 snap) cpu 0 | f64 20 | gen 0.5s
 356     0     100               0     0.129844852     0.105263163     0.943565706      8.50404729  1.30720514e-05  1.04003598e-05
 356     1      50               0     0.129844756      0.10526325     0.943566632      8.50406303  1.30720417e-05  1.04003684e-05
          wgpu 1d 171g 341c x3w 4ms | egraph 28g->195v+0snap 10ms | graft 30 (-131n, 0 snap) cpu 0 | f64 20 | gen 0.4s
 357     0     100               0     0.129844852     0.105263163     0.943565706      8.50404729  1.30720514e-05  1.04003598e-05
 357     1      50               0     0.129844756      0.10526325     0.943566632      8.50406303  1.30720417e-05  1.04003684e-05
          wgpu 1d 186g 350c x3w 4ms | egraph 32g->204v+0snap 16ms | graft 35 (-157n, 0 snap) cpu 0 | f64 20 | gen 0.8s
 358     0     100               0     0.129844852     0.105263163     0.943565706      8.50404729  1.30720514e-05  1.04003598e-05
 358     1      50               0     0.129844756      0.10526325     0.943566632      8.50406303  1.30720417e-05  1.04003684e-05
          wgpu 1d 195g 352c x3w 4ms | egraph 37g->206v+0snap 13ms | graft 36 (-98n, 0 snap) cpu 0 | f64 20 | gen 0.3s
 359     0     100               0     0.129844852     0.105263163     0.943565706      8.50404729  1.30720514e-05  1.04003598e-05
 359     1      50               0     0.129844756      0.10526325     0.943566632      8.50406303  1.30720417e-05  1.04003684e-05
          wgpu 1d 191g 353c x3w 4ms | egraph 42g->207v+0snap 10ms | graft 36 (-168n, 0 snap) cpu 0 | f64 20 | gen 0.2s
 360     0     100               0     0.129844852     0.105263163     0.943565706      8.50404729  1.30720514e-05  1.04003598e-05
 360     1      50               0     0.129844756      0.10526325     0.943566632      8.50406303  1.30720417e-05  1.04003684e-05
          wgpu 1d 167g 344c x3w 4ms | egraph 27g->198v+0snap 9ms | graft 38 (-124n, 0 snap) cpu 0 | f64 20 | gen 0.2s
--------- pump migration: intra (promote-2 + intake-reset) + cross ---------
 361     0     100               0     0.129844852     0.105263163     0.943565706      8.50404729  1.30720514e-05  1.04003598e-05
 361     1      50               0     0.129844852     0.105263163     0.943565706      8.50404729  1.30720514e-05  1.04003598e-05
          wgpu 2d 435g 552c x3w 8ms | egraph 121g->326v+0snap 21ms | graft 89 (-379n, 0 snap) cpu 0 | f64 26 | gen 0.3s | dropped inexpr 7 oversz 0 unbuild 0 {}
 362     0     100               0     0.129844852     0.105263163     0.943565706      8.50404729  1.30720514e-05  1.04003598e-05
 362     1      50               0     0.129844852     0.105263163     0.943565706      8.50404729  1.30720514e-05  1.04003598e-05
          wgpu 1d 170g 342c x3w 4ms | egraph 28g->196v+0snap 7ms | graft 37 (-150n, 0 snap) cpu 0 | f64 20 | gen 0.2s
 363     0     100               0     0.129844756      0.10526325     0.943566632      8.50406303  1.30720417e-05  1.04003684e-05
 363     1      50               0     0.129844756      0.10526325     0.943566632      8.50406303  1.30720417e-05  1.04003684e-05
          wgpu 1d 197g 342c x3w 4ms | egraph 38g->196v+0snap 14ms | graft 37 (-163n, 0 snap) cpu 0 | f64 20 | gen 0.4s
 364     0     100               0     0.129844756      0.10526325     0.943566632      8.50406303  1.30720417e-05  1.04003684e-05
 364     1      50               0     0.129844756      0.10526325     0.943566632      8.50406303  1.30720417e-05  1.04003684e-05
          wgpu 1d 213g 343c x3w 4ms | egraph 43g->197v+0snap 12ms | graft 38 (-160n, 0 snap) cpu 0 | f64 20 | gen 0.5s
 365     0     100               0     0.129844852     0.105263163     0.943565706      8.50404729  1.30720514e-05  1.04003598e-05
 365     1      50               0     0.129844852     0.105263163     0.943565706      8.50404729  1.30720514e-05  1.04003598e-05
          wgpu 1d 171g 337c x3w 4ms | egraph 31g->191v+0snap 6ms | graft 33 (-107n, 0 snap) cpu 0 | f64 20 | gen 0.1s
 366     0     100               0     0.129844852     0.105263163     0.943565706      8.50404729  1.30720514e-05  1.04003598e-05
 366     1      50               0     0.129844756      0.10526325     0.943566632      8.50406303  1.30720417e-05  1.04003684e-05
          wgpu 1d 178g 338c x3w 4ms | egraph 34g->192v+0snap 7ms | graft 35 (-132n, 0 snap) cpu 0 | f64 20 | gen 0.2s
 367     0     100               0     0.129844756      0.10526325     0.943566632      8.50406303  1.30720417e-05  1.04003684e-05
 367     1      50               0     0.129844756      0.10526325     0.943566632      8.50406303  1.30720417e-05  1.04003684e-05
          wgpu 1d 169g 327c x3w 4ms | egraph 31g->181v+0snap 7ms | graft 36 (-127n, 0 snap) cpu 0 | f64 20 | gen 0.2s
 368     0     100               0     0.129844756      0.10526325     0.943566632      8.50406303  1.30720417e-05  1.04003684e-05
 368     1      50               0     0.129844756      0.10526325     0.943566632      8.50406303  1.30720417e-05  1.04003684e-05
          wgpu 1d 168g 338c x3w 4ms | egraph 29g->192v+0snap 7ms | graft 36 (-132n, 0 snap) cpu 0 | f64 20 | gen 0.2s
 369     0     100               0     0.129844756      0.10526325     0.943566632      8.50406303  1.30720417e-05  1.04003684e-05
 369     1      50               0     0.129844756      0.10526325     0.943566632      8.50406303  1.30720417e-05  1.04003684e-05
          wgpu 1d 187g 327c x3w 4ms | egraph 31g->181v+0snap 7ms | graft 33 (-114n, 0 snap) cpu 0 | f64 20 | gen 0.2s
 370     0     100               0     0.129844852     0.105263163     0.943565706      8.50404729  1.30720514e-05  1.04003598e-05
 370     1      50               0     0.129844756      0.10526325     0.943566632      8.50406303  1.30720417e-05  1.04003684e-05
          wgpu 1d 170g 335c x3w 4ms | egraph 35g->189v+0snap 7ms | graft 33 (-126n, 0 snap) cpu 0 | f64 20 | gen 0.3s
--------- pump migration: intra (promote-2 + intake-reset) ---------
 371     0     100               0     0.129844852     0.105263163     0.943565706      8.50404729  1.30720514e-05  1.04003598e-05
 371     1      50               0     0.129844756      0.10526325     0.943566632      8.50406303  1.30720417e-05  1.04003684e-05
          wgpu 2d 390g 523c x3w 8ms | egraph 92g->297v+0snap 24ms | graft 69 (-304n, 0 snap) cpu 0 | f64 22 | gen 0.2s | dropped inexpr 3 oversz 0 unbuild 0 {}
 372     0     100               0     0.129844756      0.10526325     0.943566632      8.50406303  1.30720417e-05  1.04003684e-05
 372     1      50               0     0.129844852     0.105263163     0.943565706      8.50404729  1.30720514e-05  1.04003598e-05
          wgpu 1d 177g 340c x3w 4ms | egraph 31g->194v+0snap 12ms | graft 30 (-133n, 0 snap) cpu 0 | f64 20 | gen 0.3s
 373     0     100               0     0.129844756      0.10526325     0.943566632      8.50406303  1.30720417e-05  1.04003684e-05
 373     1      50               0     0.129844756      0.10526325     0.943566632      8.50406303  1.30720417e-05  1.04003684e-05
          wgpu 1d 198g 360c x3w 4ms | egraph 41g->214v+0snap 13ms | graft 33 (-133n, 0 snap) cpu 0 | f64 20 | gen 0.4s
 374     0     100               0     0.129844756      0.10526325     0.943566632      8.50406303  1.30720417e-05  1.04003684e-05
 374     1      50               0     0.129844756      0.10526325     0.943566632      8.50406303  1.30720417e-05  1.04003684e-05
          wgpu 1d 160g 338c x3w 4ms | egraph 34g->192v+0snap 10ms | graft 23 (-83n, 0 snap) cpu 0 | f64 20 | gen 0.2s
 375     0     100               0     0.129844756      0.10526325     0.943566632      8.50406303  1.30720417e-05  1.04003684e-05
 375     1      50               0     0.129844756      0.10526325     0.943566632      8.50406303  1.30720417e-05  1.04003684e-05
          wgpu 1d 166g 332c x3w 4ms | egraph 32g->186v+0snap 9ms | graft 32 (-110n, 0 snap) cpu 0 | f64 20 | gen 0.6s
 376     0     100               0     0.129844756      0.10526325     0.943566632      8.50406303  1.30720417e-05  1.04003684e-05
 376     1      50               0     0.129844852     0.105263163     0.943565706      8.50404729  1.30720514e-05  1.04003598e-05
          wgpu 1d 199g 365c x3w 5ms | egraph 33g->219v+0snap 12ms | graft 40 (-162n, 0 snap) cpu 0 | f64 20 | gen 0.2s
 377     0     100               0      0.12984482     0.105263129      0.94356563      8.50404713  1.30720482e-05  1.04003565e-05
 377     1      50               0     0.129844852     0.105263163     0.943565706      8.50404729  1.30720514e-05  1.04003598e-05
          wgpu 1d 170g 329c x3w 4ms | egraph 25g->183v+0snap 11ms | graft 28 (-148n, 0 snap) cpu 0 | f64 20 | gen 0.4s
 378     0     100               0      0.12984482     0.105263129      0.94356563      8.50404713  1.30720482e-05  1.04003565e-05
 378     1      50               0     0.129844852     0.105263163     0.943565706      8.50404729  1.30720514e-05  1.04003598e-05
          wgpu 1d 175g 331c x3w 4ms | egraph 38g->185v+0snap 8ms | graft 34 (-100n, 0 snap) cpu 0 | f64 20 | gen 0.2s
 379     0     100               0     0.129844756      0.10526325     0.943566632      8.50406303  1.30720417e-05  1.04003684e-05
 379     1      50               0     0.129844852     0.105263163     0.943565706      8.50404729  1.30720514e-05  1.04003598e-05
          wgpu 1d 196g 318c x3w 4ms | egraph 42g->172v+0snap 10ms | graft 33 (-99n, 0 snap) cpu 0 | f64 20 | gen 0.2s
 380     0     100               0     0.129844756      0.10526325     0.943566632      8.50406303  1.30720417e-05  1.04003684e-05
 380     1      50               0     0.129844756      0.10526325     0.943566632      8.50406303  1.30720417e-05  1.04003684e-05
          wgpu 1d 186g 326c x3w 4ms | egraph 36g->180v+0snap 8ms | graft 36 (-128n, 0 snap) cpu 0 | f64 20 | gen 0.3s
--------- pump migration: intra (promote-2 + intake-reset) ---------
 381     0     100               0     0.129844756      0.10526325     0.943566632      8.50406303  1.30720417e-05  1.04003684e-05
 381     1      50               0     0.129844756      0.10526325     0.943566632      8.50406303  1.30720417e-05  1.04003684e-05
          wgpu 2d 436g 557c x3w 8ms | egraph 112g->331v+0snap 29ms | graft 87 (-330n, 0 snap) cpu 0 | f64 24 | gen 0.3s | dropped inexpr 3 oversz 0 unbuild 0 {}
 382     0     100               0     0.129844756      0.10526325     0.943566632      8.50406303  1.30720417e-05  1.04003684e-05
 382     1      50               0     0.129844756      0.10526325     0.943566632      8.50406303  1.30720417e-05  1.04003684e-05
          wgpu 1d 169g 336c x3w 4ms | egraph 26g->190v+0snap 6ms | graft 30 (-94n, 0 snap) cpu 0 | f64 20 | gen 0.4s
 383     0     100               0     0.129844756      0.10526325     0.943566632      8.50406303  1.30720417e-05  1.04003684e-05
 383     1      50               0     0.129844756      0.10526325     0.943566632      8.50406303  1.30720417e-05  1.04003684e-05
          wgpu 1d 158g 329c x3w 5ms | egraph 28g->183v+0snap 8ms | graft 31 (-99n, 0 snap) cpu 0 | f64 20 | gen 0.3s
 384     0     100               0     0.129844756      0.10526325     0.943566632      8.50406303  1.30720417e-05  1.04003684e-05
 384     1      50               0     0.129844756      0.10526325     0.943566632      8.50406303  1.30720417e-05  1.04003684e-05
          wgpu 1d 179g 341c x3w 4ms | egraph 34g->195v+0snap 7ms | graft 40 (-162n, 0 snap) cpu 0 | f64 20 | gen 0.2s
 385     0     100               0     0.129844756      0.10526325     0.943566632      8.50406303  1.30720417e-05  1.04003684e-05
 385     1      50               0     0.129844756      0.10526325     0.943566632      8.50406303  1.30720417e-05  1.04003684e-05
          wgpu 1d 177g 337c x3w 4ms | egraph 31g->191v+0snap 6ms | graft 32 (-103n, 0 snap) cpu 0 | f64 20 | gen 0.3s
 386     0     100               0     0.129844756      0.10526325     0.943566632      8.50406303  1.30720417e-05  1.04003684e-05
 386     1      50               0     0.129844756      0.10526325     0.943566632      8.50406303  1.30720417e-05  1.04003684e-05
          wgpu 1d 163g 328c x3w 4ms | egraph 34g->182v+0snap 8ms | graft 26 (-117n, 0 snap) cpu 0 | f64 20 | gen 0.2s
 387     0     100               0     0.129844852     0.105263163     0.943565706      8.50404729  1.30720514e-05  1.04003598e-05
 387     1      50               0     0.129844756      0.10526325     0.943566632      8.50406303  1.30720417e-05  1.04003684e-05
          wgpu 1d 165g 327c x3w 4ms | egraph 31g->181v+0snap 6ms | graft 33 (-115n, 0 snap) cpu 0 | f64 20 | gen 0.2s
 388     0     100               0     0.129844852     0.105263163     0.943565706      8.50404729  1.30720514e-05  1.04003598e-05
 388     1      50               0     0.129844756      0.10526325     0.943566632      8.50406303  1.30720417e-05  1.04003684e-05
          wgpu 1d 195g 346c x3w 4ms | egraph 43g->200v+0snap 8ms | graft 43 (-158n, 0 snap) cpu 0 | f64 20 | gen 0.2s
 389     0     100               0     0.129844852     0.105263163     0.943565706      8.50404729  1.30720514e-05  1.04003598e-05
 389     1      50               0     0.129844756      0.10526325     0.943566632      8.50406303  1.30720417e-05  1.04003684e-05
          wgpu 1d 144g 315c x3w 3ms | egraph 23g->169v+0snap 5ms | graft 30 (-95n, 0 snap) cpu 0 | f64 20 | gen 0.2s
 390     0     100               0     0.129844852     0.105263163     0.943565706      8.50404729  1.30720514e-05  1.04003598e-05
 390     1      50               0     0.129844852     0.105263163     0.943565706      8.50404729  1.30720514e-05  1.04003598e-05
          wgpu 1d 186g 343c x3w 4ms | egraph 32g->197v+0snap 9ms | graft 38 (-128n, 0 snap) cpu 0 | f64 20 | gen 0.3s
--------- pump migration: intra (promote-2 + intake-reset) + cross ---------
 391     0     100               0     0.129844852     0.105263163     0.943565706      8.50404729  1.30720514e-05  1.04003598e-05
 391     1      50               0     0.129844756      0.10526325     0.943566632      8.50406303  1.30720417e-05  1.04003684e-05
          wgpu 2d 403g 545c x3w 8ms | egraph 112g->319v+0snap 26ms | graft 80 (-335n, 0 snap) cpu 0 | f64 25 | gen 0.3s | dropped inexpr 8 oversz 0 unbuild 0 {}
--------- pump migration: cross-class ---------
 392     0     100               0     0.129844852     0.105263163     0.943565706      8.50404729  1.30720514e-05  1.04003598e-05
 392     1      50               0     0.129844756      0.10526325     0.943566632      8.50406303  1.30720417e-05  1.04003684e-05
          wgpu 2d 431g 558c x3w 8ms | egraph 103g->332v+0snap 21ms | graft 83 (-340n, 0 snap) cpu 0 | f64 24 | gen 0.2s | dropped inexpr 5 oversz 0 unbuild 0 {}
--------- pump migration: cross-class ---------
 393     0     100               0     0.129844852     0.105263163     0.943565706      8.50404729  1.30720514e-05  1.04003598e-05
 393     1      50               0     0.129844756      0.10526325     0.943566632      8.50406303  1.30720417e-05  1.04003684e-05
          wgpu 2d 435g 552c x3w 8ms | egraph 105g->326v+0snap 18ms | graft 84 (-338n, 0 snap) cpu 0 | f64 27 | gen 0.3s | dropped inexpr 2 oversz 0 unbuild 0 {}
--------- pump migration: cross-class ---------
 394     0     100               0     0.129844756      0.10526325     0.943566632      8.50406303  1.30720417e-05  1.04003684e-05
 394     1      50               0     0.129844852     0.105263163     0.943565706      8.50404729  1.30720514e-05  1.04003598e-05
          wgpu 2d 399g 532c x3w 8ms | egraph 87g->306v+0snap 17ms | graft 90 (-250n, 0 snap) cpu 0 | f64 23 | gen 0.2s | dropped inexpr 1 oversz 0 unbuild 0 {}
--------- pump migration: cross-class ---------
 395     0     100               0     0.129844756      0.10526325     0.943566632      8.50406303  1.30720417e-05  1.04003684e-05
 395     1      50               0     0.129844756      0.10526325     0.943566632      8.50406303  1.30720417e-05  1.04003684e-05
          wgpu 2d 385g 517c x3w 8ms | egraph 90g->291v+0snap 17ms | graft 79 (-256n, 0 snap) cpu 0 | f64 26 | gen 0.2s | dropped inexpr 1 oversz 0 unbuild 0 {}
--------- pump migration: cross-class ---------
 396     0     100               0     0.129844756      0.10526325     0.943566632      8.50406303  1.30720417e-05  1.04003684e-05
 396     1      50               0     0.129844756      0.10526325     0.943566632      8.50406303  1.30720417e-05  1.04003684e-05
          wgpu 2d 358g 505c x3w 7ms | egraph 81g->279v+0snap 18ms | graft 60 (-242n, 0 snap) cpu 0 | f64 21 | gen 0.2s | dropped inexpr 3 oversz 0 unbuild 0 {}
--------- pump migration: cross-class ---------
 397     0     100               0     0.129844756      0.10526325     0.943566632      8.50406303  1.30720417e-05  1.04003684e-05
 397     1      50               0     0.129844756      0.10526325     0.943566632      8.50406303  1.30720417e-05  1.04003684e-05
          wgpu 2d 385g 501c x3w 8ms | egraph 99g->275v+0snap 22ms | graft 78 (-276n, 0 snap) cpu 0 | f64 27 | gen 0.4s
--------- pump migration: cross-class ---------
 398     0     100               0     0.129844756      0.10526325     0.943566632      8.50406303  1.30720417e-05  1.04003684e-05
 398     1      50               0     0.129844756      0.10526325     0.943566632      8.50406303  1.30720417e-05  1.04003684e-05
          wgpu 2d 429g 527c x3w 8ms | egraph 101g->301v+0snap 22ms | graft 74 (-232n, 0 snap) cpu 0 | f64 24 | gen 0.2s | dropped inexpr 2 oversz 0 unbuild 0 {}
--------- pump migration: cross-class ---------
 399     0     100               0      694.330436      740.275853      57.4461594      18248.7929    0.0699012937    0.0731417812
 399     1      50               0     0.129844756      0.10526325     0.943566632      8.50406303  1.30720417e-05  1.04003684e-05
          wgpu 2d 434g 555c x3w 8ms | egraph 117g->329v+0snap 23ms | graft 98 (-322n, 0 snap) cpu 0 | f64 24 | gen 0.3s | dropped inexpr 8 oversz 0 unbuild 0 {}
--------- pump migration: cross-class ---------
 400     0     100               0     0.129844756      0.10526325     0.943566632      8.50406303  1.30720417e-05  1.04003684e-05
 400     1      50               0     0.129844756      0.10526325     0.943566632      8.50406303  1.30720417e-05  1.04003684e-05
          wgpu 2d 379g 502c x3w 8ms | egraph 102g->276v+0snap 19ms | graft 84 (-210n, 0 snap) cpu 0 | f64 28 | gen 0.3s | dropped inexpr 5 oversz 0 unbuild 0 {}
--------- pump migration: intra (promote-2 + intake-reset) + cross ---------

This sub-run: 2026-09-19 04:08:13.107588 → 2026-09-19 04:09:38.356097
Now at generation 400 (HOF size: 30)
[join] 450 dispatches, 81,993 genes, 461,757 candidates scored in 1.77s GPU+host; e-graph 17,460 trees -> 91,449 variants + 0 snaps in 3.72s; 19,519 grafts (0 snap), 63,281 nodes removed; cpu-path individuals 0, f64-rejected 0
[join]   inexpressible:    420  no pset token for semantic id "div" with arity 2
[join]   inexpressible:    321  no pset token for semantic id "sqrt" with arity 1
[join]   inexpressible:    221  no pset token for semantic id "pow" with arity 2
  HFF-chosen LSM kept: a=3.07242, b=-0.100273
Chromosome wrapper: id=0  →  identity
hof[0] runtime val: mse=1.863e-01  R²=0.999982
Pre-snap expression (after sympify + LSM compose):
  1.02413891487349*c**2*m - 1.02413891487349*m*(c/(v*log(3) + Abs(c**(1/8)*(1/v)**(1/4))) - v) + 1.02413891487349*m - 0.100273451743163

Per-level snap results (before MSE scoring):
  strict      →  1.02413891487349*c**2*m - 1.02413891487349*m*(c/(1.09861228866811*v + Abs(c**(1/8)*(1/v)**(1/4))) - v) + 1.02413891487349*m - 0.100273451743163
  default     →  1.02413891487349*c**2*m - 1.02413891487349*m*(c/(2*v*exp(1/2)/3 + Abs(c**(1/8)*(1/v)**(1/4))) - v) + 1.02413891487349*m
  aggressive  →  1.02413891487349*c**2*m - 1.02413891487349*m*(c/(2*v*exp(1/2)/3 + Abs(c**(1/8)*(1/v)**(1/4))) - v) + 1.02413891487349*m

Snap-level comparison (sorted by holdout MSE, lowest first)
------------------------------------------------------------------------------------------
  level       MSE            R²         expression                                        
------------------------------------------------------------------------------------------
★ strict      0.2694         1.0000     1.02413891487349*c**2*m - 1.02413891487349*m*(c/(1
  default     0.2757         1.0000     1.02413891487349*c**2*m - 1.02413891487349*m*(c/(2
  aggressive  0.2757         1.0000     1.02413891487349*c**2*m - 1.02413891487349*m*(c/(2

Winning snap level: 'strict'  →  1.02413891487349*c**2*m - 1.02413891487349*m*(c/(1.09861228866811*v + Abs(c**(1/8)*(1/v)**(1/4))) - v) + 1.02413891487349*m - 0.100273451743163

Canonical discovered expression: 1.02413891487349*c**2*m - 1.02413891487349*m*(c/(1.09861228866811*v + Abs(c**(1/8)*(1/v)**(1/4))) - v) + 1.02413891487349*m - 0.100273451743163
[38;2;0;50;255m
############################################################ [38;2;255;255;255m
[38;2;0;50;255m Equation Recovery: I_48_2 [38;2;255;255;255m
[38;2;0;50;255m Truth: m*c**2/sqrt(1-v**2/c**2) [38;2;255;255;255m
[38;2;0;50;255m [38;2;255;255;255m
[38;2;255;0;255m     Exact recovery     : False [38;2;255;255;255m
[38;2;255;0;255m     Numerical recovery : False (max rel_err 6.92e-01 on 10k samples) [38;2;255;255;255m
[38;2;255;0;255m     Discovered         : 1.02413891487349*c**2*m - 1.02413891487349*m*(c/(1.09861228866811*v + Abs(c**(1/8)*(1/v)**(1/4))) - v) + 1.02413891487349*m - 0.100273451743163 [38;2;255;255;255m
[38;2;255;0;255m     LSM (a, b)         : (3.07242, -0.100273) [38;2;255;255;255m
[38;2;0;50;255m
############################################################ [38;2;255;255;255m
In-range holdout : MSE=0.2694  MAE=0.3754  R²=1.0000
Extrapolation    : MSE=18.54  MAE=2.645  R²=0.9998

Top 10 HOF models (north_pole=truenorth) (★ = Pareto-optimal)
(deduped HOF: 13 unique chromosomes from 30 raw HOF entries)
 ----------------------------------------------------------------------------------------------------------------
       model     wrapper      length   train_mse     val_mse     max_err    train_r2      val_r2 angular_distance
 ----------------------------------------------------------------------------------------------------------------
★           0    identity          23      0.2253      0.1863      1.3590      1.0000      1.0000      0.0000
            2    identity          23      0.4132      0.3627      1.8125      1.0000      1.0000      0.0050
            3    identity          23      0.4132      0.3627      1.8125      1.0000      1.0000      0.0050
            7    identity          10      2.3916      1.9606      3.5467      0.9998      0.9998      0.0242
            8    identity          10      2.3916      1.9606      3.5467      0.9998      0.9998      0.0242
           13    identity          15    141.0437    148.5368     24.3011      0.9858      0.9853      0.3455
           12    identity          14    245.5846    241.4094     38.2435      0.9753      0.9761      0.5731
            9    identity          14    245.5846    241.4094     38.2435      0.9753      0.9761      0.5731
           23    identity          14    227.2002    217.9521     42.8411      0.9771      0.9785      0.5896
           19    identity          14    227.2002    217.9521     42.8411      0.9771      0.9785      0.5896

Pareto-optimal in top 10: 1    Pareto-optimal in full HOF: 1 / 13

Recovery sweep across 12/13 unique HOF chromosomes (capped):
  Structural / exact     : 0/12  (0.0%)
  Numerical (≤1e-6 err)  : 0/12  (0.0%)
{
    "date": "2026/09/19",
    "seed": "5",
    "task": "equation_recovery",
    "north_pole_method": "truenorth",
    "hff_include_val": true,
    "problem": "I_48_2",
    "truth_expr": "m*c**2/sqrt(1-v**2/c**2)",
    "final_terminal_inputs": [
        "m",
        "v",
        "c"
    ],
    "wide_primitives": true,
    "head_length": "48",
    "n_genes": "3",
    "rnc_array_length": "10",
    "tournament size": "intake=8, champion=5",
    "population size": "150",
    "population per island": "intake=100, champion=50",
    "gpu_join": true,
    "eclass_k": 8,
    "number of elites": "2",
    "number of generations": "400",
    "number of islands": "2",
    "migration FREQ": "30",
    "wrapper_id": 0,
    "wrapper_name": "identity",
    "recovery_exact": false,
    "recovery_numerical": false,
    "recovery_max_rel_err": 0.6916678614607051,
    "discovered_expr": "1.02413891487349*c**2*m - 1.02413891487349*m*(c/(1.09861228866811*v + Abs(c**(1/8)*(1/v)**(1/4))) - v) + 1.02413891487349*m - 0.100273451743163",
    "holdout_mse": 0.2693583154319917,
    "holdout_r2": 0.9999751508022974,
    "extrap_mse": 18.542044446760148,
    "extrap_r2": 0.9998096294130605,
    "hof_size": 13,
    "hof_exact_recoveries": 0,
    "hof_numerical_recoveries": 0
}
