/opt/anaconda3/lib/python3.12/site-packages/geppy/__init__.py:26: UserWarning: pkg_resources is deprecated as an API. See https://setuptools.pypa.io/en/latest/pkg_resources.html. The pkg_resources package is slated for removal as early as 2025-11-30. Refrain from using this package or pin to Setuptools<81.
  from pkg_resources import get_distribution, DistributionNotFound
hff library OK (test fitness: (0.1415394733244273,))
registry: ['circle_area', 'gravity', 'coulomb', 'pendulum', 'keplers3', 'ideal_gas', 'I_6_2a', 'I_6_2', 'I_6_2b', 'I_8_14', 'I_9_18', 'I_10_7', 'I_11_19', 'I_12_1', 'I_12_2', 'I_12_4', 'I_12_5', 'I_12_11', 'I_13_4', 'I_13_12', 'I_14_3', 'I_14_4', 'I_15_3x', 'I_15_3t', 'I_15_1', 'I_16_6', 'I_18_4', 'I_18_12', 'I_18_14', 'I_24_6', 'I_25_13', 'I_26_2', 'I_27_6', 'I_29_4', 'I_29_16', 'I_30_3', 'I_30_5', 'I_32_5', 'I_32_17', 'I_34_8', 'I_34_1', 'I_34_14', 'I_34_27', 'I_37_4', 'I_38_12', 'I_39_1', 'I_39_11', 'I_39_22', 'I_40_1', 'I_41_16', 'I_43_16', 'I_43_31', 'I_43_43', 'I_44_4', 'I_47_23', 'I_48_2', 'I_50_26', 'II_2_42', 'II_3_24', 'II_4_23', 'II_6_11', 'II_6_15a', 'II_6_15b', 'II_8_7', 'II_8_31', 'II_10_9', 'II_11_3', 'II_11_17', 'II_11_20', 'II_11_27', 'II_11_28', 'II_13_17', 'II_13_23', 'II_13_34', 'II_15_4', 'II_15_5', 'II_21_32', 'II_24_17', 'II_27_16', 'II_27_18', 'II_34_2a', 'II_34_2', 'II_34_11', 'II_34_29a', 'II_34_29b', 'II_35_18', 'II_35_21', 'II_36_38', 'II_37_1', 'II_38_3', 'II_38_14', 'III_4_32', 'III_4_33', 'III_7_38', 'III_8_54', 'III_9_52', 'III_10_19', 'III_12_43', 'III_13_18', 'III_14_14', 'III_15_12', 'III_15_14', 'III_15_27', 'III_17_37', 'III_19_51', 'III_21_20', 'test_1', 'test_2', 'test_3', 'test_4', 'test_5', 'test_6', 'test_7', 'test_8', 'test_9', 'test_10', 'test_11', 'test_12', 'test_13', 'test_14', 'test_15', 'test_16', 'test_17', 'test_18', 'test_19', 'test_20']
[feynman override] head_length=48 (keep n_genes=3, avgval linker)
Selected problem: III_4_32
  Description : Feynman I-III III.4.32: n = 1/(exp((h/(2*pi))*omega/(kb*T))-1)
  Variables   : ['h', 'omega', 'kb', 'T']
  Train range : {'h': (1.0, 5.0), 'omega': (1.0, 5.0), 'kb': (1.0, 5.0), 'T': (1.0, 5.0)}
  Extrap range: {'h': (1.0, 7.5), 'omega': (1.0, 7.5), 'kb': (1.0, 7.5), 'T': (1.0, 7.5)}
  Truth       : 1/(exp((h/(2*pi))*omega/(kb*T))-1)
  ✓ cache hit  (data/equations/III_4_32, key=5ac3be816d7cef31)
  train           (800, 5)  target range=[0.195, 77.85]
  val             (200, 5)  target range=[0.3164, 73.21]
  holdout         (200, 5)  target range=[0.2998, 66.96]
  extrapolation   (200, 5)  target range=[0.09895, 186.8]
  saved figure → data/figures/III_4_32/eda_pairplot.png
Wide primitive set enabled: sin, cos, exp, log added.
[E22 rules] variable pattern tags: {'no_pattern'}
[E22/23 rules] static candidate count: 1
  [sum_sq_all/sum_sq] a=-0.0382 b=9.8970e+00 1-R²_va=9.9566e-01
[fuller] denoise + snap IN THE JOIN (every gene, every generation, K=8); mutation operators: physics=0.2 concretize=0.05
Wrapper scope: per_island  (island → wrapper map: ['identity', 'identity'])
[wgpu] process pool disabled — Metal cannot survive fork(); the population is evaluated in one dispatch instead
Genes: head_length=48, n_genes=3, rnc_array_length=10
Population: (per-island, see below), elites: 2, generations: 400, migration FREQ: 30
  pump per-island sizes: intake=100 (tournsize=8), champion=50 (tournsize=5)
Initialising evolution at 2026-09-19 04:47:46.319041
 gen  deme   evals     min fitness          mse_tr          mse_va         max_err      mse_extrap  one_minus_r2_tr  one_minus_r2_va
   0     0     100               0      43.3582256      38.4972271      37.2609848      336.001425      0.48431803     0.495407217
   0     1      50    0.0318479388      57.9837124      42.4142646      46.6761954      380.015804     0.647686961     0.545814189
          wgpu 1d 321g 297c x3w 8ms | egraph 187g->147v+0snap 49ms | graft 65 (-186n, 0 snap) cpu 0 | f64 30 | gen 0.0s | dropped inexpr 5 oversz 0 unbuild 0 {}
Extending evolution: gen 1 → 400 (+400 generations)
   1     0     100               0      43.3582256      38.4972271      37.2609848      336.001425      0.48431803     0.495407217
   1     1      50    0.0318479388      57.9837124      42.4142646      46.6761954      380.015804     0.647686961     0.545814189
          wgpu 1d 144g 229c x3w 3ms | egraph 67g->83v+0snap 11ms | graft 31 (-118n, 0 snap) cpu 0 | f64 31 | gen 0.2s | dropped inexpr 7 oversz 0 unbuild 0 {}
   2     0     100               0      43.3582256      38.4972271      37.2609848      336.001425      0.48431803     0.495407217
   2     1      50   0.00608817708      31.2681581        27.29494      40.1672136      293.632239     0.349270121     0.351248941
          wgpu 1d 160g 294c x3w 4ms | egraph 69g->148v+0snap 10ms | graft 43 (-141n, 0 snap) cpu 0 | f64 20 | gen 0.3s | dropped inexpr 11 oversz 0 unbuild 0 {}
   3     0     100               0      43.3582256      38.4972271      37.2609848      336.001425      0.48431803     0.495407217
   3     1      50   0.00608817708      31.2681581        27.29494      40.1672136      293.632239     0.349270121     0.351248941
          wgpu 1d 201g 300c x3w 4ms | egraph 86g->154v+0snap 16ms | graft 46 (-236n, 0 snap) cpu 0 | f64 20 | gen 0.3s | dropped inexpr 11 oversz 0 unbuild 0 {}
   4     0     100               0      43.3582256      38.4972271      37.2609848      336.001425      0.48431803     0.495407217
   4     1      50   0.00608817708      31.2681581        27.29494      40.1672136      293.632239     0.349270121     0.351248941
          wgpu 1d 167g 289c x3w 4ms | egraph 52g->143v+0snap 7ms | graft 37 (-155n, 0 snap) cpu 0 | f64 20 | gen 0.3s | dropped inexpr 9 oversz 0 unbuild 0 {}
   5     0     100               0      43.3582256      38.4972271      37.2609848      336.001425      0.48431803     0.495407217
   5     1      50   0.00608817708      31.2681581        27.29494      40.1672136      293.632239     0.349270121     0.351248941
          wgpu 1d 173g 289c x3w 4ms | egraph 57g->143v+0snap 8ms | graft 37 (-161n, 0 snap) cpu 0 | f64 20 | gen 0.2s | dropped inexpr 10 oversz 0 unbuild 0 {}
   6     0     100               0      43.3582256      38.4972271      37.2609848      336.001425      0.48431803     0.495407217
   6     1      50   0.00608817708      31.2681581        27.29494      40.1672136      293.632239     0.349270121     0.351248941
          wgpu 1d 158g 291c x3w 4ms | egraph 50g->145v+0snap 7ms | graft 42 (-174n, 0 snap) cpu 0 | f64 20 | gen 0.2s | dropped inexpr 7 oversz 0 unbuild 0 {}
   7     0     100               0      43.3582256      38.4972271      37.2609848      336.001425      0.48431803     0.495407217
   7     1      50   0.00608817708      31.2681581        27.29494      40.1672136      293.632239     0.349270121     0.351248941
          wgpu 1d 145g 256c x3w 3ms | egraph 40g->110v+0snap 6ms | graft 31 (-141n, 0 snap) cpu 0 | f64 20 | gen 0.2s | dropped inexpr 1 oversz 0 unbuild 0 {}
   8     0     100               0      43.3582256      38.4972271      37.2609848      336.001425      0.48431803     0.495407217
   8     1      50   0.00608817708      31.2681581        27.29494      40.1672136      293.632239     0.349270121     0.351248941
          wgpu 1d 132g 236c x3w 3ms | egraph 33g->90v+0snap 5ms | graft 34 (-124n, 0 snap) cpu 0 | f64 20 | gen 0.2s | dropped inexpr 6 oversz 0 unbuild 0 {}
   9     0     100               0      30.5337045      26.5144267      40.8653617      253.757323     0.341066162     0.341204792
   9     1      50   0.00608817708      31.2681581        27.29494      40.1672136      293.632239     0.349270121     0.351248941
          wgpu 1d 160g 254c x3w 3ms | egraph 34g->108v+0snap 5ms | graft 33 (-91n, 0 snap) cpu 0 | f64 20 | gen 0.2s | dropped inexpr 8 oversz 0 unbuild 0 {}
  10     0     100               0      30.5337045      26.5144267      40.8653617      253.757323     0.341066162     0.341204792
  10     1      50   0.00608817708      31.2681581        27.29494      40.1672136      293.632239     0.349270121     0.351248941
          wgpu 1d 170g 283c x3w 4ms | egraph 46g->137v+0snap 7ms | graft 34 (-130n, 0 snap) cpu 0 | f64 20 | gen 0.2s | dropped inexpr 10 oversz 0 unbuild 0 {}
--------- pump migration: intra (promote-2 + intake-reset) ---------
  11     0     100               0      30.5337045      26.5144267      40.8653617      253.757323     0.341066162     0.341204792
  11     1      50               0      30.5337045      26.5144267      40.8653617      253.757323     0.341066162     0.341204792
          wgpu 2d 317g 410c x3w 7ms | egraph 115g->184v+0snap 18ms | graft 81 (-257n, 0 snap) cpu 0 | f64 30 | gen 0.3s | dropped inexpr 6 oversz 0 unbuild 0 {}
  12     0     100               0      30.5337045      26.5144267      40.8653617      253.757323     0.341066162     0.341204792
  12     1      50               0      30.5337045      26.5144267      40.8653617      253.757323     0.341066162     0.341204792
          wgpu 1d 96g 190c x3w 3ms | egraph 24g->44v+0snap 4ms | graft 25 (-58n, 0 snap) cpu 0 | f64 20 | gen 0.1s | dropped inexpr 1 oversz 0 unbuild 0 {}
  13     0     100               0      30.5337045      26.5144267      40.8653617      253.757323     0.341066162     0.341204792
  13     1      50               0      30.5337045      26.5144267      40.8653617      253.757323     0.341066162     0.341204792
          wgpu 1d 85g 171c x3w 3ms | egraph 21g->25v+0snap 4ms | graft 15 (-30n, 0 snap) cpu 0 | f64 20 | gen 0.1s
  14     0     100               0      30.5337045      26.5144267      40.8653617      253.757323     0.341066162     0.341204792
  14     1      50               0      30.5337045      26.5144267      40.8653617      253.757323     0.341066162     0.341204792
          wgpu 1d 101g 186c x3w 3ms | egraph 27g->40v+0snap 4ms | graft 20 (-60n, 0 snap) cpu 0 | f64 20 | gen 0.1s
  15     0     100               0      30.5337045      26.5144267      40.8653617      253.757323     0.341066162     0.341204792
  15     1      50               0      30.5337045      26.5144267      40.8653617      253.757323     0.341066162     0.341204792
          wgpu 1d 97g 185c x3w 3ms | egraph 20g->39v+0snap 3ms | graft 20 (-46n, 0 snap) cpu 0 | f64 20 | gen 0.1s
  16     0     100               0      30.5337045      26.5144267      40.8653617      253.757323     0.341066162     0.341204792
  16     1      50               0      30.5337045      26.5144267      40.8653617      253.757323     0.341066162     0.341204792
          wgpu 1d 80g 177c x3w 3ms | egraph 20g->31v+0snap 3ms | graft 18 (-36n, 0 snap) cpu 0 | f64 20 | gen 0.2s
  17     0     100               0      30.5337045      26.5144267      40.8653617      253.757323     0.341066162     0.341204792
  17     1      50               0      30.5337045      26.5144267      40.8653617      253.757323     0.341066162     0.341204792
          wgpu 1d 88g 180c x3w 3ms | egraph 24g->34v+0snap 4ms | graft 18 (-54n, 0 snap) cpu 0 | f64 20 | gen 0.1s | dropped inexpr 2 oversz 0 unbuild 0 {}
  18     0     100               0      30.5337045      26.5144267      40.8653617      253.757323     0.341066162     0.341204792
  18     1      50               0      30.5337045      26.5144267      40.8653617      253.757323     0.341066162     0.341204792
          wgpu 1d 90g 186c x3w 3ms | egraph 14g->40v+0snap 3ms | graft 20 (-43n, 0 snap) cpu 0 | f64 20 | gen 0.1s
  19     0     100               0      30.5337045      26.5144267      40.8653617      253.757323     0.341066162     0.341204792
  19     1      50               0      30.5337045      26.5144267      40.8653617      253.757323     0.341066162     0.341204792
          wgpu 1d 101g 189c x3w 3ms | egraph 24g->43v+0snap 4ms | graft 22 (-55n, 0 snap) cpu 0 | f64 20 | gen 0.1s | dropped inexpr 1 oversz 0 unbuild 0 {}
  20     0     100               0      30.5337045      26.5144267      40.8653617      253.757323     0.341066162     0.341204792
  20     1      50               0      30.5337045      26.5144267      40.8653617      253.757323     0.341066162     0.341204792
          wgpu 1d 76g 177c x3w 3ms | egraph 20g->31v+0snap 3ms | graft 20 (-37n, 0 snap) cpu 0 | f64 25 | gen 0.1s
--------- pump migration: intra (promote-2 + intake-reset) ---------
  21     0     100               0      30.5337045      26.5144267      40.8653617      253.757323     0.341066162     0.341204792
  21     1      50               0      30.5337045      26.5144267      40.8653617      253.757323     0.341066162     0.341204792
          wgpu 2d 281g 342c x3w 6ms | egraph 102g->116v+0snap 21ms | graft 67 (-185n, 0 snap) cpu 0 | f64 30 | gen 0.2s | dropped inexpr 6 oversz 0 unbuild 0 {}
  22     0     100               0      30.5337045      26.5144267      40.8653617      253.757323     0.341066162     0.341204792
  22     1      50               0      30.5337045      26.5144267      40.8653617      253.757323     0.341066162     0.341204792
          wgpu 1d 88g 188c x3w 3ms | egraph 19g->42v+0snap 3ms | graft 18 (-37n, 0 snap) cpu 0 | f64 20 | gen 0.1s | dropped inexpr 1 oversz 0 unbuild 0 {}
  23     0     100               0      30.5337045      26.5144267      40.8653617      253.757323     0.341066162     0.341204792
  23     1      50               0      30.5337045      26.5144267      40.8653617      253.757323     0.341066162     0.341204792
          wgpu 1d 93g 186c x3w 3ms | egraph 15g->40v+0snap 3ms | graft 26 (-94n, 0 snap) cpu 0 | f64 20 | gen 0.1s
  24     0     100               0      30.5337045      26.5144267      40.8653617      253.757323     0.341066162     0.341204792
  24     1      50               0      30.5337045      26.5144267      40.8653617      253.757323     0.341066162     0.341204792
          wgpu 1d 84g 180c x3w 3ms | egraph 24g->34v+0snap 4ms | graft 19 (-47n, 0 snap) cpu 0 | f64 20 | gen 0.1s
  25     0     100               0      30.5337045      26.5144267      40.8653617      253.757323     0.341066162     0.341204792
  25     1      50               0      30.5337045      26.5144267      40.8653617      253.757323     0.341066162     0.341204792
          wgpu 1d 93g 183c x3w 3ms | egraph 18g->37v+0snap 3ms | graft 20 (-48n, 0 snap) cpu 0 | f64 23 | gen 0.1s | dropped inexpr 1 oversz 0 unbuild 0 {}
  26     0     100               0      30.5337045      26.5144267      40.8653617      253.757323     0.341066162     0.341204792
  26     1      50               0      30.5337045      26.5144267      40.8653617      253.757323     0.341066162     0.341204792
          wgpu 1d 78g 180c x3w 3ms | egraph 9g->34v+0snap 2ms | graft 22 (-49n, 0 snap) cpu 0 | f64 38 | gen 0.1s
  27     0     100               0      30.5337045      26.5144267      40.8653617      253.757323     0.341066162     0.341204792
  27     1      50               0      30.5337046      26.5144297      40.8653619      253.757284     0.341066164      0.34120483
          wgpu 1d 75g 182c x3w 3ms | egraph 16g->36v+0snap 3ms | graft 19 (-56n, 0 snap) cpu 0 | f64 20 | gen 0.1s
  28     0     100               0      30.5337045      26.5144267      40.8653617      253.757323     0.341066162     0.341204792
  28     1      50               0      30.5337045      26.5144267      40.8653617      253.757323     0.341066162     0.341204792
          wgpu 1d 87g 189c x3w 3ms | egraph 15g->43v+0snap 4ms | graft 19 (-50n, 0 snap) cpu 0 | f64 20 | gen 0.1s
  29     0     100               0      30.5337045      26.5144267      40.8653617      253.757323     0.341066162     0.341204792
  29     1      50               0      30.5337045      26.5144267      40.8653617      253.757323     0.341066162     0.341204792
          wgpu 1d 75g 183c x3w 3ms | egraph 11g->37v+0snap 2ms | graft 21 (-38n, 0 snap) cpu 0 | f64 20 | gen 0.1s
  30     0     100               0      30.5337045      26.5144267      40.8653617      253.757323     0.341066162     0.341204792
  30     1      50               0      30.5337045      26.5144267      40.8653617      253.757323     0.341066162     0.341204792
          wgpu 1d 89g 188c x3w 3ms | egraph 15g->42v+0snap 3ms | graft 25 (-61n, 0 snap) cpu 0 | f64 20 | gen 0.1s | dropped inexpr 2 oversz 0 unbuild 0 {}
--------- pump migration: intra (promote-2 + intake-reset) ---------
  31     0     100               0      30.5337045      26.5144267      40.8653617      253.757323     0.341066162     0.341204792
  31     1      50               0      30.5337045      26.5144267      40.8653617      253.757323     0.341066162     0.341204792
          wgpu 2d 286g 356c x3w 6ms | egraph 95g->130v+0snap 15ms | graft 55 (-143n, 0 snap) cpu 0 | f64 30 | gen 0.1s | dropped inexpr 4 oversz 0 unbuild 0 {}
  32     0     100               0      30.5337045      26.5144267      40.8653617      253.757323     0.341066162     0.341204792
  32     1      50               0      30.5337045      26.5144267      40.8653617      253.757323     0.341066162     0.341204792
          wgpu 1d 92g 188c x3w 3ms | egraph 21g->42v+0snap 4ms | graft 19 (-56n, 0 snap) cpu 0 | f64 20 | gen 0.1s | dropped inexpr 2 oversz 0 unbuild 0 {}
  33     0     100               0      14.1304598       10.436903      16.1276498      268.165245     0.157839404     0.134308819
  33     1      50               0      30.5337045      26.5144267      40.8653617      253.757323     0.341066162     0.341204792
          wgpu 1d 101g 192c x3w 3ms | egraph 24g->46v+0snap 4ms | graft 22 (-67n, 0 snap) cpu 0 | f64 20 | gen 0.1s | dropped inexpr 1 oversz 0 unbuild 0 {}
  34     0     100               0      14.1304598       10.436903      16.1276498      268.165245     0.157839404     0.134308819
  34     1      50               0      30.5337045      26.5144267      40.8653617      253.757323     0.341066162     0.341204792
          wgpu 1d 92g 187c x3w 3ms | egraph 27g->41v+0snap 5ms | graft 28 (-46n, 0 snap) cpu 0 | f64 20 | gen 0.1s
  35     0     100               0      14.1304598       10.436903      16.1276498      268.165245     0.157839404     0.134308819
  35     1      50               0      30.5337045      26.5144267      40.8653617      253.757323     0.341066162     0.341204792
          wgpu 1d 91g 181c x3w 3ms | egraph 22g->35v+0snap 3ms | graft 19 (-39n, 0 snap) cpu 0 | f64 20 | gen 0.1s
  36     0     100               0      14.1304598       10.436903      16.1276498      268.165245     0.157839404     0.134308819
  36     1      50               0      30.5337045      26.5144267      40.8653617      253.757323     0.341066162     0.341204792
          wgpu 1d 96g 178c x3w 3ms | egraph 17g->32v+0snap 3ms | graft 18 (-29n, 0 snap) cpu 0 | f64 20 | gen 0.2s
  37     0     100               0      14.1304598       10.436903      16.1276498      268.165245     0.157839404     0.134308819
  37     1      50               0      30.5337045      26.5144267      40.8653617      253.757323     0.341066162     0.341204792
          wgpu 1d 88g 179c x3w 3ms | egraph 13g->33v+0snap 3ms | graft 21 (-52n, 0 snap) cpu 0 | f64 20 | gen 0.1s
  38     0     100               0      14.1304598       10.436903      16.1276498      268.165245     0.157839404     0.134308819
  38     1      50               0      30.5337045      26.5144267      40.8653617      253.757323     0.341066162     0.341204792
          wgpu 1d 82g 179c x3w 3ms | egraph 16g->33v+0snap 3ms | graft 19 (-40n, 0 snap) cpu 0 | f64 20 | gen 0.1s | dropped inexpr 1 oversz 0 unbuild 0 {}
  39     0     100               0      14.1304599      10.4368998      16.1276493      268.165244     0.157839404     0.134308777
  39     1      50               0      30.5337045      26.5144267      40.8653617      253.757323     0.341066162     0.341204792
          wgpu 1d 76g 181c x3w 3ms | egraph 16g->35v+0snap 4ms | graft 23 (-50n, 0 snap) cpu 0 | f64 20 | gen 0.2s | dropped inexpr 1 oversz 0 unbuild 0 {}
  40     0     100               0      14.1304599      10.4368998      16.1276493      268.165244     0.157839404     0.134308777
  40     1      50               0      30.5337046      26.5144297      40.8653619      253.757284     0.341066164      0.34120483
          wgpu 1d 100g 185c x3w 3ms | egraph 23g->39v+0snap 4ms | graft 24 (-44n, 0 snap) cpu 0 | f64 20 | gen 0.1s
--------- pump migration: intra (promote-2 + intake-reset) ---------
  41     0     100               0      14.1304599      10.4368998      16.1276493      268.165244     0.157839404     0.134308777
  41     1      50               0      30.5337045      26.5144267      40.8653617      253.757323     0.341066162     0.341204792
          wgpu 2d 297g 351c x3w 7ms | egraph 97g->125v+0snap 16ms | graft 54 (-146n, 0 snap) cpu 0 | f64 30 | gen 0.1s | dropped inexpr 4 oversz 0 unbuild 0 {}
  42     0     100               0      14.1304599      10.4368998      16.1276493      268.165244     0.157839404     0.134308777
  42     1      50               0      14.1304599      10.4368998      16.1276493      268.165244     0.157839404     0.134308777
          wgpu 1d 88g 184c x3w 3ms | egraph 14g->38v+0snap 4ms | graft 26 (-62n, 0 snap) cpu 0 | f64 20 | gen 0.1s | dropped inexpr 1 oversz 0 unbuild 0 {}
  43     0     100               0      14.1304599      10.4368998      16.1276493      268.165244     0.157839404     0.134308777
  43     1      50               0      14.1304599      10.4368998      16.1276493      268.165244     0.157839404     0.134308777
          wgpu 1d 83g 173c x3w 3ms | egraph 14g->27v+0snap 4ms | graft 19 (-34n, 0 snap) cpu 0 | f64 20 | gen 0.1s
  44     0     100               0      14.1304599      10.4368998      16.1276493      268.165244     0.157839404     0.134308777
  44     1      50               0      14.1304599      10.4368998      16.1276493      268.165244     0.157839404     0.134308777
          wgpu 1d 82g 174c x3w 3ms | egraph 10g->28v+0snap 2ms | graft 21 (-32n, 0 snap) cpu 0 | f64 20 | gen 0.1s
  45     0     100               0      14.1304599      10.4368998      16.1276493      268.165244     0.157839404     0.134308777
  45     1      50               0      14.1304599      10.4368998      16.1276493      268.165244     0.157839404     0.134308777
          wgpu 1d 88g 180c x3w 3ms | egraph 15g->34v+0snap 3ms | graft 24 (-34n, 0 snap) cpu 0 | f64 20 | gen 0.1s
  46     0     100               0      14.1304599      10.4368998      16.1276493      268.165244     0.157839404     0.134308777
  46     1      50               0      14.1304599      10.4368998      16.1276493      268.165244     0.157839404     0.134308777
          wgpu 1d 77g 165c x3w 3ms | egraph 15g->19v+0snap 3ms | graft 16 (-29n, 0 snap) cpu 0 | f64 20 | gen 0.1s
  47     0     100               0      14.1304599      10.4368998      16.1276493      268.165244     0.157839404     0.134308777
  47     1      50               0      14.1304598       10.436903      16.1276498      268.165245     0.157839404     0.134308819
          wgpu 1d 84g 175c x3w 3ms | egraph 10g->29v+0snap 3ms | graft 14 (-35n, 0 snap) cpu 0 | f64 20 | gen 0.1s
  48     0     100               0      14.1304599      10.4368998      16.1276493      268.165244     0.157839404     0.134308777
  48     1      50               0      14.1304599      10.4368998      16.1276493      268.165244     0.157839404     0.134308777
          wgpu 1d 69g 182c x3w 3ms | egraph 10g->36v+0snap 2ms | graft 25 (-46n, 0 snap) cpu 0 | f64 20 | gen 0.1s
  49     0     100               0      14.1304599      10.4368998      16.1276493      268.165244     0.157839404     0.134308777
  49     1      50               0      14.1304598       10.436903      16.1276498      268.165245     0.157839404     0.134308819
          wgpu 1d 81g 175c x3w 3ms | egraph 14g->29v+0snap 3ms | graft 19 (-31n, 0 snap) cpu 0 | f64 20 | gen 0.1s
  50     0     100               0      14.1304599      10.4368998      16.1276493      268.165244     0.157839404     0.134308777
  50     1      50               0      14.1304598       10.436903      16.1276498      268.165245     0.157839404     0.134308819
          wgpu 1d 85g 180c x3w 3ms | egraph 18g->34v+0snap 5ms | graft 23 (-44n, 0 snap) cpu 0 | f64 20 | gen 0.1s
--------- pump migration: intra (promote-2 + intake-reset) ---------
  51     0     100               0      14.1304599      10.4368998      16.1276493      268.165244     0.157839404     0.134308777
  51     1      50               0      14.1304599      10.4368998      16.1276493      268.165244     0.157839404     0.134308777
          wgpu 2d 284g 334c x3w 6ms | egraph 94g->108v+0snap 17ms | graft 47 (-148n, 0 snap) cpu 0 | f64 30 | gen 0.1s | dropped inexpr 1 oversz 0 unbuild 0 {}
  52     0     100               0      14.1304599      10.4368998      16.1276493      268.165244     0.157839404     0.134308777
  52     1      50               0      14.1304599      10.4368998      16.1276493      268.165244     0.157839404     0.134308777
          wgpu 1d 78g 166c x3w 3ms | egraph 13g->20v+0snap 3ms | graft 14 (-28n, 0 snap) cpu 0 | f64 20 | gen 0.1s
  53     0     100               0      14.1304599      10.4368998      16.1276493      268.165244     0.157839404     0.134308777
  53     1      50               0      14.1304599      10.4368998      16.1276493      268.165244     0.157839404     0.134308777
          wgpu 1d 95g 187c x3w 3ms | egraph 18g->41v+0snap 4ms | graft 31 (-53n, 0 snap) cpu 0 | f64 20 | gen 0.1s
  54     0     100               0      14.1304599      10.4368998      16.1276493      268.165244     0.157839404     0.134308777
  54     1      50               0      14.1304599      10.4368998      16.1276493      268.165244     0.157839404     0.134308777
          wgpu 1d 87g 179c x3w 3ms | egraph 12g->33v+0snap 3ms | graft 22 (-47n, 0 snap) cpu 0 | f64 20 | gen 0.2s
  55     0     100               0      14.1304599      10.4368998      16.1276493      268.165244     0.157839404     0.134308777
  55     1      50               0      14.1304599      10.4368998      16.1276493      268.165244     0.157839404     0.134308777
          wgpu 1d 90g 174c x3w 3ms | egraph 16g->28v+0snap 3ms | graft 17 (-18n, 0 snap) cpu 0 | f64 20 | gen 0.1s | dropped inexpr 1 oversz 0 unbuild 0 {}
  56     0     100               0      14.1304599      10.4368998      16.1276493      268.165244     0.157839404     0.134308777
  56     1      50               0      14.1304599      10.4368998      16.1276493      268.165244     0.157839404     0.134308777
          wgpu 1d 94g 182c x3w 3ms | egraph 14g->36v+0snap 4ms | graft 26 (-51n, 0 snap) cpu 0 | f64 20 | gen 0.1s | dropped inexpr 1 oversz 0 unbuild 0 {}
  57     0     100               0      14.1304599      10.4368998      16.1276493      268.165244     0.157839404     0.134308777
  57     1      50               0      14.1304599      10.4368998      16.1276493      268.165244     0.157839404     0.134308777
          wgpu 1d 82g 176c x3w 3ms | egraph 13g->30v+0snap 3ms | graft 22 (-50n, 0 snap) cpu 0 | f64 20 | gen 0.1s
  58     0     100               0      14.1304598       10.436903      16.1276498      268.165245     0.157839404     0.134308819
  58     1      50               0      14.1304599      10.4368998      16.1276493      268.165244     0.157839404     0.134308777
          wgpu 1d 86g 175c x3w 3ms | egraph 16g->29v+0snap 4ms | graft 21 (-35n, 0 snap) cpu 0 | f64 20 | gen 0.1s
  59     0     100               0      14.1304599      10.4368998      16.1276493      268.165244     0.157839404     0.134308777
  59     1      50               0      14.1304599      10.4368998      16.1276493      268.165244     0.157839404     0.134308777
          wgpu 1d 72g 170c x3w 3ms | egraph 10g->24v+0snap 3ms | graft 15 (-27n, 0 snap) cpu 0 | f64 20 | gen 0.1s
  60     0     100               0      14.1304599      10.4368998      16.1276493      268.165244     0.157839404     0.134308777
  60     1      50               0      14.1304598       10.436903      16.1276498      268.165245     0.157839404     0.134308819
          wgpu 1d 82g 174c x3w 3ms | egraph 17g->28v+0snap 4ms | graft 20 (-35n, 0 snap) cpu 0 | f64 20 | gen 0.1s
--------- pump migration: intra (promote-2 + intake-reset) + cross ---------
  61     0     100               0      14.1304599      10.4368998      16.1276493      268.165244     0.157839404     0.134308777
  61     1      50               0      14.1304599      10.4368998      16.1276493      268.165244     0.157839404     0.134308777
          wgpu 2d 293g 356c x3w 7ms | egraph 93g->130v+0snap 16ms | graft 73 (-161n, 0 snap) cpu 0 | f64 30 | gen 0.1s | dropped inexpr 2 oversz 0 unbuild 0 {}
  62     0     100               0      14.1304599      10.4368998      16.1276493      268.165244     0.157839404     0.134308777
  62     1      50               0      14.1304599      10.4368998      16.1276493      268.165244     0.157839404     0.134308777
          wgpu 1d 99g 180c x3w 3ms | egraph 24g->34v+0snap 4ms | graft 18 (-35n, 0 snap) cpu 0 | f64 20 | gen 0.1s | dropped inexpr 1 oversz 0 unbuild 0 {}
  63     0     100               0      14.1304599      10.4368998      16.1276493      268.165244     0.157839404     0.134308777
  63     1      50               0      14.1304599      10.4368998      16.1276493      268.165244     0.157839404     0.134308777
          wgpu 1d 95g 179c x3w 3ms | egraph 16g->33v+0snap 4ms | graft 20 (-43n, 0 snap) cpu 0 | f64 20 | gen 0.1s | dropped inexpr 1 oversz 0 unbuild 0 {}
  64     0     100               0      14.1304599      10.4368998      16.1276493      268.165244     0.157839404     0.134308777
  64     1      50               0      14.1304599      10.4368998      16.1276493      268.165244     0.157839404     0.134308777
          wgpu 1d 93g 184c x3w 3ms | egraph 10g->38v+0snap 3ms | graft 22 (-59n, 0 snap) cpu 0 | f64 20 | gen 0.1s
  65     0     100               0      14.1304599      10.4368998      16.1276493      268.165244     0.157839404     0.134308777
  65     1      50               0      14.1304599      10.4368998      16.1276493      268.165244     0.157839404     0.134308777
          wgpu 1d 91g 172c x3w 3ms | egraph 15g->26v+0snap 3ms | graft 18 (-35n, 0 snap) cpu 0 | f64 20 | gen 0.1s
  66     0     100               0      14.1304599      10.4368998      16.1276493      268.165244     0.157839404     0.134308777
  66     1      50               0      14.1304598       10.436903      16.1276498      268.165245     0.157839404     0.134308819
          wgpu 1d 87g 180c x3w 3ms | egraph 12g->34v+0snap 4ms | graft 16 (-45n, 0 snap) cpu 0 | f64 20 | gen 0.3s
  67     0     100               0      14.1304599      10.4368998      16.1276493      268.165244     0.157839404     0.134308777
  67     1      50               0      14.1304599      10.4368998      16.1276493      268.165244     0.157839404     0.134308777
          wgpu 1d 87g 180c x3w 3ms | egraph 15g->34v+0snap 3ms | graft 21 (-43n, 0 snap) cpu 0 | f64 20 | gen 0.1s
  68     0     100               0      14.1304599      10.4368998      16.1276493      268.165244     0.157839404     0.134308777
  68     1      50               0      14.1304599      10.4368998      16.1276493      268.165244     0.157839404     0.134308777
          wgpu 1d 88g 177c x3w 3ms | egraph 18g->31v+0snap 3ms | graft 20 (-38n, 0 snap) cpu 0 | f64 20 | gen 0.1s | dropped inexpr 1 oversz 0 unbuild 0 {}
  69     0     100               0      14.1304599      10.4368998      16.1276493      268.165244     0.157839404     0.134308777
  69     1      50               0      14.1304599      10.4368998      16.1276493      268.165244     0.157839404     0.134308777
          wgpu 1d 81g 179c x3w 3ms | egraph 16g->33v+0snap 6ms | graft 18 (-33n, 0 snap) cpu 0 | f64 20 | gen 0.1s
  70     0     100               0      14.1304599      10.4368998      16.1276493      268.165244     0.157839404     0.134308777
  70     1      50               0      14.1304599      10.4368998      16.1276493      268.165244     0.157839404     0.134308777
          wgpu 1d 90g 181c x3w 3ms | egraph 18g->35v+0snap 8ms | graft 19 (-47n, 0 snap) cpu 0 | f64 20 | gen 0.1s
--------- pump migration: intra (promote-2 + intake-reset) ---------
  71     0     100               0      14.1304599      10.4368998      16.1276493      268.165244     0.157839404     0.134308777
  71     1      50               0      14.1304599      10.4368998      16.1276493      268.165244     0.157839404     0.134308777
          wgpu 2d 272g 342c x3w 7ms | egraph 86g->116v+0snap 15ms | graft 54 (-213n, 0 snap) cpu 0 | f64 30 | gen 0.1s | dropped inexpr 5 oversz 0 unbuild 0 {}
  72     0     100               0      14.1304599      10.4368998      16.1276493      268.165244     0.157839404     0.134308777
  72     1      50               0      14.1304599      10.4368998      16.1276493      268.165244     0.157839404     0.134308777
          wgpu 1d 78g 174c x3w 3ms | egraph 13g->28v+0snap 2ms | graft 20 (-34n, 0 snap) cpu 0 | f64 20 | gen 0.1s | dropped inexpr 1 oversz 0 unbuild 0 {}
  73     0     100               0      14.1304599      10.4368998      16.1276493      268.165244     0.157839404     0.134308777
  73     1      50               0      14.1304599      10.4368998      16.1276493      268.165244     0.157839404     0.134308777
          wgpu 1d 80g 172c x3w 3ms | egraph 11g->26v+0snap 3ms | graft 13 (-29n, 0 snap) cpu 0 | f64 20 | gen 0.1s
  74     0     100               0      14.1304599      10.4368998      16.1276493      268.165244     0.157839404     0.134308777
  74     1      50               0      14.1304599      10.4368998      16.1276493      268.165244     0.157839404     0.134308777
          wgpu 1d 81g 177c x3w 3ms | egraph 9g->31v+0snap 3ms | graft 23 (-42n, 0 snap) cpu 0 | f64 20 | gen 0.2s | dropped inexpr 1 oversz 0 unbuild 0 {}
  75     0     100               0      14.1304599      10.4368998      16.1276493      268.165244     0.157839404     0.134308777
  75     1      50               0      14.1304599      10.4368998      16.1276493      268.165244     0.157839404     0.134308777
          wgpu 1d 82g 183c x3w 3ms | egraph 11g->37v+0snap 2ms | graft 29 (-51n, 0 snap) cpu 0 | f64 20 | gen 0.1s
  76     0     100               0      14.1304599      10.4368998      16.1276493      268.165244     0.157839404     0.134308777
  76     1      50               0      14.1304599      10.4368998      16.1276493      268.165244     0.157839404     0.134308777
          wgpu 1d 85g 187c x3w 3ms | egraph 14g->41v+0snap 3ms | graft 27 (-60n, 0 snap) cpu 0 | f64 20 | gen 0.1s | dropped inexpr 1 oversz 0 unbuild 0 {}
  77     0     100               0      14.1304599      10.4368998      16.1276493      268.165244     0.157839404     0.134308777
  77     1      50               0      14.1304599      10.4368998      16.1276493      268.165244     0.157839404     0.134308777
          wgpu 1d 88g 174c x3w 3ms | egraph 19g->28v+0snap 8ms | graft 18 (-41n, 0 snap) cpu 0 | f64 20 | gen 0.1s
  78     0     100               0      14.1304599      10.4368998      16.1276493      268.165244     0.157839404     0.134308777
  78     1      50               0      14.1304599      10.4368998      16.1276493      268.165244     0.157839404     0.134308777
          wgpu 1d 91g 188c x3w 3ms | egraph 12g->42v+0snap 3ms | graft 25 (-57n, 0 snap) cpu 0 | f64 20 | gen 0.1s
  79     0     100               0      14.1304598       10.436903      16.1276498      268.165245     0.157839404     0.134308819
  79     1      50               0      14.1304599      10.4368998      16.1276493      268.165244     0.157839404     0.134308777
          wgpu 1d 93g 174c x3w 3ms | egraph 12g->28v+0snap 4ms | graft 14 (-30n, 0 snap) cpu 0 | f64 20 | gen 0.2s
  80     0     100               0      14.1304599      10.4368998      16.1276493      268.165244     0.157839404     0.134308777
  80     1      50               0      14.1304599      10.4368998      16.1276493      268.165244     0.157839404     0.134308777
          wgpu 1d 88g 173c x3w 3ms | egraph 13g->27v+0snap 4ms | graft 24 (-44n, 0 snap) cpu 0 | f64 20 | gen 0.1s
--------- pump migration: intra (promote-2 + intake-reset) ---------
  81     0     100               0      14.1304599      10.4368998      16.1276493      268.165244     0.157839404     0.134308777
  81     1      50               0      14.1304599      10.4368998      16.1276493      268.165244     0.157839404     0.134308777
          wgpu 2d 277g 351c x3w 6ms | egraph 85g->125v+0snap 14ms | graft 66 (-177n, 0 snap) cpu 0 | f64 30 | gen 0.1s | dropped inexpr 1 oversz 0 unbuild 0 {}
  82     0     100               0      14.1304599      10.4368998      16.1276493      268.165244     0.157839404     0.134308777
  82     1      50               0      14.1304599      10.4368998      16.1276493      268.165244     0.157839404     0.134308777
          wgpu 1d 91g 181c x3w 3ms | egraph 19g->35v+0snap 4ms | graft 24 (-44n, 0 snap) cpu 0 | f64 20 | gen 0.1s
  83     0     100               0      14.1304599      10.4368998      16.1276493      268.165244     0.157839404     0.134308777
  83     1      50               0      14.1304598       10.436903      16.1276498      268.165245     0.157839404     0.134308819
          wgpu 1d 103g 181c x3w 3ms | egraph 20g->35v+0snap 5ms | graft 20 (-44n, 0 snap) cpu 0 | f64 20 | gen 0.1s | dropped inexpr 2 oversz 0 unbuild 0 {}
  84     0     100               0      14.1304599      10.4368998      16.1276493      268.165244     0.157839404     0.134308777
  84     1      50               0      14.1304598       10.436903      16.1276498      268.165245     0.157839404     0.134308819
          wgpu 1d 103g 188c x3w 3ms | egraph 23g->42v+0snap 5ms | graft 27 (-48n, 0 snap) cpu 0 | f64 20 | gen 0.1s
  85     0     100               0      14.1304599      10.4368998      16.1276493      268.165244     0.157839404     0.134308777
  85     1      50               0      14.1304598       10.436903      16.1276498      268.165245     0.157839404     0.134308819
          wgpu 1d 91g 175c x3w 3ms | egraph 19g->29v+0snap 4ms | graft 16 (-33n, 0 snap) cpu 0 | f64 20 | gen 0.1s
  86     0     100               0      14.1304599      10.4368998      16.1276493      268.165244     0.157839404     0.134308777
  86     1      50               0      14.1304598       10.436903      16.1276498      268.165245     0.157839404     0.134308819
          wgpu 1d 76g 171c x3w 3ms | egraph 10g->25v+0snap 3ms | graft 16 (-30n, 0 snap) cpu 0 | f64 20 | gen 0.1s
  87     0     100               0      14.1304599      10.4368998      16.1276493      268.165244     0.157839404     0.134308777
  87     1      50               0      14.1304598       10.436903      16.1276498      268.165245     0.157839404     0.134308819
          wgpu 1d 82g 174c x3w 3ms | egraph 12g->28v+0snap 4ms | graft 20 (-33n, 0 snap) cpu 0 | f64 20 | gen 0.2s
  88     0     100               0      14.1304599      10.4368998      16.1276493      268.165244     0.157839404     0.134308777
  88     1      50               0      14.1304598       10.436903      16.1276498      268.165245     0.157839404     0.134308819
          wgpu 1d 99g 185c x3w 3ms | egraph 16g->39v+0snap 3ms | graft 23 (-35n, 0 snap) cpu 0 | f64 20 | gen 0.2s | dropped inexpr 1 oversz 0 unbuild 0 {}
  89     0     100               0      14.1304599      10.4368998      16.1276493      268.165244     0.157839404     0.134308777
  89     1      50               0      14.1304598       10.436903      16.1276498      268.165245     0.157839404     0.134308819
          wgpu 1d 98g 185c x3w 3ms | egraph 16g->39v+0snap 3ms | graft 24 (-42n, 0 snap) cpu 0 | f64 20 | gen 0.1s
  90     0     100               0      14.1304599      10.4368998      16.1276493      268.165244     0.157839404     0.134308777
  90     1      50               0      14.1304599      10.4368998      16.1276493      268.165244     0.157839404     0.134308777
          wgpu 1d 98g 180c x3w 3ms | egraph 18g->34v+0snap 3ms | graft 28 (-47n, 0 snap) cpu 0 | f64 20 | gen 0.1s | dropped inexpr 1 oversz 0 unbuild 0 {}
--------- pump migration: intra (promote-2 + intake-reset) + cross ---------
  91     0     100               0      14.1304599      10.4368998      16.1276493      268.165244     0.157839404     0.134308777
  91     1      50               0      14.1304598       10.436903      16.1276498      268.165245     0.157839404     0.134308819
          wgpu 2d 250g 328c x3w 6ms | egraph 74g->102v+0snap 15ms | graft 56 (-125n, 0 snap) cpu 0 | f64 30 | gen 0.1s | dropped inexpr 3 oversz 0 unbuild 0 {}
  92     0     100               0      14.1304599      10.4368998      16.1276493      268.165244     0.157839404     0.134308777
  92     1      50               0      14.1304599      10.4368998      16.1276493      268.165244     0.157839404     0.134308777
          wgpu 1d 96g 183c x3w 3ms | egraph 12g->37v+0snap 2ms | graft 26 (-48n, 0 snap) cpu 0 | f64 20 | gen 0.1s
  93     0     100               0      14.1304599      10.4368998      16.1276493      268.165244     0.157839404     0.134308777
  93     1      50               0      14.1304599      10.4368998      16.1276493      268.165244     0.157839404     0.134308777
          wgpu 1d 97g 187c x3w 3ms | egraph 14g->41v+0snap 3ms | graft 25 (-51n, 0 snap) cpu 0 | f64 20 | gen 0.1s
  94     0     100               0      14.1304599      10.4368998      16.1276493      268.165244     0.157839404     0.134308777
  94     1      50               0      14.1304599      10.4368998      16.1276493      268.165244     0.157839404     0.134308777
          wgpu 1d 94g 207c x3w 3ms | egraph 24g->61v+0snap 4ms | graft 47 (-112n, 0 snap) cpu 0 | f64 20 | gen 0.1s | dropped inexpr 1 oversz 0 unbuild 0 {}
  95     0     100               0      14.1304599      10.4368998      16.1276493      268.165244     0.157839404     0.134308777
  95     1      50               0      14.1304599      10.4368998      16.1276493      268.165244     0.157839404     0.134308777
          wgpu 1d 94g 208c x3w 3ms | egraph 24g->62v+0snap 4ms | graft 46 (-92n, 0 snap) cpu 0 | f64 20 | gen 0.1s
  96     0     100               0      14.1304599      10.4368998      16.1276493      268.165244     0.157839404     0.134308777
  96     1      50               0      14.1304599      10.4368998      16.1276493      268.165244     0.157839404     0.134308777
          wgpu 1d 113g 262c x3w 3ms | egraph 28g->116v+0snap 4ms | graft 88 (-178n, 0 snap) cpu 0 | f64 20 | gen 0.1s
  97     0     100               0      14.1304599      10.4368998      16.1276493      268.165244     0.157839404     0.134308777
  97     1      50               0      14.1304599      10.4368998      16.1276493      268.165244     0.157839404     0.134308777
          wgpu 1d 124g 249c x3w 3ms | egraph 31g->103v+0snap 5ms | graft 75 (-163n, 0 snap) cpu 0 | f64 20 | gen 0.1s
  98     0     100               0      14.1304598       10.436903      16.1276498      268.165245     0.157839404     0.134308819
  98     1      50               0      14.1304599      10.4368998      16.1276493      268.165244     0.157839404     0.134308777
          wgpu 1d 89g 191c x3w 3ms | egraph 19g->45v+0snap 4ms | graft 28 (-65n, 0 snap) cpu 0 | f64 20 | gen 0.1s
  99     0     100               0      14.1304599      10.4368998      16.1276493      268.165244     0.157839404     0.134308777
  99     1      50               0      14.1304599      10.4368998      16.1276493      268.165244     0.157839404     0.134308777
          wgpu 1d 125g 195c x3w 3ms | egraph 35g->49v+0snap 6ms | graft 26 (-75n, 0 snap) cpu 0 | f64 20 | gen 0.1s | dropped inexpr 1 oversz 0 unbuild 0 {}
 100     0     100               0      14.1304599      10.4368998      16.1276493      268.165244     0.157839404     0.134308777
 100     1      50               0      14.1304599      10.4368998      16.1276493      268.165244     0.157839404     0.134308777
          wgpu 1d 91g 177c x3w 3ms | egraph 19g->31v+0snap 4ms | graft 14 (-39n, 0 snap) cpu 0 | f64 20 | gen 0.2s
--------- pump migration: intra (promote-2 + intake-reset) ---------
 101     0     100               0      14.1304599      10.4368998      16.1276493      268.165244     0.157839404     0.134308777
 101     1      50               0      14.1304599      10.4368998      16.1276493      268.165244     0.157839404     0.134308777
          wgpu 2d 317g 354c x3w 7ms | egraph 110g->128v+0snap 19ms | graft 70 (-202n, 0 snap) cpu 0 | f64 30 | gen 0.1s | dropped inexpr 3 oversz 0 unbuild 0 {}
 102     0     100               0        14.13046      10.4368997      16.1276494      268.165241     0.157839405     0.134308776
 102     1      50               0      14.1304598       10.436903      16.1276498      268.165245     0.157839404     0.134308819
          wgpu 1d 110g 182c x3w 3ms | egraph 24g->36v+0snap 4ms | graft 22 (-54n, 0 snap) cpu 0 | f64 20 | gen 0.1s
 103     0     100               0        14.13046      10.4368997      16.1276494      268.165241     0.157839405     0.134308776
 103     1      50               0      14.1304599      10.4368998      16.1276493      268.165244     0.157839404     0.134308777
          wgpu 1d 93g 179c x3w 3ms | egraph 22g->33v+0snap 4ms | graft 22 (-33n, 0 snap) cpu 0 | f64 20 | gen 0.1s
 104     0     100               0        14.13046      10.4368997      16.1276494      268.165241     0.157839405     0.134308776
 104     1      50               0      14.1304599      10.4368998      16.1276493      268.165244     0.157839404     0.134308777
          wgpu 1d 94g 174c x3w 3ms | egraph 29g->28v+0snap 4ms | graft 22 (-45n, 0 snap) cpu 0 | f64 20 | gen 0.1s
 105     0     100               0        14.13046      10.4368997      16.1276494      268.165241     0.157839405     0.134308776
 105     1      50               0      14.1304599      10.4368998      16.1276493      268.165244     0.157839404     0.134308777
          wgpu 1d 103g 184c x3w 3ms | egraph 35g->38v+0snap 5ms | graft 25 (-52n, 0 snap) cpu 0 | f64 20 | gen 0.1s
 106     0     100               0        14.13046      10.4368997      16.1276494      268.165241     0.157839405     0.134308776
 106     1      50               0      14.1304599      10.4368998      16.1276493      268.165244     0.157839404     0.134308777
          wgpu 1d 112g 181c x3w 3ms | egraph 21g->35v+0snap 4ms | graft 22 (-49n, 0 snap) cpu 0 | f64 20 | gen 0.1s
 107     0     100               0        14.13046      10.4368997      16.1276494      268.165241     0.157839405     0.134308776
 107     1      50               0      14.1304599      10.4368998      16.1276493      268.165244     0.157839404     0.134308777
          wgpu 1d 93g 176c x3w 3ms | egraph 18g->30v+0snap 3ms | graft 19 (-25n, 0 snap) cpu 0 | f64 20 | gen 0.1s
 108     0     100               0        14.13046      10.4368997      16.1276494      268.165241     0.157839405     0.134308776
 108     1      50               0      14.1304598       10.436903      16.1276498      268.165245     0.157839404     0.134308819
          wgpu 1d 99g 175c x3w 3ms | egraph 21g->29v+0snap 5ms | graft 19 (-52n, 0 snap) cpu 0 | f64 20 | gen 0.1s
 109     0     100               0        14.13046      10.4368997      16.1276494      268.165241     0.157839405     0.134308776
 109     1      50               0      14.1304599      10.4368998      16.1276493      268.165244     0.157839404     0.134308777
          wgpu 1d 99g 183c x3w 3ms | egraph 14g->37v+0snap 4ms | graft 21 (-39n, 0 snap) cpu 0 | f64 20 | gen 0.1s
 110     0     100               0        14.13046      10.4368997      16.1276494      268.165241     0.157839405     0.134308776
 110     1      50               0      14.1304599      10.4368998      16.1276493      268.165244     0.157839404     0.134308777
          wgpu 1d 118g 189c x3w 3ms | egraph 27g->43v+0snap 4ms | graft 26 (-51n, 0 snap) cpu 0 | f64 20 | gen 0.1s
--------- pump migration: intra (promote-2 + intake-reset) ---------
 111     0     100               0        14.13046      10.4368997      16.1276494      268.165241     0.157839405     0.134308776
 111     1      50               0      14.1304598       10.436903      16.1276498      268.165245     0.157839404     0.134308819
          wgpu 2d 353g 371c x3w 8ms | egraph 116g->144v+1snap 23ms | graft 67 (-188n, 0 snap) cpu 0 | f64 30 | gen 0.2s | dropped inexpr 1 oversz 0 unbuild 0 {}
 112     0     100               0        14.13046      10.4368997      16.1276494      268.165241     0.157839405     0.134308776
 112     1      50               0      14.1304598       10.436903      16.1276498      268.165245     0.157839404     0.134308819
          wgpu 1d 110g 180c x3w 3ms | egraph 25g->34v+0snap 4ms | graft 22 (-41n, 0 snap) cpu 0 | f64 20 | gen 0.1s | dropped inexpr 1 oversz 0 unbuild 0 {}
 113     0     100               0        14.13046      10.4368997      16.1276494      268.165241     0.157839405     0.134308776
 113     1      50               0      14.1304598       10.436903      16.1276498      268.165245     0.157839404     0.134308819
          wgpu 1d 102g 178c x3w 3ms | egraph 16g->32v+0snap 3ms | graft 19 (-38n, 0 snap) cpu 0 | f64 20 | gen 0.1s
 114     0     100               0        14.13046      10.4368997      16.1276494      268.165241     0.157839405     0.134308776
 114     1      50               0      14.1304598       10.436903      16.1276498      268.165245     0.157839404     0.134308819
          wgpu 1d 108g 175c x3w 3ms | egraph 19g->29v+0snap 3ms | graft 19 (-43n, 0 snap) cpu 0 | f64 20 | gen 0.1s
 115     0     100               0        14.13046      10.4368997      16.1276494      268.165241     0.157839405     0.134308776
 115     1      50               0      14.1304598       10.436903      16.1276498      268.165245     0.157839404     0.134308819
          wgpu 1d 96g 177c x3w 3ms | egraph 15g->31v+0snap 3ms | graft 22 (-47n, 0 snap) cpu 0 | f64 20 | gen 0.2s | dropped inexpr 1 oversz 0 unbuild 0 {}
 116     0     100               0        14.13046      10.4368997      16.1276494      268.165241     0.157839405     0.134308776
 116     1      50               0      14.1304598       10.436903      16.1276498      268.165245     0.157839404     0.134308819
          wgpu 1d 114g 182c x3w 3ms | egraph 21g->36v+0snap 4ms | graft 25 (-68n, 0 snap) cpu 0 | f64 20 | gen 0.1s | dropped inexpr 1 oversz 0 unbuild 0 {}
 117     0     100               0        14.13046      10.4368997      16.1276494      268.165241     0.157839405     0.134308776
 117     1      50               0      14.1304598       10.436903      16.1276498      268.165245     0.157839404     0.134308819
          wgpu 1d 100g 185c x3w 3ms | egraph 17g->39v+0snap 3ms | graft 28 (-59n, 0 snap) cpu 0 | f64 20 | gen 0.1s | dropped inexpr 1 oversz 0 unbuild 0 {}
 118     0     100               0        14.13046      10.4368997      16.1276494      268.165241     0.157839405     0.134308776
 118     1      50               0      14.1304598       10.436903      16.1276498      268.165245     0.157839404     0.134308819
          wgpu 1d 97g 181c x3w 3ms | egraph 15g->35v+0snap 3ms | graft 24 (-52n, 0 snap) cpu 0 | f64 20 | gen 0.2s
 119     0     100               0        14.13046      10.4368997      16.1276494      268.165241     0.157839405     0.134308776
 119     1      50               0      14.1304598       10.436903      16.1276498      268.165245     0.157839404     0.134308819
          wgpu 1d 100g 183c x3w 3ms | egraph 14g->37v+0snap 3ms | graft 23 (-46n, 0 snap) cpu 0 | f64 20 | gen 0.1s
 120     0     100               0        14.13046      10.4368997      16.1276494      268.165241     0.157839405     0.134308776
 120     1      50               0      14.1304598       10.436903      16.1276498      268.165245     0.157839404     0.134308819
          wgpu 1d 111g 188c x3w 3ms | egraph 20g->42v+0snap 4ms | graft 28 (-57n, 0 snap) cpu 0 | f64 20 | gen 0.1s
--------- pump migration: intra (promote-2 + intake-reset) + cross ---------
 121     0     100               0        14.13046      10.4368997      16.1276494      268.165241     0.157839405     0.134308776
 121     1      50               0      14.1304598       10.436903      16.1276498      268.165245     0.157839404     0.134308819
          wgpu 2d 280g 351c x3w 7ms | egraph 81g->125v+0snap 19ms | graft 72 (-192n, 0 snap) cpu 0 | f64 30 | gen 0.1s | dropped inexpr 2 oversz 0 unbuild 0 {}
 122     0     100               0        14.13046      10.4368997      16.1276494      268.165241     0.157839405     0.134308776
 122     1      50               0      14.1304598       10.436903      16.1276498      268.165245     0.157839404     0.134308819
          wgpu 1d 96g 192c x3w 3ms | egraph 13g->46v+0snap 3ms | graft 26 (-42n, 0 snap) cpu 0 | f64 20 | gen 0.1s
 123     0     100               0        14.13046      10.4368997      16.1276494      268.165241     0.157839405     0.134308776
 123     1      50               0      14.1304598       10.436903      16.1276498      268.165245     0.157839404     0.134308819
          wgpu 1d 97g 187c x3w 3ms | egraph 16g->41v+0snap 3ms | graft 25 (-55n, 0 snap) cpu 0 | f64 20 | gen 0.1s
 124     0     100               0        14.13046      10.4368997      16.1276494      268.165241     0.157839405     0.134308776
 124     1      50               0      14.1304598       10.436903      16.1276498      268.165245     0.157839404     0.134308819
          wgpu 1d 121g 209c x3w 3ms | egraph 25g->63v+0snap 5ms | graft 43 (-90n, 0 snap) cpu 0 | f64 20 | gen 0.1s | dropped inexpr 1 oversz 0 unbuild 0 {}
 125     0     100               0        14.13046      10.4368997      16.1276494      268.165241     0.157839405     0.134308776
 125     1      50               0      14.1304598       10.436903      16.1276498      268.165245     0.157839404     0.134308819
          wgpu 1d 101g 218c x3w 3ms | egraph 20g->72v+0snap 4ms | graft 51 (-101n, 0 snap) cpu 0 | f64 20 | gen 0.1s
 126     0     100               0        14.13046      10.4368997      16.1276494      268.165241     0.157839405     0.134308776
 126     1      50               0      14.1304598       10.436903      16.1276498      268.165245     0.157839404     0.134308819
          wgpu 1d 112g 213c x3w 3ms | egraph 17g->67v+0snap 3ms | graft 40 (-76n, 0 snap) cpu 0 | f64 20 | gen 0.2s
 127     0     100               0        14.13046      10.4368997      16.1276494      268.165241     0.157839405     0.134308776
 127     1      50               0      14.1304598       10.436903      16.1276498      268.165245     0.157839404     0.134308819
          wgpu 1d 96g 184c x3w 3ms | egraph 16g->38v+0snap 3ms | graft 21 (-43n, 0 snap) cpu 0 | f64 20 | gen 0.2s
 128     0     100               0        14.13046      10.4368997      16.1276494      268.165241     0.157839405     0.134308776
 128     1      50               0      14.1304598       10.436903      16.1276498      268.165245     0.157839404     0.134308819
          wgpu 1d 118g 188c x3w 3ms | egraph 20g->42v+0snap 4ms | graft 26 (-49n, 0 snap) cpu 0 | f64 20 | gen 0.2s
 129     0     100               0        14.13046      10.4368997      16.1276494      268.165241     0.157839405     0.134308776
 129     1      50               0        14.13046      10.4368997      16.1276494      268.165241     0.157839405     0.134308776
          wgpu 1d 96g 198c x3w 3ms | egraph 15g->52v+0snap 4ms | graft 27 (-55n, 0 snap) cpu 0 | f64 20 | gen 0.1s
 130     0     100               0        14.13046      10.4368997      16.1276494      268.165241     0.157839405     0.134308776
 130     1      50               0        14.13046      10.4368997      16.1276494      268.165241     0.157839405     0.134308776
          wgpu 1d 93g 189c x3w 3ms | egraph 9g->43v+0snap 2ms | graft 24 (-56n, 0 snap) cpu 0 | f64 20 | gen 0.1s
--------- pump migration: intra (promote-2 + intake-reset) ---------
 131     0     100               0        14.13046      10.4368997      16.1276494      268.165241     0.157839405     0.134308776
 131     1      50               0        14.13046      10.4368997      16.1276494      268.165241     0.157839405     0.134308776
          wgpu 2d 304g 342c x3w 7ms | egraph 86g->116v+0snap 17ms | graft 59 (-157n, 0 snap) cpu 0 | f64 30 | gen 0.1s | dropped inexpr 4 oversz 0 unbuild 0 {}
 132     0     100               0        14.13046      10.4368997      16.1276494      268.165241     0.157839405     0.134308776
 132     1      50               0        14.13046      10.4368997      16.1276494      268.165241     0.157839405     0.134308776
          wgpu 1d 90g 185c x3w 3ms | egraph 9g->39v+0snap 3ms | graft 27 (-54n, 0 snap) cpu 0 | f64 20 | gen 0.1s
 133     0     100               0        14.13046      10.4368997      16.1276494      268.165241     0.157839405     0.134308776
 133     1      50               0        14.13046      10.4368997      16.1276494      268.165241     0.157839405     0.134308776
          wgpu 1d 113g 184c x3w 3ms | egraph 15g->38v+0snap 3ms | graft 24 (-51n, 0 snap) cpu 0 | f64 20 | gen 0.1s
 134     0     100               0        14.13046      10.4368997      16.1276494      268.165241     0.157839405     0.134308776
 134     1      50               0        14.13046      10.4368997      16.1276494      268.165241     0.157839405     0.134308776
          wgpu 1d 112g 178c x3w 3ms | egraph 21g->32v+0snap 4ms | graft 19 (-41n, 0 snap) cpu 0 | f64 20 | gen 0.2s
 135     0     100               0        14.13046      10.4368997      16.1276494      268.165241     0.157839405     0.134308776
 135     1      50               0        14.13046      10.4368997      16.1276494      268.165241     0.157839405     0.134308776
          wgpu 1d 109g 183c x3w 2ms | egraph 21g->37v+0snap 5ms | graft 22 (-44n, 0 snap) cpu 0 | f64 20 | gen 0.2s
 136     0     100               0        14.13046      10.4368997      16.1276494      268.165241     0.157839405     0.134308776
 136     1      50               0        14.13046      10.4368997      16.1276494      268.165241     0.157839406     0.134308776
          wgpu 1d 98g 175c x3w 3ms | egraph 15g->29v+0snap 5ms | graft 21 (-59n, 0 snap) cpu 0 | f64 20 | gen 0.2s
 137     0     100               0        14.13046      10.4368997      16.1276494      268.165241     0.157839405     0.134308776
 137     1      50               0        14.13046      10.4368997      16.1276494      268.165241     0.157839405     0.134308776
          wgpu 1d 121g 185c x3w 3ms | egraph 25g->39v+0snap 5ms | graft 26 (-56n, 0 snap) cpu 0 | f64 20 | gen 0.2s
 138     0     100               0        14.13046      10.4368997      16.1276494      268.165241     0.157839405     0.134308776
 138     1      50               0        14.13046      10.4368997      16.1276494      268.165241     0.157839405     0.134308776
          wgpu 1d 105g 174c x3w 3ms | egraph 17g->28v+0snap 5ms | graft 20 (-35n, 0 snap) cpu 0 | f64 20 | gen 0.2s
 139     0     100               0        14.13046      10.4368997      16.1276494      268.165241     0.157839405     0.134308776
 139     1      50               0        14.13046      10.4368997      16.1276494      268.165241     0.157839405     0.134308776
          wgpu 1d 106g 183c x3w 3ms | egraph 16g->37v+0snap 3ms | graft 23 (-63n, 0 snap) cpu 0 | f64 20 | gen 0.1s
 140     0     100               0      14.1304598       10.436903      16.1276498      268.165245     0.157839404     0.134308819
 140     1      50               0        14.13046      10.4368997      16.1276494      268.165241     0.157839405     0.134308776
          wgpu 1d 110g 193c x3w 3ms | egraph 14g->47v+0snap 3ms | graft 31 (-65n, 0 snap) cpu 0 | f64 20 | gen 0.1s
--------- pump migration: intra (promote-2 + intake-reset) ---------
 141     0     100               0      14.1304598       10.436903      16.1276498      268.165245     0.157839404     0.134308819
 141     1      50               0        14.13046      10.4368997      16.1276494      268.165241     0.157839405     0.134308776
          wgpu 2d 354g 380c x3w 7ms | egraph 99g->154v+0snap 18ms | graft 75 (-209n, 0 snap) cpu 0 | f64 30 | gen 0.2s | dropped inexpr 1 oversz 0 unbuild 0 {}
 142     0     100               0      14.1304598       10.436903      16.1276498      268.165245     0.157839404     0.134308819
 142     1      50               0        14.13046      10.4368997      16.1276494      268.165241     0.157839405     0.134308776
          wgpu 1d 95g 179c x3w 3ms | egraph 13g->33v+0snap 3ms | graft 22 (-42n, 0 snap) cpu 0 | f64 20 | gen 0.1s
 143     0     100               0      14.1304598       10.436903      16.1276498      268.165245     0.157839404     0.134308819
 143     1      50               0        14.13046      10.4368997      16.1276494      268.165241     0.157839405     0.134308776
          wgpu 1d 112g 196c x3w 3ms | egraph 19g->50v+0snap 6ms | graft 32 (-71n, 0 snap) cpu 0 | f64 20 | gen 0.1s
 144     0     100               0      14.1304598       10.436903      16.1276498      268.165245     0.157839404     0.134308819
 144     1      50               0      14.1304598       10.436903      16.1276498      268.165245     0.157839404     0.134308819
          wgpu 1d 97g 184c x3w 3ms | egraph 11g->38v+0snap 3ms | graft 19 (-38n, 0 snap) cpu 0 | f64 20 | gen 0.2s
 145     0     100               0      14.1304598       10.436903      16.1276498      268.165245     0.157839404     0.134308819
 145     1      50               0      14.1304598       10.436903      16.1276498      268.165245     0.157839404     0.134308819
          wgpu 1d 124g 188c x3w 3ms | egraph 20g->42v+0snap 5ms | graft 30 (-61n, 0 snap) cpu 0 | f64 20 | gen 0.1s
 146     0     100               0      14.1304598       10.436903      16.1276498      268.165245     0.157839404     0.134308819
 146     1      50               0      14.1304598       10.436903      16.1276498      268.165245     0.157839404     0.134308819
          wgpu 1d 106g 189c x3w 3ms | egraph 10g->43v+0snap 3ms | graft 30 (-50n, 0 snap) cpu 0 | f64 20 | gen 0.1s
 147     0     100               0      14.1304598       10.436903      16.1276498      268.165245     0.157839404     0.134308819
 147     1      50               0      14.1304598       10.436903      16.1276498      268.165245     0.157839404     0.134308819
          wgpu 1d 90g 177c x3w 3ms | egraph 8g->31v+0snap 2ms | graft 24 (-44n, 0 snap) cpu 0 | f64 20 | gen 0.1s | dropped inexpr 1 oversz 0 unbuild 0 {}
 148     0     100               0      14.1304598       10.436903      16.1276498      268.165245     0.157839404     0.134308819
 148     1      50               0        14.13046      10.4368997      16.1276494      268.165241     0.157839405     0.134308776
          wgpu 1d 101g 190c x3w 3ms | egraph 13g->44v+0snap 3ms | graft 27 (-50n, 0 snap) cpu 0 | f64 20 | gen 0.1s
 149     0     100               0      14.1304598       10.436903      16.1276498      268.165245     0.157839404     0.134308819
 149     1      50               0        14.13046      10.4368997      16.1276494      268.165241     0.157839405     0.134308776
          wgpu 1d 96g 179c x3w 3ms | egraph 16g->33v+0snap 3ms | graft 18 (-46n, 0 snap) cpu 0 | f64 20 | gen 0.1s
 150     0     100               0      14.1304598       10.436903      16.1276498      268.165245     0.157839404     0.134308819
 150     1      50               0        14.13046      10.4368997      16.1276494      268.165241     0.157839405     0.134308776
          wgpu 1d 111g 195c x3w 3ms | egraph 16g->49v+0snap 3ms | graft 27 (-67n, 0 snap) cpu 0 | f64 20 | gen 0.1s
--------- pump migration: intra (promote-2 + intake-reset) + cross ---------
 151     0     100               0      14.1304598       10.436903      16.1276498      268.165245     0.157839404     0.134308819
 151     1      50               0        14.13046      10.4368997      16.1276494      268.165241     0.157839405     0.134308776
          wgpu 2d 318g 353c x3w 7ms | egraph 89g->127v+0snap 17ms | graft 72 (-202n, 0 snap) cpu 0 | f64 30 | gen 0.2s | dropped inexpr 7 oversz 0 unbuild 0 {}
 152     0     100               0      14.1304598       10.436903      16.1276498      268.165245     0.157839404     0.134308819
 152     1      50               0        14.13046      10.4368997      16.1276494      268.165241     0.157839405     0.134308776
          wgpu 1d 92g 178c x3w 3ms | egraph 9g->32v+0snap 2ms | graft 20 (-38n, 0 snap) cpu 0 | f64 20 | gen 0.1s
 153     0     100               0      14.1304598       10.436903      16.1276498      268.165245     0.157839404     0.134308819
 153     1      50               0      14.1304598       10.436903      16.1276498      268.165245     0.157839404     0.134308819
          wgpu 1d 101g 176c x3w 3ms | egraph 13g->30v+0snap 3ms | graft 19 (-50n, 0 snap) cpu 0 | f64 20 | gen 0.1s
 154     0     100               0      14.1304598       10.436903      16.1276498      268.165245     0.157839404     0.134308819
 154     1      50               0      14.1304598       10.436903      16.1276498      268.165245     0.157839404     0.134308819
          wgpu 1d 106g 193c x3w 3ms | egraph 13g->47v+0snap 3ms | graft 28 (-52n, 0 snap) cpu 0 | f64 20 | gen 0.2s | dropped inexpr 1 oversz 0 unbuild 0 {}
 155     0     100               0      14.1304598       10.436903      16.1276498      268.165245     0.157839404     0.134308819
 155     1      50               0        14.13046      10.4368997      16.1276494      268.165241     0.157839405     0.134308776
          wgpu 1d 94g 182c x3w 3ms | egraph 23g->36v+0snap 4ms | graft 22 (-51n, 0 snap) cpu 0 | f64 20 | gen 0.1s
 156     0     100               0      14.1304598       10.436903      16.1276498      268.165245     0.157839404     0.134308819
 156     1      50               0        14.13046      10.4368997      16.1276494      268.165241     0.157839405     0.134308776
          wgpu 1d 93g 185c x3w 3ms | egraph 9g->39v+0snap 2ms | graft 29 (-52n, 0 snap) cpu 0 | f64 20 | gen 0.1s
 157     0     100               0      14.1304598       10.436903      16.1276498      268.165245     0.157839404     0.134308819
 157     1      50               0        14.13046      10.4368997      16.1276494      268.165241     0.157839405     0.134308776
          wgpu 1d 91g 183c x3w 3ms | egraph 9g->37v+0snap 3ms | graft 23 (-56n, 0 snap) cpu 0 | f64 20 | gen 0.2s
 158     0     100               0      14.1304598       10.436903      16.1276498      268.165245     0.157839404     0.134308819
 158     1      50               0      14.1304598       10.436903      16.1276498      268.165245     0.157839404     0.134308819
          wgpu 1d 111g 189c x3w 3ms | egraph 14g->43v+0snap 3ms | graft 26 (-63n, 0 snap) cpu 0 | f64 20 | gen 0.1s | dropped inexpr 2 oversz 0 unbuild 0 {}
 159     0     100               0      14.1304598       10.436903      16.1276498      268.165245     0.157839404     0.134308819
 159     1      50               0      14.1304598       10.436903      16.1276498      268.165245     0.157839404     0.134308819
          wgpu 1d 90g 188c x3w 3ms | egraph 19g->42v+0snap 4ms | graft 25 (-53n, 0 snap) cpu 0 | f64 20 | gen 0.1s | dropped inexpr 1 oversz 0 unbuild 0 {}
 160     0     100               0      14.1304598       10.436903      16.1276498      268.165245     0.157839404     0.134308819
 160     1      50               0        14.13046      10.4368997      16.1276494      268.165241     0.157839405     0.134308776
          wgpu 1d 99g 190c x3w 3ms | egraph 19g->44v+0snap 3ms | graft 29 (-54n, 0 snap) cpu 0 | f64 20 | gen 0.1s | dropped inexpr 1 oversz 0 unbuild 0 {}
--------- pump migration: intra (promote-2 + intake-reset) ---------
 161     0     100               0      14.1304598       10.436903      16.1276498      268.165245     0.157839404     0.134308819
 161     1      50               0        14.13046      10.4368997      16.1276494      268.165241     0.157839405     0.134308776
          wgpu 2d 308g 360c x3w 7ms | egraph 90g->134v+0snap 15ms | graft 77 (-180n, 0 snap) cpu 0 | f64 30 | gen 0.1s | dropped inexpr 6 oversz 0 unbuild 0 {}
 162     0     100               0      14.1304598       10.436903      16.1276498      268.165245     0.157839404     0.134308819
 162     1      50               0        14.13046      10.4368997      16.1276494      268.165241     0.157839405     0.134308776
          wgpu 1d 102g 179c x3w 3ms | egraph 13g->33v+0snap 3ms | graft 14 (-47n, 0 snap) cpu 0 | f64 20 | gen 0.1s
 163     0     100               0        14.13046      10.4368997      16.1276494      268.165241     0.157839405     0.134308776
 163     1      50               0        14.13046      10.4368997      16.1276494      268.165241     0.157839405     0.134308776
          wgpu 1d 104g 191c x3w 3ms | egraph 17g->45v+0snap 3ms | graft 32 (-91n, 0 snap) cpu 0 | f64 20 | gen 0.2s
 164     0     100               0      14.1304598       10.436903      16.1276498      268.165245     0.157839404     0.134308819
 164     1      50               0      14.1304598       10.436903      16.1276498      268.165245     0.157839404     0.134308819
          wgpu 1d 107g 196c x3w 3ms | egraph 24g->50v+0snap 4ms | graft 27 (-75n, 0 snap) cpu 0 | f64 20 | gen 0.1s
 165     0     100               0      14.1304598       10.436903      16.1276498      268.165245     0.157839404     0.134308819
 165     1      50               0        14.13046      10.4368997      16.1276494      268.165241     0.157839405     0.134308776
          wgpu 1d 116g 189c x3w 3ms | egraph 27g->43v+0snap 6ms | graft 28 (-71n, 0 snap) cpu 0 | f64 20 | gen 0.2s | dropped inexpr 2 oversz 0 unbuild 0 {}
 166     0     100               0      14.1304598       10.436903      16.1276498      268.165245     0.157839404     0.134308819
 166     1      50               0        14.13046      10.4368997      16.1276494      268.165241     0.157839405     0.134308776
          wgpu 1d 109g 187c x3w 3ms | egraph 17g->41v+0snap 4ms | graft 18 (-47n, 0 snap) cpu 0 | f64 20 | gen 0.2s | dropped inexpr 2 oversz 0 unbuild 0 {}
 167     0     100               0      14.1304598       10.436903      16.1276498      268.165245     0.157839404     0.134308819
 167     1      50               0        14.13046      10.4368997      16.1276494      268.165241     0.157839405     0.134308776
          wgpu 1d 95g 184c x3w 3ms | egraph 13g->38v+0snap 4ms | graft 21 (-41n, 0 snap) cpu 0 | f64 20 | gen 0.1s | dropped inexpr 2 oversz 0 unbuild 0 {}
 168     0     100               0      14.1304598       10.436903      16.1276498      268.165245     0.157839404     0.134308819
 168     1      50               0        14.13046      10.4368997      16.1276494      268.165241     0.157839405     0.134308776
          wgpu 1d 101g 181c x3w 3ms | egraph 21g->35v+0snap 4ms | graft 16 (-24n, 0 snap) cpu 0 | f64 20 | gen 0.2s | dropped inexpr 2 oversz 0 unbuild 0 {}
 169     0     100               0      14.1304598       10.436903      16.1276498      268.165245     0.157839404     0.134308819
 169     1      50               0        14.13046      10.4368997      16.1276494      268.165241     0.157839405     0.134308776
          wgpu 1d 102g 181c x3w 3ms | egraph 16g->35v+0snap 4ms | graft 17 (-55n, 0 snap) cpu 0 | f64 20 | gen 0.1s
 170     0     100               0      14.1304598       10.436903      16.1276498      268.165245     0.157839404     0.134308819
 170     1      50               0        14.13046      10.4368997      16.1276494      268.165241     0.157839405     0.134308776
          wgpu 1d 99g 179c x3w 3ms | egraph 12g->33v+0snap 3ms | graft 18 (-28n, 0 snap) cpu 0 | f64 20 | gen 0.1s
--------- pump migration: intra (promote-2 + intake-reset) ---------
 171     0     100               0      14.1304598       10.436903      16.1276498      268.165245     0.157839404     0.134308819
 171     1      50               0        14.13046      10.4368997      16.1276494      268.165241     0.157839405     0.134308776
          wgpu 2d 364g 413c x3w 7ms | egraph 98g->187v+0snap 20ms | graft 77 (-251n, 0 snap) cpu 0 | f64 30 | gen 0.4s | dropped inexpr 8 oversz 0 unbuild 0 {}
 172     0     100               0      14.1304598       10.436903      16.1276498      268.165245     0.157839404     0.134308819
 172     1      50               0      14.1304598       10.436903      16.1276498      268.165245     0.157839404     0.134308819
          wgpu 1d 94g 188c x3w 3ms | egraph 11g->42v+0snap 3ms | graft 33 (-63n, 0 snap) cpu 0 | f64 20 | gen 0.2s | dropped inexpr 2 oversz 0 unbuild 0 {}
 173     0     100               0      14.1304598       10.436903      16.1276498      268.165245     0.157839404     0.134308819
 173     1      50               0        14.13046      10.4368997      16.1276494      268.165241     0.157839405     0.134308776
          wgpu 1d 115g 203c x3w 3ms | egraph 18g->57v+0snap 4ms | graft 34 (-82n, 0 snap) cpu 0 | f64 20 | gen 0.2s
 174     0     100               0      14.1304598       10.436903      16.1276498      268.165245     0.157839404     0.134308819
 174     1      50               0        14.13046      10.4368997      16.1276494      268.165241     0.157839405     0.134308776
          wgpu 1d 91g 180c x3w 3ms | egraph 10g->34v+0snap 4ms | graft 18 (-33n, 0 snap) cpu 0 | f64 20 | gen 0.3s
 175     0     100               0      14.1304598       10.436903      16.1276498      268.165245     0.157839404     0.134308819
 175     1      50               0      14.1304598       10.436903      16.1276498      268.165245     0.157839404     0.134308819
          wgpu 1d 97g 185c x3w 3ms | egraph 15g->39v+0snap 7ms | graft 25 (-44n, 0 snap) cpu 0 | f64 20 | gen 0.1s | dropped inexpr 1 oversz 0 unbuild 0 {}
 176     0     100               0      14.1304598       10.436903      16.1276498      268.165245     0.157839404     0.134308819
 176     1      50               0      14.1304598       10.436903      16.1276498      268.165245     0.157839404     0.134308819
          wgpu 1d 112g 201c x3w 3ms | egraph 17g->55v+0snap 4ms | graft 31 (-68n, 0 snap) cpu 0 | f64 20 | gen 0.1s | dropped inexpr 1 oversz 0 unbuild 0 {}
 177     0     100               0        14.13046      10.4368997      16.1276494      268.165241     0.157839405     0.134308776
 177     1      50               0      14.1304598       10.436903      16.1276498      268.165245     0.157839404     0.134308819
          wgpu 1d 109g 193c x3w 3ms | egraph 21g->47v+0snap 5ms | graft 31 (-84n, 0 snap) cpu 0 | f64 20 | gen 0.2s | dropped inexpr 4 oversz 0 unbuild 0 {}
 178     0     100               0        14.13046      10.4368997      16.1276494      268.165241     0.157839405     0.134308776
 178     1      50               0      14.1304598       10.436903      16.1276498      268.165245     0.157839404     0.134308819
          wgpu 1d 114g 192c x3w 3ms | egraph 21g->46v+0snap 5ms | graft 26 (-83n, 0 snap) cpu 0 | f64 20 | gen 0.2s | dropped inexpr 5 oversz 0 unbuild 0 {}
 179     0     100               0        14.13046      10.4368997      16.1276494      268.165241     0.157839405     0.134308776
 179     1      50               0        14.13046      10.4368997      16.1276494      268.165241     0.157839405     0.134308776
          wgpu 1d 106g 188c x3w 3ms | egraph 17g->42v+0snap 3ms | graft 26 (-60n, 0 snap) cpu 0 | f64 20 | gen 0.1s | dropped inexpr 1 oversz 0 unbuild 0 {}
 180     0     100               0        14.13046      10.4368997      16.1276494      268.165241     0.157839405     0.134308776
 180     1      50               0        14.13046      10.4368997      16.1276494      268.165241     0.157839405     0.134308776
          wgpu 1d 89g 182c x3w 3ms | egraph 11g->36v+0snap 3ms | graft 16 (-30n, 0 snap) cpu 0 | f64 20 | gen 0.1s | dropped inexpr 1 oversz 0 unbuild 0 {}
--------- pump migration: intra (promote-2 + intake-reset) + cross ---------
 181     0     100               0      14.1304598       10.436903      16.1276498      268.165245     0.157839404     0.134308819
 181     1      50               0        14.13046      10.4368997      16.1276494      268.165241     0.157839405     0.134308776
          wgpu 2d 300g 350c x3w 7ms | egraph 76g->124v+0snap 15ms | graft 56 (-131n, 0 snap) cpu 0 | f64 30 | gen 0.2s | dropped inexpr 4 oversz 0 unbuild 0 {}
 182     0     100               0      14.1304598       10.436903      16.1276498      268.165245     0.157839404     0.134308819
 182     1      50               0        14.13046      10.4368997      16.1276494      268.165241     0.157839405     0.134308776
          wgpu 1d 122g 202c x3w 3ms | egraph 25g->56v+0snap 5ms | graft 27 (-59n, 0 snap) cpu 0 | f64 20 | gen 0.1s
 183     0     100               0      14.1304598       10.436903      16.1276498      268.165245     0.157839404     0.134308819
 183     1      50               0        14.13046      10.4368997      16.1276494      268.165241     0.157839405     0.134308776
          wgpu 1d 103g 194c x3w 3ms | egraph 22g->48v+0snap 6ms | graft 27 (-65n, 0 snap) cpu 0 | f64 20 | gen 0.2s
 184     0     100               0      14.1304598       10.436903      16.1276498      268.165245     0.157839404     0.134308819
 184     1      50               0        14.13046      10.4368997      16.1276494      268.165241     0.157839405     0.134308776
          wgpu 1d 121g 201c x3w 3ms | egraph 24g->55v+0snap 5ms | graft 27 (-93n, 0 snap) cpu 0 | f64 20 | gen 0.2s | dropped inexpr 1 oversz 0 unbuild 0 {}
 185     0     100               0      14.1304598       10.436903      16.1276498      268.165245     0.157839404     0.134308819
 185     1      50               0        14.13046      10.4368997      16.1276494      268.165241     0.157839405     0.134308776
          wgpu 1d 109g 190c x3w 3ms | egraph 21g->44v+0snap 5ms | graft 30 (-62n, 0 snap) cpu 0 | f64 20 | gen 0.1s | dropped inexpr 1 oversz 0 unbuild 0 {}
 186     0     100               0      14.1304598       10.436903      16.1276498      268.165245     0.157839404     0.134308819
 186     1      50               0        14.13046      10.4368997      16.1276494      268.165241     0.157839405     0.134308776
          wgpu 1d 118g 207c x3w 3ms | egraph 20g->61v+0snap 5ms | graft 37 (-95n, 0 snap) cpu 0 | f64 20 | gen 0.2s
 187     0     100               0      14.1304598       10.436903      16.1276498      268.165245     0.157839404     0.134308819
 187     1      50               0        14.13046      10.4368997      16.1276494      268.165241     0.157839405     0.134308776
          wgpu 1d 128g 208c x3w 3ms | egraph 24g->62v+0snap 6ms | graft 31 (-113n, 0 snap) cpu 0 | f64 20 | gen 0.3s
 188     0     100               0        14.13046      10.4368997      16.1276494      268.165241     0.157839405     0.134308776
 188     1      50               0      14.1304598       10.436903      16.1276498      268.165245     0.157839404     0.134308819
          wgpu 1d 115g 202c x3w 3ms | egraph 23g->56v+0snap 6ms | graft 32 (-78n, 0 snap) cpu 0 | f64 20 | gen 0.2s
 189     0     100               0      14.1304598       10.436903      16.1276498      268.165245     0.157839404     0.134308819
 189     1      50               0        14.13046      10.4368997      16.1276494      268.165241     0.157839405     0.134308776
          wgpu 1d 105g 186c x3w 3ms | egraph 20g->40v+0snap 5ms | graft 22 (-50n, 0 snap) cpu 0 | f64 20 | gen 0.1s | dropped inexpr 1 oversz 0 unbuild 0 {}
 190     0     100               0        14.13046      10.4368997      16.1276494      268.165241     0.157839405     0.134308776
 190     1      50               0      14.1304598       10.436903      16.1276498      268.165245     0.157839404     0.134308819
          wgpu 1d 110g 187c x3w 3ms | egraph 25g->41v+0snap 6ms | graft 22 (-58n, 0 snap) cpu 0 | f64 20 | gen 0.2s
--------- pump migration: intra (promote-2 + intake-reset) ---------
 191     0     100               0        14.13046      10.4368997      16.1276494      268.165241     0.157839405     0.134308776
 191     1      50               0      14.1304598       10.436903      16.1276498      268.165245     0.157839404     0.134308819
          wgpu 2d 268g 335c x3w 7ms | egraph 78g->109v+0snap 14ms | graft 45 (-119n, 0 snap) cpu 0 | f64 30 | gen 0.1s
 192     0     100               0        14.13046      10.4368997      16.1276494      268.165241     0.157839405     0.134308776
 192     1      50               0      14.1304598       10.436903      16.1276498      268.165245     0.157839404     0.134308819
          wgpu 1d 98g 179c x3w 3ms | egraph 24g->33v+0snap 5ms | graft 21 (-44n, 0 snap) cpu 0 | f64 20 | gen 0.1s
 193     0     100               0        14.13046      10.4368997      16.1276494      268.165241     0.157839405     0.134308776
 193     1      50               0      14.1304598       10.436903      16.1276498      268.165245     0.157839404     0.134308819
          wgpu 1d 101g 188c x3w 3ms | egraph 22g->42v+0snap 4ms | graft 26 (-56n, 0 snap) cpu 0 | f64 20 | gen 0.2s | dropped inexpr 2 oversz 0 unbuild 0 {}
 194     0     100               0        14.13046      10.4368997      16.1276494      268.165241     0.157839405     0.134308776
 194     1      50               0      14.1304598       10.436903      16.1276498      268.165245     0.157839404     0.134308819
          wgpu 1d 111g 197c x3w 3ms | egraph 21g->51v+0snap 5ms | graft 34 (-79n, 0 snap) cpu 0 | f64 20 | gen 0.2s
 195     0     100               0        14.13046      10.4368997      16.1276494      268.165241     0.157839405     0.134308776
 195     1      50               0      14.1304598       10.436903      16.1276498      268.165245     0.157839404     0.134308819
          wgpu 1d 115g 192c x3w 3ms | egraph 22g->46v+0snap 5ms | graft 25 (-61n, 0 snap) cpu 0 | f64 20 | gen 0.1s
 196     0     100               0        14.13046      10.4368997      16.1276494      268.165241     0.157839405     0.134308776
 196     1      50               0      14.1304598       10.436903      16.1276498      268.165245     0.157839404     0.134308819
          wgpu 1d 95g 181c x3w 3ms | egraph 19g->35v+0snap 4ms | graft 26 (-39n, 0 snap) cpu 0 | f64 20 | gen 0.1s | dropped inexpr 1 oversz 0 unbuild 0 {}
 197     0     100               0        14.13046      10.4368997      16.1276494      268.165241     0.157839405     0.134308776
 197     1      50               0      14.1304598       10.436903      16.1276498      268.165245     0.157839404     0.134308819
          wgpu 1d 108g 189c x3w 3ms | egraph 21g->43v+0snap 6ms | graft 22 (-64n, 0 snap) cpu 0 | f64 20 | gen 0.1s | dropped inexpr 4 oversz 0 unbuild 0 {}
 198     0     100               0        14.13046      10.4368997      16.1276494      268.165241     0.157839405     0.134308776
 198     1      50               0        14.13046      10.4368997      16.1276494      268.165241     0.157839405     0.134308776
          wgpu 1d 97g 183c x3w 3ms | egraph 18g->37v+0snap 4ms | graft 18 (-30n, 0 snap) cpu 0 | f64 20 | gen 0.2s
 199     0     100               0        14.13046      10.4368997      16.1276494      268.165241     0.157839405     0.134308776
 199     1      50               0        14.13046      10.4368997      16.1276494      268.165241     0.157839405     0.134308776
          wgpu 1d 105g 192c x3w 3ms | egraph 18g->46v+0snap 5ms | graft 29 (-58n, 0 snap) cpu 0 | f64 20 | gen 0.1s
 200     0     100               0        14.13046      10.4368997      16.1276494      268.165241     0.157839405     0.134308776
 200     1      50               0        14.13046      10.4368997      16.1276494      268.165241     0.157839405     0.134308776
          wgpu 1d 109g 188c x3w 3ms | egraph 21g->42v+0snap 6ms | graft 16 (-28n, 0 snap) cpu 0 | f64 20 | gen 0.2s | dropped inexpr 1 oversz 0 unbuild 0 {}
--------- pump migration: intra (promote-2 + intake-reset) ---------
 201     0     100               0        14.13046      10.4368997      16.1276494      268.165241     0.157839405     0.134308776
 201     1      50               0        14.13046      10.4368997      16.1276494      268.165241     0.157839405     0.134308776
          wgpu 2d 320g 356c x3w 7ms | egraph 93g->130v+0snap 16ms | graft 66 (-217n, 0 snap) cpu 0 | f64 30 | gen 0.2s
 202     0     100               0        14.13046      10.4368997      16.1276494      268.165241     0.157839405     0.134308776
 202     1      50               0        14.13046      10.4368997      16.1276494      268.165241     0.157839405     0.134308776
          wgpu 1d 106g 180c x3w 3ms | egraph 16g->34v+0snap 4ms | graft 20 (-44n, 0 snap) cpu 0 | f64 20 | gen 0.1s | dropped inexpr 1 oversz 0 unbuild 0 {}
 203     0     100               0        14.13046      10.4368997      16.1276494      268.165241     0.157839405     0.134308776
 203     1      50               0        14.13046      10.4368997      16.1276494      268.165241     0.157839405     0.134308776
          wgpu 1d 122g 197c x3w 3ms | egraph 21g->51v+0snap 6ms | graft 29 (-70n, 0 snap) cpu 0 | f64 20 | gen 0.2s | dropped inexpr 1 oversz 0 unbuild 0 {}
 204     0     100               0        14.13046      10.4368997      16.1276494      268.165241     0.157839405     0.134308776
 204     1      50               0        14.13046      10.4368997      16.1276494      268.165241     0.157839405     0.134308776
          wgpu 1d 94g 174c x3w 3ms | egraph 12g->28v+0snap 3ms | graft 16 (-23n, 0 snap) cpu 0 | f64 20 | gen 0.1s
 205     0     100               0        14.13046      10.4368997      16.1276494      268.165241     0.157839405     0.134308776
 205     1      50               0        14.13046      10.4368997      16.1276494      268.165241     0.157839405     0.134308776
          wgpu 1d 102g 193c x3w 3ms | egraph 16g->47v+0snap 9ms | graft 27 (-77n, 0 snap) cpu 0 | f64 20 | gen 0.3s
 206     0     100               0        14.13046      10.4368997      16.1276494      268.165241     0.157839405     0.134308776
 206     1      50               0        14.13046      10.4368997      16.1276494      268.165241     0.157839405     0.134308776
          wgpu 1d 105g 181c x3w 3ms | egraph 20g->35v+0snap 4ms | graft 22 (-47n, 0 snap) cpu 0 | f64 20 | gen 0.1s | dropped inexpr 1 oversz 0 unbuild 0 {}
 207     0     100               0        14.13046      10.4368997      16.1276494      268.165241     0.157839405     0.134308776
 207     1      50               0        14.13046      10.4368997      16.1276494      268.165241     0.157839405     0.134308776
          wgpu 1d 121g 200c x3w 3ms | egraph 23g->54v+0snap 5ms | graft 34 (-76n, 0 snap) cpu 0 | f64 20 | gen 0.2s | dropped inexpr 2 oversz 0 unbuild 0 {}
 208     0     100               0        14.13046      10.4368997      16.1276494      268.165241     0.157839405     0.134308776
 208     1      50               0        14.13046      10.4368997      16.1276494      268.165241     0.157839405     0.134308776
          wgpu 1d 102g 194c x3w 3ms | egraph 14g->48v+0snap 3ms | graft 30 (-60n, 0 snap) cpu 0 | f64 20 | gen 0.2s | dropped inexpr 2 oversz 0 unbuild 0 {}
 209     0     100               0        14.13046      10.4368997      16.1276494      268.165241     0.157839405     0.134308776
 209     1      50               0        14.13046      10.4368997      16.1276494      268.165241     0.157839405     0.134308776
          wgpu 1d 110g 189c x3w 3ms | egraph 18g->43v+0snap 4ms | graft 25 (-57n, 0 snap) cpu 0 | f64 20 | gen 0.1s | dropped inexpr 1 oversz 0 unbuild 0 {}
 210     0     100               0        14.13046      10.4368997      16.1276494      268.165241     0.157839405     0.134308776
 210     1      50               0        14.13046      10.4368997      16.1276494      268.165241     0.157839405     0.134308776
          wgpu 1d 106g 179c x3w 3ms | egraph 13g->33v+0snap 3ms | graft 21 (-44n, 0 snap) cpu 0 | f64 20 | gen 0.1s | dropped inexpr 1 oversz 0 unbuild 0 {}
--------- pump migration: intra (promote-2 + intake-reset) + cross ---------
 211     0     100               0       29.902752      24.2148845      37.4489795      333.754976     0.334018326     0.311612796
 211     1      50               0        14.13046      10.4368997      16.1276494      268.165241     0.157839405     0.134308776
          wgpu 2d 295g 353c x3w 7ms | egraph 81g->127v+0snap 18ms | graft 55 (-151n, 0 snap) cpu 0 | f64 30 | gen 0.2s | dropped inexpr 7 oversz 0 unbuild 0 {}
 212     0     100               0       29.902752      24.2148845      37.4489795      333.754976     0.334018326     0.311612796
 212     1      50               0        14.13046      10.4368997      16.1276494      268.165241     0.157839405     0.134308776
          wgpu 1d 83g 173c x3w 3ms | egraph 17g->27v+0snap 3ms | graft 20 (-44n, 0 snap) cpu 0 | f64 20 | gen 0.1s
 213     0     100               0       29.902752      24.2148845      37.4489795      333.754976     0.334018326     0.311612796
 213     1      50               0        14.13046      10.4368997      16.1276494      268.165241     0.157839405     0.134308776
          wgpu 1d 98g 183c x3w 3ms | egraph 18g->37v+0snap 5ms | graft 18 (-65n, 0 snap) cpu 0 | f64 20 | gen 0.1s | dropped inexpr 2 oversz 0 unbuild 0 {}
 214     0     100               0       29.902752      24.2148845      37.4489795      333.754976     0.334018326     0.311612796
 214     1      50               0        14.13046      10.4368997      16.1276494      268.165241     0.157839405     0.134308776
          wgpu 1d 98g 183c x3w 3ms | egraph 22g->37v+0snap 15ms | graft 23 (-56n, 0 snap) cpu 0 | f64 20 | gen 0.2s | dropped inexpr 1 oversz 0 unbuild 0 {}
 215     0     100               0       29.902752      24.2148845      37.4489795      333.754976     0.334018326     0.311612796
 215     1      50               0        14.13046      10.4368997      16.1276494      268.165241     0.157839405     0.134308776
          wgpu 1d 91g 179c x3w 3ms | egraph 17g->33v+0snap 4ms | graft 24 (-55n, 0 snap) cpu 0 | f64 20 | gen 0.2s | dropped inexpr 1 oversz 0 unbuild 0 {}
 216     0     100               0      14.1304598       10.436903      16.1276498      268.165245     0.157839404     0.134308819
 216     1      50               0        14.13046      10.4368997      16.1276494      268.165241     0.157839405     0.134308776
          wgpu 1d 110g 194c x3w 3ms | egraph 23g->48v+0snap 6ms | graft 27 (-64n, 0 snap) cpu 0 | f64 20 | gen 0.2s | dropped inexpr 1 oversz 0 unbuild 0 {}
 217     0     100               0      14.1304598       10.436903      16.1276498      268.165245     0.157839404     0.134308819
 217     1      50               0        14.13046      10.4368997      16.1276494      268.165241     0.157839405     0.134308776
          wgpu 1d 131g 197c x3w 3ms | egraph 20g->51v+0snap 6ms | graft 22 (-72n, 0 snap) cpu 0 | f64 20 | gen 0.2s | dropped inexpr 2 oversz 0 unbuild 0 {}
 218     0     100               0      14.1304598       10.436903      16.1276498      268.165245     0.157839404     0.134308819
 218     1      50               0        14.13046      10.4368997      16.1276494      268.165241     0.157839405     0.134308776
          wgpu 1d 94g 182c x3w 3ms | egraph 20g->36v+0snap 3ms | graft 26 (-48n, 0 snap) cpu 0 | f64 20 | gen 0.1s
 219     0     100               0      14.1304598       10.436903      16.1276498      268.165245     0.157839404     0.134308819
 219     1      50               0        14.13046      10.4368997      16.1276494      268.165241     0.157839405     0.134308776
          wgpu 1d 86g 182c x3w 3ms | egraph 19g->36v+0snap 4ms | graft 19 (-45n, 0 snap) cpu 0 | f64 20 | gen 0.2s | dropped inexpr 2 oversz 0 unbuild 0 {}
 220     0     100               0        14.13046      10.4368997      16.1276494      268.165241     0.157839405     0.134308776
 220     1      50               0      14.1304598       10.436903      16.1276498      268.165245     0.157839404     0.134308819
          wgpu 1d 114g 187c x3w 3ms | egraph 27g->41v+0snap 5ms | graft 21 (-71n, 0 snap) cpu 0 | f64 20 | gen 0.2s | dropped inexpr 1 oversz 0 unbuild 0 {}
--------- pump migration: intra (promote-2 + intake-reset) ---------
 221     0     100               0        14.13046      10.4368997      16.1276494      268.165241     0.157839405     0.134308776
 221     1      50               0      14.1304598       10.436903      16.1276498      268.165245     0.157839404     0.134308819
          wgpu 2d 291g 339c x3w 7ms | egraph 91g->113v+0snap 15ms | graft 60 (-152n, 0 snap) cpu 0 | f64 30 | gen 0.2s | dropped inexpr 5 oversz 0 unbuild 0 {}
 222     0     100               0        14.13046      10.4368997      16.1276494      268.165241     0.157839405     0.134308776
 222     1      50               0        14.13046      10.4368997      16.1276494      268.165241     0.157839405     0.134308776
          wgpu 1d 103g 186c x3w 3ms | egraph 21g->40v+0snap 4ms | graft 27 (-54n, 0 snap) cpu 0 | f64 20 | gen 0.2s
 223     0     100               0        14.13046      10.4368997      16.1276494      268.165241     0.157839405     0.134308776
 223     1      50               0      14.1304598       10.436903      16.1276498      268.165245     0.157839404     0.134308819
          wgpu 1d 108g 190c x3w 3ms | egraph 14g->44v+0snap 3ms | graft 25 (-43n, 0 snap) cpu 0 | f64 20 | gen 0.2s | dropped inexpr 1 oversz 0 unbuild 0 {}
 224     0     100               0        14.13046      10.4368997      16.1276494      268.165241     0.157839405     0.134308776
 224     1      50               0      14.1304598       10.436903      16.1276498      268.165245     0.157839404     0.134308819
          wgpu 1d 112g 189c x3w 3ms | egraph 21g->43v+0snap 4ms | graft 26 (-50n, 0 snap) cpu 0 | f64 20 | gen 0.2s
 225     0     100               0        14.13046      10.4368997      16.1276494      268.165241     0.157839405     0.134308776
 225     1      50               0      14.1304598       10.436903      16.1276498      268.165245     0.157839404     0.134308819
          wgpu 1d 125g 194c x3w 3ms | egraph 25g->48v+0snap 5ms | graft 30 (-84n, 0 snap) cpu 0 | f64 20 | gen 0.2s
 226     0     100               0      14.1304598       10.436903      16.1276498      268.165245     0.157839404     0.134308819
 226     1      50               0      14.1304598       10.436903      16.1276498      268.165245     0.157839404     0.134308819
          wgpu 1d 99g 179c x3w 3ms | egraph 17g->33v+0snap 3ms | graft 18 (-42n, 0 snap) cpu 0 | f64 20 | gen 0.2s
 227     0     100               0        14.13046      10.4368997      16.1276494      268.165241     0.157839405     0.134308776
 227     1      50               0      14.1304598       10.436903      16.1276498      268.165245     0.157839404     0.134308819
          wgpu 1d 106g 188c x3w 4ms | egraph 21g->42v+0snap 4ms | graft 23 (-58n, 0 snap) cpu 0 | f64 20 | gen 0.2s
 228     0     100               0      14.1304598       10.436903      16.1276498      268.165245     0.157839404     0.134308819
 228     1      50               0      14.1304598       10.436903      16.1276498      268.165245     0.157839404     0.134308819
          wgpu 1d 94g 178c x3w 3ms | egraph 15g->32v+0snap 3ms | graft 21 (-45n, 0 snap) cpu 0 | f64 20 | gen 0.2s | dropped inexpr 1 oversz 0 unbuild 0 {}
 229     0     100               0      14.1304598       10.436903      16.1276498      268.165245     0.157839404     0.134308819
 229     1      50               0      14.1304598       10.436903      16.1276498      268.165245     0.157839404     0.134308819
          wgpu 1d 118g 193c x3w 3ms | egraph 22g->47v+0snap 5ms | graft 23 (-58n, 0 snap) cpu 0 | f64 20 | gen 0.2s | dropped inexpr 1 oversz 0 unbuild 0 {}
 230     0     100               0      14.1304598       10.436903      16.1276498      268.165245     0.157839404     0.134308819
 230     1      50               0      14.1304598       10.436903      16.1276498      268.165245     0.157839404     0.134308819
          wgpu 1d 125g 198c x3w 3ms | egraph 24g->52v+0snap 4ms | graft 29 (-76n, 0 snap) cpu 0 | f64 20 | gen 0.2s
--------- pump migration: intra (promote-2 + intake-reset) ---------
 231     0     100               0      14.1304598       10.436903      16.1276498      268.165245     0.157839404     0.134308819
 231     1      50               0        14.13046      10.4368997      16.1276494      268.165241     0.157839405     0.134308776
          wgpu 2d 322g 382c x3w 7ms | egraph 99g->156v+0snap 17ms | graft 83 (-185n, 0 snap) cpu 0 | f64 30 | gen 0.2s | dropped inexpr 3 oversz 0 unbuild 0 {}
 232     0     100               0      14.1304598       10.436903      16.1276498      268.165245     0.157839404     0.134308819
 232     1      50               0        14.13046      10.4368997      16.1276494      268.165241     0.157839405     0.134308776
          wgpu 1d 109g 187c x3w 3ms | egraph 18g->41v+0snap 3ms | graft 23 (-38n, 0 snap) cpu 0 | f64 20 | gen 0.2s
 233     0     100               0      14.1304598       10.436903      16.1276498      268.165245     0.157839404     0.134308819
 233     1      50               0      14.1304598       10.436903      16.1276498      268.165245     0.157839404     0.134308819
          wgpu 1d 104g 203c x3w 3ms | egraph 18g->57v+0snap 3ms | graft 39 (-93n, 0 snap) cpu 0 | f64 20 | gen 0.2s
 234     0     100               0      14.1304598       10.436903      16.1276498      268.165245     0.157839404     0.134308819
 234     1      50               0      14.1304598       10.436903      16.1276498      268.165245     0.157839404     0.134308819
          wgpu 1d 119g 199c x3w 3ms | egraph 18g->53v+0snap 5ms | graft 31 (-73n, 0 snap) cpu 0 | f64 20 | gen 0.2s
 235     0     100               0      14.1304598       10.436903      16.1276498      268.165245     0.157839404     0.134308819
 235     1      50               0      14.1304598       10.436903      16.1276498      268.165245     0.157839404     0.134308819
          wgpu 1d 118g 199c x3w 3ms | egraph 23g->53v+0snap 6ms | graft 29 (-67n, 0 snap) cpu 0 | f64 20 | gen 0.2s
 236     0     100               0      14.1304598       10.436903      16.1276498      268.165245     0.157839404     0.134308819
 236     1      50               0      14.1304598       10.436903      16.1276498      268.165245     0.157839404     0.134308819
          wgpu 1d 103g 183c x3w 3ms | egraph 21g->37v+0snap 5ms | graft 25 (-58n, 0 snap) cpu 0 | f64 20 | gen 0.2s
 237     0     100               0        14.13046      10.4368997      16.1276494      268.165241     0.157839405     0.134308776
 237     1      50               0      14.1304598       10.436903      16.1276498      268.165245     0.157839404     0.134308819
          wgpu 1d 129g 214c x3w 3ms | egraph 23g->68v+0snap 5ms | graft 35 (-87n, 0 snap) cpu 0 | f64 20 | gen 0.2s | dropped inexpr 1 oversz 0 unbuild 0 {}
 238     0     100               0        14.13046      10.4368997      16.1276494      268.165241     0.157839405     0.134308776
 238     1      50               0      14.1304598       10.436903      16.1276498      268.165245     0.157839404     0.134308819
          wgpu 1d 110g 186c x3w 3ms | egraph 20g->40v+0snap 4ms | graft 22 (-54n, 0 snap) cpu 0 | f64 20 | gen 0.2s
 239     0     100               0        14.13046      10.4368997      16.1276494      268.165241     0.157839405     0.134308776
 239     1      50               0      14.1304598       10.436903      16.1276498      268.165245     0.157839404     0.134308819
          wgpu 1d 107g 189c x3w 3ms | egraph 19g->43v+0snap 6ms | graft 21 (-53n, 0 snap) cpu 0 | f64 20 | gen 0.2s
 240     0     100               0        14.13046      10.4368997      16.1276494      268.165241     0.157839405     0.134308776
 240     1      50               0      14.1304598       10.436903      16.1276498      268.165245     0.157839404     0.134308819
          wgpu 1d 145g 208c x3w 3ms | egraph 27g->62v+0snap 6ms | graft 35 (-96n, 0 snap) cpu 0 | f64 20 | gen 0.2s
--------- pump migration: intra (promote-2 + intake-reset) + cross ---------
 241     0     100               0        14.13046      10.4368997      16.1276494      268.165241     0.157839405     0.134308776
 241     1      50               0        14.13046      10.4368997      16.1276494      268.165241     0.157839405     0.134308776
          wgpu 2d 318g 359c x3w 7ms | egraph 85g->133v+0snap 15ms | graft 71 (-199n, 0 snap) cpu 0 | f64 30 | gen 0.2s | dropped inexpr 4 oversz 0 unbuild 0 {}
 242     0     100               0        14.13046      10.4368997      16.1276494      268.165241     0.157839405     0.134308776
 242     1      50               0        14.13046      10.4368997      16.1276494      268.165241     0.157839405     0.134308776
          wgpu 1d 93g 187c x3w 3ms | egraph 12g->41v+0snap 3ms | graft 20 (-48n, 0 snap) cpu 0 | f64 20 | gen 0.2s | dropped inexpr 1 oversz 0 unbuild 0 {}
 243     0     100               0        14.13046      10.4368997      16.1276494      268.165241     0.157839405     0.134308776
 243     1      50               0      14.1304598       10.436903      16.1276498      268.165245     0.157839404     0.134308819
          wgpu 1d 95g 184c x3w 3ms | egraph 16g->38v+0snap 5ms | graft 20 (-38n, 0 snap) cpu 0 | f64 20 | gen 0.1s
 244     0     100               0        14.13046      10.4368997      16.1276494      268.165241     0.157839405     0.134308776
 244     1      50               0      14.1304598       10.436903      16.1276498      268.165245     0.157839404     0.134308819
          wgpu 1d 123g 187c x3w 3ms | egraph 17g->41v+0snap 5ms | graft 24 (-70n, 0 snap) cpu 0 | f64 20 | gen 0.1s
 245     0     100               0        14.13046      10.4368997      16.1276494      268.165241     0.157839405     0.134308776
 245     1      50               0      14.1304598       10.436903      16.1276498      268.165245     0.157839404     0.134308819
          wgpu 1d 111g 190c x3w 3ms | egraph 17g->44v+0snap 8ms | graft 23 (-54n, 0 snap) cpu 0 | f64 20 | gen 0.2s
 246     0     100               0        14.13046      10.4368997      16.1276494      268.165241     0.157839405     0.134308776
 246     1      50               0      14.1304599      10.4368998      16.1276493      268.165244     0.157839404     0.134308777
          wgpu 1d 109g 194c x3w 3ms | egraph 17g->48v+0snap 4ms | graft 27 (-52n, 0 snap) cpu 0 | f64 20 | gen 0.2s
 247     0     100               0        14.13046      10.4368997      16.1276494      268.165241     0.157839405     0.134308776
 247     1      50               0      14.1304599      10.4368998      16.1276493      268.165244     0.157839404     0.134308777
          wgpu 1d 85g 185c x3w 3ms | egraph 9g->39v+0snap 3ms | graft 22 (-44n, 0 snap) cpu 0 | f64 20 | gen 0.1s
 248     0     100               0        14.13046      10.4368997      16.1276494      268.165241     0.157839405     0.134308776
 248     1      50               0        14.13046      10.4368997      16.1276494      268.165241     0.157839405     0.134308776
          wgpu 1d 121g 201c x3w 3ms | egraph 17g->55v+0snap 4ms | graft 32 (-77n, 0 snap) cpu 0 | f64 20 | gen 0.1s
 249     0     100               0        14.13046      10.4368997      16.1276494      268.165241     0.157839405     0.134308776
 249     1      50               0      14.1304598       10.436903      16.1276498      268.165245     0.157839404     0.134308819
          wgpu 1d 104g 190c x3w 3ms | egraph 13g->44v+0snap 4ms | graft 30 (-58n, 0 snap) cpu 0 | f64 20 | gen 0.1s
 250     0     100               0        14.13046      10.4368997      16.1276494      268.165241     0.157839405     0.134308776
 250     1      50               0        14.13046      10.4368997      16.1276494      268.165241     0.157839405     0.134308776
          wgpu 1d 99g 185c x3w 3ms | egraph 14g->39v+0snap 4ms | graft 21 (-44n, 0 snap) cpu 0 | f64 20 | gen 0.2s | dropped inexpr 1 oversz 0 unbuild 0 {}
--------- pump migration: intra (promote-2 + intake-reset) ---------
 251     0     100               0        14.13046      10.4368997      16.1276494      268.165241     0.157839405     0.134308776
 251     1      50               0      14.1304598       10.436903      16.1276498      268.165245     0.157839404     0.134308819
          wgpu 2d 315g 376c x3w 7ms | egraph 96g->150v+0snap 24ms | graft 81 (-266n, 0 snap) cpu 0 | f64 30 | gen 0.2s | dropped inexpr 6 oversz 0 unbuild 0 {}
 252     0     100               0        14.13046      10.4368997      16.1276494      268.165241     0.157839405     0.134308776
 252     1      50               0        14.13046      10.4368997      16.1276494      268.165241     0.157839405     0.134308776
          wgpu 1d 119g 197c x3w 3ms | egraph 24g->51v+0snap 6ms | graft 37 (-97n, 0 snap) cpu 0 | f64 20 | gen 0.2s | dropped inexpr 2 oversz 0 unbuild 0 {}
 253     0     100               0        14.13046      10.4368997      16.1276494      268.165241     0.157839405     0.134308776
 253     1      50               0        14.13046      10.4368997      16.1276494      268.165241     0.157839405     0.134308776
          wgpu 1d 114g 200c x3w 3ms | egraph 17g->54v+0snap 5ms | graft 25 (-69n, 0 snap) cpu 0 | f64 20 | gen 0.2s | dropped inexpr 1 oversz 0 unbuild 0 {}
 254     0     100               0        14.13046      10.4368997      16.1276494      268.165241     0.157839405     0.134308776
 254     1      50               0      14.1304598       10.436903      16.1276498      268.165245     0.157839404     0.134308819
          wgpu 1d 134g 200c x3w 4ms | egraph 14g->54v+0snap 4ms | graft 35 (-82n, 0 snap) cpu 0 | f64 20 | gen 0.3s
 255     0     100               0        14.13046      10.4368997      16.1276494      268.165241     0.157839405     0.134308776
 255     1      50               0      14.1304598       10.436903      16.1276498      268.165245     0.157839404     0.134308819
          wgpu 1d 110g 187c x3w 3ms | egraph 14g->41v+0snap 4ms | graft 21 (-54n, 0 snap) cpu 0 | f64 20 | gen 0.1s
 256     0     100               0        14.13046      10.4368997      16.1276494      268.165241     0.157839405     0.134308776
 256     1      50               0      14.1304598       10.436903      16.1276498      268.165245     0.157839404     0.134308819
          wgpu 1d 103g 179c x3w 3ms | egraph 14g->33v+0snap 3ms | graft 21 (-45n, 0 snap) cpu 0 | f64 20 | gen 0.1s
 257     0     100               0        14.13046      10.4368997      16.1276494      268.165241     0.157839405     0.134308776
 257     1      50               0        14.13046      10.4368997      16.1276494      268.165241     0.157839405     0.134308776
          wgpu 1d 98g 185c x3w 3ms | egraph 12g->39v+0snap 4ms | graft 24 (-46n, 0 snap) cpu 0 | f64 20 | gen 0.1s
 258     0     100               0        14.13046      10.4368997      16.1276494      268.165241     0.157839405     0.134308776
 258     1      50               0      14.1304598       10.436903      16.1276498      268.165245     0.157839404     0.134308819
          wgpu 1d 97g 177c x3w 3ms | egraph 16g->31v+0snap 4ms | graft 14 (-30n, 0 snap) cpu 0 | f64 20 | gen 0.1s
 259     0     100               0        14.13046      10.4368997      16.1276494      268.165241     0.157839405     0.134308776
 259     1      50               0      14.1304598       10.436903      16.1276498      268.165245     0.157839404     0.134308819
          wgpu 1d 86g 178c x3w 3ms | egraph 8g->32v+0snap 9ms | graft 17 (-58n, 0 snap) cpu 0 | f64 20 | gen 0.5s
 260     0     100               0        14.13046      10.4368997      16.1276494      268.165241     0.157839405     0.134308776
 260     1      50               0      14.1304598       10.436903      16.1276498      268.165245     0.157839404     0.134308819
          wgpu 1d 112g 185c x3w 3ms | egraph 15g->39v+0snap 4ms | graft 23 (-44n, 0 snap) cpu 0 | f64 20 | gen 0.1s
--------- pump migration: intra (promote-2 + intake-reset) ---------
 261     0     100               0        14.13046      10.4368997      16.1276494      268.165241     0.157839405     0.134308776
 261     1      50               0        14.13046      10.4368997      16.1276494      268.165241     0.157839405     0.134308776
          wgpu 2d 324g 387c x3w 7ms | egraph 97g->161v+0snap 19ms | graft 69 (-199n, 0 snap) cpu 0 | f64 30 | gen 0.3s | dropped inexpr 2 oversz 0 unbuild 0 {}
 262     0     100               0        14.13046      10.4368997      16.1276494      268.165241     0.157839405     0.134308776
 262     1      50               0        14.13046      10.4368997      16.1276494      268.165241     0.157839405     0.134308776
          wgpu 1d 140g 225c x3w 3ms | egraph 28g->79v+0snap 5ms | graft 35 (-81n, 0 snap) cpu 0 | f64 20 | gen 0.3s
 263     0     100               0        14.13046      10.4368997      16.1276494      268.165241     0.157839405     0.134308776
 263     1      50               0        14.13046      10.4368997      16.1276494      268.165241     0.157839405     0.134308776
          wgpu 1d 109g 189c x3w 3ms | egraph 12g->43v+0snap 3ms | graft 21 (-46n, 0 snap) cpu 0 | f64 20 | gen 0.1s
 264     0     100               0        14.13046      10.4368997      16.1276494      268.165241     0.157839405     0.134308776
 264     1      50               0        14.13046      10.4368997      16.1276494      268.165241     0.157839405     0.134308776
          wgpu 1d 108g 193c x3w 3ms | egraph 13g->47v+0snap 3ms | graft 26 (-58n, 0 snap) cpu 0 | f64 20 | gen 0.1s
 265     0     100               0        14.13046      10.4368997      16.1276494      268.165241     0.157839405     0.134308776
 265     1      50               0        14.13046      10.4368997      16.1276494      268.165241     0.157839405     0.134308776
          wgpu 1d 101g 206c x3w 3ms | egraph 6g->60v+0snap 3ms | graft 38 (-81n, 0 snap) cpu 0 | f64 20 | gen 0.2s | dropped inexpr 1 oversz 0 unbuild 0 {}
 266     0     100               0        14.13046      10.4368997      16.1276494      268.165241     0.157839405     0.134308776
 266     1      50               0        14.13046      10.4368997      16.1276494      268.165241     0.157839405     0.134308776
          wgpu 1d 114g 203c x3w 3ms | egraph 12g->57v+0snap 2ms | graft 25 (-56n, 0 snap) cpu 0 | f64 20 | gen 0.2s
 267     0     100               0        14.13046      10.4368997      16.1276494      268.165241     0.157839405     0.134308776
 267     1      50               0      14.1304598       10.436903      16.1276498      268.165245     0.157839404     0.134308819
          wgpu 1d 113g 194c x3w 3ms | egraph 15g->48v+0snap 4ms | graft 30 (-95n, 0 snap) cpu 0 | f64 20 | gen 0.2s | dropped inexpr 2 oversz 0 unbuild 0 {}
 268     0     100               0        14.13046      10.4368997      16.1276494      268.165241     0.157839405     0.134308776
 268     1      50               0      14.1304598       10.436903      16.1276498      268.165245     0.157839404     0.134308819
          wgpu 1d 99g 193c x3w 3ms | egraph 12g->47v+0snap 3ms | graft 30 (-64n, 0 snap) cpu 0 | f64 20 | gen 0.2s
 269     0     100               0        14.13046      10.4368997      16.1276494      268.165241     0.157839405     0.134308776
 269     1      50               0      14.1304598       10.436903      16.1276498      268.165245     0.157839404     0.134308819
          wgpu 1d 108g 195c x3w 3ms | egraph 13g->49v+0snap 3ms | graft 25 (-53n, 0 snap) cpu 0 | f64 20 | gen 0.1s | dropped inexpr 3 oversz 0 unbuild 0 {}
 270     0     100               0        14.13046      10.4368997      16.1276494      268.165241     0.157839405     0.134308776
 270     1      50               0      14.1304598       10.436903      16.1276498      268.165245     0.157839404     0.134308819
          wgpu 1d 118g 192c x3w 3ms | egraph 15g->46v+0snap 3ms | graft 26 (-79n, 0 snap) cpu 0 | f64 20 | gen 0.2s | dropped inexpr 4 oversz 0 unbuild 0 {}
--------- pump migration: intra (promote-2 + intake-reset) + cross ---------
 271     0     100               0        14.13046      10.4368997      16.1276494      268.165241     0.157839405     0.134308776
 271     1      50               0        14.13046      10.4368997      16.1276494      268.165241     0.157839405     0.134308776
          wgpu 2d 285g 344c x3w 6ms | egraph 69g->118v+0snap 15ms | graft 64 (-150n, 0 snap) cpu 0 | f64 30 | gen 0.2s | dropped inexpr 3 oversz 0 unbuild 0 {}
 272     0     100               0        14.13046      10.4368997      16.1276494      268.165241     0.157839405     0.134308776
 272     1      50               0        14.13046      10.4368997      16.1276494      268.165241     0.157839405     0.134308776
          wgpu 1d 118g 196c x3w 3ms | egraph 10g->50v+0snap 3ms | graft 28 (-70n, 0 snap) cpu 0 | f64 20 | gen 0.2s | dropped inexpr 2 oversz 0 unbuild 0 {}
 273     0     100               0        14.13046      10.4368997      16.1276494      268.165241     0.157839405     0.134308776
 273     1      50               0        14.13046      10.4368997      16.1276494      268.165241     0.157839405     0.134308776
          wgpu 1d 98g 192c x3w 3ms | egraph 10g->46v+0snap 3ms | graft 26 (-66n, 0 snap) cpu 0 | f64 20 | gen 0.1s | dropped inexpr 2 oversz 0 unbuild 0 {}
 274     0     100               0        14.13046      10.4368997      16.1276494      268.165241     0.157839405     0.134308776
 274     1      50               0        14.13046      10.4368997      16.1276494      268.165241     0.157839405     0.134308776
          wgpu 1d 120g 199c x3w 3ms | egraph 14g->53v+0snap 3ms | graft 24 (-52n, 0 snap) cpu 0 | f64 20 | gen 0.1s
 275     0     100               0        14.13046      10.4368997      16.1276494      268.165241     0.157839405     0.134308776
 275     1      50               0        14.13046      10.4368997      16.1276494      268.165241     0.157839405     0.134308776
          wgpu 1d 95g 185c x3w 3ms | egraph 8g->39v+0snap 2ms | graft 21 (-43n, 0 snap) cpu 0 | f64 20 | gen 0.2s
 276     0     100               0        14.13046      10.4368997      16.1276494      268.165241     0.157839405     0.134308776
 276     1      50               0        14.13046      10.4368997      16.1276494      268.165241     0.157839405     0.134308776
          wgpu 1d 104g 200c x3w 3ms | egraph 11g->54v+0snap 3ms | graft 29 (-84n, 0 snap) cpu 0 | f64 20 | gen 0.2s | dropped inexpr 1 oversz 0 unbuild 0 {}
 277     0     100               0        14.13046      10.4368997      16.1276494      268.165241     0.157839405     0.134308776
 277     1      50               0        14.13046      10.4368997      16.1276494      268.165241     0.157839405     0.134308776
          wgpu 1d 93g 186c x3w 3ms | egraph 5g->40v+0snap 2ms | graft 26 (-64n, 0 snap) cpu 0 | f64 20 | gen 0.1s
 278     0     100               0        14.13046      10.4368997      16.1276494      268.165241     0.157839405     0.134308776
 278     1      50               0        14.13046      10.4368997      16.1276494      268.165241     0.157839405     0.134308776
          wgpu 1d 102g 184c x3w 3ms | egraph 9g->38v+0snap 2ms | graft 19 (-55n, 0 snap) cpu 0 | f64 20 | gen 0.1s
 279     0     100               0        14.13046      10.4368997      16.1276494      268.165241     0.157839405     0.134308776
 279     1      50               0        14.13046      10.4368997      16.1276494      268.165241     0.157839405     0.134308776
          wgpu 1d 94g 191c x3w 3ms | egraph 10g->45v+0snap 3ms | graft 29 (-68n, 0 snap) cpu 0 | f64 20 | gen 0.1s
 280     0     100               0        14.13046      10.4368997      16.1276494      268.165241     0.157839405     0.134308776
 280     1      50               0        14.13046      10.4368997      16.1276494      268.165241     0.157839405     0.134308776
          wgpu 1d 102g 192c x3w 3ms | egraph 12g->46v+0snap 3ms | graft 26 (-60n, 0 snap) cpu 0 | f64 20 | gen 0.2s
--------- pump migration: intra (promote-2 + intake-reset) ---------
 281     0     100               0        14.13046      10.4368997      16.1276494      268.165241     0.157839405     0.134308776
 281     1      50               0        14.13046      10.4368997      16.1276494      268.165241     0.157839405     0.134308776
          wgpu 2d 286g 339c x3w 7ms | egraph 80g->113v+0snap 19ms | graft 54 (-156n, 0 snap) cpu 0 | f64 30 | gen 0.1s | dropped inexpr 7 oversz 0 unbuild 0 {}
 282     0     100               0        14.13046      10.4368997      16.1276494      268.165241     0.157839405     0.134308776
 282     1      50               0        14.13046      10.4368997      16.1276494      268.165241     0.157839405     0.134308776
          wgpu 1d 105g 186c x3w 3ms | egraph 9g->40v+0snap 2ms | graft 21 (-42n, 0 snap) cpu 0 | f64 20 | gen 0.1s | dropped inexpr 2 oversz 0 unbuild 0 {}
 283     0     100               0        14.13046      10.4368997      16.1276494      268.165241     0.157839405     0.134308776
 283     1      50               0      14.1304598       10.436903      16.1276498      268.165245     0.157839404     0.134308819
          wgpu 1d 102g 192c x3w 3ms | egraph 9g->46v+0snap 3ms | graft 28 (-57n, 0 snap) cpu 0 | f64 20 | gen 0.2s | dropped inexpr 1 oversz 0 unbuild 0 {}
 284     0     100               0        14.13046      10.4368997      16.1276494      268.165241     0.157839405     0.134308776
 284     1      50               0      14.1304598       10.436903      16.1276498      268.165245     0.157839404     0.134308819
          wgpu 1d 108g 196c x3w 3ms | egraph 14g->50v+0snap 3ms | graft 26 (-56n, 0 snap) cpu 0 | f64 20 | gen 0.2s | dropped inexpr 1 oversz 0 unbuild 0 {}
 285     0     100               0      14.1304598       10.436903      16.1276498      268.165245     0.157839404     0.134308819
 285     1      50               0      14.1304598       10.436903      16.1276498      268.165245     0.157839404     0.134308819
          wgpu 1d 106g 183c x3w 3ms | egraph 19g->37v+0snap 4ms | graft 22 (-55n, 0 snap) cpu 0 | f64 20 | gen 0.1s | dropped inexpr 1 oversz 0 unbuild 0 {}
 286     0     100               0      14.1304598       10.436903      16.1276498      268.165245     0.157839404     0.134308819
 286     1      50               0      14.1304598       10.436903      16.1276498      268.165245     0.157839404     0.134308819
          wgpu 1d 106g 185c x3w 3ms | egraph 17g->39v+0snap 5ms | graft 22 (-48n, 0 snap) cpu 0 | f64 20 | gen 0.2s
 287     0     100               0      14.1304598       10.436903      16.1276498      268.165245     0.157839404     0.134308819
 287     1      50               0      14.1304598       10.436903      16.1276498      268.165245     0.157839404     0.134308819
          wgpu 1d 99g 179c x3w 3ms | egraph 16g->33v+0snap 4ms | graft 19 (-64n, 0 snap) cpu 0 | f64 20 | gen 0.1s
 288     0     100               0      14.1304598       10.436903      16.1276498      268.165245     0.157839404     0.134308819
 288     1      50               0        14.13046      10.4368997      16.1276494      268.165241     0.157839405     0.134308776
          wgpu 1d 97g 188c x3w 3ms | egraph 15g->42v+0snap 5ms | graft 23 (-57n, 0 snap) cpu 0 | f64 20 | gen 0.1s
 289     0     100               0      14.1304598       10.436903      16.1276498      268.165245     0.157839404     0.134308819
 289     1      50               0        14.13046      10.4368997      16.1276494      268.165241     0.157839405     0.134308776
          wgpu 1d 106g 191c x3w 3ms | egraph 16g->45v+0snap 8ms | graft 29 (-62n, 0 snap) cpu 0 | f64 20 | gen 0.4s | dropped inexpr 1 oversz 0 unbuild 0 {}
 290     0     100               0      14.1304598       10.436903      16.1276498      268.165245     0.157839404     0.134308819
 290     1      50               0        14.13046      10.4368997      16.1276494      268.165241     0.157839405     0.134308776
          wgpu 1d 85g 169c x3w 3ms | egraph 8g->23v+0snap 2ms | graft 18 (-32n, 0 snap) cpu 0 | f64 20 | gen 0.1s
--------- pump migration: intra (promote-2 + intake-reset) ---------
 291     0     100               0      14.1304598       10.436903      16.1276498      268.165245     0.157839404     0.134308819
 291     1      50               0        14.13046      10.4368997      16.1276494      268.165241     0.157839405     0.134308776
          wgpu 2d 298g 344c x3w 7ms | egraph 80g->118v+0snap 15ms | graft 62 (-161n, 0 snap) cpu 0 | f64 30 | gen 0.2s
 292     0     100               0      14.1304598       10.436903      16.1276498      268.165245     0.157839404     0.134308819
 292     1      50               0        14.13046      10.4368997      16.1276494      268.165241     0.157839405     0.134308776
          wgpu 1d 103g 196c x3w 3ms | egraph 13g->50v+0snap 3ms | graft 24 (-56n, 0 snap) cpu 0 | f64 20 | gen 0.1s
 293     0     100               0      14.1304598       10.436903      16.1276498      268.165245     0.157839404     0.134308819
 293     1      50               0        14.13046      10.4368997      16.1276494      268.165241     0.157839405     0.134308776
          wgpu 1d 91g 178c x3w 3ms | egraph 14g->32v+0snap 3ms | graft 22 (-30n, 0 snap) cpu 0 | f64 20 | gen 0.1s
 294     0     100               0      14.1304598       10.436903      16.1276498      268.165245     0.157839404     0.134308819
 294     1      50               0        14.13046      10.4368997      16.1276494      268.165241     0.157839405     0.134308776
          wgpu 1d 105g 184c x3w 3ms | egraph 12g->38v+0snap 4ms | graft 18 (-43n, 0 snap) cpu 0 | f64 20 | gen 0.1s | dropped inexpr 1 oversz 0 unbuild 0 {}
 295     0     100               0      14.1304598       10.436903      16.1276498      268.165245     0.157839404     0.134308819
 295     1      50               0      14.1304598       10.436903      16.1276498      268.165245     0.157839404     0.134308819
          wgpu 1d 95g 176c x3w 3ms | egraph 13g->30v+0snap 3ms | graft 22 (-33n, 0 snap) cpu 0 | f64 20 | gen 0.1s
 296     0     100               0        14.13046      10.4368997      16.1276494      268.165241     0.157839405     0.134308776
 296     1      50               0      14.1304598       10.436903      16.1276498      268.165245     0.157839404     0.134308819
          wgpu 1d 110g 198c x3w 3ms | egraph 17g->52v+0snap 5ms | graft 28 (-60n, 0 snap) cpu 0 | f64 20 | gen 0.2s
 297     0     100               0        14.13046      10.4368997      16.1276494      268.165241     0.157839405     0.134308776
 297     1      50               0        14.13046      10.4368997      16.1276494      268.165241     0.157839405     0.134308776
          wgpu 1d 101g 184c x3w 3ms | egraph 12g->38v+0snap 4ms | graft 27 (-54n, 0 snap) cpu 0 | f64 20 | gen 0.3s
 298     0     100               0        14.13046      10.4368997      16.1276494      268.165241     0.157839405     0.134308776
 298     1      50               0      14.1304598       10.436903      16.1276498      268.165245     0.157839404     0.134308819
          wgpu 1d 103g 192c x3w 3ms | egraph 8g->46v+0snap 3ms | graft 33 (-73n, 0 snap) cpu 0 | f64 20 | gen 0.2s
 299     0     100               0        14.13046      10.4368997      16.1276494      268.165241     0.157839405     0.134308776
 299     1      50               0      14.1304598       10.436903      16.1276498      268.165245     0.157839404     0.134308819
          wgpu 1d 98g 181c x3w 3ms | egraph 9g->35v+0snap 3ms | graft 23 (-48n, 0 snap) cpu 0 | f64 20 | gen 0.2s
 300     0     100               0      14.1304598       10.436903      16.1276498      268.165245     0.157839404     0.134308819
 300     1      50               0      14.1304598       10.436903      16.1276498      268.165245     0.157839404     0.134308819
          wgpu 1d 91g 177c x3w 3ms | egraph 15g->31v+0snap 4ms | graft 20 (-31n, 0 snap) cpu 0 | f64 20 | gen 0.1s
--------- pump migration: intra (promote-2 + intake-reset) + cross ---------
 301     0     100               0      14.1304598       10.436903      16.1276498      268.165245     0.157839404     0.134308819
 301     1      50               0      14.1304598       10.436903      16.1276498      268.165245     0.157839404     0.134308819
          wgpu 2d 278g 321c x3w 7ms | egraph 75g->95v+0snap 16ms | graft 43 (-115n, 0 snap) cpu 0 | f64 30 | gen 0.1s | dropped inexpr 1 oversz 0 unbuild 0 {}
 302     0     100               0      14.1304598       10.436903      16.1276498      268.165245     0.157839404     0.134308819
 302     1      50               0      14.1304598       10.436903      16.1276498      268.165245     0.157839404     0.134308819
          wgpu 1d 91g 173c x3w 3ms | egraph 18g->27v+0snap 4ms | graft 19 (-32n, 0 snap) cpu 0 | f64 20 | gen 0.2s
 303     0     100               0      14.1304598       10.436903      16.1276498      268.165245     0.157839404     0.134308819
 303     1      50               0        14.13046      10.4368997      16.1276494      268.165241     0.157839405     0.134308776
          wgpu 1d 111g 199c x3w 3ms | egraph 18g->53v+0snap 4ms | graft 35 (-74n, 0 snap) cpu 0 | f64 20 | gen 0.2s
 304     0     100               0      14.1304598       10.436903      16.1276498      268.165245     0.157839404     0.134308819
 304     1      50               0        14.13046      10.4368997      16.1276494      268.165241     0.157839405     0.134308776
          wgpu 1d 94g 178c x3w 3ms | egraph 9g->32v+0snap 3ms | graft 21 (-36n, 0 snap) cpu 0 | f64 20 | gen 0.1s
 305     0     100               0      14.1304598       10.436903      16.1276498      268.165245     0.157839404     0.134308819
 305     1      50               0      14.1304598       10.436903      16.1276498      268.165245     0.157839404     0.134308819
          wgpu 1d 119g 189c x3w 3ms | egraph 22g->43v+0snap 4ms | graft 23 (-49n, 0 snap) cpu 0 | f64 20 | gen 0.1s | dropped inexpr 1 oversz 0 unbuild 0 {}
 306     0     100               0      14.1304598       10.436903      16.1276498      268.165245     0.157839404     0.134308819
 306     1      50               0      14.1304598       10.436903      16.1276498      268.165245     0.157839404     0.134308819
          wgpu 1d 95g 176c x3w 3ms | egraph 20g->30v+0snap 3ms | graft 21 (-34n, 0 snap) cpu 0 | f64 20 | gen 0.1s
 307     0     100               0      14.1304598       10.436903      16.1276498      268.165245     0.157839404     0.134308819
 307     1      50               0      14.1304598       10.436903      16.1276498      268.165245     0.157839404     0.134308819
          wgpu 1d 101g 183c x3w 3ms | egraph 17g->37v+0snap 4ms | graft 20 (-36n, 0 snap) cpu 0 | f64 20 | gen 0.2s
 308     0     100               0      14.1304598       10.436903      16.1276498      268.165245     0.157839404     0.134308819
 308     1      50               0      14.1304598       10.436903      16.1276498      268.165245     0.157839404     0.134308819
          wgpu 1d 93g 173c x3w 3ms | egraph 20g->27v+0snap 5ms | graft 16 (-36n, 0 snap) cpu 0 | f64 20 | gen 0.1s
 309     0     100               0      14.1304598       10.436903      16.1276498      268.165245     0.157839404     0.134308819
 309     1      50               0        14.13046      10.4368997      16.1276494      268.165241     0.157839405     0.134308776
          wgpu 1d 103g 182c x3w 3ms | egraph 24g->36v+0snap 5ms | graft 27 (-56n, 0 snap) cpu 0 | f64 20 | gen 0.2s
 310     0     100               0      14.1304598       10.436903      16.1276498      268.165245     0.157839404     0.134308819
 310     1      50               0        14.13046      10.4368997      16.1276494      268.165241     0.157839405     0.134308776
          wgpu 1d 94g 178c x3w 3ms | egraph 13g->32v+0snap 3ms | graft 15 (-28n, 0 snap) cpu 0 | f64 20 | gen 0.1s
--------- pump migration: intra (promote-2 + intake-reset) ---------
 311     0     100               0      14.1304598       10.436903      16.1276498      268.165245     0.157839404     0.134308819
 311     1      50               0        14.13046      10.4368997      16.1276494      268.165241     0.157839405     0.134308776
          wgpu 2d 277g 341c x3w 7ms | egraph 77g->115v+0snap 18ms | graft 67 (-185n, 0 snap) cpu 0 | f64 30 | gen 0.1s | dropped inexpr 3 oversz 0 unbuild 0 {}
 312     0     100               0      14.1304598       10.436903      16.1276498      268.165245     0.157839404     0.134308819
 312     1      50               0        14.13046      10.4368997      16.1276494      268.165241     0.157839405     0.134308776
          wgpu 1d 87g 166c x3w 3ms | egraph 18g->20v+0snap 4ms | graft 12 (-17n, 0 snap) cpu 0 | f64 20 | gen 0.1s
 313     0     100               0      14.1304598       10.436903      16.1276498      268.165245     0.157839404     0.134308819
 313     1      50               0        14.13046      10.4368997      16.1276494      268.165241     0.157839405     0.134308776
          wgpu 1d 93g 166c x3w 3ms | egraph 11g->20v+0snap 3ms | graft 16 (-27n, 0 snap) cpu 0 | f64 20 | gen 0.2s
 314     0     100               0      14.1304598       10.436903      16.1276498      268.165245     0.157839404     0.134308819
 314     1      50               0        14.13046      10.4368997      16.1276494      268.165241     0.157839405     0.134308776
          wgpu 1d 96g 184c x3w 3ms | egraph 14g->38v+0snap 4ms | graft 23 (-40n, 0 snap) cpu 0 | f64 20 | gen 0.1s
 315     0     100               0      14.1304598       10.436903      16.1276498      268.165245     0.157839404     0.134308819
 315     1      50               0        14.13046      10.4368997      16.1276494      268.165241     0.157839405     0.134308776
          wgpu 1d 95g 180c x3w 3ms | egraph 13g->34v+0snap 4ms | graft 19 (-39n, 0 snap) cpu 0 | f64 20 | gen 0.2s
 316     0     100               0      14.1304598       10.436903      16.1276498      268.165245     0.157839404     0.134308819
 316     1      50               0      14.1304598       10.436903      16.1276498      268.165245     0.157839404     0.134308819
          wgpu 1d 95g 183c x3w 3ms | egraph 20g->37v+0snap 4ms | graft 15 (-23n, 0 snap) cpu 0 | f64 20 | gen 0.1s
 317     0     100               0      14.1304598       10.436903      16.1276498      268.165245     0.157839404     0.134308819
 317     1      50               0      14.1304598       10.436903      16.1276498      268.165245     0.157839404     0.134308819
          wgpu 1d 111g 192c x3w 3ms | egraph 20g->46v+0snap 4ms | graft 22 (-43n, 0 snap) cpu 0 | f64 20 | gen 0.2s
 318     0     100               0      14.1304598       10.436903      16.1276498      268.165245     0.157839404     0.134308819
 318     1      50               0      14.1304598       10.436903      16.1276498      268.165245     0.157839404     0.134308819
          wgpu 1d 107g 195c x3w 3ms | egraph 21g->49v+0snap 5ms | graft 21 (-39n, 0 snap) cpu 0 | f64 20 | gen 0.1s
 319     0     100               0      14.1304598       10.436903      16.1276498      268.165245     0.157839404     0.134308819
 319     1      50               0      14.1304598       10.436903      16.1276498      268.165245     0.157839404     0.134308819
          wgpu 1d 121g 202c x3w 3ms | egraph 22g->56v+0snap 4ms | graft 23 (-51n, 0 snap) cpu 0 | f64 20 | gen 0.1s
 320     0     100               0      14.1304598       10.436903      16.1276498      268.165245     0.157839404     0.134308819
 320     1      50               0      14.1304598       10.436903      16.1276498      268.165245     0.157839404     0.134308819
          wgpu 1d 117g 194c x3w 3ms | egraph 23g->48v+0snap 4ms | graft 25 (-51n, 0 snap) cpu 0 | f64 20 | gen 0.2s | dropped inexpr 1 oversz 0 unbuild 0 {}
--------- pump migration: intra (promote-2 + intake-reset) ---------
 321     0     100               0      14.1304598       10.436903      16.1276498      268.165245     0.157839404     0.134308819
 321     1      50               0      14.1304598       10.436903      16.1276498      268.165245     0.157839404     0.134308819
          wgpu 2d 299g 376c x3w 7ms | egraph 85g->150v+0snap 17ms | graft 56 (-152n, 0 snap) cpu 0 | f64 30 | gen 0.1s
 322     0     100               0      14.1304598       10.436903      16.1276498      268.165245     0.157839404     0.134308819
 322     1      50               0      14.1304598       10.436903      16.1276498      268.165245     0.157839404     0.134308819
          wgpu 1d 132g 206c x3w 3ms | egraph 28g->60v+0snap 4ms | graft 31 (-64n, 0 snap) cpu 0 | f64 20 | gen 0.1s
 323     0     100               0      14.1304598       10.436903      16.1276498      268.165245     0.157839404     0.134308819
 323     1      50               0      14.1304598       10.436903      16.1276498      268.165245     0.157839404     0.134308819
          wgpu 1d 109g 207c x3w 3ms | egraph 12g->61v+0snap 3ms | graft 24 (-50n, 0 snap) cpu 0 | f64 20 | gen 0.1s
 324     0     100               0      14.1304598       10.436903      16.1276498      268.165245     0.157839404     0.134308819
 324     1      50               0        14.13046      10.4368997      16.1276494      268.165241     0.157839405     0.134308776
          wgpu 1d 110g 186c x3w 3ms | egraph 18g->40v+0snap 4ms | graft 21 (-53n, 0 snap) cpu 0 | f64 20 | gen 0.2s
 325     0     100               0      14.1304598       10.436903      16.1276498      268.165245     0.157839404     0.134308819
 325     1      50               0        14.13046      10.4368997      16.1276494      268.165241     0.157839405     0.134308776
          wgpu 1d 105g 179c x3w 3ms | egraph 22g->33v+0snap 4ms | graft 23 (-49n, 0 snap) cpu 0 | f64 20 | gen 0.1s
 326     0     100               0      14.1304598       10.436903      16.1276498      268.165245     0.157839404     0.134308819
 326     1      50               0        14.13046      10.4368997      16.1276494      268.165241     0.157839405     0.134308776
          wgpu 1d 111g 183c x3w 3ms | egraph 13g->37v+0snap 3ms | graft 21 (-39n, 0 snap) cpu 0 | f64 20 | gen 0.1s
 327     0     100               0      14.1304598       10.436903      16.1276498      268.165245     0.157839404     0.134308819
 327     1      50               0        14.13046      10.4368997      16.1276494      268.165241     0.157839405     0.134308776
          wgpu 1d 121g 186c x3w 3ms | egraph 22g->40v+0snap 5ms | graft 22 (-71n, 0 snap) cpu 0 | f64 20 | gen 0.1s
 328     0     100               0      14.1304598       10.436903      16.1276498      268.165245     0.157839404     0.134308819
 328     1      50               0        14.13046      10.4368997      16.1276494      268.165241     0.157839405     0.134308776
          wgpu 1d 92g 175c x3w 3ms | egraph 13g->29v+0snap 3ms | graft 15 (-41n, 0 snap) cpu 0 | f64 20 | gen 0.2s
 329     0     100               0      14.1304598       10.436903      16.1276498      268.165245     0.157839404     0.134308819
 329     1      50               0        14.13046      10.4368997      16.1276494      268.165241     0.157839405     0.134308776
          wgpu 1d 117g 185c x3w 3ms | egraph 21g->39v+0snap 4ms | graft 27 (-76n, 0 snap) cpu 0 | f64 20 | gen 0.1s | dropped inexpr 1 oversz 0 unbuild 0 {}
 330     0     100               0      14.1304598       10.436903      16.1276498      268.165245     0.157839404     0.134308819
 330     1      50               0      14.1304598       10.436903      16.1276498      268.165245     0.157839404     0.134308819
          wgpu 1d 123g 193c x3w 3ms | egraph 22g->47v+0snap 4ms | graft 24 (-67n, 0 snap) cpu 0 | f64 20 | gen 0.1s
--------- pump migration: intra (promote-2 + intake-reset) + cross ---------
 331     0     100               0      14.1304598       10.436903      16.1276498      268.165245     0.157839404     0.134308819
 331     1      50               0        14.13046      10.4368997      16.1276494      268.165241     0.157839405     0.134308776
          wgpu 2d 342g 365c x3w 7ms | egraph 99g->139v+0snap 16ms | graft 60 (-152n, 0 snap) cpu 0 | f64 30 | gen 0.2s | dropped inexpr 1 oversz 0 unbuild 0 {}
 332     0     100               0      14.1304598       10.436903      16.1276498      268.165245     0.157839404     0.134308819
 332     1      50               0      14.1304598       10.436903      16.1276498      268.165245     0.157839404     0.134308819
          wgpu 1d 119g 180c x3w 3ms | egraph 20g->34v+0snap 5ms | graft 18 (-35n, 0 snap) cpu 0 | f64 20 | gen 0.2s
 333     0     100               0      14.1304598       10.436903      16.1276498      268.165245     0.157839404     0.134308819
 333     1      50               0      14.1304598       10.436903      16.1276498      268.165245     0.157839404     0.134308819
          wgpu 1d 129g 210c x3w 4ms | egraph 28g->64v+0snap 9ms | graft 30 (-139n, 0 snap) cpu 0 | f64 20 | gen 0.6s | dropped inexpr 10 oversz 0 unbuild 0 {}
 334     0     100               0      14.1304598       10.436903      16.1276498      268.165245     0.157839404     0.134308819
 334     1      50               0      14.1304598       10.436903      16.1276498      268.165245     0.157839404     0.134308819
          wgpu 1d 136g 223c x3w 4ms | egraph 27g->77v+0snap 8ms | graft 37 (-120n, 0 snap) cpu 0 | f64 20 | gen 0.2s | dropped inexpr 1 oversz 0 unbuild 0 {}
 335     0     100               0      14.1304598       10.436903      16.1276498      268.165245     0.157839404     0.134308819
 335     1      50               0      14.1304598       10.436903      16.1276498      268.165245     0.157839404     0.134308819
          wgpu 1d 104g 183c x3w 3ms | egraph 9g->37v+0snap 6ms | graft 21 (-66n, 0 snap) cpu 0 | f64 20 | gen 0.2s
 336     0     100               0      14.1304598       10.436903      16.1276498      268.165245     0.157839404     0.134308819
 336     1      50               0      14.1304598       10.436903      16.1276498      268.165245     0.157839404     0.134308819
          wgpu 1d 121g 186c x3w 3ms | egraph 22g->40v+0snap 5ms | graft 18 (-43n, 0 snap) cpu 0 | f64 20 | gen 0.2s
 337     0     100               0      14.1304598       10.436903      16.1276498      268.165245     0.157839404     0.134308819
 337     1      50               0      14.1304598       10.436903      16.1276498      268.165245     0.157839404     0.134308819
          wgpu 1d 129g 209c x3w 3ms | egraph 24g->63v+0snap 5ms | graft 32 (-103n, 0 snap) cpu 0 | f64 20 | gen 0.2s | dropped inexpr 1 oversz 0 unbuild 0 {}
 338     0     100               0      14.1304598       10.436903      16.1276498      268.165245     0.157839404     0.134308819
 338     1      50               0      14.1304598       10.436903      16.1276498      268.165245     0.157839404     0.134308819
          wgpu 1d 108g 195c x3w 3ms | egraph 17g->49v+0snap 3ms | graft 25 (-67n, 0 snap) cpu 0 | f64 20 | gen 0.1s
 339     0     100               0      14.1304598       10.436903      16.1276498      268.165245     0.157839404     0.134308819
 339     1      50               0        14.13046      10.4368997      16.1276494      268.165241     0.157839405     0.134308776
          wgpu 1d 100g 195c x3w 3ms | egraph 15g->49v+0snap 4ms | graft 23 (-49n, 0 snap) cpu 0 | f64 20 | gen 0.2s
 340     0     100               0      14.1304598       10.436903      16.1276498      268.165245     0.157839404     0.134308819
 340     1      50               0        14.13046      10.4368997      16.1276494      268.165241     0.157839405     0.134308776
          wgpu 1d 97g 185c x3w 3ms | egraph 19g->39v+0snap 4ms | graft 23 (-52n, 0 snap) cpu 0 | f64 20 | gen 0.2s
--------- pump migration: intra (promote-2 + intake-reset) ---------
 341     0     100               0      14.1304598       10.436903      16.1276498      268.165245     0.157839404     0.134308819
 341     1      50               0      14.1304598       10.436903      16.1276498      268.165245     0.157839404     0.134308819
          wgpu 2d 291g 381c x3w 7ms | egraph 71g->155v+0snap 13ms | graft 69 (-186n, 0 snap) cpu 0 | f64 30 | gen 0.2s | dropped inexpr 4 oversz 0 unbuild 0 {}
 342     0     100               0      14.1304598       10.436903      16.1276498      268.165245     0.157839404     0.134308819
 342     1      50               0      14.1304598       10.436903      16.1276498      268.165245     0.157839404     0.134308819
          wgpu 1d 108g 195c x3w 3ms | egraph 14g->49v+0snap 2ms | graft 30 (-61n, 0 snap) cpu 0 | f64 20 | gen 0.2s
 343     0     100               0      14.1304598       10.436903      16.1276498      268.165245     0.157839404     0.134308819
 343     1      50               0      14.1304598       10.436903      16.1276498      268.165245     0.157839404     0.134308819
          wgpu 1d 100g 187c x3w 3ms | egraph 13g->41v+0snap 6ms | graft 22 (-56n, 0 snap) cpu 0 | f64 20 | gen 0.2s
 344     0     100               0      14.1304598       10.436903      16.1276498      268.165245     0.157839404     0.134308819
 344     1      50               0      14.1304598       10.436903      16.1276498      268.165245     0.157839404     0.134308819
          wgpu 1d 108g 190c x3w 3ms | egraph 11g->44v+0snap 6ms | graft 27 (-60n, 0 snap) cpu 0 | f64 20 | gen 0.1s
 345     0     100               0      14.1304598       10.436903      16.1276498      268.165245     0.157839404     0.134308819
 345     1      50               0      14.1304598       10.436903      16.1276498      268.165245     0.157839404     0.134308819
          wgpu 1d 132g 202c x3w 3ms | egraph 12g->56v+0snap 5ms | graft 29 (-111n, 0 snap) cpu 0 | f64 20 | gen 0.2s
 346     0     100               0      14.1304598       10.436903      16.1276498      268.165245     0.157839404     0.134308819
 346     1      50               0      14.1304598       10.436903      16.1276498      268.165245     0.157839404     0.134308819
          wgpu 1d 120g 194c x3w 3ms | egraph 14g->48v+0snap 6ms | graft 26 (-65n, 0 snap) cpu 0 | f64 20 | gen 0.2s
 347     0     100               0      14.1304598       10.436903      16.1276498      268.165245     0.157839404     0.134308819
 347     1      50               0      14.1304598       10.436903      16.1276498      268.165245     0.157839404     0.134308819
          wgpu 1d 121g 188c x3w 3ms | egraph 18g->42v+0snap 4ms | graft 26 (-52n, 0 snap) cpu 0 | f64 20 | gen 0.2s
 348     0     100               0      14.1304598       10.436903      16.1276498      268.165245     0.157839404     0.134308819
 348     1      50               0      14.1304598       10.436903      16.1276498      268.165245     0.157839404     0.134308819
          wgpu 1d 130g 203c x3w 3ms | egraph 22g->57v+0snap 5ms | graft 32 (-85n, 0 snap) cpu 0 | f64 20 | gen 0.2s | dropped inexpr 1 oversz 0 unbuild 0 {}
 349     0     100               0      14.1304598       10.436903      16.1276498      268.165245     0.157839404     0.134308819
 349     1      50               0      14.1304598       10.436903      16.1276498      268.165245     0.157839404     0.134308819
          wgpu 1d 127g 182c x3w 3ms | egraph 17g->36v+0snap 5ms | graft 21 (-42n, 0 snap) cpu 0 | f64 20 | gen 0.3s
 350     0     100               0      14.1304598       10.436903      16.1276498      268.165245     0.157839404     0.134308819
 350     1      50               0      14.1304598       10.436903      16.1276498      268.165245     0.157839404     0.134308819
          wgpu 1d 109g 182c x3w 3ms | egraph 10g->36v+0snap 3ms | graft 17 (-39n, 0 snap) cpu 0 | f64 20 | gen 0.1s
--------- pump migration: intra (promote-2 + intake-reset) ---------
 351     0     100               0      14.1304598       10.436903      16.1276498      268.165245     0.157839404     0.134308819
 351     1      50               0      14.1304598       10.436903      16.1276498      268.165245     0.157839404     0.134308819
          wgpu 2d 354g 388c x3w 7ms | egraph 108g->162v+0snap 21ms | graft 57 (-180n, 0 snap) cpu 0 | f64 30 | gen 0.2s | dropped inexpr 1 oversz 0 unbuild 0 {}
 352     0     100               0      14.1304598       10.436903      16.1276498      268.165245     0.157839404     0.134308819
 352     1      50               0      14.1304598       10.436903      16.1276498      268.165245     0.157839404     0.134308819
          wgpu 1d 113g 187c x3w 3ms | egraph 13g->41v+0snap 5ms | graft 29 (-68n, 0 snap) cpu 0 | f64 20 | gen 0.2s
 353     0     100               0      14.1304598       10.436903      16.1276498      268.165245     0.157839404     0.134308819
 353     1      50               0      14.1304598       10.436903      16.1276498      268.165245     0.157839404     0.134308819
          wgpu 1d 99g 175c x3w 3ms | egraph 11g->29v+0snap 3ms | graft 18 (-34n, 0 snap) cpu 0 | f64 20 | gen 0.1s | dropped inexpr 1 oversz 0 unbuild 0 {}
 354     0     100               0      14.1304598       10.436903      16.1276498      268.165245     0.157839404     0.134308819
 354     1      50               0      14.1304598       10.436903      16.1276498      268.165245     0.157839404     0.134308819
          wgpu 1d 131g 201c x3w 3ms | egraph 21g->55v+0snap 11ms | graft 38 (-120n, 0 snap) cpu 0 | f64 20 | gen 0.4s | dropped inexpr 2 oversz 0 unbuild 0 {}
 355     0     100               0      14.1304598       10.436903      16.1276498      268.165245     0.157839404     0.134308819
 355     1      50               0        14.13046      10.4368997      16.1276494      268.165241     0.157839405     0.134308776
          wgpu 1d 145g 208c x3w 3ms | egraph 23g->62v+0snap 5ms | graft 34 (-96n, 0 snap) cpu 0 | f64 20 | gen 0.2s | dropped inexpr 1 oversz 0 unbuild 0 {}
 356     0     100               0      14.1304598       10.436903      16.1276498      268.165245     0.157839404     0.134308819
 356     1      50               0        14.13046      10.4368997      16.1276494      268.165241     0.157839405     0.134308776
          wgpu 1d 112g 202c x3w 3ms | egraph 18g->56v+0snap 4ms | graft 36 (-75n, 0 snap) cpu 0 | f64 20 | gen 0.2s
 357     0     100               0      14.1304598       10.436903      16.1276498      268.165245     0.157839404     0.134308819
 357     1      50               0      14.1304598       10.436903      16.1276498      268.165245     0.157839404     0.134308819
          wgpu 1d 124g 207c x3w 3ms | egraph 23g->61v+0snap 5ms | graft 35 (-96n, 0 snap) cpu 0 | f64 20 | gen 0.2s
 358     0     100               0      14.1304598       10.436903      16.1276498      268.165245     0.157839404     0.134308819
 358     1      50               0      14.1304598       10.436903      16.1276498      268.165245     0.157839404     0.134308819
          wgpu 1d 110g 189c x3w 3ms | egraph 17g->43v+0snap 4ms | graft 25 (-59n, 0 snap) cpu 0 | f64 20 | gen 0.2s
 359     0     100               0      14.1304598       10.436903      16.1276498      268.165245     0.157839404     0.134308819
 359     1      50               0        14.13046      10.4368997      16.1276494      268.165241     0.157839405     0.134308776
          wgpu 1d 116g 194c x3w 3ms | egraph 16g->48v+0snap 4ms | graft 28 (-73n, 0 snap) cpu 0 | f64 20 | gen 0.2s
 360     0     100               0      14.1304598       10.436903      16.1276498      268.165245     0.157839404     0.134308819
 360     1      50               0      14.1304598       10.436903      16.1276498      268.165245     0.157839404     0.134308819
          wgpu 1d 128g 199c x3w 3ms | egraph 21g->53v+0snap 4ms | graft 23 (-59n, 0 snap) cpu 0 | f64 20 | gen 0.1s
--------- pump migration: intra (promote-2 + intake-reset) + cross ---------
 361     0     100               0      14.1304598       10.436903      16.1276498      268.165245     0.157839404     0.134308819
 361     1      50               0      14.1304598       10.436903      16.1276498      268.165245     0.157839404     0.134308819
          wgpu 2d 323g 381c x3w 7ms | egraph 89g->155v+0snap 18ms | graft 64 (-165n, 0 snap) cpu 0 | f64 30 | gen 0.2s | dropped inexpr 5 oversz 0 unbuild 0 {}
 362     0     100               0      14.1304598       10.436903      16.1276498      268.165245     0.157839404     0.134308819
 362     1      50               0        14.13046      10.4368997      16.1276494      268.165241     0.157839405     0.134308776
          wgpu 1d 104g 186c x3w 3ms | egraph 10g->40v+0snap 4ms | graft 28 (-54n, 0 snap) cpu 0 | f64 20 | gen 0.1s | dropped inexpr 2 oversz 0 unbuild 0 {}
 363     0     100               0      14.1304598       10.436903      16.1276498      268.165245     0.157839404     0.134308819
 363     1      50               0      14.1304598       10.436903      16.1276498      268.165245     0.157839404     0.134308819
          wgpu 1d 111g 191c x3w 3ms | egraph 18g->45v+0snap 4ms | graft 28 (-67n, 0 snap) cpu 0 | f64 20 | gen 0.2s
 364     0     100               0      14.1304598       10.436903      16.1276498      268.165245     0.157839404     0.134308819
 364     1      50               0      14.1304598       10.436903      16.1276498      268.165245     0.157839404     0.134308819
          wgpu 1d 98g 188c x3w 3ms | egraph 14g->42v+0snap 3ms | graft 21 (-41n, 0 snap) cpu 0 | f64 20 | gen 0.2s
 365     0     100               0      14.1304598       10.436903      16.1276498      268.165245     0.157839404     0.134308819
 365     1      50               0      14.1304598       10.436903      16.1276498      268.165245     0.157839404     0.134308819
          wgpu 1d 112g 178c x3w 3ms | egraph 17g->32v+0snap 5ms | graft 20 (-40n, 0 snap) cpu 0 | f64 20 | gen 0.1s
 366     0     100               0      14.1304598       10.436903      16.1276498      268.165245     0.157839404     0.134308819
 366     1      50               0      14.1304598       10.436903      16.1276498      268.165245     0.157839404     0.134308819
          wgpu 1d 113g 197c x3w 3ms | egraph 14g->51v+0snap 5ms | graft 29 (-68n, 0 snap) cpu 0 | f64 20 | gen 0.1s
 367     0     100               0      14.1304598       10.436903      16.1276498      268.165245     0.157839404     0.134308819
 367     1      50               0      14.1304598       10.436903      16.1276498      268.165245     0.157839404     0.134308819
          wgpu 1d 118g 187c x3w 3ms | egraph 16g->41v+0snap 3ms | graft 30 (-56n, 0 snap) cpu 0 | f64 20 | gen 0.2s
 368     0     100               0      14.1304598       10.436903      16.1276498      268.165245     0.157839404     0.134308819
 368     1      50               0        14.13046      10.4368997      16.1276494      268.165241     0.157839405     0.134308776
          wgpu 1d 128g 188c x3w 3ms | egraph 18g->42v+0snap 3ms | graft 27 (-61n, 0 snap) cpu 0 | f64 20 | gen 0.2s
 369     0     100               0      14.1304598       10.436903      16.1276498      268.165245     0.157839404     0.134308819
 369     1      50               0        14.13046      10.4368997      16.1276494      268.165241     0.157839405     0.134308776
          wgpu 1d 95g 188c x3w 3ms | egraph 10g->42v+0snap 3ms | graft 24 (-52n, 0 snap) cpu 0 | f64 20 | gen 0.1s
 370     0     100               0      14.1304598       10.436903      16.1276498      268.165245     0.157839404     0.134308819
 370     1      50               0        14.13046      10.4368997      16.1276494      268.165241     0.157839405     0.134308776
          wgpu 1d 116g 189c x3w 3ms | egraph 17g->43v+0snap 6ms | graft 26 (-65n, 0 snap) cpu 0 | f64 20 | gen 0.2s
--------- pump migration: intra (promote-2 + intake-reset) ---------
 371     0     100               0      14.1304598       10.436903      16.1276498      268.165245     0.157839404     0.134308819
 371     1      50               0      14.1304598       10.436903      16.1276498      268.165245     0.157839404     0.134308819
          wgpu 2d 333g 385c x3w 7ms | egraph 91g->159v+0snap 24ms | graft 63 (-166n, 0 snap) cpu 0 | f64 30 | gen 0.4s | dropped inexpr 4 oversz 0 unbuild 0 {}
 372     0     100               0      14.1304598       10.436903      16.1276498      268.165245     0.157839404     0.134308819
 372     1      50               0      14.1304598       10.436903      16.1276498      268.165245     0.157839404     0.134308819
          wgpu 1d 129g 218c x3w 3ms | egraph 19g->72v+0snap 4ms | graft 49 (-116n, 0 snap) cpu 0 | f64 20 | gen 0.2s
 373     0     100               0      14.1304598       10.436903      16.1276498      268.165245     0.157839404     0.134308819
 373     1      50               0      14.1304598       10.436903      16.1276498      268.165245     0.157839404     0.134308819
          wgpu 1d 124g 196c x3w 3ms | egraph 29g->50v+0snap 7ms | graft 29 (-70n, 0 snap) cpu 0 | f64 20 | gen 0.2s | dropped inexpr 2 oversz 0 unbuild 0 {}
 374     0     100               0      14.1304598       10.436903      16.1276498      268.165245     0.157839404     0.134308819
 374     1      50               0      14.1304598       10.436903      16.1276498      268.165245     0.157839404     0.134308819
          wgpu 1d 152g 209c x3w 3ms | egraph 23g->63v+0snap 8ms | graft 30 (-72n, 0 snap) cpu 0 | f64 20 | gen 0.2s | dropped inexpr 5 oversz 0 unbuild 0 {}
 375     0     100               0      14.1304598       10.436903      16.1276498      268.165245     0.157839404     0.134308819
 375     1      50               0        14.13046      10.4368997      16.1276494      268.165241     0.157839405     0.134308776
          wgpu 1d 116g 201c x3w 3ms | egraph 17g->55v+0snap 5ms | graft 24 (-73n, 0 snap) cpu 0 | f64 20 | gen 0.1s | dropped inexpr 3 oversz 0 unbuild 0 {}
 376     0     100               0      14.1304598       10.436903      16.1276498      268.165245     0.157839404     0.134308819
 376     1      50               0      14.1304598       10.436903      16.1276498      268.165245     0.157839404     0.134308819
          wgpu 1d 101g 176c x3w 3ms | egraph 13g->30v+0snap 2ms | graft 17 (-32n, 0 snap) cpu 0 | f64 20 | gen 0.1s | dropped inexpr 1 oversz 0 unbuild 0 {}
 377     0     100               0      14.1304598       10.436903      16.1276498      268.165245     0.157839404     0.134308819
 377     1      50               0      14.1304598       10.436903      16.1276498      268.165245     0.157839404     0.134308819
          wgpu 1d 119g 185c x3w 3ms | egraph 18g->39v+0snap 4ms | graft 25 (-46n, 0 snap) cpu 0 | f64 20 | gen 0.2s
 378     0     100               0      14.1304598       10.436903      16.1276498      268.165245     0.157839404     0.134308819
 378     1      50               0      14.1304598       10.436903      16.1276498      268.165245     0.157839404     0.134308819
          wgpu 1d 97g 179c x3w 3ms | egraph 12g->33v+0snap 4ms | graft 20 (-45n, 0 snap) cpu 0 | f64 20 | gen 0.1s | dropped inexpr 1 oversz 0 unbuild 0 {}
 379     0     100               0      14.1304598       10.436903      16.1276498      268.165245     0.157839404     0.134308819
 379     1      50               0      14.1304598       10.436903      16.1276498      268.165245     0.157839404     0.134308819
          wgpu 1d 107g 189c x3w 3ms | egraph 12g->43v+0snap 3ms | graft 25 (-59n, 0 snap) cpu 0 | f64 20 | gen 0.1s | dropped inexpr 1 oversz 0 unbuild 0 {}
 380     0     100               0      14.1304598       10.436903      16.1276498      268.165245     0.157839404     0.134308819
 380     1      50               0        14.13046      10.4368997      16.1276494      268.165241     0.157839405     0.134308776
          wgpu 1d 121g 191c x3w 3ms | egraph 27g->45v+0snap 5ms | graft 29 (-68n, 0 snap) cpu 0 | f64 20 | gen 0.2s | dropped inexpr 2 oversz 0 unbuild 0 {}
--------- pump migration: intra (promote-2 + intake-reset) ---------
 381     0     100               0      14.1304598       10.436903      16.1276498      268.165245     0.157839404     0.134308819
 381     1      50               0      14.1304598       10.436903      16.1276498      268.165245     0.157839404     0.134308819
          wgpu 2d 293g 337c x3w 7ms | egraph 78g->111v+0snap 13ms | graft 52 (-151n, 0 snap) cpu 0 | f64 30 | gen 0.1s | dropped inexpr 5 oversz 0 unbuild 0 {}
 382     0     100               0      14.1304598       10.436903      16.1276498      268.165245     0.157839404     0.134308819
 382     1      50               0      14.1304598       10.436903      16.1276498      268.165245     0.157839404     0.134308819
          wgpu 1d 141g 196c x3w 3ms | egraph 27g->50v+0snap 8ms | graft 22 (-77n, 0 snap) cpu 0 | f64 20 | gen 0.1s | dropped inexpr 1 oversz 0 unbuild 0 {}
 383     0     100               0      32.5932851      26.6747571      35.5350711      316.330688     0.364071994     0.343268028
 383     1      50               0      14.1304598       10.436903      16.1276498      268.165245     0.157839404     0.134308819
          wgpu 1d 128g 192c x3w 3ms | egraph 21g->46v+0snap 5ms | graft 26 (-66n, 0 snap) cpu 0 | f64 20 | gen 0.1s | dropped inexpr 1 oversz 0 unbuild 0 {}
 384     0     100               0      11.4115686      7.87836935      9.23445057      267.303211     0.127468971     0.101383952
 384     1      50               0        14.13046      10.4368997      16.1276494      268.165241     0.157839405     0.134308776
          wgpu 1d 155g 224c x3w 4ms | egraph 25g->78v+0snap 8ms | graft 38 (-93n, 0 snap) cpu 0 | f64 20 | gen 0.3s
 385     0     100               0      11.4115686      7.87836935      9.23445057      267.303211     0.127468971     0.101383952
 385     1      50               0      14.1304598       10.436903      16.1276498      268.165245     0.157839404     0.134308819
          wgpu 1d 177g 222c x3w 4ms | egraph 27g->76v+0snap 7ms | graft 31 (-114n, 0 snap) cpu 0 | f64 20 | gen 0.3s | dropped inexpr 3 oversz 0 unbuild 0 {}
 386     0     100               0      11.4115686      7.87836935      9.23445057      267.303211     0.127468971     0.101383952
 386     1      50               0        14.13046      10.4368997      16.1276494      268.165241     0.157839405     0.134308776
          wgpu 1d 160g 236c x3w 4ms | egraph 34g->90v+0snap 10ms | graft 41 (-123n, 0 snap) cpu 0 | f64 20 | gen 0.5s
 387     0     100               0      11.4115686      7.87836935      9.23445057      267.303211     0.127468971     0.101383952
 387     1      50               0        14.13046      10.4368997      16.1276494      268.165241     0.157839405     0.134308776
          wgpu 1d 180g 229c x3w 4ms | egraph 28g->83v+0snap 7ms | graft 43 (-126n, 0 snap) cpu 0 | f64 20 | gen 0.2s
 388     0     100               0      11.4115686      7.87836935      9.23445057      267.303211     0.127468971     0.101383952
 388     1      50               0      14.1304598       10.436903      16.1276498      268.165245     0.157839404     0.134308819
          wgpu 1d 152g 211c x3w 4ms | egraph 30g->65v+0snap 8ms | graft 27 (-79n, 0 snap) cpu 0 | f64 20 | gen 0.2s
 389     0     100               0      11.4115686      7.87836935      9.23445057      267.303211     0.127468971     0.101383952
 389     1      50               0      14.1304598       10.436903      16.1276498      268.165245     0.157839404     0.134308819
          wgpu 1d 152g 210c x3w 4ms | egraph 36g->64v+0snap 9ms | graft 28 (-106n, 0 snap) cpu 0 | f64 20 | gen 0.3s
 390     0     100               0      11.4115686      7.87836935      9.23445057      267.303211     0.127468971     0.101383952
 390     1      50               0        14.13046      10.4368997      16.1276494      268.165241     0.157839405     0.134308776
          wgpu 1d 152g 216c x3w 4ms | egraph 29g->70v+0snap 9ms | graft 27 (-109n, 0 snap) cpu 0 | f64 20 | gen 0.4s
--------- pump migration: intra (promote-2 + intake-reset) + cross ---------
 391     0     100               0      11.4115686      7.87836935      9.23445057      267.303211     0.127468971     0.101383952
 391     1      50               0      14.1304598       10.436903      16.1276498      268.165245     0.157839404     0.134308819
          wgpu 2d 350g 367c x3w 7ms | egraph 95g->141v+0snap 22ms | graft 64 (-244n, 0 snap) cpu 0 | f64 30 | gen 0.2s | dropped inexpr 1 oversz 0 unbuild 0 {}
--------- pump migration: cross-class ---------
 392     0     100               0      11.4115686      7.87836935      9.23445057      267.303211     0.127468971     0.101383952
 392     1      50               0      14.1304598       10.436903      16.1276498      268.165245     0.157839404     0.134308819
          wgpu 2d 341g 353c x3w 7ms | egraph 102g->127v+0snap 19ms | graft 61 (-168n, 0 snap) cpu 0 | f64 30 | gen 0.2s | dropped inexpr 2 oversz 0 unbuild 0 {}
--------- pump migration: cross-class ---------
 393     0     100               0      11.4115686      7.87836935      9.23445057      267.303211     0.127468971     0.101383952
 393     1      50               0      11.4115686      7.87836935      9.23445057      267.303211     0.127468971     0.101383952
          wgpu 2d 377g 413c x3w 8ms | egraph 103g->185v+2snap 21ms | graft 78 (-267n, 0 snap) cpu 0 | f64 30 | gen 0.3s | dropped inexpr 5 oversz 0 unbuild 0 {}
--------- pump migration: cross-class ---------
 394     0     100               0      11.4115686      7.87836935      9.23445057      267.303211     0.127468971     0.101383952
 394     1      50               0      11.4115686      7.87836935      9.23445057      267.303211     0.127468971     0.101383952
          wgpu 2d 335g 373c x3w 7ms | egraph 95g->147v+0snap 20ms | graft 63 (-224n, 0 snap) cpu 0 | f64 30 | gen 0.3s | dropped inexpr 2 oversz 0 unbuild 0 {}
--------- pump migration: cross-class ---------
 395     0     100               0      25.9350987      20.2117833      33.0053723      317.543379     0.289699031     0.260098301
 395     1      50               0      14.1304598       10.436903      16.1276498      268.165245     0.157839404     0.134308819
          wgpu 2d 389g 396c x3w 8ms | egraph 117g->170v+0snap 20ms | graft 73 (-223n, 0 snap) cpu 0 | f64 30 | gen 0.6s
--------- pump migration: cross-class ---------
 396     0     100               0      25.9350987      20.2117833      33.0053723      317.543379     0.289699031     0.260098301
 396     1      50               0      14.1304598       10.436903      16.1276498      268.165245     0.157839404     0.134308819
          wgpu 2d 384g 405c x3w 8ms | egraph 117g->179v+0snap 23ms | graft 67 (-249n, 0 snap) cpu 0 | f64 30 | gen 0.3s | dropped inexpr 3 oversz 0 unbuild 0 {}
--------- pump migration: cross-class ---------
 397     0     100               0      11.4115686      7.87836935      9.23445057      267.303211     0.127468971     0.101383952
 397     1      50               0      14.1304598       10.436903      16.1276498      268.165245     0.157839404     0.134308819
          wgpu 2d 372g 401c x3w 7ms | egraph 104g->175v+0snap 25ms | graft 71 (-187n, 0 snap) cpu 0 | f64 30 | gen 0.3s | dropped inexpr 6 oversz 0 unbuild 0 {}
--------- pump migration: cross-class ---------
 398     0     100               0      11.4115686      7.87836935      9.23445057      267.303211     0.127468971     0.101383952
 398     1      50               0      14.1304598       10.436903      16.1276498      268.165245     0.157839404     0.134308819
          wgpu 2d 404g 389c x3w 8ms | egraph 102g->163v+0snap 23ms | graft 75 (-239n, 0 snap) cpu 0 | f64 30 | gen 0.3s | dropped inexpr 2 oversz 0 unbuild 0 {}
--------- pump migration: cross-class ---------
 399     0     100               0      11.4115686      7.87836935      9.23445057      267.303211     0.127468971     0.101383952
 399     1      50               0      14.1304598       10.436903      16.1276498      268.165245     0.157839404     0.134308819
          wgpu 2d 415g 395c x3w 8ms | egraph 109g->169v+0snap 20ms | graft 75 (-283n, 0 snap) cpu 0 | f64 30 | gen 0.3s | dropped inexpr 1 oversz 0 unbuild 0 {}
--------- pump migration: cross-class ---------
 400     0     100               0      11.4115686      7.87836935      9.23445057      267.303211     0.127468971     0.101383952
 400     1      50               0      14.1304598       10.436903      16.1276498      268.165245     0.157839404     0.134308819
          wgpu 2d 368g 377c x3w 8ms | egraph 101g->151v+0snap 24ms | graft 66 (-215n, 0 snap) cpu 0 | f64 30 | gen 0.3s | dropped inexpr 5 oversz 0 unbuild 0 {}
--------- pump migration: intra (promote-2 + intake-reset) + cross ---------

This sub-run: 2026-09-19 04:47:46.518672 → 2026-09-19 04:48:56.780237
Now at generation 400 (HOF size: 30)
[join] 450 dispatches, 53,120 genes, 255,102 candidates scored in 1.43s GPU+host; e-graph 11,196 trees -> 22,561 variants + 3 snaps in 2.43s; 12,029 grafts (0 snap), 30,034 nodes removed; cpu-path individuals 0, f64-rejected 0
[join]   inexpressible:    394  no pset token for semantic id "pow" with arity 2
[join]   inexpressible:     11  no pset token for semantic id "sqrt" with arity 1
[join]   inexpressible:      2  no pset token for semantic id "div" with arity 2
  HFF-chosen LSM kept: a=-10.2798, b=1.79502
Chromosome wrapper: id=1  →  log_abs
hof[0] runtime val: mse=2.651e+01  R²=0.658795
Pre-snap expression (after sympify + LSM compose):
  1.79502121917673 - 10.2798384852746*log(Abs(h/(3*Abs(sqrt(T))) + log(Abs(omega))/3 - 0.327421309175019))

Per-level snap results (before MSE scoring):
  strict      →  13.0885781046228 - 10.2798384852746*log(Abs(h/Abs(sqrt(T)) + log(Abs(omega)) - 0.982263927525058))
  default     →  13.0885781046228 - 10.2798384852746*log(Abs(h/Abs(sqrt(T)) + log(Abs(omega)) - 0.982263927525058))
  aggressive  →  -10.2798384852746*log(Abs(h/Abs(sqrt(T)) + log(Abs(omega)) - 0.982263927525058)) + 1.33333333333333*pi**2

Snap-level comparison (sorted by holdout MSE, lowest first)
------------------------------------------------------------------------------------------
  level       MSE            R²         expression                                        
------------------------------------------------------------------------------------------
★ aggressive  27.62          0.6858     -10.2798384852746*log(Abs(h/Abs(sqrt(T)) + log(Abs
  strict      27.66          0.6853     13.0885781046228 - 10.2798384852746*log(Abs(h/Abs(
  default     27.66          0.6853     13.0885781046228 - 10.2798384852746*log(Abs(h/Abs(

Winning snap level: 'aggressive'  →  -10.2798384852746*log(Abs(h/Abs(sqrt(T)) + log(Abs(omega)) - 0.982263927525058)) + 1.33333333333333*pi**2

Canonical discovered expression: -10.2798384852746*log(Abs(h/Abs(sqrt(T)) + log(Abs(omega)) - 0.982263927525058)) + 1.33333333333333*pi**2
[38;2;0;50;255m
############################################################ [38;2;255;255;255m
[38;2;0;50;255m Equation Recovery: III_4_32 [38;2;255;255;255m
[38;2;0;50;255m Truth: 1/(exp((h/(2*pi))*omega/(kb*T))-1) [38;2;255;255;255m
[38;2;0;50;255m [38;2;255;255;255m
[38;2;255;0;255m     Exact recovery     : False [38;2;255;255;255m
[38;2;255;0;255m     Numerical recovery : False (max rel_err 2.09e+03 on 10k samples) [38;2;255;255;255m
[38;2;255;0;255m     Discovered         : -10.2798384852746*log(Abs(h/Abs(sqrt(T)) + log(Abs(omega)) - 0.982263927525058)) + 1.33333333333333*pi**2 [38;2;255;255;255m
[38;2;255;0;255m     LSM (a, b)         : (-10.2798, 1.79502) [38;2;255;255;255m
[38;2;0;50;255m
############################################################ [38;2;255;255;255m
In-range holdout : MSE=27.66  MAE=3.485  R²=0.6853
Extrapolation    : MSE=253.8  MAE=7.375  R²=0.3416

Top 10 HOF models (north_pole=truenorth) (★ = Pareto-optimal)
(deduped HOF: 3 unique chromosomes from 30 raw HOF entries)
 ----------------------------------------------------------------------------------------------------------------
       model     wrapper      length   train_mse     val_mse     max_err    train_r2      val_r2 angular_distance
 ----------------------------------------------------------------------------------------------------------------
★           0     log_abs           7     30.5337     26.5144     40.8654      0.6589      0.6588      0.6435
★          26     log_abs           7     30.5337     26.5144     40.8654      0.6589      0.6588      0.6435
★          29     log_abs          17     43.3582     38.4972     37.2610      0.5157      0.5046      1.3694

Pareto-optimal in top 3: 3    Pareto-optimal in full HOF: 3 / 3

Recovery sweep across 3/3 unique HOF chromosomes (capped):
  Structural / exact     : 0/3  (0.0%)
  Numerical (≤1e-6 err)  : 0/3  (0.0%)
{
    "date": "2026/09/19",
    "seed": "5",
    "task": "equation_recovery",
    "north_pole_method": "truenorth",
    "hff_include_val": true,
    "problem": "III_4_32",
    "truth_expr": "1/(exp((h/(2*pi))*omega/(kb*T))-1)",
    "final_terminal_inputs": [
        "h",
        "omega",
        "kb",
        "T"
    ],
    "wide_primitives": true,
    "head_length": "48",
    "n_genes": "3",
    "rnc_array_length": "10",
    "tournament size": "intake=8, champion=5",
    "population size": "150",
    "population per island": "intake=100, champion=50",
    "gpu_join": true,
    "eclass_k": 8,
    "number of elites": "2",
    "number of generations": "400",
    "number of islands": "2",
    "migration FREQ": "30",
    "wrapper_id": 1,
    "wrapper_name": "log_abs",
    "recovery_exact": false,
    "recovery_numerical": false,
    "recovery_max_rel_err": 2094.783373385515,
    "discovered_expr": "-10.2798384852746*log(Abs(h/Abs(sqrt(T)) + log(Abs(omega)) - 0.982263927525058)) + 1.33333333333333*pi**2",
    "holdout_mse": 27.66320029673086,
    "holdout_r2": 0.685308678263733,
    "extrap_mse": 253.75732297476168,
    "extrap_r2": 0.34163155483450625,
    "hof_size": 3,
    "hof_exact_recoveries": 0,
    "hof_numerical_recoveries": 0
}
