/opt/anaconda3/lib/python3.12/site-packages/geppy/__init__.py:26: UserWarning: pkg_resources is deprecated as an API. See https://setuptools.pypa.io/en/latest/pkg_resources.html. The pkg_resources package is slated for removal as early as 2025-11-30. Refrain from using this package or pin to Setuptools<81.
  from pkg_resources import get_distribution, DistributionNotFound
hff library OK (test fitness: (0.1415394733244273,))
registry: ['circle_area', 'gravity', 'coulomb', 'pendulum', 'keplers3', 'ideal_gas', 'I_6_2a', 'I_6_2', 'I_6_2b', 'I_8_14', 'I_9_18', 'I_10_7', 'I_11_19', 'I_12_1', 'I_12_2', 'I_12_4', 'I_12_5', 'I_12_11', 'I_13_4', 'I_13_12', 'I_14_3', 'I_14_4', 'I_15_3x', 'I_15_3t', 'I_15_1', 'I_16_6', 'I_18_4', 'I_18_12', 'I_18_14', 'I_24_6', 'I_25_13', 'I_26_2', 'I_27_6', 'I_29_4', 'I_29_16', 'I_30_3', 'I_30_5', 'I_32_5', 'I_32_17', 'I_34_8', 'I_34_1', 'I_34_14', 'I_34_27', 'I_37_4', 'I_38_12', 'I_39_1', 'I_39_11', 'I_39_22', 'I_40_1', 'I_41_16', 'I_43_16', 'I_43_31', 'I_43_43', 'I_44_4', 'I_47_23', 'I_48_2', 'I_50_26', 'II_2_42', 'II_3_24', 'II_4_23', 'II_6_11', 'II_6_15a', 'II_6_15b', 'II_8_7', 'II_8_31', 'II_10_9', 'II_11_3', 'II_11_17', 'II_11_20', 'II_11_27', 'II_11_28', 'II_13_17', 'II_13_23', 'II_13_34', 'II_15_4', 'II_15_5', 'II_21_32', 'II_24_17', 'II_27_16', 'II_27_18', 'II_34_2a', 'II_34_2', 'II_34_11', 'II_34_29a', 'II_34_29b', 'II_35_18', 'II_35_21', 'II_36_38', 'II_37_1', 'II_38_3', 'II_38_14', 'III_4_32', 'III_4_33', 'III_7_38', 'III_8_54', 'III_9_52', 'III_10_19', 'III_12_43', 'III_13_18', 'III_14_14', 'III_15_12', 'III_15_14', 'III_15_27', 'III_17_37', 'III_19_51', 'III_21_20', 'test_1', 'test_2', 'test_3', 'test_4', 'test_5', 'test_6', 'test_7', 'test_8', 'test_9', 'test_10', 'test_11', 'test_12', 'test_13', 'test_14', 'test_15', 'test_16', 'test_17', 'test_18', 'test_19', 'test_20']
[feynman override] head_length=48 (keep n_genes=3, avgval linker)
Selected problem: III_15_12
  Description : Feynman I-III III.15.12: E_n = 2*U*(1-cos(k*d))
  Variables   : ['U', 'k', 'd']
  Train range : {'U': (1.0, 5.0), 'k': (1.0, 5.0), 'd': (1.0, 5.0)}
  Extrap range: {'U': (1.0, 7.5), 'k': (1.0, 7.5), 'd': (1.0, 7.5)}
  Truth       : 2*U*(1-cos(k*d))
  ✓ cache hit  (data/equations/III_15_12, key=abf5bf38d292ffc9)
  train           (800, 4)  target range=[7.426e-05, 19.63]
  val             (200, 4)  target range=[0.0006756, 19.44]
  holdout         (200, 4)  target range=[0.001608, 19.36]
  extrapolation   (200, 4)  target range=[0.0001003, 25.09]
  saved figure → data/figures/III_15_12/eda_pairplot.png
Wide primitive set enabled: sin, cos, exp, log added.
[E22 rules] variable pattern tags: {'no_pattern'}
[E22/23 rules] static candidate count: 1
  [sum_sq_all/sum_sq] a=0.0738 b=4.2948e+00 1-R²_va=9.6736e-01
[fuller] denoise + snap IN THE JOIN (every gene, every generation, K=8); mutation operators: physics=0.2 concretize=0.05
Wrapper scope: per_island  (island → wrapper map: ['identity', 'identity'])
[wgpu] process pool disabled — Metal cannot survive fork(); the population is evaluated in one dispatch instead
Genes: head_length=48, n_genes=3, rnc_array_length=10
Population: (per-island, see below), elites: 2, generations: 400, migration FREQ: 30
  pump per-island sizes: intake=100 (tournsize=8), champion=50 (tournsize=5)
Initialising evolution at 2026-09-19 04:57:06.590575
 gen  deme   evals     min fitness          mse_tr          mse_va         max_err      mse_extrap  one_minus_r2_tr  one_minus_r2_va
   0     0     100    0.0417100208      20.5765208      20.6546056      10.3067475      37.8728311     0.759859904     0.827883856
   0     1      50    0.0712190504      20.6438227       20.546584      10.1620509      37.8971542     0.762345263     0.823554103
          wgpu 1d 323g 279c x3w 9ms | egraph 187g->129v+0snap 60ms | graft 66 (-216n, 0 snap) cpu 0 | f64 30 | gen 0.0s | dropped inexpr 2 oversz 0 unbuild 0 {}
Extending evolution: gen 1 → 400 (+400 generations)
   1     0     100    0.0417100208      20.5765208      20.6546056      10.3067475      37.8728311     0.759859904     0.827883856
   1     1      50     0.059678543      20.5423003      20.4490112      9.83564842      39.2400515     0.758596195     0.819643161
          wgpu 1d 182g 300c x3w 4ms | egraph 72g->154v+0snap 14ms | graft 47 (-260n, 0 snap) cpu 0 | f64 32 | gen 0.2s | dropped inexpr 3 oversz 0 unbuild 0 {}
   2     0     100    0.0348351981        20.67675      20.4914155      9.93965328      38.0809086     0.763561217     0.821342821
   2     1      50     0.059678543      20.5423003      20.4490112      9.83564842      39.2400515     0.758596195     0.819643161
          wgpu 1d 205g 371c x3w 5ms | egraph 82g->225v+0snap 17ms | graft 58 (-309n, 0 snap) cpu 0 | f64 38 | gen 0.7s | dropped inexpr 5 oversz 0 unbuild 0 {}
   3     0     100    0.0348351981        20.67675      20.4914155      9.93965328      38.0809086     0.763561217     0.821342821
   3     1      50     0.059678543      20.5423003      20.4490112      9.83564842      39.2400515     0.758596195     0.819643161
          wgpu 1d 255g 399c x3w 5ms | egraph 96g->253v+0snap 21ms | graft 54 (-288n, 0 snap) cpu 0 | f64 20 | gen 0.5s | dropped inexpr 1 oversz 0 unbuild 0 {}
   4     0     100   0.00813552625      20.3530239      20.6827358      10.5343365      37.8946194       0.7516065     0.829011378
   4     1      50     0.059678543      20.5423003      20.4490112      9.83564842      39.2400515     0.758596195     0.819643161
          wgpu 1d 289g 430c x3w 6ms | egraph 107g->284v+0snap 25ms | graft 52 (-372n, 0 snap) cpu 0 | f64 40 | gen 0.3s | dropped inexpr 2 oversz 0 unbuild 0 {}
   5     0     100   0.00813552625      20.3530239      20.6827358      10.5343365      37.8946194       0.7516065     0.829011378
   5     1      50     0.059678543      20.5423003      20.4490112      9.83564842      39.2400515     0.758596195     0.819643161
          wgpu 1d 234g 314c x3w 5ms | egraph 105g->168v+0snap 22ms | graft 59 (-301n, 0 snap) cpu 0 | f64 20 | gen 0.2s | dropped inexpr 2 oversz 0 unbuild 0 {}
   6     0     100   0.00813552625      20.3530239      20.6827358      10.5343365      37.8946194       0.7516065     0.829011378
   6     1      50    0.0575234586      20.4390812      19.4290854      9.69659867      38.9581473     0.754784467     0.778762203
          wgpu 1d 216g 290c x3w 4ms | egraph 98g->144v+0snap 17ms | graft 50 (-150n, 0 snap) cpu 0 | f64 20 | gen 0.3s | dropped inexpr 4 oversz 0 unbuild 0 {}
   7     0     100   0.00813552625      20.3530239      20.6827358      10.5343365      37.8946194       0.7516065     0.829011378
   7     1      50    0.0575234586      20.4390812      19.4290854      9.69659867      38.9581473     0.754784467     0.778762203
          wgpu 1d 224g 293c x3w 5ms | egraph 96g->147v+0snap 17ms | graft 55 (-143n, 0 snap) cpu 0 | f64 20 | gen 0.2s
   8     0     100   0.00813552625      20.3530239      20.6827358      10.5343365      37.8946194       0.7516065     0.829011378
   8     1      50    0.0575234586      20.4390812      19.4290854      9.69659867      38.9581473     0.754784467     0.778762203
          wgpu 1d 306g 348c x3w 6ms | egraph 124g->202v+0snap 34ms | graft 57 (-288n, 0 snap) cpu 0 | f64 20 | gen 0.4s | dropped inexpr 4 oversz 0 unbuild 0 {}
   9     0     100   0.00813552625      20.3530239      20.6827358      10.5343365      37.8946194       0.7516065     0.829011378
   9     1      50    0.0575234586      20.4390812      19.4290854      9.69659867      38.9581473     0.754784467     0.778762203
          wgpu 1d 230g 276c x3w 5ms | egraph 98g->130v+0snap 24ms | graft 38 (-189n, 0 snap) cpu 0 | f64 20 | gen 0.3s | dropped inexpr 3 oversz 0 unbuild 0 {}
  10     0     100   0.00813552625      20.3530239      20.6827358      10.5343365      37.8946194       0.7516065     0.829011378
  10     1      50    0.0318798787      20.2234625      20.3315652      10.2931923      38.2160676     0.746821995     0.814935658
          wgpu 1d 226g 257c x3w 4ms | egraph 92g->111v+0snap 16ms | graft 43 (-90n, 0 snap) cpu 0 | f64 20 | gen 0.2s | dropped inexpr 3 oversz 0 unbuild 0 {}
--------- pump migration: intra (promote-2 + intake-reset) ---------
  11     0     100   0.00813552625      20.3530239      20.6827358      10.5343365      37.8946194       0.7516065     0.829011378
  11     1      50   0.00813552625      20.3530239      20.6827358      10.5343365      37.8946194       0.7516065     0.829011378
          wgpu 2d 410g 450c x3w 8ms | egraph 165g->224v+0snap 29ms | graft 82 (-250n, 0 snap) cpu 0 | f64 30 | gen 0.3s | dropped inexpr 3 oversz 0 unbuild 0 {}
  12     0     100   0.00813552625      20.3530239      20.6827358      10.5343365      37.8946194       0.7516065     0.829011378
  12     1      50   0.00813552625      20.3530239      20.6827358      10.5343365      37.8946194       0.7516065     0.829011378
          wgpu 1d 222g 297c x3w 4ms | egraph 88g->151v+0snap 14ms | graft 49 (-172n, 0 snap) cpu 0 | f64 20 | gen 0.2s | dropped inexpr 5 oversz 0 unbuild 0 {}
  13     0     100   0.00813552625      20.3530239      20.6827358      10.5343365      37.8946194       0.7516065     0.829011378
  13     1      50   0.00813552625      20.3530239      20.6827358      10.5343365      37.8946194       0.7516065     0.829011378
          wgpu 1d 216g 300c x3w 4ms | egraph 73g->154v+0snap 14ms | graft 51 (-158n, 0 snap) cpu 0 | f64 20 | gen 0.2s | dropped inexpr 1 oversz 0 unbuild 0 {}
  14     0     100   0.00813552625      20.3530239      20.6827358      10.5343365      37.8946194       0.7516065     0.829011378
  14     1      50   0.00813552625      20.3530239      20.6827358      10.5343365      37.8946194       0.7516065     0.829011378
          wgpu 1d 227g 304c x3w 4ms | egraph 78g->158v+0snap 14ms | graft 55 (-171n, 0 snap) cpu 0 | f64 20 | gen 0.2s | dropped inexpr 4 oversz 0 unbuild 0 {}
  15     0     100   0.00813552625      20.3530239      20.6827358      10.5343365      37.8946194       0.7516065     0.829011378
  15     1      50   0.00813552625      20.3530239      20.6827358      10.5343365      37.8946194       0.7516065     0.829011378
          wgpu 1d 195g 302c x3w 4ms | egraph 58g->156v+0snap 10ms | graft 55 (-164n, 0 snap) cpu 0 | f64 20 | gen 0.2s | dropped inexpr 1 oversz 0 unbuild 0 {}
  16     0     100   0.00813552625      20.3530239      20.6827358      10.5343365      37.8946194       0.7516065     0.829011378
  16     1      50   0.00813552625      20.3530239      20.6827358      10.5343365      37.8946194       0.7516065     0.829011378
          wgpu 1d 227g 301c x3w 4ms | egraph 62g->155v+0snap 11ms | graft 51 (-159n, 0 snap) cpu 0 | f64 20 | gen 0.2s | dropped inexpr 3 oversz 0 unbuild 0 {}
  17     0     100   0.00813552625      20.3530239      20.6827358      10.5343365      37.8946194       0.7516065     0.829011378
  17     1      50   0.00813552625      20.3530239      20.6827358      10.5343365      37.8946194       0.7516065     0.829011378
          wgpu 1d 212g 294c x3w 4ms | egraph 48g->148v+0snap 9ms | graft 49 (-141n, 0 snap) cpu 0 | f64 20 | gen 0.2s | dropped inexpr 1 oversz 0 unbuild 0 {}
  18     0     100   0.00813552625      20.3530239      20.6827358      10.5343365      37.8946194       0.7516065     0.829011378
  18     1      50   0.00813552625      20.3530239      20.6827358      10.5343365      37.8946194       0.7516065     0.829011378
          wgpu 1d 232g 305c x3w 4ms | egraph 54g->159v+0snap 9ms | graft 65 (-201n, 0 snap) cpu 0 | f64 20 | gen 0.2s | dropped inexpr 4 oversz 0 unbuild 0 {}
  19     0     100   0.00813552625      20.3530239      20.6827358      10.5343365      37.8946194       0.7516065     0.829011378
  19     1      50   0.00813552625      20.3530239      20.6827358      10.5343365      37.8946194       0.7516065     0.829011378
          wgpu 1d 206g 280c x3w 4ms | egraph 51g->134v+0snap 11ms | graft 47 (-170n, 0 snap) cpu 0 | f64 20 | gen 0.2s | dropped inexpr 2 oversz 0 unbuild 0 {}
  20     0     100   0.00813552625      20.3530239      20.6827358      10.5343365      37.8946194       0.7516065     0.829011378
  20     1      50   0.00813552625      20.3530239      20.6827358      10.5343365      37.8946194       0.7516065     0.829011378
          wgpu 1d 229g 291c x3w 4ms | egraph 64g->145v+0snap 11ms | graft 54 (-174n, 0 snap) cpu 0 | f64 20 | gen 0.2s | dropped inexpr 1 oversz 0 unbuild 0 {}
--------- pump migration: intra (promote-2 + intake-reset) ---------
  21     0     100   0.00813552625      20.3530239      20.6827358      10.5343365      37.8946194       0.7516065     0.829011378
  21     1      50   0.00813552625      20.3530239      20.6827358      10.5343365      37.8946194       0.7516065     0.829011378
          wgpu 2d 414g 465c x3w 8ms | egraph 131g->239v+0snap 23ms | graft 95 (-281n, 0 snap) cpu 0 | f64 30 | gen 0.3s | dropped inexpr 6 oversz 0 unbuild 0 {}
  22     0     100   0.00813552625      20.3530239      20.6827358      10.5343365      37.8946194       0.7516065     0.829011378
  22     1      50   0.00813552625      20.3530239      20.6827358      10.5343365      37.8946194       0.7516065     0.829011378
          wgpu 1d 210g 295c x3w 4ms | egraph 56g->149v+0snap 12ms | graft 63 (-188n, 0 snap) cpu 0 | f64 20 | gen 0.2s | dropped inexpr 2 oversz 0 unbuild 0 {}
  23     0     100   0.00813552625      20.3530239      20.6827358      10.5343365      37.8946194       0.7516065     0.829011378
  23     1      50   0.00813552625      20.3530239      20.6827358      10.5343365      37.8946194       0.7516065     0.829011378
          wgpu 1d 217g 283c x3w 4ms | egraph 67g->137v+0snap 12ms | graft 49 (-162n, 0 snap) cpu 0 | f64 20 | gen 0.2s | dropped inexpr 2 oversz 0 unbuild 0 {}
  24     0     100   0.00813552625      20.3530239      20.6827358      10.5343365      37.8946194       0.7516065     0.829011378
  24     1      50   0.00813552625      20.3530239      20.6827358      10.5343365      37.8946194       0.7516065     0.829011378
          wgpu 1d 225g 316c x3w 5ms | egraph 55g->170v+0snap 19ms | graft 57 (-159n, 0 snap) cpu 0 | f64 20 | gen 0.3s | dropped inexpr 2 oversz 0 unbuild 0 {}
  25     0     100   0.00813552625      20.3530239      20.6827358      10.5343365      37.8946194       0.7516065     0.829011378
  25     1      50   0.00813552625      20.3530239      20.6827358      10.5343365      37.8946194       0.7516065     0.829011378
          wgpu 1d 243g 313c x3w 4ms | egraph 70g->167v+0snap 13ms | graft 61 (-193n, 0 snap) cpu 0 | f64 20 | gen 0.2s | dropped inexpr 6 oversz 0 unbuild 0 {}
  26     0     100   0.00813552625      20.3530239      20.6827358      10.5343365      37.8946194       0.7516065     0.829011378
  26     1      50   0.00813552625      20.3530239      20.6827358      10.5343365      37.8946194       0.7516065     0.829011378
          wgpu 1d 182g 295c x3w 4ms | egraph 37g->149v+0snap 10ms | graft 38 (-101n, 0 snap) cpu 0 | f64 20 | gen 0.2s | dropped inexpr 1 oversz 0 unbuild 0 {}
  27     0     100   0.00813552625      20.3530239      20.6827358      10.5343365      37.8946194       0.7516065     0.829011378
  27     1      50   0.00813552625      20.3530239      20.6827358      10.5343365      37.8946194       0.7516065     0.829011378
          wgpu 1d 201g 307c x3w 4ms | egraph 42g->161v+0snap 7ms | graft 51 (-146n, 0 snap) cpu 0 | f64 20 | gen 0.2s
  28     0     100   0.00813552625      20.3530239      20.6827358      10.5343365      37.8946194       0.7516065     0.829011378
  28     1      50   0.00813552625      20.3530239      20.6827358      10.5343365      37.8946194       0.7516065     0.829011378
          wgpu 1d 224g 299c x3w 4ms | egraph 62g->153v+0snap 10ms | graft 53 (-149n, 0 snap) cpu 0 | f64 20 | gen 0.2s
  29     0     100   0.00813552625      20.3530239      20.6827358      10.5343365      37.8946194       0.7516065     0.829011378
  29     1      50   0.00813552625      20.3530239      20.6827358      10.5343365      37.8946194       0.7516065     0.829011378
          wgpu 1d 236g 308c x3w 4ms | egraph 77g->162v+0snap 15ms | graft 57 (-173n, 0 snap) cpu 0 | f64 20 | gen 0.2s | dropped inexpr 5 oversz 0 unbuild 0 {}
  30     0     100   0.00813552625      20.3530239      20.6827358      10.5343365      37.8946194       0.7516065     0.829011378
  30     1      50   0.00813552625      20.3530239      20.6827358      10.5343365      37.8946194       0.7516065     0.829011378
          wgpu 1d 234g 335c x3w 5ms | egraph 54g->189v+0snap 27ms | graft 75 (-275n, 0 snap) cpu 0 | f64 20 | gen 0.2s
--------- pump migration: intra (promote-2 + intake-reset) ---------
  31     0     100   0.00813552625      20.3530239      20.6827358      10.5343365      37.8946194       0.7516065     0.829011378
  31     1      50   0.00813552625      20.3530239      20.6827358      10.5343365      37.8946194       0.7516065     0.829011378
          wgpu 2d 417g 484c x3w 8ms | egraph 128g->258v+0snap 25ms | graft 112 (-333n, 0 snap) cpu 0 | f64 30 | gen 0.2s | dropped inexpr 9 oversz 0 unbuild 0 {}
  32     0     100   0.00813552625      20.3530239      20.6827358      10.5343365      37.8946194       0.7516065     0.829011378
  32     1      50   0.00813552625      20.3530239      20.6827358      10.5343365      37.8946194       0.7516065     0.829011378
          wgpu 1d 190g 304c x3w 4ms | egraph 36g->158v+0snap 6ms | graft 68 (-198n, 0 snap) cpu 0 | f64 20 | gen 0.2s
  33     0     100   0.00813552625      20.3530239      20.6827358      10.5343365      37.8946194       0.7516065     0.829011378
  33     1      50   0.00813552625      20.3530239      20.6827358      10.5343365      37.8946194       0.7516065     0.829011378
          wgpu 1d 221g 324c x3w 4ms | egraph 44g->178v+0snap 8ms | graft 67 (-174n, 0 snap) cpu 0 | f64 20 | gen 0.3s
  34     0     100   0.00813552625      20.3530239      20.6827358      10.5343365      37.8946194       0.7516065     0.829011378
  34     1      50   0.00813552625      20.3530239      20.6827358      10.5343365      37.8946194       0.7516065     0.829011378
          wgpu 1d 199g 323c x3w 4ms | egraph 43g->177v+0snap 9ms | graft 51 (-200n, 0 snap) cpu 0 | f64 20 | gen 0.4s
  35     0     100   0.00813552625      20.3530239      20.6827358      10.5343365      37.8946194       0.7516065     0.829011378
  35     1      50   0.00813552625      20.3530239      20.6827358      10.5343365      37.8946194       0.7516065     0.829011378
          wgpu 1d 213g 319c x3w 4ms | egraph 42g->173v+0snap 10ms | graft 61 (-201n, 0 snap) cpu 0 | f64 20 | gen 0.2s | dropped inexpr 1 oversz 0 unbuild 0 {}
  36     0     100   0.00813552625      20.3530239      20.6827358      10.5343365      37.8946194       0.7516065     0.829011378
  36     1      50   0.00813552625      20.3530239      20.6827358      10.5343365      37.8946194       0.7516065     0.829011378
          wgpu 1d 200g 325c x3w 4ms | egraph 44g->173v+6snap 11ms | graft 67 (-200n, 0 snap) cpu 0 | f64 20 | gen 0.2s | dropped inexpr 1 oversz 0 unbuild 0 {}
  37     0     100   0.00813552625      20.3530239      20.6827358      10.5343365      37.8946194       0.7516065     0.829011378
  37     1      50   0.00813552625      20.3530239      20.6827358      10.5343365      37.8946194       0.7516065     0.829011378
          wgpu 1d 203g 337c x3w 4ms | egraph 42g->182v+9snap 8ms | graft 48 (-144n, 0 snap) cpu 0 | f64 20 | gen 0.2s | dropped inexpr 2 oversz 0 unbuild 0 {}
  38     0     100   0.00813552625      20.3530239      20.6827358      10.5343365      37.8946194       0.7516065     0.829011378
  38     1      50   0.00813552625      20.3530239      20.6827358      10.5343365      37.8946194       0.7516065     0.829011378
          wgpu 1d 224g 315c x3w 4ms | egraph 53g->166v+3snap 10ms | graft 55 (-167n, 0 snap) cpu 0 | f64 20 | gen 0.2s | dropped inexpr 2 oversz 0 unbuild 0 {}
  39     0     100   0.00813552625      20.3530239      20.6827358      10.5343365      37.8946194       0.7516065     0.829011378
  39     1      50   0.00813552625      20.3530239      20.6827358      10.5343365      37.8946194       0.7516065     0.829011378
          wgpu 1d 199g 323c x3w 4ms | egraph 40g->177v+0snap 8ms | graft 73 (-239n, 0 snap) cpu 0 | f64 20 | gen 0.2s
  40     0     100   0.00813552625      20.3530239      20.6827358      10.5343365      37.8946194       0.7516065     0.829011378
  40     1      50   0.00813552625      20.3530239      20.6827358      10.5343365      37.8946194       0.7516065     0.829011378
          wgpu 1d 191g 329c x3w 4ms | egraph 33g->183v+0snap 9ms | graft 52 (-199n, 0 snap) cpu 0 | f64 20 | gen 0.2s | dropped inexpr 1 oversz 0 unbuild 0 {}
--------- pump migration: intra (promote-2 + intake-reset) ---------
  41     0     100   0.00813552625      20.3530239      20.6827358      10.5343365      37.8946194       0.7516065     0.829011378
  41     1      50   0.00813552625      20.3530239      20.6827358      10.5343365      37.8946194       0.7516065     0.829011378
          wgpu 2d 383g 485c x3w 8ms | egraph 127g->259v+0snap 20ms | graft 123 (-432n, 0 snap) cpu 0 | f64 30 | gen 0.2s | dropped inexpr 6 oversz 0 unbuild 0 {}
  42     0     100   0.00813552625      20.3530239      20.6827358      10.5343365      37.8946194       0.7516065     0.829011378
  42     1      50   0.00813552625      20.3530239      20.6827358      10.5343365      37.8946194       0.7516065     0.829011378
          wgpu 1d 199g 319c x3w 4ms | egraph 39g->173v+0snap 8ms | graft 67 (-181n, 0 snap) cpu 0 | f64 20 | gen 0.2s
  43     0     100   0.00813552625      20.3530239      20.6827358      10.5343365      37.8946194       0.7516065     0.829011378
  43     1      50   0.00813552625      20.3530239      20.6827358      10.5343365      37.8946194       0.7516065     0.829011378
          wgpu 1d 211g 335c x3w 4ms | egraph 46g->189v+0snap 14ms | graft 69 (-221n, 0 snap) cpu 0 | f64 20 | gen 0.3s | dropped inexpr 2 oversz 0 unbuild 0 {}
  44     0     100   0.00813552625      20.3530239      20.6827358      10.5343365      37.8946194       0.7516065     0.829011378
  44     1      50   0.00813552625      20.3530239      20.6827358      10.5343365      37.8946194       0.7516065     0.829011378
          wgpu 1d 239g 354c x3w 5ms | egraph 66g->199v+9snap 14ms | graft 75 (-221n, 0 snap) cpu 0 | f64 20 | gen 0.3s | dropped inexpr 1 oversz 0 unbuild 0 {}
  45     0     100   0.00813552625      20.3530239      20.6827358      10.5343365      37.8946194       0.7516065     0.829011378
  45     1      50   0.00813552625      20.3530239      20.6827358      10.5343365      37.8946194       0.7516065     0.829011378
          wgpu 1d 199g 330c x3w 4ms | egraph 33g->184v+0snap 10ms | graft 76 (-243n, 0 snap) cpu 0 | f64 20 | gen 0.2s | dropped inexpr 3 oversz 0 unbuild 0 {}
  46     0     100   0.00813552625      20.3530239      20.6827358      10.5343365      37.8946194       0.7516065     0.829011378
  46     1      50   0.00813552625      20.3530239      20.6827358      10.5343365      37.8946194       0.7516065     0.829011378
          wgpu 1d 190g 320c x3w 4ms | egraph 41g->174v+0snap 10ms | graft 52 (-172n, 0 snap) cpu 0 | f64 20 | gen 0.4s | dropped inexpr 1 oversz 0 unbuild 0 {}
  47     0     100   0.00813552625      20.3530239      20.6827358      10.5343365      37.8946194       0.7516065     0.829011378
  47     1      50   0.00813552625      20.3530239      20.6827358      10.5343365      37.8946194       0.7516065     0.829011378
          wgpu 1d 221g 336c x3w 4ms | egraph 46g->190v+0snap 10ms | graft 61 (-174n, 0 snap) cpu 0 | f64 20 | gen 0.2s | dropped inexpr 3 oversz 0 unbuild 0 {}
  48     0     100   0.00813552625      20.3530239      20.6827358      10.5343365      37.8946194       0.7516065     0.829011378
  48     1      50   0.00813552625      20.3530239      20.6827358      10.5343365      37.8946194       0.7516065     0.829011378
          wgpu 1d 206g 308c x3w 4ms | egraph 48g->162v+0snap 8ms | graft 64 (-184n, 0 snap) cpu 0 | f64 20 | gen 0.2s
  49     0     100   0.00813552625      20.3530239      20.6827358      10.5343365      37.8946194       0.7516065     0.829011378
  49     1      50   0.00813552625      20.3530239      20.6827358      10.5343365      37.8946194       0.7516065     0.829011378
          wgpu 1d 207g 329c x3w 4ms | egraph 40g->183v+0snap 10ms | graft 65 (-195n, 0 snap) cpu 0 | f64 20 | gen 0.3s | dropped inexpr 2 oversz 0 unbuild 0 {}
  50     0     100   0.00813552625      20.3530239      20.6827358      10.5343365      37.8946194       0.7516065     0.829011378
  50     1      50   0.00813552625      20.3530239      20.6827358      10.5343365      37.8946194       0.7516065     0.829011378
          wgpu 1d 196g 320c x3w 4ms | egraph 40g->174v+0snap 9ms | graft 62 (-212n, 0 snap) cpu 0 | f64 20 | gen 0.2s
--------- pump migration: intra (promote-2 + intake-reset) ---------
  51     0     100   0.00813552625      20.3530239      20.6827358      10.5343365      37.8946194       0.7516065     0.829011378
  51     1      50   0.00813552625      20.3530239      20.6827358      10.5343365      37.8946194       0.7516065     0.829011378
          wgpu 2d 394g 450c x3w 8ms | egraph 113g->224v+0snap 18ms | graft 98 (-300n, 0 snap) cpu 0 | f64 30 | gen 0.2s | dropped inexpr 5 oversz 0 unbuild 0 {}
  52     0     100   0.00813552625      20.3530239      20.6827358      10.5343365      37.8946194       0.7516065     0.829011378
  52     1      50   0.00813552625      20.3530239      20.6827358      10.5343365      37.8946194       0.7516065     0.829011378
          wgpu 1d 220g 339c x3w 4ms | egraph 37g->193v+0snap 10ms | graft 59 (-218n, 0 snap) cpu 0 | f64 20 | gen 0.2s | dropped inexpr 3 oversz 0 unbuild 0 {}
  53     0     100   0.00813552625      20.3530239      20.6827358      10.5343365      37.8946194       0.7516065     0.829011378
  53     1      50   0.00813552625      20.3530239      20.6827358      10.5343365      37.8946194       0.7516065     0.829011378
          wgpu 1d 220g 332c x3w 4ms | egraph 38g->186v+0snap 13ms | graft 67 (-217n, 0 snap) cpu 0 | f64 20 | gen 0.2s | dropped inexpr 2 oversz 0 unbuild 0 {}
  54     0     100   0.00813552625      20.3530239      20.6827358      10.5343365      37.8946194       0.7516065     0.829011378
  54     1      50   0.00813552625      20.3530239      20.6827358      10.5343365      37.8946194       0.7516065     0.829011378
          wgpu 1d 250g 367c x3w 5ms | egraph 55g->221v+0snap 13ms | graft 76 (-248n, 0 snap) cpu 0 | f64 20 | gen 0.2s | dropped inexpr 4 oversz 0 unbuild 0 {}
  55     0     100   0.00813552625      20.3530239      20.6827358      10.5343365      37.8946194       0.7516065     0.829011378
  55     1      50   0.00813552625      20.3530239      20.6827358      10.5343365      37.8946194       0.7516065     0.829011378
          wgpu 1d 216g 324c x3w 4ms | egraph 40g->178v+0snap 7ms | graft 76 (-204n, 0 snap) cpu 0 | f64 20 | gen 0.2s | dropped inexpr 1 oversz 0 unbuild 0 {}
  56     0     100   0.00813552625      20.3530239      20.6827358      10.5343365      37.8946194       0.7516065     0.829011378
  56     1      50   0.00813552625      20.3530239      20.6827358      10.5343365      37.8946194       0.7516065     0.829011378
          wgpu 1d 209g 325c x3w 4ms | egraph 36g->179v+0snap 8ms | graft 57 (-163n, 0 snap) cpu 0 | f64 20 | gen 0.2s
  57     0     100   0.00813552625      20.3530239      20.6827358      10.5343365      37.8946194       0.7516065     0.829011378
  57     1      50   0.00813552625      20.3530239      20.6827358      10.5343365      37.8946194       0.7516065     0.829011378
          wgpu 1d 211g 317c x3w 4ms | egraph 44g->171v+0snap 9ms | graft 64 (-198n, 0 snap) cpu 0 | f64 20 | gen 0.2s
  58     0     100   0.00813552625      20.3530239      20.6827358      10.5343365      37.8946194       0.7516065     0.829011378
  58     1      50   0.00813552625      20.3530239      20.6827358      10.5343365      37.8946194       0.7516065     0.829011378
          wgpu 1d 227g 341c x3w 5ms | egraph 44g->195v+0snap 13ms | graft 56 (-201n, 0 snap) cpu 0 | f64 20 | gen 0.2s
  59     0     100   0.00813552625      20.3530239      20.6827358      10.5343365      37.8946194       0.7516065     0.829011378
  59     1      50   0.00813552625      20.3530239      20.6827358      10.5343365      37.8946194       0.7516065     0.829011378
          wgpu 1d 183g 317c x3w 4ms | egraph 38g->170v+0snap 8ms | graft 49 (-171n, 0 snap) cpu 0 | f64 20 | gen 0.3s | dropped inexpr 1 oversz 0 unbuild 0 {}
  60     0     100   0.00813552625      20.3530239      20.6827358      10.5343365      37.8946194       0.7516065     0.829011378
  60     1      50   0.00813552625      20.3530239      20.6827358      10.5343365      37.8946194       0.7516065     0.829011378
          wgpu 1d 234g 327c x3w 4ms | egraph 51g->181v+0snap 9ms | graft 59 (-207n, 0 snap) cpu 0 | f64 20 | gen 0.2s | dropped inexpr 1 oversz 0 unbuild 0 {}
--------- pump migration: intra (promote-2 + intake-reset) + cross ---------
  61     0     100   0.00813552625      20.3530239      20.6827358      10.5343365      37.8946194       0.7516065     0.829011378
  61     1      50   0.00813552625      20.3530239      20.6827358      10.5343365      37.8946194       0.7516065     0.829011378
          wgpu 2d 441g 491c x3w 8ms | egraph 135g->265v+0snap 26ms | graft 113 (-338n, 0 snap) cpu 0 | f64 30 | gen 0.2s | dropped inexpr 3 oversz 0 unbuild 0 {}
  62     0     100               0      9.01542051      9.50077919      7.90276759      26.9460175     0.332925894      0.38081297
  62     1      50   0.00813552625      20.3530239      20.6827358      10.5343365      37.8946194       0.7516065     0.829011378
          wgpu 1d 215g 294c x3w 4ms | egraph 60g->148v+0snap 16ms | graft 57 (-159n, 0 snap) cpu 0 | f64 20 | gen 0.4s | dropped inexpr 8 oversz 0 unbuild 0 {}
  63     0     100               0      9.01542051      9.50077919      7.90276759      26.9460175     0.332925894      0.38081297
  63     1      50   0.00813552625      20.3530239      20.6827358      10.5343365      37.8946194       0.7516065     0.829011378
          wgpu 1d 210g 295c x3w 4ms | egraph 50g->149v+0snap 9ms | graft 53 (-194n, 0 snap) cpu 0 | f64 20 | gen 0.2s | dropped inexpr 9 oversz 0 unbuild 0 {}
  64     0     100               0      9.01542051      9.50077919      7.90276759      26.9460175     0.332925894      0.38081297
  64     1      50   0.00813552625      20.3530239      20.6827358      10.5343365      37.8946194       0.7516065     0.829011378
          wgpu 1d 175g 259c x3w 4ms | egraph 54g->113v+0snap 9ms | graft 54 (-141n, 0 snap) cpu 0 | f64 20 | gen 0.2s | dropped inexpr 23 oversz 0 unbuild 0 {}
  65     0     100               0      9.01542051      9.50077919      7.90276759      26.9460175     0.332925894      0.38081297
  65     1      50   0.00813552625      20.3530239      20.6827358      10.5343365      37.8946194       0.7516065     0.829011378
          wgpu 1d 174g 249c x3w 4ms | egraph 47g->103v+0snap 8ms | graft 60 (-152n, 0 snap) cpu 0 | f64 20 | gen 0.1s | dropped inexpr 17 oversz 0 unbuild 0 {}
  66     0     100               0      9.01542051      9.50077919      7.90276759      26.9460175     0.332925894      0.38081297
  66     1      50   0.00813552625      20.3530239      20.6827358      10.5343365      37.8946194       0.7516065     0.829011378
          wgpu 1d 152g 234c x3w 3ms | egraph 45g->88v+0snap 7ms | graft 48 (-116n, 0 snap) cpu 0 | f64 20 | gen 0.1s | dropped inexpr 13 oversz 0 unbuild 0 {}
  67     0     100               0      9.01542051      9.50077919      7.90276759      26.9460175     0.332925894      0.38081297
  67     1      50   0.00813552625      20.3530239      20.6827358      10.5343365      37.8946194       0.7516065     0.829011378
          wgpu 1d 199g 250c x3w 4ms | egraph 58g->104v+0snap 9ms | graft 48 (-129n, 0 snap) cpu 0 | f64 20 | gen 0.1s | dropped inexpr 17 oversz 0 unbuild 0 {}
  68     0     100               0      9.01542051      9.50077919      7.90276759      26.9460175     0.332925894      0.38081297
  68     1      50   0.00813552625      20.3530239      20.6827358      10.5343365      37.8946194       0.7516065     0.829011378
          wgpu 1d 189g 249c x3w 4ms | egraph 60g->103v+0snap 10ms | graft 53 (-125n, 0 snap) cpu 0 | f64 20 | gen 0.2s | dropped inexpr 17 oversz 0 unbuild 0 {}
  69     0     100               0      9.01542051      9.50077919      7.90276759      26.9460175     0.332925894      0.38081297
  69     1      50   0.00813552625      20.3530239      20.6827358      10.5343365      37.8946194       0.7516065     0.829011378
          wgpu 1d 169g 235c x3w 4ms | egraph 45g->89v+0snap 8ms | graft 54 (-145n, 0 snap) cpu 0 | f64 20 | gen 0.1s | dropped inexpr 12 oversz 0 unbuild 0 {}
  70     0     100               0      9.01542051      9.50077919      7.90276759      26.9460175     0.332925894      0.38081297
  70     1      50   0.00813552625      20.3530239      20.6827358      10.5343365      37.8946194       0.7516065     0.829011378
          wgpu 1d 175g 242c x3w 4ms | egraph 50g->96v+0snap 7ms | graft 53 (-131n, 0 snap) cpu 0 | f64 20 | gen 0.2s | dropped inexpr 17 oversz 0 unbuild 0 {}
--------- pump migration: intra (promote-2 + intake-reset) ---------
  71     0     100               0      9.01542051      9.50077919      7.90276759      26.9460175     0.332925894      0.38081297
  71     1      50               0      9.01542051      9.50077919      7.90276759      26.9460175     0.332925894      0.38081297
          wgpu 2d 387g 384c x3w 7ms | egraph 127g->158v+0snap 19ms | graft 81 (-230n, 0 snap) cpu 0 | f64 30 | gen 0.2s | dropped inexpr 9 oversz 0 unbuild 0 {}
  72     0     100               0      9.01542051      9.50077919      7.90276759      26.9460175     0.332925894      0.38081297
  72     1      50               0      9.01542051      9.50077919      7.90276759      26.9460175     0.332925894      0.38081297
          wgpu 1d 141g 190c x3w 3ms | egraph 36g->44v+0snap 5ms | graft 34 (-67n, 0 snap) cpu 0 | f64 20 | gen 0.1s | dropped inexpr 14 oversz 0 unbuild 0 {}
  73     0     100               0      9.01542051      9.50077919      7.90276759      26.9460175     0.332925894      0.38081297
  73     1      50               0      9.01542051      9.50077919      7.90276759      26.9460175     0.332925894      0.38081297
          wgpu 1d 160g 214c x3w 4ms | egraph 40g->68v+0snap 7ms | graft 50 (-120n, 0 snap) cpu 0 | f64 20 | gen 0.1s | dropped inexpr 16 oversz 0 unbuild 0 {}
  74     0     100               0      3.41928037      3.66842097      5.85106795      11.5280477     0.126268872     0.147038707
  74     1      50               0       7.9665626      8.54880401      7.49340414      21.1613113     0.294193152     0.342655627
          wgpu 1d 140g 203c x3w 3ms | egraph 38g->57v+0snap 6ms | graft 48 (-103n, 0 snap) cpu 0 | f64 21 | gen 0.1s | dropped inexpr 13 oversz 0 unbuild 0 {}
  75     0     100               0      3.41928072      3.66842096      5.85106753      11.5280511     0.126268884     0.147038706
  75     1      50               0      9.01542051      9.50077919      7.90276759      26.9460175     0.332925894      0.38081297
          wgpu 1d 146g 199c x3w 3ms | egraph 43g->53v+0snap 8ms | graft 39 (-84n, 0 snap) cpu 0 | f64 20 | gen 0.1s | dropped inexpr 17 oversz 0 unbuild 0 {}
  76     0     100               0      3.41928072      3.66842096      5.85106753      11.5280511     0.126268884     0.147038706
  76     1      50               0      9.01542051      9.50077919      7.90276759      26.9460175     0.332925894      0.38081297
          wgpu 1d 144g 199c x3w 3ms | egraph 36g->53v+0snap 6ms | graft 44 (-101n, 0 snap) cpu 0 | f64 20 | gen 0.1s | dropped inexpr 15 oversz 0 unbuild 0 {}
  77     0     100               0      3.41928037      3.66842097      5.85106795      11.5280477     0.126268872     0.147038707
  77     1      50               0      9.01542051      9.50077919      7.90276759      26.9460175     0.332925894      0.38081297
          wgpu 1d 126g 187c x3w 3ms | egraph 34g->41v+0snap 5ms | graft 31 (-73n, 0 snap) cpu 0 | f64 20 | gen 0.1s | dropped inexpr 11 oversz 0 unbuild 0 {}
  78     0     100               0      3.41928037      3.66842097      5.85106795      11.5280477     0.126268872     0.147038707
  78     1      50               0      4.48742298      4.60852643      5.43809652      14.2551151     0.165713769     0.184720285
          wgpu 1d 154g 201c x3w 3ms | egraph 29g->55v+0snap 6ms | graft 37 (-81n, 0 snap) cpu 0 | f64 20 | gen 0.1s | dropped inexpr 9 oversz 0 unbuild 0 {}
  79     0     100               0      3.41928037      3.66842097      5.85106795      11.5280477     0.126268872     0.147038707
  79     1      50               0      4.48742298      4.60852643      5.43809652      14.2551151     0.165713769     0.184720285
          wgpu 1d 163g 223c x3w 3ms | egraph 39g->77v+0snap 6ms | graft 53 (-114n, 0 snap) cpu 0 | f64 20 | gen 0.1s | dropped inexpr 14 oversz 0 unbuild 0 {}
  80     0     100               0      3.41928037      3.66842097      5.85106795      11.5280477     0.126268872     0.147038707
  80     1      50               0      3.55531156      3.49513505      4.55314557      11.5647965     0.131292298     0.140093011
          wgpu 1d 166g 219c x3w 3ms | egraph 40g->73v+0snap 7ms | graft 52 (-112n, 0 snap) cpu 0 | f64 20 | gen 0.1s | dropped inexpr 16 oversz 0 unbuild 0 {}
--------- pump migration: intra (promote-2 + intake-reset) ---------
  81     0     100               0      3.41928037      3.66842097      5.85106795      11.5280477     0.126268872     0.147038707
  81     1      50               0      3.55531156      3.49513505      4.55314557      11.5647965     0.131292298     0.140093011
          wgpu 2d 369g 381c x3w 7ms | egraph 116g->155v+0snap 25ms | graft 85 (-252n, 0 snap) cpu 0 | f64 30 | gen 0.1s | dropped inexpr 10 oversz 0 unbuild 0 {}
  82     0     100               0      3.41928037      3.66842097      5.85106795      11.5280477     0.126268872     0.147038707
  82     1      50               0      3.55531156      3.49513505      4.55314557      11.5647965     0.131292298     0.140093011
          wgpu 1d 155g 208c x3w 3ms | egraph 35g->62v+0snap 6ms | graft 47 (-105n, 0 snap) cpu 0 | f64 20 | gen 0.2s | dropped inexpr 12 oversz 0 unbuild 0 {}
  83     0     100               0      3.41928037      3.66842097      5.85106795      11.5280477     0.126268872     0.147038707
  83     1      50               0      3.55531156      3.49513505      4.55314557      11.5647965     0.131292298     0.140093011
          wgpu 1d 150g 221c x3w 3ms | egraph 34g->75v+0snap 5ms | graft 51 (-115n, 0 snap) cpu 0 | f64 20 | gen 0.1s | dropped inexpr 12 oversz 0 unbuild 0 {}
  84     0     100               0      3.41928037      3.66842097      5.85106795      11.5280477     0.126268872     0.147038707
  84     1      50               0      3.55531258      3.49513379      4.55314556      11.5647956     0.131292336      0.14009296
          wgpu 1d 152g 239c x3w 3ms | egraph 34g->93v+0snap 6ms | graft 49 (-105n, 0 snap) cpu 0 | f64 20 | gen 0.1s | dropped inexpr 17 oversz 0 unbuild 0 {}
  85     0     100               0      3.41928037      3.66842097      5.85106795      11.5280477     0.126268872     0.147038707
  85     1      50               0      1.65169045      1.49989744      3.42437133      5.01720579    0.0609944392    0.0601193215
          wgpu 1d 158g 220c x3w 4ms | egraph 29g->74v+0snap 9ms | graft 48 (-95n, 0 snap) cpu 0 | f64 20 | gen 0.1s | dropped inexpr 10 oversz 0 unbuild 0 {}
  86     0     100               0      3.41928037      3.66842097      5.85106795      11.5280477     0.126268872     0.147038707
  86     1      50               0      1.65169045      1.49989744      3.42437133      5.01720579    0.0609944392    0.0601193215
          wgpu 1d 188g 239c x3w 4ms | egraph 45g->93v+0snap 7ms | graft 53 (-128n, 0 snap) cpu 0 | f64 20 | gen 0.1s | dropped inexpr 18 oversz 0 unbuild 0 {}
  87     0     100               0      3.41928037      3.66842097      5.85106795      11.5280477     0.126268872     0.147038707
  87     1      50               0      1.65169045      1.49989744      3.42437133      5.01720579    0.0609944392    0.0601193215
          wgpu 1d 154g 211c x3w 3ms | egraph 44g->65v+0snap 8ms | graft 37 (-81n, 0 snap) cpu 0 | f64 20 | gen 0.1s | dropped inexpr 19 oversz 0 unbuild 0 {}
  88     0     100               0      3.41928037      3.66842097      5.85106795      11.5280477     0.126268872     0.147038707
  88     1      50               0      1.65169101      1.49989752      3.42438226      5.01721258      0.06099446    0.0601193249
          wgpu 1d 164g 222c x3w 3ms | egraph 37g->76v+0snap 7ms | graft 48 (-114n, 0 snap) cpu 0 | f64 20 | gen 0.3s | dropped inexpr 12 oversz 0 unbuild 0 {}
  89     0     100               0      3.41928037      3.66842097      5.85106795      11.5280477     0.126268872     0.147038707
  89     1      50               0      1.57896431      1.44939075      3.12811664      5.55165784    0.0583087725    0.0580948979
          wgpu 1d 164g 219c x3w 3ms | egraph 28g->72v+0snap 5ms | graft 48 (-117n, 0 snap) cpu 0 | f64 20 | gen 0.1s | dropped inexpr 9 oversz 0 unbuild 0 {}
  90     0     100               0      3.41928037      3.66842097      5.85106795      11.5280477     0.126268872     0.147038707
  90     1      50               0      1.57896431      1.44939075      3.12811664      5.55165784    0.0583087725    0.0580948979
          wgpu 1d 168g 221c x3w 4ms | egraph 43g->75v+0snap 10ms | graft 44 (-108n, 0 snap) cpu 0 | f64 20 | gen 0.1s | dropped inexpr 20 oversz 0 unbuild 0 {}
--------- pump migration: intra (promote-2 + intake-reset) + cross ---------
  91     0     100               0      3.41928037      3.66842097      5.85106795      11.5280477     0.126268872     0.147038707
  91     1      50               0      1.57896431      1.44939075      3.12811664      5.55165784    0.0583087725    0.0580948979
          wgpu 2d 353g 383c x3w 7ms | egraph 111g->157v+0snap 18ms | graft 86 (-283n, 0 snap) cpu 0 | f64 30 | gen 0.1s | dropped inexpr 12 oversz 0 unbuild 0 {}
  92     0     100               0      3.41928037      3.66842097      5.85106795      11.5280477     0.126268872     0.147038707
  92     1      50               0      1.57896431      1.44939075      3.12811664      5.55165784    0.0583087725    0.0580948979
          wgpu 1d 164g 222c x3w 3ms | egraph 23g->76v+0snap 4ms | graft 46 (-101n, 0 snap) cpu 0 | f64 20 | gen 0.1s | dropped inexpr 12 oversz 0 unbuild 0 {}
  93     0     100               0      3.41928037      3.66842097      5.85106795      11.5280477     0.126268872     0.147038707
  93     1      50               0      1.57896431      1.44939075      3.12811664      5.55165784    0.0583087725    0.0580948979
          wgpu 1d 161g 221c x3w 4ms | egraph 27g->75v+0snap 7ms | graft 46 (-123n, 0 snap) cpu 0 | f64 20 | gen 0.1s | dropped inexpr 8 oversz 0 unbuild 0 {}
  94     0     100               0      3.41928037      3.66842097      5.85106795      11.5280477     0.126268872     0.147038707
  94     1      50               0      1.57896484      1.44939068      3.12812728      5.55166324    0.0583087922    0.0580948948
          wgpu 1d 166g 218c x3w 3ms | egraph 33g->72v+0snap 6ms | graft 41 (-97n, 0 snap) cpu 0 | f64 20 | gen 0.1s | dropped inexpr 9 oversz 0 unbuild 0 {}
  95     0     100               0      3.41928037      3.66842097      5.85106795      11.5280477     0.126268872     0.147038707
  95     1      50               0      1.57896431      1.44939075      3.12811664      5.55165784    0.0583087725    0.0580948979
          wgpu 1d 178g 223c x3w 4ms | egraph 36g->77v+0snap 6ms | graft 48 (-111n, 0 snap) cpu 0 | f64 20 | gen 0.1s | dropped inexpr 11 oversz 0 unbuild 0 {}
  96     0     100               0      3.41928037      3.66842097      5.85106795      11.5280477     0.126268872     0.147038707
  96     1      50               0      1.57896431      1.44939075      3.12811664      5.55165784    0.0583087725    0.0580948979
          wgpu 1d 150g 210c x3w 3ms | egraph 33g->64v+0snap 8ms | graft 42 (-96n, 0 snap) cpu 0 | f64 20 | gen 0.2s | dropped inexpr 12 oversz 0 unbuild 0 {}
  97     0     100               0      3.41928037      3.66842097      5.85106795      11.5280477     0.126268872     0.147038707
  97     1      50               0      1.57896431      1.44939075      3.12811664      5.55165784    0.0583087725    0.0580948979
          wgpu 1d 171g 213c x3w 3ms | egraph 30g->67v+0snap 5ms | graft 54 (-134n, 0 snap) cpu 0 | f64 20 | gen 0.1s | dropped inexpr 6 oversz 0 unbuild 0 {}
  98     0     100               0      3.41928037      3.66842097      5.85106795      11.5280477     0.126268872     0.147038707
  98     1      50               0      1.57896431      1.44939075      3.12811664      5.55165784    0.0583087725    0.0580948979
          wgpu 1d 139g 199c x3w 3ms | egraph 26g->53v+0snap 6ms | graft 43 (-92n, 0 snap) cpu 0 | f64 20 | gen 0.1s | dropped inexpr 9 oversz 0 unbuild 0 {}
  99     0     100               0      3.41928037      3.66842097      5.85106795      11.5280477     0.126268872     0.147038707
  99     1      50               0      1.57896484      1.44939068      3.12812728      5.55166324    0.0583087922    0.0580948948
          wgpu 1d 174g 207c x3w 4ms | egraph 31g->61v+0snap 6ms | graft 43 (-111n, 0 snap) cpu 0 | f64 20 | gen 0.1s | dropped inexpr 12 oversz 0 unbuild 0 {}
 100     0     100               0      1.40711926      1.39550891      2.69345169      4.65103462    0.0519627939    0.0559351905
 100     1      50               0      1.57896484      1.44939068      3.12812728      5.55166324    0.0583087922    0.0580948948
          wgpu 1d 143g 198c x3w 3ms | egraph 31g->52v+0snap 5ms | graft 43 (-102n, 0 snap) cpu 0 | f64 20 | gen 0.1s | dropped inexpr 11 oversz 0 unbuild 0 {}
--------- pump migration: intra (promote-2 + intake-reset) ---------
 101     0     100               0      1.40711926      1.39550891      2.69345169      4.65103462    0.0519627939    0.0559351905
 101     1      50               0      1.57896431      1.44939075      3.12811664      5.55165784    0.0583087725    0.0580948979
          wgpu 2d 345g 372c x3w 7ms | egraph 106g->146v+0snap 19ms | graft 70 (-198n, 0 snap) cpu 0 | f64 30 | gen 0.2s | dropped inexpr 12 oversz 0 unbuild 0 {}
 102     0     100               0      1.40711926      1.39550891      2.69345169      4.65103462    0.0519627939    0.0559351905
 102     1      50               0      1.57896431      1.44939075      3.12811664      5.55165784    0.0583087725    0.0580948979
          wgpu 1d 123g 187c x3w 3ms | egraph 30g->41v+0snap 6ms | graft 35 (-74n, 0 snap) cpu 0 | f64 20 | gen 0.1s | dropped inexpr 11 oversz 0 unbuild 0 {}
 103     0     100               0      1.40711926      1.39550891      2.69345169      4.65103462    0.0519627939    0.0559351905
 103     1      50               0      1.57896431      1.44939075      3.12811664      5.55165784    0.0583087725    0.0580948979
          wgpu 1d 121g 198c x3w 3ms | egraph 29g->52v+0snap 5ms | graft 39 (-88n, 0 snap) cpu 0 | f64 20 | gen 0.1s | dropped inexpr 11 oversz 0 unbuild 0 {}
 104     0     100               0      1.40711926      1.39550891      2.69345169      4.65103462    0.0519627939    0.0559351905
 104     1      50               0      1.57896431      1.44939075      3.12811664      5.55165784    0.0583087725    0.0580948979
          wgpu 1d 114g 182c x3w 3ms | egraph 18g->36v+0snap 4ms | graft 29 (-54n, 0 snap) cpu 0 | f64 20 | gen 0.1s | dropped inexpr 7 oversz 0 unbuild 0 {}
 105     0     100               0      1.40711962      1.39550901      2.69346239      4.65103973    0.0519628072    0.0559351943
 105     1      50               0      1.57896431      1.44939075      3.12811664      5.55165784    0.0583087725    0.0580948979
          wgpu 1d 112g 178c x3w 3ms | egraph 21g->32v+0snap 4ms | graft 24 (-42n, 0 snap) cpu 0 | f64 20 | gen 0.1s | dropped inexpr 5 oversz 0 unbuild 0 {}
 106     0     100               0      1.40711962      1.39550901      2.69346239      4.65103973    0.0519628072    0.0559351943
 106     1      50               0      1.40711926      1.39550891      2.69345169      4.65103462    0.0519627939    0.0559351905
          wgpu 1d 104g 173c x3w 3ms | egraph 16g->27v+0snap 3ms | graft 21 (-40n, 0 snap) cpu 0 | f64 20 | gen 0.1s | dropped inexpr 4 oversz 0 unbuild 0 {}
 107     0     100               0      1.40711962      1.39550901      2.69346239      4.65103973    0.0519628072    0.0559351943
 107     1      50               0      1.40711926      1.39550891      2.69345169      4.65103462    0.0519627939    0.0559351905
          wgpu 1d 118g 189c x3w 3ms | egraph 23g->43v+0snap 5ms | graft 34 (-59n, 0 snap) cpu 0 | f64 20 | gen 0.1s | dropped inexpr 13 oversz 0 unbuild 0 {}
 108     0     100               0      1.40711962      1.39550901      2.69346239      4.65103973    0.0519628072    0.0559351943
 108     1      50               0      1.40711926      1.39550891      2.69345169      4.65103462    0.0519627939    0.0559351905
          wgpu 1d 102g 170c x3w 3ms | egraph 17g->24v+0snap 3ms | graft 22 (-37n, 0 snap) cpu 0 | f64 20 | gen 0.1s | dropped inexpr 9 oversz 0 unbuild 0 {}
 109     0     100               0      1.40711962      1.39550901      2.69346239      4.65103973    0.0519628072    0.0559351943
 109     1      50               0      1.40711926      1.39550891      2.69345169      4.65103462    0.0519627939    0.0559351905
          wgpu 1d 117g 186c x3w 3ms | egraph 20g->40v+0snap 3ms | graft 32 (-69n, 0 snap) cpu 0 | f64 20 | gen 0.1s | dropped inexpr 10 oversz 0 unbuild 0 {}
 110     0     100               0      1.40711962      1.39550901      2.69346239      4.65103973    0.0519628072    0.0559351943
 110     1      50               0      1.40711926      1.39550891      2.69345169      4.65103462    0.0519627939    0.0559351905
          wgpu 1d 116g 185c x3w 3ms | egraph 22g->39v+0snap 4ms | graft 28 (-55n, 0 snap) cpu 0 | f64 20 | gen 0.1s | dropped inexpr 8 oversz 0 unbuild 0 {}
--------- pump migration: intra (promote-2 + intake-reset) ---------
 111     0     100               0      1.40711962      1.39550901      2.69346239      4.65103973    0.0519628072    0.0559351943
 111     1      50               0      1.40711962      1.39550901      2.69346239      4.65103973    0.0519628072    0.0559351943
          wgpu 2d 330g 363c x3w 7ms | egraph 102g->137v+0snap 17ms | graft 79 (-232n, 0 snap) cpu 0 | f64 30 | gen 0.1s | dropped inexpr 11 oversz 0 unbuild 0 {}
 112     0     100               0      1.40711962      1.39550901      2.69346239      4.65103973    0.0519628072    0.0559351943
 112     1      50               0      1.40711962      1.39550901      2.69346239      4.65103973    0.0519628072    0.0559351943
          wgpu 1d 133g 195c x3w 3ms | egraph 20g->49v+0snap 4ms | graft 34 (-83n, 0 snap) cpu 0 | f64 20 | gen 0.1s | dropped inexpr 10 oversz 0 unbuild 0 {}
 113     0     100               0      1.40711926      1.39550891      2.69345169      4.65103462    0.0519627939    0.0559351905
 113     1      50               0      1.40711962      1.39550901      2.69346239      4.65103973    0.0519628072    0.0559351943
          wgpu 1d 99g 177c x3w 3ms | egraph 19g->31v+0snap 3ms | graft 29 (-57n, 0 snap) cpu 0 | f64 20 | gen 0.1s | dropped inexpr 8 oversz 0 unbuild 0 {}
 114     0     100               0      1.40711926      1.39550891      2.69345169      4.65103462    0.0519627939    0.0559351905
 114     1      50               0      1.40711962      1.39550901      2.69346239      4.65103973    0.0519628072    0.0559351943
          wgpu 1d 95g 175c x3w 3ms | egraph 20g->29v+0snap 4ms | graft 24 (-55n, 0 snap) cpu 0 | f64 20 | gen 0.1s | dropped inexpr 6 oversz 0 unbuild 0 {}
 115     0     100               0      1.40711926      1.39550891      2.69345169      4.65103462    0.0519627939    0.0559351905
 115     1      50               0      1.40711962      1.39550901      2.69346239      4.65103973    0.0519628072    0.0559351943
          wgpu 1d 112g 178c x3w 3ms | egraph 19g->32v+0snap 4ms | graft 29 (-55n, 0 snap) cpu 0 | f64 20 | gen 0.1s | dropped inexpr 7 oversz 0 unbuild 0 {}
 116     0     100               0      1.40711921      1.39550886      2.69345452      4.65103129    0.0519627921    0.0559351886
 116     1      50               0      1.40711962      1.39550901      2.69346239      4.65103973    0.0519628072    0.0559351943
          wgpu 1d 97g 179c x3w 3ms | egraph 12g->33v+0snap 3ms | graft 28 (-57n, 0 snap) cpu 0 | f64 20 | gen 0.1s | dropped inexpr 3 oversz 0 unbuild 0 {}
 117     0     100               0      1.40711921      1.39550886      2.69345452      4.65103129    0.0519627921    0.0559351886
 117     1      50               0      1.40711926      1.39550891      2.69345169      4.65103462    0.0519627939    0.0559351905
          wgpu 1d 102g 172c x3w 3ms | egraph 13g->26v+0snap 3ms | graft 21 (-38n, 0 snap) cpu 0 | f64 20 | gen 0.1s | dropped inexpr 6 oversz 0 unbuild 0 {}
 118     0     100               0      1.40711921      1.39550886      2.69345452      4.65103129    0.0519627921    0.0559351886
 118     1      50               0      1.40711926      1.39550891      2.69345169      4.65103462    0.0519627939    0.0559351905
          wgpu 1d 89g 171c x3w 3ms | egraph 19g->25v+0snap 4ms | graft 19 (-44n, 0 snap) cpu 0 | f64 20 | gen 0.1s | dropped inexpr 7 oversz 0 unbuild 0 {}
 119     0     100               0      1.40711921      1.39550886      2.69345452      4.65103129    0.0519627921    0.0559351886
 119     1      50               0      1.40711926      1.39550891      2.69345169      4.65103462    0.0519627939    0.0559351905
          wgpu 1d 91g 175c x3w 3ms | egraph 8g->29v+0snap 2ms | graft 23 (-44n, 0 snap) cpu 0 | f64 20 | gen 0.1s | dropped inexpr 1 oversz 0 unbuild 0 {}
 120     0     100               0      1.40711921      1.39550886      2.69345452      4.65103129    0.0519627921    0.0559351886
 120     1      50               0      1.40711962      1.39550901      2.69346239      4.65103973    0.0519628072    0.0559351943
          wgpu 1d 106g 174c x3w 3ms | egraph 13g->28v+0snap 3ms | graft 25 (-47n, 0 snap) cpu 0 | f64 20 | gen 0.1s | dropped inexpr 4 oversz 0 unbuild 0 {}
--------- pump migration: intra (promote-2 + intake-reset) + cross ---------
 121     0     100               0      1.40711921      1.39550886      2.69345452      4.65103129    0.0519627921    0.0559351886
 121     1      50               0      1.40711926      1.39550891      2.69345169      4.65103462    0.0519627939    0.0559351905
          wgpu 2d 323g 349c x3w 7ms | egraph 93g->123v+0snap 21ms | graft 74 (-206n, 0 snap) cpu 0 | f64 30 | gen 0.1s | dropped inexpr 9 oversz 0 unbuild 0 {}
 122     0     100               0      1.40711921      1.39550886      2.69345452      4.65103129    0.0519627921    0.0559351886
 122     1      50               0      1.40711926      1.39550891      2.69345169      4.65103462    0.0519627939    0.0559351905
          wgpu 1d 123g 185c x3w 3ms | egraph 24g->39v+0snap 4ms | graft 36 (-75n, 0 snap) cpu 0 | f64 20 | gen 0.1s | dropped inexpr 10 oversz 0 unbuild 0 {}
 123     0     100               0      1.40711921      1.39550886      2.69345452      4.65103129    0.0519627921    0.0559351886
 123     1      50               0      1.40711926      1.39550891      2.69345169      4.65103462    0.0519627939    0.0559351905
          wgpu 1d 113g 177c x3w 3ms | egraph 17g->31v+0snap 3ms | graft 26 (-45n, 0 snap) cpu 0 | f64 20 | gen 0.1s | dropped inexpr 3 oversz 0 unbuild 0 {}
 124     0     100               0      1.40711921      1.39550886      2.69345452      4.65103129    0.0519627921    0.0559351886
 124     1      50               0      1.40711926      1.39550891      2.69345169      4.65103462    0.0519627939    0.0559351905
          wgpu 1d 116g 185c x3w 3ms | egraph 23g->39v+0snap 4ms | graft 32 (-71n, 0 snap) cpu 0 | f64 20 | gen 0.1s | dropped inexpr 9 oversz 0 unbuild 0 {}
 125     0     100               0      1.40711921      1.39550886      2.69345452      4.65103129    0.0519627921    0.0559351886
 125     1      50               0      1.40711926      1.39550891      2.69345169      4.65103462    0.0519627939    0.0559351905
          wgpu 1d 88g 170c x3w 3ms | egraph 12g->24v+0snap 2ms | graft 21 (-43n, 0 snap) cpu 0 | f64 20 | gen 0.1s | dropped inexpr 3 oversz 0 unbuild 0 {}
 126     0     100               0      1.40711921      1.39550886      2.69345452      4.65103129    0.0519627921    0.0559351886
 126     1      50               0      1.40711921      1.39550886      2.69345452      4.65103129    0.0519627921    0.0559351886
          wgpu 1d 109g 182c x3w 2ms | egraph 18g->36v+0snap 3ms | graft 28 (-56n, 0 snap) cpu 0 | f64 20 | gen 0.1s | dropped inexpr 5 oversz 0 unbuild 0 {}
 127     0     100               0      1.40711921      1.39550886      2.69345452      4.65103129    0.0519627921    0.0559351886
 127     1      50               0      1.40711921      1.39550886      2.69345452      4.65103129    0.0519627921    0.0559351886
          wgpu 1d 106g 181c x3w 3ms | egraph 21g->35v+0snap 3ms | graft 29 (-68n, 0 snap) cpu 0 | f64 20 | gen 0.1s | dropped inexpr 6 oversz 0 unbuild 0 {}
 128     0     100               0      1.40711921      1.39550886      2.69345452      4.65103129    0.0519627921    0.0559351886
 128     1      50               0      1.40711926      1.39550891      2.69345169      4.65103462    0.0519627939    0.0559351905
          wgpu 1d 107g 185c x3w 3ms | egraph 26g->39v+0snap 4ms | graft 29 (-56n, 0 snap) cpu 0 | f64 20 | gen 0.1s | dropped inexpr 22 oversz 0 unbuild 0 {}
 129     0     100               0      1.40711921      1.39550886      2.69345452      4.65103129    0.0519627921    0.0559351886
 129     1      50               0      1.40711926      1.39550891      2.69345169      4.65103462    0.0519627939    0.0559351905
          wgpu 1d 117g 191c x3w 3ms | egraph 19g->45v+0snap 3ms | graft 30 (-59n, 0 snap) cpu 0 | f64 20 | gen 0.1s | dropped inexpr 20 oversz 0 unbuild 0 {}
 130     0     100               0      1.40711921      1.39550886      2.69345452      4.65103129    0.0519627921    0.0559351886
 130     1      50               0      1.40711926      1.39550891      2.69345169      4.65103462    0.0519627939    0.0559351905
          wgpu 1d 114g 182c x3w 3ms | egraph 23g->36v+0snap 4ms | graft 23 (-58n, 0 snap) cpu 0 | f64 20 | gen 0.1s | dropped inexpr 10 oversz 0 unbuild 0 {}
--------- pump migration: intra (promote-2 + intake-reset) ---------
 131     0     100               0      1.40711921      1.39550886      2.69345452      4.65103129    0.0519627921    0.0559351886
 131     1      50               0      1.40711926      1.39550891      2.69345169      4.65103462    0.0519627939    0.0559351905
          wgpu 2d 336g 368c x3w 7ms | egraph 97g->142v+0snap 21ms | graft 70 (-218n, 0 snap) cpu 0 | f64 30 | gen 0.1s | dropped inexpr 8 oversz 0 unbuild 0 {}
 132     0     100               0      1.40711921      1.39550886      2.69345452      4.65103129    0.0519627921    0.0559351886
 132     1      50               0      1.40711926      1.39550891      2.69345169      4.65103462    0.0519627939    0.0559351905
          wgpu 1d 98g 179c x3w 3ms | egraph 16g->33v+0snap 3ms | graft 26 (-56n, 0 snap) cpu 0 | f64 20 | gen 0.1s | dropped inexpr 9 oversz 0 unbuild 0 {}
 133     0     100               0      1.40711921      1.39550886      2.69345452      4.65103129    0.0519627921    0.0559351886
 133     1      50               0      1.40711921      1.39550886      2.69345452      4.65103129    0.0519627921    0.0559351886
          wgpu 1d 95g 176c x3w 3ms | egraph 19g->30v+0snap 4ms | graft 24 (-48n, 0 snap) cpu 0 | f64 20 | gen 0.1s | dropped inexpr 5 oversz 0 unbuild 0 {}
 134     0     100               0      1.40711921      1.39550886      2.69345452      4.65103129    0.0519627921    0.0559351886
 134     1      50               0      1.40711926      1.39550891      2.69345169      4.65103462    0.0519627939    0.0559351905
          wgpu 1d 112g 192c x3w 3ms | egraph 17g->46v+0snap 3ms | graft 32 (-75n, 0 snap) cpu 0 | f64 20 | gen 0.1s | dropped inexpr 8 oversz 0 unbuild 0 {}
 135     0     100               0      1.40711926      1.39550891      2.69345169      4.65103462    0.0519627939    0.0559351905
 135     1      50               0      1.40711926      1.39550891      2.69345169      4.65103462    0.0519627939    0.0559351905
          wgpu 1d 121g 186c x3w 3ms | egraph 17g->40v+0snap 4ms | graft 28 (-75n, 0 snap) cpu 0 | f64 20 | gen 0.1s | dropped inexpr 9 oversz 0 unbuild 0 {}
 136     0     100               0      1.40711921      1.39550886      2.69345452      4.65103129    0.0519627921    0.0559351886
 136     1      50               0      1.40711926      1.39550891      2.69345169      4.65103462    0.0519627939    0.0559351905
          wgpu 1d 112g 179c x3w 3ms | egraph 20g->33v+0snap 3ms | graft 25 (-54n, 0 snap) cpu 0 | f64 20 | gen 0.1s | dropped inexpr 5 oversz 0 unbuild 0 {}
 137     0     100               0      1.40711921      1.39550886      2.69345452      4.65103129    0.0519627921    0.0559351886
 137     1      50               0      1.40711926      1.39550891      2.69345169      4.65103462    0.0519627939    0.0559351905
          wgpu 1d 104g 182c x3w 3ms | egraph 9g->36v+0snap 2ms | graft 20 (-47n, 0 snap) cpu 0 | f64 20 | gen 0.1s | dropped inexpr 8 oversz 0 unbuild 0 {}
 138     0     100               0      1.40711921      1.39550886      2.69345452      4.65103129    0.0519627921    0.0559351886
 138     1      50               0      1.40711921      1.39550886      2.69345452      4.65103129    0.0519627921    0.0559351886
          wgpu 1d 104g 191c x3w 3ms | egraph 10g->45v+0snap 2ms | graft 33 (-66n, 0 snap) cpu 0 | f64 20 | gen 0.1s | dropped inexpr 6 oversz 0 unbuild 0 {}
 139     0     100               0      1.40711921      1.39550886      2.69345452      4.65103129    0.0519627921    0.0559351886
 139     1      50               0      1.40711921      1.39550886      2.69345452      4.65103129    0.0519627921    0.0559351886
          wgpu 1d 111g 187c x3w 3ms | egraph 13g->41v+0snap 2ms | graft 31 (-64n, 0 snap) cpu 0 | f64 20 | gen 0.1s | dropped inexpr 5 oversz 0 unbuild 0 {}
 140     0     100               0      1.40711921      1.39550886      2.69345452      4.65103129    0.0519627921    0.0559351886
 140     1      50               0      1.40711926      1.39550891      2.69345169      4.65103462    0.0519627939    0.0559351905
          wgpu 1d 130g 182c x3w 3ms | egraph 20g->36v+0snap 4ms | graft 25 (-50n, 0 snap) cpu 0 | f64 20 | gen 0.1s | dropped inexpr 8 oversz 0 unbuild 0 {}
--------- pump migration: intra (promote-2 + intake-reset) ---------
 141     0     100               0      1.40711921      1.39550886      2.69345452      4.65103129    0.0519627921    0.0559351886
 141     1      50               0      1.40711926      1.39550891      2.69345169      4.65103462    0.0519627939    0.0559351905
          wgpu 2d 330g 350c x3w 7ms | egraph 101g->124v+0snap 18ms | graft 68 (-170n, 0 snap) cpu 0 | f64 30 | gen 0.1s | dropped inexpr 14 oversz 0 unbuild 0 {}
 142     0     100               0      1.40711921      1.39550886      2.69345452      4.65103129    0.0519627921    0.0559351886
 142     1      50               0      1.40711926      1.39550891      2.69345169      4.65103462    0.0519627939    0.0559351905
          wgpu 1d 125g 186c x3w 3ms | egraph 23g->40v+0snap 4ms | graft 24 (-49n, 0 snap) cpu 0 | f64 20 | gen 0.1s | dropped inexpr 13 oversz 0 unbuild 0 {}
 143     0     100               0      1.40711921      1.39550886      2.69345452      4.65103129    0.0519627921    0.0559351886
 143     1      50               0      1.40711926      1.39550891      2.69345169      4.65103462    0.0519627939    0.0559351905
          wgpu 1d 122g 185c x3w 3ms | egraph 18g->39v+0snap 8ms | graft 31 (-81n, 0 snap) cpu 0 | f64 20 | gen 0.1s | dropped inexpr 13 oversz 0 unbuild 0 {}
 144     0     100               0      1.40711921      1.39550886      2.69345452      4.65103129    0.0519627921    0.0559351886
 144     1      50               0      1.40711926      1.39550891      2.69345169      4.65103462    0.0519627939    0.0559351905
          wgpu 1d 113g 189c x3w 3ms | egraph 18g->43v+0snap 3ms | graft 30 (-64n, 0 snap) cpu 0 | f64 20 | gen 0.1s | dropped inexpr 12 oversz 0 unbuild 0 {}
 145     0     100               0      1.40711921      1.39550886      2.69345452      4.65103129    0.0519627921    0.0559351886
 145     1      50               0      1.40711921      1.39550886      2.69345452      4.65103129    0.0519627921    0.0559351886
          wgpu 1d 112g 189c x3w 3ms | egraph 15g->43v+0snap 3ms | graft 31 (-71n, 0 snap) cpu 0 | f64 20 | gen 0.1s | dropped inexpr 8 oversz 0 unbuild 0 {}
 146     0     100               0      1.40711926      1.39550891      2.69345169      4.65103462    0.0519627939    0.0559351905
 146     1      50               0      1.40711926      1.39550891      2.69345169      4.65103462    0.0519627939    0.0559351905
          wgpu 1d 112g 185c x3w 3ms | egraph 19g->39v+0snap 7ms | graft 26 (-82n, 0 snap) cpu 0 | f64 20 | gen 0.1s | dropped inexpr 9 oversz 0 unbuild 0 {}
 147     0     100               0      1.40711926      1.39550891      2.69345169      4.65103462    0.0519627939    0.0559351905
 147     1      50               0      1.40711926      1.39550891      2.69345169      4.65103462    0.0519627939    0.0559351905
          wgpu 1d 87g 178c x3w 3ms | egraph 9g->32v+0snap 5ms | graft 23 (-50n, 0 snap) cpu 0 | f64 20 | gen 0.1s | dropped inexpr 2 oversz 0 unbuild 0 {}
 148     0     100               0      1.40711926      1.39550891      2.69345169      4.65103462    0.0519627939    0.0559351905
 148     1      50               0      1.40711926      1.39550891      2.69345169      4.65103462    0.0519627939    0.0559351905
          wgpu 1d 108g 185c x3w 3ms | egraph 17g->39v+0snap 3ms | graft 29 (-60n, 0 snap) cpu 0 | f64 20 | gen 0.1s | dropped inexpr 6 oversz 0 unbuild 0 {}
 149     0     100               0      1.40711921      1.39550886      2.69345452      4.65103129    0.0519627921    0.0559351886
 149     1      50               0      1.40711926      1.39550891      2.69345169      4.65103462    0.0519627939    0.0559351905
          wgpu 1d 115g 186c x3w 3ms | egraph 21g->40v+0snap 4ms | graft 30 (-48n, 0 snap) cpu 0 | f64 20 | gen 0.1s | dropped inexpr 7 oversz 0 unbuild 0 {}
 150     0     100               0      1.40711921      1.39550886      2.69345452      4.65103129    0.0519627921    0.0559351886
 150     1      50               0      1.40711926      1.39550891      2.69345169      4.65103462    0.0519627939    0.0559351905
          wgpu 1d 111g 190c x3w 3ms | egraph 25g->44v+0snap 5ms | graft 31 (-63n, 0 snap) cpu 0 | f64 20 | gen 0.2s | dropped inexpr 11 oversz 0 unbuild 0 {}
--------- pump migration: intra (promote-2 + intake-reset) + cross ---------
 151     0     100               0      1.40711921      1.39550886      2.69345452      4.65103129    0.0519627921    0.0559351886
 151     1      50               0      1.40711926      1.39550891      2.69345169      4.65103462    0.0519627939    0.0559351905
          wgpu 2d 291g 331c x3w 7ms | egraph 81g->105v+0snap 13ms | graft 71 (-171n, 0 snap) cpu 0 | f64 30 | gen 0.1s | dropped inexpr 10 oversz 0 unbuild 0 {}
 152     0     100               0      1.40711921      1.39550886      2.69345452      4.65103129    0.0519627921    0.0559351886
 152     1      50               0      1.40711926      1.39550891      2.69345169      4.65103462    0.0519627939    0.0559351905
          wgpu 1d 103g 183c x3w 3ms | egraph 21g->37v+0snap 6ms | graft 27 (-60n, 0 snap) cpu 0 | f64 20 | gen 0.1s | dropped inexpr 10 oversz 0 unbuild 0 {}
 153     0     100               0      1.40711921      1.39550886      2.69345452      4.65103129    0.0519627921    0.0559351886
 153     1      50               0      1.40711921      1.39550886      2.69345452      4.65103129    0.0519627921    0.0559351886
          wgpu 1d 118g 183c x3w 3ms | egraph 22g->37v+0snap 3ms | graft 29 (-63n, 0 snap) cpu 0 | f64 20 | gen 0.1s | dropped inexpr 9 oversz 0 unbuild 0 {}
 154     0     100               0      1.40711921      1.39550886      2.69345452      4.65103129    0.0519627921    0.0559351886
 154     1      50               0      1.40711926      1.39550891      2.69345169      4.65103462    0.0519627939    0.0559351905
          wgpu 1d 112g 183c x3w 3ms | egraph 14g->37v+0snap 4ms | graft 25 (-74n, 0 snap) cpu 0 | f64 20 | gen 0.1s | dropped inexpr 7 oversz 0 unbuild 0 {}
 155     0     100               0      1.40711921      1.39550886      2.69345452      4.65103129    0.0519627921    0.0559351886
 155     1      50               0      1.40711926      1.39550891      2.69345169      4.65103462    0.0519627939    0.0559351905
          wgpu 1d 101g 185c x3w 3ms | egraph 7g->39v+0snap 2ms | graft 31 (-73n, 0 snap) cpu 0 | f64 20 | gen 0.1s | dropped inexpr 3 oversz 0 unbuild 0 {}
 156     0     100               0      1.40711921      1.39550886      2.69345452      4.65103129    0.0519627921    0.0559351886
 156     1      50               0      1.40711921      1.39550886      2.69345452      4.65103129    0.0519627921    0.0559351886
          wgpu 1d 115g 195c x3w 3ms | egraph 17g->49v+0snap 6ms | graft 38 (-81n, 0 snap) cpu 0 | f64 20 | gen 0.1s | dropped inexpr 8 oversz 0 unbuild 0 {}
 157     0     100               0      1.40711921      1.39550886      2.69345452      4.65103129    0.0519627921    0.0559351886
 157     1      50               0      1.40711926      1.39550891      2.69345169      4.65103462    0.0519627939    0.0559351905
          wgpu 1d 115g 199c x3w 3ms | egraph 17g->53v+0snap 9ms | graft 36 (-80n, 0 snap) cpu 0 | f64 20 | gen 0.1s | dropped inexpr 11 oversz 0 unbuild 0 {}
 158     0     100               0      1.40711921      1.39550886      2.69345452      4.65103129    0.0519627921    0.0559351886
 158     1      50               0      1.40711921      1.39550886      2.69345452      4.65103129    0.0519627921    0.0559351886
          wgpu 1d 109g 178c x3w 3ms | egraph 21g->32v+0snap 4ms | graft 22 (-49n, 0 snap) cpu 0 | f64 20 | gen 0.1s | dropped inexpr 7 oversz 0 unbuild 0 {}
 159     0     100               0      1.40711926      1.39550891      2.69345169      4.65103462    0.0519627939    0.0559351905
 159     1      50               0      1.40711921      1.39550886      2.69345452      4.65103129    0.0519627921    0.0559351886
          wgpu 1d 119g 185c x3w 3ms | egraph 21g->39v+0snap 4ms | graft 28 (-63n, 0 snap) cpu 0 | f64 20 | gen 0.1s | dropped inexpr 8 oversz 0 unbuild 0 {}
 160     0     100               0      1.40711921      1.39550886      2.69345452      4.65103129    0.0519627921    0.0559351886
 160     1      50               0      1.40711926      1.39550891      2.69345169      4.65103462    0.0519627939    0.0559351905
          wgpu 1d 110g 185c x3w 3ms | egraph 16g->39v+0snap 3ms | graft 31 (-62n, 0 snap) cpu 0 | f64 20 | gen 0.1s | dropped inexpr 4 oversz 0 unbuild 0 {}
--------- pump migration: intra (promote-2 + intake-reset) ---------
 161     0     100               0      1.40711921      1.39550886      2.69345452      4.65103129    0.0519627921    0.0559351886
 161     1      50               0      1.40711921      1.39550886      2.69345452      4.65103129    0.0519627921    0.0559351886
          wgpu 2d 298g 347c x3w 7ms | egraph 79g->121v+0snap 20ms | graft 70 (-210n, 0 snap) cpu 0 | f64 30 | gen 0.1s | dropped inexpr 10 oversz 0 unbuild 0 {}
 162     0     100               0      1.40711921      1.39550886      2.69345452      4.65103129    0.0519627921    0.0559351886
 162     1      50               0      1.40711921      1.39550886      2.69345452      4.65103129    0.0519627921    0.0559351886
          wgpu 1d 113g 186c x3w 3ms | egraph 23g->40v+0snap 4ms | graft 27 (-72n, 0 snap) cpu 0 | f64 20 | gen 0.1s | dropped inexpr 7 oversz 0 unbuild 0 {}
 163     0     100               0      1.40711921      1.39550886      2.69345452      4.65103129    0.0519627921    0.0559351886
 163     1      50               0      1.40711926      1.39550891      2.69345169      4.65103462    0.0519627939    0.0559351905
          wgpu 1d 112g 177c x3w 3ms | egraph 14g->31v+0snap 3ms | graft 23 (-51n, 0 snap) cpu 0 | f64 20 | gen 0.1s | dropped inexpr 8 oversz 0 unbuild 0 {}
 164     0     100               0      1.40711921      1.39550886      2.69345452      4.65103129    0.0519627921    0.0559351886
 164     1      50               0      1.40711926      1.39550891      2.69345169      4.65103462    0.0519627939    0.0559351905
          wgpu 1d 128g 191c x3w 3ms | egraph 32g->45v+0snap 6ms | graft 34 (-88n, 0 snap) cpu 0 | f64 20 | gen 0.1s | dropped inexpr 13 oversz 0 unbuild 0 {}
 165     0     100               0      1.40711921      1.39550886      2.69345452      4.65103129    0.0519627921    0.0559351886
 165     1      50               0      1.40711926      1.39550891      2.69345169      4.65103462    0.0519627939    0.0559351905
          wgpu 1d 115g 176c x3w 3ms | egraph 24g->30v+0snap 5ms | graft 24 (-47n, 0 snap) cpu 0 | f64 20 | gen 0.1s | dropped inexpr 5 oversz 0 unbuild 0 {}
 166     0     100               0      1.40711921      1.39550886      2.69345452      4.65103129    0.0519627921    0.0559351886
 166     1      50               0      1.40711926      1.39550891      2.69345169      4.65103462    0.0519627939    0.0559351905
          wgpu 1d 115g 180c x3w 3ms | egraph 23g->34v+0snap 4ms | graft 30 (-52n, 0 snap) cpu 0 | f64 20 | gen 0.1s | dropped inexpr 6 oversz 0 unbuild 0 {}
 167     0     100               0      1.40711926      1.39550891      2.69345169      4.65103462    0.0519627939    0.0559351905
 167     1      50               0      1.40711926      1.39550891      2.69345169      4.65103462    0.0519627939    0.0559351905
          wgpu 1d 112g 189c x3w 3ms | egraph 17g->43v+0snap 4ms | graft 35 (-68n, 0 snap) cpu 0 | f64 20 | gen 0.1s | dropped inexpr 7 oversz 0 unbuild 0 {}
 168     0     100               0      1.40711921      1.39550886      2.69345452      4.65103129    0.0519627921    0.0559351886
 168     1      50               0      1.40711926      1.39550891      2.69345169      4.65103462    0.0519627939    0.0559351905
          wgpu 1d 129g 200c x3w 3ms | egraph 21g->54v+0snap 6ms | graft 34 (-78n, 0 snap) cpu 0 | f64 20 | gen 0.1s | dropped inexpr 7 oversz 0 unbuild 0 {}
 169     0     100               0      1.40711926      1.39550891      2.69345169      4.65103462    0.0519627939    0.0559351905
 169     1      50               0      1.40711926      1.39550891      2.69345169      4.65103462    0.0519627939    0.0559351905
          wgpu 1d 99g 175c x3w 3ms | egraph 23g->29v+0snap 6ms | graft 22 (-52n, 0 snap) cpu 0 | f64 20 | gen 0.1s | dropped inexpr 7 oversz 0 unbuild 0 {}
 170     0     100               0      1.40711921      1.39550886      2.69345452      4.65103129    0.0519627921    0.0559351886
 170     1      50               0      1.40711926      1.39550891      2.69345169      4.65103462    0.0519627939    0.0559351905
          wgpu 1d 113g 183c x3w 3ms | egraph 23g->37v+0snap 5ms | graft 29 (-60n, 0 snap) cpu 0 | f64 20 | gen 0.1s | dropped inexpr 9 oversz 0 unbuild 0 {}
--------- pump migration: intra (promote-2 + intake-reset) ---------
 171     0     100               0      1.40711921      1.39550886      2.69345452      4.65103129    0.0519627921    0.0559351886
 171     1      50               0      1.40711921      1.39550886      2.69345452      4.65103129    0.0519627921    0.0559351886
          wgpu 2d 345g 364c x3w 7ms | egraph 101g->138v+0snap 23ms | graft 74 (-256n, 0 snap) cpu 0 | f64 30 | gen 0.1s | dropped inexpr 18 oversz 0 unbuild 0 {}
 172     0     100               0      1.40711921      1.39550886      2.69345452      4.65103129    0.0519627921    0.0559351886
 172     1      50               0      1.40711921      1.39550886      2.69345452      4.65103129    0.0519627921    0.0559351886
          wgpu 1d 117g 185c x3w 3ms | egraph 25g->39v+0snap 5ms | graft 31 (-62n, 0 snap) cpu 0 | f64 20 | gen 0.1s | dropped inexpr 10 oversz 0 unbuild 0 {}
 173     0     100               0      1.40711926      1.39550891      2.69345169      4.65103462    0.0519627939    0.0559351905
 173     1      50               0      1.40711921      1.39550886      2.69345452      4.65103129    0.0519627921    0.0559351886
          wgpu 1d 118g 178c x3w 3ms | egraph 25g->32v+0snap 4ms | graft 25 (-58n, 0 snap) cpu 0 | f64 20 | gen 0.1s | dropped inexpr 8 oversz 0 unbuild 0 {}
 174     0     100               0      1.40711921      1.39550886      2.69345452      4.65103129    0.0519627921    0.0559351886
 174     1      50               0      1.40711926      1.39550891      2.69345169      4.65103462    0.0519627939    0.0559351905
          wgpu 1d 129g 192c x3w 3ms | egraph 23g->46v+0snap 5ms | graft 33 (-78n, 0 snap) cpu 0 | f64 20 | gen 0.2s | dropped inexpr 7 oversz 0 unbuild 0 {}
 175     0     100               0      1.40711921      1.39550886      2.69345452      4.65103129    0.0519627921    0.0559351886
 175     1      50               0      1.40711926      1.39550891      2.69345169      4.65103462    0.0519627939    0.0559351905
          wgpu 1d 120g 175c x3w 3ms | egraph 27g->29v+0snap 4ms | graft 25 (-47n, 0 snap) cpu 0 | f64 20 | gen 0.1s | dropped inexpr 5 oversz 0 unbuild 0 {}
 176     0     100               0      1.40711926      1.39550891      2.69345169      4.65103462    0.0519627939    0.0559351905
 176     1      50               0      1.40711926      1.39550891      2.69345169      4.65103462    0.0519627939    0.0559351905
          wgpu 1d 94g 171c x3w 3ms | egraph 23g->25v+0snap 4ms | graft 19 (-47n, 0 snap) cpu 0 | f64 20 | gen 0.1s | dropped inexpr 8 oversz 0 unbuild 0 {}
 177     0     100               0      1.40711921      1.39550886      2.69345452      4.65103129    0.0519627921    0.0559351886
 177     1      50               0      1.40711921      1.39550886      2.69345452      4.65103129    0.0519627921    0.0559351886
          wgpu 1d 122g 184c x3w 3ms | egraph 27g->38v+0snap 8ms | graft 29 (-57n, 0 snap) cpu 0 | f64 20 | gen 0.1s | dropped inexpr 3 oversz 0 unbuild 0 {}
 178     0     100               0      1.40711921      1.39550886      2.69345452      4.65103129    0.0519627921    0.0559351886
 178     1      50               0      1.40711921      1.39550886      2.69345452      4.65103129    0.0519627921    0.0559351886
          wgpu 1d 123g 181c x3w 3ms | egraph 25g->35v+0snap 5ms | graft 26 (-70n, 0 snap) cpu 0 | f64 20 | gen 0.1s | dropped inexpr 10 oversz 0 unbuild 0 {}
 179     0     100               0      1.40711926      1.39550891      2.69345169      4.65103462    0.0519627939    0.0559351905
 179     1      50               0      1.40711926      1.39550891      2.69345169      4.65103462    0.0519627939    0.0559351905
          wgpu 1d 111g 182c x3w 3ms | egraph 15g->36v+0snap 5ms | graft 28 (-61n, 0 snap) cpu 0 | f64 20 | gen 0.1s | dropped inexpr 5 oversz 0 unbuild 0 {}
 180     0     100               0      1.40711921      1.39550886      2.69345452      4.65103129    0.0519627921    0.0559351886
 180     1      50               0      1.40711926      1.39550891      2.69345169      4.65103462    0.0519627939    0.0559351905
          wgpu 1d 95g 174c x3w 3ms | egraph 12g->28v+0snap 3ms | graft 21 (-42n, 0 snap) cpu 0 | f64 20 | gen 0.1s | dropped inexpr 5 oversz 0 unbuild 0 {}
--------- pump migration: intra (promote-2 + intake-reset) + cross ---------
 181     0     100               0      1.40711921      1.39550886      2.69345452      4.65103129    0.0519627921    0.0559351886
 181     1      50               0      1.40711921      1.39550886      2.69345452      4.65103129    0.0519627921    0.0559351886
          wgpu 2d 284g 331c x3w 6ms | egraph 74g->105v+0snap 13ms | graft 67 (-152n, 0 snap) cpu 0 | f64 30 | gen 0.1s | dropped inexpr 7 oversz 0 unbuild 0 {}
 182     0     100               0      1.40711926      1.39550891      2.69345169      4.65103462    0.0519627939    0.0559351905
 182     1      50               0      1.40711921      1.39550886      2.69345452      4.65103129    0.0519627921    0.0559351886
          wgpu 1d 89g 177c x3w 3ms | egraph 15g->31v+0snap 3ms | graft 26 (-63n, 0 snap) cpu 0 | f64 20 | gen 0.1s | dropped inexpr 5 oversz 0 unbuild 0 {}
 183     0     100               0      1.40711921      1.39550886      2.69345452      4.65103129    0.0519627921    0.0559351886
 183     1      50               0      1.40711921      1.39550886      2.69345452      4.65103129    0.0519627921    0.0559351886
          wgpu 1d 96g 182c x3w 3ms | egraph 19g->36v+0snap 4ms | graft 25 (-65n, 0 snap) cpu 0 | f64 20 | gen 0.1s | dropped inexpr 9 oversz 0 unbuild 0 {}
 184     0     100               0      1.40711921      1.39550886      2.69345452      4.65103129    0.0519627921    0.0559351886
 184     1      50               0      1.40711921      1.39550886      2.69345452      4.65103129    0.0519627921    0.0559351886
          wgpu 1d 112g 186c x3w 3ms | egraph 27g->40v+0snap 5ms | graft 27 (-59n, 0 snap) cpu 0 | f64 20 | gen 0.1s | dropped inexpr 15 oversz 0 unbuild 0 {}
 185     0     100               0      1.40711926      1.39550891      2.69345169      4.65103462    0.0519627939    0.0559351905
 185     1      50               0      1.40711921      1.39550886      2.69345452      4.65103129    0.0519627921    0.0559351886
          wgpu 1d 103g 178c x3w 3ms | egraph 25g->32v+0snap 5ms | graft 23 (-49n, 0 snap) cpu 0 | f64 20 | gen 0.1s | dropped inexpr 9 oversz 0 unbuild 0 {}
 186     0     100               0      1.40711926      1.39550891      2.69345169      4.65103462    0.0519627939    0.0559351905
 186     1      50               0      1.40711921      1.39550886      2.69345452      4.65103129    0.0519627921    0.0559351886
          wgpu 1d 105g 183c x3w 3ms | egraph 21g->37v+0snap 5ms | graft 27 (-49n, 0 snap) cpu 0 | f64 20 | gen 0.2s | dropped inexpr 8 oversz 0 unbuild 0 {}
 187     0     100               0      1.40711921      1.39550886      2.69345452      4.65103129    0.0519627921    0.0559351886
 187     1      50               0      1.40711921      1.39550886      2.69345452      4.65103129    0.0519627921    0.0559351886
          wgpu 1d 99g 179c x3w 3ms | egraph 17g->33v+0snap 3ms | graft 23 (-50n, 0 snap) cpu 0 | f64 20 | gen 0.1s | dropped inexpr 4 oversz 0 unbuild 0 {}
 188     0     100               0      1.40711921      1.39550886      2.69345452      4.65103129    0.0519627921    0.0559351886
 188     1      50               0      1.40711926      1.39550891      2.69345169      4.65103462    0.0519627939    0.0559351905
          wgpu 1d 109g 184c x3w 3ms | egraph 18g->38v+0snap 6ms | graft 28 (-91n, 0 snap) cpu 0 | f64 20 | gen 0.1s | dropped inexpr 5 oversz 0 unbuild 0 {}
 189     0     100               0      1.40711921      1.39550886      2.69345452      4.65103129    0.0519627921    0.0559351886
 189     1      50               0      1.40711926      1.39550891      2.69345169      4.65103462    0.0519627939    0.0559351905
          wgpu 1d 121g 190c x3w 3ms | egraph 19g->44v+0snap 4ms | graft 29 (-67n, 0 snap) cpu 0 | f64 20 | gen 0.1s | dropped inexpr 9 oversz 0 unbuild 0 {}
 190     0     100               0      1.40711921      1.39550886      2.69345452      4.65103129    0.0519627921    0.0559351886
 190     1      50               0      1.40711926      1.39550891      2.69345169      4.65103462    0.0519627939    0.0559351905
          wgpu 1d 94g 175c x3w 3ms | egraph 18g->29v+0snap 4ms | graft 19 (-39n, 0 snap) cpu 0 | f64 20 | gen 0.1s | dropped inexpr 3 oversz 0 unbuild 0 {}
--------- pump migration: intra (promote-2 + intake-reset) ---------
 191     0     100               0      1.40711926      1.39550891      2.69345169      4.65103462    0.0519627939    0.0559351905
 191     1      50               0      1.40711926      1.39550891      2.69345169      4.65103462    0.0519627939    0.0559351905
          wgpu 2d 287g 339c x3w 6ms | egraph 82g->113v+0snap 17ms | graft 59 (-167n, 0 snap) cpu 0 | f64 30 | gen 0.1s | dropped inexpr 10 oversz 0 unbuild 0 {}
 192     0     100               0      1.40711921      1.39550886      2.69345452      4.65103129    0.0519627921    0.0559351886
 192     1      50               0      1.40711921      1.39550886      2.69345452      4.65103129    0.0519627921    0.0559351886
          wgpu 1d 97g 169c x3w 2ms | egraph 16g->23v+0snap 3ms | graft 20 (-41n, 0 snap) cpu 0 | f64 20 | gen 0.1s | dropped inexpr 7 oversz 0 unbuild 0 {}
 193     0     100               0      1.40711921      1.39550886      2.69345452      4.65103129    0.0519627921    0.0559351886
 193     1      50               0      1.40711921      1.39550886      2.69345452      4.65103129    0.0519627921    0.0559351886
          wgpu 1d 106g 177c x3w 3ms | egraph 20g->31v+0snap 4ms | graft 20 (-48n, 0 snap) cpu 0 | f64 20 | gen 0.1s | dropped inexpr 7 oversz 0 unbuild 0 {}
 194     0     100               0      1.40711926      1.39550891      2.69345169      4.65103462    0.0519627939    0.0559351905
 194     1      50               0      1.40711926      1.39550891      2.69345169      4.65103462    0.0519627939    0.0559351905
          wgpu 1d 104g 179c x3w 3ms | egraph 17g->33v+0snap 3ms | graft 28 (-59n, 0 snap) cpu 0 | f64 20 | gen 0.1s | dropped inexpr 7 oversz 0 unbuild 0 {}
 195     0     100               0      1.40711926      1.39550891      2.69345169      4.65103462    0.0519627939    0.0559351905
 195     1      50               0      1.40711926      1.39550891      2.69345169      4.65103462    0.0519627939    0.0559351905
          wgpu 1d 123g 176c x3w 3ms | egraph 26g->30v+0snap 5ms | graft 23 (-49n, 0 snap) cpu 0 | f64 20 | gen 0.1s | dropped inexpr 10 oversz 0 unbuild 0 {}
 196     0     100               0      1.40711921      1.39550886      2.69345452      4.65103129    0.0519627921    0.0559351886
 196     1      50               0      1.40711921      1.39550886      2.69345452      4.65103129    0.0519627921    0.0559351886
          wgpu 1d 108g 187c x3w 3ms | egraph 26g->41v+0snap 5ms | graft 30 (-87n, 0 snap) cpu 0 | f64 20 | gen 0.1s | dropped inexpr 9 oversz 0 unbuild 0 {}
 197     0     100               0      1.40711921      1.39550886      2.69345452      4.65103129    0.0519627921    0.0559351886
 197     1      50               0      1.40711921      1.39550886      2.69345452      4.65103129    0.0519627921    0.0559351886
          wgpu 1d 99g 182c x3w 3ms | egraph 16g->36v+0snap 3ms | graft 23 (-47n, 0 snap) cpu 0 | f64 20 | gen 0.1s | dropped inexpr 5 oversz 0 unbuild 0 {}
 198     0     100               0      1.40711921      1.39550886      2.69345452      4.65103129    0.0519627921    0.0559351886
 198     1      50               0      1.40711921      1.39550886      2.69345452      4.65103129    0.0519627921    0.0559351886
          wgpu 1d 95g 177c x3w 3ms | egraph 17g->31v+0snap 4ms | graft 24 (-55n, 0 snap) cpu 0 | f64 20 | gen 0.1s | dropped inexpr 6 oversz 0 unbuild 0 {}
 199     0     100               0      1.40711921      1.39550886      2.69345452      4.65103129    0.0519627921    0.0559351886
 199     1      50               0      1.40711921      1.39550886      2.69345452      4.65103129    0.0519627921    0.0559351886
          wgpu 1d 86g 170c x3w 3ms | egraph 14g->24v+0snap 3ms | graft 15 (-38n, 0 snap) cpu 0 | f64 20 | gen 0.1s | dropped inexpr 2 oversz 0 unbuild 0 {}
 200     0     100               0      1.40711921      1.39550886      2.69345452      4.65103129    0.0519627921    0.0559351886
 200     1      50               0      1.40711921      1.39550886      2.69345452      4.65103129    0.0519627921    0.0559351886
          wgpu 1d 110g 183c x3w 3ms | egraph 27g->37v+0snap 4ms | graft 26 (-77n, 0 snap) cpu 0 | f64 20 | gen 0.1s | dropped inexpr 15 oversz 0 unbuild 0 {}
--------- pump migration: intra (promote-2 + intake-reset) ---------
 201     0     100               0      1.40711921      1.39550886      2.69345452      4.65103129    0.0519627921    0.0559351886
 201     1      50               0      1.40711921      1.39550886      2.69345452      4.65103129    0.0519627921    0.0559351886
          wgpu 2d 323g 351c x3w 7ms | egraph 105g->125v+0snap 22ms | graft 62 (-197n, 0 snap) cpu 0 | f64 30 | gen 0.1s | dropped inexpr 7 oversz 0 unbuild 0 {}
 202     0     100               0      1.40711926      1.39550891      2.69345169      4.65103462    0.0519627939    0.0559351905
 202     1      50               0      1.40711921      1.39550886      2.69345452      4.65103129    0.0519627921    0.0559351886
          wgpu 1d 105g 185c x3w 3ms | egraph 20g->39v+0snap 3ms | graft 25 (-45n, 0 snap) cpu 0 | f64 20 | gen 0.1s | dropped inexpr 14 oversz 0 unbuild 0 {}
 203     0     100               0      1.40711926      1.39550891      2.69345169      4.65103462    0.0519627939    0.0559351905
 203     1      50               0      1.40711926      1.39550891      2.69345169      4.65103462    0.0519627939    0.0559351905
          wgpu 1d 107g 183c x3w 3ms | egraph 19g->37v+0snap 3ms | graft 26 (-61n, 0 snap) cpu 0 | f64 20 | gen 0.1s | dropped inexpr 10 oversz 0 unbuild 0 {}
 204     0     100               0      1.40711921      1.39550886      2.69345452      4.65103129    0.0519627921    0.0559351886
 204     1      50               0      1.40711926      1.39550891      2.69345169      4.65103462    0.0519627939    0.0559351905
          wgpu 1d 105g 179c x3w 3ms | egraph 13g->33v+0snap 2ms | graft 24 (-54n, 0 snap) cpu 0 | f64 20 | gen 0.1s | dropped inexpr 6 oversz 0 unbuild 0 {}
 205     0     100               0      1.40711921      1.39550886      2.69345452      4.65103129    0.0519627921    0.0559351886
 205     1      50               0      1.40711921      1.39550886      2.69345452      4.65103129    0.0519627921    0.0559351886
          wgpu 1d 120g 177c x3w 3ms | egraph 20g->31v+0snap 4ms | graft 24 (-47n, 0 snap) cpu 0 | f64 20 | gen 0.1s | dropped inexpr 9 oversz 0 unbuild 0 {}
 206     0     100               0      1.40711921      1.39550886      2.69345452      4.65103129    0.0519627921    0.0559351886
 206     1      50               0      1.40711926      1.39550891      2.69345169      4.65103462    0.0519627939    0.0559351905
          wgpu 1d 103g 179c x3w 3ms | egraph 24g->33v+0snap 5ms | graft 28 (-61n, 0 snap) cpu 0 | f64 20 | gen 0.3s | dropped inexpr 6 oversz 0 unbuild 0 {}
 207     0     100               0      1.40711921      1.39550886      2.69345452      4.65103129    0.0519627921    0.0559351886
 207     1      50               0      1.40711926      1.39550891      2.69345169      4.65103462    0.0519627939    0.0559351905
          wgpu 1d 104g 185c x3w 3ms | egraph 27g->39v+0snap 5ms | graft 26 (-54n, 0 snap) cpu 0 | f64 20 | gen 0.2s | dropped inexpr 14 oversz 0 unbuild 0 {}
 208     0     100               0      1.40711921      1.39550886      2.69345452      4.65103129    0.0519627921    0.0559351886
 208     1      50               0      1.40711926      1.39550891      2.69345169      4.65103462    0.0519627939    0.0559351905
          wgpu 1d 110g 183c x3w 3ms | egraph 23g->37v+0snap 4ms | graft 28 (-71n, 0 snap) cpu 0 | f64 20 | gen 0.1s | dropped inexpr 13 oversz 0 unbuild 0 {}
 209     0     100               0      1.40711921      1.39550886      2.69345452      4.65103129    0.0519627921    0.0559351886
 209     1      50               0      1.40711921      1.39550886      2.69345452      4.65103129    0.0519627921    0.0559351886
          wgpu 1d 117g 192c x3w 3ms | egraph 23g->46v+0snap 6ms | graft 29 (-78n, 0 snap) cpu 0 | f64 20 | gen 0.3s | dropped inexpr 11 oversz 0 unbuild 0 {}
 210     0     100               0      1.40711921      1.39550886      2.69345452      4.65103129    0.0519627921    0.0559351886
 210     1      50               0      1.40711921      1.39550886      2.69345452      4.65103129    0.0519627921    0.0559351886
          wgpu 1d 117g 176c x3w 3ms | egraph 24g->30v+0snap 4ms | graft 26 (-60n, 0 snap) cpu 0 | f64 20 | gen 0.1s | dropped inexpr 8 oversz 0 unbuild 0 {}
--------- pump migration: intra (promote-2 + intake-reset) + cross ---------
 211     0     100               0      1.40711921      1.39550886      2.69345452      4.65103129    0.0519627921    0.0559351886
 211     1      50               0      1.40711921      1.39550886      2.69345452      4.65103129    0.0519627921    0.0559351886
          wgpu 2d 323g 336c x3w 7ms | egraph 82g->110v+0snap 16ms | graft 64 (-178n, 0 snap) cpu 0 | f64 30 | gen 0.1s | dropped inexpr 11 oversz 0 unbuild 0 {}
 212     0     100               0      1.40711921      1.39550886      2.69345452      4.65103129    0.0519627921    0.0559351886
 212     1      50               0      1.40711921      1.39550886      2.69345452      4.65103129    0.0519627921    0.0559351886
          wgpu 1d 94g 175c x3w 3ms | egraph 16g->29v+0snap 3ms | graft 24 (-55n, 0 snap) cpu 0 | f64 20 | gen 0.1s | dropped inexpr 5 oversz 0 unbuild 0 {}
 213     0     100               0      1.40711926      1.39550891      2.69345169      4.65103462    0.0519627939    0.0559351905
 213     1      50               0      1.40711921      1.39550886      2.69345452      4.65103129    0.0519627921    0.0559351886
          wgpu 1d 118g 189c x3w 3ms | egraph 24g->43v+0snap 4ms | graft 28 (-69n, 0 snap) cpu 0 | f64 20 | gen 0.1s | dropped inexpr 12 oversz 0 unbuild 0 {}
 214     0     100               0      1.40711921      1.39550886      2.69345452      4.65103129    0.0519627921    0.0559351886
 214     1      50               0      1.40711921      1.39550886      2.69345452      4.65103129    0.0519627921    0.0559351886
          wgpu 1d 105g 181c x3w 3ms | egraph 23g->35v+0snap 43ms | graft 28 (-58n, 0 snap) cpu 0 | f64 20 | gen 0.1s | dropped inexpr 5 oversz 0 unbuild 0 {}
 215     0     100               0      1.40711926      1.39550891      2.69345169      4.65103462    0.0519627939    0.0559351905
 215     1      50               0      1.40711926      1.39550891      2.69345169      4.65103462    0.0519627939    0.0559351905
          wgpu 1d 106g 188c x3w 3ms | egraph 14g->42v+0snap 3ms | graft 31 (-76n, 0 snap) cpu 0 | f64 20 | gen 0.1s | dropped inexpr 8 oversz 0 unbuild 0 {}
 216     0     100               0      1.40711921      1.39550886      2.69345452      4.65103129    0.0519627921    0.0559351886
 216     1      50               0      1.40711926      1.39550891      2.69345169      4.65103462    0.0519627939    0.0559351905
          wgpu 1d 88g 169c x3w 3ms | egraph 12g->23v+0snap 2ms | graft 17 (-45n, 0 snap) cpu 0 | f64 20 | gen 0.1s | dropped inexpr 5 oversz 0 unbuild 0 {}
 217     0     100               0      1.40711926      1.39550891      2.69345169      4.65103462    0.0519627939    0.0559351905
 217     1      50               0      1.40711921      1.39550886      2.69345452      4.65103129    0.0519627921    0.0559351886
          wgpu 1d 129g 187c x3w 3ms | egraph 21g->41v+0snap 4ms | graft 30 (-61n, 0 snap) cpu 0 | f64 20 | gen 0.1s | dropped inexpr 10 oversz 0 unbuild 0 {}
 218     0     100               0      1.40711926      1.39550891      2.69345169      4.65103462    0.0519627939    0.0559351905
 218     1      50               0      1.40711926      1.39550891      2.69345169      4.65103462    0.0519627939    0.0559351905
          wgpu 1d 105g 176c x3w 3ms | egraph 19g->30v+0snap 4ms | graft 24 (-61n, 0 snap) cpu 0 | f64 20 | gen 0.1s | dropped inexpr 7 oversz 0 unbuild 0 {}
 219     0     100               0      1.40711921      1.39550886      2.69345452      4.65103129    0.0519627921    0.0559351886
 219     1      50               0      1.40711926      1.39550891      2.69345169      4.65103462    0.0519627939    0.0559351905
          wgpu 1d 103g 179c x3w 3ms | egraph 23g->33v+0snap 5ms | graft 27 (-63n, 0 snap) cpu 0 | f64 20 | gen 0.1s | dropped inexpr 8 oversz 0 unbuild 0 {}
 220     0     100               0      1.40711921      1.39550886      2.69345452      4.65103129    0.0519627921    0.0559351886
 220     1      50               0      1.40711926      1.39550891      2.69345169      4.65103462    0.0519627939    0.0559351905
          wgpu 1d 117g 191c x3w 3ms | egraph 25g->45v+0snap 4ms | graft 33 (-74n, 0 snap) cpu 0 | f64 20 | gen 0.1s | dropped inexpr 7 oversz 0 unbuild 0 {}
--------- pump migration: intra (promote-2 + intake-reset) ---------
 221     0     100               0      1.40711921      1.39550886      2.69345452      4.65103129    0.0519627921    0.0559351886
 221     1      50               0      1.40711926      1.39550891      2.69345169      4.65103462    0.0519627939    0.0559351905
          wgpu 2d 303g 335c x3w 6ms | egraph 84g->109v+0snap 13ms | graft 60 (-165n, 0 snap) cpu 0 | f64 30 | gen 0.1s | dropped inexpr 11 oversz 0 unbuild 0 {}
 222     0     100               0      1.40711921      1.39550886      2.69345452      4.65103129    0.0519627921    0.0559351886
 222     1      50               0      1.40711926      1.39550891      2.69345169      4.65103462    0.0519627939    0.0559351905
          wgpu 1d 119g 182c x3w 3ms | egraph 23g->36v+0snap 5ms | graft 23 (-82n, 0 snap) cpu 0 | f64 20 | gen 0.1s | dropped inexpr 13 oversz 0 unbuild 0 {}
 223     0     100               0      1.40711926      1.39550891      2.69345169      4.65103462    0.0519627939    0.0559351905
 223     1      50               0      1.40711926      1.39550891      2.69345169      4.65103462    0.0519627939    0.0559351905
          wgpu 1d 99g 170c x3w 3ms | egraph 24g->24v+0snap 4ms | graft 19 (-31n, 0 snap) cpu 0 | f64 20 | gen 0.1s | dropped inexpr 9 oversz 0 unbuild 0 {}
 224     0     100               0      1.40711921      1.39550886      2.69345452      4.65103129    0.0519627921    0.0559351886
 224     1      50               0      1.40711926      1.39550891      2.69345169      4.65103462    0.0519627939    0.0559351905
          wgpu 1d 137g 192c x3w 4ms | egraph 30g->46v+0snap 7ms | graft 24 (-107n, 0 snap) cpu 0 | f64 20 | gen 0.1s | dropped inexpr 22 oversz 0 unbuild 0 {}
 225     0     100               0      1.40711926      1.39550891      2.69345169      4.65103462    0.0519627939    0.0559351905
 225     1      50               0      1.40711921      1.39550886      2.69345452      4.65103129    0.0519627921    0.0559351886
          wgpu 1d 107g 184c x3w 3ms | egraph 20g->38v+0snap 6ms | graft 26 (-83n, 0 snap) cpu 0 | f64 20 | gen 0.1s | dropped inexpr 10 oversz 0 unbuild 0 {}
 226     0     100               0      1.40711926      1.39550891      2.69345169      4.65103462    0.0519627939    0.0559351905
 226     1      50               0      1.40711926      1.39550891      2.69345169      4.65103462    0.0519627939    0.0559351905
          wgpu 1d 111g 184c x3w 3ms | egraph 25g->38v+0snap 4ms | graft 25 (-63n, 0 snap) cpu 0 | f64 20 | gen 0.1s | dropped inexpr 10 oversz 0 unbuild 0 {}
 227     0     100               0      1.40711926      1.39550891      2.69345169      4.65103462    0.0519627939    0.0559351905
 227     1      50               0      1.40711926      1.39550891      2.69345169      4.65103462    0.0519627939    0.0559351905
          wgpu 1d 86g 179c x3w 3ms | egraph 14g->33v+0snap 5ms | graft 25 (-72n, 0 snap) cpu 0 | f64 20 | gen 0.1s | dropped inexpr 9 oversz 0 unbuild 0 {}
 228     0     100               0      1.40711926      1.39550891      2.69345169      4.65103462    0.0519627939    0.0559351905
 228     1      50               0      1.40711921      1.39550886      2.69345452      4.65103129    0.0519627921    0.0559351886
          wgpu 1d 88g 185c x3w 3ms | egraph 16g->39v+0snap 4ms | graft 28 (-66n, 0 snap) cpu 0 | f64 20 | gen 0.1s | dropped inexpr 7 oversz 0 unbuild 0 {}
 229     0     100               0      1.40711921      1.39550886      2.69345452      4.65103129    0.0519627921    0.0559351886
 229     1      50               0      1.40711926      1.39550891      2.69345169      4.65103462    0.0519627939    0.0559351905
          wgpu 1d 97g 178c x3w 3ms | egraph 20g->32v+0snap 4ms | graft 22 (-48n, 0 snap) cpu 0 | f64 20 | gen 0.1s | dropped inexpr 9 oversz 0 unbuild 0 {}
 230     0     100               0      1.40711921      1.39550886      2.69345452      4.65103129    0.0519627921    0.0559351886
 230     1      50               0      1.40711921      1.39550886      2.69345452      4.65103129    0.0519627921    0.0559351886
          wgpu 1d 123g 190c x3w 3ms | egraph 26g->44v+0snap 5ms | graft 23 (-51n, 0 snap) cpu 0 | f64 20 | gen 0.2s | dropped inexpr 14 oversz 0 unbuild 0 {}
--------- pump migration: intra (promote-2 + intake-reset) ---------
 231     0     100               0      1.40711921      1.39550886      2.69345452      4.65103129    0.0519627921    0.0559351886
 231     1      50               0      1.40711921      1.39550886      2.69345452      4.65103129    0.0519627921    0.0559351886
          wgpu 2d 295g 333c x3w 7ms | egraph 83g->107v+0snap 15ms | graft 59 (-165n, 0 snap) cpu 0 | f64 30 | gen 0.1s | dropped inexpr 8 oversz 0 unbuild 0 {}
 232     0     100               0      1.40711921      1.39550886      2.69345452      4.65103129    0.0519627921    0.0559351886
 232     1      50               0      1.40711921      1.39550886      2.69345452      4.65103129    0.0519627921    0.0559351886
          wgpu 1d 111g 197c x3w 3ms | egraph 14g->51v+0snap 3ms | graft 37 (-77n, 0 snap) cpu 0 | f64 20 | gen 0.1s | dropped inexpr 6 oversz 0 unbuild 0 {}
 233     0     100               0      1.40711921      1.39550886      2.69345452      4.65103129    0.0519627921    0.0559351886
 233     1      50               0      1.40711926      1.39550891      2.69345169      4.65103462    0.0519627939    0.0559351905
          wgpu 1d 105g 188c x3w 3ms | egraph 17g->42v+0snap 3ms | graft 31 (-62n, 0 snap) cpu 0 | f64 20 | gen 0.1s | dropped inexpr 6 oversz 0 unbuild 0 {}
 234     0     100               0      1.40711921      1.39550886      2.69345452      4.65103129    0.0519627921    0.0559351886
 234     1      50               0      1.40711926      1.39550891      2.69345169      4.65103462    0.0519627939    0.0559351905
          wgpu 1d 109g 177c x3w 3ms | egraph 18g->31v+0snap 3ms | graft 20 (-48n, 0 snap) cpu 0 | f64 20 | gen 0.1s | dropped inexpr 10 oversz 0 unbuild 0 {}
 235     0     100               0      1.40711926      1.39550891      2.69345169      4.65103462    0.0519627939    0.0559351905
 235     1      50               0      1.40711926      1.39550891      2.69345169      4.65103462    0.0519627939    0.0559351905
          wgpu 1d 124g 196c x3w 3ms | egraph 20g->50v+0snap 5ms | graft 36 (-78n, 0 snap) cpu 0 | f64 20 | gen 0.1s | dropped inexpr 6 oversz 0 unbuild 0 {}
 236     0     100               0      1.40711921      1.39550886      2.69345452      4.65103129    0.0519627921    0.0559351886
 236     1      50               0      1.40711926      1.39550891      2.69345169      4.65103462    0.0519627939    0.0559351905
          wgpu 1d 102g 182c x3w 3ms | egraph 11g->36v+0snap 5ms | graft 25 (-55n, 0 snap) cpu 0 | f64 20 | gen 0.1s | dropped inexpr 10 oversz 0 unbuild 0 {}
 237     0     100               0      1.40711926      1.39550891      2.69345169      4.65103462    0.0519627939    0.0559351905
 237     1      50               0      1.40711921      1.39550886      2.69345452      4.65103129    0.0519627921    0.0559351886
          wgpu 1d 94g 180c x3w 3ms | egraph 14g->34v+0snap 4ms | graft 27 (-52n, 0 snap) cpu 0 | f64 20 | gen 0.1s | dropped inexpr 9 oversz 0 unbuild 0 {}
 238     0     100               0      1.40711926      1.39550891      2.69345169      4.65103462    0.0519627939    0.0559351905
 238     1      50               0      1.40711926      1.39550891      2.69345169      4.65103462    0.0519627939    0.0559351905
          wgpu 1d 111g 191c x3w 3ms | egraph 21g->45v+0snap 4ms | graft 31 (-69n, 0 snap) cpu 0 | f64 20 | gen 0.1s | dropped inexpr 9 oversz 0 unbuild 0 {}
 239     0     100               0      1.40711926      1.39550891      2.69345169      4.65103462    0.0519627939    0.0559351905
 239     1      50               0      1.40711921      1.39550886      2.69345452      4.65103129    0.0519627921    0.0559351886
          wgpu 1d 118g 189c x3w 3ms | egraph 15g->43v+0snap 5ms | graft 25 (-59n, 0 snap) cpu 0 | f64 20 | gen 0.1s | dropped inexpr 13 oversz 0 unbuild 0 {}
 240     0     100               0      1.40711926      1.39550891      2.69345169      4.65103462    0.0519627939    0.0559351905
 240     1      50               0      1.40711926      1.39550891      2.69345169      4.65103462    0.0519627939    0.0559351905
          wgpu 1d 99g 187c x3w 3ms | egraph 10g->41v+0snap 4ms | graft 27 (-51n, 0 snap) cpu 0 | f64 20 | gen 0.1s | dropped inexpr 6 oversz 0 unbuild 0 {}
--------- pump migration: intra (promote-2 + intake-reset) + cross ---------
 241     0     100               0      1.40711926      1.39550891      2.69345169      4.65103462    0.0519627939    0.0559351905
 241     1      50               0      1.40711926      1.39550891      2.69345169      4.65103462    0.0519627939    0.0559351905
          wgpu 2d 304g 338c x3w 7ms | egraph 75g->112v+0snap 15ms | graft 69 (-163n, 0 snap) cpu 0 | f64 30 | gen 0.1s | dropped inexpr 10 oversz 0 unbuild 0 {}
 242     0     100               0      1.40711926      1.39550891      2.69345169      4.65103462    0.0519627939    0.0559351905
 242     1      50               0      1.40711921      1.39550886      2.69345452      4.65103129    0.0519627921    0.0559351886
          wgpu 1d 100g 181c x3w 3ms | egraph 16g->35v+0snap 4ms | graft 28 (-62n, 0 snap) cpu 0 | f64 20 | gen 0.1s | dropped inexpr 10 oversz 0 unbuild 0 {}
 243     0     100               0      1.40711926      1.39550891      2.69345169      4.65103462    0.0519627939    0.0559351905
 243     1      50               0      1.40711921      1.39550886      2.69345452      4.65103129    0.0519627921    0.0559351886
          wgpu 1d 109g 192c x3w 3ms | egraph 10g->46v+0snap 3ms | graft 31 (-78n, 0 snap) cpu 0 | f64 20 | gen 0.1s | dropped inexpr 8 oversz 0 unbuild 0 {}
 244     0     100               0      1.40711926      1.39550891      2.69345169      4.65103462    0.0519627939    0.0559351905
 244     1      50               0      1.40711921      1.39550886      2.69345452      4.65103129    0.0519627921    0.0559351886
          wgpu 1d 113g 186c x3w 3ms | egraph 18g->40v+0snap 4ms | graft 29 (-71n, 0 snap) cpu 0 | f64 20 | gen 0.1s | dropped inexpr 7 oversz 0 unbuild 0 {}
 245     0     100               0      1.40711926      1.39550891      2.69345169      4.65103462    0.0519627939    0.0559351905
 245     1      50               0      1.40711921      1.39550886      2.69345452      4.65103129    0.0519627921    0.0559351886
          wgpu 1d 114g 198c x3w 3ms | egraph 18g->52v+0snap 5ms | graft 34 (-100n, 0 snap) cpu 0 | f64 20 | gen 0.1s | dropped inexpr 19 oversz 0 unbuild 0 {}
 246     0     100               0      1.40711926      1.39550891      2.69345169      4.65103462    0.0519627939    0.0559351905
 246     1      50               0      1.40711926      1.39550891      2.69345169      4.65103462    0.0519627939    0.0559351905
          wgpu 1d 113g 190c x3w 3ms | egraph 13g->44v+0snap 4ms | graft 31 (-70n, 0 snap) cpu 0 | f64 20 | gen 0.1s | dropped inexpr 7 oversz 0 unbuild 0 {}
 247     0     100               0      1.40711926      1.39550891      2.69345169      4.65103462    0.0519627939    0.0559351905
 247     1      50               0      1.40711926      1.39550891      2.69345169      4.65103462    0.0519627939    0.0559351905
          wgpu 1d 118g 199c x3w 3ms | egraph 19g->53v+0snap 5ms | graft 33 (-80n, 0 snap) cpu 0 | f64 20 | gen 0.1s | dropped inexpr 17 oversz 0 unbuild 0 {}
 248     0     100               0      1.40711926      1.39550891      2.69345169      4.65103462    0.0519627939    0.0559351905
 248     1      50               0      1.40711926      1.39550891      2.69345169      4.65103462    0.0519627939    0.0559351905
          wgpu 1d 123g 195c x3w 3ms | egraph 20g->49v+0snap 4ms | graft 36 (-86n, 0 snap) cpu 0 | f64 20 | gen 0.1s | dropped inexpr 11 oversz 0 unbuild 0 {}
 249     0     100               0      1.40711926      1.39550891      2.69345169      4.65103462    0.0519627939    0.0559351905
 249     1      50               0      1.40711926      1.39550891      2.69345169      4.65103462    0.0519627939    0.0559351905
          wgpu 1d 99g 185c x3w 3ms | egraph 13g->39v+0snap 3ms | graft 26 (-62n, 0 snap) cpu 0 | f64 20 | gen 0.1s | dropped inexpr 7 oversz 0 unbuild 0 {}
 250     0     100               0      1.40711926      1.39550891      2.69345169      4.65103462    0.0519627939    0.0559351905
 250     1      50               0      1.40711921      1.39550886      2.69345452      4.65103129    0.0519627921    0.0559351886
          wgpu 1d 125g 199c x3w 3ms | egraph 19g->53v+0snap 5ms | graft 40 (-98n, 0 snap) cpu 0 | f64 20 | gen 0.1s | dropped inexpr 8 oversz 0 unbuild 0 {}
--------- pump migration: intra (promote-2 + intake-reset) ---------
 251     0     100               0      1.40711926      1.39550891      2.69345169      4.65103462    0.0519627939    0.0559351905
 251     1      50               0      1.40711926      1.39550891      2.69345169      4.65103462    0.0519627939    0.0559351905
          wgpu 2d 320g 355c x3w 7ms | egraph 83g->129v+0snap 18ms | graft 65 (-208n, 0 snap) cpu 0 | f64 30 | gen 0.1s | dropped inexpr 14 oversz 0 unbuild 0 {}
 252     0     100               0      1.40711926      1.39550891      2.69345169      4.65103462    0.0519627939    0.0559351905
 252     1      50               0      1.40711926      1.39550891      2.69345169      4.65103462    0.0519627939    0.0559351905
          wgpu 1d 117g 193c x3w 3ms | egraph 16g->47v+0snap 5ms | graft 34 (-90n, 0 snap) cpu 0 | f64 20 | gen 0.1s | dropped inexpr 8 oversz 0 unbuild 0 {}
 253     0     100               0      1.40711926      1.39550891      2.69345169      4.65103462    0.0519627939    0.0559351905
 253     1      50               0      1.40711921      1.39550886      2.69345452      4.65103129    0.0519627921    0.0559351886
          wgpu 1d 115g 192c x3w 3ms | egraph 16g->46v+0snap 3ms | graft 33 (-71n, 0 snap) cpu 0 | f64 20 | gen 0.1s | dropped inexpr 4 oversz 0 unbuild 0 {}
 254     0     100               0      1.40711926      1.39550891      2.69345169      4.65103462    0.0519627939    0.0559351905
 254     1      50               0      1.40711921      1.39550886      2.69345452      4.65103129    0.0519627921    0.0559351886
          wgpu 1d 107g 187c x3w 3ms | egraph 14g->41v+0snap 4ms | graft 30 (-79n, 0 snap) cpu 0 | f64 20 | gen 0.1s | dropped inexpr 7 oversz 0 unbuild 0 {}
 255     0     100               0      1.40711921      1.39550886      2.69345452      4.65103129    0.0519627921    0.0559351886
 255     1      50               0      1.40711926      1.39550891      2.69345169      4.65103462    0.0519627939    0.0559351905
          wgpu 1d 97g 184c x3w 3ms | egraph 17g->38v+0snap 6ms | graft 25 (-57n, 0 snap) cpu 0 | f64 20 | gen 0.2s | dropped inexpr 10 oversz 0 unbuild 0 {}
 256     0     100               0      1.40711921      1.39550886      2.69345452      4.65103129    0.0519627921    0.0559351886
 256     1      50               0      1.40711926      1.39550891      2.69345169      4.65103462    0.0519627939    0.0559351905
          wgpu 1d 104g 184c x3w 3ms | egraph 16g->38v+0snap 3ms | graft 31 (-77n, 0 snap) cpu 0 | f64 20 | gen 0.1s | dropped inexpr 6 oversz 0 unbuild 0 {}
 257     0     100               0      1.40711921      1.39550886      2.69345452      4.65103129    0.0519627921    0.0559351886
 257     1      50               0      1.40711926      1.39550891      2.69345169      4.65103462    0.0519627939    0.0559351905
          wgpu 1d 116g 187c x3w 3ms | egraph 19g->41v+0snap 5ms | graft 23 (-52n, 0 snap) cpu 0 | f64 20 | gen 0.1s | dropped inexpr 13 oversz 0 unbuild 0 {}
 258     0     100               0      1.40711921      1.39550886      2.69345452      4.65103129    0.0519627921    0.0559351886
 258     1      50               0      1.40711926      1.39550891      2.69345169      4.65103462    0.0519627939    0.0559351905
          wgpu 1d 107g 188c x3w 3ms | egraph 21g->42v+0snap 7ms | graft 33 (-67n, 0 snap) cpu 0 | f64 20 | gen 0.3s | dropped inexpr 8 oversz 0 unbuild 0 {}
 259     0     100               0      1.40711921      1.39550886      2.69345452      4.65103129    0.0519627921    0.0559351886
 259     1      50               0      1.40711926      1.39550891      2.69345169      4.65103462    0.0519627939    0.0559351905
          wgpu 1d 117g 197c x3w 3ms | egraph 15g->51v+0snap 5ms | graft 35 (-94n, 0 snap) cpu 0 | f64 20 | gen 0.1s | dropped inexpr 15 oversz 0 unbuild 0 {}
 260     0     100               0      1.40711921      1.39550886      2.69345452      4.65103129    0.0519627921    0.0559351886
 260     1      50               0      1.40711926      1.39550891      2.69345169      4.65103462    0.0519627939    0.0559351905
          wgpu 1d 107g 191c x3w 3ms | egraph 18g->45v+0snap 6ms | graft 29 (-88n, 0 snap) cpu 0 | f64 20 | gen 0.1s | dropped inexpr 11 oversz 0 unbuild 0 {}
--------- pump migration: intra (promote-2 + intake-reset) ---------
 261     0     100               0      1.40711921      1.39550886      2.69345452      4.65103129    0.0519627921    0.0559351886
 261     1      50               0      1.40711921      1.39550886      2.69345452      4.65103129    0.0519627921    0.0559351886
          wgpu 2d 327g 357c x3w 7ms | egraph 94g->125v+6snap 27ms | graft 77 (-235n, 5 snap) cpu 0 | f64 30 | gen 0.1s | dropped inexpr 12 oversz 0 unbuild 0 {}
 262     0     100               0      1.40711926      1.39550891      2.69345169      4.65103462    0.0519627939    0.0559351905
 262     1      50               0      1.40711926      1.39550891      2.69345169      4.65103462    0.0519627939    0.0559351905
          wgpu 1d 109g 184c x3w 3ms | egraph 18g->38v+0snap 5ms | graft 27 (-71n, 0 snap) cpu 0 | f64 20 | gen 0.2s | dropped inexpr 9 oversz 0 unbuild 0 {}
 263     0     100               0      1.40711921      1.39550886      2.69345452      4.65103129    0.0519627921    0.0559351886
 263     1      50               0      1.40711926      1.39550891      2.69345169      4.65103462    0.0519627939    0.0559351905
          wgpu 1d 121g 190c x3w 3ms | egraph 22g->44v+0snap 6ms | graft 35 (-80n, 0 snap) cpu 0 | f64 20 | gen 0.3s | dropped inexpr 7 oversz 0 unbuild 0 {}
 264     0     100               0      1.40711921      1.39550886      2.69345452      4.65103129    0.0519627921    0.0559351886
 264     1      50               0      1.40711926      1.39550891      2.69345169      4.65103462    0.0519627939    0.0559351905
          wgpu 1d 127g 200c x3w 3ms | egraph 18g->54v+0snap 4ms | graft 38 (-98n, 0 snap) cpu 0 | f64 20 | gen 0.1s | dropped inexpr 14 oversz 0 unbuild 0 {}
 265     0     100               0      1.40711921      1.39550886      2.69345452      4.65103129    0.0519627921    0.0559351886
 265     1      50               0      1.40711926      1.39550891      2.69345169      4.65103462    0.0519627939    0.0559351905
          wgpu 1d 123g 188c x3w 3ms | egraph 25g->42v+0snap 6ms | graft 28 (-79n, 0 snap) cpu 0 | f64 20 | gen 0.1s | dropped inexpr 7 oversz 0 unbuild 0 {}
 266     0     100               0      1.40711921      1.39550886      2.69345452      4.65103129    0.0519627921    0.0559351886
 266     1      50               0      1.40711926      1.39550891      2.69345169      4.65103462    0.0519627939    0.0559351905
          wgpu 1d 121g 188c x3w 3ms | egraph 13g->42v+0snap 3ms | graft 35 (-61n, 0 snap) cpu 0 | f64 20 | gen 0.1s | dropped inexpr 8 oversz 0 unbuild 0 {}
 267     0     100               0      1.40711926      1.39550891      2.69345169      4.65103462    0.0519627939    0.0559351905
 267     1      50               0      1.40711926      1.39550891      2.69345169      4.65103462    0.0519627939    0.0559351905
          wgpu 1d 107g 187c x3w 3ms | egraph 15g->41v+0snap 3ms | graft 29 (-67n, 0 snap) cpu 0 | f64 20 | gen 0.1s | dropped inexpr 2 oversz 0 unbuild 0 {}
 268     0     100               0      1.40711926      1.39550891      2.69345169      4.65103462    0.0519627939    0.0559351905
 268     1      50               0      1.40711926      1.39550891      2.69345169      4.65103462    0.0519627939    0.0559351905
          wgpu 1d 115g 186c x3w 3ms | egraph 19g->40v+0snap 4ms | graft 35 (-78n, 0 snap) cpu 0 | f64 20 | gen 0.1s | dropped inexpr 5 oversz 0 unbuild 0 {}
 269     0     100               0      1.40711926      1.39550891      2.69345169      4.65103462    0.0519627939    0.0559351905
 269     1      50               0      1.40711926      1.39550891      2.69345169      4.65103462    0.0519627939    0.0559351905
          wgpu 1d 113g 186c x3w 3ms | egraph 20g->40v+0snap 8ms | graft 25 (-48n, 0 snap) cpu 0 | f64 20 | gen 0.2s | dropped inexpr 5 oversz 0 unbuild 0 {}
 270     0     100               0      1.40711926      1.39550891      2.69345169      4.65103462    0.0519627939    0.0559351905
 270     1      50               0      1.40711921      1.39550886      2.69345452      4.65103129    0.0519627921    0.0559351886
          wgpu 1d 122g 194c x3w 3ms | egraph 20g->48v+0snap 6ms | graft 35 (-78n, 0 snap) cpu 0 | f64 20 | gen 0.1s | dropped inexpr 8 oversz 0 unbuild 0 {}
--------- pump migration: intra (promote-2 + intake-reset) + cross ---------
 271     0     100               0      1.40711926      1.39550891      2.69345169      4.65103462    0.0519627939    0.0559351905
 271     1      50               0      1.40711921      1.39550886      2.69345452      4.65103129    0.0519627921    0.0559351886
          wgpu 2d 320g 353c x3w 7ms | egraph 77g->127v+0snap 18ms | graft 72 (-176n, 0 snap) cpu 0 | f64 30 | gen 0.1s | dropped inexpr 10 oversz 0 unbuild 0 {}
 272     0     100               0      1.40711926      1.39550891      2.69345169      4.65103462    0.0519627939    0.0559351905
 272     1      50               0      1.40711921      1.39550886      2.69345452      4.65103129    0.0519627921    0.0559351886
          wgpu 1d 119g 191c x3w 3ms | egraph 24g->45v+0snap 7ms | graft 29 (-67n, 0 snap) cpu 0 | f64 20 | gen 0.2s | dropped inexpr 8 oversz 0 unbuild 0 {}
 273     0     100               0      1.40711926      1.39550891      2.69345169      4.65103462    0.0519627939    0.0559351905
 273     1      50               0      1.40711921      1.39550886      2.69345452      4.65103129    0.0519627921    0.0559351886
          wgpu 1d 115g 185c x3w 3ms | egraph 22g->39v+0snap 7ms | graft 23 (-56n, 0 snap) cpu 0 | f64 20 | gen 0.2s | dropped inexpr 9 oversz 0 unbuild 0 {}
 274     0     100               0      1.40711921      1.39550886      2.69345452      4.65103129    0.0519627921    0.0559351886
 274     1      50               0      1.40711921      1.39550886      2.69345452      4.65103129    0.0519627921    0.0559351886
          wgpu 1d 108g 184c x3w 3ms | egraph 15g->38v+0snap 7ms | graft 29 (-65n, 0 snap) cpu 0 | f64 20 | gen 0.5s | dropped inexpr 8 oversz 0 unbuild 0 {}
 275     0     100               0      1.40711926      1.39550891      2.69345169      4.65103462    0.0519627939    0.0559351905
 275     1      50               0      1.40711926      1.39550891      2.69345169      4.65103462    0.0519627939    0.0559351905
          wgpu 1d 103g 180c x3w 3ms | egraph 19g->34v+0snap 5ms | graft 28 (-78n, 0 snap) cpu 0 | f64 20 | gen 0.1s | dropped inexpr 7 oversz 0 unbuild 0 {}
 276     0     100               0      1.40711926      1.39550891      2.69345169      4.65103462    0.0519627939    0.0559351905
 276     1      50               0      1.40711926      1.39550891      2.69345169      4.65103462    0.0519627939    0.0559351905
          wgpu 1d 100g 183c x3w 3ms | egraph 12g->37v+0snap 4ms | graft 29 (-76n, 0 snap) cpu 0 | f64 20 | gen 0.1s | dropped inexpr 7 oversz 0 unbuild 0 {}
 277     0     100               0      1.40711926      1.39550891      2.69345169      4.65103462    0.0519627939    0.0559351905
 277     1      50               0      1.40711926      1.39550891      2.69345169      4.65103462    0.0519627939    0.0559351905
          wgpu 1d 110g 186c x3w 3ms | egraph 17g->40v+0snap 5ms | graft 35 (-67n, 0 snap) cpu 0 | f64 20 | gen 0.3s | dropped inexpr 6 oversz 0 unbuild 0 {}
 278     0     100               0      1.40711926      1.39550891      2.69345169      4.65103462    0.0519627939    0.0559351905
 278     1      50               0      1.40711921      1.39550886      2.69345452      4.65103129    0.0519627921    0.0559351886
          wgpu 1d 97g 176c x3w 3ms | egraph 17g->30v+0snap 4ms | graft 24 (-50n, 0 snap) cpu 0 | f64 20 | gen 0.1s | dropped inexpr 3 oversz 0 unbuild 0 {}
 279     0     100               0      1.40711926      1.39550891      2.69345169      4.65103462    0.0519627939    0.0559351905
 279     1      50               0      1.40711926      1.39550891      2.69345169      4.65103462    0.0519627939    0.0559351905
          wgpu 1d 118g 185c x3w 3ms | egraph 23g->39v+0snap 7ms | graft 28 (-62n, 0 snap) cpu 0 | f64 20 | gen 0.1s | dropped inexpr 10 oversz 0 unbuild 0 {}
 280     0     100               0      1.40711926      1.39550891      2.69345169      4.65103462    0.0519627939    0.0559351905
 280     1      50               0      1.40711926      1.39550891      2.69345169      4.65103462    0.0519627939    0.0559351905
          wgpu 1d 99g 186c x3w 3ms | egraph 18g->40v+0snap 4ms | graft 34 (-62n, 0 snap) cpu 0 | f64 20 | gen 0.1s | dropped inexpr 8 oversz 0 unbuild 0 {}
--------- pump migration: intra (promote-2 + intake-reset) ---------
 281     0     100               0      1.40711926      1.39550891      2.69345169      4.65103462    0.0519627939    0.0559351905
 281     1      50               0      1.40711926      1.39550891      2.69345169      4.65103462    0.0519627939    0.0559351905
          wgpu 2d 293g 327c x3w 6ms | egraph 84g->101v+0snap 15ms | graft 68 (-174n, 0 snap) cpu 0 | f64 30 | gen 0.1s | dropped inexpr 11 oversz 0 unbuild 0 {}
 282     0     100               0      1.40711926      1.39550891      2.69345169      4.65103462    0.0519627939    0.0559351905
 282     1      50               0      1.40711926      1.39550891      2.69345169      4.65103462    0.0519627939    0.0559351905
          wgpu 1d 104g 191c x3w 3ms | egraph 15g->45v+0snap 6ms | graft 34 (-83n, 0 snap) cpu 0 | f64 20 | gen 0.2s | dropped inexpr 8 oversz 0 unbuild 0 {}
 283     0     100               0      1.40711926      1.39550891      2.69345169      4.65103462    0.0519627939    0.0559351905
 283     1      50               0      1.40711926      1.39550891      2.69345169      4.65103462    0.0519627939    0.0559351905
          wgpu 1d 102g 184c x3w 3ms | egraph 15g->38v+0snap 3ms | graft 31 (-93n, 0 snap) cpu 0 | f64 20 | gen 0.1s | dropped inexpr 1 oversz 0 unbuild 0 {}
 284     0     100               0      1.40711926      1.39550891      2.69345169      4.65103462    0.0519627939    0.0559351905
 284     1      50               0      1.40711926      1.39550891      2.69345169      4.65103462    0.0519627939    0.0559351905
          wgpu 1d 103g 193c x3w 3ms | egraph 18g->47v+0snap 4ms | graft 34 (-77n, 0 snap) cpu 0 | f64 20 | gen 0.1s | dropped inexpr 2 oversz 0 unbuild 0 {}
 285     0     100               0      1.40711926      1.39550891      2.69345169      4.65103462    0.0519627939    0.0559351905
 285     1      50               0      1.40711926      1.39550891      2.69345169      4.65103462    0.0519627939    0.0559351905
          wgpu 1d 105g 182c x3w 3ms | egraph 10g->36v+0snap 4ms | graft 27 (-59n, 0 snap) cpu 0 | f64 20 | gen 0.2s | dropped inexpr 4 oversz 0 unbuild 0 {}
 286     0     100               0      1.40711921      1.39550886      2.69345452      4.65103129    0.0519627921    0.0559351886
 286     1      50               0      1.40711921      1.39550886      2.69345452      4.65103129    0.0519627921    0.0559351886
          wgpu 1d 117g 190c x3w 3ms | egraph 20g->44v+0snap 5ms | graft 28 (-70n, 0 snap) cpu 0 | f64 20 | gen 0.2s | dropped inexpr 9 oversz 0 unbuild 0 {}
 287     0     100               0      1.40711921      1.39550886      2.69345452      4.65103129    0.0519627921    0.0559351886
 287     1      50               0      1.40711926      1.39550891      2.69345169      4.65103462    0.0519627939    0.0559351905
          wgpu 1d 108g 186c x3w 3ms | egraph 16g->40v+0snap 6ms | graft 25 (-50n, 0 snap) cpu 0 | f64 20 | gen 0.3s | dropped inexpr 14 oversz 0 unbuild 0 {}
 288     0     100               0      1.40711921      1.39550886      2.69345452      4.65103129    0.0519627921    0.0559351886
 288     1      50               0      1.40711921      1.39550886      2.69345452      4.65103129    0.0519627921    0.0559351886
          wgpu 1d 101g 176c x3w 3ms | egraph 14g->30v+0snap 5ms | graft 17 (-50n, 0 snap) cpu 0 | f64 20 | gen 0.1s | dropped inexpr 7 oversz 0 unbuild 0 {}
 289     0     100               0      1.40711921      1.39550886      2.69345452      4.65103129    0.0519627921    0.0559351886
 289     1      50               0      1.40711926      1.39550891      2.69345169      4.65103462    0.0519627939    0.0559351905
          wgpu 1d 115g 198c x3w 3ms | egraph 23g->52v+0snap 7ms | graft 32 (-79n, 0 snap) cpu 0 | f64 20 | gen 0.1s | dropped inexpr 13 oversz 0 unbuild 0 {}
 290     0     100               0      1.40711921      1.39550886      2.69345452      4.65103129    0.0519627921    0.0559351886
 290     1      50               0      1.40711926      1.39550891      2.69345169      4.65103462    0.0519627939    0.0559351905
          wgpu 1d 129g 205c x3w 3ms | egraph 21g->59v+0snap 6ms | graft 35 (-100n, 0 snap) cpu 0 | f64 20 | gen 0.2s | dropped inexpr 13 oversz 0 unbuild 0 {}
--------- pump migration: intra (promote-2 + intake-reset) ---------
 291     0     100               0      1.40711921      1.39550886      2.69345452      4.65103129    0.0519627921    0.0559351886
 291     1      50               0      1.40711926      1.39550891      2.69345169      4.65103462    0.0519627939    0.0559351905
          wgpu 2d 341g 372c x3w 7ms | egraph 85g->146v+0snap 19ms | graft 74 (-257n, 0 snap) cpu 0 | f64 30 | gen 0.1s | dropped inexpr 15 oversz 0 unbuild 0 {}
 292     0     100               0      1.40711921      1.39550886      2.69345452      4.65103129    0.0519627921    0.0559351886
 292     1      50               0      1.40711926      1.39550891      2.69345169      4.65103462    0.0519627939    0.0559351905
          wgpu 1d 106g 189c x3w 3ms | egraph 13g->43v+0snap 6ms | graft 27 (-110n, 0 snap) cpu 0 | f64 20 | gen 0.1s | dropped inexpr 5 oversz 0 unbuild 0 {}
 293     0     100               0      1.40711926      1.39550891      2.69345169      4.65103462    0.0519627939    0.0559351905
 293     1      50               0      1.40711921      1.39550886      2.69345452      4.65103129    0.0519627921    0.0559351886
          wgpu 1d 103g 189c x3w 3ms | egraph 17g->43v+0snap 8ms | graft 25 (-92n, 0 snap) cpu 0 | f64 20 | gen 0.4s | dropped inexpr 11 oversz 0 unbuild 0 {}
 294     0     100               0      1.40711926      1.39550891      2.69345169      4.65103462    0.0519627939    0.0559351905
 294     1      50               0      1.40711926      1.39550891      2.69345169      4.65103462    0.0519627939    0.0559351905
          wgpu 1d 111g 192c x3w 3ms | egraph 16g->46v+0snap 6ms | graft 32 (-71n, 0 snap) cpu 0 | f64 20 | gen 0.2s | dropped inexpr 6 oversz 0 unbuild 0 {}
 295     0     100               0      1.40711926      1.39550891      2.69345169      4.65103462    0.0519627939    0.0559351905
 295     1      50               0      1.40711921      1.39550886      2.69345452      4.65103129    0.0519627921    0.0559351886
          wgpu 1d 108g 183c x3w 3ms | egraph 18g->37v+0snap 4ms | graft 21 (-57n, 0 snap) cpu 0 | f64 20 | gen 0.1s | dropped inexpr 12 oversz 0 unbuild 0 {}
 296     0     100               0      1.40711921      1.39550886      2.69345452      4.65103129    0.0519627921    0.0559351886
 296     1      50               0      1.40711926      1.39550891      2.69345169      4.65103462    0.0519627939    0.0559351905
          wgpu 1d 107g 185c x3w 3ms | egraph 17g->39v+0snap 3ms | graft 32 (-77n, 0 snap) cpu 0 | f64 20 | gen 0.1s | dropped inexpr 7 oversz 0 unbuild 0 {}
 297     0     100               0      1.40711921      1.39550886      2.69345452      4.65103129    0.0519627921    0.0559351886
 297     1      50               0      1.40711921      1.39550886      2.69345452      4.65103129    0.0519627921    0.0559351886
          wgpu 1d 117g 191c x3w 3ms | egraph 20g->45v+0snap 5ms | graft 29 (-68n, 0 snap) cpu 0 | f64 20 | gen 0.1s | dropped inexpr 14 oversz 0 unbuild 0 {}
 298     0     100               0      1.40711926      1.39550891      2.69345169      4.65103462    0.0519627939    0.0559351905
 298     1      50               0      1.40711921      1.39550886      2.69345452      4.65103129    0.0519627921    0.0559351886
          wgpu 1d 117g 193c x3w 3ms | egraph 20g->47v+0snap 6ms | graft 30 (-68n, 0 snap) cpu 0 | f64 20 | gen 0.1s | dropped inexpr 9 oversz 0 unbuild 0 {}
 299     0     100               0      1.40711926      1.39550891      2.69345169      4.65103462    0.0519627939    0.0559351905
 299     1      50               0      1.40711926      1.39550891      2.69345169      4.65103462    0.0519627939    0.0559351905
          wgpu 1d 121g 196c x3w 3ms | egraph 21g->50v+0snap 5ms | graft 30 (-83n, 0 snap) cpu 0 | f64 20 | gen 0.1s | dropped inexpr 17 oversz 0 unbuild 0 {}
 300     0     100               0      1.40711926      1.39550891      2.69345169      4.65103462    0.0519627939    0.0559351905
 300     1      50               0      1.40711926      1.39550891      2.69345169      4.65103462    0.0519627939    0.0559351905
          wgpu 1d 106g 183c x3w 3ms | egraph 15g->37v+0snap 3ms | graft 30 (-57n, 0 snap) cpu 0 | f64 20 | gen 0.1s | dropped inexpr 7 oversz 0 unbuild 0 {}
--------- pump migration: intra (promote-2 + intake-reset) + cross ---------
 301     0     100               0      1.40711921      1.39550886      2.69345452      4.65103129    0.0519627921    0.0559351886
 301     1      50               0      1.40711921      1.39550886      2.69345452      4.65103129    0.0519627921    0.0559351886
          wgpu 2d 329g 372c x3w 7ms | egraph 96g->146v+0snap 16ms | graft 79 (-300n, 0 snap) cpu 0 | f64 30 | gen 0.1s | dropped inexpr 19 oversz 0 unbuild 0 {}
 302     0     100               0      1.40711926      1.39550891      2.69345169      4.65103462    0.0519627939    0.0559351905
 302     1      50               0      1.40711926      1.39550891      2.69345169      4.65103462    0.0519627939    0.0559351905
          wgpu 1d 119g 195c x3w 3ms | egraph 19g->49v+0snap 4ms | graft 33 (-83n, 0 snap) cpu 0 | f64 20 | gen 0.1s | dropped inexpr 11 oversz 0 unbuild 0 {}
 303     0     100               0      1.40711921      1.39550886      2.69345452      4.65103129    0.0519627921    0.0559351886
 303     1      50               0      1.40711921      1.39550886      2.69345452      4.65103129    0.0519627921    0.0559351886
          wgpu 1d 120g 198c x3w 3ms | egraph 22g->52v+0snap 5ms | graft 28 (-71n, 0 snap) cpu 0 | f64 20 | gen 0.1s | dropped inexpr 14 oversz 0 unbuild 0 {}
 304     0     100               0      1.40711921      1.39550886      2.69345452      4.65103129    0.0519627921    0.0559351886
 304     1      50               0      1.40711926      1.39550891      2.69345169      4.65103462    0.0519627939    0.0559351905
          wgpu 1d 110g 187c x3w 3ms | egraph 13g->41v+0snap 4ms | graft 27 (-62n, 0 snap) cpu 0 | f64 20 | gen 0.1s | dropped inexpr 5 oversz 0 unbuild 0 {}
 305     0     100               0      1.40711921      1.39550886      2.69345452      4.65103129    0.0519627921    0.0559351886
 305     1      50               0      1.40711921      1.39550886      2.69345452      4.65103129    0.0519627921    0.0559351886
          wgpu 1d 119g 195c x3w 3ms | egraph 16g->49v+0snap 4ms | graft 39 (-92n, 0 snap) cpu 0 | f64 20 | gen 0.1s | dropped inexpr 9 oversz 0 unbuild 0 {}
 306     0     100               0      1.40711921      1.39550886      2.69345452      4.65103129    0.0519627921    0.0559351886
 306     1      50               0      1.40711926      1.39550891      2.69345169      4.65103462    0.0519627939    0.0559351905
          wgpu 1d 129g 184c x3w 3ms | egraph 18g->38v+0snap 4ms | graft 28 (-63n, 0 snap) cpu 0 | f64 20 | gen 0.2s | dropped inexpr 15 oversz 0 unbuild 0 {}
 307     0     100               0      1.40711921      1.39550886      2.69345452      4.65103129    0.0519627921    0.0559351886
 307     1      50               0      1.40711926      1.39550891      2.69345169      4.65103462    0.0519627939    0.0559351905
          wgpu 1d 123g 192c x3w 3ms | egraph 20g->46v+0snap 5ms | graft 31 (-75n, 0 snap) cpu 0 | f64 20 | gen 0.2s | dropped inexpr 10 oversz 0 unbuild 0 {}
 308     0     100               0      1.40711921      1.39550886      2.69345452      4.65103129    0.0519627921    0.0559351886
 308     1      50               0      1.40711926      1.39550891      2.69345169      4.65103462    0.0519627939    0.0559351905
          wgpu 1d 110g 190c x3w 3ms | egraph 23g->44v+0snap 6ms | graft 30 (-78n, 0 snap) cpu 0 | f64 20 | gen 0.1s | dropped inexpr 15 oversz 0 unbuild 0 {}
 309     0     100               0      1.40711921      1.39550886      2.69345452      4.65103129    0.0519627921    0.0559351886
 309     1      50               0      1.40711926      1.39550891      2.69345169      4.65103462    0.0519627939    0.0559351905
          wgpu 1d 123g 182c x3w 3ms | egraph 16g->36v+0snap 4ms | graft 27 (-55n, 0 snap) cpu 0 | f64 20 | gen 0.1s | dropped inexpr 8 oversz 0 unbuild 0 {}
 310     0     100               0      1.40711921      1.39550886      2.69345452      4.65103129    0.0519627921    0.0559351886
 310     1      50               0      1.40711926      1.39550891      2.69345169      4.65103462    0.0519627939    0.0559351905
          wgpu 1d 125g 196c x3w 3ms | egraph 23g->50v+0snap 6ms | graft 33 (-86n, 0 snap) cpu 0 | f64 20 | gen 0.1s | dropped inexpr 16 oversz 0 unbuild 0 {}
--------- pump migration: intra (promote-2 + intake-reset) ---------
 311     0     100               0      1.40711926      1.39550891      2.69345169      4.65103462    0.0519627939    0.0559351905
 311     1      50               0      1.40711921      1.39550886      2.69345452      4.65103129    0.0519627921    0.0559351886
          wgpu 2d 312g 354c x3w 7ms | egraph 76g->128v+0snap 18ms | graft 66 (-194n, 0 snap) cpu 0 | f64 30 | gen 0.1s | dropped inexpr 9 oversz 0 unbuild 2 {'length': 2}
 312     0     100               0      1.40711926      1.39550891      2.69345169      4.65103462    0.0519627939    0.0559351905
 312     1      50               0      1.40711926      1.39550891      2.69345169      4.65103462    0.0519627939    0.0559351905
          wgpu 1d 129g 198c x3w 3ms | egraph 21g->52v+0snap 5ms | graft 33 (-75n, 0 snap) cpu 0 | f64 20 | gen 0.1s | dropped inexpr 13 oversz 0 unbuild 0 {}
 313     0     100               0      1.40711921      1.39550886      2.69345452      4.65103129    0.0519627921    0.0559351886
 313     1      50               0      1.40711921      1.39550886      2.69345452      4.65103129    0.0519627921    0.0559351886
          wgpu 1d 110g 187c x3w 3ms | egraph 18g->41v+0snap 6ms | graft 27 (-70n, 0 snap) cpu 0 | f64 20 | gen 0.1s | dropped inexpr 13 oversz 0 unbuild 0 {}
 314     0     100               0      1.40711921      1.39550886      2.69345452      4.65103129    0.0519627921    0.0559351886
 314     1      50               0      1.40711921      1.39550886      2.69345452      4.65103129    0.0519627921    0.0559351886
          wgpu 1d 88g 168c x3w 3ms | egraph 16g->22v+0snap 5ms | graft 17 (-35n, 0 snap) cpu 0 | f64 20 | gen 0.2s | dropped inexpr 10 oversz 0 unbuild 0 {}
 315     0     100               0      1.40711921      1.39550886      2.69345452      4.65103129    0.0519627921    0.0559351886
 315     1      50               0      1.40711921      1.39550886      2.69345452      4.65103129    0.0519627921    0.0559351886
          wgpu 1d 99g 182c x3w 3ms | egraph 11g->36v+0snap 3ms | graft 27 (-60n, 0 snap) cpu 0 | f64 20 | gen 0.1s | dropped inexpr 3 oversz 0 unbuild 0 {}
 316     0     100               0      1.40711921      1.39550886      2.69345452      4.65103129    0.0519627921    0.0559351886
 316     1      50               0      1.40711926      1.39550891      2.69345169      4.65103462    0.0519627939    0.0559351905
          wgpu 1d 103g 182c x3w 3ms | egraph 16g->36v+0snap 3ms | graft 31 (-65n, 0 snap) cpu 0 | f64 20 | gen 0.1s | dropped inexpr 4 oversz 0 unbuild 0 {}
 317     0     100               0      1.40711921      1.39550886      2.69345452      4.65103129    0.0519627921    0.0559351886
 317     1      50               0      1.40711926      1.39550891      2.69345169      4.65103462    0.0519627939    0.0559351905
          wgpu 1d 92g 182c x3w 3ms | egraph 17g->36v+0snap 4ms | graft 31 (-74n, 0 snap) cpu 0 | f64 20 | gen 0.1s | dropped inexpr 7 oversz 0 unbuild 0 {}
 318     0     100               0      1.40711921      1.39550886      2.69345452      4.65103129    0.0519627921    0.0559351886
 318     1      50               0      1.40711926      1.39550891      2.69345169      4.65103462    0.0519627939    0.0559351905
          wgpu 1d 100g 179c x3w 3ms | egraph 19g->33v+0snap 4ms | graft 24 (-50n, 0 snap) cpu 0 | f64 20 | gen 0.1s | dropped inexpr 10 oversz 0 unbuild 0 {}
 319     0     100               0      1.40711921      1.39550886      2.69345452      4.65103129    0.0519627921    0.0559351886
 319     1      50               0      1.40711921      1.39550886      2.69345452      4.65103129    0.0519627921    0.0559351886
          wgpu 1d 103g 172c x3w 3ms | egraph 24g->26v+0snap 5ms | graft 17 (-39n, 0 snap) cpu 0 | f64 20 | gen 0.1s | dropped inexpr 9 oversz 0 unbuild 0 {}
 320     0     100               0      1.40711926      1.39550891      2.69345169      4.65103462    0.0519627939    0.0559351905
 320     1      50               0      1.40711926      1.39550891      2.69345169      4.65103462    0.0519627939    0.0559351905
          wgpu 1d 88g 180c x3w 3ms | egraph 15g->34v+0snap 3ms | graft 27 (-51n, 0 snap) cpu 0 | f64 20 | gen 0.1s | dropped inexpr 10 oversz 0 unbuild 0 {}
--------- pump migration: intra (promote-2 + intake-reset) ---------
 321     0     100               0      1.40711926      1.39550891      2.69345169      4.65103462    0.0519627939    0.0559351905
 321     1      50               0      1.40711926      1.39550891      2.69345169      4.65103462    0.0519627939    0.0559351905
          wgpu 2d 322g 345c x3w 7ms | egraph 93g->119v+0snap 18ms | graft 62 (-168n, 0 snap) cpu 0 | f64 30 | gen 0.1s | dropped inexpr 20 oversz 0 unbuild 0 {}
 322     0     100               0      1.40711926      1.39550891      2.69345169      4.65103462    0.0519627939    0.0559351905
 322     1      50               0      1.40711921      1.39550886      2.69345452      4.65103129    0.0519627921    0.0559351886
          wgpu 1d 132g 187c x3w 3ms | egraph 29g->41v+0snap 6ms | graft 26 (-68n, 0 snap) cpu 0 | f64 20 | gen 0.1s | dropped inexpr 14 oversz 0 unbuild 0 {}
 323     0     100               0      1.40711926      1.39550891      2.69345169      4.65103462    0.0519627939    0.0559351905
 323     1      50               0      1.40711921      1.39550886      2.69345452      4.65103129    0.0519627921    0.0559351886
          wgpu 1d 103g 184c x3w 3ms | egraph 18g->38v+0snap 4ms | graft 29 (-57n, 0 snap) cpu 0 | f64 20 | gen 0.1s | dropped inexpr 10 oversz 0 unbuild 0 {}
 324     0     100               0      1.40711926      1.39550891      2.69345169      4.65103462    0.0519627939    0.0559351905
 324     1      50               0      1.40711926      1.39550891      2.69345169      4.65103462    0.0519627939    0.0559351905
          wgpu 1d 92g 168c x3w 3ms | egraph 20g->22v+0snap 5ms | graft 17 (-53n, 0 snap) cpu 0 | f64 20 | gen 0.1s | dropped inexpr 8 oversz 0 unbuild 0 {}
 325     0     100               0      1.40711926      1.39550891      2.69345169      4.65103462    0.0519627939    0.0559351905
 325     1      50               0      1.40711921      1.39550886      2.69345452      4.65103129    0.0519627921    0.0559351886
          wgpu 1d 93g 172c x3w 3ms | egraph 14g->26v+0snap 3ms | graft 20 (-51n, 0 snap) cpu 0 | f64 20 | gen 0.1s | dropped inexpr 7 oversz 0 unbuild 0 {}
 326     0     100               0      1.40711921      1.39550886      2.69345452      4.65103129    0.0519627921    0.0559351886
 326     1      50               0      1.40711926      1.39550891      2.69345169      4.65103462    0.0519627939    0.0559351905
          wgpu 1d 104g 182c x3w 3ms | egraph 19g->36v+0snap 3ms | graft 32 (-74n, 0 snap) cpu 0 | f64 20 | gen 0.1s | dropped inexpr 7 oversz 0 unbuild 0 {}
 327     0     100               0      1.40711921      1.39550886      2.69345452      4.65103129    0.0519627921    0.0559351886
 327     1      50               0      1.40711921      1.39550886      2.69345452      4.65103129    0.0519627921    0.0559351886
          wgpu 1d 117g 186c x3w 3ms | egraph 22g->40v+0snap 4ms | graft 30 (-56n, 0 snap) cpu 0 | f64 20 | gen 0.1s | dropped inexpr 10 oversz 0 unbuild 0 {}
 328     0     100               0      1.40711921      1.39550886      2.69345452      4.65103129    0.0519627921    0.0559351886
 328     1      50               0      1.40711926      1.39550891      2.69345169      4.65103462    0.0519627939    0.0559351905
          wgpu 1d 105g 176c x3w 3ms | egraph 20g->30v+0snap 4ms | graft 20 (-48n, 0 snap) cpu 0 | f64 20 | gen 0.1s | dropped inexpr 5 oversz 0 unbuild 0 {}
 329     0     100               0      1.40711921      1.39550886      2.69345452      4.65103129    0.0519627921    0.0559351886
 329     1      50               0      1.40711926      1.39550891      2.69345169      4.65103462    0.0519627939    0.0559351905
          wgpu 1d 114g 179c x3w 3ms | egraph 25g->33v+0snap 5ms | graft 20 (-43n, 0 snap) cpu 0 | f64 20 | gen 0.1s | dropped inexpr 13 oversz 0 unbuild 0 {}
 330     0     100               0      1.40711921      1.39550886      2.69345452      4.65103129    0.0519627921    0.0559351886
 330     1      50               0      1.40711926      1.39550891      2.69345169      4.65103462    0.0519627939    0.0559351905
          wgpu 1d 85g 168c x3w 3ms | egraph 16g->22v+0snap 3ms | graft 18 (-40n, 0 snap) cpu 0 | f64 20 | gen 0.1s | dropped inexpr 4 oversz 0 unbuild 0 {}
--------- pump migration: intra (promote-2 + intake-reset) + cross ---------
 331     0     100               0      1.40711921      1.39550886      2.69345452      4.65103129    0.0519627921    0.0559351886
 331     1      50               0      1.40711926      1.39550891      2.69345169      4.65103462    0.0519627939    0.0559351905
          wgpu 2d 337g 351c x3w 7ms | egraph 94g->125v+0snap 15ms | graft 69 (-174n, 0 snap) cpu 0 | f64 30 | gen 0.1s | dropped inexpr 6 oversz 0 unbuild 0 {}
 332     0     100               0      1.40711921      1.39550886      2.69345452      4.65103129    0.0519627921    0.0559351886
 332     1      50               0      1.40711921      1.39550886      2.69345452      4.65103129    0.0519627921    0.0559351886
          wgpu 1d 99g 180c x3w 3ms | egraph 17g->34v+0snap 4ms | graft 27 (-61n, 0 snap) cpu 0 | f64 20 | gen 0.2s | dropped inexpr 4 oversz 0 unbuild 0 {}
 333     0     100               0      1.40711926      1.39550891      2.69345169      4.65103462    0.0519627939    0.0559351905
 333     1      50               0      1.40711926      1.39550891      2.69345169      4.65103462    0.0519627939    0.0559351905
          wgpu 1d 106g 183c x3w 3ms | egraph 18g->37v+0snap 4ms | graft 27 (-58n, 0 snap) cpu 0 | f64 20 | gen 0.1s | dropped inexpr 4 oversz 0 unbuild 0 {}
 334     0     100               0      1.40711921      1.39550886      2.69345452      4.65103129    0.0519627921    0.0559351886
 334     1      50               0      1.40711926      1.39550891      2.69345169      4.65103462    0.0519627939    0.0559351905
          wgpu 1d 102g 170c x3w 3ms | egraph 15g->24v+0snap 3ms | graft 19 (-32n, 0 snap) cpu 0 | f64 20 | gen 0.1s | dropped inexpr 6 oversz 0 unbuild 0 {}
 335     0     100               0      1.40711921      1.39550886      2.69345452      4.65103129    0.0519627921    0.0559351886
 335     1      50               0      1.40711926      1.39550891      2.69345169      4.65103462    0.0519627939    0.0559351905
          wgpu 1d 101g 176c x3w 3ms | egraph 21g->30v+0snap 4ms | graft 25 (-47n, 0 snap) cpu 0 | f64 20 | gen 0.1s | dropped inexpr 16 oversz 0 unbuild 0 {}
 336     0     100               0      1.40711921      1.39550886      2.69345452      4.65103129    0.0519627921    0.0559351886
 336     1      50               0      1.40711921      1.39550886      2.69345452      4.65103129    0.0519627921    0.0559351886
          wgpu 1d 123g 194c x3w 3ms | egraph 29g->48v+0snap 5ms | graft 31 (-79n, 0 snap) cpu 0 | f64 20 | gen 0.1s | dropped inexpr 17 oversz 0 unbuild 0 {}
 337     0     100               0      1.40711921      1.39550886      2.69345452      4.65103129    0.0519627921    0.0559351886
 337     1      50               0      1.40711926      1.39550891      2.69345169      4.65103462    0.0519627939    0.0559351905
          wgpu 1d 113g 196c x3w 3ms | egraph 18g->50v+0snap 3ms | graft 30 (-69n, 0 snap) cpu 0 | f64 20 | gen 0.1s | dropped inexpr 10 oversz 0 unbuild 0 {}
 338     0     100               0      1.40711921      1.39550886      2.69345452      4.65103129    0.0519627921    0.0559351886
 338     1      50               0      1.40711921      1.39550886      2.69345452      4.65103129    0.0519627921    0.0559351886
          wgpu 1d 128g 188c x3w 3ms | egraph 21g->42v+0snap 3ms | graft 34 (-63n, 0 snap) cpu 0 | f64 20 | gen 0.1s | dropped inexpr 5 oversz 0 unbuild 0 {}
 339     0     100               0      1.40711921      1.39550886      2.69345452      4.65103129    0.0519627921    0.0559351886
 339     1      50               0      1.40711926      1.39550891      2.69345169      4.65103462    0.0519627939    0.0559351905
          wgpu 1d 114g 175c x3w 3ms | egraph 16g->29v+0snap 4ms | graft 23 (-49n, 0 snap) cpu 0 | f64 20 | gen 0.1s | dropped inexpr 10 oversz 0 unbuild 0 {}
 340     0     100               0      1.40711921      1.39550886      2.69345452      4.65103129    0.0519627921    0.0559351886
 340     1      50               0      1.40711926      1.39550891      2.69345169      4.65103462    0.0519627939    0.0559351905
          wgpu 1d 98g 172c x3w 3ms | egraph 15g->26v+0snap 3ms | graft 21 (-47n, 0 snap) cpu 0 | f64 20 | gen 0.1s | dropped inexpr 5 oversz 0 unbuild 0 {}
--------- pump migration: intra (promote-2 + intake-reset) ---------
 341     0     100               0      1.40711921      1.39550886      2.69345452      4.65103129    0.0519627921    0.0559351886
 341     1      50               0      1.40711926      1.39550891      2.69345169      4.65103462    0.0519627939    0.0559351905
          wgpu 2d 284g 332c x3w 6ms | egraph 75g->106v+0snap 14ms | graft 54 (-155n, 0 snap) cpu 0 | f64 30 | gen 0.1s | dropped inexpr 9 oversz 0 unbuild 0 {}
 342     0     100               0      1.40711921      1.39550886      2.69345452      4.65103129    0.0519627921    0.0559351886
 342     1      50               0      1.40711926      1.39550891      2.69345169      4.65103462    0.0519627939    0.0559351905
          wgpu 1d 87g 171c x3w 3ms | egraph 14g->25v+0snap 3ms | graft 18 (-32n, 0 snap) cpu 0 | f64 20 | gen 0.1s | dropped inexpr 7 oversz 0 unbuild 0 {}
 343     0     100               0      1.40711921      1.39550886      2.69345452      4.65103129    0.0519627921    0.0559351886
 343     1      50               0      1.40711921      1.39550886      2.69345452      4.65103129    0.0519627921    0.0559351886
          wgpu 1d 105g 181c x3w 3ms | egraph 15g->35v+0snap 4ms | graft 26 (-58n, 0 snap) cpu 0 | f64 20 | gen 0.1s | dropped inexpr 8 oversz 0 unbuild 0 {}
 344     0     100               0      1.40711921      1.39550886      2.69345452      4.65103129    0.0519627921    0.0559351886
 344     1      50               0      1.40711926      1.39550891      2.69345169      4.65103462    0.0519627939    0.0559351905
          wgpu 1d 101g 183c x3w 3ms | egraph 15g->37v+0snap 3ms | graft 26 (-55n, 0 snap) cpu 0 | f64 20 | gen 0.1s | dropped inexpr 5 oversz 0 unbuild 0 {}
 345     0     100               0      1.40711921      1.39550886      2.69345452      4.65103129    0.0519627921    0.0559351886
 345     1      50               0      1.40711926      1.39550891      2.69345169      4.65103462    0.0519627939    0.0559351905
          wgpu 1d 105g 173c x3w 3ms | egraph 21g->27v+0snap 4ms | graft 23 (-38n, 0 snap) cpu 0 | f64 20 | gen 0.1s | dropped inexpr 7 oversz 0 unbuild 0 {}
 346     0     100               0      1.40711921      1.39550886      2.69345452      4.65103129    0.0519627921    0.0559351886
 346     1      50               0      1.40711926      1.39550891      2.69345169      4.65103462    0.0519627939    0.0559351905
          wgpu 1d 110g 175c x3w 3ms | egraph 20g->29v+0snap 4ms | graft 22 (-48n, 0 snap) cpu 0 | f64 20 | gen 0.1s | dropped inexpr 10 oversz 0 unbuild 0 {}
 347     0     100               0      1.40711921      1.39550886      2.69345452      4.65103129    0.0519627921    0.0559351886
 347     1      50               0      1.40711926      1.39550891      2.69345169      4.65103462    0.0519627939    0.0559351905
          wgpu 1d 103g 181c x3w 3ms | egraph 11g->35v+0snap 3ms | graft 24 (-54n, 0 snap) cpu 0 | f64 20 | gen 0.1s | dropped inexpr 3 oversz 0 unbuild 0 {}
 348     0     100               0      1.40711921      1.39550886      2.69345452      4.65103129    0.0519627921    0.0559351886
 348     1      50               0      1.40711921      1.39550886      2.69345452      4.65103129    0.0519627921    0.0559351886
          wgpu 1d 99g 169c x3w 3ms | egraph 14g->23v+0snap 3ms | graft 19 (-33n, 0 snap) cpu 0 | f64 20 | gen 0.1s | dropped inexpr 8 oversz 0 unbuild 0 {}
 349     0     100               0      1.40711926      1.39550891      2.69345169      4.65103462    0.0519627939    0.0559351905
 349     1      50               0      1.40711921      1.39550886      2.69345452      4.65103129    0.0519627921    0.0559351886
          wgpu 1d 115g 183c x3w 3ms | egraph 15g->37v+0snap 3ms | graft 28 (-54n, 0 snap) cpu 0 | f64 20 | gen 0.1s | dropped inexpr 1 oversz 0 unbuild 0 {}
 350     0     100               0      1.40711921      1.39550886      2.69345452      4.65103129    0.0519627921    0.0559351886
 350     1      50               0      1.40711926      1.39550891      2.69345169      4.65103462    0.0519627939    0.0559351905
          wgpu 1d 118g 180c x3w 3ms | egraph 22g->34v+0snap 4ms | graft 19 (-43n, 0 snap) cpu 0 | f64 20 | gen 0.1s | dropped inexpr 9 oversz 0 unbuild 0 {}
--------- pump migration: intra (promote-2 + intake-reset) ---------
 351     0     100               0      1.40711921      1.39550886      2.69345452      4.65103129    0.0519627921    0.0559351886
 351     1      50               0      1.40711926      1.39550891      2.69345169      4.65103462    0.0519627939    0.0559351905
          wgpu 2d 287g 325c x3w 7ms | egraph 81g->99v+0snap 19ms | graft 52 (-146n, 0 snap) cpu 0 | f64 30 | gen 0.1s | dropped inexpr 8 oversz 0 unbuild 0 {}
 352     0     100               0      1.40711921      1.39550886      2.69345452      4.65103129    0.0519627921    0.0559351886
 352     1      50               0      1.40711921      1.39550886      2.69345452      4.65103129    0.0519627921    0.0559351886
          wgpu 1d 117g 179c x3w 3ms | egraph 16g->33v+0snap 3ms | graft 23 (-53n, 0 snap) cpu 0 | f64 20 | gen 0.1s | dropped inexpr 5 oversz 0 unbuild 0 {}
 353     0     100               0      1.40711926      1.39550891      2.69345169      4.65103462    0.0519627939    0.0559351905
 353     1      50               0      1.40711926      1.39550891      2.69345169      4.65103462    0.0519627939    0.0559351905
          wgpu 1d 113g 191c x3w 3ms | egraph 20g->45v+0snap 4ms | graft 29 (-78n, 0 snap) cpu 0 | f64 20 | gen 0.1s | dropped inexpr 8 oversz 0 unbuild 0 {}
 354     0     100               0      1.40711921      1.39550886      2.69345452      4.65103129    0.0519627921    0.0559351886
 354     1      50               0      1.40711926      1.39550891      2.69345169      4.65103462    0.0519627939    0.0559351905
          wgpu 1d 88g 166c x3w 3ms | egraph 14g->20v+0snap 3ms | graft 15 (-27n, 0 snap) cpu 0 | f64 20 | gen 0.1s | dropped inexpr 9 oversz 0 unbuild 0 {}
 355     0     100               0      1.40711921      1.39550886      2.69345452      4.65103129    0.0519627921    0.0559351886
 355     1      50               0      1.40711921      1.39550886      2.69345452      4.65103129    0.0519627921    0.0559351886
          wgpu 1d 119g 185c x3w 3ms | egraph 18g->39v+0snap 4ms | graft 29 (-68n, 0 snap) cpu 0 | f64 20 | gen 0.1s | dropped inexpr 6 oversz 0 unbuild 0 {}
 356     0     100               0      1.40711921      1.39550886      2.69345452      4.65103129    0.0519627921    0.0559351886
 356     1      50               0      1.40711926      1.39550891      2.69345169      4.65103462    0.0519627939    0.0559351905
          wgpu 1d 107g 180c x3w 3ms | egraph 19g->34v+0snap 4ms | graft 24 (-55n, 0 snap) cpu 0 | f64 20 | gen 0.1s | dropped inexpr 7 oversz 0 unbuild 0 {}
 357     0     100               0      1.40711926      1.39550891      2.69345169      4.65103462    0.0519627939    0.0559351905
 357     1      50               0      1.40711926      1.39550891      2.69345169      4.65103462    0.0519627939    0.0559351905
          wgpu 1d 105g 182c x3w 3ms | egraph 11g->36v+0snap 3ms | graft 26 (-56n, 0 snap) cpu 0 | f64 20 | gen 0.1s | dropped inexpr 3 oversz 0 unbuild 0 {}
 358     0     100               0      1.40711921      1.39550886      2.69345452      4.65103129    0.0519627921    0.0559351886
 358     1      50               0      1.40711926      1.39550891      2.69345169      4.65103462    0.0519627939    0.0559351905
          wgpu 1d 99g 175c x3w 3ms | egraph 16g->29v+0snap 4ms | graft 25 (-41n, 0 snap) cpu 0 | f64 20 | gen 0.2s | dropped inexpr 6 oversz 0 unbuild 0 {}
 359     0     100               0      1.40711921      1.39550886      2.69345452      4.65103129    0.0519627921    0.0559351886
 359     1      50               0      1.40711926      1.39550891      2.69345169      4.65103462    0.0519627939    0.0559351905
          wgpu 1d 101g 177c x3w 3ms | egraph 17g->31v+0snap 4ms | graft 22 (-51n, 0 snap) cpu 0 | f64 20 | gen 0.1s | dropped inexpr 12 oversz 0 unbuild 0 {}
 360     0     100               0      1.40711921      1.39550886      2.69345452      4.65103129    0.0519627921    0.0559351886
 360     1      50               0      1.40711921      1.39550886      2.69345452      4.65103129    0.0519627921    0.0559351886
          wgpu 1d 101g 184c x3w 3ms | egraph 16g->38v+0snap 3ms | graft 29 (-56n, 0 snap) cpu 0 | f64 20 | gen 0.1s | dropped inexpr 5 oversz 0 unbuild 0 {}
--------- pump migration: intra (promote-2 + intake-reset) + cross ---------
 361     0     100               0      1.40711921      1.39550886      2.69345452      4.65103129    0.0519627921    0.0559351886
 361     1      50               0      1.40711921      1.39550886      2.69345452      4.65103129    0.0519627921    0.0559351886
          wgpu 2d 335g 361c x3w 7ms | egraph 87g->135v+0snap 17ms | graft 63 (-236n, 0 snap) cpu 0 | f64 30 | gen 0.1s | dropped inexpr 11 oversz 0 unbuild 0 {}
 362     0     100               0      1.40711926      1.39550891      2.69345169      4.65103462    0.0519627939    0.0559351905
 362     1      50               0      1.40711921      1.39550886      2.69345452      4.65103129    0.0519627921    0.0559351886
          wgpu 1d 108g 172c x3w 3ms | egraph 21g->26v+0snap 4ms | graft 23 (-50n, 0 snap) cpu 0 | f64 20 | gen 0.1s | dropped inexpr 5 oversz 0 unbuild 0 {}
 363     0     100               0      1.40711921      1.39550886      2.69345452      4.65103129    0.0519627921    0.0559351886
 363     1      50               0      1.40711926      1.39550891      2.69345169      4.65103462    0.0519627939    0.0559351905
          wgpu 1d 91g 181c x3w 3ms | egraph 15g->35v+0snap 3ms | graft 21 (-41n, 0 snap) cpu 0 | f64 20 | gen 0.1s | dropped inexpr 8 oversz 0 unbuild 0 {}
 364     0     100               0      1.40711921      1.39550886      2.69345452      4.65103129    0.0519627921    0.0559351886
 364     1      50               0      1.40711921      1.39550886      2.69345452      4.65103129    0.0519627921    0.0559351886
          wgpu 1d 115g 183c x3w 3ms | egraph 15g->37v+0snap 4ms | graft 27 (-52n, 0 snap) cpu 0 | f64 20 | gen 0.1s | dropped inexpr 7 oversz 0 unbuild 0 {}
 365     0     100               0      1.40711926      1.39550891      2.69345169      4.65103462    0.0519627939    0.0559351905
 365     1      50               0      1.40711921      1.39550886      2.69345452      4.65103129    0.0519627921    0.0559351886
          wgpu 1d 109g 186c x3w 3ms | egraph 18g->40v+0snap 3ms | graft 30 (-57n, 0 snap) cpu 0 | f64 20 | gen 0.1s | dropped inexpr 7 oversz 0 unbuild 0 {}
 366     0     100               0      1.40711921      1.39550886      2.69345452      4.65103129    0.0519627921    0.0559351886
 366     1      50               0      1.40711926      1.39550891      2.69345169      4.65103462    0.0519627939    0.0559351905
          wgpu 1d 117g 188c x3w 3ms | egraph 19g->42v+0snap 5ms | graft 28 (-64n, 0 snap) cpu 0 | f64 20 | gen 0.1s | dropped inexpr 6 oversz 0 unbuild 0 {}
 367     0     100               0      1.40711921      1.39550886      2.69345452      4.65103129    0.0519627921    0.0559351886
 367     1      50               0      1.40711921      1.39550886      2.69345452      4.65103129    0.0519627921    0.0559351886
          wgpu 1d 102g 180c x3w 3ms | egraph 14g->34v+0snap 3ms | graft 25 (-55n, 0 snap) cpu 0 | f64 20 | gen 0.1s | dropped inexpr 5 oversz 0 unbuild 0 {}
 368     0     100               0      1.40711921      1.39550886      2.69345452      4.65103129    0.0519627921    0.0559351886
 368     1      50               0      1.40711921      1.39550886      2.69345452      4.65103129    0.0519627921    0.0559351886
          wgpu 1d 125g 185c x3w 3ms | egraph 23g->39v+0snap 4ms | graft 28 (-53n, 0 snap) cpu 0 | f64 20 | gen 0.1s | dropped inexpr 8 oversz 0 unbuild 0 {}
 369     0     100               0      1.40711926      1.39550891      2.69345169      4.65103462    0.0519627939    0.0559351905
 369     1      50               0      1.40711921      1.39550886      2.69345452      4.65103129    0.0519627921    0.0559351886
          wgpu 1d 102g 176c x3w 3ms | egraph 22g->30v+0snap 6ms | graft 19 (-37n, 0 snap) cpu 0 | f64 20 | gen 0.1s | dropped inexpr 15 oversz 0 unbuild 0 {}
 370     0     100               0      1.40711921      1.39550886      2.69345452      4.65103129    0.0519627921    0.0559351886
 370     1      50               0      1.40711926      1.39550891      2.69345169      4.65103462    0.0519627939    0.0559351905
          wgpu 1d 114g 185c x3w 3ms | egraph 18g->39v+0snap 4ms | graft 29 (-60n, 0 snap) cpu 0 | f64 20 | gen 0.1s | dropped inexpr 5 oversz 0 unbuild 0 {}
--------- pump migration: intra (promote-2 + intake-reset) ---------
 371     0     100               0      1.40711921      1.39550886      2.69345452      4.65103129    0.0519627921    0.0559351886
 371     1      50               0      1.40711921      1.39550886      2.69345452      4.65103129    0.0519627921    0.0559351886
          wgpu 2d 329g 356c x3w 7ms | egraph 98g->130v+0snap 19ms | graft 71 (-186n, 0 snap) cpu 0 | f64 30 | gen 0.1s | dropped inexpr 11 oversz 0 unbuild 0 {}
 372     0     100               0      1.40711921      1.39550886      2.69345452      4.65103129    0.0519627921    0.0559351886
 372     1      50               0      1.40711921      1.39550886      2.69345452      4.65103129    0.0519627921    0.0559351886
          wgpu 1d 106g 187c x3w 3ms | egraph 21g->41v+0snap 3ms | graft 30 (-61n, 0 snap) cpu 0 | f64 20 | gen 0.1s | dropped inexpr 7 oversz 0 unbuild 0 {}
 373     0     100               0      1.40711921      1.39550886      2.69345452      4.65103129    0.0519627921    0.0559351886
 373     1      50               0      1.40711926      1.39550891      2.69345169      4.65103462    0.0519627939    0.0559351905
          wgpu 1d 95g 175c x3w 3ms | egraph 19g->29v+0snap 5ms | graft 18 (-38n, 0 snap) cpu 0 | f64 20 | gen 0.3s | dropped inexpr 5 oversz 0 unbuild 0 {}
 374     0     100               0      1.40711921      1.39550886      2.69345452      4.65103129    0.0519627921    0.0559351886
 374     1      50               0      1.40711926      1.39550891      2.69345169      4.65103462    0.0519627939    0.0559351905
          wgpu 1d 120g 178c x3w 3ms | egraph 29g->32v+0snap 7ms | graft 18 (-41n, 0 snap) cpu 0 | f64 20 | gen 0.2s | dropped inexpr 7 oversz 0 unbuild 0 {}
 375     0     100               0      1.40711921      1.39550886      2.69345452      4.65103129    0.0519627921    0.0559351886
 375     1      50               0      1.40711921      1.39550886      2.69345452      4.65103129    0.0519627921    0.0559351886
          wgpu 1d 99g 175c x3w 3ms | egraph 18g->29v+0snap 5ms | graft 21 (-49n, 0 snap) cpu 0 | f64 20 | gen 0.1s | dropped inexpr 6 oversz 0 unbuild 0 {}
 376     0     100               0      1.40711926      1.39550891      2.69345169      4.65103462    0.0519627939    0.0559351905
 376     1      50               0      1.40711921      1.39550886      2.69345452      4.65103129    0.0519627921    0.0559351886
          wgpu 1d 107g 183c x3w 3ms | egraph 16g->37v+0snap 4ms | graft 27 (-53n, 0 snap) cpu 0 | f64 20 | gen 0.1s | dropped inexpr 6 oversz 0 unbuild 0 {}
 377     0     100               0      1.40711921      1.39550886      2.69345452      4.65103129    0.0519627921    0.0559351886
 377     1      50               0      1.40711926      1.39550891      2.69345169      4.65103462    0.0519627939    0.0559351905
          wgpu 1d 107g 177c x3w 3ms | egraph 21g->31v+0snap 5ms | graft 24 (-63n, 0 snap) cpu 0 | f64 20 | gen 0.1s | dropped inexpr 10 oversz 0 unbuild 0 {}
 378     0     100               0      1.40711921      1.39550886      2.69345452      4.65103129    0.0519627921    0.0559351886
 378     1      50               0      1.40711921      1.39550886      2.69345452      4.65103129    0.0519627921    0.0559351886
          wgpu 1d 118g 188c x3w 3ms | egraph 25g->42v+0snap 4ms | graft 31 (-68n, 0 snap) cpu 0 | f64 20 | gen 0.1s | dropped inexpr 4 oversz 0 unbuild 0 {}
 379     0     100               0      1.40711921      1.39550886      2.69345452      4.65103129    0.0519627921    0.0559351886
 379     1      50               0      1.40711926      1.39550891      2.69345169      4.65103462    0.0519627939    0.0559351905
          wgpu 1d 121g 180c x3w 3ms | egraph 19g->34v+0snap 4ms | graft 28 (-47n, 0 snap) cpu 0 | f64 20 | gen 0.1s | dropped inexpr 4 oversz 0 unbuild 0 {}
 380     0     100               0      1.40711921      1.39550886      2.69345452      4.65103129    0.0519627921    0.0559351886
 380     1      50               0      1.40711926      1.39550891      2.69345169      4.65103462    0.0519627939    0.0559351905
          wgpu 1d 123g 193c x3w 3ms | egraph 25g->47v+0snap 5ms | graft 35 (-70n, 0 snap) cpu 0 | f64 20 | gen 0.1s | dropped inexpr 8 oversz 0 unbuild 0 {}
--------- pump migration: intra (promote-2 + intake-reset) ---------
 381     0     100               0      1.40711921      1.39550886      2.69345452      4.65103129    0.0519627921    0.0559351886
 381     1      50               0      1.40711921      1.39550886      2.69345452      4.65103129    0.0519627921    0.0559351886
          wgpu 2d 318g 348c x3w 7ms | egraph 91g->122v+0snap 17ms | graft 61 (-172n, 0 snap) cpu 0 | f64 30 | gen 0.1s | dropped inexpr 9 oversz 0 unbuild 0 {}
 382     0     100               0      1.40711921      1.39550886      2.69345452      4.65103129    0.0519627921    0.0559351886
 382     1      50               0      1.40711926      1.39550891      2.69345169      4.65103462    0.0519627939    0.0559351905
          wgpu 1d 114g 183c x3w 3ms | egraph 22g->37v+0snap 7ms | graft 23 (-50n, 0 snap) cpu 0 | f64 20 | gen 0.1s | dropped inexpr 8 oversz 0 unbuild 0 {}
 383     0     100               0      1.40711926      1.39550891      2.69345169      4.65103462    0.0519627939    0.0559351905
 383     1      50               0      1.40711921      1.39550886      2.69345452      4.65103129    0.0519627921    0.0559351886
          wgpu 1d 89g 177c x3w 3ms | egraph 13g->31v+0snap 4ms | graft 23 (-50n, 0 snap) cpu 0 | f64 20 | gen 0.1s | dropped inexpr 1 oversz 0 unbuild 0 {}
 384     0     100               0      1.40711926      1.39550891      2.69345169      4.65103462    0.0519627939    0.0559351905
 384     1      50               0      1.40711921      1.39550886      2.69345452      4.65103129    0.0519627921    0.0559351886
          wgpu 1d 117g 184c x3w 3ms | egraph 22g->38v+0snap 5ms | graft 28 (-67n, 0 snap) cpu 0 | f64 20 | gen 0.1s | dropped inexpr 9 oversz 0 unbuild 0 {}
 385     0     100               0      1.40711921      1.39550886      2.69345452      4.65103129    0.0519627921    0.0559351886
 385     1      50               0      1.40711921      1.39550886      2.69345452      4.65103129    0.0519627921    0.0559351886
          wgpu 1d 103g 184c x3w 3ms | egraph 19g->38v+0snap 4ms | graft 30 (-70n, 0 snap) cpu 0 | f64 20 | gen 0.1s | dropped inexpr 5 oversz 0 unbuild 0 {}
 386     0     100               0      1.40711921      1.39550886      2.69345452      4.65103129    0.0519627921    0.0559351886
 386     1      50               0      1.40711926      1.39550891      2.69345169      4.65103462    0.0519627939    0.0559351905
          wgpu 1d 116g 193c x3w 3ms | egraph 23g->47v+0snap 7ms | graft 22 (-64n, 0 snap) cpu 0 | f64 20 | gen 0.1s | dropped inexpr 3 oversz 0 unbuild 0 {}
 387     0     100               0      1.40711921      1.39550886      2.69345452      4.65103129    0.0519627921    0.0559351886
 387     1      50               0      1.40711926      1.39550891      2.69345169      4.65103462    0.0519627939    0.0559351905
          wgpu 1d 100g 177c x3w 3ms | egraph 17g->31v+0snap 5ms | graft 21 (-42n, 0 snap) cpu 0 | f64 20 | gen 0.1s | dropped inexpr 6 oversz 0 unbuild 0 {}
 388     0     100               0      1.40711926      1.39550891      2.69345169      4.65103462    0.0519627939    0.0559351905
 388     1      50               0      1.40711926      1.39550891      2.69345169      4.65103462    0.0519627939    0.0559351905
          wgpu 1d 107g 182c x3w 3ms | egraph 17g->36v+0snap 7ms | graft 25 (-70n, 0 snap) cpu 0 | f64 20 | gen 0.3s | dropped inexpr 6 oversz 0 unbuild 0 {}
 389     0     100               0      1.40711921      1.39550886      2.69345452      4.65103129    0.0519627921    0.0559351886
 389     1      50               0      1.40711926      1.39550891      2.69345169      4.65103462    0.0519627939    0.0559351905
          wgpu 1d 92g 172c x3w 3ms | egraph 13g->26v+0snap 4ms | graft 21 (-43n, 0 snap) cpu 0 | f64 20 | gen 0.1s | dropped inexpr 7 oversz 0 unbuild 0 {}
 390     0     100               0      1.40711921      1.39550886      2.69345452      4.65103129    0.0519627921    0.0559351886
 390     1      50               0      1.40711926      1.39550891      2.69345169      4.65103462    0.0519627939    0.0559351905
          wgpu 1d 106g 190c x3w 3ms | egraph 18g->44v+0snap 5ms | graft 28 (-58n, 0 snap) cpu 0 | f64 20 | gen 0.1s | dropped inexpr 6 oversz 0 unbuild 0 {}
--------- pump migration: intra (promote-2 + intake-reset) + cross ---------
 391     0     100               0      1.40711921      1.39550886      2.69345452      4.65103129    0.0519627921    0.0559351886
 391     1      50               0      1.40711926      1.39550891      2.69345169      4.65103462    0.0519627939    0.0559351905
          wgpu 2d 317g 353c x3w 7ms | egraph 99g->127v+0snap 20ms | graft 74 (-172n, 0 snap) cpu 0 | f64 30 | gen 0.1s | dropped inexpr 14 oversz 0 unbuild 0 {}
--------- pump migration: cross-class ---------
 392     0     100               0      1.40711926      1.39550891      2.69345169      4.65103462    0.0519627939    0.0559351905
 392     1      50               0      1.40711921      1.39550886      2.69345452      4.65103129    0.0519627921    0.0559351886
          wgpu 2d 293g 331c x3w 7ms | egraph 70g->105v+0snap 12ms | graft 58 (-145n, 0 snap) cpu 0 | f64 30 | gen 0.1s | dropped inexpr 8 oversz 0 unbuild 0 {}
--------- pump migration: cross-class ---------
 393     0     100               0      1.40711926      1.39550891      2.69345169      4.65103462    0.0519627939    0.0559351905
 393     1      50               0      1.40711926      1.39550891      2.69345169      4.65103462    0.0519627939    0.0559351905
          wgpu 2d 327g 356c x3w 7ms | egraph 91g->130v+0snap 15ms | graft 71 (-182n, 0 snap) cpu 0 | f64 30 | gen 0.1s | dropped inexpr 7 oversz 0 unbuild 0 {}
--------- pump migration: cross-class ---------
 394     0     100               0      1.40711926      1.39550891      2.69345169      4.65103462    0.0519627939    0.0559351905
 394     1      50               0      1.40711926      1.39550891      2.69345169      4.65103462    0.0519627939    0.0559351905
          wgpu 2d 336g 353c x3w 7ms | egraph 94g->127v+0snap 18ms | graft 70 (-216n, 0 snap) cpu 0 | f64 30 | gen 0.1s | dropped inexpr 7 oversz 0 unbuild 0 {}
--------- pump migration: cross-class ---------
 395     0     100               0      1.40711926      1.39550891      2.69345169      4.65103462    0.0519627939    0.0559351905
 395     1      50               0      1.40711926      1.39550891      2.69345169      4.65103462    0.0519627939    0.0559351905
          wgpu 2d 301g 341c x3w 7ms | egraph 70g->115v+0snap 18ms | graft 67 (-212n, 0 snap) cpu 0 | f64 30 | gen 0.1s | dropped inexpr 7 oversz 0 unbuild 0 {}
--------- pump migration: cross-class ---------
 396     0     100               0      1.40711921      1.39550886      2.69345452      4.65103129    0.0519627921    0.0559351886
 396     1      50               0      1.40711926      1.39550891      2.69345169      4.65103462    0.0519627939    0.0559351905
          wgpu 2d 324g 350c x3w 7ms | egraph 82g->124v+0snap 15ms | graft 68 (-204n, 0 snap) cpu 0 | f64 30 | gen 0.1s | dropped inexpr 10 oversz 0 unbuild 0 {}
--------- pump migration: cross-class ---------
 397     0     100               0      1.40711926      1.39550891      2.69345169      4.65103462    0.0519627939    0.0559351905
 397     1      50               0      1.40711926      1.39550891      2.69345169      4.65103462    0.0519627939    0.0559351905
          wgpu 2d 329g 360c x3w 7ms | egraph 85g->134v+0snap 15ms | graft 62 (-173n, 0 snap) cpu 0 | f64 30 | gen 0.1s | dropped inexpr 9 oversz 0 unbuild 0 {}
--------- pump migration: cross-class ---------
 398     0     100               0      1.40711926      1.39550891      2.69345169      4.65103462    0.0519627939    0.0559351905
 398     1      50               0      1.40711921      1.39550886      2.69345452      4.65103129    0.0519627921    0.0559351886
          wgpu 2d 339g 363c x3w 7ms | egraph 89g->137v+0snap 16ms | graft 79 (-214n, 0 snap) cpu 0 | f64 30 | gen 0.1s | dropped inexpr 7 oversz 0 unbuild 0 {}
--------- pump migration: cross-class ---------
 399     0     100               0      1.40711926      1.39550891      2.69345169      4.65103462    0.0519627939    0.0559351905
 399     1      50               0      1.40711926      1.39550891      2.69345169      4.65103462    0.0519627939    0.0559351905
          wgpu 2d 341g 365c x3w 7ms | egraph 95g->139v+0snap 20ms | graft 75 (-225n, 0 snap) cpu 0 | f64 30 | gen 0.1s | dropped inexpr 11 oversz 0 unbuild 0 {}
--------- pump migration: cross-class ---------
 400     0     100               0      1.40711926      1.39550891      2.69345169      4.65103462    0.0519627939    0.0559351905
 400     1      50               0      1.40711926      1.39550891      2.69345169      4.65103462    0.0519627939    0.0559351905
          wgpu 2d 289g 326c x3w 6ms | egraph 69g->100v+0snap 13ms | graft 55 (-158n, 0 snap) cpu 0 | f64 30 | gen 0.1s | dropped inexpr 8 oversz 0 unbuild 0 {}
--------- pump migration: intra (promote-2 + intake-reset) + cross ---------

This sub-run: 2026-09-19 04:57:06.795198 → 2026-09-19 04:58:07.603735
Now at generation 400 (HOF size: 30)
[join] 450 dispatches, 62,839 genes, 274,620 candidates scored in 1.50s GPU+host; e-graph 14,322 trees -> 29,035 variants + 33 snaps in 3.07s; 15,594 grafts (5 snap), 41,607 nodes removed; cpu-path individuals 0, f64-rejected 0
[join]   inexpressible:   1613  no pset token for semantic id "div" with arity 2
[join]   inexpressible:   1072  no pset token for semantic id "sqrt" with arity 1
[join]   inexpressible:    490  no pset token for semantic id "pow" with arity 2
[join]   unbuildable:      2  length
  HFF-chosen LSM kept: a=-12.4533, b=3.3927
Chromosome wrapper: id=1  →  log_abs
hof[0] runtime val: mse=3.668e+00  R²=0.852961
Pre-snap expression (after sympify + LSM compose):
  3.39270288288483 - 12.4533236648767*log(Abs(cos(Abs(d*k))/3 + 0.752075982082436/Abs(sqrt(k)) + k/(3*U)))

Per-level snap results (before MSE scoring):
  strict      →  17.0740772958797 - 12.4533236648767*log(Abs(cos(Abs(d*k)) + 2.25622794624731/Abs(sqrt(k)) + k/U))
  default     →  -12.4533236648767*log(Abs(sqrt(pi)*cos(Abs(d*k)) + 4/Abs(sqrt(k)) + sqrt(pi)*k/U)) + 6.22666183243833*log(pi) + 17.0740772958797
  aggressive  →  -12.5262284826679*log(Abs(sqrt(pi)*cos(Abs(d*k)) + 4/Abs(sqrt(k)) + sqrt(pi)*k/U)) + 6.26311424133394*log(pi) + 17.0740772958797

Snap-level comparison (sorted by holdout MSE, lowest first)
------------------------------------------------------------------------------------------
  level       MSE            R²         expression                                        
------------------------------------------------------------------------------------------
★ aggressive  3.244          0.8720     -12.5262284826679*log(Abs(sqrt(pi)*cos(Abs(d*k)) +
  default     3.269          0.8710     -12.4533236648767*log(Abs(sqrt(pi)*cos(Abs(d*k)) +
  strict      3.269          0.8710     17.0740772958797 - 12.4533236648767*log(Abs(cos(Ab

Winning snap level: 'aggressive'  →  -12.5262284826679*log(Abs(sqrt(pi)*cos(Abs(d*k)) + 4/Abs(sqrt(k)) + sqrt(pi)*k/U)) + 6.26311424133394*log(pi) + 17.0740772958797

Canonical discovered expression: -12.5262284826679*log(Abs(sqrt(pi)*cos(Abs(d*k)) + 4/Abs(sqrt(k)) + sqrt(pi)*k/U)) + 6.26311424133394*log(pi) + 17.0740772958797
[38;2;0;50;255m
############################################################ [38;2;255;255;255m
[38;2;0;50;255m Equation Recovery: III_15_12 [38;2;255;255;255m
[38;2;0;50;255m Truth: 2*U*(1-cos(k*d)) [38;2;255;255;255m
[38;2;0;50;255m [38;2;255;255;255m
[38;2;255;0;255m     Exact recovery     : False [38;2;255;255;255m
[38;2;255;0;255m     Numerical recovery : False (max rel_err 2.05e+07 on 10k samples) [38;2;255;255;255m
[38;2;255;0;255m     Discovered         : -12.5262284826679*log(Abs(sqrt(pi)*cos(Abs(d*k)) + 4/Abs(sqrt(k)) + sqrt(pi)*k/U)) + 6.26311424133394*log(pi) + 17.0740772958797 [38;2;255;255;255m
[38;2;255;0;255m     LSM (a, b)         : (-12.4533, 3.3927) [38;2;255;255;255m
[38;2;0;50;255m
############################################################ [38;2;255;255;255m
In-range holdout : MSE=3.269  MAE=1.473  R²=0.8710
Extrapolation    : MSE=11.53  MAE=2.7  R²=0.7731

Top 10 HOF models (north_pole=truenorth) (★ = Pareto-optimal)
(deduped HOF: 6 unique chromosomes from 30 raw HOF entries)
 ----------------------------------------------------------------------------------------------------------------
       model     wrapper      length   train_mse     val_mse     max_err    train_r2      val_r2 angular_distance
 ----------------------------------------------------------------------------------------------------------------
★           0     log_abs          15      3.4193      3.6684      5.8511      0.8737      0.8530      0.0000
★          17     log_abs          15      3.4193      3.6684      5.8511      0.8737      0.8530      0.0000
★          16     log_abs          15      3.4193      3.6684      5.8511      0.8737      0.8530      0.0000
★          12     log_abs          15      3.4193      3.6684      5.8511      0.8737      0.8530      0.0000
           11    identity          12      7.9666      8.5488      7.4934      0.7058      0.6573      1.2370
           22    identity          14      9.0154      9.5008      7.9028      0.6671      0.6192      1.5708

Pareto-optimal in top 6: 4    Pareto-optimal in full HOF: 4 / 6

Recovery sweep across 6/6 unique HOF chromosomes (capped):
  Structural / exact     : 0/6  (0.0%)
  Numerical (≤1e-6 err)  : 0/6  (0.0%)
{
    "date": "2026/09/19",
    "seed": "5",
    "task": "equation_recovery",
    "north_pole_method": "truenorth",
    "hff_include_val": true,
    "problem": "III_15_12",
    "truth_expr": "2*U*(1-cos(k*d))",
    "final_terminal_inputs": [
        "U",
        "k",
        "d"
    ],
    "wide_primitives": true,
    "head_length": "48",
    "n_genes": "3",
    "rnc_array_length": "10",
    "tournament size": "intake=8, champion=5",
    "population size": "150",
    "population per island": "intake=100, champion=50",
    "gpu_join": true,
    "eclass_k": 8,
    "number of elites": "2",
    "number of generations": "400",
    "number of islands": "2",
    "migration FREQ": "30",
    "wrapper_id": 1,
    "wrapper_name": "log_abs",
    "recovery_exact": false,
    "recovery_numerical": false,
    "recovery_max_rel_err": 20504380.81169289,
    "discovered_expr": "-12.5262284826679*log(Abs(sqrt(pi)*cos(Abs(d*k)) + 4/Abs(sqrt(k)) + sqrt(pi)*k/U)) + 6.26311424133394*log(pi) + 17.0740772958797",
    "holdout_mse": 3.2693286795225847,
    "holdout_r2": 0.8710013946289292,
    "extrap_mse": 11.528047687282621,
    "extrap_r2": 0.7731295673934222,
    "hof_size": 6,
    "hof_exact_recoveries": 0,
    "hof_numerical_recoveries": 0
}
