/opt/anaconda3/lib/python3.12/site-packages/geppy/__init__.py:26: UserWarning: pkg_resources is deprecated as an API. See https://setuptools.pypa.io/en/latest/pkg_resources.html. The pkg_resources package is slated for removal as early as 2025-11-30. Refrain from using this package or pin to Setuptools<81.
  from pkg_resources import get_distribution, DistributionNotFound
hff library OK (test fitness: (0.1415394733244273,))
registry: ['circle_area', 'gravity', 'coulomb', 'pendulum', 'keplers3', 'ideal_gas', 'I_6_2a', 'I_6_2', 'I_6_2b', 'I_8_14', 'I_9_18', 'I_10_7', 'I_11_19', 'I_12_1', 'I_12_2', 'I_12_4', 'I_12_5', 'I_12_11', 'I_13_4', 'I_13_12', 'I_14_3', 'I_14_4', 'I_15_3x', 'I_15_3t', 'I_15_1', 'I_16_6', 'I_18_4', 'I_18_12', 'I_18_14', 'I_24_6', 'I_25_13', 'I_26_2', 'I_27_6', 'I_29_4', 'I_29_16', 'I_30_3', 'I_30_5', 'I_32_5', 'I_32_17', 'I_34_8', 'I_34_1', 'I_34_14', 'I_34_27', 'I_37_4', 'I_38_12', 'I_39_1', 'I_39_11', 'I_39_22', 'I_40_1', 'I_41_16', 'I_43_16', 'I_43_31', 'I_43_43', 'I_44_4', 'I_47_23', 'I_48_2', 'I_50_26', 'II_2_42', 'II_3_24', 'II_4_23', 'II_6_11', 'II_6_15a', 'II_6_15b', 'II_8_7', 'II_8_31', 'II_10_9', 'II_11_3', 'II_11_17', 'II_11_20', 'II_11_27', 'II_11_28', 'II_13_17', 'II_13_23', 'II_13_34', 'II_15_4', 'II_15_5', 'II_21_32', 'II_24_17', 'II_27_16', 'II_27_18', 'II_34_2a', 'II_34_2', 'II_34_11', 'II_34_29a', 'II_34_29b', 'II_35_18', 'II_35_21', 'II_36_38', 'II_37_1', 'II_38_3', 'II_38_14', 'III_4_32', 'III_4_33', 'III_7_38', 'III_8_54', 'III_9_52', 'III_10_19', 'III_12_43', 'III_13_18', 'III_14_14', 'III_15_12', 'III_15_14', 'III_15_27', 'III_17_37', 'III_19_51', 'III_21_20', 'test_1', 'test_2', 'test_3', 'test_4', 'test_5', 'test_6', 'test_7', 'test_8', 'test_9', 'test_10', 'test_11', 'test_12', 'test_13', 'test_14', 'test_15', 'test_16', 'test_17', 'test_18', 'test_19', 'test_20']
[feynman override] head_length=48 (keep n_genes=3, avgval linker)
Selected problem: III_14_14
  Description : Feynman I-III III.14.14: I = I_0*(exp(q*Volt/(kb*T))-1)
  Variables   : ['I_0', 'q', 'Volt', 'kb', 'T']
  Train range : {'I_0': (1.0, 5.0), 'q': (1.0, 2.0), 'Volt': (1.0, 2.0), 'kb': (1.0, 2.0), 'T': (1.0, 2.0)}
  Extrap range: {'I_0': (1.0, 7.5), 'q': (1.0, 3.0), 'Volt': (1.0, 3.0), 'kb': (1.0, 3.0), 'T': (1.0, 3.0)}
  Truth       : I_0*(exp(q*Volt/(kb*T))-1)
  ✓ cache hit  (data/equations/III_14_14, key=73cc1734cbdfb0d5)
  train           (800, 6)  target range=[0.5889, 77.04]
  val             (200, 6)  target range=[0.6714, 74.38]
  holdout         (200, 6)  target range=[0.5798, 50.29]
  extrapolation   (200, 6)  target range=[0.3355, 205]
(skipping pairplot — too many variables: 5)
Wide primitive set enabled: sin, cos, exp, log added.
[E22 rules] variable pattern tags: {'no_pattern'}
[E22/23 rules] static candidate count: 1
  [sum_sq_all/sum_sq] a=0.2983 b=7.5747e-01 1-R²_va=9.1576e-01
[fuller] denoise + snap IN THE JOIN (every gene, every generation, K=8); mutation operators: physics=0.2 concretize=0.05
Wrapper scope: per_island  (island → wrapper map: ['identity', 'identity'])
[wgpu] process pool disabled — Metal cannot survive fork(); the population is evaluated in one dispatch instead
Genes: head_length=48, n_genes=3, rnc_array_length=10
Population: (per-island, see below), elites: 2, generations: 400, migration FREQ: 30
  pump per-island sizes: intake=100 (tournsize=8), champion=50 (tournsize=5)
Initialising evolution at 2026-09-19 04:55:48.380069
 gen  deme   evals     min fitness          mse_tr          mse_va         max_err      mse_extrap  one_minus_r2_tr  one_minus_r2_va
   0     0     100    0.0942359821      22.5004972      61.0149873      56.7068173      531.866053     0.557111363     0.609488087
   0     1      50               0      24.8319631      69.8845153      58.3987357      524.030098     0.614838359     0.698087165
          wgpu 1d 301g 244c x3w 8ms | egraph 199g->94v+0snap 51ms | graft 49 (-145n, 0 snap) cpu 0 | f64 30 | gen 0.0s | dropped inexpr 5 oversz 0 unbuild 0 {}
Extending evolution: gen 1 → 400 (+400 generations)
   1     0     100               0       18.635399      45.0048856      49.2345194      368.472811     0.461411693      0.44956072
   1     1      50               0      24.8319631      69.8845153      58.3987357      524.030098     0.614838359     0.698087165
          wgpu 1d 147g 243c x3w 3ms | egraph 77g->97v+0snap 14ms | graft 49 (-142n, 0 snap) cpu 0 | f64 28 | gen 0.2s | dropped inexpr 2 oversz 0 unbuild 0 {}
   2     0     100               0       18.635399      45.0048856      49.2345194      368.472811     0.461411693      0.44956072
   2     1      50               0      24.8319631      69.8845153      58.3987357      524.030098     0.614838359     0.698087165
          wgpu 1d 156g 312c x3w 4ms | egraph 70g->166v+0snap 10ms | graft 78 (-245n, 0 snap) cpu 0 | f64 20 | gen 0.2s | dropped inexpr 1 oversz 0 unbuild 0 {}
   3     0     100               0       18.635399      45.0048856      49.2345194      368.472811     0.461411693      0.44956072
   3     1      50               0      24.8319631      69.8845153      58.3987357      524.030098     0.614838359     0.698087165
          wgpu 1d 111g 186c x3w 3ms | egraph 42g->40v+0snap 7ms | graft 19 (-54n, 0 snap) cpu 0 | f64 27 | gen 0.3s
   4     0     100               0       18.635399      45.0048856      49.2345194      368.472811     0.461411693      0.44956072
   4     1      50               0      24.8319631      69.8845153      58.3987357      524.030098     0.614838359     0.698087165
          wgpu 1d 113g 180c x3w 3ms | egraph 53g->34v+0snap 12ms | graft 16 (-59n, 0 snap) cpu 0 | f64 37 | gen 0.6s
   5     0     100               0       18.635399      45.0048856      49.2345194      368.472811     0.461411693      0.44956072
   5     1      50               0      24.8319631      69.8845153      58.3987357      524.030098     0.614838359     0.698087165
          wgpu 1d 112g 184c x3w 3ms | egraph 44g->38v+0snap 10ms | graft 18 (-51n, 0 snap) cpu 0 | f64 20 | gen 0.2s
   6     0     100               0       18.635399      45.0048856      49.2345194      368.472811     0.461411693      0.44956072
   6     1      50               0      24.8319631      69.8845153      58.3987357      524.030098     0.614838359     0.698087165
          wgpu 1d 111g 182c x3w 3ms | egraph 37g->36v+0snap 13ms | graft 16 (-52n, 0 snap) cpu 0 | f64 20 | gen 0.2s
   7     0     100               0       18.635399      45.0048856      49.2345194      368.472811     0.461411693      0.44956072
   7     1      50               0      24.8319631      69.8845153      58.3987357      524.030098     0.614838359     0.698087165
          wgpu 1d 117g 200c x3w 3ms | egraph 32g->54v+0snap 13ms | graft 25 (-80n, 0 snap) cpu 0 | f64 30 | gen 0.3s
   8     0     100               0       18.635399      45.0048856      49.2345194      368.472811     0.461411693      0.44956072
   8     1      50               0      24.8319631      69.8845153      58.3987357      524.030098     0.614838359     0.698087165
          wgpu 1d 83g 169c x3w 3ms | egraph 23g->23v+0snap 7ms | graft 15 (-40n, 0 snap) cpu 0 | f64 20 | gen 0.2s
   9     0     100               0       18.635399      45.0048856      49.2345194      368.472811     0.461411693      0.44956072
   9     1      50               0      20.7332369      60.7707358      57.2366347       449.56096     0.513354072     0.607048221
          wgpu 1d 121g 190c x3w 3ms | egraph 34g->44v+0snap 9ms | graft 19 (-53n, 0 snap) cpu 0 | f64 20 | gen 0.3s
  10     0     100               0       18.635399      45.0048856      49.2345194      368.472811     0.461411693      0.44956072
  10     1      50               0      20.7332364      60.7707339      57.2366335      449.560956      0.51335406     0.607048202
          wgpu 1d 133g 197c x3w 3ms | egraph 44g->51v+0snap 11ms | graft 24 (-139n, 0 snap) cpu 0 | f64 20 | gen 0.3s
--------- pump migration: intra (promote-2 + intake-reset) ---------
  11     0     100               0       18.635399      45.0048856      49.2345194      368.472811     0.461411693      0.44956072
  11     1      50               0      20.7332364      60.7707339      57.2366335      449.560956      0.51335406     0.607048202
          wgpu 2d 293g 329c x3w 7ms | egraph 117g->103v+0snap 63ms | graft 54 (-158n, 0 snap) cpu 0 | f64 30 | gen 0.2s
  12     0     100               0       18.635399      45.0048856      49.2345194      368.472811     0.461411693      0.44956072
  12     1      50               0      20.7332364      60.7707339      57.2366335      449.560956      0.51335406     0.607048202
          wgpu 1d 111g 180c x3w 5ms | egraph 35g->34v+0snap 13ms | graft 16 (-60n, 0 snap) cpu 0 | f64 20 | gen 0.3s
  13     0     100               0       18.635399      45.0048856      49.2345194      368.472811     0.461411693      0.44956072
  13     1      50               0      20.7332364      60.7707339      57.2366335      449.560956      0.51335406     0.607048202
          wgpu 1d 107g 187c x3w 3ms | egraph 25g->41v+0snap 6ms | graft 20 (-50n, 0 snap) cpu 0 | f64 20 | gen 0.3s
  14     0     100               0       18.635399      45.0048856      49.2345194      368.472811     0.461411693      0.44956072
  14     1      50               0      20.7332364      60.7707339      57.2366335      449.560956      0.51335406     0.607048202
          wgpu 1d 91g 169c x3w 3ms | egraph 28g->23v+0snap 6ms | graft 9 (-24n, 0 snap) cpu 0 | f64 20 | gen 0.2s | dropped inexpr 1 oversz 0 unbuild 0 {}
  15     0     100               0       18.635399      45.0048856      49.2345194      368.472811     0.461411693      0.44956072
  15     1      50               0      20.7332364      60.7707339      57.2366335      449.560956      0.51335406     0.607048202
          wgpu 1d 95g 173c x3w 3ms | egraph 29g->27v+0snap 10ms | graft 14 (-33n, 0 snap) cpu 0 | f64 20 | gen 0.3s
  16     0     100               0       18.635399      45.0048856      49.2345194      368.472811     0.461411693      0.44956072
  16     1      50               0      20.7332364      60.7707339      57.2366335      449.560956      0.51335406     0.607048202
          wgpu 1d 130g 198c x3w 3ms | egraph 38g->52v+0snap 8ms | graft 27 (-81n, 0 snap) cpu 0 | f64 20 | gen 0.6s
  17     0     100               0       18.635399      45.0048856      49.2345194      368.472811     0.461411693      0.44956072
  17     1      50               0      20.7332364      60.7707339      57.2366335      449.560956      0.51335406     0.607048202
          wgpu 1d 118g 187c x3w 3ms | egraph 31g->41v+0snap 10ms | graft 18 (-48n, 0 snap) cpu 0 | f64 20 | gen 0.3s
  18     0     100               0       18.635399      45.0048856      49.2345194      368.472811     0.461411693      0.44956072
  18     1      50               0      20.7332364      60.7707339      57.2366335      449.560956      0.51335406     0.607048202
          wgpu 1d 123g 189c x3w 3ms | egraph 32g->43v+0snap 9ms | graft 22 (-68n, 0 snap) cpu 0 | f64 20 | gen 0.2s
  19     0     100               0       18.635399      45.0048856      49.2345194      368.472811     0.461411693      0.44956072
  19     1      50               0      20.4364884      60.2786714      57.2342095      442.067148     0.506006591     0.602132914
          wgpu 1d 114g 178c x3w 3ms | egraph 35g->32v+0snap 10ms | graft 17 (-83n, 0 snap) cpu 0 | f64 20 | gen 0.3s
  20     0     100               0       18.635399      45.0048856      49.2345194      368.472811     0.461411693      0.44956072
  20     1      50               0      20.4364883      60.2786698      57.2342079       442.06715     0.506006589     0.602132898
          wgpu 1d 117g 183c x3w 3ms | egraph 37g->37v+0snap 13ms | graft 21 (-72n, 0 snap) cpu 0 | f64 20 | gen 0.4s
--------- pump migration: intra (promote-2 + intake-reset) ---------
  21     0     100               0       18.635399      45.0048856      49.2345194      368.472811     0.461411693      0.44956072
  21     1      50               0      19.7613858      59.0308296      57.1239733      438.485626      0.48929108     0.589668031
          wgpu 2d 286g 323c x3w 7ms | egraph 107g->97v+0snap 19ms | graft 54 (-173n, 0 snap) cpu 0 | f64 30 | gen 0.1s | dropped inexpr 1 oversz 0 unbuild 0 {}
  22     0     100               0       18.635399      45.0048856      49.2345194      368.472811     0.461411693      0.44956072
  22     1      50               0      19.7613858      59.0308296      57.1239733      438.485626      0.48929108     0.589668031
          wgpu 1d 107g 177c x3w 3ms | egraph 22g->31v+0snap 5ms | graft 15 (-56n, 0 snap) cpu 0 | f64 20 | gen 0.3s
  23     0     100               0       18.635399      45.0048856      49.2345194      368.472811     0.461411693      0.44956072
  23     1      50               0      20.4364883      60.2786698      57.2342079       442.06715     0.506006589     0.602132898
          wgpu 1d 122g 194c x3w 3ms | egraph 34g->48v+0snap 8ms | graft 25 (-76n, 0 snap) cpu 0 | f64 20 | gen 0.4s
  24     0     100               0       18.635399      45.0048856      49.2345194      368.472811     0.461411693      0.44956072
  24     1      50               0      20.4364883      60.2786698      57.2342079       442.06715     0.506006589     0.602132898
          wgpu 1d 134g 193c x3w 3ms | egraph 37g->47v+0snap 19ms | graft 24 (-62n, 0 snap) cpu 0 | f64 20 | gen 0.2s
  25     0     100               0       18.635399      45.0048856      49.2345194      368.472811     0.461411693      0.44956072
  25     1      50               0      20.4364883      60.2786698      57.2342079       442.06715     0.506006589     0.602132898
          wgpu 1d 105g 177c x3w 3ms | egraph 30g->31v+0snap 7ms | graft 12 (-51n, 0 snap) cpu 0 | f64 20 | gen 0.2s
  26     0     100               0       18.635399      45.0048856      49.2345194      368.472811     0.461411693      0.44956072
  26     1      50               0      20.4364883      60.2786698      57.2342079       442.06715     0.506006589     0.602132898
          wgpu 1d 109g 181c x3w 3ms | egraph 23g->35v+0snap 9ms | graft 12 (-50n, 0 snap) cpu 0 | f64 20 | gen 0.4s
  27     0     100               0       18.635399      45.0048856      49.2345194      368.472811     0.461411693      0.44956072
  27     1      50               0      20.4364883      60.2786698      57.2342079       442.06715     0.506006589     0.602132898
          wgpu 1d 112g 184c x3w 3ms | egraph 22g->38v+0snap 6ms | graft 25 (-61n, 0 snap) cpu 0 | f64 20 | gen 0.3s | dropped inexpr 1 oversz 0 unbuild 0 {}
  28     0     100               0       18.635399      45.0048856      49.2345194      368.472811     0.461411693      0.44956072
  28     1      50               0      20.4364883      60.2786698      57.2342079       442.06715     0.506006589     0.602132898
          wgpu 1d 109g 183c x3w 3ms | egraph 29g->37v+0snap 7ms | graft 16 (-73n, 0 snap) cpu 0 | f64 20 | gen 0.2s
  29     0     100               0       18.635399      45.0048856      49.2345194      368.472811     0.461411693      0.44956072
  29     1      50               0      20.4364883      60.2786698      57.2342079       442.06715     0.506006589     0.602132898
          wgpu 1d 120g 183c x3w 3ms | egraph 32g->37v+0snap 10ms | graft 19 (-69n, 0 snap) cpu 0 | f64 20 | gen 1.0s
  30     0     100               0       18.635399      45.0048856      49.2345194      368.472811     0.461411693      0.44956072
  30     1      50               0      20.4364883      60.2786698      57.2342079       442.06715     0.506006589     0.602132898
          wgpu 1d 112g 187c x3w 3ms | egraph 25g->41v+0snap 7ms | graft 20 (-53n, 0 snap) cpu 0 | f64 20 | gen 0.2s
--------- pump migration: intra (promote-2 + intake-reset) ---------
  31     0     100               0       18.635399      45.0048856      49.2345194      368.472811     0.461411693      0.44956072
  31     1      50               0      20.4364883      60.2786698      57.2342079       442.06715     0.506006589     0.602132898
          wgpu 2d 322g 338c x3w 7ms | egraph 121g->112v+0snap 22ms | graft 50 (-155n, 0 snap) cpu 0 | f64 30 | gen 0.2s
  32     0     100               0       18.635399      45.0048856      49.2345194      368.472811     0.461411693      0.44956072
  32     1      50               0      20.4364883      60.2786698      57.2342079       442.06715     0.506006589     0.602132898
          wgpu 1d 98g 178c x3w 3ms | egraph 21g->32v+0snap 10ms | graft 14 (-86n, 0 snap) cpu 0 | f64 20 | gen 0.1s
  33     0     100               0       18.635399      45.0048856      49.2345194      368.472811     0.461411693      0.44956072
  33     1      50               0      20.4364883      60.2786698      57.2342079       442.06715     0.506006589     0.602132898
          wgpu 1d 129g 191c x3w 3ms | egraph 37g->45v+0snap 12ms | graft 16 (-59n, 0 snap) cpu 0 | f64 20 | gen 0.6s
  34     0     100               0       18.635399      45.0048856      49.2345194      368.472811     0.461411693      0.44956072
  34     1      50               0      20.4364883      60.2786698      57.2342079       442.06715     0.506006589     0.602132898
          wgpu 1d 109g 175c x3w 3ms | egraph 28g->29v+0snap 10ms | graft 11 (-30n, 0 snap) cpu 0 | f64 20 | gen 0.1s
  35     0     100               0       18.635399      45.0048856      49.2345194      368.472811     0.461411693      0.44956072
  35     1      50               0      20.4364883      60.2786698      57.2342079       442.06715     0.506006589     0.602132898
          wgpu 1d 84g 165c x3w 3ms | egraph 19g->19v+0snap 4ms | graft 12 (-42n, 0 snap) cpu 0 | f64 20 | gen 0.1s
  36     0     100               0       18.635399      45.0048856      49.2345194      368.472811     0.461411693      0.44956072
  36     1      50               0      20.4364883      60.2786698      57.2342079       442.06715     0.506006589     0.602132898
          wgpu 1d 111g 181c x3w 3ms | egraph 25g->35v+0snap 9ms | graft 19 (-45n, 0 snap) cpu 0 | f64 20 | gen 0.4s
  37     0     100               0      12.4110507      10.9585771      23.7888281      434.049331     0.307297093     0.109466911
  37     1      50               0      20.4364883      60.2786698      57.2342079       442.06715     0.506006589     0.602132898
          wgpu 1d 116g 189c x3w 3ms | egraph 33g->43v+0snap 7ms | graft 21 (-118n, 0 snap) cpu 0 | f64 20 | gen 0.1s
  38     0     100               0      12.4110507      10.9585771      23.7888281      434.049331     0.307297093     0.109466911
  38     1      50               0      20.4364883      60.2786698      57.2342079       442.06715     0.506006589     0.602132898
          wgpu 1d 105g 172c x3w 3ms | egraph 39g->26v+0snap 6ms | graft 18 (-50n, 0 snap) cpu 0 | f64 20 | gen 0.2s
  39     0     100               0      12.4110507      10.9585771      23.7888281      434.049331     0.307297093     0.109466911
  39     1      50               0      20.4364883      60.2786698      57.2342079       442.06715     0.506006589     0.602132898
          wgpu 1d 90g 168c x3w 3ms | egraph 20g->22v+0snap 5ms | graft 12 (-30n, 0 snap) cpu 0 | f64 20 | gen 0.1s
  40     0     100               0      12.4110507      10.9585771      23.7888281      434.049331     0.307297093     0.109466911
  40     1      50               0      20.4364883      60.2786698      57.2342079       442.06715     0.506006589     0.602132898
          wgpu 1d 87g 165c x3w 3ms | egraph 19g->19v+0snap 5ms | graft 13 (-37n, 0 snap) cpu 0 | f64 20 | gen 0.1s
--------- pump migration: intra (promote-2 + intake-reset) ---------
  41     0     100               0      12.4110507      10.9585771      23.7888281      434.049331     0.307297093     0.109466911
  41     1      50               0      20.4364883      60.2786698      57.2342079       442.06715     0.506006589     0.602132898
          wgpu 2d 274g 307c x3w 7ms | egraph 116g->81v+0snap 21ms | graft 42 (-145n, 0 snap) cpu 0 | f64 30 | gen 0.2s | dropped inexpr 6 oversz 0 unbuild 0 {}
  42     0     100               0        12.41105      10.9585733      23.7887715      434.049301     0.307297075     0.109466873
  42     1      50               0      12.4110507      10.9585771      23.7888281      434.049331     0.307297093     0.109466911
          wgpu 1d 95g 173c x3w 3ms | egraph 33g->27v+0snap 5ms | graft 18 (-55n, 0 snap) cpu 0 | f64 20 | gen 0.2s | dropped inexpr 1 oversz 0 unbuild 0 {}
  43     0     100               0        12.41105      10.9585733      23.7887715      434.049301     0.307297075     0.109466873
  43     1      50               0        12.41105      10.9585733      23.7887715      434.049301     0.307297075     0.109466873
          wgpu 1d 107g 169c x3w 3ms | egraph 27g->23v+0snap 5ms | graft 14 (-41n, 0 snap) cpu 0 | f64 20 | gen 0.1s
  44     0     100               0        12.41105      10.9585733      23.7887715      434.049301     0.307297075     0.109466873
  44     1      50               0        12.41105      10.9585733      23.7887715      434.049301     0.307297075     0.109466873
          wgpu 1d 104g 172c x3w 3ms | egraph 28g->26v+0snap 5ms | graft 15 (-45n, 0 snap) cpu 0 | f64 20 | gen 0.1s
  45     0     100               0        12.41105      10.9585733      23.7887715      434.049301     0.307297075     0.109466873
  45     1      50               0      12.4110507      10.9585771      23.7888281      434.049331     0.307297093     0.109466911
          wgpu 1d 98g 171c x3w 3ms | egraph 21g->25v+0snap 4ms | graft 15 (-69n, 0 snap) cpu 0 | f64 20 | gen 0.2s
  46     0     100               0        12.41105      10.9585733      23.7887715      434.049301     0.307297075     0.109466873
  46     1      50               0      12.4110507      10.9585771      23.7888281      434.049331     0.307297093     0.109466911
          wgpu 1d 114g 175c x3w 3ms | egraph 31g->29v+0snap 6ms | graft 21 (-46n, 0 snap) cpu 0 | f64 20 | gen 0.2s
  47     0     100               0        12.41105      10.9585733      23.7887715      434.049301     0.307297075     0.109466873
  47     1      50               0      12.4110507      10.9585771      23.7888281      434.049331     0.307297093     0.109466911
          wgpu 1d 92g 171c x3w 3ms | egraph 24g->25v+0snap 5ms | graft 17 (-52n, 0 snap) cpu 0 | f64 20 | gen 0.1s
  48     0     100               0        12.41105      10.9585733      23.7887715      434.049301     0.307297075     0.109466873
  48     1      50               0      12.4110507      10.9585771      23.7888281      434.049331     0.307297093     0.109466911
          wgpu 1d 120g 178c x3w 3ms | egraph 27g->32v+0snap 5ms | graft 18 (-74n, 0 snap) cpu 0 | f64 20 | gen 0.2s
  49     0     100               0        12.41105      10.9585733      23.7887715      434.049301     0.307297075     0.109466873
  49     1      50               0      12.4110507      10.9585771      23.7888281      434.049331     0.307297093     0.109466911
          wgpu 1d 93g 165c x3w 3ms | egraph 22g->19v+0snap 7ms | graft 11 (-38n, 0 snap) cpu 0 | f64 20 | gen 0.2s
  50     0     100               0        12.41105      10.9585733      23.7887715      434.049301     0.307297075     0.109466873
  50     1      50               0      12.4110507      10.9585771      23.7888281      434.049331     0.307297093     0.109466911
          wgpu 1d 80g 161c x3w 3ms | egraph 20g->15v+0snap 4ms | graft 12 (-31n, 0 snap) cpu 0 | f64 20 | gen 0.1s | dropped inexpr 1 oversz 0 unbuild 0 {}
--------- pump migration: intra (promote-2 + intake-reset) ---------
  51     0     100               0        12.41105      10.9585733      23.7887715      434.049301     0.307297075     0.109466873
  51     1      50               0      12.4110507      10.9585771      23.7888281      434.049331     0.307297093     0.109466911
          wgpu 2d 331g 344c x3w 7ms | egraph 104g->118v+0snap 16ms | graft 64 (-161n, 0 snap) cpu 0 | f64 30 | gen 0.1s
  52     0     100               0        12.41105      10.9585733      23.7887715      434.049301     0.307297075     0.109466873
  52     1      50               0      12.4110507      10.9585771      23.7888281      434.049331     0.307297093     0.109466911
          wgpu 1d 110g 173c x3w 3ms | egraph 38g->27v+0snap 7ms | graft 16 (-56n, 0 snap) cpu 0 | f64 20 | gen 0.1s | dropped inexpr 1 oversz 0 unbuild 0 {}
  53     0     100               0        12.41105      10.9585733      23.7887715      434.049301     0.307297075     0.109466873
  53     1      50               0        12.41105      10.9585733      23.7887715      434.049301     0.307297075     0.109466873
          wgpu 1d 113g 177c x3w 3ms | egraph 33g->31v+0snap 6ms | graft 15 (-44n, 0 snap) cpu 0 | f64 20 | gen 0.2s
  54     0     100               0        12.41105      10.9585733      23.7887715      434.049301     0.307297075     0.109466873
  54     1      50               0      12.4110507      10.9585771      23.7888281      434.049331     0.307297093     0.109466911
          wgpu 1d 99g 172c x3w 2ms | egraph 24g->26v+0snap 4ms | graft 18 (-66n, 0 snap) cpu 0 | f64 20 | gen 0.1s
  55     0     100               0      12.4110507      10.9585771      23.7888281      434.049331     0.307297093     0.109466911
  55     1      50               0        12.41105      10.9585733      23.7887715      434.049301     0.307297075     0.109466873
          wgpu 1d 78g 162c x3w 3ms | egraph 19g->16v+0snap 4ms | graft 7 (-18n, 0 snap) cpu 0 | f64 20 | gen 0.1s
  56     0     100               0      12.4110507      10.9585771      23.7888281      434.049331     0.307297093     0.109466911
  56     1      50               0      12.4110507      10.9585771      23.7888281      434.049331     0.307297093     0.109466911
          wgpu 1d 102g 169c x3w 3ms | egraph 23g->23v+0snap 6ms | graft 15 (-62n, 0 snap) cpu 0 | f64 20 | gen 0.1s
  57     0     100               0        12.41105      10.9585733      23.7887715      434.049301     0.307297075     0.109466873
  57     1      50               0      12.4110507      10.9585771      23.7888281      434.049331     0.307297093     0.109466911
          wgpu 1d 103g 169c x3w 3ms | egraph 31g->23v+0snap 5ms | graft 11 (-23n, 0 snap) cpu 0 | f64 20 | gen 0.1s
  58     0     100               0        12.41105      10.9585733      23.7887715      434.049301     0.307297075     0.109466873
  58     1      50               0      12.4110507      10.9585771      23.7888281      434.049331     0.307297093     0.109466911
          wgpu 1d 93g 170c x3w 3ms | egraph 26g->24v+0snap 5ms | graft 12 (-39n, 0 snap) cpu 0 | f64 20 | gen 0.1s | dropped inexpr 1 oversz 0 unbuild 0 {}
  59     0     100               0        12.41105      10.9585733      23.7887715      434.049301     0.307297075     0.109466873
  59     1      50               0        12.41105      10.9585733      23.7887715      434.049301     0.307297075     0.109466873
          wgpu 1d 104g 168c x3w 3ms | egraph 30g->22v+0snap 5ms | graft 16 (-53n, 0 snap) cpu 0 | f64 20 | gen 0.1s
  60     0     100               0        12.41105      10.9585733      23.7887715      434.049301     0.307297075     0.109466873
  60     1      50               0        12.41105      10.9585733      23.7887715      434.049301     0.307297075     0.109466873
          wgpu 1d 120g 181c x3w 3ms | egraph 36g->35v+0snap 6ms | graft 27 (-61n, 0 snap) cpu 0 | f64 20 | gen 0.4s | dropped inexpr 1 oversz 0 unbuild 0 {}
--------- pump migration: intra (promote-2 + intake-reset) + cross ---------
  61     0     100               0        12.41105      10.9585733      23.7887715      434.049301     0.307297075     0.109466873
  61     1      50               0        12.41105      10.9585733      23.7887715      434.049301     0.307297075     0.109466873
          wgpu 2d 341g 376c x3w 7ms | egraph 140g->150v+0snap 23ms | graft 85 (-216n, 0 snap) cpu 0 | f64 30 | gen 0.2s | dropped inexpr 2 oversz 0 unbuild 0 {}
  62     0     100               0        12.41105      10.9585733      23.7887715      434.049301     0.307297075     0.109466873
  62     1      50               0        12.41105      10.9585733      23.7887715      434.049301     0.307297075     0.109466873
          wgpu 1d 102g 173c x3w 3ms | egraph 22g->27v+0snap 5ms | graft 16 (-50n, 0 snap) cpu 0 | f64 20 | gen 0.1s
  63     0     100               0        12.41105      10.9585733      23.7887715      434.049301     0.307297075     0.109466873
  63     1      50               0        12.41105      10.9585733      23.7887715      434.049301     0.307297075     0.109466873
          wgpu 1d 96g 173c x3w 3ms | egraph 25g->27v+0snap 4ms | graft 17 (-39n, 0 snap) cpu 0 | f64 20 | gen 0.1s
  64     0     100               0        12.41105      10.9585733      23.7887715      434.049301     0.307297075     0.109466873
  64     1      50               0        12.41105      10.9585733      23.7887715      434.049301     0.307297075     0.109466873
          wgpu 1d 91g 167c x3w 3ms | egraph 22g->21v+0snap 5ms | graft 15 (-30n, 0 snap) cpu 0 | f64 20 | gen 0.1s
  65     0     100               0        12.41105      10.9585733      23.7887715      434.049301     0.307297075     0.109466873
  65     1      50               0        12.41105      10.9585733      23.7887715      434.049301     0.307297075     0.109466873
          wgpu 1d 109g 176c x3w 3ms | egraph 23g->30v+0snap 6ms | graft 17 (-43n, 0 snap) cpu 0 | f64 20 | gen 0.1s
  66     0     100               0        12.41105      10.9585733      23.7887715      434.049301     0.307297075     0.109466873
  66     1      50               0        12.41105      10.9585733      23.7887715      434.049301     0.307297075     0.109466873
          wgpu 1d 70g 155c x3w 3ms | egraph 14g->9v+0snap 3ms | graft 7 (-16n, 0 snap) cpu 0 | f64 20 | gen 0.2s
  67     0     100               0        12.41105      10.9585733      23.7887715      434.049301     0.307297075     0.109466873
  67     1      50               0        12.41105      10.9585733      23.7887715      434.049301     0.307297075     0.109466873
          wgpu 1d 93g 166c x3w 3ms | egraph 21g->20v+0snap 4ms | graft 14 (-42n, 0 snap) cpu 0 | f64 20 | gen 0.1s
  68     0     100               0        12.41105      10.9585733      23.7887715      434.049301     0.307297075     0.109466873
  68     1      50               0        12.41105      10.9585733      23.7887715      434.049301     0.307297075     0.109466873
          wgpu 1d 91g 173c x3w 3ms | egraph 19g->27v+0snap 5ms | graft 16 (-40n, 0 snap) cpu 0 | f64 20 | gen 0.1s | dropped inexpr 2 oversz 0 unbuild 0 {}
  69     0     100               0        12.41105      10.9585733      23.7887715      434.049301     0.307297075     0.109466873
  69     1      50               0      12.4110507      10.9585771      23.7888281      434.049331     0.307297093     0.109466911
          wgpu 1d 86g 168c x3w 3ms | egraph 30g->22v+0snap 5ms | graft 16 (-45n, 0 snap) cpu 0 | f64 20 | gen 0.1s | dropped inexpr 2 oversz 0 unbuild 0 {}
  70     0     100               0        12.41105      10.9585733      23.7887715      434.049301     0.307297075     0.109466873
  70     1      50               0      12.4110507      10.9585771      23.7888281      434.049331     0.307297093     0.109466911
          wgpu 1d 105g 180c x3w 3ms | egraph 25g->34v+0snap 6ms | graft 18 (-69n, 0 snap) cpu 0 | f64 20 | gen 0.2s | dropped inexpr 2 oversz 0 unbuild 0 {}
--------- pump migration: intra (promote-2 + intake-reset) ---------
  71     0     100               0        12.41105      10.9585733      23.7887715      434.049301     0.307297075     0.109466873
  71     1      50               0      12.4110507      10.9585771      23.7888281      434.049331     0.307297093     0.109466911
          wgpu 2d 319g 352c x3w 7ms | egraph 106g->126v+0snap 28ms | graft 59 (-193n, 0 snap) cpu 0 | f64 30 | gen 0.4s | dropped inexpr 5 oversz 0 unbuild 0 {}
  72     0     100               0        12.41105      10.9585733      23.7887715      434.049301     0.307297075     0.109466873
  72     1      50               0        12.41105      10.9585733      23.7887715      434.049301     0.307297075     0.109466873
          wgpu 1d 108g 179c x3w 3ms | egraph 29g->33v+0snap 5ms | graft 20 (-55n, 0 snap) cpu 0 | f64 20 | gen 0.1s | dropped inexpr 1 oversz 0 unbuild 0 {}
  73     0     100               0        12.41105      10.9585733      23.7887715      434.049301     0.307297075     0.109466873
  73     1      50               0      12.4110507      10.9585771      23.7888281      434.049331     0.307297093     0.109466911
          wgpu 1d 112g 176c x3w 3ms | egraph 32g->30v+0snap 5ms | graft 17 (-57n, 0 snap) cpu 0 | f64 20 | gen 0.1s
  74     0     100               0        12.41105      10.9585733      23.7887715      434.049301     0.307297075     0.109466873
  74     1      50               0      12.4110507      10.9585771      23.7888281      434.049331     0.307297093     0.109466911
          wgpu 1d 105g 173c x3w 3ms | egraph 21g->27v+0snap 7ms | graft 15 (-46n, 0 snap) cpu 0 | f64 20 | gen 0.1s | dropped inexpr 1 oversz 0 unbuild 0 {}
  75     0     100               0        12.41105      10.9585733      23.7887715      434.049301     0.307297075     0.109466873
  75     1      50               0      12.4110507      10.9585771      23.7888281      434.049331     0.307297093     0.109466911
          wgpu 1d 111g 181c x3w 3ms | egraph 20g->35v+0snap 4ms | graft 16 (-48n, 0 snap) cpu 0 | f64 20 | gen 0.1s | dropped inexpr 2 oversz 0 unbuild 0 {}
  76     0     100               0        12.41105      10.9585733      23.7887715      434.049301     0.307297075     0.109466873
  76     1      50               0      12.4110507      10.9585771      23.7888281      434.049331     0.307297093     0.109466911
          wgpu 1d 93g 167c x3w 3ms | egraph 17g->21v+0snap 4ms | graft 14 (-29n, 0 snap) cpu 0 | f64 20 | gen 0.1s | dropped inexpr 3 oversz 0 unbuild 0 {}
  77     0     100               0        12.41105      10.9585733      23.7887715      434.049301     0.307297075     0.109466873
  77     1      50               0      12.4110507      10.9585771      23.7888281      434.049331     0.307297093     0.109466911
          wgpu 1d 102g 172c x3w 3ms | egraph 22g->26v+0snap 5ms | graft 14 (-42n, 0 snap) cpu 0 | f64 20 | gen 0.1s | dropped inexpr 2 oversz 0 unbuild 0 {}
  78     0     100               0        12.41105      10.9585733      23.7887715      434.049301     0.307297075     0.109466873
  78     1      50               0      12.4110507      10.9585771      23.7888281      434.049331     0.307297093     0.109466911
          wgpu 1d 101g 175c x3w 3ms | egraph 18g->29v+0snap 5ms | graft 18 (-57n, 0 snap) cpu 0 | f64 20 | gen 0.1s
  79     0     100               0      12.4110507      10.9585771      23.7888281      434.049331     0.307297093     0.109466911
  79     1      50               0      12.4110507      10.9585771      23.7888281      434.049331     0.307297093     0.109466911
          wgpu 1d 75g 163c x3w 3ms | egraph 14g->17v+0snap 3ms | graft 8 (-33n, 0 snap) cpu 0 | f64 20 | gen 0.1s
  80     0     100               0      12.4110507      10.9585771      23.7888281      434.049331     0.307297093     0.109466911
  80     1      50               0        12.41105      10.9585733      23.7887715      434.049301     0.307297075     0.109466873
          wgpu 1d 109g 177c x3w 3ms | egraph 22g->31v+0snap 4ms | graft 17 (-44n, 0 snap) cpu 0 | f64 20 | gen 0.3s | dropped inexpr 1 oversz 0 unbuild 0 {}
--------- pump migration: intra (promote-2 + intake-reset) ---------
  81     0     100               0      12.4110507      10.9585771      23.7888281      434.049331     0.307297093     0.109466911
  81     1      50               0        12.41105      10.9585733      23.7887715      434.049301     0.307297075     0.109466873
          wgpu 2d 274g 307c x3w 6ms | egraph 92g->81v+0snap 16ms | graft 48 (-164n, 0 snap) cpu 0 | f64 30 | gen 0.1s | dropped inexpr 5 oversz 0 unbuild 0 {}
  82     0     100               0      12.4110507      10.9585771      23.7888281      434.049331     0.307297093     0.109466911
  82     1      50               0        12.41105      10.9585733      23.7887715      434.049301     0.307297075     0.109466873
          wgpu 1d 100g 171c x3w 3ms | egraph 21g->25v+0snap 4ms | graft 17 (-39n, 0 snap) cpu 0 | f64 20 | gen 0.1s | dropped inexpr 1 oversz 0 unbuild 0 {}
  83     0     100               0      12.4110507      10.9585771      23.7888281      434.049331     0.307297093     0.109466911
  83     1      50               0        12.41105      10.9585733      23.7887715      434.049301     0.307297075     0.109466873
          wgpu 1d 97g 174c x3w 3ms | egraph 20g->28v+0snap 4ms | graft 23 (-56n, 0 snap) cpu 0 | f64 20 | gen 0.1s | dropped inexpr 1 oversz 0 unbuild 0 {}
  84     0     100               0      12.4110507      10.9585771      23.7888281      434.049331     0.307297093     0.109466911
  84     1      50               0        12.41105      10.9585733      23.7887715      434.049301     0.307297075     0.109466873
          wgpu 1d 103g 177c x3w 3ms | egraph 26g->31v+0snap 7ms | graft 18 (-65n, 0 snap) cpu 0 | f64 20 | gen 0.2s | dropped inexpr 1 oversz 0 unbuild 0 {}
  85     0     100               0      12.4110507      10.9585771      23.7888281      434.049331     0.307297093     0.109466911
  85     1      50               0        12.41105      10.9585733      23.7887715      434.049301     0.307297075     0.109466873
          wgpu 1d 97g 167c x3w 3ms | egraph 22g->21v+0snap 4ms | graft 10 (-40n, 0 snap) cpu 0 | f64 20 | gen 0.2s | dropped inexpr 3 oversz 0 unbuild 0 {}
  86     0     100               0      12.4110507      10.9585771      23.7888281      434.049331     0.307297093     0.109466911
  86     1      50               0        12.41105      10.9585733      23.7887715      434.049301     0.307297075     0.109466873
          wgpu 1d 109g 168c x3w 3ms | egraph 21g->22v+0snap 5ms | graft 13 (-36n, 0 snap) cpu 0 | f64 20 | gen 0.1s | dropped inexpr 2 oversz 0 unbuild 0 {}
  87     0     100               0      12.4110507      10.9585771      23.7888281      434.049331     0.307297093     0.109466911
  87     1      50               0        12.41105      10.9585733      23.7887715      434.049301     0.307297075     0.109466873
          wgpu 1d 105g 178c x3w 3ms | egraph 13g->32v+0snap 3ms | graft 18 (-49n, 0 snap) cpu 0 | f64 20 | gen 0.2s | dropped inexpr 1 oversz 0 unbuild 0 {}
  88     0     100               0      12.4110507      10.9585771      23.7888281      434.049331     0.307297093     0.109466911
  88     1      50               0        12.41105      10.9585733      23.7887715      434.049301     0.307297075     0.109466873
          wgpu 1d 117g 181c x3w 3ms | egraph 24g->35v+0snap 5ms | graft 17 (-61n, 0 snap) cpu 0 | f64 20 | gen 0.2s | dropped inexpr 5 oversz 0 unbuild 0 {}
  89     0     100               0        12.41105      10.9585733      23.7887715      434.049301     0.307297075     0.109466873
  89     1      50               0        12.41105      10.9585733      23.7887715      434.049301     0.307297075     0.109466873
          wgpu 1d 120g 175c x3w 3ms | egraph 23g->29v+0snap 6ms | graft 19 (-71n, 0 snap) cpu 0 | f64 20 | gen 0.2s | dropped inexpr 3 oversz 0 unbuild 0 {}
  90     0     100               0        12.41105      10.9585733      23.7887715      434.049301     0.307297075     0.109466873
  90     1      50               0        12.41105      10.9585733      23.7887715      434.049301     0.307297075     0.109466873
          wgpu 1d 107g 179c x3w 3ms | egraph 15g->33v+0snap 5ms | graft 15 (-51n, 0 snap) cpu 0 | f64 20 | gen 0.1s | dropped inexpr 1 oversz 0 unbuild 0 {}
--------- pump migration: intra (promote-2 + intake-reset) + cross ---------
  91     0     100               0        12.41105      10.9585733      23.7887715      434.049301     0.307297075     0.109466873
  91     1      50               0      12.4110507      10.9585771      23.7888281      434.049331     0.307297093     0.109466911
          wgpu 2d 316g 330c x3w 7ms | egraph 101g->104v+0snap 18ms | graft 48 (-165n, 0 snap) cpu 0 | f64 30 | gen 0.1s | dropped inexpr 3 oversz 0 unbuild 0 {}
  92     0     100               0        12.41105      10.9585733      23.7887715      434.049301     0.307297075     0.109466873
  92     1      50               0        12.41105      10.9585733      23.7887715      434.049301     0.307297075     0.109466873
          wgpu 1d 83g 163c x3w 3ms | egraph 15g->17v+0snap 4ms | graft 11 (-20n, 0 snap) cpu 0 | f64 20 | gen 0.1s | dropped inexpr 2 oversz 0 unbuild 0 {}
  93     0     100               0      12.4110507      10.9585771      23.7888281      434.049331     0.307297093     0.109466911
  93     1      50               0      12.4110507      10.9585771      23.7888281      434.049331     0.307297093     0.109466911
          wgpu 1d 111g 174c x3w 3ms | egraph 28g->28v+0snap 4ms | graft 16 (-44n, 0 snap) cpu 0 | f64 20 | gen 0.1s | dropped inexpr 2 oversz 0 unbuild 0 {}
  94     0     100               0      12.4110507      10.9585771      23.7888281      434.049331     0.307297093     0.109466911
  94     1      50               0        12.41105      10.9585733      23.7887715      434.049301     0.307297075     0.109466873
          wgpu 1d 110g 173c x3w 3ms | egraph 24g->27v+0snap 4ms | graft 15 (-41n, 0 snap) cpu 0 | f64 20 | gen 0.1s | dropped inexpr 1 oversz 0 unbuild 0 {}
  95     0     100               0      12.4110507      10.9585771      23.7888281      434.049331     0.307297093     0.109466911
  95     1      50               0        12.41105      10.9585733      23.7887715      434.049301     0.307297075     0.109466873
          wgpu 1d 105g 175c x3w 3ms | egraph 27g->29v+0snap 4ms | graft 17 (-42n, 0 snap) cpu 0 | f64 20 | gen 0.2s | dropped inexpr 2 oversz 0 unbuild 0 {}
  96     0     100               0      12.4110507      10.9585771      23.7888281      434.049331     0.307297093     0.109466911
  96     1      50               0      12.4110507      10.9585771      23.7888281      434.049331     0.307297093     0.109466911
          wgpu 1d 96g 173c x3w 3ms | egraph 15g->27v+0snap 7ms | graft 17 (-59n, 0 snap) cpu 0 | f64 20 | gen 0.1s
  97     0     100               0        12.41105      10.9585733      23.7887715      434.049301     0.307297075     0.109466873
  97     1      50               0      12.4110507      10.9585771      23.7888281      434.049331     0.307297093     0.109466911
          wgpu 1d 88g 172c x3w 3ms | egraph 13g->26v+0snap 3ms | graft 21 (-48n, 0 snap) cpu 0 | f64 20 | gen 0.1s
  98     0     100               0        12.41105      10.9585733      23.7887715      434.049301     0.307297075     0.109466873
  98     1      50               0      12.4110507      10.9585771      23.7888281      434.049331     0.307297093     0.109466911
          wgpu 1d 80g 161c x3w 3ms | egraph 15g->15v+0snap 4ms | graft 11 (-27n, 0 snap) cpu 0 | f64 20 | gen 0.1s | dropped inexpr 1 oversz 0 unbuild 0 {}
  99     0     100               0        12.41105      10.9585733      23.7887715      434.049301     0.307297075     0.109466873
  99     1      50               0      12.4110507      10.9585771      23.7888281      434.049331     0.307297093     0.109466911
          wgpu 1d 74g 161c x3w 3ms | egraph 10g->15v+0snap 3ms | graft 9 (-27n, 0 snap) cpu 0 | f64 20 | gen 0.1s
 100     0     100               0        12.41105      10.9585733      23.7887715      434.049301     0.307297075     0.109466873
 100     1      50               0      12.4110507      10.9585771      23.7888281      434.049331     0.307297093     0.109466911
          wgpu 1d 94g 169c x3w 3ms | egraph 19g->23v+0snap 4ms | graft 16 (-56n, 0 snap) cpu 0 | f64 20 | gen 0.1s | dropped inexpr 1 oversz 0 unbuild 0 {}
--------- pump migration: intra (promote-2 + intake-reset) ---------
 101     0     100               0        12.41105      10.9585733      23.7887715      434.049301     0.307297075     0.109466873
 101     1      50               0        12.41105      10.9585733      23.7887715      434.049301     0.307297075     0.109466873
          wgpu 2d 311g 349c x3w 7ms | egraph 122g->123v+0snap 19ms | graft 75 (-214n, 0 snap) cpu 0 | f64 30 | gen 0.1s | dropped inexpr 4 oversz 0 unbuild 0 {}
 102     0     100               0        12.41105      10.9585733      23.7887715      434.049301     0.307297075     0.109466873
 102     1      50               0        12.41105      10.9585733      23.7887715      434.049301     0.307297075     0.109466873
          wgpu 1d 91g 159c x3w 2ms | egraph 18g->13v+0snap 4ms | graft 12 (-23n, 0 snap) cpu 0 | f64 20 | gen 0.1s
 103     0     100               0        12.41105      10.9585733      23.7887715      434.049301     0.307297075     0.109466873
 103     1      50               0        12.41105      10.9585733      23.7887715      434.049301     0.307297075     0.109466873
          wgpu 1d 94g 163c x3w 3ms | egraph 20g->17v+0snap 5ms | graft 14 (-37n, 0 snap) cpu 0 | f64 20 | gen 0.1s
 104     0     100               0        12.41105      10.9585733      23.7887715      434.049301     0.307297075     0.109466873
 104     1      50               0        12.41105      10.9585733      23.7887715      434.049301     0.307297075     0.109466873
          wgpu 1d 81g 166c x3w 3ms | egraph 9g->20v+0snap 2ms | graft 14 (-31n, 0 snap) cpu 0 | f64 20 | gen 0.1s
 105     0     100               0        12.41105      10.9585733      23.7887715      434.049301     0.307297075     0.109466873
 105     1      50               0        12.41105      10.9585733      23.7887715      434.049301     0.307297075     0.109466873
          wgpu 1d 99g 168c x3w 3ms | egraph 26g->22v+0snap 5ms | graft 17 (-52n, 0 snap) cpu 0 | f64 20 | gen 0.2s
 106     0     100               0        12.41105      10.9585733      23.7887715      434.049301     0.307297075     0.109466873
 106     1      50               0        12.41105      10.9585733      23.7887715      434.049301     0.307297075     0.109466873
          wgpu 1d 77g 166c x3w 3ms | egraph 11g->20v+0snap 4ms | graft 13 (-34n, 0 snap) cpu 0 | f64 20 | gen 0.1s
 107     0     100               0        12.41105      10.9585733      23.7887715      434.049301     0.307297075     0.109466873
 107     1      50               0        12.41105      10.9585733      23.7887715      434.049301     0.307297075     0.109466873
          wgpu 1d 88g 163c x3w 3ms | egraph 15g->17v+0snap 5ms | graft 10 (-28n, 0 snap) cpu 0 | f64 20 | gen 0.1s
 108     0     100               0        12.41105      10.9585733      23.7887715      434.049301     0.307297075     0.109466873
 108     1      50               0        12.41105      10.9585733      23.7887715      434.049301     0.307297075     0.109466873
          wgpu 1d 91g 172c x3w 3ms | egraph 18g->26v+0snap 5ms | graft 15 (-31n, 0 snap) cpu 0 | f64 20 | gen 0.1s
 109     0     100               0        12.41105      10.9585733      23.7887715      434.049301     0.307297075     0.109466873
 109     1      50               0        12.41105      10.9585733      23.7887715      434.049301     0.307297075     0.109466873
          wgpu 1d 100g 171c x3w 3ms | egraph 21g->25v+0snap 5ms | graft 16 (-51n, 0 snap) cpu 0 | f64 20 | gen 0.1s
 110     0     100               0        12.41105      10.9585733      23.7887715      434.049301     0.307297075     0.109466873
 110     1      50               0        12.41105      10.9585733      23.7887715      434.049301     0.307297075     0.109466873
          wgpu 1d 104g 170c x3w 3ms | egraph 20g->24v+0snap 4ms | graft 14 (-40n, 0 snap) cpu 0 | f64 20 | gen 0.1s
--------- pump migration: intra (promote-2 + intake-reset) ---------
 111     0     100               0        12.41105      10.9585733      23.7887715      434.049301     0.307297075     0.109466873
 111     1      50               0        12.41105      10.9585733      23.7887715      434.049301     0.307297075     0.109466873
          wgpu 2d 309g 324c x3w 7ms | egraph 99g->98v+0snap 20ms | graft 59 (-158n, 0 snap) cpu 0 | f64 30 | gen 0.1s | dropped inexpr 4 oversz 0 unbuild 0 {}
 112     0     100               0        12.41105      10.9585733      23.7887715      434.049301     0.307297075     0.109466873
 112     1      50               0      12.4110507      10.9585771      23.7888281      434.049331     0.307297093     0.109466911
          wgpu 1d 88g 160c x3w 3ms | egraph 21g->14v+0snap 4ms | graft 11 (-32n, 0 snap) cpu 0 | f64 20 | gen 0.1s
 113     0     100               0        12.41105      10.9585733      23.7887715      434.049301     0.307297075     0.109466873
 113     1      50               0        12.41105      10.9585733      23.7887715      434.049301     0.307297075     0.109466873
          wgpu 1d 96g 172c x3w 3ms | egraph 17g->26v+0snap 4ms | graft 19 (-47n, 0 snap) cpu 0 | f64 20 | gen 0.2s
 114     0     100               0      12.4110507      10.9585771      23.7888281      434.049331     0.307297093     0.109466911
 114     1      50               0      12.4110507      10.9585771      23.7888281      434.049331     0.307297093     0.109466911
          wgpu 1d 89g 158c x3w 3ms | egraph 22g->12v+0snap 4ms | graft 9 (-24n, 0 snap) cpu 0 | f64 20 | gen 0.1s
 115     0     100               0      12.4110507      10.9585771      23.7888281      434.049331     0.307297093     0.109466911
 115     1      50               0      12.4110507      10.9585771      23.7888281      434.049331     0.307297093     0.109466911
          wgpu 1d 90g 168c x3w 3ms | egraph 11g->22v+0snap 2ms | graft 16 (-53n, 0 snap) cpu 0 | f64 20 | gen 0.1s
 116     0     100               0      12.4110507      10.9585771      23.7888281      434.049331     0.307297093     0.109466911
 116     1      50               0        12.41105      10.9585733      23.7887715      434.049301     0.307297075     0.109466873
          wgpu 1d 93g 169c x3w 3ms | egraph 24g->23v+0snap 6ms | graft 14 (-49n, 0 snap) cpu 0 | f64 20 | gen 0.1s
 117     0     100               0      12.4110507      10.9585771      23.7888281      434.049331     0.307297093     0.109466911
 117     1      50               0      12.4110507      10.9585771      23.7888281      434.049331     0.307297093     0.109466911
          wgpu 1d 96g 167c x3w 3ms | egraph 18g->21v+0snap 4ms | graft 14 (-34n, 0 snap) cpu 0 | f64 20 | gen 0.1s
 118     0     100               0        12.41105      10.9585733      23.7887715      434.049301     0.307297075     0.109466873
 118     1      50               0        12.41105      10.9585733      23.7887715      434.049301     0.307297075     0.109466873
          wgpu 1d 95g 172c x3w 3ms | egraph 18g->26v+0snap 4ms | graft 18 (-53n, 0 snap) cpu 0 | f64 20 | gen 0.1s
 119     0     100               0        12.41105      10.9585733      23.7887715      434.049301     0.307297075     0.109466873
 119     1      50               0        12.41105      10.9585733      23.7887715      434.049301     0.307297075     0.109466873
          wgpu 1d 94g 174c x3w 3ms | egraph 18g->28v+0snap 5ms | graft 17 (-44n, 0 snap) cpu 0 | f64 20 | gen 0.1s
 120     0     100               0        12.41105      10.9585733      23.7887715      434.049301     0.307297075     0.109466873
 120     1      50               0      12.4110507      10.9585771      23.7888281      434.049331     0.307297093     0.109466911
          wgpu 1d 86g 161c x3w 3ms | egraph 12g->15v+0snap 5ms | graft 13 (-36n, 0 snap) cpu 0 | f64 20 | gen 0.1s
--------- pump migration: intra (promote-2 + intake-reset) + cross ---------
 121     0     100               0        12.41105      10.9585733      23.7887715      434.049301     0.307297075     0.109466873
 121     1      50               0      12.4110507      10.9585771      23.7888281      434.049331     0.307297093     0.109466911
          wgpu 2d 266g 301c x3w 6ms | egraph 87g->75v+0snap 13ms | graft 42 (-121n, 0 snap) cpu 0 | f64 30 | gen 0.1s | dropped inexpr 1 oversz 0 unbuild 0 {}
 122     0     100               0        12.41105      10.9585733      23.7887715      434.049301     0.307297075     0.109466873
 122     1      50               0        12.41105      10.9585733      23.7887715      434.049301     0.307297075     0.109466873
          wgpu 1d 89g 164c x3w 3ms | egraph 14g->18v+0snap 3ms | graft 12 (-23n, 0 snap) cpu 0 | f64 20 | gen 0.1s
 123     0     100               0        12.41105      10.9585733      23.7887715      434.049301     0.307297075     0.109466873
 123     1      50               0        12.41105      10.9585733      23.7887715      434.049301     0.307297075     0.109466873
          wgpu 1d 99g 174c x3w 3ms | egraph 19g->28v+0snap 3ms | graft 19 (-40n, 0 snap) cpu 0 | f64 20 | gen 0.1s
 124     0     100               0        12.41105      10.9585733      23.7887715      434.049301     0.307297075     0.109466873
 124     1      50               0        12.41105      10.9585733      23.7887715      434.049301     0.307297075     0.109466873
          wgpu 1d 98g 172c x3w 3ms | egraph 14g->26v+0snap 4ms | graft 16 (-51n, 0 snap) cpu 0 | f64 20 | gen 0.1s
 125     0     100               0        12.41105      10.9585733      23.7887715      434.049301     0.307297075     0.109466873
 125     1      50               0        12.41105      10.9585733      23.7887715      434.049301     0.307297075     0.109466873
          wgpu 1d 92g 156c x3w 3ms | egraph 19g->10v+0snap 3ms | graft 7 (-15n, 0 snap) cpu 0 | f64 20 | gen 0.1s
 126     0     100               0        12.41105      10.9585733      23.7887715      434.049301     0.307297075     0.109466873
 126     1      50               0        12.41105      10.9585733      23.7887715      434.049301     0.307297075     0.109466873
          wgpu 1d 84g 163c x3w 3ms | egraph 13g->17v+0snap 2ms | graft 15 (-27n, 0 snap) cpu 0 | f64 20 | gen 0.1s
 127     0     100               0        12.41105      10.9585733      23.7887715      434.049301     0.307297075     0.109466873
 127     1      50               0        12.41105      10.9585733      23.7887715      434.049301     0.307297075     0.109466873
          wgpu 1d 105g 177c x3w 3ms | egraph 13g->31v+0snap 2ms | graft 22 (-62n, 0 snap) cpu 0 | f64 20 | gen 0.1s
 128     0     100               0        12.41105      10.9585733      23.7887715      434.049301     0.307297075     0.109466873
 128     1      50               0        12.41105      10.9585733      23.7887715      434.049301     0.307297075     0.109466873
          wgpu 1d 83g 159c x3w 3ms | egraph 12g->13v+0snap 2ms | graft 8 (-22n, 0 snap) cpu 0 | f64 20 | gen 0.1s
 129     0     100               0      12.4110507      10.9585771      23.7888281      434.049331     0.307297093     0.109466911
 129     1      50               0        12.41105      10.9585733      23.7887715      434.049301     0.307297075     0.109466873
          wgpu 1d 92g 164c x3w 3ms | egraph 18g->18v+0snap 4ms | graft 13 (-32n, 0 snap) cpu 0 | f64 20 | gen 0.1s
 130     0     100               0      12.4110507      10.9585771      23.7888281      434.049331     0.307297093     0.109466911
 130     1      50               0        12.41105      10.9585733      23.7887715      434.049301     0.307297075     0.109466873
          wgpu 1d 92g 168c x3w 3ms | egraph 13g->22v+0snap 3ms | graft 17 (-46n, 0 snap) cpu 0 | f64 20 | gen 0.1s
--------- pump migration: intra (promote-2 + intake-reset) ---------
 131     0     100               0      12.4110507      10.9585771      23.7888281      434.049331     0.307297093     0.109466911
 131     1      50               0        12.41105      10.9585733      23.7887715      434.049301     0.307297075     0.109466873
          wgpu 2d 301g 321c x3w 7ms | egraph 99g->95v+0snap 18ms | graft 52 (-168n, 0 snap) cpu 0 | f64 30 | gen 0.1s
 132     0     100               0      12.4110507      10.9585771      23.7888281      434.049331     0.307297093     0.109466911
 132     1      50               0        12.41105      10.9585733      23.7887715      434.049301     0.307297075     0.109466873
          wgpu 1d 103g 166c x3w 3ms | egraph 13g->20v+0snap 3ms | graft 15 (-39n, 0 snap) cpu 0 | f64 20 | gen 0.1s
 133     0     100               0      12.4110507      10.9585771      23.7888281      434.049331     0.307297093     0.109466911
 133     1      50               0        12.41105      10.9585733      23.7887715      434.049301     0.307297075     0.109466873
          wgpu 1d 97g 167c x3w 3ms | egraph 16g->21v+0snap 3ms | graft 16 (-37n, 0 snap) cpu 0 | f64 20 | gen 0.1s
 134     0     100               0      12.4110507      10.9585771      23.7888281      434.049331     0.307297093     0.109466911
 134     1      50               0        12.41105      10.9585733      23.7887715      434.049301     0.307297075     0.109466873
          wgpu 1d 80g 161c x3w 3ms | egraph 8g->15v+0snap 2ms | graft 13 (-28n, 0 snap) cpu 0 | f64 20 | gen 0.2s
 135     0     100               0      12.4110507      10.9585771      23.7888281      434.049331     0.307297093     0.109466911
 135     1      50               0        12.41105      10.9585733      23.7887715      434.049301     0.307297075     0.109466873
          wgpu 1d 79g 162c x3w 3ms | egraph 6g->16v+0snap 2ms | graft 13 (-34n, 0 snap) cpu 0 | f64 20 | gen 0.1s
 136     0     100               0      12.4110507      10.9585771      23.7888281      434.049331     0.307297093     0.109466911
 136     1      50               0        12.41105      10.9585733      23.7887715      434.049301     0.307297075     0.109466873
          wgpu 1d 86g 164c x3w 3ms | egraph 9g->18v+0snap 2ms | graft 13 (-29n, 0 snap) cpu 0 | f64 20 | gen 0.1s
 137     0     100               0      12.4110507      10.9585771      23.7888281      434.049331     0.307297093     0.109466911
 137     1      50               0        12.41105      10.9585733      23.7887715      434.049301     0.307297075     0.109466873
          wgpu 1d 78g 161c x3w 3ms | egraph 11g->15v+0snap 2ms | graft 10 (-21n, 0 snap) cpu 0 | f64 20 | gen 0.1s
 138     0     100               0      12.4110507      10.9585771      23.7888281      434.049331     0.307297093     0.109466911
 138     1      50               0        12.41105      10.9585733      23.7887715      434.049301     0.307297075     0.109466873
          wgpu 1d 82g 162c x3w 3ms | egraph 14g->16v+0snap 2ms | graft 12 (-29n, 0 snap) cpu 0 | f64 20 | gen 0.1s
 139     0     100               0        12.41105      10.9585733      23.7887715      434.049301     0.307297075     0.109466873
 139     1      50               0        12.41105      10.9585733      23.7887715      434.049301     0.307297075     0.109466873
          wgpu 1d 92g 167c x3w 3ms | egraph 10g->21v+0snap 2ms | graft 16 (-39n, 0 snap) cpu 0 | f64 20 | gen 0.1s
 140     0     100               0        12.41105      10.9585733      23.7887715      434.049301     0.307297075     0.109466873
 140     1      50               0        12.41105      10.9585733      23.7887715      434.049301     0.307297075     0.109466873
          wgpu 1d 95g 166c x3w 3ms | egraph 16g->20v+0snap 3ms | graft 16 (-40n, 0 snap) cpu 0 | f64 20 | gen 0.1s
--------- pump migration: intra (promote-2 + intake-reset) ---------
 141     0     100               0      12.4110507      10.9585771      23.7888281      434.049331     0.307297093     0.109466911
 141     1      50               0      12.4110507      10.9585771      23.7888281      434.049331     0.307297093     0.109466911
          wgpu 2d 256g 288c x3w 6ms | egraph 88g->62v+0snap 15ms | graft 38 (-105n, 0 snap) cpu 0 | f64 30 | gen 0.1s | dropped inexpr 2 oversz 0 unbuild 0 {}
 142     0     100               0      12.4110507      10.9585771      23.7888281      434.049331     0.307297093     0.109466911
 142     1      50               0      12.4110507      10.9585771      23.7888281      434.049331     0.307297093     0.109466911
          wgpu 1d 108g 168c x3w 3ms | egraph 27g->22v+0snap 4ms | graft 14 (-27n, 0 snap) cpu 0 | f64 20 | gen 0.1s
 143     0     100               0      12.4110507      10.9585771      23.7888281      434.049331     0.307297093     0.109466911
 143     1      50               0      12.4110507      10.9585771      23.7888281      434.049331     0.307297093     0.109466911
          wgpu 1d 95g 168c x3w 3ms | egraph 13g->22v+0snap 3ms | graft 11 (-33n, 0 snap) cpu 0 | f64 20 | gen 0.1s
 144     0     100               0      12.4110507      10.9585771      23.7888281      434.049331     0.307297093     0.109466911
 144     1      50               0      12.4110507      10.9585771      23.7888281      434.049331     0.307297093     0.109466911
          wgpu 1d 103g 170c x3w 3ms | egraph 23g->24v+0snap 5ms | graft 19 (-47n, 0 snap) cpu 0 | f64 20 | gen 0.1s
 145     0     100               0        12.41105      10.9585733      23.7887715      434.049301     0.307297075     0.109466873
 145     1      50               0        12.41105      10.9585733      23.7887715      434.049301     0.307297075     0.109466873
          wgpu 1d 88g 161c x3w 3ms | egraph 12g->15v+0snap 3ms | graft 10 (-17n, 0 snap) cpu 0 | f64 20 | gen 0.1s
 146     0     100               0        12.41105      10.9585733      23.7887715      434.049301     0.307297075     0.109466873
 146     1      50               0      12.4110507      10.9585771      23.7888281      434.049331     0.307297093     0.109466911
          wgpu 1d 85g 162c x3w 3ms | egraph 18g->16v+0snap 4ms | graft 10 (-33n, 0 snap) cpu 0 | f64 20 | gen 0.1s
 147     0     100               0      12.4110507      10.9585771      23.7888281      434.049331     0.307297093     0.109466911
 147     1      50               0        12.41105      10.9585733      23.7887715      434.049301     0.307297075     0.109466873
          wgpu 1d 98g 169c x3w 3ms | egraph 16g->23v+0snap 3ms | graft 14 (-35n, 0 snap) cpu 0 | f64 20 | gen 0.1s
 148     0     100               0        12.41105      10.9585733      23.7887715      434.049301     0.307297075     0.109466873
 148     1      50               0        12.41105      10.9585733      23.7887715      434.049301     0.307297075     0.109466873
          wgpu 1d 87g 170c x3w 3ms | egraph 19g->24v+0snap 7ms | graft 14 (-79n, 0 snap) cpu 0 | f64 20 | gen 0.1s
 149     0     100               0        12.41105      10.9585733      23.7887715      434.049301     0.307297075     0.109466873
 149     1      50               0      12.4110507      10.9585771      23.7888281      434.049331     0.307297093     0.109466911
          wgpu 1d 100g 167c x3w 3ms | egraph 23g->21v+0snap 4ms | graft 14 (-38n, 0 snap) cpu 0 | f64 20 | gen 0.1s
 150     0     100               0      12.4110507      10.9585771      23.7888281      434.049331     0.307297093     0.109466911
 150     1      50               0      12.4110507      10.9585771      23.7888281      434.049331     0.307297093     0.109466911
          wgpu 1d 81g 157c x3w 3ms | egraph 17g->11v+0snap 3ms | graft 8 (-20n, 0 snap) cpu 0 | f64 20 | gen 0.1s
--------- pump migration: intra (promote-2 + intake-reset) + cross ---------
 151     0     100               0      12.4110507      10.9585771      23.7888281      434.049331     0.307297093     0.109466911
 151     1      50               0      12.4110507      10.9585771      23.7888281      434.049331     0.307297093     0.109466911
          wgpu 2d 316g 323c x3w 7ms | egraph 104g->97v+0snap 20ms | graft 59 (-145n, 0 snap) cpu 0 | f64 30 | gen 0.2s
 152     0     100               0      12.4110507      10.9585771      23.7888281      434.049331     0.307297093     0.109466911
 152     1      50               0      12.4110507      10.9585771      23.7888281      434.049331     0.307297093     0.109466911
          wgpu 1d 85g 165c x3w 3ms | egraph 21g->19v+0snap 4ms | graft 11 (-31n, 0 snap) cpu 0 | f64 20 | gen 0.1s
 153     0     100               0      12.4110507      10.9585771      23.7888281      434.049331     0.307297093     0.109466911
 153     1      50               0        12.41105      10.9585733      23.7887715      434.049301     0.307297075     0.109466873
          wgpu 1d 108g 174c x3w 3ms | egraph 18g->28v+0snap 3ms | graft 18 (-55n, 0 snap) cpu 0 | f64 20 | gen 0.1s
 154     0     100               0      12.4110507      10.9585771      23.7888281      434.049331     0.307297093     0.109466911
 154     1      50               0      12.4110507      10.9585771      23.7888281      434.049331     0.307297093     0.109466911
          wgpu 1d 91g 164c x3w 3ms | egraph 18g->18v+0snap 3ms | graft 11 (-32n, 0 snap) cpu 0 | f64 20 | gen 0.1s
 155     0     100               0      12.4110507      10.9585771      23.7888281      434.049331     0.307297093     0.109466911
 155     1      50               0      12.4110507      10.9585771      23.7888281      434.049331     0.307297093     0.109466911
          wgpu 1d 96g 180c x3w 3ms | egraph 19g->34v+0snap 6ms | graft 18 (-66n, 0 snap) cpu 0 | f64 20 | gen 0.2s
 156     0     100               0      12.4110507      10.9585771      23.7888281      434.049331     0.307297093     0.109466911
 156     1      50               0      12.4110507      10.9585771      23.7888281      434.049331     0.307297093     0.109466911
          wgpu 1d 95g 177c x3w 3ms | egraph 15g->31v+0snap 3ms | graft 21 (-54n, 0 snap) cpu 0 | f64 20 | gen 0.2s
 157     0     100               0      12.4110507      10.9585771      23.7888281      434.049331     0.307297093     0.109466911
 157     1      50               0        12.41105      10.9585733      23.7887715      434.049301     0.307297075     0.109466873
          wgpu 1d 112g 173c x3w 3ms | egraph 24g->27v+0snap 5ms | graft 17 (-39n, 0 snap) cpu 0 | f64 20 | gen 0.1s
 158     0     100               0      12.4110507      10.9585771      23.7888281      434.049331     0.307297093     0.109466911
 158     1      50               0        12.41105      10.9585733      23.7887715      434.049301     0.307297075     0.109466873
          wgpu 1d 102g 175c x3w 3ms | egraph 10g->29v+0snap 4ms | graft 20 (-48n, 0 snap) cpu 0 | f64 20 | gen 0.1s
 159     0     100               0      12.4110507      10.9585771      23.7888281      434.049331     0.307297093     0.109466911
 159     1      50               0        12.41105      10.9585733      23.7887715      434.049301     0.307297075     0.109466873
          wgpu 1d 104g 165c x3w 3ms | egraph 21g->19v+0snap 4ms | graft 14 (-26n, 0 snap) cpu 0 | f64 20 | gen 0.1s
 160     0     100               0      12.4110507      10.9585771      23.7888281      434.049331     0.307297093     0.109466911
 160     1      50               0        12.41105      10.9585733      23.7887715      434.049301     0.307297075     0.109466873
          wgpu 1d 96g 176c x3w 3ms | egraph 20g->30v+0snap 4ms | graft 15 (-48n, 0 snap) cpu 0 | f64 20 | gen 0.1s
--------- pump migration: intra (promote-2 + intake-reset) ---------
 161     0     100               0      28.4210125      73.9808226      59.5950955      525.457211     0.703703073     0.739005809
 161     1      50               0      12.4110507      10.9585771      23.7888281      434.049331     0.307297093     0.109466911
          wgpu 2d 361g 442c x3w 7ms | egraph 114g->216v+0snap 29ms | graft 84 (-345n, 0 snap) cpu 0 | f64 30 | gen 0.5s | dropped inexpr 4 oversz 0 unbuild 0 {}
 162     0     100               0      28.4210125      73.9808226      59.5950955      525.457211     0.703703073     0.739005809
 162     1      50               0      12.4110507      10.9585771      23.7888281      434.049331     0.307297093     0.109466911
          wgpu 1d 228g 429c x3w 5ms | egraph 68g->283v+0snap 23ms | graft 81 (-415n, 0 snap) cpu 0 | f64 20 | gen 0.8s
 163     0     100               0      28.4210125      73.9808226      59.5950955      525.457211     0.703703073     0.739005809
 163     1      50               0        12.41105      10.9585733      23.7887715      434.049301     0.307297075     0.109466873
          wgpu 1d 166g 292c x3w 4ms | egraph 44g->146v+0snap 17ms | graft 45 (-224n, 0 snap) cpu 0 | f64 20 | gen 0.2s | dropped inexpr 1 oversz 0 unbuild 0 {}
 164     0     100               0      28.4210125      73.9808226      59.5950955      525.457211     0.703703073     0.739005809
 164     1      50               0        12.41105      10.9585733      23.7887715      434.049301     0.307297075     0.109466873
          wgpu 1d 175g 280c x3w 4ms | egraph 52g->134v+0snap 18ms | graft 44 (-187n, 0 snap) cpu 0 | f64 20 | gen 0.3s
 165     0     100               0      28.4210125      73.9808226      59.5950955      525.457211     0.703703073     0.739005809
 165     1      50               0        12.41105      10.9585733      23.7887715      434.049301     0.307297075     0.109466873
          wgpu 1d 216g 401c x3w 5ms | egraph 54g->255v+0snap 19ms | graft 69 (-382n, 0 snap) cpu 0 | f64 20 | gen 0.5s | dropped inexpr 1 oversz 0 unbuild 0 {}
 166     0     100               0      28.4210125      73.9808226      59.5950955      525.457211     0.703703073     0.739005809
 166     1      50               0        12.41105      10.9585733      23.7887715      434.049301     0.307297075     0.109466873
          wgpu 1d 264g 422c x3w 6ms | egraph 65g->276v+0snap 29ms | graft 68 (-372n, 0 snap) cpu 0 | f64 20 | gen 1.0s
 167     0     100               0      28.4210125      73.9808226      59.5950955      525.457211     0.703703073     0.739005809
 167     1      50               0        12.41105      10.9585733      23.7887715      434.049301     0.307297075     0.109466873
          wgpu 1d 220g 415c x3w 5ms | egraph 54g->269v+0snap 17ms | graft 74 (-392n, 0 snap) cpu 0 | f64 20 | gen 0.3s | dropped inexpr 1 oversz 0 unbuild 0 {}
 168     0     100               0      11.1625837      12.3482188      24.4490859      398.878831     0.276385101     0.123348256
 168     1      50               0        12.41105      10.9585733      23.7887715      434.049301     0.307297075     0.109466873
          wgpu 1d 152g 277c x3w 4ms | egraph 37g->131v+0snap 14ms | graft 48 (-188n, 0 snap) cpu 0 | f64 20 | gen 0.3s | dropped inexpr 1 oversz 0 unbuild 0 {}
 169     0     100               0      11.1625837      12.3482188      24.4490859      398.878831     0.276385101     0.123348256
 169     1      50               0        12.41105      10.9585733      23.7887715      434.049301     0.307297075     0.109466873
          wgpu 1d 102g 174c x3w 3ms | egraph 22g->28v+0snap 4ms | graft 17 (-47n, 0 snap) cpu 0 | f64 20 | gen 0.1s
 170     0     100               0      11.1625837      12.3482188      24.4490859      398.878831     0.276385101     0.123348256
 170     1      50               0      12.4110507      10.9585771      23.7888281      434.049331     0.307297093     0.109466911
          wgpu 1d 98g 167c x3w 3ms | egraph 23g->21v+0snap 5ms | graft 16 (-44n, 0 snap) cpu 0 | f64 20 | gen 0.1s
--------- pump migration: intra (promote-2 + intake-reset) ---------
 171     0     100               0      26.8318526      72.0063144      58.9391377      491.593282      0.66435554     0.719282143
 171     1      50               0      11.1625837      12.3482188      24.4490859      398.878831     0.276385101     0.123348256
          wgpu 2d 317g 326c x3w 7ms | egraph 115g->100v+0snap 21ms | graft 45 (-191n, 0 snap) cpu 0 | f64 30 | gen 0.2s
 172     0     100               0      11.1625837      12.3482188      24.4490859      398.878831     0.276385101     0.123348256
 172     1      50               0      11.1625837      12.3482188      24.4490859      398.878831     0.276385101     0.123348256
          wgpu 1d 149g 194c x3w 3ms | egraph 54g->48v+0snap 9ms | graft 34 (-135n, 0 snap) cpu 0 | f64 20 | gen 0.4s
 173     0     100               0      11.1625837      12.3482188      24.4490859      398.878831     0.276385101     0.123348256
 173     1      50               0      11.1625837      12.3482188      24.4490859      398.878831     0.276385101     0.123348256
          wgpu 1d 110g 171c x3w 3ms | egraph 27g->25v+0snap 4ms | graft 17 (-44n, 0 snap) cpu 0 | f64 20 | gen 0.1s
 174     0     100               0      11.1625837      12.3482188      24.4490859      398.878831     0.276385101     0.123348256
 174     1      50               0      11.1625837      12.3482188      24.4490859      398.878831     0.276385101     0.123348256
          wgpu 1d 120g 185c x3w 3ms | egraph 24g->39v+0snap 4ms | graft 27 (-84n, 0 snap) cpu 0 | f64 20 | gen 0.1s
 175     0     100               0      11.1625837      12.3482188      24.4490859      398.878831     0.276385101     0.123348256
 175     1      50               0      11.1625828      12.3482147      24.4490508      398.878677      0.27638508     0.123348215
          wgpu 1d 123g 187c x3w 3ms | egraph 31g->41v+0snap 5ms | graft 20 (-46n, 0 snap) cpu 0 | f64 20 | gen 0.1s
 176     0     100               0      11.1625837      12.3482188      24.4490859      398.878831     0.276385101     0.123348256
 176     1      50               0      11.1625837      12.3482188      24.4490859      398.878831     0.276385101     0.123348256
          wgpu 1d 114g 186c x3w 3ms | egraph 26g->40v+0snap 4ms | graft 22 (-56n, 0 snap) cpu 0 | f64 20 | gen 0.1s
 177     0     100               0      11.1625837      12.3482188      24.4490859      398.878831     0.276385101     0.123348256
 177     1      50               0      11.1625837      12.3482188      24.4490859      398.878831     0.276385101     0.123348256
          wgpu 1d 112g 196c x3w 3ms | egraph 21g->50v+0snap 6ms | graft 23 (-81n, 0 snap) cpu 0 | f64 20 | gen 0.1s
 178     0     100               0      11.1625837      12.3482188      24.4490859      398.878831     0.276385101     0.123348256
 178     1      50               0      11.1625837      12.3482188      24.4490859      398.878831     0.276385101     0.123348256
          wgpu 1d 92g 171c x3w 3ms | egraph 18g->25v+0snap 3ms | graft 14 (-33n, 0 snap) cpu 0 | f64 20 | gen 0.1s
 179     0     100               0      11.1625837      12.3482188      24.4490859      398.878831     0.276385101     0.123348256
 179     1      50               0      11.1625837      12.3482188      24.4490859      398.878831     0.276385101     0.123348256
          wgpu 1d 103g 203c x3w 3ms | egraph 26g->57v+0snap 4ms | graft 29 (-103n, 0 snap) cpu 0 | f64 20 | gen 0.1s
 180     0     100               0      11.1625837      12.3482188      24.4490859      398.878831     0.276385101     0.123348256
 180     1      50               0      11.1625837      12.3482188      24.4490859      398.878831     0.276385101     0.123348256
          wgpu 1d 103g 189c x3w 3ms | egraph 19g->43v+0snap 3ms | graft 23 (-64n, 0 snap) cpu 0 | f64 20 | gen 0.1s
--------- pump migration: intra (promote-2 + intake-reset) + cross ---------
 181     0     100               0      11.1625837      12.3482188      24.4490859      398.878831     0.276385101     0.123348256
 181     1      50               0      11.1625837      12.3482188      24.4490859      398.878831     0.276385101     0.123348256
          wgpu 2d 320g 355c x3w 7ms | egraph 97g->129v+0snap 21ms | graft 63 (-220n, 0 snap) cpu 0 | f64 30 | gen 0.2s | dropped inexpr 5 oversz 0 unbuild 0 {}
 182     0     100               0      11.1625837      12.3482188      24.4490859      398.878831     0.276385101     0.123348256
 182     1      50               0      11.1625828      12.3482147      24.4490508      398.878677      0.27638508     0.123348215
          wgpu 1d 100g 194c x3w 3ms | egraph 18g->48v+0snap 3ms | graft 25 (-68n, 0 snap) cpu 0 | f64 20 | gen 0.2s
 183     0     100               0      11.1625837      12.3482188      24.4490859      398.878831     0.276385101     0.123348256
 183     1      50               0      11.1625828      12.3482147      24.4490508      398.878677      0.27638508     0.123348215
          wgpu 1d 127g 197c x3w 3ms | egraph 22g->51v+0snap 6ms | graft 24 (-75n, 0 snap) cpu 0 | f64 20 | gen 0.1s | dropped inexpr 1 oversz 0 unbuild 0 {}
 184     0     100               0      11.1625837      12.3482188      24.4490859      398.878831     0.276385101     0.123348256
 184     1      50               0      11.1625828      12.3482147      24.4490508      398.878677      0.27638508     0.123348215
          wgpu 1d 122g 227c x3w 3ms | egraph 24g->81v+0snap 5ms | graft 35 (-100n, 0 snap) cpu 0 | f64 20 | gen 0.1s
 185     0     100               0      11.1625837      12.3482188      24.4490859      398.878831     0.276385101     0.123348256
 185     1      50               0      11.1625828      12.3482147      24.4490508      398.878677      0.27638508     0.123348215
          wgpu 1d 120g 204c x3w 3ms | egraph 25g->58v+0snap 8ms | graft 28 (-133n, 0 snap) cpu 0 | f64 20 | gen 0.1s | dropped inexpr 1 oversz 0 unbuild 0 {}
 186     0     100               0      11.1625837      12.3482188      24.4490859      398.878831     0.276385101     0.123348256
 186     1      50               0      11.1625828      12.3482147      24.4490508      398.878677      0.27638508     0.123348215
          wgpu 1d 109g 200c x3w 3ms | egraph 26g->54v+0snap 4ms | graft 25 (-53n, 0 snap) cpu 0 | f64 20 | gen 0.1s
 187     0     100               0      11.1625837      12.3482188      24.4490859      398.878831     0.276385101     0.123348256
 187     1      50               0      11.1625828      12.3482147      24.4490508      398.878677      0.27638508     0.123348215
          wgpu 1d 129g 210c x3w 3ms | egraph 26g->64v+0snap 5ms | graft 34 (-88n, 0 snap) cpu 0 | f64 20 | gen 0.1s
 188     0     100               0      11.1625837      12.3482188      24.4490859      398.878831     0.276385101     0.123348256
 188     1      50               0      11.1625837      12.3482188      24.4490859      398.878831     0.276385101     0.123348256
          wgpu 1d 133g 214c x3w 3ms | egraph 32g->68v+0snap 6ms | graft 35 (-89n, 0 snap) cpu 0 | f64 20 | gen 0.1s
 189     0     100               0      11.1625837      12.3482188      24.4490859      398.878831     0.276385101     0.123348256
 189     1      50               0      11.1625837      12.3482188      24.4490859      398.878831     0.276385101     0.123348256
          wgpu 1d 147g 222c x3w 3ms | egraph 36g->76v+0snap 8ms | graft 38 (-113n, 0 snap) cpu 0 | f64 20 | gen 0.1s
 190     0     100               0      11.1625837      12.3482188      24.4490859      398.878831     0.276385101     0.123348256
 190     1      50               0      11.1625837      12.3482188      24.4490859      398.878831     0.276385101     0.123348256
          wgpu 1d 118g 202c x3w 3ms | egraph 27g->56v+0snap 5ms | graft 32 (-95n, 0 snap) cpu 0 | f64 20 | gen 0.1s
--------- pump migration: intra (promote-2 + intake-reset) ---------
 191     0     100               0      11.1625837      12.3482188      24.4490859      398.878831     0.276385101     0.123348256
 191     1      50               0      11.1625837      12.3482188      24.4490859      398.878831     0.276385101     0.123348256
          wgpu 2d 304g 313c x3w 7ms | egraph 108g->87v+0snap 17ms | graft 55 (-149n, 0 snap) cpu 0 | f64 30 | gen 0.2s | dropped inexpr 1 oversz 0 unbuild 0 {}
 192     0     100               0      25.3920983      65.6895527      57.3604012      494.527964     0.628707284     0.656183039
 192     1      50               0      11.1625837      12.3482188      24.4490859      398.878831     0.276385101     0.123348256
          wgpu 1d 135g 186c x3w 3ms | egraph 41g->40v+0snap 6ms | graft 22 (-68n, 0 snap) cpu 0 | f64 20 | gen 0.1s
 193     0     100               0      25.3920983      65.6895527      57.3604012      494.527964     0.628707284     0.656183039
 193     1      50               0      11.1625837      12.3482188      24.4490859      398.878831     0.276385101     0.123348256
          wgpu 1d 109g 177c x3w 3ms | egraph 30g->31v+0snap 5ms | graft 17 (-39n, 0 snap) cpu 0 | f64 20 | gen 0.1s
 194     0     100               0      25.3920983      65.6895527      57.3604012      494.527964     0.628707284     0.656183039
 194     1      50               0      11.1625837      12.3482188      24.4490859      398.878831     0.276385101     0.123348256
          wgpu 1d 110g 180c x3w 3ms | egraph 32g->34v+0snap 6ms | graft 16 (-47n, 0 snap) cpu 0 | f64 20 | gen 0.1s | dropped inexpr 1 oversz 0 unbuild 0 {}
 195     0     100               0      25.3920983      65.6895527      57.3604012      494.527964     0.628707284     0.656183039
 195     1      50               0      11.1625837      12.3482188      24.4490859      398.878831     0.276385101     0.123348256
          wgpu 1d 139g 191c x3w 3ms | egraph 39g->45v+0snap 9ms | graft 26 (-70n, 0 snap) cpu 0 | f64 20 | gen 0.1s | dropped inexpr 1 oversz 0 unbuild 0 {}
 196     0     100               0      25.3920983      65.6895527      57.3604012      494.527964     0.628707284     0.656183039
 196     1      50               0      11.1625837      12.3482188      24.4490859      398.878831     0.276385101     0.123348256
          wgpu 1d 150g 222c x3w 3ms | egraph 46g->76v+0snap 7ms | graft 40 (-84n, 0 snap) cpu 0 | f64 20 | gen 0.1s
 197     0     100               0      25.3920983      65.6895527      57.3604012      494.527964     0.628707284     0.656183039
 197     1      50               0      11.1625828      12.3482147      24.4490508      398.878677      0.27638508     0.123348215
          wgpu 1d 141g 206c x3w 3ms | egraph 42g->60v+0snap 7ms | graft 29 (-71n, 0 snap) cpu 0 | f64 20 | gen 0.2s
 198     0     100               0      25.3920983      65.6895527      57.3604012      494.527964     0.628707284     0.656183039
 198     1      50               0      11.1625828      12.3482147      24.4490508      398.878677      0.27638508     0.123348215
          wgpu 1d 122g 197c x3w 4ms | egraph 31g->51v+0snap 6ms | graft 29 (-86n, 0 snap) cpu 0 | f64 20 | gen 0.1s | dropped inexpr 1 oversz 0 unbuild 0 {}
 199     0     100               0      25.3920983      65.6895527      57.3604012      494.527964     0.628707284     0.656183039
 199     1      50               0      11.1625828      12.3482147      24.4490508      398.878677      0.27638508     0.123348215
          wgpu 1d 135g 205c x3w 3ms | egraph 34g->59v+0snap 5ms | graft 33 (-71n, 0 snap) cpu 0 | f64 20 | gen 0.1s | dropped inexpr 1 oversz 0 unbuild 0 {}
 200     0     100               0      25.3920983      65.6895527      57.3604012      494.527964     0.628707284     0.656183039
 200     1      50               0      11.1625828      12.3482147      24.4490508      398.878677      0.27638508     0.123348215
          wgpu 1d 119g 211c x3w 3ms | egraph 25g->65v+0snap 5ms | graft 32 (-78n, 0 snap) cpu 0 | f64 20 | gen 0.2s | dropped inexpr 1 oversz 0 unbuild 0 {}
--------- pump migration: intra (promote-2 + intake-reset) ---------
 201     0     100               0      25.3920983      65.6895527      57.3604012      494.527964     0.628707284     0.656183039
 201     1      50               0      11.1625837      12.3482188      24.4490859      398.878831     0.276385101     0.123348256
          wgpu 2d 299g 336c x3w 6ms | egraph 105g->110v+0snap 16ms | graft 59 (-151n, 0 snap) cpu 0 | f64 30 | gen 0.1s | dropped inexpr 2 oversz 0 unbuild 0 {}
 202     0     100               0      9.85161995      6.89119623      10.7269711      452.587172     0.243925695    0.0688372184
 202     1      50               0      11.1625837      12.3482188      24.4490859      398.878831     0.276385101     0.123348256
          wgpu 1d 132g 245c x3w 3ms | egraph 20g->99v+0snap 8ms | graft 37 (-90n, 0 snap) cpu 0 | f64 20 | gen 0.1s
 203     0     100               0      9.85161995      6.89119623      10.7269711      452.587172     0.243925695    0.0688372184
 203     1      50               0      11.1625837      12.3482188      24.4490859      398.878831     0.276385101     0.123348256
          wgpu 1d 143g 243c x3w 3ms | egraph 39g->97v+0snap 7ms | graft 46 (-105n, 0 snap) cpu 0 | f64 20 | gen 0.2s
 204     0     100               0      9.85161995      6.89119623      10.7269711      452.587172     0.243925695    0.0688372184
 204     1      50               0      11.1625837      12.3482188      24.4490859      398.878831     0.276385101     0.123348256
          wgpu 1d 112g 262c x3w 3ms | egraph 25g->116v+0snap 4ms | graft 56 (-118n, 0 snap) cpu 0 | f64 20 | gen 0.2s | dropped inexpr 1 oversz 0 unbuild 0 {}
 205     0     100               0      9.85161995      6.89119623      10.7269711      452.587172     0.243925695    0.0688372184
 205     1      50               0      11.1625837      12.3482188      24.4490859      398.878831     0.276385101     0.123348256
          wgpu 1d 139g 246c x3w 3ms | egraph 38g->100v+0snap 8ms | graft 43 (-108n, 0 snap) cpu 0 | f64 20 | gen 0.1s
 206     0     100               0      9.85161995      6.89119623      10.7269711      452.587172     0.243925695    0.0688372184
 206     1      50               0      11.1625837      12.3482188      24.4490859      398.878831     0.276385101     0.123348256
          wgpu 1d 111g 239c x3w 3ms | egraph 27g->93v+0snap 6ms | graft 40 (-93n, 0 snap) cpu 0 | f64 20 | gen 0.1s
 207     0     100               0      9.85161995      6.89119623      10.7269711      452.587172     0.243925695    0.0688372184
 207     1      50               0      11.1625837      12.3482188      24.4490859      398.878831     0.276385101     0.123348256
          wgpu 1d 156g 251c x3w 4ms | egraph 42g->105v+0snap 8ms | graft 44 (-104n, 0 snap) cpu 0 | f64 20 | gen 0.3s | dropped inexpr 1 oversz 0 unbuild 0 {}
 208     0     100               0      9.85161995      6.89119623      10.7269711      452.587172     0.243925695    0.0688372184
 208     1      50               0      11.1625837      12.3482188      24.4490859      398.878831     0.276385101     0.123348256
          wgpu 1d 139g 261c x3w 3ms | egraph 27g->115v+0snap 6ms | graft 39 (-86n, 0 snap) cpu 0 | f64 20 | gen 0.1s
 209     0     100               0      9.85161995      6.89119623      10.7269711      452.587172     0.243925695    0.0688372184
 209     1      50               0      11.1625837      12.3482188      24.4490859      398.878831     0.276385101     0.123348256
          wgpu 1d 123g 237c x3w 3ms | egraph 24g->91v+0snap 4ms | graft 35 (-82n, 0 snap) cpu 0 | f64 20 | gen 0.2s
 210     0     100               0      9.85161995      6.89119623      10.7269711      452.587172     0.243925695    0.0688372184
 210     1      50               0      11.1625837      12.3482188      24.4490859      398.878831     0.276385101     0.123348256
          wgpu 1d 122g 250c x3w 3ms | egraph 23g->104v+0snap 6ms | graft 43 (-113n, 0 snap) cpu 0 | f64 20 | gen 0.3s
--------- pump migration: intra (promote-2 + intake-reset) + cross ---------
 211     0     100               0      9.85161995      6.89119623      10.7269711      452.587172     0.243925695    0.0688372184
 211     1      50               0      11.1625837      12.3482188      24.4490859      398.878831     0.276385101     0.123348256
          wgpu 2d 334g 414c x3w 7ms | egraph 105g->188v+0snap 24ms | graft 77 (-233n, 0 snap) cpu 0 | f64 30 | gen 0.2s | dropped inexpr 6 oversz 0 unbuild 0 {}
 212     0     100               0      9.85161995      6.89119623      10.7269711      452.587172     0.243925695    0.0688372184
 212     1      50               0      11.1625837      12.3482188      24.4490859      398.878831     0.276385101     0.123348256
          wgpu 1d 123g 261c x3w 3ms | egraph 24g->115v+0snap 4ms | graft 57 (-117n, 0 snap) cpu 0 | f64 20 | gen 0.1s
 213     0     100               0      9.85161995      6.89119623      10.7269711      452.587172     0.243925695    0.0688372184
 213     1      50               0      9.85161995      6.89119623      10.7269711      452.587172     0.243925695    0.0688372184
          wgpu 1d 122g 249c x3w 3ms | egraph 19g->103v+0snap 4ms | graft 45 (-96n, 0 snap) cpu 0 | f64 20 | gen 0.2s
 214     0     100               0      9.85161995      6.89119623      10.7269711      452.587172     0.243925695    0.0688372184
 214     1      50               0      11.1625837      12.3482188      24.4490859      398.878831     0.276385101     0.123348256
          wgpu 1d 136g 264c x3w 3ms | egraph 20g->118v+0snap 5ms | graft 47 (-99n, 0 snap) cpu 0 | f64 20 | gen 0.1s | dropped inexpr 1 oversz 0 unbuild 0 {}
 215     0     100               0      9.85161995      6.89119623      10.7269711      452.587172     0.243925695    0.0688372184
 215     1      50               0      11.1625837      12.3482188      24.4490859      398.878831     0.276385101     0.123348256
          wgpu 1d 125g 250c x3w 3ms | egraph 19g->104v+0snap 4ms | graft 82 (-187n, 0 snap) cpu 0 | f64 20 | gen 0.1s | dropped inexpr 1 oversz 0 unbuild 0 {}
 216     0     100               0      9.85161995      6.89119623      10.7269711      452.587172     0.243925695    0.0688372184
 216     1      50               0      11.1625837      12.3482188      24.4490859      398.878831     0.276385101     0.123348256
          wgpu 1d 137g 252c x3w 3ms | egraph 35g->106v+0snap 8ms | graft 40 (-106n, 0 snap) cpu 0 | f64 20 | gen 0.2s
 217     0     100               0      9.85161995      6.89119623      10.7269711      452.587172     0.243925695    0.0688372184
 217     1      50               0      11.1625837      12.3482188      24.4490859      398.878831     0.276385101     0.123348256
          wgpu 1d 146g 269c x3w 3ms | egraph 21g->123v+0snap 4ms | graft 53 (-122n, 0 snap) cpu 0 | f64 20 | gen 0.1s
 218     0     100               0      9.85161995      6.89119623      10.7269711      452.587172     0.243925695    0.0688372184
 218     1      50               0      11.1625837      12.3482188      24.4490859      398.878831     0.276385101     0.123348256
          wgpu 1d 127g 250c x3w 3ms | egraph 23g->104v+0snap 5ms | graft 32 (-84n, 0 snap) cpu 0 | f64 20 | gen 0.2s
 219     0     100               0      9.85161995      6.89119623      10.7269711      452.587172     0.243925695    0.0688372184
 219     1      50               0      11.1625837      12.3482188      24.4490859      398.878831     0.276385101     0.123348256
          wgpu 1d 130g 257c x3w 3ms | egraph 27g->111v+0snap 6ms | graft 41 (-93n, 0 snap) cpu 0 | f64 20 | gen 0.1s
 220     0     100               0      9.85161995      6.89119623      10.7269711      452.587172     0.243925695    0.0688372184
 220     1      50               0      11.1625837      12.3482188      24.4490859      398.878831     0.276385101     0.123348256
          wgpu 1d 107g 230c x3w 3ms | egraph 16g->84v+0snap 4ms | graft 28 (-60n, 0 snap) cpu 0 | f64 20 | gen 0.1s
--------- pump migration: intra (promote-2 + intake-reset) ---------
 221     0     100               0      9.85161995      6.89119623      10.7269711      452.587172     0.243925695    0.0688372184
 221     1      50               0      11.1625837      12.3482188      24.4490859      398.878831     0.276385101     0.123348256
          wgpu 2d 368g 416c x3w 7ms | egraph 109g->190v+0snap 19ms | graft 81 (-223n, 0 snap) cpu 0 | f64 30 | gen 0.2s | dropped inexpr 3 oversz 0 unbuild 0 {}
 222     0     100               0      9.85161995      6.89119623      10.7269711      452.587172     0.243925695    0.0688372184
 222     1      50               0      11.1625837      12.3482188      24.4490859      398.878831     0.276385101     0.123348256
          wgpu 1d 122g 261c x3w 4ms | egraph 24g->115v+0snap 13ms | graft 46 (-98n, 0 snap) cpu 0 | f64 20 | gen 0.2s | dropped inexpr 1 oversz 0 unbuild 0 {}
 223     0     100               0      9.85161995      6.89119623      10.7269711      452.587172     0.243925695    0.0688372184
 223     1      50               0      11.1625837      12.3482188      24.4490859      398.878831     0.276385101     0.123348256
          wgpu 1d 119g 255c x3w 3ms | egraph 13g->109v+0snap 3ms | graft 41 (-78n, 0 snap) cpu 0 | f64 20 | gen 0.1s | dropped inexpr 1 oversz 0 unbuild 0 {}
 224     0     100               0      9.85161995      6.89119623      10.7269711      452.587172     0.243925695    0.0688372184
 224     1      50               0      11.1625837      12.3482188      24.4490859      398.878831     0.276385101     0.123348256
          wgpu 1d 130g 258c x3w 3ms | egraph 22g->112v+0snap 5ms | graft 44 (-92n, 0 snap) cpu 0 | f64 20 | gen 0.2s | dropped inexpr 1 oversz 0 unbuild 0 {}
 225     0     100               0      9.85161995      6.89119623      10.7269711      452.587172     0.243925695    0.0688372184
 225     1      50               0      11.1625837      12.3482188      24.4490859      398.878831     0.276385101     0.123348256
          wgpu 1d 136g 259c x3w 3ms | egraph 24g->113v+0snap 6ms | graft 50 (-128n, 0 snap) cpu 0 | f64 20 | gen 0.2s
 226     0     100               0      9.85161995      6.89119623      10.7269711      452.587172     0.243925695    0.0688372184
 226     1      50               0      11.1625837      12.3482188      24.4490859      398.878831     0.276385101     0.123348256
          wgpu 1d 132g 254c x3w 3ms | egraph 25g->108v+0snap 6ms | graft 50 (-104n, 0 snap) cpu 0 | f64 20 | gen 0.2s
 227     0     100               0      9.85161995      6.89119623      10.7269711      452.587172     0.243925695    0.0688372184
 227     1      50               0      11.1625837      12.3482188      24.4490859      398.878831     0.276385101     0.123348256
          wgpu 1d 137g 261c x3w 3ms | egraph 23g->115v+0snap 6ms | graft 43 (-107n, 0 snap) cpu 0 | f64 20 | gen 0.2s | dropped inexpr 1 oversz 0 unbuild 0 {}
 228     0     100               0      9.85161995      6.89119623      10.7269711      452.587172     0.243925695    0.0688372184
 228     1      50               0      11.1625837      12.3482188      24.4490859      398.878831     0.276385101     0.123348256
          wgpu 1d 127g 249c x3w 3ms | egraph 15g->103v+0snap 4ms | graft 47 (-97n, 0 snap) cpu 0 | f64 20 | gen 0.1s
 229     0     100               0      9.85161995      6.89119623      10.7269711      452.587172     0.243925695    0.0688372184
 229     1      50               0      11.1625837      12.3482188      24.4490859      398.878831     0.276385101     0.123348256
          wgpu 1d 124g 242c x3w 3ms | egraph 17g->96v+0snap 5ms | graft 45 (-110n, 0 snap) cpu 0 | f64 20 | gen 0.1s
 230     0     100               0      9.85161995      6.89119623      10.7269711      452.587172     0.243925695    0.0688372184
 230     1      50               0      11.1625837      12.3482188      24.4490859      398.878831     0.276385101     0.123348256
          wgpu 1d 133g 244c x3w 3ms | egraph 19g->98v+0snap 4ms | graft 40 (-84n, 0 snap) cpu 0 | f64 20 | gen 0.1s
--------- pump migration: intra (promote-2 + intake-reset) ---------
 231     0     100               0      9.85161995      6.89119623      10.7269711      452.587172     0.243925695    0.0688372184
 231     1      50               0      9.85161995      6.89119623      10.7269711      452.587172     0.243925695    0.0688372184
          wgpu 2d 295g 410c x3w 7ms | egraph 83g->184v+0snap 16ms | graft 86 (-198n, 0 snap) cpu 0 | f64 30 | gen 0.2s | dropped inexpr 1 oversz 0 unbuild 0 {}
 232     0     100               0      9.85161995      6.89119623      10.7269711      452.587172     0.243925695    0.0688372184
 232     1      50               0      11.1625837      12.3482188      24.4490859      398.878831     0.276385101     0.123348256
          wgpu 1d 132g 277c x3w 3ms | egraph 20g->131v+0snap 4ms | graft 49 (-120n, 0 snap) cpu 0 | f64 20 | gen 0.2s
 233     0     100               0      9.85161995      6.89119623      10.7269711      452.587172     0.243925695    0.0688372184
 233     1      50               0      11.1625837      12.3482188      24.4490859      398.878831     0.276385101     0.123348256
          wgpu 1d 129g 263c x3w 3ms | egraph 21g->117v+0snap 4ms | graft 78 (-176n, 0 snap) cpu 0 | f64 20 | gen 0.2s
 234     0     100               0      9.85161995      6.89119623      10.7269711      452.587172     0.243925695    0.0688372184
 234     1      50               0      11.1625837      12.3482188      24.4490859      398.878831     0.276385101     0.123348256
          wgpu 1d 133g 233c x3w 3ms | egraph 15g->87v+0snap 5ms | graft 36 (-96n, 0 snap) cpu 0 | f64 20 | gen 0.2s
 235     0     100               0      9.85161995      6.89119623      10.7269711      452.587172     0.243925695    0.0688372184
 235     1      50               0      11.1625837      12.3482188      24.4490859      398.878831     0.276385101     0.123348256
          wgpu 1d 96g 239c x3w 3ms | egraph 8g->93v+0snap 2ms | graft 39 (-85n, 0 snap) cpu 0 | f64 20 | gen 0.1s | dropped inexpr 1 oversz 0 unbuild 0 {}
 236     0     100               0      9.85161995      6.89119623      10.7269711      452.587172     0.243925695    0.0688372184
 236     1      50               0      11.1625837      12.3482188      24.4490859      398.878831     0.276385101     0.123348256
          wgpu 1d 133g 250c x3w 3ms | egraph 23g->104v+0snap 4ms | graft 44 (-87n, 0 snap) cpu 0 | f64 20 | gen 0.1s
 237     0     100               0      9.85161995      6.89119623      10.7269711      452.587172     0.243925695    0.0688372184
 237     1      50               0      11.1625837      12.3482188      24.4490859      398.878831     0.276385101     0.123348256
          wgpu 1d 135g 274c x3w 3ms | egraph 20g->128v+0snap 6ms | graft 49 (-118n, 0 snap) cpu 0 | f64 20 | gen 0.1s | dropped inexpr 1 oversz 0 unbuild 0 {}
 238     0     100               0      9.85161995      6.89119623      10.7269711      452.587172     0.243925695    0.0688372184
 238     1      50               0      11.1625837      12.3482188      24.4490859      398.878831     0.276385101     0.123348256
          wgpu 1d 127g 260c x3w 3ms | egraph 17g->114v+0snap 3ms | graft 51 (-119n, 0 snap) cpu 0 | f64 20 | gen 0.1s
 239     0     100               0      9.85161995      6.89119623      10.7269711      452.587172     0.243925695    0.0688372184
 239     1      50               0      11.1625837      12.3482188      24.4490859      398.878831     0.276385101     0.123348256
          wgpu 1d 114g 255c x3w 3ms | egraph 16g->109v+0snap 3ms | graft 32 (-76n, 0 snap) cpu 0 | f64 20 | gen 0.2s
 240     0     100               0      9.85161995      6.89119623      10.7269711      452.587172     0.243925695    0.0688372184
 240     1      50               0      11.1625837      12.3482188      24.4490859      398.878831     0.276385101     0.123348256
          wgpu 1d 125g 267c x3w 3ms | egraph 13g->121v+0snap 4ms | graft 40 (-88n, 0 snap) cpu 0 | f64 20 | gen 0.1s
--------- pump migration: intra (promote-2 + intake-reset) + cross ---------
 241     0     100               0      9.85161995      6.89119623      10.7269711      452.587172     0.243925695    0.0688372184
 241     1      50               0      11.1625837      12.3482188      24.4490859      398.878831     0.276385101     0.123348256
          wgpu 2d 340g 397c x3w 7ms | egraph 103g->171v+0snap 19ms | graft 84 (-266n, 0 snap) cpu 0 | f64 30 | gen 0.1s | dropped inexpr 7 oversz 0 unbuild 0 {}
 242     0     100               0      9.85161995      6.89119623      10.7269711      452.587172     0.243925695    0.0688372184
 242     1      50               0      11.1625837      12.3482188      24.4490859      398.878831     0.276385101     0.123348256
          wgpu 1d 126g 247c x3w 3ms | egraph 17g->101v+0snap 3ms | graft 40 (-82n, 0 snap) cpu 0 | f64 20 | gen 0.1s
 243     0     100               0      9.85161995      6.89119623      10.7269711      452.587172     0.243925695    0.0688372184
 243     1      50               0      11.1625837      12.3482188      24.4490859      398.878831     0.276385101     0.123348256
          wgpu 1d 120g 250c x3w 3ms | egraph 13g->104v+0snap 4ms | graft 44 (-90n, 0 snap) cpu 0 | f64 20 | gen 0.1s
 244     0     100               0      9.85161995      6.89119623      10.7269711      452.587172     0.243925695    0.0688372184
 244     1      50               0      11.1625837      12.3482188      24.4490859      398.878831     0.276385101     0.123348256
          wgpu 1d 108g 241c x3w 3ms | egraph 17g->95v+0snap 4ms | graft 36 (-89n, 0 snap) cpu 0 | f64 20 | gen 0.1s
 245     0     100               0      9.85161995      6.89119623      10.7269711      452.587172     0.243925695    0.0688372184
 245     1      50               0      11.1625837      12.3482188      24.4490859      398.878831     0.276385101     0.123348256
          wgpu 1d 127g 245c x3w 3ms | egraph 25g->99v+0snap 4ms | graft 38 (-84n, 0 snap) cpu 0 | f64 20 | gen 0.1s
 246     0     100               0      9.85161995      6.89119623      10.7269711      452.587172     0.243925695    0.0688372184
 246     1      50               0      11.1625837      12.3482188      24.4490859      398.878831     0.276385101     0.123348256
          wgpu 1d 124g 253c x3w 3ms | egraph 13g->107v+0snap 5ms | graft 41 (-106n, 0 snap) cpu 0 | f64 20 | gen 0.2s
 247     0     100               0      9.85161995      6.89119623      10.7269711      452.587172     0.243925695    0.0688372184
 247     1      50               0      11.1625837      12.3482188      24.4490859      398.878831     0.276385101     0.123348256
          wgpu 1d 133g 251c x3w 3ms | egraph 18g->105v+0snap 5ms | graft 49 (-115n, 0 snap) cpu 0 | f64 20 | gen 0.2s
 248     0     100               0      9.85161995      6.89119623      10.7269711      452.587172     0.243925695    0.0688372184
 248     1      50               0      11.1625837      12.3482188      24.4490859      398.878831     0.276385101     0.123348256
          wgpu 1d 150g 264c x3w 4ms | egraph 24g->118v+0snap 5ms | graft 45 (-98n, 0 snap) cpu 0 | f64 20 | gen 0.2s
 249     0     100               0      9.85161995      6.89119623      10.7269711      452.587172     0.243925695    0.0688372184
 249     1      50               0      11.1625828      12.3482147      24.4490508      398.878677      0.27638508     0.123348215
          wgpu 1d 111g 241c x3w 3ms | egraph 15g->95v+0snap 4ms | graft 37 (-79n, 0 snap) cpu 0 | f64 20 | gen 0.3s | dropped inexpr 1 oversz 0 unbuild 0 {}
 250     0     100               0      9.85161995      6.89119623      10.7269711      452.587172     0.243925695    0.0688372184
 250     1      50               0      11.1625828      12.3482147      24.4490508      398.878677      0.27638508     0.123348215
          wgpu 1d 116g 253c x3w 3ms | egraph 14g->107v+0snap 4ms | graft 49 (-109n, 0 snap) cpu 0 | f64 20 | gen 0.3s
--------- pump migration: intra (promote-2 + intake-reset) ---------
 251     0     100               0      9.85161995      6.89119623      10.7269711      452.587172     0.243925695    0.0688372184
 251     1      50               0      11.1625837      12.3482188      24.4490859      398.878831     0.276385101     0.123348256
          wgpu 2d 344g 427c x3w 7ms | egraph 118g->201v+0snap 19ms | graft 97 (-287n, 0 snap) cpu 0 | f64 30 | gen 0.2s | dropped inexpr 2 oversz 0 unbuild 0 {}
 252     0     100               0      9.85161995      6.89119623      10.7269711      452.587172     0.243925695    0.0688372184
 252     1      50               0      11.1625837      12.3482188      24.4490859      398.878831     0.276385101     0.123348256
          wgpu 1d 122g 256c x3w 3ms | egraph 19g->110v+0snap 4ms | graft 45 (-100n, 0 snap) cpu 0 | f64 20 | gen 0.1s
 253     0     100               0      9.85161995      6.89119623      10.7269711      452.587172     0.243925695    0.0688372184
 253     1      50               0      11.1625837      12.3482188      24.4490859      398.878831     0.276385101     0.123348256
          wgpu 1d 123g 251c x3w 3ms | egraph 21g->105v+0snap 4ms | graft 37 (-90n, 0 snap) cpu 0 | f64 20 | gen 0.1s
 254     0     100               0      9.85161995      6.89119623      10.7269711      452.587172     0.243925695    0.0688372184
 254     1      50               0      11.1625837      12.3482188      24.4490859      398.878831     0.276385101     0.123348256
          wgpu 1d 126g 254c x3w 3ms | egraph 17g->108v+0snap 4ms | graft 39 (-86n, 0 snap) cpu 0 | f64 20 | gen 0.1s
 255     0     100               0      9.85161995      6.89119623      10.7269711      452.587172     0.243925695    0.0688372184
 255     1      50               0      11.1625837      12.3482188      24.4490859      398.878831     0.276385101     0.123348256
          wgpu 1d 120g 248c x3w 3ms | egraph 19g->102v+0snap 4ms | graft 78 (-176n, 0 snap) cpu 0 | f64 20 | gen 0.1s | dropped inexpr 1 oversz 0 unbuild 0 {}
 256     0     100               0      9.85161995      6.89119623      10.7269711      452.587172     0.243925695    0.0688372184
 256     1      50               0      11.1625837      12.3482188      24.4490859      398.878831     0.276385101     0.123348256
          wgpu 1d 120g 224c x3w 3ms | egraph 15g->78v+0snap 3ms | graft 61 (-124n, 0 snap) cpu 0 | f64 20 | gen 0.1s
 257     0     100               0      9.85161995      6.89119623      10.7269711      452.587172     0.243925695    0.0688372184
 257     1      50               0      11.1625837      12.3482188      24.4490859      398.878831     0.276385101     0.123348256
          wgpu 1d 123g 223c x3w 3ms | egraph 20g->77v+0snap 4ms | graft 24 (-64n, 0 snap) cpu 0 | f64 20 | gen 0.2s
 258     0     100               0      9.85161995      6.89119623      10.7269711      452.587172     0.243925695    0.0688372184
 258     1      50               0      11.1625837      12.3482188      24.4490859      398.878831     0.276385101     0.123348256
          wgpu 1d 129g 254c x3w 3ms | egraph 25g->108v+0snap 8ms | graft 47 (-105n, 0 snap) cpu 0 | f64 20 | gen 0.1s
 259     0     100               0      9.85161995      6.89119623      10.7269711      452.587172     0.243925695    0.0688372184
 259     1      50               0      11.1625837      12.3482188      24.4490859      398.878831     0.276385101     0.123348256
          wgpu 1d 110g 251c x3w 3ms | egraph 17g->105v+0snap 3ms | graft 37 (-86n, 0 snap) cpu 0 | f64 20 | gen 0.1s
 260     0     100               0      9.85161995      6.89119623      10.7269711      452.587172     0.243925695    0.0688372184
 260     1      50               0      11.1625837      12.3482188      24.4490859      398.878831     0.276385101     0.123348256
          wgpu 1d 151g 259c x3w 4ms | egraph 25g->113v+0snap 4ms | graft 48 (-114n, 0 snap) cpu 0 | f64 20 | gen 0.2s | dropped inexpr 2 oversz 0 unbuild 0 {}
--------- pump migration: intra (promote-2 + intake-reset) ---------
 261     0     100               0      9.85161995      6.89119623      10.7269711      452.587172     0.243925695    0.0688372184
 261     1      50               0      11.1625837      12.3482188      24.4490859      398.878831     0.276385101     0.123348256
          wgpu 2d 326g 403c x3w 7ms | egraph 112g->177v+0snap 21ms | graft 77 (-200n, 0 snap) cpu 0 | f64 30 | gen 0.2s | dropped inexpr 6 oversz 0 unbuild 0 {}
 262     0     100               0      9.85161995      6.89119623      10.7269711      452.587172     0.243925695    0.0688372184
 262     1      50               0      11.1625837      12.3482188      24.4490859      398.878831     0.276385101     0.123348256
          wgpu 1d 121g 262c x3w 3ms | egraph 13g->116v+0snap 4ms | graft 40 (-93n, 0 snap) cpu 0 | f64 20 | gen 0.1s
 263     0     100               0      9.85161995      6.89119623      10.7269711      452.587172     0.243925695    0.0688372184
 263     1      50               0      11.1625837      12.3482188      24.4490859      398.878831     0.276385101     0.123348256
          wgpu 1d 135g 264c x3w 4ms | egraph 26g->118v+0snap 7ms | graft 45 (-125n, 0 snap) cpu 0 | f64 20 | gen 0.1s | dropped inexpr 1 oversz 0 unbuild 0 {}
 264     0     100               0      9.85161995      6.89119623      10.7269711      452.587172     0.243925695    0.0688372184
 264     1      50               0      11.1625837      12.3482188      24.4490859      398.878831     0.276385101     0.123348256
          wgpu 1d 129g 250c x3w 3ms | egraph 23g->104v+0snap 5ms | graft 43 (-105n, 0 snap) cpu 0 | f64 20 | gen 0.2s
 265     0     100               0      9.85161995      6.89119623      10.7269711      452.587172     0.243925695    0.0688372184
 265     1      50               0      11.1625837      12.3482188      24.4490859      398.878831     0.276385101     0.123348256
          wgpu 1d 129g 266c x3w 3ms | egraph 21g->120v+0snap 5ms | graft 49 (-110n, 0 snap) cpu 0 | f64 20 | gen 0.2s
 266     0     100               0      9.85161995      6.89119623      10.7269711      452.587172     0.243925695    0.0688372184
 266     1      50               0      11.1625837      12.3482188      24.4490859      398.878831     0.276385101     0.123348256
          wgpu 1d 113g 250c x3w 3ms | egraph 18g->104v+0snap 4ms | graft 39 (-95n, 0 snap) cpu 0 | f64 20 | gen 0.2s
 267     0     100               0      9.85161995      6.89119623      10.7269711      452.587172     0.243925695    0.0688372184
 267     1      50               0      11.1625837      12.3482188      24.4490859      398.878831     0.276385101     0.123348256
          wgpu 1d 119g 260c x3w 3ms | egraph 15g->114v+0snap 4ms | graft 49 (-114n, 0 snap) cpu 0 | f64 20 | gen 0.2s
 268     0     100               0      9.85161995      6.89119623      10.7269711      452.587172     0.243925695    0.0688372184
 268     1      50               0      11.1625837      12.3482188      24.4490859      398.878831     0.276385101     0.123348256
          wgpu 1d 136g 272c x3w 3ms | egraph 24g->126v+0snap 6ms | graft 50 (-107n, 0 snap) cpu 0 | f64 20 | gen 0.1s
 269     0     100               0      9.85161995      6.89119623      10.7269711      452.587172     0.243925695    0.0688372184
 269     1      50               0      11.1625837      12.3482188      24.4490859      398.878831     0.276385101     0.123348256
          wgpu 1d 136g 270c x3w 3ms | egraph 21g->124v+0snap 4ms | graft 39 (-93n, 0 snap) cpu 0 | f64 20 | gen 0.1s
 270     0     100               0      9.85161995      6.89119623      10.7269711      452.587172     0.243925695    0.0688372184
 270     1      50               0      11.1625837      12.3482188      24.4490859      398.878831     0.276385101     0.123348256
          wgpu 1d 110g 263c x3w 3ms | egraph 16g->117v+0snap 4ms | graft 46 (-107n, 0 snap) cpu 0 | f64 20 | gen 0.1s
--------- pump migration: intra (promote-2 + intake-reset) + cross ---------
 271     0     100               0      9.85161995      6.89119623      10.7269711      452.587172     0.243925695    0.0688372184
 271     1      50               0      11.1625837      12.3482188      24.4490859      398.878831     0.276385101     0.123348256
          wgpu 2d 311g 386c x3w 7ms | egraph 112g->160v+0snap 17ms | graft 90 (-236n, 0 snap) cpu 0 | f64 30 | gen 0.2s | dropped inexpr 15 oversz 0 unbuild 0 {}
 272     0     100               0      9.85161995      6.89119623      10.7269711      452.587172     0.243925695    0.0688372184
 272     1      50               0      9.85161995      6.89119623      10.7269711      452.587172     0.243925695    0.0688372184
          wgpu 1d 106g 269c x3w 3ms | egraph 13g->123v+0snap 3ms | graft 37 (-90n, 0 snap) cpu 0 | f64 20 | gen 0.1s
 273     0     100               0      9.85161995      6.89119623      10.7269711      452.587172     0.243925695    0.0688372184
 273     1      50               0      9.85161995      6.89119623      10.7269711      452.587172     0.243925695    0.0688372184
          wgpu 1d 128g 264c x3w 3ms | egraph 16g->118v+0snap 4ms | graft 47 (-107n, 0 snap) cpu 0 | f64 20 | gen 0.2s
 274     0     100               0      9.85161995      6.89119623      10.7269711      452.587172     0.243925695    0.0688372184
 274     1      50               0      9.85161995      6.89119623      10.7269711      452.587172     0.243925695    0.0688372184
          wgpu 1d 132g 286c x3w 3ms | egraph 22g->140v+0snap 5ms | graft 46 (-102n, 0 snap) cpu 0 | f64 20 | gen 0.2s
 275     0     100               0      9.85161995      6.89119623      10.7269711      452.587172     0.243925695    0.0688372184
 275     1      50               0      9.85161995      6.89119623      10.7269711      452.587172     0.243925695    0.0688372184
          wgpu 1d 151g 295c x3w 3ms | egraph 28g->149v+0snap 6ms | graft 47 (-115n, 0 snap) cpu 0 | f64 20 | gen 0.1s | dropped inexpr 1 oversz 0 unbuild 0 {}
 276     0     100               0      9.85161995      6.89119623      10.7269711      452.587172     0.243925695    0.0688372184
 276     1      50               0      9.85161995      6.89119623      10.7269711      452.587172     0.243925695    0.0688372184
          wgpu 1d 107g 275c x3w 3ms | egraph 7g->129v+0snap 2ms | graft 40 (-86n, 0 snap) cpu 0 | f64 20 | gen 0.1s
 277     0     100               0      9.85161995      6.89119623      10.7269711      452.587172     0.243925695    0.0688372184
 277     1      50               0      9.85161995      6.89119623      10.7269711      452.587172     0.243925695    0.0688372184
          wgpu 1d 129g 293c x3w 4ms | egraph 21g->147v+0snap 5ms | graft 56 (-143n, 0 snap) cpu 0 | f64 20 | gen 0.2s | dropped inexpr 1 oversz 0 unbuild 0 {}
 278     0     100               0      9.85161995      6.89119623      10.7269711      452.587172     0.243925695    0.0688372184
 278     1      50               0      9.85161995      6.89119623      10.7269711      452.587172     0.243925695    0.0688372184
          wgpu 1d 127g 284c x3w 3ms | egraph 22g->138v+0snap 4ms | graft 44 (-93n, 0 snap) cpu 0 | f64 20 | gen 0.1s
 279     0     100               0      9.85161995      6.89119623      10.7269711      452.587172     0.243925695    0.0688372184
 279     1      50               0      9.85161995      6.89119623      10.7269711      452.587172     0.243925695    0.0688372184
          wgpu 1d 126g 291c x3w 3ms | egraph 12g->145v+0snap 6ms | graft 52 (-124n, 0 snap) cpu 0 | f64 20 | gen 0.1s
 280     0     100               0      9.85161995      6.89119623      10.7269711      452.587172     0.243925695    0.0688372184
 280     1      50               0      9.85161995      6.89119623      10.7269711      452.587172     0.243925695    0.0688372184
          wgpu 1d 134g 291c x3w 4ms | egraph 21g->145v+0snap 6ms | graft 56 (-117n, 0 snap) cpu 0 | f64 20 | gen 0.2s
--------- pump migration: intra (promote-2 + intake-reset) ---------
 281     0     100               0      9.85161995      6.89119623      10.7269711      452.587172     0.243925695    0.0688372184
 281     1      50               0      9.85161995      6.89119623      10.7269711      452.587172     0.243925695    0.0688372184
          wgpu 2d 307g 399c x3w 7ms | egraph 85g->173v+0snap 15ms | graft 66 (-158n, 0 snap) cpu 0 | f64 30 | gen 0.2s | dropped inexpr 1 oversz 0 unbuild 0 {}
 282     0     100               0      9.85161995      6.89119623      10.7269711      452.587172     0.243925695    0.0688372184
 282     1      50               0      9.85161995      6.89119623      10.7269711      452.587172     0.243925695    0.0688372184
          wgpu 1d 139g 283c x3w 4ms | egraph 15g->137v+0snap 3ms | graft 53 (-114n, 0 snap) cpu 0 | f64 20 | gen 0.2s
 283     0     100               0      9.85161995      6.89119623      10.7269711      452.587172     0.243925695    0.0688372184
 283     1      50               0      9.85161995      6.89119623      10.7269711      452.587172     0.243925695    0.0688372184
          wgpu 1d 128g 273c x3w 3ms | egraph 19g->127v+0snap 4ms | graft 40 (-94n, 0 snap) cpu 0 | f64 20 | gen 0.1s
 284     0     100               0      9.85161995      6.89119623      10.7269711      452.587172     0.243925695    0.0688372184
 284     1      50               0      9.85161995      6.89119623      10.7269711      452.587172     0.243925695    0.0688372184
          wgpu 1d 141g 283c x3w 3ms | egraph 19g->137v+0snap 5ms | graft 60 (-130n, 0 snap) cpu 0 | f64 20 | gen 0.1s
 285     0     100               0      9.85161995      6.89119623      10.7269711      452.587172     0.243925695    0.0688372184
 285     1      50               0      9.85161995      6.89119623      10.7269711      452.587172     0.243925695    0.0688372184
          wgpu 1d 120g 274c x3w 3ms | egraph 19g->128v+0snap 4ms | graft 53 (-126n, 0 snap) cpu 0 | f64 20 | gen 0.1s | dropped inexpr 1 oversz 0 unbuild 0 {}
 286     0     100               0      9.85161995      6.89119623      10.7269711      452.587172     0.243925695    0.0688372184
 286     1      50               0      9.85161995      6.89119623      10.7269711      452.587172     0.243925695    0.0688372184
          wgpu 1d 139g 291c x3w 4ms | egraph 16g->145v+0snap 4ms | graft 50 (-108n, 0 snap) cpu 0 | f64 20 | gen 0.2s
 287     0     100               0      9.85161995      6.89119623      10.7269711      452.587172     0.243925695    0.0688372184
 287     1      50               0      9.85161995      6.89119623      10.7269711      452.587172     0.243925695    0.0688372184
          wgpu 1d 139g 279c x3w 3ms | egraph 24g->133v+0snap 5ms | graft 49 (-110n, 0 snap) cpu 0 | f64 20 | gen 0.1s
 288     0     100               0      9.85161995      6.89119623      10.7269711      452.587172     0.243925695    0.0688372184
 288     1      50               0      9.85161995      6.89119623      10.7269711      452.587172     0.243925695    0.0688372184
          wgpu 1d 143g 267c x3w 3ms | egraph 29g->121v+0snap 5ms | graft 56 (-122n, 0 snap) cpu 0 | f64 20 | gen 0.2s
 289     0     100               0      9.85161995      6.89119623      10.7269711      452.587172     0.243925695    0.0688372184
 289     1      50               0      9.85161995      6.89119623      10.7269711      452.587172     0.243925695    0.0688372184
          wgpu 1d 137g 282c x3w 3ms | egraph 20g->136v+0snap 4ms | graft 48 (-99n, 0 snap) cpu 0 | f64 20 | gen 0.2s | dropped inexpr 1 oversz 0 unbuild 0 {}
 290     0     100               0      9.85161995      6.89119623      10.7269711      452.587172     0.243925695    0.0688372184
 290     1      50               0      9.85161995      6.89119623      10.7269711      452.587172     0.243925695    0.0688372184
          wgpu 1d 122g 282c x3w 3ms | egraph 7g->136v+0snap 3ms | graft 47 (-109n, 0 snap) cpu 0 | f64 20 | gen 0.1s
--------- pump migration: intra (promote-2 + intake-reset) ---------
 291     0     100               0      9.85161995      6.89119623      10.7269711      452.587172     0.243925695    0.0688372184
 291     1      50               0      9.85161995      6.89119623      10.7269711      452.587172     0.243925695    0.0688372184
          wgpu 2d 342g 425c x3w 7ms | egraph 97g->199v+0snap 16ms | graft 81 (-203n, 0 snap) cpu 0 | f64 30 | gen 0.1s | dropped inexpr 4 oversz 0 unbuild 0 {}
 292     0     100               0      9.85161995      6.89119623      10.7269711      452.587172     0.243925695    0.0688372184
 292     1      50               0      9.85161995      6.89119623      10.7269711      452.587172     0.243925695    0.0688372184
          wgpu 1d 133g 286c x3w 3ms | egraph 20g->140v+0snap 5ms | graft 43 (-102n, 0 snap) cpu 0 | f64 20 | gen 0.1s | dropped inexpr 1 oversz 0 unbuild 0 {}
 293     0     100               0      9.85161995      6.89119623      10.7269711      452.587172     0.243925695    0.0688372184
 293     1      50               0      9.85161995      6.89119623      10.7269711      452.587172     0.243925695    0.0688372184
          wgpu 1d 113g 284c x3w 3ms | egraph 11g->138v+0snap 3ms | graft 44 (-94n, 0 snap) cpu 0 | f64 20 | gen 0.1s
 294     0     100               0      9.85161995      6.89119623      10.7269711      452.587172     0.243925695    0.0688372184
 294     1      50               0      9.85161995      6.89119623      10.7269711      452.587172     0.243925695    0.0688372184
          wgpu 1d 149g 291c x3w 4ms | egraph 18g->145v+0snap 4ms | graft 54 (-126n, 0 snap) cpu 0 | f64 20 | gen 0.1s
 295     0     100               0      9.85161995      6.89119623      10.7269711      452.587172     0.243925695    0.0688372184
 295     1      50               0      9.85161995      6.89119623      10.7269711      452.587172     0.243925695    0.0688372184
          wgpu 1d 126g 286c x3w 3ms | egraph 12g->140v+0snap 3ms | graft 60 (-135n, 0 snap) cpu 0 | f64 20 | gen 0.1s
 296     0     100               0      9.85161995      6.89119623      10.7269711      452.587172     0.243925695    0.0688372184
 296     1      50               0      9.85161995      6.89119623      10.7269711      452.587172     0.243925695    0.0688372184
          wgpu 1d 135g 282c x3w 4ms | egraph 19g->136v+0snap 9ms | graft 51 (-112n, 0 snap) cpu 0 | f64 20 | gen 0.2s
 297     0     100               0      9.85161995      6.89119623      10.7269711      452.587172     0.243925695    0.0688372184
 297     1      50               0      9.85161995      6.89119623      10.7269711      452.587172     0.243925695    0.0688372184
          wgpu 1d 138g 286c x3w 3ms | egraph 22g->140v+0snap 5ms | graft 51 (-111n, 0 snap) cpu 0 | f64 20 | gen 0.1s
 298     0     100               0      9.85161995      6.89119623      10.7269711      452.587172     0.243925695    0.0688372184
 298     1      50               0      9.85161995      6.89119623      10.7269711      452.587172     0.243925695    0.0688372184
          wgpu 1d 137g 288c x3w 3ms | egraph 15g->142v+0snap 3ms | graft 53 (-133n, 0 snap) cpu 0 | f64 20 | gen 0.1s
 299     0     100               0      9.85161995      6.89119623      10.7269711      452.587172     0.243925695    0.0688372184
 299     1      50               0      9.85161995      6.89119623      10.7269711      452.587172     0.243925695    0.0688372184
          wgpu 1d 144g 287c x3w 3ms | egraph 23g->141v+0snap 7ms | graft 48 (-120n, 0 snap) cpu 0 | f64 20 | gen 0.2s
 300     0     100               0      9.85161995      6.89119623      10.7269711      452.587172     0.243925695    0.0688372184
 300     1      50               0      9.85161995      6.89119623      10.7269711      452.587172     0.243925695    0.0688372184
          wgpu 1d 147g 290c x3w 4ms | egraph 16g->144v+0snap 5ms | graft 47 (-99n, 0 snap) cpu 0 | f64 20 | gen 0.2s
--------- pump migration: intra (promote-2 + intake-reset) + cross ---------
 301     0     100               0      9.85161995      6.89119623      10.7269711      452.587172     0.243925695    0.0688372184
 301     1      50               0      9.85161995      6.89119623      10.7269711      452.587172     0.243925695    0.0688372184
          wgpu 2d 284g 394c x3w 6ms | egraph 77g->168v+0snap 19ms | graft 72 (-174n, 0 snap) cpu 0 | f64 30 | gen 0.2s | dropped inexpr 2 oversz 0 unbuild 0 {}
 302     0     100               0      9.85161995      6.89119623      10.7269711      452.587172     0.243925695    0.0688372184
 302     1      50               0      9.85161995      6.89119623      10.7269711      452.587172     0.243925695    0.0688372184
          wgpu 1d 135g 294c x3w 3ms | egraph 23g->148v+0snap 5ms | graft 53 (-116n, 0 snap) cpu 0 | f64 20 | gen 0.2s
 303     0     100               0      9.85161995      6.89119623      10.7269711      452.587172     0.243925695    0.0688372184
 303     1      50               0      9.85161995      6.89119623      10.7269711      452.587172     0.243925695    0.0688372184
          wgpu 1d 147g 290c x3w 4ms | egraph 30g->144v+0snap 6ms | graft 52 (-123n, 0 snap) cpu 0 | f64 20 | gen 0.3s
 304     0     100               0      9.85161995      6.89119623      10.7269711      452.587172     0.243925695    0.0688372184
 304     1      50               0      9.85161995      6.89119623      10.7269711      452.587172     0.243925695    0.0688372184
          wgpu 1d 130g 290c x3w 3ms | egraph 19g->144v+0snap 4ms | graft 50 (-132n, 0 snap) cpu 0 | f64 20 | gen 0.3s
 305     0     100               0      9.85161995      6.89119623      10.7269711      452.587172     0.243925695    0.0688372184
 305     1      50               0      9.85161995      6.89119623      10.7269711      452.587172     0.243925695    0.0688372184
          wgpu 1d 134g 287c x3w 3ms | egraph 16g->141v+0snap 4ms | graft 45 (-105n, 0 snap) cpu 0 | f64 20 | gen 0.2s
 306     0     100               0      9.85161995      6.89119623      10.7269711      452.587172     0.243925695    0.0688372184
 306     1      50               0      9.85161995      6.89119623      10.7269711      452.587172     0.243925695    0.0688372184
          wgpu 1d 124g 285c x3w 3ms | egraph 17g->139v+0snap 5ms | graft 50 (-108n, 0 snap) cpu 0 | f64 20 | gen 0.2s
 307     0     100               0      9.85161995      6.89119623      10.7269711      452.587172     0.243925695    0.0688372184
 307     1      50               0      9.85161995      6.89119623      10.7269711      452.587172     0.243925695    0.0688372184
          wgpu 1d 135g 289c x3w 3ms | egraph 14g->143v+0snap 5ms | graft 50 (-117n, 0 snap) cpu 0 | f64 20 | gen 0.1s
 308     0     100               0      9.85161995      6.89119623      10.7269711      452.587172     0.243925695    0.0688372184
 308     1      50               0      9.85161995      6.89119623      10.7269711      452.587172     0.243925695    0.0688372184
          wgpu 1d 152g 277c x3w 3ms | egraph 15g->131v+0snap 3ms | graft 50 (-120n, 0 snap) cpu 0 | f64 20 | gen 0.1s
 309     0     100               0      9.85161995      6.89119623      10.7269711      452.587172     0.243925695    0.0688372184
 309     1      50               0      9.85161995      6.89119623      10.7269711      452.587172     0.243925695    0.0688372184
          wgpu 1d 125g 288c x3w 3ms | egraph 14g->142v+0snap 4ms | graft 48 (-99n, 0 snap) cpu 0 | f64 20 | gen 0.2s | dropped inexpr 1 oversz 0 unbuild 0 {}
 310     0     100               0      9.85161995      6.89119623      10.7269711      452.587172     0.243925695    0.0688372184
 310     1      50               0      9.85161995      6.89119623      10.7269711      452.587172     0.243925695    0.0688372184
          wgpu 1d 122g 291c x3w 3ms | egraph 14g->145v+0snap 4ms | graft 55 (-117n, 0 snap) cpu 0 | f64 20 | gen 0.3s
--------- pump migration: intra (promote-2 + intake-reset) ---------
 311     0     100               0      9.85161995      6.89119623      10.7269711      452.587172     0.243925695    0.0688372184
 311     1      50               0      9.85161995      6.89119623      10.7269711      452.587172     0.243925695    0.0688372184
          wgpu 2d 376g 435c x3w 8ms | egraph 101g->209v+0snap 20ms | graft 91 (-251n, 0 snap) cpu 0 | f64 30 | gen 0.2s | dropped inexpr 3 oversz 0 unbuild 0 {}
 312     0     100               0      9.85161995      6.89119623      10.7269711      452.587172     0.243925695    0.0688372184
 312     1      50               0      9.85161995      6.89119623      10.7269711      452.587172     0.243925695    0.0688372184
          wgpu 1d 122g 294c x3w 3ms | egraph 16g->148v+0snap 4ms | graft 61 (-142n, 0 snap) cpu 0 | f64 20 | gen 0.1s
 313     0     100               0      9.85161995      6.89119623      10.7269711      452.587172     0.243925695    0.0688372184
 313     1      50               0      9.85161995      6.89119623      10.7269711      452.587172     0.243925695    0.0688372184
          wgpu 1d 139g 290c x3w 4ms | egraph 18g->144v+0snap 4ms | graft 49 (-102n, 0 snap) cpu 0 | f64 20 | gen 0.2s
 314     0     100               0      9.85161995      6.89119623      10.7269711      452.587172     0.243925695    0.0688372184
 314     1      50               0      9.85161995      6.89119623      10.7269711      452.587172     0.243925695    0.0688372184
          wgpu 1d 139g 294c x3w 3ms | egraph 14g->148v+0snap 5ms | graft 58 (-142n, 0 snap) cpu 0 | f64 20 | gen 0.1s
 315     0     100               0      9.85161995      6.89119623      10.7269711      452.587172     0.243925695    0.0688372184
 315     1      50               0      9.85161995      6.89119623      10.7269711      452.587172     0.243925695    0.0688372184
          wgpu 1d 137g 298c x3w 3ms | egraph 24g->152v+0snap 5ms | graft 75 (-186n, 0 snap) cpu 0 | f64 20 | gen 0.2s
 316     0     100               0      9.85161995      6.89119623      10.7269711      452.587172     0.243925695    0.0688372184
 316     1      50               0      9.85161995      6.89119623      10.7269711      452.587172     0.243925695    0.0688372184
          wgpu 1d 123g 254c x3w 3ms | egraph 15g->108v+0snap 6ms | graft 39 (-80n, 0 snap) cpu 0 | f64 20 | gen 0.1s
 317     0     100               0      9.85161995      6.89119623      10.7269711      452.587172     0.243925695    0.0688372184
 317     1      50               0      9.85161995      6.89119623      10.7269711      452.587172     0.243925695    0.0688372184
          wgpu 1d 134g 283c x3w 3ms | egraph 13g->137v+0snap 5ms | graft 51 (-111n, 0 snap) cpu 0 | f64 20 | gen 0.2s
 318     0     100               0      9.85161995      6.89119623      10.7269711      452.587172     0.243925695    0.0688372184
 318     1      50               0      9.85161995      6.89119623      10.7269711      452.587172     0.243925695    0.0688372184
          wgpu 1d 137g 303c x3w 3ms | egraph 16g->157v+0snap 4ms | graft 52 (-120n, 0 snap) cpu 0 | f64 20 | gen 0.1s | dropped inexpr 1 oversz 0 unbuild 0 {}
 319     0     100               0      9.85161995      6.89119623      10.7269711      452.587172     0.243925695    0.0688372184
 319     1      50               0      9.85161995      6.89119623      10.7269711      452.587172     0.243925695    0.0688372184
          wgpu 1d 136g 279c x3w 3ms | egraph 14g->133v+0snap 3ms | graft 57 (-127n, 0 snap) cpu 0 | f64 20 | gen 0.2s
 320     0     100               0      9.85161995      6.89119623      10.7269711      452.587172     0.243925695    0.0688372184
 320     1      50               0      9.85161995      6.89119623      10.7269711      452.587172     0.243925695    0.0688372184
          wgpu 1d 116g 275c x3w 3ms | egraph 19g->129v+0snap 4ms | graft 58 (-120n, 0 snap) cpu 0 | f64 20 | gen 0.1s
--------- pump migration: intra (promote-2 + intake-reset) ---------
 321     0     100               0      9.85161995      6.89119623      10.7269711      452.587172     0.243925695    0.0688372184
 321     1      50               0      9.85161995      6.89119623      10.7269711      452.587172     0.243925695    0.0688372184
          wgpu 2d 315g 384c x3w 7ms | egraph 84g->158v+0snap 19ms | graft 72 (-221n, 0 snap) cpu 0 | f64 30 | gen 0.2s | dropped inexpr 3 oversz 0 unbuild 0 {}
 322     0     100               0       25.127066      65.1638438      57.9128757      482.349555     0.622145096     0.650931652
 322     1      50               0      9.85161995      6.89119623      10.7269711      452.587172     0.243925695    0.0688372184
          wgpu 1d 127g 262c x3w 3ms | egraph 19g->116v+0snap 5ms | graft 71 (-159n, 0 snap) cpu 0 | f64 20 | gen 0.1s
 323     0     100               0       25.127066      65.1638438      57.9128757      482.349555     0.622145096     0.650931652
 323     1      50               0      9.85161995      6.89119623      10.7269711      452.587172     0.243925695    0.0688372184
          wgpu 1d 129g 234c x3w 3ms | egraph 22g->88v+0snap 5ms | graft 42 (-89n, 0 snap) cpu 0 | f64 20 | gen 0.1s
 324     0     100               0       25.127066      65.1638438      57.9128757      482.349555     0.622145096     0.650931652
 324     1      50               0      9.85161995      6.89119623      10.7269711      452.587172     0.243925695    0.0688372184
          wgpu 1d 111g 238c x3w 3ms | egraph 23g->92v+0snap 7ms | graft 33 (-82n, 0 snap) cpu 0 | f64 20 | gen 0.1s | dropped inexpr 1 oversz 0 unbuild 0 {}
 325     0     100               0       25.127066      65.1638438      57.9128757      482.349555     0.622145096     0.650931652
 325     1      50               0      9.85161995      6.89119623      10.7269711      452.587172     0.243925695    0.0688372184
          wgpu 1d 133g 243c x3w 3ms | egraph 25g->97v+0snap 5ms | graft 51 (-115n, 0 snap) cpu 0 | f64 20 | gen 0.2s | dropped inexpr 2 oversz 0 unbuild 0 {}
 326     0     100               0       25.127066      65.1638438      57.9128757      482.349555     0.622145096     0.650931652
 326     1      50               0      9.85161995      6.89119623      10.7269711      452.587172     0.243925695    0.0688372184
          wgpu 1d 122g 234c x3w 4ms | egraph 28g->88v+0snap 8ms | graft 34 (-77n, 0 snap) cpu 0 | f64 20 | gen 0.2s
 327     0     100               0       25.127066      65.1638438      57.9128757      482.349555     0.622145096     0.650931652
 327     1      50               0      9.85161995      6.89119623      10.7269711      452.587172     0.243925695    0.0688372184
          wgpu 1d 116g 226c x3w 3ms | egraph 27g->80v+0snap 6ms | graft 37 (-72n, 0 snap) cpu 0 | f64 20 | gen 0.2s
 328     0     100               0       25.127066      65.1638438      57.9128757      482.349555     0.622145096     0.650931652
 328     1      50               0      9.85161995      6.89119623      10.7269711      452.587172     0.243925695    0.0688372184
          wgpu 1d 105g 212c x3w 3ms | egraph 19g->66v+0snap 4ms | graft 28 (-59n, 0 snap) cpu 0 | f64 20 | gen 0.2s
 329     0     100               0       25.127066      65.1638438      57.9128757      482.349555     0.622145096     0.650931652
 329     1      50               0      9.85161995      6.89119623      10.7269711      452.587172     0.243925695    0.0688372184
          wgpu 1d 128g 233c x3w 3ms | egraph 15g->87v+0snap 5ms | graft 39 (-74n, 0 snap) cpu 0 | f64 20 | gen 0.1s | dropped inexpr 1 oversz 0 unbuild 0 {}
 330     0     100               0       25.127066      65.1638438      57.9128757      482.349555     0.622145096     0.650931652
 330     1      50               0      9.85161995      6.89119623      10.7269711      452.587172     0.243925695    0.0688372184
          wgpu 1d 134g 226c x3w 3ms | egraph 31g->80v+0snap 6ms | graft 42 (-86n, 0 snap) cpu 0 | f64 20 | gen 0.1s | dropped inexpr 1 oversz 0 unbuild 0 {}
--------- pump migration: intra (promote-2 + intake-reset) + cross ---------
 331     0     100               0       25.127066      65.1638438      57.9128757      482.349555     0.622145096     0.650931652
 331     1      50               0      9.85161995      6.89119623      10.7269711      452.587172     0.243925695    0.0688372184
          wgpu 2d 300g 340c x3w 7ms | egraph 96g->114v+0snap 17ms | graft 61 (-161n, 0 snap) cpu 0 | f64 30 | gen 0.1s | dropped inexpr 4 oversz 0 unbuild 0 {}
 332     0     100               0       25.127066      65.1638438      57.9128757      482.349555     0.622145096     0.650931652
 332     1      50               0       25.127066      65.1638438      57.9128757      482.349555     0.622145096     0.650931652
          wgpu 1d 134g 219c x3w 3ms | egraph 34g->73v+0snap 5ms | graft 40 (-99n, 0 snap) cpu 0 | f64 20 | gen 0.2s
 333     0     100               0       25.127066      65.1638438      57.9128757      482.349555     0.622145096     0.650931652
 333     1      50               0       25.127066      65.1638438      57.9128757      482.349555     0.622145096     0.650931652
          wgpu 1d 116g 204c x3w 3ms | egraph 18g->58v+0snap 4ms | graft 31 (-76n, 0 snap) cpu 0 | f64 20 | gen 0.1s
 334     0     100               0      9.85161995      6.89119623      10.7269711      452.587172     0.243925695    0.0688372184
 334     1      50               0       25.127066      65.1638438      57.9128757      482.349555     0.622145096     0.650931652
          wgpu 1d 125g 241c x3w 3ms | egraph 25g->95v+0snap 5ms | graft 39 (-98n, 0 snap) cpu 0 | f64 20 | gen 0.2s | dropped inexpr 1 oversz 0 unbuild 0 {}
 335     0     100               0      9.85161995      6.89119623      10.7269711      452.587172     0.243925695    0.0688372184
 335     1      50               0       25.127066      65.1638438      57.9128757      482.349555     0.622145096     0.650931652
          wgpu 1d 130g 270c x3w 3ms | egraph 24g->124v+0snap 5ms | graft 56 (-123n, 0 snap) cpu 0 | f64 20 | gen 0.2s
 336     0     100               0      9.85161995      6.89119623      10.7269711      452.587172     0.243925695    0.0688372184
 336     1      50               0       25.127066      65.1638438      57.9128757      482.349555     0.622145096     0.650931652
          wgpu 1d 149g 267c x3w 3ms | egraph 31g->121v+0snap 6ms | graft 52 (-115n, 0 snap) cpu 0 | f64 20 | gen 0.1s
 337     0     100               0      9.85161995      6.89119623      10.7269711      452.587172     0.243925695    0.0688372184
 337     1      50               0       25.127066      65.1638438      57.9128757      482.349555     0.622145096     0.650931652
          wgpu 1d 147g 273c x3w 3ms | egraph 29g->127v+0snap 4ms | graft 56 (-138n, 0 snap) cpu 0 | f64 20 | gen 0.1s
 338     0     100               0      9.85161995      6.89119623      10.7269711      452.587172     0.243925695    0.0688372184
 338     1      50               0       25.127066      65.1638438      57.9128757      482.349555     0.622145096     0.650931652
          wgpu 1d 135g 264c x3w 3ms | egraph 17g->118v+0snap 5ms | graft 42 (-100n, 0 snap) cpu 0 | f64 20 | gen 0.1s
 339     0     100               0      9.85161995      6.89119623      10.7269711      452.587172     0.243925695    0.0688372184
 339     1      50               0       25.127066      65.1638438      57.9128757      482.349555     0.622145096     0.650931652
          wgpu 1d 139g 249c x3w 3ms | egraph 27g->103v+0snap 7ms | graft 43 (-119n, 0 snap) cpu 0 | f64 20 | gen 0.2s | dropped inexpr 2 oversz 0 unbuild 0 {}
 340     0     100               0      9.85161995      6.89119623      10.7269711      452.587172     0.243925695    0.0688372184
 340     1      50               0       25.127066      65.1638438      57.9128757      482.349555     0.622145096     0.650931652
          wgpu 1d 126g 260c x3w 3ms | egraph 25g->114v+0snap 5ms | graft 52 (-118n, 0 snap) cpu 0 | f64 20 | gen 0.2s
--------- pump migration: intra (promote-2 + intake-reset) ---------
 341     0     100               0      9.85161995      6.89119623      10.7269711      452.587172     0.243925695    0.0688372184
 341     1      50               0      9.85161995      6.89119623      10.7269711      452.587172     0.243925695    0.0688372184
          wgpu 2d 293g 379c x3w 7ms | egraph 75g->153v+0snap 13ms | graft 77 (-187n, 0 snap) cpu 0 | f64 30 | gen 0.2s | dropped inexpr 2 oversz 0 unbuild 0 {}
 342     0     100               0      9.85161995      6.89119623      10.7269711      452.587172     0.243925695    0.0688372184
 342     1      50               0      9.85161995      6.89119623      10.7269711      452.587172     0.243925695    0.0688372184
          wgpu 1d 120g 284c x3w 3ms | egraph 24g->138v+0snap 5ms | graft 58 (-145n, 0 snap) cpu 0 | f64 20 | gen 0.3s
 343     0     100               0      9.85161995      6.89119623      10.7269711      452.587172     0.243925695    0.0688372184
 343     1      50               0      9.85161995      6.89119623      10.7269711      452.587172     0.243925695    0.0688372184
          wgpu 1d 116g 282c x3w 3ms | egraph 15g->136v+0snap 3ms | graft 54 (-133n, 0 snap) cpu 0 | f64 20 | gen 0.1s
 344     0     100               0      9.85161995      6.89119623      10.7269711      452.587172     0.243925695    0.0688372184
 344     1      50               0      9.85161995      6.89119623      10.7269711      452.587172     0.243925695    0.0688372184
          wgpu 1d 129g 286c x3w 3ms | egraph 27g->140v+0snap 5ms | graft 104 (-233n, 0 snap) cpu 0 | f64 20 | gen 0.1s
 345     0     100               0      9.85161995      6.89119623      10.7269711      452.587172     0.243925695    0.0688372184
 345     1      50               0      9.85161995      6.89119623      10.7269711      452.587172     0.243925695    0.0688372184
          wgpu 1d 114g 251c x3w 3ms | egraph 17g->105v+0snap 3ms | graft 44 (-98n, 0 snap) cpu 0 | f64 20 | gen 0.1s
 346     0     100               0      9.85161995      6.89119623      10.7269711      452.587172     0.243925695    0.0688372184
 346     1      50               0      9.85161995      6.89119623      10.7269711      452.587172     0.243925695    0.0688372184
          wgpu 1d 151g 291c x3w 3ms | egraph 25g->145v+0snap 5ms | graft 55 (-148n, 0 snap) cpu 0 | f64 20 | gen 0.1s | dropped inexpr 1 oversz 0 unbuild 0 {}
 347     0     100               0      9.85161995      6.89119623      10.7269711      452.587172     0.243925695    0.0688372184
 347     1      50               0      9.85161995      6.89119623      10.7269711      452.587172     0.243925695    0.0688372184
          wgpu 1d 116g 282c x3w 3ms | egraph 15g->136v+0snap 4ms | graft 97 (-222n, 0 snap) cpu 0 | f64 20 | gen 0.3s
 348     0     100               0      9.85161995      6.89119623      10.7269711      452.587172     0.243925695    0.0688372184
 348     1      50               0      9.85161995      6.89119623      10.7269711      452.587172     0.243925695    0.0688372184
          wgpu 1d 125g 279c x3w 3ms | egraph 20g->133v+0snap 4ms | graft 92 (-209n, 0 snap) cpu 0 | f64 20 | gen 0.1s | dropped inexpr 1 oversz 0 unbuild 0 {}
 349     0     100               0      9.85161995      6.89119623      10.7269711      452.587172     0.243925695    0.0688372184
 349     1      50               0      9.85161995      6.89119623      10.7269711      452.587172     0.243925695    0.0688372184
          wgpu 1d 120g 271c x3w 3ms | egraph 13g->125v+0snap 3ms | graft 50 (-121n, 0 snap) cpu 0 | f64 20 | gen 0.1s
 350     0     100               0      9.85161995      6.89119623      10.7269711      452.587172     0.243925695    0.0688372184
 350     1      50               0      9.85161995      6.89119623      10.7269711      452.587172     0.243925695    0.0688372184
          wgpu 1d 138g 295c x3w 3ms | egraph 20g->149v+0snap 4ms | graft 69 (-158n, 0 snap) cpu 0 | f64 20 | gen 0.1s | dropped inexpr 1 oversz 0 unbuild 0 {}
--------- pump migration: intra (promote-2 + intake-reset) ---------
 351     0     100               0      9.85161995      6.89119623      10.7269711      452.587172     0.243925695    0.0688372184
 351     1      50               0      9.85161995      6.89119623      10.7269711      452.587172     0.243925695    0.0688372184
          wgpu 2d 323g 400c x3w 7ms | egraph 89g->174v+0snap 16ms | graft 79 (-205n, 0 snap) cpu 0 | f64 30 | gen 0.2s
 352     0     100               0      9.85161995      6.89119623      10.7269711      452.587172     0.243925695    0.0688372184
 352     1      50               0      9.85161995      6.89119623      10.7269711      452.587172     0.243925695    0.0688372184
          wgpu 1d 119g 298c x3w 3ms | egraph 19g->152v+0snap 4ms | graft 57 (-136n, 0 snap) cpu 0 | f64 20 | gen 0.2s
 353     0     100               0      9.85161995      6.89119623      10.7269711      452.587172     0.243925695    0.0688372184
 353     1      50               0      9.85161995      6.89119623      10.7269711      452.587172     0.243925695    0.0688372184
          wgpu 1d 107g 280c x3w 3ms | egraph 8g->134v+0snap 2ms | graft 69 (-157n, 0 snap) cpu 0 | f64 20 | gen 0.1s
 354     0     100               0      9.85161995      6.89119623      10.7269711      452.587172     0.243925695    0.0688372184
 354     1      50               0      9.85161995      6.89119623      10.7269711      452.587172     0.243925695    0.0688372184
          wgpu 1d 131g 287c x3w 3ms | egraph 25g->141v+0snap 5ms | graft 45 (-100n, 0 snap) cpu 0 | f64 20 | gen 0.2s
 355     0     100               0      9.85161995      6.89119623      10.7269711      452.587172     0.243925695    0.0688372184
 355     1      50               0      9.85161995      6.89119623      10.7269711      452.587172     0.243925695    0.0688372184
          wgpu 1d 147g 297c x3w 3ms | egraph 18g->151v+0snap 4ms | graft 56 (-163n, 0 snap) cpu 0 | f64 20 | gen 0.2s
 356     0     100               0      9.85161995      6.89119623      10.7269711      452.587172     0.243925695    0.0688372184
 356     1      50               0      9.85161995      6.89119623      10.7269711      452.587172     0.243925695    0.0688372184
          wgpu 1d 123g 298c x3w 3ms | egraph 13g->152v+0snap 3ms | graft 63 (-145n, 0 snap) cpu 0 | f64 20 | gen 0.1s
 357     0     100               0      9.85161995      6.89119623      10.7269711      452.587172     0.243925695    0.0688372184
 357     1      50               0      9.85161995      6.89119623      10.7269711      452.587172     0.243925695    0.0688372184
          wgpu 1d 115g 287c x3w 3ms | egraph 9g->141v+0snap 3ms | graft 54 (-126n, 0 snap) cpu 0 | f64 20 | gen 0.2s
 358     0     100               0      9.85161995      6.89119623      10.7269711      452.587172     0.243925695    0.0688372184
 358     1      50               0      9.85161995      6.89119623      10.7269711      452.587172     0.243925695    0.0688372184
          wgpu 1d 146g 289c x3w 3ms | egraph 20g->143v+0snap 4ms | graft 63 (-137n, 0 snap) cpu 0 | f64 20 | gen 0.1s | dropped inexpr 2 oversz 0 unbuild 0 {}
 359     0     100               0      9.85161995      6.89119623      10.7269711      452.587172     0.243925695    0.0688372184
 359     1      50               0      9.85161995      6.89119623      10.7269711      452.587172     0.243925695    0.0688372184
          wgpu 1d 129g 286c x3w 3ms | egraph 12g->140v+0snap 2ms | graft 53 (-130n, 0 snap) cpu 0 | f64 20 | gen 0.1s
 360     0     100               0      9.85161995      6.89119623      10.7269711      452.587172     0.243925695    0.0688372184
 360     1      50               0      9.85161995      6.89119623      10.7269711      452.587172     0.243925695    0.0688372184
          wgpu 1d 109g 277c x3w 3ms | egraph 10g->131v+0snap 2ms | graft 49 (-121n, 0 snap) cpu 0 | f64 20 | gen 0.1s | dropped inexpr 1 oversz 0 unbuild 0 {}
--------- pump migration: intra (promote-2 + intake-reset) + cross ---------
 361     0     100               0      9.85161995      6.89119623      10.7269711      452.587172     0.243925695    0.0688372184
 361     1      50               0      9.85161995      6.89119623      10.7269711      452.587172     0.243925695    0.0688372184
          wgpu 2d 306g 408c x3w 7ms | egraph 93g->182v+0snap 17ms | graft 71 (-171n, 0 snap) cpu 0 | f64 30 | gen 0.2s | dropped inexpr 1 oversz 0 unbuild 0 {}
 362     0     100               0      9.85161995      6.89119623      10.7269711      452.587172     0.243925695    0.0688372184
 362     1      50               0      9.85161995      6.89119623      10.7269711      452.587172     0.243925695    0.0688372184
          wgpu 1d 131g 282c x3w 3ms | egraph 16g->136v+0snap 4ms | graft 54 (-124n, 0 snap) cpu 0 | f64 20 | gen 0.1s | dropped inexpr 1 oversz 0 unbuild 0 {}
 363     0     100               0      9.85161995      6.89119623      10.7269711      452.587172     0.243925695    0.0688372184
 363     1      50               0      9.85161995      6.89119623      10.7269711      452.587172     0.243925695    0.0688372184
          wgpu 1d 105g 283c x3w 3ms | egraph 11g->137v+0snap 2ms | graft 66 (-137n, 0 snap) cpu 0 | f64 20 | gen 0.1s
 364     0     100               0      9.85161995      6.89119623      10.7269711      452.587172     0.243925695    0.0688372184
 364     1      50               0      9.85161995      6.89119623      10.7269711      452.587172     0.243925695    0.0688372184
          wgpu 1d 112g 261c x3w 3ms | egraph 12g->115v+0snap 3ms | graft 44 (-100n, 0 snap) cpu 0 | f64 20 | gen 0.2s
 365     0     100               0      9.85161995      6.89119623      10.7269711      452.587172     0.243925695    0.0688372184
 365     1      50               0      9.85161995      6.89119623      10.7269711      452.587172     0.243925695    0.0688372184
          wgpu 1d 120g 286c x3w 3ms | egraph 11g->140v+0snap 3ms | graft 57 (-138n, 0 snap) cpu 0 | f64 20 | gen 0.1s
 366     0     100               0      9.85161995      6.89119623      10.7269711      452.587172     0.243925695    0.0688372184
 366     1      50               0      9.85161995      6.89119623      10.7269711      452.587172     0.243925695    0.0688372184
          wgpu 1d 123g 282c x3w 3ms | egraph 18g->136v+0snap 4ms | graft 60 (-131n, 0 snap) cpu 0 | f64 20 | gen 0.1s
 367     0     100               0      9.85161995      6.89119623      10.7269711      452.587172     0.243925695    0.0688372184
 367     1      50               0      9.85161995      6.89119623      10.7269711      452.587172     0.243925695    0.0688372184
          wgpu 1d 145g 286c x3w 3ms | egraph 23g->140v+0snap 4ms | graft 54 (-121n, 0 snap) cpu 0 | f64 20 | gen 0.1s
 368     0     100               0      9.85161995      6.89119623      10.7269711      452.587172     0.243925695    0.0688372184
 368     1      50               0      9.85161995      6.89119623      10.7269711      452.587172     0.243925695    0.0688372184
          wgpu 1d 132g 289c x3w 3ms | egraph 27g->143v+0snap 5ms | graft 48 (-126n, 0 snap) cpu 0 | f64 20 | gen 0.1s | dropped inexpr 1 oversz 0 unbuild 0 {}
 369     0     100               0      9.85161995      6.89119623      10.7269711      452.587172     0.243925695    0.0688372184
 369     1      50               0      9.85161995      6.89119623      10.7269711      452.587172     0.243925695    0.0688372184
          wgpu 1d 123g 285c x3w 3ms | egraph 16g->139v+0snap 4ms | graft 45 (-120n, 0 snap) cpu 0 | f64 20 | gen 0.1s
 370     0     100               0      9.85161995      6.89119623      10.7269711      452.587172     0.243925695    0.0688372184
 370     1      50               0      9.85161995      6.89119623      10.7269711      452.587172     0.243925695    0.0688372184
          wgpu 1d 123g 279c x3w 3ms | egraph 16g->133v+0snap 4ms | graft 56 (-133n, 0 snap) cpu 0 | f64 20 | gen 0.1s
--------- pump migration: intra (promote-2 + intake-reset) ---------
 371     0     100               0      9.85161995      6.89119623      10.7269711      452.587172     0.243925695    0.0688372184
 371     1      50               0      9.85161995      6.89119623      10.7269711      452.587172     0.243925695    0.0688372184
          wgpu 2d 313g 405c x3w 7ms | egraph 87g->179v+0snap 17ms | graft 73 (-194n, 0 snap) cpu 0 | f64 30 | gen 0.2s | dropped inexpr 3 oversz 0 unbuild 0 {}
 372     0     100               0      9.85161995      6.89119623      10.7269711      452.587172     0.243925695    0.0688372184
 372     1      50               0      9.85161995      6.89119623      10.7269711      452.587172     0.243925695    0.0688372184
          wgpu 1d 151g 302c x3w 4ms | egraph 31g->156v+0snap 6ms | graft 56 (-145n, 0 snap) cpu 0 | f64 20 | gen 0.4s | dropped inexpr 1 oversz 0 unbuild 0 {}
 373     0     100               0      9.85161995      6.89119623      10.7269711      452.587172     0.243925695    0.0688372184
 373     1      50               0      9.85161995      6.89119623      10.7269711      452.587172     0.243925695    0.0688372184
          wgpu 1d 133g 286c x3w 4ms | egraph 17g->140v+0snap 3ms | graft 54 (-147n, 0 snap) cpu 0 | f64 20 | gen 0.2s | dropped inexpr 1 oversz 0 unbuild 0 {}
 374     0     100               0      9.85161995      6.89119623      10.7269711      452.587172     0.243925695    0.0688372184
 374     1      50               0      9.85161995      6.89119623      10.7269711      452.587172     0.243925695    0.0688372184
          wgpu 1d 144g 287c x3w 3ms | egraph 20g->141v+0snap 4ms | graft 54 (-142n, 0 snap) cpu 0 | f64 20 | gen 0.2s
 375     0     100               0      9.85161995      6.89119623      10.7269711      452.587172     0.243925695    0.0688372184
 375     1      50               0      9.85161995      6.89119623      10.7269711      452.587172     0.243925695    0.0688372184
          wgpu 1d 124g 277c x3w 4ms | egraph 16g->131v+0snap 4ms | graft 68 (-142n, 0 snap) cpu 0 | f64 20 | gen 0.1s | dropped inexpr 1 oversz 0 unbuild 0 {}
 376     0     100               0      9.85161995      6.89119623      10.7269711      452.587172     0.243925695    0.0688372184
 376     1      50               0      9.85161995      6.89119623      10.7269711      452.587172     0.243925695    0.0688372184
          wgpu 1d 142g 269c x3w 3ms | egraph 17g->123v+0snap 3ms | graft 50 (-113n, 0 snap) cpu 0 | f64 20 | gen 0.1s
 377     0     100               0      9.85161995      6.89119623      10.7269711      452.587172     0.243925695    0.0688372184
 377     1      50               0      9.85161995      6.89119623      10.7269711      452.587172     0.243925695    0.0688372184
          wgpu 1d 121g 279c x3w 3ms | egraph 17g->133v+0snap 5ms | graft 78 (-192n, 0 snap) cpu 0 | f64 20 | gen 0.1s
 378     0     100               0      9.85161995      6.89119623      10.7269711      452.587172     0.243925695    0.0688372184
 378     1      50               0      9.85161995      6.89119623      10.7269711      452.587172     0.243925695    0.0688372184
          wgpu 1d 120g 277c x3w 3ms | egraph 12g->131v+0snap 4ms | graft 67 (-152n, 0 snap) cpu 0 | f64 20 | gen 0.1s
 379     0     100               0      9.85161995      6.89119623      10.7269711      452.587172     0.243925695    0.0688372184
 379     1      50               0      9.85161995      6.89119623      10.7269711      452.587172     0.243925695    0.0688372184
          wgpu 1d 125g 276c x3w 3ms | egraph 16g->130v+0snap 4ms | graft 49 (-118n, 0 snap) cpu 0 | f64 20 | gen 0.3s
 380     0     100               0      9.85161995      6.89119623      10.7269711      452.587172     0.243925695    0.0688372184
 380     1      50               0      9.85161995      6.89119623      10.7269711      452.587172     0.243925695    0.0688372184
          wgpu 1d 145g 291c x3w 4ms | egraph 16g->145v+0snap 5ms | graft 61 (-151n, 0 snap) cpu 0 | f64 20 | gen 0.2s
--------- pump migration: intra (promote-2 + intake-reset) ---------
 381     0     100               0      9.85161995      6.89119623      10.7269711      452.587172     0.243925695    0.0688372184
 381     1      50               0      9.85161995      6.89119623      10.7269711      452.587172     0.243925695    0.0688372184
          wgpu 2d 318g 403c x3w 7ms | egraph 87g->177v+0snap 21ms | graft 83 (-229n, 0 snap) cpu 0 | f64 30 | gen 0.3s
 382     0     100               0      9.85161995      6.89119623      10.7269711      452.587172     0.243925695    0.0688372184
 382     1      50               0      9.85161995      6.89119623      10.7269711      452.587172     0.243925695    0.0688372184
          wgpu 1d 117g 287c x3w 3ms | egraph 11g->141v+0snap 3ms | graft 61 (-145n, 0 snap) cpu 0 | f64 20 | gen 0.1s
 383     0     100               0      9.85161995      6.89119623      10.7269711      452.587172     0.243925695    0.0688372184
 383     1      50               0      9.85161995      6.89119623      10.7269711      452.587172     0.243925695    0.0688372184
          wgpu 1d 139g 284c x3w 3ms | egraph 19g->138v+0snap 6ms | graft 61 (-145n, 0 snap) cpu 0 | f64 20 | gen 0.1s | dropped inexpr 1 oversz 0 unbuild 0 {}
 384     0     100               0      9.85161995      6.89119623      10.7269711      452.587172     0.243925695    0.0688372184
 384     1      50               0      9.85161995      6.89119623      10.7269711      452.587172     0.243925695    0.0688372184
          wgpu 1d 118g 280c x3w 4ms | egraph 17g->134v+0snap 4ms | graft 63 (-149n, 0 snap) cpu 0 | f64 20 | gen 0.4s | dropped inexpr 1 oversz 0 unbuild 0 {}
 385     0     100               0      9.85161995      6.89119623      10.7269711      452.587172     0.243925695    0.0688372184
 385     1      50               0      9.85161995      6.89119623      10.7269711      452.587172     0.243925695    0.0688372184
          wgpu 1d 118g 261c x3w 3ms | egraph 12g->115v+0snap 3ms | graft 41 (-106n, 0 snap) cpu 0 | f64 20 | gen 0.2s
 386     0     100               0      9.85161995      6.89119623      10.7269711      452.587172     0.243925695    0.0688372184
 386     1      50               0      9.85161995      6.89119623      10.7269711      452.587172     0.243925695    0.0688372184
          wgpu 1d 111g 290c x3w 3ms | egraph 13g->144v+0snap 3ms | graft 74 (-171n, 0 snap) cpu 0 | f64 20 | gen 0.1s | dropped inexpr 1 oversz 0 unbuild 0 {}
 387     0     100               0      9.85161995      6.89119623      10.7269711      452.587172     0.243925695    0.0688372184
 387     1      50               0      9.85161995      6.89119623      10.7269711      452.587172     0.243925695    0.0688372184
          wgpu 1d 127g 284c x3w 4ms | egraph 17g->138v+0snap 4ms | graft 61 (-147n, 0 snap) cpu 0 | f64 20 | gen 0.1s
 388     0     100               0      9.85161995      6.89119623      10.7269711      452.587172     0.243925695    0.0688372184
 388     1      50               0      9.85161995      6.89119623      10.7269711      452.587172     0.243925695    0.0688372184
          wgpu 1d 125g 256c x3w 3ms | egraph 20g->110v+0snap 4ms | graft 45 (-117n, 0 snap) cpu 0 | f64 20 | gen 0.1s
 389     0     100               0      9.85161995      6.89119623      10.7269711      452.587172     0.243925695    0.0688372184
 389     1      50               0      9.85161995      6.89119623      10.7269711      452.587172     0.243925695    0.0688372184
          wgpu 1d 110g 272c x3w 3ms | egraph 18g->126v+0snap 5ms | graft 84 (-184n, 0 snap) cpu 0 | f64 20 | gen 0.3s
 390     0     100               0      9.85161995      6.89119623      10.7269711      452.587172     0.243925695    0.0688372184
 390     1      50               0      9.85161995      6.89119623      10.7269711      452.587172     0.243925695    0.0688372184
          wgpu 1d 131g 263c x3w 3ms | egraph 13g->117v+0snap 3ms | graft 46 (-119n, 0 snap) cpu 0 | f64 20 | gen 0.1s
--------- pump migration: intra (promote-2 + intake-reset) + cross ---------
 391     0     100               0      9.85161995      6.89119623      10.7269711      452.587172     0.243925695    0.0688372184
 391     1      50               0      9.85161995      6.89119623      10.7269711      452.587172     0.243925695    0.0688372184
          wgpu 2d 335g 423c x3w 7ms | egraph 97g->197v+0snap 16ms | graft 90 (-245n, 0 snap) cpu 0 | f64 30 | gen 0.2s | dropped inexpr 2 oversz 0 unbuild 0 {}
--------- pump migration: cross-class ---------
 392     0     100               0      9.85161995      6.89119623      10.7269711      452.587172     0.243925695    0.0688372184
 392     1      50               0      9.85161995      6.89119623      10.7269711      452.587172     0.243925695    0.0688372184
          wgpu 2d 330g 431c x3w 7ms | egraph 98g->205v+0snap 26ms | graft 105 (-249n, 0 snap) cpu 0 | f64 30 | gen 0.3s | dropped inexpr 1 oversz 0 unbuild 0 {}
--------- pump migration: cross-class ---------
 393     0     100               0      9.85161995      6.89119623      10.7269711      452.587172     0.243925695    0.0688372184
 393     1      50               0      9.85161995      6.89119623      10.7269711      452.587172     0.243925695    0.0688372184
          wgpu 2d 312g 426c x3w 7ms | egraph 89g->200v+0snap 16ms | graft 79 (-200n, 0 snap) cpu 0 | f64 30 | gen 0.1s | dropped inexpr 4 oversz 0 unbuild 0 {}
--------- pump migration: cross-class ---------
 394     0     100               0      22.8543923      49.7430689       48.537127      543.976098     0.565873789     0.496891161
 394     1      50               0      9.85161995      6.89119623      10.7269711      452.587172     0.243925695    0.0688372184
          wgpu 2d 312g 382c x3w 7ms | egraph 104g->156v+0snap 19ms | graft 76 (-195n, 0 snap) cpu 0 | f64 30 | gen 0.3s | dropped inexpr 3 oversz 0 unbuild 0 {}
--------- pump migration: cross-class ---------
 395     0     100               0      9.85161995      6.89119623      10.7269711      452.587172     0.243925695    0.0688372184
 395     1      50               0      9.85161995      6.89119623      10.7269711      452.587172     0.243925695    0.0688372184
          wgpu 2d 312g 420c x3w 7ms | egraph 78g->194v+0snap 16ms | graft 83 (-194n, 0 snap) cpu 0 | f64 30 | gen 0.1s | dropped inexpr 2 oversz 0 unbuild 0 {}
--------- pump migration: cross-class ---------
 396     0     100               0      9.85161995      6.89119623      10.7269711      452.587172     0.243925695    0.0688372184
 396     1      50               0      9.85161995      6.89119623      10.7269711      452.587172     0.243925695    0.0688372184
          wgpu 2d 307g 405c x3w 7ms | egraph 79g->179v+0snap 14ms | graft 76 (-196n, 0 snap) cpu 0 | f64 30 | gen 0.1s | dropped inexpr 1 oversz 0 unbuild 0 {}
--------- pump migration: cross-class ---------
 397     0     100               0      25.8333036      70.5200662      59.3054556      469.554508     0.639631509     0.704435781
 397     1      50               0      9.85161995      6.89119623      10.7269711      452.587172     0.243925695    0.0688372184
          wgpu 2d 271g 397c x3w 6ms | egraph 64g->171v+0snap 10ms | graft 83 (-226n, 0 snap) cpu 0 | f64 30 | gen 0.2s | dropped inexpr 3 oversz 0 unbuild 0 {}
--------- pump migration: cross-class ---------
 398     0     100               0      25.8333036      70.5200662      59.3054556      469.554508     0.639631509     0.704435781
 398     1      50               0      9.85161995      6.89119623      10.7269711      452.587172     0.243925695    0.0688372184
          wgpu 2d 385g 430c x3w 8ms | egraph 109g->204v+0snap 25ms | graft 100 (-276n, 0 snap) cpu 0 | f64 30 | gen 0.5s | dropped inexpr 4 oversz 0 unbuild 0 {}
--------- pump migration: cross-class ---------
 399     0     100               0      25.1372597      67.8753852      59.5464647      628.833403     0.622397491     0.678017656
 399     1      50               0      9.85161995      6.89119623      10.7269711      452.587172     0.243925695    0.0688372184
          wgpu 2d 436g 461c x3w 8ms | egraph 136g->235v+0snap 25ms | graft 96 (-323n, 0 snap) cpu 0 | f64 30 | gen 0.7s | dropped inexpr 3 oversz 0 unbuild 0 {}
--------- pump migration: cross-class ---------
 400     0     100               0      22.4111156      64.1821435      60.1382229       440.86996     0.554898279     0.641125296
 400     1      50               0      9.85161995      6.89119623      10.7269711      452.587172     0.243925695    0.0688372184
          wgpu 2d 373g 392c x3w 8ms | egraph 115g->166v+0snap 22ms | graft 95 (-246n, 0 snap) cpu 0 | f64 30 | gen 0.4s | dropped inexpr 2 oversz 0 unbuild 0 {}
--------- pump migration: intra (promote-2 + intake-reset) + cross ---------

This sub-run: 2026-09-19 04:55:48.575571 → 2026-09-19 04:57:03.467880
Now at generation 400 (HOF size: 30)
[join] 450 dispatches, 57,141 genes, 292,833 candidates scored in 1.48s GPU+host; e-graph 12,992 trees -> 35,141 variants + 0 snaps in 2.87s; 15,645 grafts (0 snap), 41,073 nodes removed; cpu-path individuals 0, f64-rejected 0
[join]   inexpressible:    235  no pset token for semantic id "pow" with arity 2
[join]   inexpressible:      9  no pset token for semantic id "sqrt" with arity 1
[join]   inexpressible:      3  no pset token for semantic id "div" with arity 2
  HFF-chosen LSM kept: a=24.1181, b=-11.5076
Chromosome wrapper: id=0  →  identity
hof[0] runtime val: mse=6.077e+01  R²=0.392952
Pre-snap expression (after sympify + LSM compose):
  -8.03935213773876*T + 8.03935213773876*Volt + 8.03935213773876*q + 8.03935213773876*sin(log(Abs(I_0))) - 11.5075969961063

Per-level snap results (before MSE scoring):
  strict      →  -8.03935213773876*T + 8.03935213773876*Volt + 8.03935213773876*q + 8.03935213773876*sin(log(Abs(I_0))) - 11.5075969961063
  default     →  -8.03935213773876*T + 8.03935213773876*Volt + 8.03935213773876*q + 8.03935213773876*sin(log(Abs(I_0))) - 11.5075969961063
  aggressive  →  -2.55463965424847*pi*T + 2.55463965424847*pi*Volt + 2.55463965424847*pi*q + 2.55463965424847*pi*sin(log(Abs(I_0))) - 11.5339239588268

Snap-level comparison (sorted by holdout MSE, lowest first)
------------------------------------------------------------------------------------------
  level       MSE            R²         expression                                        
------------------------------------------------------------------------------------------
★ strict      28.34          0.5370     -8.03935213773876*T + 8.03935213773876*Volt + 8.03
  default     28.34          0.5370     -8.03935213773876*T + 8.03935213773876*Volt + 8.03
  aggressive  28.42          0.5356     -2.55463965424847*pi*T + 2.55463965424847*pi*Volt 

Winning snap level: 'strict'  →  -8.03935213773876*T + 8.03935213773876*Volt + 8.03935213773876*q + 8.03935213773876*sin(log(Abs(I_0))) - 11.5075969961063

Canonical discovered expression: -8.03935213773876*T + 8.03935213773876*Volt + 8.03935213773876*q + 8.03935213773876*sin(log(Abs(I_0))) - 11.5075969961063
[38;2;0;50;255m
############################################################ [38;2;255;255;255m
[38;2;0;50;255m Equation Recovery: III_14_14 [38;2;255;255;255m
[38;2;0;50;255m Truth: I_0*(exp(q*Volt/(kb*T))-1) [38;2;255;255;255m
[38;2;0;50;255m [38;2;255;255;255m
[38;2;255;0;255m     Exact recovery     : False [38;2;255;255;255m
[38;2;255;0;255m     Numerical recovery : False (max rel_err 9.08e+01 on 10k samples) [38;2;255;255;255m
[38;2;255;0;255m     Discovered         : -8.03935213773876*T + 8.03935213773876*Volt + 8.03935213773876*q + 8.03935213773876*sin(log(Abs(I_0))) - 11.5075969961063 [38;2;255;255;255m
[38;2;255;0;255m     LSM (a, b)         : (24.1181, -11.5076) [38;2;255;255;255m
[38;2;0;50;255m
############################################################ [38;2;255;255;255m
In-range holdout : MSE=28.34  MAE=3.27  R²=0.5370
Extrapolation    : MSE=449.6  MAE=9.104  R²=0.2401

Top 10 HOF models (north_pole=truenorth) (★ = Pareto-optimal)
(deduped HOF: 5 unique chromosomes from 30 raw HOF entries)
 ----------------------------------------------------------------------------------------------------------------
       model     wrapper      length   train_mse     val_mse     max_err    train_r2      val_r2 angular_distance
 ----------------------------------------------------------------------------------------------------------------
★          28     log_abs          10     18.6354     45.0049     49.2345      0.5386      0.5504      0.0000
            0    identity           7     20.7332     60.7707     57.2366      0.4866      0.3930      0.8749
           27    identity           7     20.7332     60.7707     57.2366      0.4866      0.3930      0.8749
            6    identity           7     20.7332     60.7707     57.2366      0.4866      0.3930      0.8749
           29    identity          10     24.8320     69.8845     58.3987      0.3852      0.3019      1.5708

Pareto-optimal in top 5: 1    Pareto-optimal in full HOF: 1 / 5

Recovery sweep across 5/5 unique HOF chromosomes (capped):
  Structural / exact     : 0/5  (0.0%)
  Numerical (≤1e-6 err)  : 0/5  (0.0%)
{
    "date": "2026/09/19",
    "seed": "5",
    "task": "equation_recovery",
    "north_pole_method": "truenorth",
    "hff_include_val": true,
    "problem": "III_14_14",
    "truth_expr": "I_0*(exp(q*Volt/(kb*T))-1)",
    "final_terminal_inputs": [
        "I_0",
        "q",
        "Volt",
        "kb",
        "T"
    ],
    "wide_primitives": true,
    "head_length": "48",
    "n_genes": "3",
    "rnc_array_length": "10",
    "tournament size": "intake=8, champion=5",
    "population size": "150",
    "population per island": "intake=100, champion=50",
    "gpu_join": true,
    "eclass_k": 8,
    "number of elites": "2",
    "number of generations": "400",
    "number of islands": "2",
    "migration FREQ": "30",
    "wrapper_id": 0,
    "wrapper_name": "identity",
    "recovery_exact": false,
    "recovery_numerical": false,
    "recovery_max_rel_err": 90.77833630334314,
    "discovered_expr": "-8.03935213773876*T + 8.03935213773876*Volt + 8.03935213773876*q + 8.03935213773876*sin(log(Abs(I_0))) - 11.5075969961063",
    "holdout_mse": 28.336115808872602,
    "holdout_r2": 0.5370121488133597,
    "extrap_mse": 449.5609601380109,
    "extrap_r2": 0.24012968703110904,
    "hof_size": 5,
    "hof_exact_recoveries": 0,
    "hof_numerical_recoveries": 0
}
