/opt/anaconda3/lib/python3.12/site-packages/geppy/__init__.py:26: UserWarning: pkg_resources is deprecated as an API. See https://setuptools.pypa.io/en/latest/pkg_resources.html. The pkg_resources package is slated for removal as early as 2025-11-30. Refrain from using this package or pin to Setuptools<81.
  from pkg_resources import get_distribution, DistributionNotFound
hff library OK (test fitness: (0.1415394733244273,))
registry: ['circle_area', 'gravity', 'coulomb', 'pendulum', 'keplers3', 'ideal_gas', 'I_6_2a', 'I_6_2', 'I_6_2b', 'I_8_14', 'I_9_18', 'I_10_7', 'I_11_19', 'I_12_1', 'I_12_2', 'I_12_4', 'I_12_5', 'I_12_11', 'I_13_4', 'I_13_12', 'I_14_3', 'I_14_4', 'I_15_3x', 'I_15_3t', 'I_15_1', 'I_16_6', 'I_18_4', 'I_18_12', 'I_18_14', 'I_24_6', 'I_25_13', 'I_26_2', 'I_27_6', 'I_29_4', 'I_29_16', 'I_30_3', 'I_30_5', 'I_32_5', 'I_32_17', 'I_34_8', 'I_34_1', 'I_34_14', 'I_34_27', 'I_37_4', 'I_38_12', 'I_39_1', 'I_39_11', 'I_39_22', 'I_40_1', 'I_41_16', 'I_43_16', 'I_43_31', 'I_43_43', 'I_44_4', 'I_47_23', 'I_48_2', 'I_50_26', 'II_2_42', 'II_3_24', 'II_4_23', 'II_6_11', 'II_6_15a', 'II_6_15b', 'II_8_7', 'II_8_31', 'II_10_9', 'II_11_3', 'II_11_17', 'II_11_20', 'II_11_27', 'II_11_28', 'II_13_17', 'II_13_23', 'II_13_34', 'II_15_4', 'II_15_5', 'II_21_32', 'II_24_17', 'II_27_16', 'II_27_18', 'II_34_2a', 'II_34_2', 'II_34_11', 'II_34_29a', 'II_34_29b', 'II_35_18', 'II_35_21', 'II_36_38', 'II_37_1', 'II_38_3', 'II_38_14', 'III_4_32', 'III_4_33', 'III_7_38', 'III_8_54', 'III_9_52', 'III_10_19', 'III_12_43', 'III_13_18', 'III_14_14', 'III_15_12', 'III_15_14', 'III_15_27', 'III_17_37', 'III_19_51', 'III_21_20', 'test_1', 'test_2', 'test_3', 'test_4', 'test_5', 'test_6', 'test_7', 'test_8', 'test_9', 'test_10', 'test_11', 'test_12', 'test_13', 'test_14', 'test_15', 'test_16', 'test_17', 'test_18', 'test_19', 'test_20']
[feynman override] head_length=48 (keep n_genes=3, avgval linker)
Selected problem: II_8_7
  Description : Feynman I-III II.8.7: E_n = 3/5*q**2/(4*pi*epsilon*d)
  Variables   : ['q', 'epsilon', 'd']
  Train range : {'q': (1.0, 5.0), 'epsilon': (1.0, 5.0), 'd': (1.0, 5.0)}
  Extrap range: {'q': (1.0, 7.5), 'epsilon': (1.0, 7.5), 'd': (1.0, 7.5)}
  Truth       : 3/5*q**2/(4*pi*epsilon*d)
  ✓ cache hit  (data/equations/II_8_7, key=b3de9f58237664d2)
  train           (800, 4)  target range=[0.002466, 0.7572]
  val             (200, 4)  target range=[0.002489, 0.5876]
  holdout         (200, 4)  target range=[0.004265, 0.5578]
  extrapolation   (200, 4)  target range=[0.001311, 0.5886]
  saved figure → data/figures/II_8_7/eda_pairplot.png
Wide primitive set enabled: sin, cos, exp, log added.
[E22 rules] variable pattern tags: {'no_pattern'}
[E22/23 rules] static candidate count: 1
[E22/23 rules] allowed to take a fitness slot (exact): 0
  [sum_sq_all/sum_sq] a=-0.0008 b=1.1325e-01 1-R²_va=1.0367e+00
[fuller] denoise + snap IN THE JOIN (every gene, every generation, K=8); mutation operators: physics=0.2 concretize=0.05
Wrapper scope: per_island  (island → wrapper map: ['identity', 'identity'])
[wgpu] process pool disabled — Metal cannot survive fork(); the population is evaluated in one dispatch instead
Genes: head_length=48, n_genes=3, rnc_array_length=10
Population: (per-island, see below), elites: 2, generations: 400, migration FREQ: 30
  pump per-island sizes: intake=100 (tournsize=8), champion=50 (tournsize=5)
Initialising evolution at 2026-09-19 06:16:14.916566
 gen  deme   evals     min fitness          mse_tr          mse_va         max_err      mse_extrap  one_minus_r2_tr  one_minus_r2_va
   0     0     100     0.194506317   0.00306112475    0.0025235685     0.316539875   0.00970470247     0.320169745      0.39972245
   0     1      50    0.0018571054   0.00366400512   0.00270759728     0.299847185   0.00815424996     0.383226325      0.42887182
          wgpu 1d 323g 279c x3w 12ms | egraph 187g->129v+0snap 178ms | graft 0 (-0n, 0 snap) cpu 0 | f64 33 | gen 0.0s | dropped inexpr 2 oversz 0 unbuild 0 {}
Extending evolution: gen 1 → 400 (+400 generations)
   1     0     100               0  0.000548091538  0.000519951145      0.14275134   0.00208810279     0.057326095    0.0823580359
   1     1      50    0.0018571054   0.00366400512   0.00270759728     0.299847185   0.00815424996     0.383226325      0.42887182
          wgpu 1d 241g 336c x3w 7ms | egraph 91g->190v+0snap 37ms | graft 0 (-0n, 0 snap) cpu 0 | f64 29 | gen 0.6s | dropped inexpr 2 oversz 0 unbuild 0 {}
   2     0     100               0  0.000548091538  0.000519951145      0.14275134   0.00208810279     0.057326095    0.0823580359
   2     1      50    0.0018571054   0.00366400512   0.00270759728     0.299847185   0.00815424996     0.383226325      0.42887182
          wgpu 1d 220g 334c x3w 7ms | egraph 88g->188v+0snap 52ms | graft 0 (-0n, 0 snap) cpu 0 | f64 35 | gen 0.3s
   3     0     100               0  0.000548091538  0.000519951145      0.14275134   0.00208810279     0.057326095    0.0823580359
   3     1      50    0.0018571054   0.00366400512   0.00270759728     0.299847185   0.00815424996     0.383226325      0.42887182
          wgpu 1d 204g 336c x3w 19ms | egraph 77g->190v+0snap 44ms | graft 0 (-0n, 0 snap) cpu 0 | f64 36 | gen 0.5s
   4     0     100               0  0.000548091538  0.000519951145      0.14275134   0.00208810279     0.057326095    0.0823580359
   4     1      50    0.0018571054   0.00366400512   0.00270759728     0.299847185   0.00815424996     0.383226325      0.42887182
          wgpu 1d 174g 341c x3w 5ms | egraph 54g->195v+0snap 24ms | graft 0 (-0n, 0 snap) cpu 0 | f64 39 | gen 0.7s
   5     0     100               0  0.000548091538  0.000519951145      0.14275134   0.00208810279     0.057326095    0.0823580359
   5     1      50    0.0018571054   0.00366400512   0.00270759728     0.299847185   0.00815424996     0.383226325      0.42887182
          wgpu 1d 210g 349c x3w 19ms | egraph 70g->203v+0snap 28ms | graft 0 (-0n, 0 snap) cpu 0 | f64 20 | gen 0.9s
   6     0     100               0  0.000548091538  0.000519951145      0.14275134   0.00208810279     0.057326095    0.0823580359
   6     1      50    0.0018571054   0.00366400512   0.00270759728     0.299847185   0.00815424996     0.383226325      0.42887182
          wgpu 1d 232g 350c x3w 7ms | egraph 76g->204v+0snap 49ms | graft 0 (-0n, 0 snap) cpu 0 | f64 20 | gen 0.4s | dropped inexpr 1 oversz 0 unbuild 0 {}
   7     0     100               0  0.000548091538  0.000519951145      0.14275134   0.00208810279     0.057326095    0.0823580359
   7     1      50    0.0018571054   0.00366400512   0.00270759728     0.299847185   0.00815424996     0.383226325      0.42887182
          wgpu 1d 220g 354c x3w 22ms | egraph 66g->208v+0snap 32ms | graft 0 (-0n, 0 snap) cpu 0 | f64 20 | gen 0.3s | dropped inexpr 1 oversz 0 unbuild 0 {}
   8     0     100               0  0.000548091538  0.000519951145      0.14275134   0.00208810279     0.057326095    0.0823580359
   8     1      50    0.0018571054   0.00366400512   0.00270759728     0.299847185   0.00815424996     0.383226325      0.42887182
          wgpu 1d 246g 363c x3w 10ms | egraph 73g->217v+0snap 34ms | graft 0 (-0n, 0 snap) cpu 0 | f64 20 | gen 0.3s | dropped inexpr 1 oversz 0 unbuild 0 {}
   9     0     100               0  0.000548091538  0.000519951145      0.14275134   0.00208810279     0.057326095    0.0823580359
   9     1      50    0.0018571054   0.00366400512   0.00270759728     0.299847185   0.00815424996     0.383226325      0.42887182
          wgpu 1d 249g 367c x3w 9ms | egraph 72g->221v+0snap 35ms | graft 0 (-0n, 0 snap) cpu 0 | f64 20 | gen 0.5s | dropped inexpr 1 oversz 0 unbuild 0 {}
  10     0     100               0  0.000548091538  0.000519951145      0.14275134   0.00208810279     0.057326095    0.0823580359
  10     1      50    0.0018571054   0.00366400512   0.00270759728     0.299847185   0.00815424996     0.383226325      0.42887182
          wgpu 1d 224g 347c x3w 8ms | egraph 65g->201v+0snap 41ms | graft 0 (-0n, 0 snap) cpu 0 | f64 20 | gen 0.8s
--------- pump migration: intra (promote-2 + intake-reset) ---------
  11     0     100               0  0.000548091538  0.000519951145      0.14275134   0.00208810279     0.057326095    0.0823580359
  11     1      50               0  0.000548091538  0.000519951145      0.14275134   0.00208810279     0.057326095    0.0823580359
          wgpu 2d 367g 455c x3w 37ms | egraph 130g->229v+0snap 61ms | graft 0 (-0n, 0 snap) cpu 0 | f64 30 | gen 0.3s | dropped inexpr 3 oversz 0 unbuild 0 {}
  12     0     100               0  0.000548091538  0.000519951145      0.14275134   0.00208810279     0.057326095    0.0823580359
  12     1      50               0  0.000548091538  0.000519951145      0.14275134   0.00208810279     0.057326095    0.0823580359
          wgpu 1d 157g 289c x3w 13ms | egraph 41g->143v+0snap 36ms | graft 0 (-0n, 0 snap) cpu 0 | f64 28 | gen 0.2s | dropped inexpr 2 oversz 0 unbuild 0 {}
  13     0     100               0  0.000548091538  0.000519951145      0.14275134   0.00208810279     0.057326095    0.0823580359
  13     1      50               0  0.000548091538  0.000519951145      0.14275134   0.00208810279     0.057326095    0.0823580359
          wgpu 1d 151g 287c x3w 5ms | egraph 32g->141v+0snap 14ms | graft 0 (-0n, 0 snap) cpu 0 | f64 28 | gen 0.2s | dropped inexpr 1 oversz 0 unbuild 0 {}
  14     0     100               0  0.000548091538  0.000519951145      0.14275134   0.00208810279     0.057326095    0.0823580359
  14     1      50               0  0.000548091275  0.000519951209     0.142751371   0.00208809747    0.0573260675    0.0823580461
          wgpu 1d 149g 276c x3w 6ms | egraph 37g->130v+0snap 31ms | graft 0 (-0n, 0 snap) cpu 0 | f64 21 | gen 0.2s | dropped inexpr 1 oversz 0 unbuild 0 {}
  15     0     100               0  0.000548091538  0.000519951145      0.14275134   0.00208810279     0.057326095    0.0823580359
  15     1      50               0  0.000548091275  0.000519951209     0.142751371   0.00208809747    0.0573260675    0.0823580461
          wgpu 1d 150g 275c x3w 24ms | egraph 30g->129v+0snap 22ms | graft 0 (-0n, 0 snap) cpu 0 | f64 20 | gen 0.2s
  16     0     100               0  0.000548091538  0.000519951145      0.14275134   0.00208810279     0.057326095    0.0823580359
  16     1      50               0  0.000548091275  0.000519951209     0.142751371   0.00208809747    0.0573260675    0.0823580461
          wgpu 1d 168g 291c x3w 7ms | egraph 40g->145v+0snap 41ms | graft 0 (-0n, 0 snap) cpu 0 | f64 20 | gen 0.2s | dropped inexpr 1 oversz 0 unbuild 0 {}
  17     0     100               0  0.000548091538  0.000519951145      0.14275134   0.00208810279     0.057326095    0.0823580359
  17     1      50               0  0.000548091275  0.000519951209     0.142751371   0.00208809747    0.0573260675    0.0823580461
          wgpu 1d 155g 287c x3w 5ms | egraph 36g->141v+0snap 22ms | graft 0 (-0n, 0 snap) cpu 0 | f64 20 | gen 0.2s
  18     0     100               0  0.000548091538  0.000519951145      0.14275134   0.00208810279     0.057326095    0.0823580359
  18     1      50               0  0.000548091538  0.000519951145      0.14275134   0.00208810279     0.057326095    0.0823580359
          wgpu 1d 110g 263c x3w 19ms | egraph 23g->117v+0snap 10ms | graft 0 (-0n, 0 snap) cpu 0 | f64 20 | gen 0.2s
  19     0     100               0  0.000548091538  0.000519951145      0.14275134   0.00208810279     0.057326095    0.0823580359
  19     1      50               0  0.000548091538  0.000519951145      0.14275134   0.00208810279     0.057326095    0.0823580359
          wgpu 1d 128g 282c x3w 9ms | egraph 26g->136v+0snap 16ms | graft 0 (-0n, 0 snap) cpu 0 | f64 20 | gen 0.2s
  20     0     100               0  0.000548091538  0.000519951145      0.14275134   0.00208810279     0.057326095    0.0823580359
  20     1      50               0  0.000548091538  0.000519951145      0.14275134   0.00208810279     0.057326095    0.0823580359
          wgpu 1d 131g 271c x3w 49ms | egraph 25g->125v+0snap 46ms | graft 0 (-0n, 0 snap) cpu 0 | f64 20 | gen 0.3s
--------- pump migration: intra (promote-2 + intake-reset) ---------
  21     0     100               0  0.000548091538  0.000519951145      0.14275134   0.00208810279     0.057326095    0.0823580359
  21     1      50               0  0.000548091538  0.000519951145      0.14275134   0.00208810279     0.057326095    0.0823580359
          wgpu 2d 343g 425c x3w 45ms | egraph 109g->199v+0snap 72ms | graft 0 (-0n, 0 snap) cpu 0 | f64 30 | gen 0.3s | dropped inexpr 2 oversz 0 unbuild 0 {}
  22     0     100               0  0.000548091538  0.000519951145      0.14275134   0.00208810279     0.057326095    0.0823580359
  22     1      50               0  0.000548091538  0.000519951145      0.14275134   0.00208810279     0.057326095    0.0823580359
          wgpu 1d 137g 274c x3w 6ms | egraph 32g->128v+0snap 22ms | graft 0 (-0n, 0 snap) cpu 0 | f64 20 | gen 0.2s
  23     0     100               0  0.000548091538  0.000519951145      0.14275134   0.00208810279     0.057326095    0.0823580359
  23     1      50               0  0.000548091538  0.000519951145      0.14275134   0.00208810279     0.057326095    0.0823580359
          wgpu 1d 135g 257c x3w 5ms | egraph 28g->110v+0snap 26ms | graft 0 (-0n, 0 snap) cpu 0 | f64 20 | gen 0.2s | dropped inexpr 1 oversz 0 unbuild 0 {}
  24     0     100               0  0.000548091538  0.000519951145      0.14275134   0.00208810279     0.057326095    0.0823580359
  24     1      50               0  0.000548091538  0.000519951145      0.14275134   0.00208810279     0.057326095    0.0823580359
          wgpu 1d 122g 273c x3w 15ms | egraph 29g->127v+0snap 11ms | graft 0 (-0n, 0 snap) cpu 0 | f64 20 | gen 0.2s
  25     0     100               0  0.000548091538  0.000519951145      0.14275134   0.00208810279     0.057326095    0.0823580359
  25     1      50               0  0.000548091275  0.000519951209     0.142751371   0.00208809747    0.0573260675    0.0823580461
          wgpu 1d 138g 283c x3w 6ms | egraph 29g->137v+0snap 25ms | graft 0 (-0n, 0 snap) cpu 0 | f64 20 | gen 0.2s
  26     0     100               0  0.000548091538  0.000519951145      0.14275134   0.00208810279     0.057326095    0.0823580359
  26     1      50               0  0.000548091538  0.000519951145      0.14275134   0.00208810279     0.057326095    0.0823580359
          wgpu 1d 122g 270c x3w 6ms | egraph 24g->124v+0snap 9ms | graft 0 (-0n, 0 snap) cpu 0 | f64 20 | gen 0.2s
  27     0     100               0  0.000548091538  0.000519951145      0.14275134   0.00208810279     0.057326095    0.0823580359
  27     1      50               0  0.000548091275  0.000519951209     0.142751371   0.00208809747    0.0573260675    0.0823580461
          wgpu 1d 149g 282c x3w 7ms | egraph 38g->136v+0snap 19ms | graft 0 (-0n, 0 snap) cpu 0 | f64 20 | gen 0.2s
  28     0     100               0  0.000548091538  0.000519951145      0.14275134   0.00208810279     0.057326095    0.0823580359
  28     1      50               0  0.000548091275  0.000519951209     0.142751371   0.00208809747    0.0573260675    0.0823580461
          wgpu 1d 128g 278c x3w 5ms | egraph 26g->132v+0snap 14ms | graft 0 (-0n, 0 snap) cpu 0 | f64 20 | gen 0.2s | dropped inexpr 1 oversz 0 unbuild 0 {}
  29     0     100               0  0.000548091538  0.000519951145      0.14275134   0.00208810279     0.057326095    0.0823580359
  29     1      50               0  0.000548091538  0.000519951145      0.14275134   0.00208810279     0.057326095    0.0823580359
          wgpu 1d 128g 272c x3w 6ms | egraph 25g->126v+0snap 23ms | graft 0 (-0n, 0 snap) cpu 0 | f64 20 | gen 0.2s
  30     0     100               0  0.000548091538  0.000519951145      0.14275134   0.00208810279     0.057326095    0.0823580359
  30     1      50               0  0.000548091538  0.000519951145      0.14275134   0.00208810279     0.057326095    0.0823580359
          wgpu 1d 128g 277c x3w 6ms | egraph 29g->131v+0snap 24ms | graft 0 (-0n, 0 snap) cpu 0 | f64 20 | gen 0.2s
--------- pump migration: intra (promote-2 + intake-reset) ---------
  31     0     100               0  0.000548091538  0.000519951145      0.14275134   0.00208810279     0.057326095    0.0823580359
  31     1      50               0  0.000548091275  0.000519951209     0.142751371   0.00208809747    0.0573260675    0.0823580461
          wgpu 2d 336g 430c x3w 32ms | egraph 110g->204v+0snap 59ms | graft 0 (-0n, 0 snap) cpu 0 | f64 30 | gen 0.2s | dropped inexpr 2 oversz 0 unbuild 0 {}
  32     0     100               0  0.000548091538  0.000519951145      0.14275134   0.00208810279     0.057326095    0.0823580359
  32     1      50               0  0.000548091538  0.000519951145      0.14275134   0.00208810279     0.057326095    0.0823580359
          wgpu 1d 134g 275c x3w 5ms | egraph 27g->129v+0snap 39ms | graft 0 (-0n, 0 snap) cpu 0 | f64 20 | gen 0.3s | dropped inexpr 1 oversz 0 unbuild 0 {}
  33     0     100               0  0.000548091538  0.000519951145      0.14275134   0.00208810279     0.057326095    0.0823580359
  33     1      50               0  0.000548091538  0.000519951145      0.14275134   0.00208810279     0.057326095    0.0823580359
          wgpu 1d 134g 269c x3w 5ms | egraph 20g->123v+0snap 10ms | graft 0 (-0n, 0 snap) cpu 0 | f64 20 | gen 0.2s
  34     0     100               0  0.000548091538  0.000519951145      0.14275134   0.00208810279     0.057326095    0.0823580359
  34     1      50               0  0.000548091538  0.000519951145      0.14275134   0.00208810279     0.057326095    0.0823580359
          wgpu 1d 154g 287c x3w 6ms | egraph 30g->141v+0snap 14ms | graft 0 (-0n, 0 snap) cpu 0 | f64 20 | gen 0.2s | dropped inexpr 1 oversz 0 unbuild 0 {}
  35     0     100               0  0.000548091538  0.000519951145      0.14275134   0.00208810279     0.057326095    0.0823580359
  35     1      50               0  0.000548091538  0.000519951145      0.14275134   0.00208810279     0.057326095    0.0823580359
          wgpu 1d 148g 284c x3w 6ms | egraph 30g->138v+0snap 20ms | graft 0 (-0n, 0 snap) cpu 0 | f64 20 | gen 0.2s | dropped inexpr 1 oversz 0 unbuild 0 {}
  36     0     100               0  0.000548091538  0.000519951145      0.14275134   0.00208810279     0.057326095    0.0823580359
  36     1      50               0  0.000548091538  0.000519951145      0.14275134   0.00208810279     0.057326095    0.0823580359
          wgpu 1d 150g 272c x3w 5ms | egraph 33g->126v+0snap 36ms | graft 0 (-0n, 0 snap) cpu 0 | f64 20 | gen 0.2s
  37     0     100               0  0.000548091538  0.000519951145      0.14275134   0.00208810279     0.057326095    0.0823580359
  37     1      50               0  0.000548091538  0.000519951145      0.14275134   0.00208810279     0.057326095    0.0823580359
          wgpu 1d 161g 275c x3w 6ms | egraph 28g->129v+0snap 12ms | graft 0 (-0n, 0 snap) cpu 0 | f64 20 | gen 0.2s | dropped inexpr 1 oversz 0 unbuild 0 {}
  38     0     100               0  0.000548091538  0.000519951145      0.14275134   0.00208810279     0.057326095    0.0823580359
  38     1      50               0  0.000548091538  0.000519951145      0.14275134   0.00208810279     0.057326095    0.0823580359
          wgpu 1d 171g 300c x3w 7ms | egraph 29g->154v+0snap 12ms | graft 0 (-0n, 0 snap) cpu 0 | f64 20 | gen 0.2s | dropped inexpr 2 oversz 0 unbuild 0 {}
  39     0     100               0  0.000548091538  0.000519951145      0.14275134   0.00208810279     0.057326095    0.0823580359
  39     1      50               0  0.000548091538  0.000519951145      0.14275134   0.00208810279     0.057326095    0.0823580359
          wgpu 1d 157g 284c x3w 6ms | egraph 27g->138v+0snap 29ms | graft 0 (-0n, 0 snap) cpu 0 | f64 20 | gen 0.2s | dropped inexpr 2 oversz 0 unbuild 0 {}
  40     0     100               0  0.000548091538  0.000519951145      0.14275134   0.00208810279     0.057326095    0.0823580359
  40     1      50               0  0.000548091538  0.000519951145      0.14275134   0.00208810279     0.057326095    0.0823580359
          wgpu 1d 154g 285c x3w 5ms | egraph 27g->139v+0snap 19ms | graft 0 (-0n, 0 snap) cpu 0 | f64 20 | gen 0.2s | dropped inexpr 1 oversz 0 unbuild 0 {}
--------- pump migration: intra (promote-2 + intake-reset) ---------
  41     0     100               0  0.000548091538  0.000519951145      0.14275134   0.00208810279     0.057326095    0.0823580359
  41     1      50               0  0.000548091538  0.000519951145      0.14275134   0.00208810279     0.057326095    0.0823580359
          wgpu 2d 321g 429c x3w 10ms | egraph 95g->203v+0snap 56ms | graft 0 (-0n, 0 snap) cpu 0 | f64 30 | gen 0.2s | dropped inexpr 3 oversz 0 unbuild 0 {}
  42     0     100               0  0.000548091538  0.000519951145      0.14275134   0.00208810279     0.057326095    0.0823580359
  42     1      50               0  0.000548091538  0.000519951145      0.14275134   0.00208810279     0.057326095    0.0823580359
          wgpu 1d 134g 286c x3w 35ms | egraph 24g->140v+0snap 62ms | graft 0 (-0n, 0 snap) cpu 0 | f64 20 | gen 0.3s | dropped inexpr 1 oversz 0 unbuild 0 {}
  43     0     100               0  0.000548091538  0.000519951145      0.14275134   0.00208810279     0.057326095    0.0823580359
  43     1      50               0  0.000548091538  0.000519951145      0.14275134   0.00208810279     0.057326095    0.0823580359
          wgpu 1d 133g 278c x3w 5ms | egraph 20g->132v+0snap 12ms | graft 0 (-0n, 0 snap) cpu 0 | f64 20 | gen 0.2s
  44     0     100               0  0.000548091538  0.000519951145      0.14275134   0.00208810279     0.057326095    0.0823580359
  44     1      50               0  0.000548091538  0.000519951145      0.14275134   0.00208810279     0.057326095    0.0823580359
          wgpu 1d 129g 272c x3w 13ms | egraph 24g->126v+0snap 20ms | graft 0 (-0n, 0 snap) cpu 0 | f64 20 | gen 0.2s
  45     0     100               0  0.000548091538  0.000519951145      0.14275134   0.00208810279     0.057326095    0.0823580359
  45     1      50               0  0.000548091538  0.000519951145      0.14275134   0.00208810279     0.057326095    0.0823580359
          wgpu 1d 153g 282c x3w 5ms | egraph 26g->136v+0snap 11ms | graft 0 (-0n, 0 snap) cpu 0 | f64 20 | gen 0.2s
  46     0     100               0  0.000548091538  0.000519951145      0.14275134   0.00208810279     0.057326095    0.0823580359
  46     1      50               0  0.000548091538  0.000519951145      0.14275134   0.00208810279     0.057326095    0.0823580359
          wgpu 1d 161g 279c x3w 19ms | egraph 25g->133v+0snap 11ms | graft 0 (-0n, 0 snap) cpu 0 | f64 20 | gen 0.2s
  47     0     100               0  0.000548091538  0.000519951145      0.14275134   0.00208810279     0.057326095    0.0823580359
  47     1      50               0  0.000548091538  0.000519951145      0.14275134   0.00208810279     0.057326095    0.0823580359
          wgpu 1d 164g 293c x3w 6ms | egraph 24g->147v+0snap 26ms | graft 0 (-0n, 0 snap) cpu 0 | f64 20 | gen 0.2s | dropped inexpr 1 oversz 0 unbuild 0 {}
  48     0     100               0  0.000548091538  0.000519951145      0.14275134   0.00208810279     0.057326095    0.0823580359
  48     1      50               0  0.000548091538  0.000519951145      0.14275134   0.00208810279     0.057326095    0.0823580359
          wgpu 1d 124g 269c x3w 5ms | egraph 11g->123v+0snap 17ms | graft 0 (-0n, 0 snap) cpu 0 | f64 20 | gen 0.2s | dropped inexpr 1 oversz 0 unbuild 0 {}
  49     0     100               0  0.000548091538  0.000519951145      0.14275134   0.00208810279     0.057326095    0.0823580359
  49     1      50               0  0.000548091538  0.000519951145      0.14275134   0.00208810279     0.057326095    0.0823580359
          wgpu 1d 133g 276c x3w 5ms | egraph 19g->130v+0snap 24ms | graft 0 (-0n, 0 snap) cpu 0 | f64 20 | gen 0.2s | dropped inexpr 1 oversz 0 unbuild 0 {}
  50     0     100               0  0.000548091538  0.000519951145      0.14275134   0.00208810279     0.057326095    0.0823580359
  50     1      50               0  0.000548091538  0.000519951145      0.14275134   0.00208810279     0.057326095    0.0823580359
          wgpu 1d 150g 274c x3w 8ms | egraph 21g->128v+0snap 16ms | graft 0 (-0n, 0 snap) cpu 0 | f64 20 | gen 0.2s
--------- pump migration: intra (promote-2 + intake-reset) ---------
  51     0     100               0  0.000548091538  0.000519951145      0.14275134   0.00208810279     0.057326095    0.0823580359
  51     1      50               0  0.000548091538  0.000519951145      0.14275134   0.00208810279     0.057326095    0.0823580359
          wgpu 2d 267g 410c x3w 16ms | egraph 81g->184v+0snap 43ms | graft 0 (-0n, 0 snap) cpu 0 | f64 30 | gen 0.2s | dropped inexpr 2 oversz 0 unbuild 0 {}
  52     0     100               0  0.000548091538  0.000519951145      0.14275134   0.00208810279     0.057326095    0.0823580359
  52     1      50               0  0.000548091275  0.000519951209     0.142751371   0.00208809747    0.0573260675    0.0823580461
          wgpu 1d 147g 282c x3w 5ms | egraph 13g->136v+0snap 9ms | graft 0 (-0n, 0 snap) cpu 0 | f64 20 | gen 0.2s
  53     0     100               0  0.000548091538  0.000519951145      0.14275134   0.00208810279     0.057326095    0.0823580359
  53     1      50               0  0.000548091275  0.000519951209     0.142751371   0.00208809747    0.0573260675    0.0823580461
          wgpu 1d 125g 256c x3w 5ms | egraph 20g->110v+0snap 15ms | graft 0 (-0n, 0 snap) cpu 0 | f64 20 | gen 0.2s | dropped inexpr 1 oversz 0 unbuild 0 {}
  54     0     100               0  0.000548091538  0.000519951145      0.14275134   0.00208810279     0.057326095    0.0823580359
  54     1      50               0  0.000548091275  0.000519951209     0.142751371   0.00208809747    0.0573260675    0.0823580461
          wgpu 1d 122g 263c x3w 24ms | egraph 16g->117v+0snap 9ms | graft 0 (-0n, 0 snap) cpu 0 | f64 20 | gen 0.2s
  55     0     100               0  0.000548091538  0.000519951145      0.14275134   0.00208810279     0.057326095    0.0823580359
  55     1      50               0  0.000548091275  0.000519951209     0.142751371   0.00208809747    0.0573260675    0.0823580461
          wgpu 1d 121g 265c x3w 5ms | egraph 15g->119v+0snap 11ms | graft 0 (-0n, 0 snap) cpu 0 | f64 20 | gen 0.2s
  56     0     100               0  0.000548091538  0.000519951145      0.14275134   0.00208810279     0.057326095    0.0823580359
  56     1      50               0  0.000548091275  0.000519951209     0.142751371   0.00208809747    0.0573260675    0.0823580461
          wgpu 1d 159g 287c x3w 5ms | egraph 25g->141v+0snap 31ms | graft 0 (-0n, 0 snap) cpu 0 | f64 20 | gen 0.2s | dropped inexpr 1 oversz 0 unbuild 0 {}
  57     0     100               0  0.000548091538  0.000519951145      0.14275134   0.00208810279     0.057326095    0.0823580359
  57     1      50               0  0.000548091275  0.000519951209     0.142751371   0.00208809747    0.0573260675    0.0823580461
          wgpu 1d 133g 262c x3w 12ms | egraph 22g->116v+0snap 10ms | graft 0 (-0n, 0 snap) cpu 0 | f64 20 | gen 0.2s
  58     0     100               0  0.000548091538  0.000519951145      0.14275134   0.00208810279     0.057326095    0.0823580359
  58     1      50               0  0.000548091275  0.000519951209     0.142751371   0.00208809747    0.0573260675    0.0823580461
          wgpu 1d 133g 275c x3w 11ms | egraph 14g->129v+0snap 7ms | graft 0 (-0n, 0 snap) cpu 0 | f64 20 | gen 0.2s
  59     0     100               0  0.000548091538  0.000519951145      0.14275134   0.00208810279     0.057326095    0.0823580359
  59     1      50               0  0.000548091538  0.000519951145      0.14275134   0.00208810279     0.057326095    0.0823580359
          wgpu 1d 147g 282c x3w 12ms | egraph 19g->136v+0snap 11ms | graft 0 (-0n, 0 snap) cpu 0 | f64 20 | gen 0.2s
  60     0     100               0  0.000548091538  0.000519951145      0.14275134   0.00208810279     0.057326095    0.0823580359
  60     1      50               0  0.000548091538  0.000519951145      0.14275134   0.00208810279     0.057326095    0.0823580359
          wgpu 1d 131g 261c x3w 57ms | egraph 15g->115v+0snap 8ms | graft 0 (-0n, 0 snap) cpu 0 | f64 20 | gen 0.2s
--------- pump migration: intra (promote-2 + intake-reset) + cross ---------
  61     0     100               0  0.000548091538  0.000519951145      0.14275134   0.00208810279     0.057326095    0.0823580359
  61     1      50               0  0.000548091538  0.000519951145      0.14275134   0.00208810279     0.057326095    0.0823580359
          wgpu 2d 324g 431c x3w 35ms | egraph 108g->205v+0snap 61ms | graft 0 (-0n, 0 snap) cpu 0 | f64 30 | gen 0.2s | dropped inexpr 3 oversz 0 unbuild 0 {}
  62     0     100               0  0.000548091538  0.000519951145      0.14275134   0.00208810279     0.057326095    0.0823580359
  62     1      50               0  0.000548091538  0.000519951145      0.14275134   0.00208810279     0.057326095    0.0823580359
          wgpu 1d 125g 268c x3w 5ms | egraph 15g->122v+0snap 8ms | graft 0 (-0n, 0 snap) cpu 0 | f64 20 | gen 0.2s | dropped inexpr 2 oversz 0 unbuild 0 {}
  63     0     100               0  0.000548091538  0.000519951145      0.14275134   0.00208810279     0.057326095    0.0823580359
  63     1      50               0  0.000548091538  0.000519951145      0.14275134   0.00208810279     0.057326095    0.0823580359
          wgpu 1d 130g 274c x3w 5ms | egraph 27g->128v+0snap 18ms | graft 0 (-0n, 0 snap) cpu 0 | f64 20 | gen 0.2s | dropped inexpr 1 oversz 0 unbuild 0 {}
  64     0     100               0  0.000548091538  0.000519951145      0.14275134   0.00208810279     0.057326095    0.0823580359
  64     1      50               0  0.000548091538  0.000519951145      0.14275134   0.00208810279     0.057326095    0.0823580359
          wgpu 1d 127g 269c x3w 21ms | egraph 17g->123v+0snap 10ms | graft 0 (-0n, 0 snap) cpu 0 | f64 20 | gen 0.2s
  65     0     100               0  0.000548091538  0.000519951145      0.14275134   0.00208810279     0.057326095    0.0823580359
  65     1      50               0  0.000548091538  0.000519951145      0.14275134   0.00208810279     0.057326095    0.0823580359
          wgpu 1d 150g 275c x3w 5ms | egraph 23g->129v+0snap 21ms | graft 0 (-0n, 0 snap) cpu 0 | f64 20 | gen 0.2s
  66     0     100               0  0.000548091538  0.000519951145      0.14275134   0.00208810279     0.057326095    0.0823580359
  66     1      50               0  0.000548091538  0.000519951145      0.14275134   0.00208810279     0.057326095    0.0823580359
          wgpu 1d 147g 274c x3w 6ms | egraph 23g->128v+0snap 12ms | graft 0 (-0n, 0 snap) cpu 0 | f64 20 | gen 0.2s
  67     0     100               0  0.000548091538  0.000519951145      0.14275134   0.00208810279     0.057326095    0.0823580359
  67     1      50               0  0.000548091275  0.000519951209     0.142751371   0.00208809747    0.0573260675    0.0823580461
          wgpu 1d 118g 271c x3w 5ms | egraph 15g->125v+0snap 7ms | graft 0 (-0n, 0 snap) cpu 0 | f64 20 | gen 0.2s
  68     0     100               0  0.000548091538  0.000519951145      0.14275134   0.00208810279     0.057326095    0.0823580359
  68     1      50               0  0.000548091538  0.000519951145      0.14275134   0.00208810279     0.057326095    0.0823580359
          wgpu 1d 125g 280c x3w 7ms | egraph 28g->134v+0snap 12ms | graft 0 (-0n, 0 snap) cpu 0 | f64 20 | gen 0.4s | dropped inexpr 1 oversz 0 unbuild 0 {}
  69     0     100               0  0.000548091538  0.000519951145      0.14275134   0.00208810279     0.057326095    0.0823580359
  69     1      50               0  0.000548091538  0.000519951145      0.14275134   0.00208810279     0.057326095    0.0823580359
          wgpu 1d 132g 279c x3w 5ms | egraph 19g->133v+0snap 30ms | graft 0 (-0n, 0 snap) cpu 0 | f64 20 | gen 0.2s
  70     0     100               0  0.000548091538  0.000519951145      0.14275134   0.00208810279     0.057326095    0.0823580359
  70     1      50               0  0.000548091275  0.000519951209     0.142751371   0.00208809747    0.0573260675    0.0823580461
          wgpu 1d 152g 274c x3w 18ms | egraph 29g->128v+0snap 15ms | graft 0 (-0n, 0 snap) cpu 0 | f64 20 | gen 0.2s
--------- pump migration: intra (promote-2 + intake-reset) ---------
  71     0     100               0  0.000548091538  0.000519951145      0.14275134   0.00208810279     0.057326095    0.0823580359
  71     1      50               0  0.000548091538  0.000519951145      0.14275134   0.00208810279     0.057326095    0.0823580359
          wgpu 2d 366g 445c x3w 37ms | egraph 115g->219v+0snap 55ms | graft 0 (-0n, 0 snap) cpu 0 | f64 30 | gen 0.2s | dropped inexpr 6 oversz 0 unbuild 0 {}
  72     0     100               0  0.000548091538  0.000519951145      0.14275134   0.00208810279     0.057326095    0.0823580359
  72     1      50               0  0.000548091538  0.000519951145      0.14275134   0.00208810279     0.057326095    0.0823580359
          wgpu 1d 141g 288c x3w 17ms | egraph 18g->142v+0snap 19ms | graft 0 (-0n, 0 snap) cpu 0 | f64 20 | gen 0.2s
  73     0     100               0  0.000548091538  0.000519951145      0.14275134   0.00208810279     0.057326095    0.0823580359
  73     1      50               0  0.000548091538  0.000519951145      0.14275134   0.00208810279     0.057326095    0.0823580359
          wgpu 1d 137g 283c x3w 6ms | egraph 19g->137v+0snap 9ms | graft 0 (-0n, 0 snap) cpu 0 | f64 20 | gen 0.2s
  74     0     100               0  0.000548091538  0.000519951145      0.14275134   0.00208810279     0.057326095    0.0823580359
  74     1      50               0  0.000548091538  0.000519951145      0.14275134   0.00208810279     0.057326095    0.0823580359
          wgpu 1d 135g 263c x3w 5ms | egraph 16g->117v+0snap 8ms | graft 0 (-0n, 0 snap) cpu 0 | f64 20 | gen 0.2s
  75     0     100               0  0.000548091538  0.000519951145      0.14275134   0.00208810279     0.057326095    0.0823580359
  75     1      50               0  0.000548091538  0.000519951145      0.14275134   0.00208810279     0.057326095    0.0823580359
          wgpu 1d 137g 288c x3w 5ms | egraph 28g->142v+0snap 12ms | graft 0 (-0n, 0 snap) cpu 0 | f64 20 | gen 0.2s
  76     0     100               0  0.000548091538  0.000519951145      0.14275134   0.00208810279     0.057326095    0.0823580359
  76     1      50               0  0.000548091538  0.000519951145      0.14275134   0.00208810279     0.057326095    0.0823580359
          wgpu 1d 168g 301c x3w 5ms | egraph 18g->155v+0snap 75ms | graft 0 (-0n, 0 snap) cpu 0 | f64 20 | gen 0.3s | dropped inexpr 1 oversz 0 unbuild 0 {}
  77     0     100               0  0.000548091538  0.000519951145      0.14275134   0.00208810279     0.057326095    0.0823580359
  77     1      50               0  0.000548091538  0.000519951145      0.14275134   0.00208810279     0.057326095    0.0823580359
          wgpu 1d 121g 267c x3w 39ms | egraph 9g->121v+0snap 5ms | graft 0 (-0n, 0 snap) cpu 0 | f64 20 | gen 0.2s
  78     0     100               0  0.000548091538  0.000519951145      0.14275134   0.00208810279     0.057326095    0.0823580359
  78     1      50               0  0.000548091538  0.000519951145      0.14275134   0.00208810279     0.057326095    0.0823580359
          wgpu 1d 143g 266c x3w 6ms | egraph 14g->120v+0snap 9ms | graft 0 (-0n, 0 snap) cpu 0 | f64 20 | gen 0.2s
  79     0     100               0  0.000548091538  0.000519951145      0.14275134   0.00208810279     0.057326095    0.0823580359
  79     1      50               0  0.000548091538  0.000519951145      0.14275134   0.00208810279     0.057326095    0.0823580359
          wgpu 1d 142g 279c x3w 4ms | egraph 18g->133v+0snap 10ms | graft 0 (-0n, 0 snap) cpu 0 | f64 20 | gen 0.2s
  80     0     100               0  0.000548091538  0.000519951145      0.14275134   0.00208810279     0.057326095    0.0823580359
  80     1      50               0  0.000548091538  0.000519951145      0.14275134   0.00208810279     0.057326095    0.0823580359
          wgpu 1d 136g 272c x3w 5ms | egraph 15g->126v+0snap 7ms | graft 0 (-0n, 0 snap) cpu 0 | f64 20 | gen 0.2s
--------- pump migration: intra (promote-2 + intake-reset) ---------
  81     0     100               0  0.000548091538  0.000519951145      0.14275134   0.00208810279     0.057326095    0.0823580359
  81     1      50               0  0.000548091538  0.000519951145      0.14275134   0.00208810279     0.057326095    0.0823580359
          wgpu 2d 322g 409c x3w 24ms | egraph 104g->183v+0snap 73ms | graft 0 (-0n, 0 snap) cpu 0 | f64 30 | gen 0.3s | dropped inexpr 4 oversz 0 unbuild 0 {}
  82     0     100               0  0.000548091538  0.000519951145      0.14275134   0.00208810279     0.057326095    0.0823580359
  82     1      50               0  0.000548091538  0.000519951145      0.14275134   0.00208810279     0.057326095    0.0823580359
          wgpu 1d 171g 318c x3w 5ms | egraph 48g->172v+0snap 20ms | graft 0 (-0n, 0 snap) cpu 0 | f64 20 | gen 0.2s
  83     0     100               0  0.000548091538  0.000519951145      0.14275134   0.00208810279     0.057326095    0.0823580359
  83     1      50               0  0.000548091275  0.000519951209     0.142751371   0.00208809747    0.0573260675    0.0823580461
          wgpu 1d 138g 280c x3w 5ms | egraph 17g->134v+0snap 8ms | graft 0 (-0n, 0 snap) cpu 0 | f64 20 | gen 0.2s | dropped inexpr 1 oversz 0 unbuild 0 {}
  84     0     100               0  0.000548091538  0.000519951145      0.14275134   0.00208810279     0.057326095    0.0823580359
  84     1      50               0  0.000548091538  0.000519951145      0.14275134   0.00208810279     0.057326095    0.0823580359
          wgpu 1d 172g 298c x3w 10ms | egraph 36g->152v+0snap 14ms | graft 0 (-0n, 0 snap) cpu 0 | f64 20 | gen 0.2s
  85     0     100               0  0.000548091538  0.000519951145      0.14275134   0.00208810279     0.057326095    0.0823580359
  85     1      50               0  0.000548091275  0.000519951209     0.142751371   0.00208809747    0.0573260675    0.0823580461
          wgpu 1d 184g 298c x3w 6ms | egraph 37g->152v+0snap 26ms | graft 0 (-0n, 0 snap) cpu 0 | f64 20 | gen 0.2s
  86     0     100               0  0.000548091538  0.000519951145      0.14275134   0.00208810279     0.057326095    0.0823580359
  86     1      50               0  0.000548091275  0.000519951209     0.142751371   0.00208809747    0.0573260675    0.0823580461
          wgpu 1d 170g 327c x3w 6ms | egraph 26g->181v+0snap 14ms | graft 0 (-0n, 0 snap) cpu 0 | f64 20 | gen 0.2s
  87     0     100               0  0.000548091538  0.000519951145      0.14275134   0.00208810279     0.057326095    0.0823580359
  87     1      50               0  0.000548091275  0.000519951209     0.142751371   0.00208809747    0.0573260675    0.0823580461
          wgpu 1d 175g 358c x3w 10ms | egraph 28g->212v+0snap 12ms | graft 0 (-0n, 0 snap) cpu 0 | f64 20 | gen 0.2s
  88     0     100               0  0.000548091538  0.000519951145      0.14275134   0.00208810279     0.057326095    0.0823580359
  88     1      50               0  0.000548091275  0.000519951209     0.142751371   0.00208809747    0.0573260675    0.0823580461
          wgpu 1d 181g 369c x3w 7ms | egraph 27g->223v+0snap 41ms | graft 0 (-0n, 0 snap) cpu 0 | f64 20 | gen 0.3s
  89     0     100               0  0.000548091538  0.000519951145      0.14275134   0.00208810279     0.057326095    0.0823580359
  89     1      50               0  0.000548091275  0.000519951209     0.142751371   0.00208809747    0.0573260675    0.0823580461
          wgpu 1d 215g 418c x3w 9ms | egraph 50g->272v+0snap 32ms | graft 0 (-0n, 0 snap) cpu 0 | f64 20 | gen 0.3s | dropped inexpr 2 oversz 0 unbuild 0 {}
  90     0     100               0  0.000548091538  0.000519951145      0.14275134   0.00208810279     0.057326095    0.0823580359
  90     1      50               0  0.000548091275  0.000519951209     0.142751371   0.00208809747    0.0573260675    0.0823580461
          wgpu 1d 173g 324c x3w 16ms | egraph 33g->178v+0snap 34ms | graft 0 (-0n, 0 snap) cpu 0 | f64 20 | gen 0.3s
--------- pump migration: intra (promote-2 + intake-reset) + cross ---------
  91     0     100               0  0.000548091538  0.000519951145      0.14275134   0.00208810279     0.057326095    0.0823580359
  91     1      50               0  0.000548091275  0.000519951209     0.142751371   0.00208809747    0.0573260675    0.0823580461
          wgpu 2d 342g 423c x3w 10ms | egraph 99g->197v+0snap 54ms | graft 0 (-0n, 0 snap) cpu 0 | f64 30 | gen 0.2s
  92     0     100               0  0.000548091538  0.000519951145      0.14275134   0.00208810279     0.057326095    0.0823580359
  92     1      50               0  0.000548091275  0.000519951209     0.142751371   0.00208809747    0.0573260675    0.0823580461
          wgpu 1d 186g 341c x3w 6ms | egraph 41g->195v+0snap 35ms | graft 0 (-0n, 0 snap) cpu 0 | f64 20 | gen 0.2s
  93     0     100               0  0.000548091538  0.000519951145      0.14275134   0.00208810279     0.057326095    0.0823580359
  93     1      50               0  0.000548091275  0.000519951209     0.142751371   0.00208809747    0.0573260675    0.0823580461
          wgpu 1d 177g 304c x3w 5ms | egraph 27g->158v+0snap 38ms | graft 0 (-0n, 0 snap) cpu 0 | f64 20 | gen 0.2s
  94     0     100               0  0.000548091538  0.000519951145      0.14275134   0.00208810279     0.057326095    0.0823580359
  94     1      50               0  0.000548091275  0.000519951209     0.142751371   0.00208809747    0.0573260675    0.0823580461
          wgpu 1d 125g 283c x3w 7ms | egraph 12g->137v+0snap 7ms | graft 0 (-0n, 0 snap) cpu 0 | f64 20 | gen 0.2s
  95     0     100               0  0.000548091538  0.000519951145      0.14275134   0.00208810279     0.057326095    0.0823580359
  95     1      50               0  0.000548091275  0.000519951209     0.142751371   0.00208809747    0.0573260675    0.0823580461
          wgpu 1d 142g 290c x3w 7ms | egraph 14g->144v+0snap 18ms | graft 0 (-0n, 0 snap) cpu 0 | f64 20 | gen 0.2s
  96     0     100               0  0.000548091538  0.000519951145      0.14275134   0.00208810279     0.057326095    0.0823580359
  96     1      50               0  0.000548091275  0.000519951209     0.142751371   0.00208809747    0.0573260675    0.0823580461
          wgpu 1d 126g 269c x3w 5ms | egraph 16g->123v+0snap 8ms | graft 0 (-0n, 0 snap) cpu 0 | f64 20 | gen 0.2s
  97     0     100               0  0.000548091538  0.000519951145      0.14275134   0.00208810279     0.057326095    0.0823580359
  97     1      50               0  0.000548091275  0.000519951209     0.142751371   0.00208809747    0.0573260675    0.0823580461
          wgpu 1d 143g 264c x3w 5ms | egraph 17g->118v+0snap 14ms | graft 0 (-0n, 0 snap) cpu 0 | f64 20 | gen 0.2s
  98     0     100               0  0.000548091538  0.000519951145      0.14275134   0.00208810279     0.057326095    0.0823580359
  98     1      50               0  0.000548091275  0.000519951209     0.142751371   0.00208809747    0.0573260675    0.0823580461
          wgpu 1d 127g 264c x3w 6ms | egraph 20g->118v+0snap 8ms | graft 0 (-0n, 0 snap) cpu 0 | f64 20 | gen 0.2s
  99     0     100               0  0.000548091275  0.000519951209     0.142751371   0.00208809747    0.0573260675    0.0823580461
  99     1      50               0  0.000548091275  0.000519951209     0.142751371   0.00208809747    0.0573260675    0.0823580461
          wgpu 1d 135g 252c x3w 5ms | egraph 17g->106v+0snap 9ms | graft 0 (-0n, 0 snap) cpu 0 | f64 20 | gen 0.2s
 100     0     100               0  0.000548091275  0.000519951209     0.142751371   0.00208809747    0.0573260675    0.0823580461
 100     1      50               0  0.000548091275  0.000519951209     0.142751371   0.00208809747    0.0573260675    0.0823580461
          wgpu 1d 123g 261c x3w 5ms | egraph 26g->115v+0snap 16ms | graft 0 (-0n, 0 snap) cpu 0 | f64 20 | gen 0.2s
--------- pump migration: intra (promote-2 + intake-reset) ---------
 101     0     100               0  0.000548091275  0.000519951209     0.142751371   0.00208809747    0.0573260675    0.0823580461
 101     1      50               0  0.000548091275  0.000519951209     0.142751371   0.00208809747    0.0573260675    0.0823580461
          wgpu 2d 324g 426c x3w 24ms | egraph 88g->200v+0snap 51ms | graft 0 (-0n, 0 snap) cpu 0 | f64 30 | gen 0.2s | dropped inexpr 3 oversz 0 unbuild 0 {}
 102     0     100               0  0.000548091275  0.000519951209     0.142751371   0.00208809747    0.0573260675    0.0823580461
 102     1      50               0  0.000548091275  0.000519951209     0.142751371   0.00208809747    0.0573260675    0.0823580461
          wgpu 1d 139g 277c x3w 5ms | egraph 19g->131v+0snap 9ms | graft 0 (-0n, 0 snap) cpu 0 | f64 20 | gen 0.2s
 103     0     100               0  0.000548091275  0.000519951209     0.142751371   0.00208809747    0.0573260675    0.0823580461
 103     1      50               0  0.000548091275  0.000519951209     0.142751371   0.00208809747    0.0573260675    0.0823580461
          wgpu 1d 129g 256c x3w 5ms | egraph 20g->110v+0snap 10ms | graft 0 (-0n, 0 snap) cpu 0 | f64 20 | gen 0.2s
 104     0     100               0  0.000548091275  0.000519951209     0.142751371   0.00208809747    0.0573260675    0.0823580461
 104     1      50               0  0.000548091275  0.000519951209     0.142751371   0.00208809747    0.0573260675    0.0823580461
          wgpu 1d 106g 238c x3w 4ms | egraph 22g->92v+0snap 10ms | graft 0 (-0n, 0 snap) cpu 0 | f64 20 | gen 0.2s
 105     0     100               0  0.000548091275  0.000519951209     0.142751371   0.00208809747    0.0573260675    0.0823580461
 105     1      50               0  0.000548091275  0.000519951209     0.142751371   0.00208809747    0.0573260675    0.0823580461
          wgpu 1d 145g 267c x3w 17ms | egraph 18g->121v+0snap 13ms | graft 0 (-0n, 0 snap) cpu 0 | f64 20 | gen 0.2s
 106     0     100               0  0.000548091275  0.000519951209     0.142751371   0.00208809747    0.0573260675    0.0823580461
 106     1      50               0  0.000548091275  0.000519951209     0.142751371   0.00208809747    0.0573260675    0.0823580461
          wgpu 1d 141g 271c x3w 14ms | egraph 16g->125v+0snap 8ms | graft 0 (-0n, 0 snap) cpu 0 | f64 20 | gen 0.2s
 107     0     100               0  0.000548091275  0.000519951209     0.142751371   0.00208809747    0.0573260675    0.0823580461
 107     1      50               0  0.000548091538  0.000519951145      0.14275134   0.00208810279     0.057326095    0.0823580359
          wgpu 1d 128g 266c x3w 5ms | egraph 16g->120v+0snap 10ms | graft 0 (-0n, 0 snap) cpu 0 | f64 20 | gen 0.2s
 108     0     100               0  0.000548091275  0.000519951209     0.142751371   0.00208809747    0.0573260675    0.0823580461
 108     1      50               0  0.000548091538  0.000519951145      0.14275134   0.00208810279     0.057326095    0.0823580359
          wgpu 1d 138g 281c x3w 16ms | egraph 19g->135v+0snap 48ms | graft 0 (-0n, 0 snap) cpu 0 | f64 20 | gen 0.2s
 109     0     100               0  0.000548091275  0.000519951209     0.142751371   0.00208809747    0.0573260675    0.0823580461
 109     1      50               0  0.000548091538  0.000519951145      0.14275134   0.00208810279     0.057326095    0.0823580359
          wgpu 1d 123g 265c x3w 16ms | egraph 13g->119v+0snap 7ms | graft 0 (-0n, 0 snap) cpu 0 | f64 20 | gen 0.2s | dropped inexpr 1 oversz 0 unbuild 0 {}
 110     0     100               0  0.000548091275  0.000519951209     0.142751371   0.00208809747    0.0573260675    0.0823580461
 110     1      50               0  0.000548091538  0.000519951145      0.14275134   0.00208810279     0.057326095    0.0823580359
          wgpu 1d 131g 267c x3w 5ms | egraph 14g->121v+0snap 8ms | graft 0 (-0n, 0 snap) cpu 0 | f64 20 | gen 0.2s | dropped inexpr 1 oversz 0 unbuild 0 {}
--------- pump migration: intra (promote-2 + intake-reset) ---------
 111     0     100               0  0.000548091275  0.000519951209     0.142751371   0.00208809747    0.0573260675    0.0823580461
 111     1      50               0  0.000548091275  0.000519951209     0.142751371   0.00208809747    0.0573260675    0.0823580461
          wgpu 2d 327g 408c x3w 20ms | egraph 92g->182v+0snap 47ms | graft 0 (-0n, 0 snap) cpu 0 | f64 30 | gen 0.2s | dropped inexpr 3 oversz 0 unbuild 0 {}
 112     0     100               0  0.000548091275  0.000519951209     0.142751371   0.00208809747    0.0573260675    0.0823580461
 112     1      50               0  0.000548091275  0.000519951209     0.142751371   0.00208809747    0.0573260675    0.0823580461
          wgpu 1d 149g 280c x3w 5ms | egraph 16g->134v+0snap 8ms | graft 0 (-0n, 0 snap) cpu 0 | f64 20 | gen 0.2s
 113     0     100               0  0.000548091275  0.000519951209     0.142751371   0.00208809747    0.0573260675    0.0823580461
 113     1      50               0  0.000548091275  0.000519951209     0.142751371   0.00208809747    0.0573260675    0.0823580461
          wgpu 1d 136g 280c x3w 5ms | egraph 13g->134v+0snap 7ms | graft 0 (-0n, 0 snap) cpu 0 | f64 20 | gen 0.3s
 114     0     100               0  0.000548091275  0.000519951209     0.142751371   0.00208809747    0.0573260675    0.0823580461
 114     1      50               0  0.000548091538  0.000519951145      0.14275134   0.00208810279     0.057326095    0.0823580359
          wgpu 1d 159g 279c x3w 5ms | egraph 25g->133v+0snap 10ms | graft 0 (-0n, 0 snap) cpu 0 | f64 20 | gen 0.2s
 115     0     100               0  0.000548091275  0.000519951209     0.142751371   0.00208809747    0.0573260675    0.0823580461
 115     1      50               0  0.000548091275  0.000519951209     0.142751371   0.00208809747    0.0573260675    0.0823580461
          wgpu 1d 166g 268c x3w 6ms | egraph 34g->122v+0snap 21ms | graft 0 (-0n, 0 snap) cpu 0 | f64 20 | gen 0.2s | dropped inexpr 1 oversz 0 unbuild 0 {}
 116     0     100               0  0.000548091275  0.000519951209     0.142751371   0.00208809747    0.0573260675    0.0823580461
 116     1      50               0  0.000548091538  0.000519951145      0.14275134   0.00208810279     0.057326095    0.0823580359
          wgpu 1d 149g 275c x3w 6ms | egraph 29g->129v+0snap 15ms | graft 0 (-0n, 0 snap) cpu 0 | f64 20 | gen 0.2s
 117     0     100               0  0.000548091275  0.000519951209     0.142751371   0.00208809747    0.0573260675    0.0823580461
 117     1      50               0  0.000548091538  0.000519951145      0.14275134   0.00208810279     0.057326095    0.0823580359
          wgpu 1d 135g 279c x3w 13ms | egraph 21g->133v+0snap 22ms | graft 0 (-0n, 0 snap) cpu 0 | f64 20 | gen 0.2s
 118     0     100               0  0.000548091275  0.000519951209     0.142751371   0.00208809747    0.0573260675    0.0823580461
 118     1      50               0  0.000548091538  0.000519951145      0.14275134   0.00208810279     0.057326095    0.0823580359
          wgpu 1d 143g 286c x3w 7ms | egraph 26g->140v+0snap 15ms | graft 0 (-0n, 0 snap) cpu 0 | f64 20 | gen 0.2s
 119     0     100               0  0.000548091275  0.000519951209     0.142751371   0.00208809747    0.0573260675    0.0823580461
 119     1      50               0  0.000548091538  0.000519951145      0.14275134   0.00208810279     0.057326095    0.0823580359
          wgpu 1d 172g 277c x3w 6ms | egraph 22g->131v+0snap 19ms | graft 0 (-0n, 0 snap) cpu 0 | f64 20 | gen 0.2s | dropped inexpr 3 oversz 0 unbuild 0 {}
 120     0     100               0  0.000548091275  0.000519951209     0.142751371   0.00208809747    0.0573260675    0.0823580461
 120     1      50               0  0.000548091538  0.000519951145      0.14275134   0.00208810279     0.057326095    0.0823580359
          wgpu 1d 151g 276c x3w 5ms | egraph 29g->130v+0snap 38ms | graft 0 (-0n, 0 snap) cpu 0 | f64 20 | gen 0.2s
--------- pump migration: intra (promote-2 + intake-reset) + cross ---------
 121     0     100               0  0.000548091275  0.000519951209     0.142751371   0.00208809747    0.0573260675    0.0823580461
 121     1      50               0  0.000548091538  0.000519951145      0.14275134   0.00208810279     0.057326095    0.0823580359
          wgpu 2d 341g 435c x3w 10ms | egraph 82g->209v+0snap 62ms | graft 0 (-0n, 0 snap) cpu 0 | f64 30 | gen 0.2s | dropped inexpr 4 oversz 0 unbuild 0 {}
 122     0     100               0  0.000548091275  0.000519951209     0.142751371   0.00208809747    0.0573260675    0.0823580461
 122     1      50               0  0.000548091275  0.000519951209     0.142751371   0.00208809747    0.0573260675    0.0823580461
          wgpu 1d 132g 275c x3w 31ms | egraph 14g->129v+0snap 8ms | graft 0 (-0n, 0 snap) cpu 0 | f64 20 | gen 0.2s
 123     0     100               0  0.000548091275  0.000519951209     0.142751371   0.00208809747    0.0573260675    0.0823580461
 123     1      50               0  0.000548091538  0.000519951145      0.14275134   0.00208810279     0.057326095    0.0823580359
          wgpu 1d 145g 273c x3w 6ms | egraph 21g->127v+0snap 72ms | graft 0 (-0n, 0 snap) cpu 0 | f64 20 | gen 0.3s
 124     0     100               0  0.000548091275  0.000519951209     0.142751371   0.00208809747    0.0573260675    0.0823580461
 124     1      50               0  0.000548091538  0.000519951145      0.14275134   0.00208810279     0.057326095    0.0823580359
          wgpu 1d 129g 265c x3w 5ms | egraph 19g->119v+0snap 10ms | graft 0 (-0n, 0 snap) cpu 0 | f64 20 | gen 0.2s
 125     0     100               0  0.000548091275  0.000519951209     0.142751371   0.00208809747    0.0573260675    0.0823580461
 125     1      50               0  0.000548091538  0.000519951145      0.14275134   0.00208810279     0.057326095    0.0823580359
          wgpu 1d 121g 266c x3w 5ms | egraph 15g->120v+0snap 9ms | graft 0 (-0n, 0 snap) cpu 0 | f64 20 | gen 0.3s
 126     0     100               0  0.000548091275  0.000519951209     0.142751371   0.00208809747    0.0573260675    0.0823580461
 126     1      50               0  0.000548091538  0.000519951145      0.14275134   0.00208810279     0.057326095    0.0823580359
          wgpu 1d 138g 280c x3w 5ms | egraph 24g->134v+0snap 11ms | graft 0 (-0n, 0 snap) cpu 0 | f64 20 | gen 0.2s | dropped inexpr 1 oversz 0 unbuild 0 {}
 127     0     100               0  0.000548091275  0.000519951209     0.142751371   0.00208809747    0.0573260675    0.0823580461
 127     1      50               0  0.000548091538  0.000519951145      0.14275134   0.00208810279     0.057326095    0.0823580359
          wgpu 1d 137g 280c x3w 6ms | egraph 16g->134v+0snap 9ms | graft 0 (-0n, 0 snap) cpu 0 | f64 20 | gen 0.2s
 128     0     100               0  0.000548091275  0.000519951209     0.142751371   0.00208809747    0.0573260675    0.0823580461
 128     1      50               0  0.000548091538  0.000519951145      0.14275134   0.00208810279     0.057326095    0.0823580359
          wgpu 1d 124g 273c x3w 6ms | egraph 12g->127v+0snap 13ms | graft 0 (-0n, 0 snap) cpu 0 | f64 20 | gen 0.2s | dropped inexpr 2 oversz 0 unbuild 0 {}
 129     0     100               0  0.000548091275  0.000519951209     0.142751371   0.00208809747    0.0573260675    0.0823580461
 129     1      50               0  0.000548091538  0.000519951145      0.14275134   0.00208810279     0.057326095    0.0823580359
          wgpu 1d 141g 279c x3w 5ms | egraph 14g->133v+0snap 12ms | graft 0 (-0n, 0 snap) cpu 0 | f64 20 | gen 0.2s
 130     0     100               0  0.000548091275  0.000519951209     0.142751371   0.00208809747    0.0573260675    0.0823580461
 130     1      50               0  0.000548091538  0.000519951145      0.14275134   0.00208810279     0.057326095    0.0823580359
          wgpu 1d 155g 284c x3w 22ms | egraph 18g->138v+0snap 25ms | graft 0 (-0n, 0 snap) cpu 0 | f64 20 | gen 0.2s | dropped inexpr 1 oversz 0 unbuild 0 {}
--------- pump migration: intra (promote-2 + intake-reset) ---------
 131     0     100               0  0.000548091275  0.000519951209     0.142751371   0.00208809747    0.0573260675    0.0823580461
 131     1      50               0  0.000548091538  0.000519951145      0.14275134   0.00208810279     0.057326095    0.0823580359
          wgpu 2d 333g 398c x3w 24ms | egraph 105g->172v+0snap 95ms | graft 0 (-0n, 0 snap) cpu 0 | f64 30 | gen 0.2s | dropped inexpr 4 oversz 0 unbuild 0 {}
 132     0     100               0  0.000548091275  0.000519951209     0.142751371   0.00208809747    0.0573260675    0.0823580461
 132     1      50               0  0.000548091538  0.000519951145      0.14275134   0.00208810279     0.057326095    0.0823580359
          wgpu 1d 157g 279c x3w 5ms | egraph 17g->133v+0snap 15ms | graft 0 (-0n, 0 snap) cpu 0 | f64 20 | gen 0.2s
 133     0     100               0  0.000548091275  0.000519951209     0.142751371   0.00208809747    0.0573260675    0.0823580461
 133     1      50               0  0.000548091538  0.000519951145      0.14275134   0.00208810279     0.057326095    0.0823580359
          wgpu 1d 148g 287c x3w 21ms | egraph 23g->141v+0snap 15ms | graft 0 (-0n, 0 snap) cpu 0 | f64 20 | gen 0.2s
 134     0     100               0  0.000548091275  0.000519951209     0.142751371   0.00208809747    0.0573260675    0.0823580461
 134     1      50               0  0.000548091538  0.000519951145      0.14275134   0.00208810279     0.057326095    0.0823580359
          wgpu 1d 155g 282c x3w 6ms | egraph 27g->136v+0snap 13ms | graft 0 (-0n, 0 snap) cpu 0 | f64 20 | gen 0.2s
 135     0     100               0  0.000548091275  0.000519951209     0.142751371   0.00208809747    0.0573260675    0.0823580461
 135     1      50               0  0.000548091538  0.000519951145      0.14275134   0.00208810279     0.057326095    0.0823580359
          wgpu 1d 139g 265c x3w 5ms | egraph 21g->119v+0snap 39ms | graft 0 (-0n, 0 snap) cpu 0 | f64 20 | gen 0.2s
 136     0     100               0  0.000548091275  0.000519951209     0.142751371   0.00208809747    0.0573260675    0.0823580461
 136     1      50               0  0.000548091538  0.000519951145      0.14275134   0.00208810279     0.057326095    0.0823580359
          wgpu 1d 155g 282c x3w 18ms | egraph 26g->136v+0snap 11ms | graft 0 (-0n, 0 snap) cpu 0 | f64 20 | gen 0.2s
 137     0     100               0  0.000548091275  0.000519951209     0.142751371   0.00208809747    0.0573260675    0.0823580461
 137     1      50               0  0.000548091538  0.000519951145      0.14275134   0.00208810279     0.057326095    0.0823580359
          wgpu 1d 171g 285c x3w 6ms | egraph 30g->139v+0snap 19ms | graft 0 (-0n, 0 snap) cpu 0 | f64 20 | gen 0.2s | dropped inexpr 1 oversz 0 unbuild 0 {}
 138     0     100               0  0.000548091275  0.000519951209     0.142751371   0.00208809747    0.0573260675    0.0823580461
 138     1      50               0  0.000548091538  0.000519951145      0.14275134   0.00208810279     0.057326095    0.0823580359
          wgpu 1d 161g 282c x3w 6ms | egraph 26g->136v+0snap 15ms | graft 0 (-0n, 0 snap) cpu 0 | f64 20 | gen 0.2s
 139     0     100               0  0.000548091275  0.000519951209     0.142751371   0.00208809747    0.0573260675    0.0823580461
 139     1      50               0  0.000548091538  0.000519951145      0.14275134   0.00208810279     0.057326095    0.0823580359
          wgpu 1d 140g 267c x3w 20ms | egraph 26g->121v+0snap 27ms | graft 0 (-0n, 0 snap) cpu 0 | f64 20 | gen 0.2s
 140     0     100               0  0.000548091275  0.000519951209     0.142751371   0.00208809747    0.0573260675    0.0823580461
 140     1      50               0  0.000548091538  0.000519951145      0.14275134   0.00208810279     0.057326095    0.0823580359
          wgpu 1d 155g 287c x3w 7ms | egraph 28g->141v+0snap 57ms | graft 0 (-0n, 0 snap) cpu 0 | f64 20 | gen 0.3s | dropped inexpr 1 oversz 0 unbuild 0 {}
--------- pump migration: intra (promote-2 + intake-reset) ---------
 141     0     100               0  0.000548091275  0.000519951209     0.142751371   0.00208809747    0.0573260675    0.0823580461
 141     1      50               0  0.000548091275  0.000519951209     0.142751371   0.00208809747    0.0573260675    0.0823580461
          wgpu 2d 343g 424c x3w 11ms | egraph 93g->198v+0snap 45ms | graft 0 (-0n, 0 snap) cpu 0 | f64 30 | gen 0.2s | dropped inexpr 1 oversz 0 unbuild 0 {}
 142     0     100               0  0.000548091275  0.000519951209     0.142751371   0.00208809747    0.0573260675    0.0823580461
 142     1      50               0  0.000548091538  0.000519951145      0.14275134   0.00208810279     0.057326095    0.0823580359
          wgpu 1d 143g 266c x3w 5ms | egraph 22g->120v+0snap 13ms | graft 0 (-0n, 0 snap) cpu 0 | f64 20 | gen 0.2s
 143     0     100               0  0.000548091275  0.000519951209     0.142751371   0.00208809747    0.0573260675    0.0823580461
 143     1      50               0  0.000548091538  0.000519951145      0.14275134   0.00208810279     0.057326095    0.0823580359
          wgpu 1d 155g 286c x3w 6ms | egraph 24g->140v+0snap 11ms | graft 0 (-0n, 0 snap) cpu 0 | f64 20 | gen 0.2s | dropped inexpr 3 oversz 0 unbuild 0 {}
 144     0     100               0  0.000548091275  0.000519951209     0.142751371   0.00208809747    0.0573260675    0.0823580461
 144     1      50               0  0.000548091275  0.000519951209     0.142751371   0.00208809747    0.0573260675    0.0823580461
          wgpu 1d 154g 283c x3w 10ms | egraph 29g->137v+0snap 14ms | graft 0 (-0n, 0 snap) cpu 0 | f64 20 | gen 0.2s | dropped inexpr 1 oversz 0 unbuild 0 {}
 145     0     100               0  0.000548091275  0.000519951209     0.142751371   0.00208809747    0.0573260675    0.0823580461
 145     1      50               0  0.000548091275  0.000519951209     0.142751371   0.00208809747    0.0573260675    0.0823580461
          wgpu 1d 137g 271c x3w 14ms | egraph 22g->125v+0snap 26ms | graft 0 (-0n, 0 snap) cpu 0 | f64 20 | gen 0.2s | dropped inexpr 2 oversz 0 unbuild 0 {}
 146     0     100               0  0.000548091275  0.000519951209     0.142751371   0.00208809747    0.0573260675    0.0823580461
 146     1      50               0  0.000548091275  0.000519951209     0.142751371   0.00208809747    0.0573260675    0.0823580461
          wgpu 1d 118g 280c x3w 6ms | egraph 20g->133v+0snap 11ms | graft 0 (-0n, 0 snap) cpu 0 | f64 20 | gen 0.2s
 147     0     100               0  0.000548091275  0.000519951209     0.142751371   0.00208809747    0.0573260675    0.0823580461
 147     1      50               0  0.000548091275  0.000519951209     0.142751371   0.00208809747    0.0573260675    0.0823580461
          wgpu 1d 131g 283c x3w 5ms | egraph 23g->137v+0snap 12ms | graft 0 (-0n, 0 snap) cpu 0 | f64 20 | gen 0.2s
 148     0     100               0  0.000548091275  0.000519951209     0.142751371   0.00208809747    0.0573260675    0.0823580461
 148     1      50               0  0.000548091275  0.000519951209     0.142751371   0.00208809747    0.0573260675    0.0823580461
          wgpu 1d 149g 288c x3w 8ms | egraph 14g->142v+0snap 7ms | graft 0 (-0n, 0 snap) cpu 0 | f64 20 | gen 0.2s
 149     0     100               0  0.000548091275  0.000519951209     0.142751371   0.00208809747    0.0573260675    0.0823580461
 149     1      50               0  0.000548091538  0.000519951145      0.14275134   0.00208810279     0.057326095    0.0823580359
          wgpu 1d 140g 266c x3w 5ms | egraph 17g->120v+0snap 10ms | graft 0 (-0n, 0 snap) cpu 0 | f64 20 | gen 0.2s
 150     0     100               0  0.000548091275  0.000519951209     0.142751371   0.00208809747    0.0573260675    0.0823580461
 150     1      50               0  0.000548091538  0.000519951145      0.14275134   0.00208810279     0.057326095    0.0823580359
          wgpu 1d 134g 272c x3w 8ms | egraph 17g->126v+0snap 8ms | graft 0 (-0n, 0 snap) cpu 0 | f64 20 | gen 0.3s
--------- pump migration: intra (promote-2 + intake-reset) + cross ---------
 151     0     100               0  0.000548091275  0.000519951209     0.142751371   0.00208809747    0.0573260675    0.0823580461
 151     1      50               0  0.000548091538  0.000519951145      0.14275134   0.00208810279     0.057326095    0.0823580359
          wgpu 2d 353g 442c x3w 24ms | egraph 96g->216v+0snap 52ms | graft 0 (-0n, 0 snap) cpu 0 | f64 30 | gen 0.2s | dropped inexpr 5 oversz 0 unbuild 0 {}
 152     0     100               0  0.000548091275  0.000519951209     0.142751371   0.00208809747    0.0573260675    0.0823580461
 152     1      50               0  0.000548091538  0.000519951145      0.14275134   0.00208810279     0.057326095    0.0823580359
          wgpu 1d 163g 268c x3w 6ms | egraph 21g->122v+0snap 11ms | graft 0 (-0n, 0 snap) cpu 0 | f64 20 | gen 0.2s | dropped inexpr 1 oversz 0 unbuild 0 {}
 153     0     100               0  0.000548091275  0.000519951209     0.142751371   0.00208809747    0.0573260675    0.0823580461
 153     1      50               0  0.000548091538  0.000519951145      0.14275134   0.00208810279     0.057326095    0.0823580359
          wgpu 1d 132g 284c x3w 7ms | egraph 12g->138v+0snap 7ms | graft 0 (-0n, 0 snap) cpu 0 | f64 20 | gen 0.2s
 154     0     100               0  0.000548091275  0.000519951209     0.142751371   0.00208809747    0.0573260675    0.0823580461
 154     1      50               0  0.000548091538  0.000519951145      0.14275134   0.00208810279     0.057326095    0.0823580359
          wgpu 1d 136g 268c x3w 5ms | egraph 17g->122v+0snap 9ms | graft 0 (-0n, 0 snap) cpu 0 | f64 20 | gen 0.2s
 155     0     100               0  0.000548091275  0.000519951209     0.142751371   0.00208809747    0.0573260675    0.0823580461
 155     1      50               0  0.000548091275  0.000519951209     0.142751371   0.00208809747    0.0573260675    0.0823580461
          wgpu 1d 135g 267c x3w 5ms | egraph 16g->121v+0snap 9ms | graft 0 (-0n, 0 snap) cpu 0 | f64 20 | gen 0.2s
 156     0     100               0  0.000548091275  0.000519951209     0.142751371   0.00208809747    0.0573260675    0.0823580461
 156     1      50               0  0.000548091275  0.000519951209     0.142751371   0.00208809747    0.0573260675    0.0823580461
          wgpu 1d 140g 281c x3w 6ms | egraph 17g->135v+0snap 19ms | graft 0 (-0n, 0 snap) cpu 0 | f64 20 | gen 0.2s
 157     0     100               0  0.000548091538  0.000519951145      0.14275134   0.00208810279     0.057326095    0.0823580359
 157     1      50               0  0.000548091275  0.000519951209     0.142751371   0.00208809747    0.0573260675    0.0823580461
          wgpu 1d 144g 277c x3w 9ms | egraph 21g->131v+0snap 10ms | graft 0 (-0n, 0 snap) cpu 0 | f64 20 | gen 0.2s | dropped inexpr 1 oversz 0 unbuild 0 {}
 158     0     100               0  0.000548091275  0.000519951209     0.142751371   0.00208809747    0.0573260675    0.0823580461
 158     1      50               0  0.000548091538  0.000519951145      0.14275134   0.00208810279     0.057326095    0.0823580359
          wgpu 1d 119g 264c x3w 25ms | egraph 8g->118v+0snap 29ms | graft 0 (-0n, 0 snap) cpu 0 | f64 20 | gen 0.2s
 159     0     100               0  0.000548091275  0.000519951209     0.142751371   0.00208809747    0.0573260675    0.0823580461
 159     1      50               0  0.000548091538  0.000519951145      0.14275134   0.00208810279     0.057326095    0.0823580359
          wgpu 1d 124g 277c x3w 10ms | egraph 14g->131v+0snap 19ms | graft 0 (-0n, 0 snap) cpu 0 | f64 20 | gen 0.2s
 160     0     100               0  0.000548091275  0.000519951209     0.142751371   0.00208809747    0.0573260675    0.0823580461
 160     1      50               0  0.000548091538  0.000519951145      0.14275134   0.00208810279     0.057326095    0.0823580359
          wgpu 1d 149g 279c x3w 6ms | egraph 13g->133v+0snap 9ms | graft 0 (-0n, 0 snap) cpu 0 | f64 20 | gen 0.2s
--------- pump migration: intra (promote-2 + intake-reset) ---------
 161     0     100               0  0.000548091275  0.000519951209     0.142751371   0.00208809747    0.0573260675    0.0823580461
 161     1      50               0  0.000548091275  0.000519951209     0.142751371   0.00208809747    0.0573260675    0.0823580461
          wgpu 2d 333g 423c x3w 10ms | egraph 89g->197v+0snap 42ms | graft 0 (-0n, 0 snap) cpu 0 | f64 30 | gen 0.2s | dropped inexpr 3 oversz 0 unbuild 0 {}
 162     0     100               0  0.000548091275  0.000519951209     0.142751371   0.00208809747    0.0573260675    0.0823580461
 162     1      50               0  0.000548091538  0.000519951145      0.14275134   0.00208810279     0.057326095    0.0823580359
          wgpu 1d 123g 275c x3w 6ms | egraph 17g->129v+0snap 7ms | graft 0 (-0n, 0 snap) cpu 0 | f64 20 | gen 0.2s | dropped inexpr 1 oversz 0 unbuild 0 {}
 163     0     100               0  0.000548091275  0.000519951209     0.142751371   0.00208809747    0.0573260675    0.0823580461
 163     1      50               0  0.000548091538  0.000519951145      0.14275134   0.00208810279     0.057326095    0.0823580359
          wgpu 1d 131g 267c x3w 5ms | egraph 19g->121v+0snap 11ms | graft 0 (-0n, 0 snap) cpu 0 | f64 20 | gen 0.2s
 164     0     100               0  0.000548091275  0.000519951209     0.142751371   0.00208809747    0.0573260675    0.0823580461
 164     1      50               0  0.000548091275  0.000519951209     0.142751371   0.00208809747    0.0573260675    0.0823580461
          wgpu 1d 146g 273c x3w 6ms | egraph 8g->127v+0snap 5ms | graft 0 (-0n, 0 snap) cpu 0 | f64 20 | gen 0.2s
 165     0     100               0  0.000548091275  0.000519951209     0.142751371   0.00208809747    0.0573260675    0.0823580461
 165     1      50               0  0.000548091275  0.000519951209     0.142751371   0.00208809747    0.0573260675    0.0823580461
          wgpu 1d 131g 278c x3w 6ms | egraph 13g->132v+0snap 18ms | graft 0 (-0n, 0 snap) cpu 0 | f64 20 | gen 0.2s
 166     0     100               0  0.000548091275  0.000519951209     0.142751371   0.00208809747    0.0573260675    0.0823580461
 166     1      50               0  0.000548091538  0.000519951145      0.14275134   0.00208810279     0.057326095    0.0823580359
          wgpu 1d 150g 288c x3w 20ms | egraph 24g->142v+0snap 23ms | graft 0 (-0n, 0 snap) cpu 0 | f64 20 | gen 0.2s | dropped inexpr 2 oversz 0 unbuild 0 {}
 167     0     100               0  0.000548091275  0.000519951209     0.142751371   0.00208809747    0.0573260675    0.0823580461
 167     1      50               0  0.000548091538  0.000519951145      0.14275134   0.00208810279     0.057326095    0.0823580359
          wgpu 1d 148g 277c x3w 23ms | egraph 26g->131v+0snap 12ms | graft 0 (-0n, 0 snap) cpu 0 | f64 20 | gen 0.3s
 168     0     100               0  0.000548091275  0.000519951209     0.142751371   0.00208809747    0.0573260675    0.0823580461
 168     1      50               0  0.000548091538  0.000519951145      0.14275134   0.00208810279     0.057326095    0.0823580359
          wgpu 1d 147g 275c x3w 6ms | egraph 26g->129v+0snap 13ms | graft 0 (-0n, 0 snap) cpu 0 | f64 20 | gen 0.3s
 169     0     100               0  0.000548091275  0.000519951209     0.142751371   0.00208809747    0.0573260675    0.0823580461
 169     1      50               0  0.000548091538  0.000519951145      0.14275134   0.00208810279     0.057326095    0.0823580359
          wgpu 1d 160g 288c x3w 5ms | egraph 23g->142v+0snap 17ms | graft 0 (-0n, 0 snap) cpu 0 | f64 20 | gen 0.2s
 170     0     100               0  0.000548091275  0.000519951209     0.142751371   0.00208809747    0.0573260675    0.0823580461
 170     1      50               0  0.000548091538  0.000519951145      0.14275134   0.00208810279     0.057326095    0.0823580359
          wgpu 1d 159g 291c x3w 5ms | egraph 22g->145v+0snap 22ms | graft 0 (-0n, 0 snap) cpu 0 | f64 20 | gen 0.3s
--------- pump migration: intra (promote-2 + intake-reset) ---------
 171     0     100               0  0.000548091275  0.000519951209     0.142751371   0.00208809747    0.0573260675    0.0823580461
 171     1      50               0  0.000548091275  0.000519951209     0.142751371   0.00208809747    0.0573260675    0.0823580461
          wgpu 2d 348g 417c x3w 20ms | egraph 109g->191v+0snap 54ms | graft 0 (-0n, 0 snap) cpu 0 | f64 30 | gen 0.2s | dropped inexpr 4 oversz 0 unbuild 0 {}
 172     0     100               0   0.00239322408    0.0018766159     0.192319597   0.00587383966     0.250312551     0.297247926
 172     1      50               0  0.000548091275  0.000519951209     0.142751371   0.00208809747    0.0573260675    0.0823580461
          wgpu 1d 159g 301c x3w 6ms | egraph 37g->155v+0snap 24ms | graft 0 (-0n, 0 snap) cpu 0 | f64 20 | gen 0.2s
 173     0     100               0   0.00239322408    0.0018766159     0.192319597   0.00587383966     0.250312551     0.297247926
 173     1      50               0  0.000548091275  0.000519951209     0.142751371   0.00208809747    0.0573260675    0.0823580461
          wgpu 1d 160g 295c x3w 8ms | egraph 35g->149v+0snap 13ms | graft 0 (-0n, 0 snap) cpu 0 | f64 20 | gen 0.2s
 174     0     100               0   0.00239322408    0.0018766159     0.192319597   0.00587383966     0.250312551     0.297247926
 174     1      50               0  0.000548091275  0.000519951209     0.142751371   0.00208809747    0.0573260675    0.0823580461
          wgpu 1d 163g 291c x3w 5ms | egraph 29g->145v+0snap 20ms | graft 0 (-0n, 0 snap) cpu 0 | f64 20 | gen 0.2s | dropped inexpr 1 oversz 0 unbuild 0 {}
 175     0     100               0  0.000794463584   0.00042205897    0.0650122651    0.0020449963    0.0830946871    0.0668523344
 175     1      50               0  0.000548091275  0.000519951209     0.142751371   0.00208809747    0.0573260675    0.0823580461
          wgpu 1d 168g 288c x3w 8ms | egraph 33g->142v+0snap 19ms | graft 0 (-0n, 0 snap) cpu 0 | f64 20 | gen 0.3s
 176     0     100               0   0.00239322408    0.0018766159     0.192319597   0.00587383966     0.250312551     0.297247926
 176     1      50               0  0.000548091275  0.000519951209     0.142751371   0.00208809747    0.0573260675    0.0823580461
          wgpu 1d 169g 293c x3w 16ms | egraph 22g->147v+0snap 11ms | graft 0 (-0n, 0 snap) cpu 0 | f64 20 | gen 0.2s | dropped inexpr 1 oversz 0 unbuild 0 {}
 177     0     100               0   0.00239322408    0.0018766159     0.192319597   0.00587383966     0.250312551     0.297247926
 177     1      50               0  0.000548091275  0.000519951209     0.142751371   0.00208809747    0.0573260675    0.0823580461
          wgpu 1d 167g 300c x3w 9ms | egraph 27g->154v+0snap 12ms | graft 0 (-0n, 0 snap) cpu 0 | f64 20 | gen 0.2s
 178     0     100               0   0.00239322408    0.0018766159     0.192319597   0.00587383966     0.250312551     0.297247926
 178     1      50               0  0.000548091275  0.000519951209     0.142751371   0.00208809747    0.0573260675    0.0823580461
          wgpu 1d 151g 295c x3w 33ms | egraph 35g->149v+0snap 18ms | graft 0 (-0n, 0 snap) cpu 0 | f64 20 | gen 0.3s
 179     0     100               0   0.00239322408    0.0018766159     0.192319597   0.00587383966     0.250312551     0.297247926
 179     1      50               0  0.000548091275  0.000519951209     0.142751371   0.00208809747    0.0573260675    0.0823580461
          wgpu 1d 139g 283c x3w 5ms | egraph 23g->137v+0snap 11ms | graft 0 (-0n, 0 snap) cpu 0 | f64 20 | gen 0.2s
 180     0     100               0   0.00239322408    0.0018766159     0.192319597   0.00587383966     0.250312551     0.297247926
 180     1      50               0  0.000548091538  0.000519951145      0.14275134   0.00208810279     0.057326095    0.0823580359
          wgpu 1d 140g 285c x3w 6ms | egraph 23g->139v+0snap 17ms | graft 0 (-0n, 0 snap) cpu 0 | f64 20 | gen 0.2s
--------- pump migration: intra (promote-2 + intake-reset) + cross ---------
 181     0     100               0   0.00239322408    0.0018766159     0.192319597   0.00587383966     0.250312551     0.297247926
 181     1      50               0  0.000548091275  0.000519951209     0.142751371   0.00208809747    0.0573260675    0.0823580461
          wgpu 2d 342g 435c x3w 19ms | egraph 99g->209v+0snap 86ms | graft 0 (-0n, 0 snap) cpu 0 | f64 30 | gen 0.2s | dropped inexpr 2 oversz 0 unbuild 0 {}
 182     0     100               0   0.00239322408    0.0018766159     0.192319597   0.00587383966     0.250312551     0.297247926
 182     1      50               0  0.000548091538  0.000519951145      0.14275134   0.00208810279     0.057326095    0.0823580359
          wgpu 1d 143g 282c x3w 5ms | egraph 17g->136v+0snap 16ms | graft 0 (-0n, 0 snap) cpu 0 | f64 20 | gen 0.2s
 183     0     100               0   0.00239322408    0.0018766159     0.192319597   0.00587383966     0.250312551     0.297247926
 183     1      50               0  0.000548091538  0.000519951145      0.14275134   0.00208810279     0.057326095    0.0823580359
          wgpu 1d 134g 279c x3w 5ms | egraph 21g->133v+0snap 36ms | graft 0 (-0n, 0 snap) cpu 0 | f64 20 | gen 0.2s
 184     0     100               0   0.00239322408    0.0018766159     0.192319597   0.00587383966     0.250312551     0.297247926
 184     1      50               0  0.000548091538  0.000519951145      0.14275134   0.00208810279     0.057326095    0.0823580359
          wgpu 1d 142g 288c x3w 5ms | egraph 21g->142v+0snap 11ms | graft 0 (-0n, 0 snap) cpu 0 | f64 20 | gen 0.2s
 185     0     100               0   0.00239322408    0.0018766159     0.192319597   0.00587383966     0.250312551     0.297247926
 185     1      50               0  0.000548091538  0.000519951145      0.14275134   0.00208810279     0.057326095    0.0823580359
          wgpu 1d 162g 289c x3w 5ms | egraph 22g->143v+0snap 32ms | graft 0 (-0n, 0 snap) cpu 0 | f64 20 | gen 0.2s
 186     0     100               0  0.000794463584   0.00042205897    0.0650122651    0.0020449963    0.0830946871    0.0668523344
 186     1      50               0  0.000548091538  0.000519951145      0.14275134   0.00208810279     0.057326095    0.0823580359
          wgpu 1d 169g 283c x3w 6ms | egraph 33g->137v+0snap 24ms | graft 0 (-0n, 0 snap) cpu 0 | f64 20 | gen 0.2s
 187     0     100               0  0.000794463584   0.00042205897    0.0650122651    0.0020449963    0.0830946871    0.0668523344
 187     1      50               0  0.000548091538  0.000519951145      0.14275134   0.00208810279     0.057326095    0.0823580359
          wgpu 1d 132g 278c x3w 19ms | egraph 17g->132v+0snap 21ms | graft 0 (-0n, 0 snap) cpu 0 | f64 20 | gen 0.2s | dropped inexpr 1 oversz 0 unbuild 0 {}
 188     0     100               0  0.000794463584   0.00042205897    0.0650122651    0.0020449963    0.0830946871    0.0668523344
 188     1      50               0  0.000548091538  0.000519951145      0.14275134   0.00208810279     0.057326095    0.0823580359
          wgpu 1d 154g 272c x3w 5ms | egraph 32g->126v+0snap 20ms | graft 0 (-0n, 0 snap) cpu 0 | f64 20 | gen 0.2s
 189     0     100               0  0.000794463584   0.00042205897    0.0650122651    0.0020449963    0.0830946871    0.0668523344
 189     1      50               0  0.000548091538  0.000519951145      0.14275134   0.00208810279     0.057326095    0.0823580359
          wgpu 1d 167g 290c x3w 7ms | egraph 28g->144v+0snap 17ms | graft 0 (-0n, 0 snap) cpu 0 | f64 20 | gen 0.3s
 190     0     100               0  0.000794463584   0.00042205897    0.0650122651    0.0020449963    0.0830946871    0.0668523344
 190     1      50               0  0.000548091538  0.000519951145      0.14275134   0.00208810279     0.057326095    0.0823580359
          wgpu 1d 169g 278c x3w 5ms | egraph 27g->132v+0snap 39ms | graft 0 (-0n, 0 snap) cpu 0 | f64 20 | gen 0.2s | dropped inexpr 1 oversz 0 unbuild 0 {}
--------- pump migration: intra (promote-2 + intake-reset) ---------
 191     0     100               0  0.000794463584   0.00042205897    0.0650122651    0.0020449963    0.0830946871    0.0668523344
 191     1      50               0  0.000548091538  0.000519951145      0.14275134   0.00208810279     0.057326095    0.0823580359
          wgpu 2d 330g 421c x3w 11ms | egraph 100g->195v+0snap 75ms | graft 0 (-0n, 0 snap) cpu 0 | f64 30 | gen 0.2s | dropped inexpr 5 oversz 0 unbuild 0 {}
 192     0     100               0  0.000794463584   0.00042205897    0.0650122651    0.0020449963    0.0830946871    0.0668523344
 192     1      50               0  0.000548091538  0.000519951145      0.14275134   0.00208810279     0.057326095    0.0823580359
          wgpu 1d 169g 289c x3w 5ms | egraph 35g->143v+0snap 14ms | graft 0 (-0n, 0 snap) cpu 0 | f64 20 | gen 0.2s
 193     0     100               0  0.000794463584   0.00042205897    0.0650122651    0.0020449963    0.0830946871    0.0668523344
 193     1      50               0  0.000548091538  0.000519951145      0.14275134   0.00208810279     0.057326095    0.0823580359
          wgpu 1d 164g 291c x3w 18ms | egraph 34g->145v+0snap 14ms | graft 0 (-0n, 0 snap) cpu 0 | f64 20 | gen 0.2s
 194     0     100               0  0.000794463584   0.00042205897    0.0650122651    0.0020449963    0.0830946871    0.0668523344
 194     1      50               0  0.000548091538  0.000519951145      0.14275134   0.00208810279     0.057326095    0.0823580359
          wgpu 1d 143g 283c x3w 6ms | egraph 22g->137v+0snap 12ms | graft 0 (-0n, 0 snap) cpu 0 | f64 20 | gen 0.2s
 195     0     100               0  0.000794463584   0.00042205897    0.0650122651    0.0020449963    0.0830946871    0.0668523344
 195     1      50               0  0.000548091538  0.000519951145      0.14275134   0.00208810279     0.057326095    0.0823580359
          wgpu 1d 149g 291c x3w 6ms | egraph 30g->145v+0snap 32ms | graft 0 (-0n, 0 snap) cpu 0 | f64 20 | gen 0.2s
 196     0     100               0  0.000794463584   0.00042205897    0.0650122651    0.0020449963    0.0830946871    0.0668523344
 196     1      50               0  0.000548091538  0.000519951145      0.14275134   0.00208810279     0.057326095    0.0823580359
          wgpu 1d 130g 279c x3w 5ms | egraph 26g->133v+0snap 14ms | graft 0 (-0n, 0 snap) cpu 0 | f64 20 | gen 0.2s
 197     0     100               0  0.000794463584   0.00042205897    0.0650122651    0.0020449963    0.0830946871    0.0668523344
 197     1      50               0  0.000548091538  0.000519951145      0.14275134   0.00208810279     0.057326095    0.0823580359
          wgpu 1d 167g 297c x3w 5ms | egraph 36g->151v+0snap 19ms | graft 0 (-0n, 0 snap) cpu 0 | f64 20 | gen 0.2s | dropped inexpr 4 oversz 0 unbuild 0 {}
 198     0     100               0  0.000794463584   0.00042205897    0.0650122651    0.0020449963    0.0830946871    0.0668523344
 198     1      50               0  0.000548091538  0.000519951145      0.14275134   0.00208810279     0.057326095    0.0823580359
          wgpu 1d 151g 290c x3w 6ms | egraph 26g->144v+0snap 21ms | graft 0 (-0n, 0 snap) cpu 0 | f64 20 | gen 0.2s
 199     0     100               0  0.000794463584   0.00042205897    0.0650122651    0.0020449963    0.0830946871    0.0668523344
 199     1      50               0  0.000548091538  0.000519951145      0.14275134   0.00208810279     0.057326095    0.0823580359
          wgpu 1d 161g 289c x3w 6ms | egraph 26g->143v+0snap 12ms | graft 0 (-0n, 0 snap) cpu 0 | f64 20 | gen 0.2s | dropped inexpr 1 oversz 0 unbuild 0 {}
 200     0     100               0  0.000794463584   0.00042205897    0.0650122651    0.0020449963    0.0830946871    0.0668523344
 200     1      50               0  0.000548091538  0.000519951145      0.14275134   0.00208810279     0.057326095    0.0823580359
          wgpu 1d 159g 296c x3w 6ms | egraph 15g->150v+0snap 16ms | graft 0 (-0n, 0 snap) cpu 0 | f64 20 | gen 0.4s
--------- pump migration: intra (promote-2 + intake-reset) ---------
 201     0     100               0  0.000794463584   0.00042205897    0.0650122651    0.0020449963    0.0830946871    0.0668523344
 201     1      50               0  0.000794463584   0.00042205897    0.0650122651    0.0020449963    0.0830946871    0.0668523344
          wgpu 2d 331g 412c x3w 40ms | egraph 81g->186v+0snap 36ms | graft 0 (-0n, 0 snap) cpu 0 | f64 30 | gen 0.2s | dropped inexpr 7 oversz 0 unbuild 0 {}
 202     0     100               0  0.000794463584   0.00042205897    0.0650122651    0.0020449963    0.0830946871    0.0668523344
 202     1      50               0  0.000794463584   0.00042205897    0.0650122651    0.0020449963    0.0830946871    0.0668523344
          wgpu 1d 163g 280c x3w 13ms | egraph 35g->134v+0snap 14ms | graft 0 (-0n, 0 snap) cpu 0 | f64 20 | gen 0.2s | dropped inexpr 1 oversz 0 unbuild 0 {}
 203     0     100               0  0.000794463584   0.00042205897    0.0650122651    0.0020449963    0.0830946871    0.0668523344
 203     1      50               0  0.000794463584   0.00042205897    0.0650122651    0.0020449963    0.0830946871    0.0668523344
          wgpu 1d 146g 284c x3w 5ms | egraph 28g->138v+0snap 15ms | graft 0 (-0n, 0 snap) cpu 0 | f64 20 | gen 0.2s
 204     0     100               0  0.000794463584   0.00042205897    0.0650122651    0.0020449963    0.0830946871    0.0668523344
 204     1      50               0  0.000794463584   0.00042205897    0.0650122651    0.0020449963    0.0830946871    0.0668523344
          wgpu 1d 166g 282c x3w 37ms | egraph 27g->136v+0snap 14ms | graft 0 (-0n, 0 snap) cpu 0 | f64 20 | gen 0.3s
 205     0     100               0  0.000794463584   0.00042205897    0.0650122651    0.0020449963    0.0830946871    0.0668523344
 205     1      50               0  0.000794463584   0.00042205897    0.0650122651    0.0020449963    0.0830946871    0.0668523344
          wgpu 1d 168g 287c x3w 9ms | egraph 32g->141v+0snap 16ms | graft 0 (-0n, 0 snap) cpu 0 | f64 20 | gen 0.2s
 206     0     100               0  0.000794463584   0.00042205897    0.0650122651    0.0020449963    0.0830946871    0.0668523344
 206     1      50               0  0.000794463584   0.00042205897    0.0650122651    0.0020449963    0.0830946871    0.0668523344
          wgpu 1d 183g 294c x3w 9ms | egraph 26g->148v+0snap 12ms | graft 0 (-0n, 0 snap) cpu 0 | f64 20 | gen 0.3s
 207     0     100               0  0.000794463584   0.00042205897    0.0650122651    0.0020449963    0.0830946871    0.0668523344
 207     1      50               0  0.000794463584   0.00042205897    0.0650122651    0.0020449963    0.0830946871    0.0668523344
          wgpu 1d 159g 290c x3w 6ms | egraph 22g->144v+0snap 27ms | graft 0 (-0n, 0 snap) cpu 0 | f64 20 | gen 0.3s
 208     0     100               0  0.000794463584   0.00042205897    0.0650122651    0.0020449963    0.0830946871    0.0668523344
 208     1      50               0  0.000794463584   0.00042205897    0.0650122651    0.0020449963    0.0830946871    0.0668523344
          wgpu 1d 152g 282c x3w 6ms | egraph 26g->136v+0snap 36ms | graft 0 (-0n, 0 snap) cpu 0 | f64 20 | gen 0.2s
 209     0     100               0  0.000794463584   0.00042205897    0.0650122651    0.0020449963    0.0830946871    0.0668523344
 209     1      50               0  0.000794463584   0.00042205897    0.0650122651    0.0020449963    0.0830946871    0.0668523344
          wgpu 1d 168g 292c x3w 6ms | egraph 24g->146v+0snap 15ms | graft 0 (-0n, 0 snap) cpu 0 | f64 20 | gen 0.3s | dropped inexpr 1 oversz 0 unbuild 0 {}
 210     0     100               0  0.000794463584   0.00042205897    0.0650122651    0.0020449963    0.0830946871    0.0668523344
 210     1      50               0  0.000794463584   0.00042205897    0.0650122651    0.0020449963    0.0830946871    0.0668523344
          wgpu 1d 176g 298c x3w 6ms | egraph 31g->152v+0snap 21ms | graft 0 (-0n, 0 snap) cpu 0 | f64 20 | gen 0.2s
--------- pump migration: intra (promote-2 + intake-reset) + cross ---------
 211     0     100               0  0.000794463584   0.00042205897    0.0650122651    0.0020449963    0.0830946871    0.0668523344
 211     1      50               0  0.000794463584   0.00042205897    0.0650122651    0.0020449963    0.0830946871    0.0668523344
          wgpu 2d 354g 448c x3w 36ms | egraph 95g->222v+0snap 76ms | graft 0 (-0n, 0 snap) cpu 0 | f64 30 | gen 0.6s | dropped inexpr 5 oversz 0 unbuild 0 {}
 212     0     100               0  0.000794463584   0.00042205897    0.0650122651    0.0020449963    0.0830946871    0.0668523344
 212     1      50               0  0.000794463584   0.00042205897    0.0650122651    0.0020449963    0.0830946871    0.0668523344
          wgpu 1d 145g 293c x3w 5ms | egraph 19g->147v+0snap 10ms | graft 0 (-0n, 0 snap) cpu 0 | f64 20 | gen 0.3s
 213     0     100               0  0.000794463584   0.00042205897    0.0650122651    0.0020449963    0.0830946871    0.0668523344
 213     1      50               0  0.000794463584   0.00042205897    0.0650122651    0.0020449963    0.0830946871    0.0668523344
          wgpu 1d 144g 282c x3w 12ms | egraph 27g->136v+0snap 17ms | graft 0 (-0n, 0 snap) cpu 0 | f64 20 | gen 0.3s
 214     0     100               0  0.000794463584   0.00042205897    0.0650122651    0.0020449963    0.0830946871    0.0668523344
 214     1      50               0  0.000794463584   0.00042205897    0.0650122651    0.0020449963    0.0830946871    0.0668523344
          wgpu 1d 174g 294c x3w 5ms | egraph 27g->148v+0snap 41ms | graft 0 (-0n, 0 snap) cpu 0 | f64 20 | gen 0.3s | dropped inexpr 1 oversz 0 unbuild 0 {}
 215     0     100               0  0.000794463584   0.00042205897    0.0650122651    0.0020449963    0.0830946871    0.0668523344
 215     1      50               0  0.000794463584   0.00042205897    0.0650122651    0.0020449963    0.0830946871    0.0668523344
          wgpu 1d 176g 281c x3w 9ms | egraph 27g->135v+0snap 14ms | graft 0 (-0n, 0 snap) cpu 0 | f64 20 | gen 0.3s
 216     0     100               0  0.000794463584   0.00042205897    0.0650122651    0.0020449963    0.0830946871    0.0668523344
 216     1      50               0  0.000794463584   0.00042205897    0.0650122651    0.0020449963    0.0830946871    0.0668523344
          wgpu 1d 154g 279c x3w 8ms | egraph 23g->133v+0snap 12ms | graft 0 (-0n, 0 snap) cpu 0 | f64 20 | gen 0.2s
 217     0     100               0  0.000794463584   0.00042205897    0.0650122651    0.0020449963    0.0830946871    0.0668523344
 217     1      50               0  0.000794463584   0.00042205897    0.0650122651    0.0020449963    0.0830946871    0.0668523344
          wgpu 1d 151g 282c x3w 28ms | egraph 19g->136v+0snap 17ms | graft 0 (-0n, 0 snap) cpu 0 | f64 20 | gen 0.3s
 218     0     100               0  0.000794463584   0.00042205897    0.0650122651    0.0020449963    0.0830946871    0.0668523344
 218     1      50               0  0.000794463584   0.00042205897    0.0650122651    0.0020449963    0.0830946871    0.0668523344
          wgpu 1d 142g 277c x3w 15ms | egraph 16g->131v+0snap 15ms | graft 0 (-0n, 0 snap) cpu 0 | f64 20 | gen 0.3s
 219     0     100               0  0.000794463584   0.00042205897    0.0650122651    0.0020449963    0.0830946871    0.0668523344
 219     1      50               0  0.000794463584   0.00042205897    0.0650122651    0.0020449963    0.0830946871    0.0668523344
          wgpu 1d 163g 277c x3w 5ms | egraph 28g->131v+0snap 16ms | graft 0 (-0n, 0 snap) cpu 0 | f64 20 | gen 0.2s
 220     0     100               0  0.000794463584   0.00042205897    0.0650122651    0.0020449963    0.0830946871    0.0668523344
 220     1      50               0  0.000794463584   0.00042205897    0.0650122651    0.0020449963    0.0830946871    0.0668523344
          wgpu 1d 163g 288c x3w 6ms | egraph 19g->142v+0snap 32ms | graft 0 (-0n, 0 snap) cpu 0 | f64 20 | gen 0.2s
--------- pump migration: intra (promote-2 + intake-reset) ---------
 221     0     100               0  0.000794463584   0.00042205897    0.0650122651    0.0020449963    0.0830946871    0.0668523344
 221     1      50               0  0.000794463584   0.00042205897    0.0650122651    0.0020449963    0.0830946871    0.0668523344
          wgpu 2d 366g 439c x3w 11ms | egraph 109g->213v+0snap 76ms | graft 0 (-0n, 0 snap) cpu 0 | f64 30 | gen 0.4s | dropped inexpr 4 oversz 0 unbuild 0 {}
 222     0     100               0  0.000794463584   0.00042205897    0.0650122651    0.0020449963    0.0830946871    0.0668523344
 222     1      50               0  0.000794463584   0.00042205897    0.0650122651    0.0020449963    0.0830946871    0.0668523344
          wgpu 1d 143g 269c x3w 5ms | egraph 20g->123v+0snap 32ms | graft 0 (-0n, 0 snap) cpu 0 | f64 20 | gen 0.3s | dropped inexpr 1 oversz 0 unbuild 0 {}
 223     0     100               0  0.000794463584   0.00042205897    0.0650122651    0.0020449963    0.0830946871    0.0668523344
 223     1      50               0  0.000794463584   0.00042205897    0.0650122651    0.0020449963    0.0830946871    0.0668523344
          wgpu 1d 163g 286c x3w 5ms | egraph 27g->140v+0snap 23ms | graft 0 (-0n, 0 snap) cpu 0 | f64 20 | gen 0.2s
 224     0     100               0  0.000794463584   0.00042205897    0.0650122651    0.0020449963    0.0830946871    0.0668523344
 224     1      50               0  0.000794463584   0.00042205897    0.0650122651    0.0020449963    0.0830946871    0.0668523344
          wgpu 1d 191g 302c x3w 6ms | egraph 35g->156v+0snap 32ms | graft 0 (-0n, 0 snap) cpu 0 | f64 20 | gen 0.3s
 225     0     100               0  0.000794463584   0.00042205897    0.0650122651    0.0020449963    0.0830946871    0.0668523344
 225     1      50               0  0.000794463584   0.00042205897    0.0650122651    0.0020449963    0.0830946871    0.0668523344
          wgpu 1d 150g 283c x3w 22ms | egraph 15g->137v+0snap 8ms | graft 0 (-0n, 0 snap) cpu 0 | f64 20 | gen 0.2s
 226     0     100               0  0.000794463584   0.00042205897    0.0650122651    0.0020449963    0.0830946871    0.0668523344
 226     1      50               0  0.000794463584   0.00042205897    0.0650122651    0.0020449963    0.0830946871    0.0668523344
          wgpu 1d 125g 279c x3w 5ms | egraph 19g->133v+0snap 14ms | graft 0 (-0n, 0 snap) cpu 0 | f64 20 | gen 0.2s
 227     0     100               0  0.000794463584   0.00042205897    0.0650122651    0.0020449963    0.0830946871    0.0668523344
 227     1      50               0  0.000794463584   0.00042205897    0.0650122651    0.0020449963    0.0830946871    0.0668523344
          wgpu 1d 157g 284c x3w 7ms | egraph 20g->138v+0snap 35ms | graft 0 (-0n, 0 snap) cpu 0 | f64 20 | gen 0.2s
 228     0     100               0  0.000794463584   0.00042205897    0.0650122651    0.0020449963    0.0830946871    0.0668523344
 228     1      50               0  0.000794463584   0.00042205897    0.0650122651    0.0020449963    0.0830946871    0.0668523344
          wgpu 1d 140g 279c x3w 12ms | egraph 16g->133v+0snap 10ms | graft 0 (-0n, 0 snap) cpu 0 | f64 20 | gen 0.2s
 229     0     100               0  0.000794463584   0.00042205897    0.0650122651    0.0020449963    0.0830946871    0.0668523344
 229     1      50               0  0.000794463584   0.00042205897    0.0650122651    0.0020449963    0.0830946871    0.0668523344
          wgpu 1d 165g 291c x3w 7ms | egraph 30g->145v+0snap 35ms | graft 0 (-0n, 0 snap) cpu 0 | f64 20 | gen 0.3s | dropped inexpr 1 oversz 0 unbuild 0 {}
 230     0     100               0  0.000794463584   0.00042205897    0.0650122651    0.0020449963    0.0830946871    0.0668523344
 230     1      50               0  0.000794463584   0.00042205897    0.0650122651    0.0020449963    0.0830946871    0.0668523344
          wgpu 1d 150g 291c x3w 6ms | egraph 16g->145v+0snap 38ms | graft 0 (-0n, 0 snap) cpu 0 | f64 20 | gen 0.3s
--------- pump migration: intra (promote-2 + intake-reset) ---------
 231     0     100               0  0.000794463584   0.00042205897    0.0650122651    0.0020449963    0.0830946871    0.0668523344
 231     1      50               0  0.000794463584   0.00042205897    0.0650122651    0.0020449963    0.0830946871    0.0668523344
          wgpu 2d 366g 442c x3w 23ms | egraph 116g->216v+0snap 82ms | graft 0 (-0n, 0 snap) cpu 0 | f64 30 | gen 0.3s | dropped inexpr 1 oversz 0 unbuild 0 {}
 232     0     100               0  0.000794463584   0.00042205897    0.0650122651    0.0020449963    0.0830946871    0.0668523344
 232     1      50               0  0.000794463584   0.00042205897    0.0650122651    0.0020449963    0.0830946871    0.0668523344
          wgpu 1d 154g 273c x3w 6ms | egraph 22g->127v+0snap 18ms | graft 0 (-0n, 0 snap) cpu 0 | f64 20 | gen 0.2s | dropped inexpr 1 oversz 0 unbuild 0 {}
 233     0     100               0  0.000794463584   0.00042205897    0.0650122651    0.0020449963    0.0830946871    0.0668523344
 233     1      50               0  0.000794463584   0.00042205897    0.0650122651    0.0020449963    0.0830946871    0.0668523344
          wgpu 1d 160g 285c x3w 8ms | egraph 22g->139v+0snap 19ms | graft 0 (-0n, 0 snap) cpu 0 | f64 20 | gen 0.2s | dropped inexpr 1 oversz 0 unbuild 0 {}
 234     0     100               0  0.000794463584   0.00042205897    0.0650122651    0.0020449963    0.0830946871    0.0668523344
 234     1      50               0  0.000794463584   0.00042205897    0.0650122651    0.0020449963    0.0830946871    0.0668523344
          wgpu 1d 153g 302c x3w 29ms | egraph 22g->156v+0snap 33ms | graft 0 (-0n, 0 snap) cpu 0 | f64 20 | gen 0.3s
 235     0     100               0  0.000794463584   0.00042205897    0.0650122651    0.0020449963    0.0830946871    0.0668523344
 235     1      50               0  0.000794463584   0.00042205897    0.0650122651    0.0020449963    0.0830946871    0.0668523344
          wgpu 1d 164g 282c x3w 5ms | egraph 27g->136v+0snap 13ms | graft 0 (-0n, 0 snap) cpu 0 | f64 20 | gen 0.3s | dropped inexpr 1 oversz 0 unbuild 0 {}
 236     0     100               0  0.000794463584   0.00042205897    0.0650122651    0.0020449963    0.0830946871    0.0668523344
 236     1      50               0  0.000794463584   0.00042205897    0.0650122651    0.0020449963    0.0830946871    0.0668523344
          wgpu 1d 136g 281c x3w 6ms | egraph 16g->135v+0snap 10ms | graft 0 (-0n, 0 snap) cpu 0 | f64 20 | gen 0.2s
 237     0     100               0  0.000794463584   0.00042205897    0.0650122651    0.0020449963    0.0830946871    0.0668523344
 237     1      50               0  0.000794463584   0.00042205897    0.0650122651    0.0020449963    0.0830946871    0.0668523344
          wgpu 1d 178g 291c x3w 6ms | egraph 30g->145v+0snap 45ms | graft 0 (-0n, 0 snap) cpu 0 | f64 20 | gen 0.3s | dropped inexpr 4 oversz 0 unbuild 0 {}
 238     0     100               0  0.000794463584   0.00042205897    0.0650122651    0.0020449963    0.0830946871    0.0668523344
 238     1      50               0  0.000794463584   0.00042205897    0.0650122651    0.0020449963    0.0830946871    0.0668523344
          wgpu 1d 173g 286c x3w 12ms | egraph 20g->140v+0snap 10ms | graft 0 (-0n, 0 snap) cpu 0 | f64 20 | gen 0.2s | dropped inexpr 2 oversz 0 unbuild 0 {}
 239     0     100               0  0.000794463584   0.00042205897    0.0650122651    0.0020449963    0.0830946871    0.0668523344
 239     1      50               0  0.000794463584   0.00042205897    0.0650122651    0.0020449963    0.0830946871    0.0668523344
          wgpu 1d 183g 294c x3w 9ms | egraph 25g->148v+0snap 10ms | graft 0 (-0n, 0 snap) cpu 0 | f64 20 | gen 0.2s
 240     0     100               0  0.000794463584   0.00042205897    0.0650122651    0.0020449963    0.0830946871    0.0668523344
 240     1      50               0  0.000794463584   0.00042205897    0.0650122651    0.0020449963    0.0830946871    0.0668523344
          wgpu 1d 152g 293c x3w 7ms | egraph 19g->147v+0snap 14ms | graft 0 (-0n, 0 snap) cpu 0 | f64 20 | gen 0.2s
--------- pump migration: intra (promote-2 + intake-reset) + cross ---------
 241     0     100               0  0.000794463584   0.00042205897    0.0650122651    0.0020449963    0.0830946871    0.0668523344
 241     1      50               0  0.000794463584   0.00042205897    0.0650122651    0.0020449963    0.0830946871    0.0668523344
          wgpu 2d 386g 490c x3w 24ms | egraph 120g->264v+0snap 84ms | graft 0 (-0n, 0 snap) cpu 0 | f64 30 | gen 0.3s | dropped inexpr 4 oversz 0 unbuild 0 {}
 242     0     100               0  0.000794463584   0.00042205897    0.0650122651    0.0020449963    0.0830946871    0.0668523344
 242     1      50               0  0.000794463584   0.00042205897    0.0650122651    0.0020449963    0.0830946871    0.0668523344
          wgpu 1d 158g 280c x3w 9ms | egraph 21g->134v+0snap 9ms | graft 0 (-0n, 0 snap) cpu 0 | f64 20 | gen 0.2s
 243     0     100               0  0.000794463584   0.00042205897    0.0650122651    0.0020449963    0.0830946871    0.0668523344
 243     1      50               0  0.000794463584   0.00042205897    0.0650122651    0.0020449963    0.0830946871    0.0668523344
          wgpu 1d 166g 302c x3w 23ms | egraph 24g->156v+0snap 15ms | graft 0 (-0n, 0 snap) cpu 0 | f64 20 | gen 0.3s
 244     0     100               0  0.000794463584   0.00042205897    0.0650122651    0.0020449963    0.0830946871    0.0668523344
 244     1      50               0  0.000794463584   0.00042205897    0.0650122651    0.0020449963    0.0830946871    0.0668523344
          wgpu 1d 160g 303c x3w 27ms | egraph 14g->157v+0snap 8ms | graft 0 (-0n, 0 snap) cpu 0 | f64 20 | gen 0.3s | dropped inexpr 1 oversz 0 unbuild 0 {}
 245     0     100               0  0.000794463584   0.00042205897    0.0650122651    0.0020449963    0.0830946871    0.0668523344
 245     1      50               0  0.000794463584   0.00042205897    0.0650122651    0.0020449963    0.0830946871    0.0668523344
          wgpu 1d 143g 286c x3w 6ms | egraph 16g->140v+0snap 9ms | graft 0 (-0n, 0 snap) cpu 0 | f64 20 | gen 0.2s
 246     0     100               0  0.000794463584   0.00042205897    0.0650122651    0.0020449963    0.0830946871    0.0668523344
 246     1      50               0  0.000794463584   0.00042205897    0.0650122651    0.0020449963    0.0830946871    0.0668523344
          wgpu 1d 133g 283c x3w 5ms | egraph 15g->137v+0snap 10ms | graft 0 (-0n, 0 snap) cpu 0 | f64 20 | gen 0.2s
 247     0     100               0  0.000794463584   0.00042205897    0.0650122651    0.0020449963    0.0830946871    0.0668523344
 247     1      50               0  0.000794463584   0.00042205897    0.0650122651    0.0020449963    0.0830946871    0.0668523344
          wgpu 1d 132g 282c x3w 24ms | egraph 15g->136v+0snap 10ms | graft 0 (-0n, 0 snap) cpu 0 | f64 20 | gen 0.2s
 248     0     100               0  0.000794463584   0.00042205897    0.0650122651    0.0020449963    0.0830946871    0.0668523344
 248     1      50               0  0.000794463584   0.00042205897    0.0650122651    0.0020449963    0.0830946871    0.0668523344
          wgpu 1d 145g 290c x3w 6ms | egraph 16g->144v+0snap 15ms | graft 0 (-0n, 0 snap) cpu 0 | f64 20 | gen 0.3s
 249     0     100               0  0.000794463584   0.00042205897    0.0650122651    0.0020449963    0.0830946871    0.0668523344
 249     1      50               0  0.000794463584   0.00042205897    0.0650122651    0.0020449963    0.0830946871    0.0668523344
          wgpu 1d 174g 296c x3w 13ms | egraph 17g->149v+0snap 10ms | graft 0 (-0n, 0 snap) cpu 0 | f64 20 | gen 0.2s
 250     0     100               0  0.000794463584   0.00042205897    0.0650122651    0.0020449963    0.0830946871    0.0668523344
 250     1      50               0  0.000794463584   0.00042205897    0.0650122651    0.0020449963    0.0830946871    0.0668523344
          wgpu 1d 147g 291c x3w 50ms | egraph 18g->145v+0snap 34ms | graft 0 (-0n, 0 snap) cpu 0 | f64 20 | gen 0.3s
--------- pump migration: intra (promote-2 + intake-reset) ---------
 251     0     100               0  0.000794463584   0.00042205897    0.0650122651    0.0020449963    0.0830946871    0.0668523344
 251     1      50               0  0.000794463584   0.00042205897    0.0650122651    0.0020449963    0.0830946871    0.0668523344
          wgpu 2d 385g 467c x3w 12ms | egraph 107g->241v+0snap 77ms | graft 0 (-0n, 0 snap) cpu 0 | f64 30 | gen 0.3s | dropped inexpr 10 oversz 0 unbuild 0 {}
 252     0     100               0  0.000794463584   0.00042205897    0.0650122651    0.0020449963    0.0830946871    0.0668523344
 252     1      50               0  0.000794463584   0.00042205897    0.0650122651    0.0020449963    0.0830946871    0.0668523344
          wgpu 1d 142g 283c x3w 16ms | egraph 16g->137v+0snap 13ms | graft 0 (-0n, 0 snap) cpu 0 | f64 20 | gen 0.2s | dropped inexpr 1 oversz 0 unbuild 0 {}
 253     0     100               0  0.000794463584   0.00042205897    0.0650122651    0.0020449963    0.0830946871    0.0668523344
 253     1      50               0  0.000794463584   0.00042205897    0.0650122651    0.0020449963    0.0830946871    0.0668523344
          wgpu 1d 154g 289c x3w 22ms | egraph 20g->143v+0snap 10ms | graft 0 (-0n, 0 snap) cpu 0 | f64 20 | gen 0.3s
 254     0     100               0  0.000794463584   0.00042205897    0.0650122651    0.0020449963    0.0830946871    0.0668523344
 254     1      50               0  0.000794463584   0.00042205897    0.0650122651    0.0020449963    0.0830946871    0.0668523344
          wgpu 1d 147g 288c x3w 5ms | egraph 15g->142v+0snap 40ms | graft 0 (-0n, 0 snap) cpu 0 | f64 20 | gen 0.3s
 255     0     100               0  0.000794463584   0.00042205897    0.0650122651    0.0020449963    0.0830946871    0.0668523344
 255     1      50               0  0.000794463584   0.00042205897    0.0650122651    0.0020449963    0.0830946871    0.0668523344
          wgpu 1d 154g 274c x3w 6ms | egraph 16g->128v+0snap 11ms | graft 0 (-0n, 0 snap) cpu 0 | f64 20 | gen 0.3s
 256     0     100               0  0.000794463584   0.00042205897    0.0650122651    0.0020449963    0.0830946871    0.0668523344
 256     1      50               0  0.000794463584   0.00042205897    0.0650122651    0.0020449963    0.0830946871    0.0668523344
          wgpu 1d 153g 294c x3w 6ms | egraph 18g->148v+0snap 11ms | graft 0 (-0n, 0 snap) cpu 0 | f64 20 | gen 0.3s | dropped inexpr 1 oversz 0 unbuild 0 {}
 257     0     100               0  0.000794463584   0.00042205897    0.0650122651    0.0020449963    0.0830946871    0.0668523344
 257     1      50               0  0.000794463584   0.00042205897    0.0650122651    0.0020449963    0.0830946871    0.0668523344
          wgpu 1d 156g 297c x3w 6ms | egraph 20g->151v+0snap 13ms | graft 0 (-0n, 0 snap) cpu 0 | f64 20 | gen 0.2s
 258     0     100               0  0.000794463584   0.00042205897    0.0650122651    0.0020449963    0.0830946871    0.0668523344
 258     1      50               0  0.000794463584   0.00042205897    0.0650122651    0.0020449963    0.0830946871    0.0668523344
          wgpu 1d 189g 304c x3w 6ms | egraph 22g->158v+0snap 23ms | graft 0 (-0n, 0 snap) cpu 0 | f64 20 | gen 0.2s
 259     0     100               0  0.000794463584   0.00042205897    0.0650122651    0.0020449963    0.0830946871    0.0668523344
 259     1      50               0  0.000794463584   0.00042205897    0.0650122651    0.0020449963    0.0830946871    0.0668523344
          wgpu 1d 150g 280c x3w 6ms | egraph 24g->134v+0snap 15ms | graft 0 (-0n, 0 snap) cpu 0 | f64 20 | gen 0.2s
 260     0     100               0  0.000794463584   0.00042205897    0.0650122651    0.0020449963    0.0830946871    0.0668523344
 260     1      50               0  0.000794463584   0.00042205897    0.0650122651    0.0020449963    0.0830946871    0.0668523344
          wgpu 1d 135g 287c x3w 12ms | egraph 13g->141v+0snap 7ms | graft 0 (-0n, 0 snap) cpu 0 | f64 20 | gen 0.2s
--------- pump migration: intra (promote-2 + intake-reset) ---------
 261     0     100               0  0.000794463584   0.00042205897    0.0650122651    0.0020449963    0.0830946871    0.0668523344
 261     1      50               0  0.000794463584   0.00042205897    0.0650122651    0.0020449963    0.0830946871    0.0668523344
          wgpu 2d 352g 421c x3w 32ms | egraph 105g->195v+0snap 77ms | graft 0 (-0n, 0 snap) cpu 0 | f64 30 | gen 0.2s | dropped inexpr 4 oversz 0 unbuild 0 {}
 262     0     100               0  0.000794463584   0.00042205897    0.0650122651    0.0020449963    0.0830946871    0.0668523344
 262     1      50               0  0.000794463584   0.00042205897    0.0650122651    0.0020449963    0.0830946871    0.0668523344
          wgpu 1d 170g 297c x3w 6ms | egraph 22g->151v+0snap 18ms | graft 0 (-0n, 0 snap) cpu 0 | f64 20 | gen 0.2s
 263     0     100               0  0.000794463584   0.00042205897    0.0650122651    0.0020449963    0.0830946871    0.0668523344
 263     1      50               0  0.000794463584   0.00042205897    0.0650122651    0.0020449963    0.0830946871    0.0668523344
          wgpu 1d 172g 289c x3w 15ms | egraph 23g->143v+0snap 25ms | graft 0 (-0n, 0 snap) cpu 0 | f64 20 | gen 0.3s
 264     0     100               0  0.000794463584   0.00042205897    0.0650122651    0.0020449963    0.0830946871    0.0668523344
 264     1      50               0  0.000794463584   0.00042205897    0.0650122651    0.0020449963    0.0830946871    0.0668523344
          wgpu 1d 162g 285c x3w 6ms | egraph 17g->139v+0snap 25ms | graft 0 (-0n, 0 snap) cpu 0 | f64 20 | gen 0.2s
 265     0     100               0  0.000794463584   0.00042205897    0.0650122651    0.0020449963    0.0830946871    0.0668523344
 265     1      50               0  0.000794463584   0.00042205897    0.0650122651    0.0020449963    0.0830946871    0.0668523344
          wgpu 1d 146g 299c x3w 6ms | egraph 22g->153v+0snap 20ms | graft 0 (-0n, 0 snap) cpu 0 | f64 20 | gen 0.2s
 266     0     100               0  0.000794463584   0.00042205897    0.0650122651    0.0020449963    0.0830946871    0.0668523344
 266     1      50               0  0.000794463584   0.00042205897    0.0650122651    0.0020449963    0.0830946871    0.0668523344
          wgpu 1d 176g 288c x3w 13ms | egraph 21g->142v+0snap 20ms | graft 0 (-0n, 0 snap) cpu 0 | f64 20 | gen 0.2s
 267     0     100               0  0.000794463584   0.00042205897    0.0650122651    0.0020449963    0.0830946871    0.0668523344
 267     1      50               0  0.000794463584   0.00042205897    0.0650122651    0.0020449963    0.0830946871    0.0668523344
          wgpu 1d 163g 291c x3w 6ms | egraph 22g->145v+0snap 14ms | graft 0 (-0n, 0 snap) cpu 0 | f64 20 | gen 0.3s
 268     0     100               0  0.000794463584   0.00042205897    0.0650122651    0.0020449963    0.0830946871    0.0668523344
 268     1      50               0  0.000794463584   0.00042205897    0.0650122651    0.0020449963    0.0830946871    0.0668523344
          wgpu 1d 178g 284c x3w 15ms | egraph 21g->138v+0snap 12ms | graft 0 (-0n, 0 snap) cpu 0 | f64 20 | gen 0.3s
 269     0     100               0  0.000794463584   0.00042205897    0.0650122651    0.0020449963    0.0830946871    0.0668523344
 269     1      50               0  0.000794463584   0.00042205897    0.0650122651    0.0020449963    0.0830946871    0.0668523344
          wgpu 1d 160g 274c x3w 6ms | egraph 18g->128v+0snap 9ms | graft 0 (-0n, 0 snap) cpu 0 | f64 20 | gen 0.2s
 270     0     100               0  0.000794463584   0.00042205897    0.0650122651    0.0020449963    0.0830946871    0.0668523344
 270     1      50               0  0.000794463584   0.00042205897    0.0650122651    0.0020449963    0.0830946871    0.0668523344
          wgpu 1d 180g 291c x3w 8ms | egraph 27g->145v+0snap 25ms | graft 0 (-0n, 0 snap) cpu 0 | f64 20 | gen 0.2s
--------- pump migration: intra (promote-2 + intake-reset) + cross ---------
 271     0     100               0  0.000794463584   0.00042205897    0.0650122651    0.0020449963    0.0830946871    0.0668523344
 271     1      50               0  0.000794463584   0.00042205897    0.0650122651    0.0020449963    0.0830946871    0.0668523344
          wgpu 2d 380g 445c x3w 24ms | egraph 91g->219v+0snap 58ms | graft 0 (-0n, 0 snap) cpu 0 | f64 30 | gen 0.2s | dropped inexpr 6 oversz 0 unbuild 0 {}
 272     0     100               0  0.000794463584   0.00042205897    0.0650122651    0.0020449963    0.0830946871    0.0668523344
 272     1      50               0  0.000794463584   0.00042205897    0.0650122651    0.0020449963    0.0830946871    0.0668523344
          wgpu 1d 157g 274c x3w 22ms | egraph 22g->128v+0snap 13ms | graft 0 (-0n, 0 snap) cpu 0 | f64 20 | gen 0.2s | dropped inexpr 1 oversz 0 unbuild 0 {}
 273     0     100               0  0.000794463584   0.00042205897    0.0650122651    0.0020449963    0.0830946871    0.0668523344
 273     1      50               0  0.000794463584   0.00042205897    0.0650122651    0.0020449963    0.0830946871    0.0668523344
          wgpu 1d 147g 288c x3w 6ms | egraph 16g->142v+0snap 9ms | graft 0 (-0n, 0 snap) cpu 0 | f64 20 | gen 0.4s
 274     0     100               0  0.000794463584   0.00042205897    0.0650122651    0.0020449963    0.0830946871    0.0668523344
 274     1      50               0  0.000794463397  0.000422059036    0.0650123598     0.002044996    0.0830946676     0.066852345
          wgpu 1d 152g 301c x3w 6ms | egraph 17g->155v+0snap 22ms | graft 0 (-0n, 0 snap) cpu 0 | f64 20 | gen 0.3s
 275     0     100               0  0.000794463584   0.00042205897    0.0650122651    0.0020449963    0.0830946871    0.0668523344
 275     1      50               0  0.000794463397  0.000422059036    0.0650123598     0.002044996    0.0830946676     0.066852345
          wgpu 1d 141g 290c x3w 6ms | egraph 18g->144v+0snap 12ms | graft 0 (-0n, 0 snap) cpu 0 | f64 20 | gen 0.3s
 276     0     100               0  0.000794463584   0.00042205897    0.0650122651    0.0020449963    0.0830946871    0.0668523344
 276     1      50               0  0.000794463397  0.000422059036    0.0650123598     0.002044996    0.0830946676     0.066852345
          wgpu 1d 134g 293c x3w 6ms | egraph 17g->147v+0snap 8ms | graft 0 (-0n, 0 snap) cpu 0 | f64 20 | gen 0.2s
 277     0     100               0  0.000794463584   0.00042205897    0.0650122651    0.0020449963    0.0830946871    0.0668523344
 277     1      50               0  0.000794463397  0.000422059036    0.0650123598     0.002044996    0.0830946676     0.066852345
          wgpu 1d 162g 291c x3w 8ms | egraph 24g->145v+0snap 19ms | graft 0 (-0n, 0 snap) cpu 0 | f64 20 | gen 0.2s
 278     0     100               0  0.000794463584   0.00042205897    0.0650122651    0.0020449963    0.0830946871    0.0668523344
 278     1      50               0  0.000794463397  0.000422059036    0.0650123598     0.002044996    0.0830946676     0.066852345
          wgpu 1d 149g 289c x3w 6ms | egraph 22g->143v+0snap 11ms | graft 0 (-0n, 0 snap) cpu 0 | f64 20 | gen 0.2s
 279     0     100               0  0.000794463584   0.00042205897    0.0650122651    0.0020449963    0.0830946871    0.0668523344
 279     1      50               0  0.000794463397  0.000422059036    0.0650123598     0.002044996    0.0830946676     0.066852345
          wgpu 1d 154g 297c x3w 6ms | egraph 20g->151v+0snap 16ms | graft 0 (-0n, 0 snap) cpu 0 | f64 20 | gen 0.3s
 280     0     100               0  0.000794463584   0.00042205897    0.0650122651    0.0020449963    0.0830946871    0.0668523344
 280     1      50               0  0.000794463397  0.000422059036    0.0650123598     0.002044996    0.0830946676     0.066852345
          wgpu 1d 176g 304c x3w 5ms | egraph 21g->158v+0snap 17ms | graft 0 (-0n, 0 snap) cpu 0 | f64 20 | gen 0.2s
--------- pump migration: intra (promote-2 + intake-reset) ---------
 281     0     100               0  0.000794463584   0.00042205897    0.0650122651    0.0020449963    0.0830946871    0.0668523344
 281     1      50               0  0.000794463584   0.00042205897    0.0650122651    0.0020449963    0.0830946871    0.0668523344
          wgpu 2d 400g 458c x3w 16ms | egraph 116g->232v+0snap 90ms | graft 0 (-0n, 0 snap) cpu 0 | f64 30 | gen 0.3s | dropped inexpr 5 oversz 0 unbuild 0 {}
 282     0     100               0  0.000794463584   0.00042205897    0.0650122651    0.0020449963    0.0830946871    0.0668523344
 282     1      50               0  0.000794463397  0.000422059036    0.0650123598     0.002044996    0.0830946676     0.066852345
          wgpu 1d 150g 284c x3w 17ms | egraph 21g->138v+0snap 11ms | graft 0 (-0n, 0 snap) cpu 0 | f64 20 | gen 0.3s | dropped inexpr 2 oversz 0 unbuild 0 {}
 283     0     100               0  0.000794463584   0.00042205897    0.0650122651    0.0020449963    0.0830946871    0.0668523344
 283     1      50               0  0.000794463397  0.000422059036    0.0650123598     0.002044996    0.0830946676     0.066852345
          wgpu 1d 187g 301c x3w 6ms | egraph 26g->155v+0snap 24ms | graft 0 (-0n, 0 snap) cpu 0 | f64 20 | gen 0.2s
 284     0     100               0  0.000794463584   0.00042205897    0.0650122651    0.0020449963    0.0830946871    0.0668523344
 284     1      50               0  0.000794463397  0.000422059036    0.0650123598     0.002044996    0.0830946676     0.066852345
          wgpu 1d 158g 291c x3w 22ms | egraph 27g->145v+0snap 16ms | graft 0 (-0n, 0 snap) cpu 0 | f64 20 | gen 0.3s | dropped inexpr 1 oversz 0 unbuild 0 {}
 285     0     100               0  0.000794463584   0.00042205897    0.0650122651    0.0020449963    0.0830946871    0.0668523344
 285     1      50               0  0.000794463397  0.000422059036    0.0650123598     0.002044996    0.0830946676     0.066852345
          wgpu 1d 150g 280c x3w 5ms | egraph 26g->134v+0snap 14ms | graft 0 (-0n, 0 snap) cpu 0 | f64 20 | gen 0.2s
 286     0     100               0  0.000794463584   0.00042205897    0.0650122651    0.0020449963    0.0830946871    0.0668523344
 286     1      50               0  0.000794463397  0.000422059036    0.0650123598     0.002044996    0.0830946676     0.066852345
          wgpu 1d 151g 288c x3w 6ms | egraph 21g->142v+0snap 38ms | graft 0 (-0n, 0 snap) cpu 0 | f64 20 | gen 0.3s
 287     0     100               0  0.000794463584   0.00042205897    0.0650122651    0.0020449963    0.0830946871    0.0668523344
 287     1      50               0  0.000794463584   0.00042205897    0.0650122651    0.0020449963    0.0830946871    0.0668523344
          wgpu 1d 149g 280c x3w 8ms | egraph 21g->134v+0snap 16ms | graft 0 (-0n, 0 snap) cpu 0 | f64 20 | gen 0.2s
 288     0     100               0  0.000794463584   0.00042205897    0.0650122651    0.0020449963    0.0830946871    0.0668523344
 288     1      50               0  0.000794463397  0.000422059036    0.0650123598     0.002044996    0.0830946676     0.066852345
          wgpu 1d 161g 289c x3w 11ms | egraph 25g->143v+0snap 35ms | graft 0 (-0n, 0 snap) cpu 0 | f64 20 | gen 0.3s
 289     0     100               0  0.000794463584   0.00042205897    0.0650122651    0.0020449963    0.0830946871    0.0668523344
 289     1      50               0  0.000794463397  0.000422059036    0.0650123598     0.002044996    0.0830946676     0.066852345
          wgpu 1d 156g 280c x3w 8ms | egraph 16g->134v+0snap 9ms | graft 0 (-0n, 0 snap) cpu 0 | f64 20 | gen 0.2s
 290     0     100               0  0.000794463584   0.00042205897    0.0650122651    0.0020449963    0.0830946871    0.0668523344
 290     1      50               0  0.000794463397  0.000422059036    0.0650123598     0.002044996    0.0830946676     0.066852345
          wgpu 1d 127g 275c x3w 6ms | egraph 11g->129v+0snap 7ms | graft 0 (-0n, 0 snap) cpu 0 | f64 20 | gen 0.2s
--------- pump migration: intra (promote-2 + intake-reset) ---------
 291     0     100               0  0.000794463584   0.00042205897    0.0650122651    0.0020449963    0.0830946871    0.0668523344
 291     1      50               0  0.000794463584   0.00042205897    0.0650122651    0.0020449963    0.0830946871    0.0668523344
          wgpu 2d 346g 416c x3w 11ms | egraph 88g->190v+0snap 46ms | graft 0 (-0n, 0 snap) cpu 0 | f64 30 | gen 0.3s | dropped inexpr 2 oversz 0 unbuild 0 {}
 292     0     100               0  0.000794463584   0.00042205897    0.0650122651    0.0020449963    0.0830946871    0.0668523344
 292     1      50               0  0.000794463584   0.00042205897    0.0650122651    0.0020449963    0.0830946871    0.0668523344
          wgpu 1d 176g 283c x3w 5ms | egraph 23g->137v+0snap 11ms | graft 0 (-0n, 0 snap) cpu 0 | f64 20 | gen 0.3s | dropped inexpr 1 oversz 0 unbuild 0 {}
 293     0     100               0  0.000794463584   0.00042205897    0.0650122651    0.0020449963    0.0830946871    0.0668523344
 293     1      50               0  0.000794463584   0.00042205897    0.0650122651    0.0020449963    0.0830946871    0.0668523344
          wgpu 1d 152g 298c x3w 6ms | egraph 13g->152v+0snap 19ms | graft 0 (-0n, 0 snap) cpu 0 | f64 20 | gen 0.2s
 294     0     100               0  0.000794463584   0.00042205897    0.0650122651    0.0020449963    0.0830946871    0.0668523344
 294     1      50               0  0.000794463584   0.00042205897    0.0650122651    0.0020449963    0.0830946871    0.0668523344
          wgpu 1d 150g 287c x3w 20ms | egraph 22g->141v+0snap 24ms | graft 0 (-0n, 0 snap) cpu 0 | f64 20 | gen 0.3s
 295     0     100               0  0.000794463584   0.00042205897    0.0650122651    0.0020449963    0.0830946871    0.0668523344
 295     1      50               0  0.000794463584   0.00042205897    0.0650122651    0.0020449963    0.0830946871    0.0668523344
          wgpu 1d 152g 278c x3w 20ms | egraph 20g->132v+0snap 8ms | graft 0 (-0n, 0 snap) cpu 0 | f64 20 | gen 0.2s
 296     0     100               0  0.000794463584   0.00042205897    0.0650122651    0.0020449963    0.0830946871    0.0668523344
 296     1      50               0  0.000794463584   0.00042205897    0.0650122651    0.0020449963    0.0830946871    0.0668523344
          wgpu 1d 170g 295c x3w 5ms | egraph 24g->149v+0snap 12ms | graft 0 (-0n, 0 snap) cpu 0 | f64 20 | gen 0.2s
 297     0     100               0  0.000794463584   0.00042205897    0.0650122651    0.0020449963    0.0830946871    0.0668523344
 297     1      50               0  0.000794463584   0.00042205897    0.0650122651    0.0020449963    0.0830946871    0.0668523344
          wgpu 1d 162g 287c x3w 6ms | egraph 21g->141v+0snap 11ms | graft 0 (-0n, 0 snap) cpu 0 | f64 20 | gen 0.2s
 298     0     100               0  0.000794463584   0.00042205897    0.0650122651    0.0020449963    0.0830946871    0.0668523344
 298     1      50               0  0.000794463584   0.00042205897    0.0650122651    0.0020449963    0.0830946871    0.0668523344
          wgpu 1d 165g 280c x3w 25ms | egraph 22g->134v+0snap 16ms | graft 0 (-0n, 0 snap) cpu 0 | f64 20 | gen 0.3s
 299     0     100               0  0.000794463584   0.00042205897    0.0650122651    0.0020449963    0.0830946871    0.0668523344
 299     1      50               0  0.000794463584   0.00042205897    0.0650122651    0.0020449963    0.0830946871    0.0668523344
          wgpu 1d 157g 288c x3w 6ms | egraph 15g->142v+0snap 8ms | graft 0 (-0n, 0 snap) cpu 0 | f64 20 | gen 0.2s
 300     0     100               0  0.000794463584   0.00042205897    0.0650122651    0.0020449963    0.0830946871    0.0668523344
 300     1      50               0  0.000794463584   0.00042205897    0.0650122651    0.0020449963    0.0830946871    0.0668523344
          wgpu 1d 148g 291c x3w 11ms | egraph 20g->145v+0snap 12ms | graft 0 (-0n, 0 snap) cpu 0 | f64 20 | gen 0.3s | dropped inexpr 1 oversz 0 unbuild 0 {}
--------- pump migration: intra (promote-2 + intake-reset) + cross ---------
 301     0     100               0  0.000794463584   0.00042205897    0.0650122651    0.0020449963    0.0830946871    0.0668523344
 301     1      50               0  0.000794463584   0.00042205897    0.0650122651    0.0020449963    0.0830946871    0.0668523344
          wgpu 2d 374g 439c x3w 12ms | egraph 105g->213v+0snap 71ms | graft 0 (-0n, 0 snap) cpu 0 | f64 30 | gen 0.4s | dropped inexpr 4 oversz 0 unbuild 0 {}
 302     0     100               0  0.000794463584   0.00042205897    0.0650122651    0.0020449963    0.0830946871    0.0668523344
 302     1      50               0  0.000794463584   0.00042205897    0.0650122651    0.0020449963    0.0830946871    0.0668523344
          wgpu 1d 168g 283c x3w 20ms | egraph 23g->137v+0snap 16ms | graft 0 (-0n, 0 snap) cpu 0 | f64 20 | gen 0.3s
 303     0     100               0  0.000794463584   0.00042205897    0.0650122651    0.0020449963    0.0830946871    0.0668523344
 303     1      50               0  0.000794463584   0.00042205897    0.0650122651    0.0020449963    0.0830946871    0.0668523344
          wgpu 1d 140g 279c x3w 7ms | egraph 22g->133v+0snap 12ms | graft 0 (-0n, 0 snap) cpu 0 | f64 20 | gen 0.2s
 304     0     100               0  0.000794463584   0.00042205897    0.0650122651    0.0020449963    0.0830946871    0.0668523344
 304     1      50               0  0.000794463584   0.00042205897    0.0650122651    0.0020449963    0.0830946871    0.0668523344
          wgpu 1d 183g 296c x3w 18ms | egraph 22g->150v+0snap 12ms | graft 0 (-0n, 0 snap) cpu 0 | f64 20 | gen 0.2s
 305     0     100               0  0.000794463584   0.00042205897    0.0650122651    0.0020449963    0.0830946871    0.0668523344
 305     1      50               0  0.000794463584   0.00042205897    0.0650122651    0.0020449963    0.0830946871    0.0668523344
          wgpu 1d 159g 292c x3w 9ms | egraph 28g->146v+0snap 16ms | graft 0 (-0n, 0 snap) cpu 0 | f64 20 | gen 0.4s
 306     0     100               0  0.000794463584   0.00042205897    0.0650122651    0.0020449963    0.0830946871    0.0668523344
 306     1      50               0  0.000794463584   0.00042205897    0.0650122651    0.0020449963    0.0830946871    0.0668523344
          wgpu 1d 158g 289c x3w 6ms | egraph 18g->143v+0snap 9ms | graft 0 (-0n, 0 snap) cpu 0 | f64 20 | gen 0.2s
 307     0     100               0  0.000794463584   0.00042205897    0.0650122651    0.0020449963    0.0830946871    0.0668523344
 307     1      50               0  0.000794463584   0.00042205897    0.0650122651    0.0020449963    0.0830946871    0.0668523344
          wgpu 1d 170g 284c x3w 6ms | egraph 22g->138v+0snap 11ms | graft 0 (-0n, 0 snap) cpu 0 | f64 20 | gen 0.2s
 308     0     100               0  0.000794463584   0.00042205897    0.0650122651    0.0020449963    0.0830946871    0.0668523344
 308     1      50               0  0.000794463584   0.00042205897    0.0650122651    0.0020449963    0.0830946871    0.0668523344
          wgpu 1d 181g 294c x3w 6ms | egraph 22g->148v+0snap 11ms | graft 0 (-0n, 0 snap) cpu 0 | f64 20 | gen 0.2s
 309     0     100               0  0.000794463584   0.00042205897    0.0650122651    0.0020449963    0.0830946871    0.0668523344
 309     1      50               0  0.000794463584   0.00042205897    0.0650122651    0.0020449963    0.0830946871    0.0668523344
          wgpu 1d 170g 284c x3w 8ms | egraph 26g->138v+0snap 15ms | graft 0 (-0n, 0 snap) cpu 0 | f64 20 | gen 0.3s
 310     0     100               0  0.000794463584   0.00042205897    0.0650122651    0.0020449963    0.0830946871    0.0668523344
 310     1      50               0  0.000794463584   0.00042205897    0.0650122651    0.0020449963    0.0830946871    0.0668523344
          wgpu 1d 144g 288c x3w 28ms | egraph 16g->142v+0snap 16ms | graft 0 (-0n, 0 snap) cpu 0 | f64 20 | gen 0.2s | dropped inexpr 1 oversz 0 unbuild 0 {}
--------- pump migration: intra (promote-2 + intake-reset) ---------
 311     0     100               0  0.000794463584   0.00042205897    0.0650122651    0.0020449963    0.0830946871    0.0668523344
 311     1      50               0  0.000794463584   0.00042205897    0.0650122651    0.0020449963    0.0830946871    0.0668523344
          wgpu 2d 372g 450c x3w 26ms | egraph 89g->224v+0snap 72ms | graft 0 (-0n, 0 snap) cpu 0 | f64 30 | gen 0.3s | dropped inexpr 3 oversz 0 unbuild 0 {}
 312     0     100               0  0.000794463584   0.00042205897    0.0650122651    0.0020449963    0.0830946871    0.0668523344
 312     1      50               0  0.000794463584   0.00042205897    0.0650122651    0.0020449963    0.0830946871    0.0668523344
          wgpu 1d 148g 281c x3w 6ms | egraph 17g->135v+0snap 20ms | graft 0 (-0n, 0 snap) cpu 0 | f64 20 | gen 0.2s | dropped inexpr 1 oversz 0 unbuild 0 {}
 313     0     100               0  0.000794463584   0.00042205897    0.0650122651    0.0020449963    0.0830946871    0.0668523344
 313     1      50               0  0.000794463397  0.000422059036    0.0650123598     0.002044996    0.0830946676     0.066852345
          wgpu 1d 152g 281c x3w 15ms | egraph 19g->135v+0snap 8ms | graft 0 (-0n, 0 snap) cpu 0 | f64 20 | gen 0.2s
 314     0     100               0  0.000794463584   0.00042205897    0.0650122651    0.0020449963    0.0830946871    0.0668523344
 314     1      50               0  0.000794463584   0.00042205897    0.0650122651    0.0020449963    0.0830946871    0.0668523344
          wgpu 1d 159g 277c x3w 6ms | egraph 18g->131v+0snap 17ms | graft 0 (-0n, 0 snap) cpu 0 | f64 20 | gen 0.3s
 315     0     100               0  0.000794463584   0.00042205897    0.0650122651    0.0020449963    0.0830946871    0.0668523344
 315     1      50               0  0.000794463584   0.00042205897    0.0650122651    0.0020449963    0.0830946871    0.0668523344
          wgpu 1d 179g 298c x3w 6ms | egraph 20g->152v+0snap 9ms | graft 0 (-0n, 0 snap) cpu 0 | f64 20 | gen 0.2s
 316     0     100               0  0.000794463584   0.00042205897    0.0650122651    0.0020449963    0.0830946871    0.0668523344
 316     1      50               0  0.000794463584   0.00042205897    0.0650122651    0.0020449963    0.0830946871    0.0668523344
          wgpu 1d 171g 287c x3w 6ms | egraph 22g->141v+0snap 26ms | graft 0 (-0n, 0 snap) cpu 0 | f64 20 | gen 0.2s
 317     0     100               0  0.000794463584   0.00042205897    0.0650122651    0.0020449963    0.0830946871    0.0668523344
 317     1      50               0  0.000794463397  0.000422059036    0.0650123598     0.002044996    0.0830946676     0.066852345
          wgpu 1d 143g 283c x3w 7ms | egraph 15g->137v+0snap 8ms | graft 0 (-0n, 0 snap) cpu 0 | f64 20 | gen 0.2s
 318     0     100               0  0.000794463584   0.00042205897    0.0650122651    0.0020449963    0.0830946871    0.0668523344
 318     1      50               0  0.000794463397  0.000422059036    0.0650123598     0.002044996    0.0830946676     0.066852345
          wgpu 1d 165g 293c x3w 6ms | egraph 26g->147v+0snap 14ms | graft 0 (-0n, 0 snap) cpu 0 | f64 20 | gen 0.2s
 319     0     100               0  0.000794463584   0.00042205897    0.0650122651    0.0020449963    0.0830946871    0.0668523344
 319     1      50               0  0.000794463397  0.000422059036    0.0650123598     0.002044996    0.0830946676     0.066852345
          wgpu 1d 150g 292c x3w 15ms | egraph 20g->146v+0snap 11ms | graft 0 (-0n, 0 snap) cpu 0 | f64 20 | gen 0.2s
 320     0     100               0  0.000794463584   0.00042205897    0.0650122651    0.0020449963    0.0830946871    0.0668523344
 320     1      50               0  0.000794463397  0.000422059036    0.0650123598     0.002044996    0.0830946676     0.066852345
          wgpu 1d 175g 291c x3w 10ms | egraph 20g->145v+0snap 24ms | graft 0 (-0n, 0 snap) cpu 0 | f64 20 | gen 0.4s | dropped inexpr 1 oversz 0 unbuild 0 {}
--------- pump migration: intra (promote-2 + intake-reset) ---------
 321     0     100               0  0.000794463584   0.00042205897    0.0650122651    0.0020449963    0.0830946871    0.0668523344
 321     1      50               0  0.000794463397  0.000422059036    0.0650123598     0.002044996    0.0830946676     0.066852345
          wgpu 2d 321g 432c x3w 36ms | egraph 77g->206v+0snap 46ms | graft 0 (-0n, 0 snap) cpu 0 | f64 30 | gen 0.3s | dropped inexpr 2 oversz 0 unbuild 0 {}
 322     0     100               0  0.000794463584   0.00042205897    0.0650122651    0.0020449963    0.0830946871    0.0668523344
 322     1      50               0  0.000794463584   0.00042205897    0.0650122651    0.0020449963    0.0830946871    0.0668523344
          wgpu 1d 138g 280c x3w 5ms | egraph 18g->134v+0snap 11ms | graft 0 (-0n, 0 snap) cpu 0 | f64 20 | gen 0.2s | dropped inexpr 1 oversz 0 unbuild 0 {}
 323     0     100               0  0.000794463584   0.00042205897    0.0650122651    0.0020449963    0.0830946871    0.0668523344
 323     1      50               0  0.000794463584   0.00042205897    0.0650122651    0.0020449963    0.0830946871    0.0668523344
          wgpu 1d 182g 300c x3w 8ms | egraph 24g->154v+0snap 31ms | graft 0 (-0n, 0 snap) cpu 0 | f64 20 | gen 0.3s
 324     0     100               0  0.000794463584   0.00042205897    0.0650122651    0.0020449963    0.0830946871    0.0668523344
 324     1      50               0  0.000794463584   0.00042205897    0.0650122651    0.0020449963    0.0830946871    0.0668523344
          wgpu 1d 128g 276c x3w 5ms | egraph 11g->130v+0snap 6ms | graft 0 (-0n, 0 snap) cpu 0 | f64 20 | gen 0.2s
 325     0     100               0  0.000794463584   0.00042205897    0.0650122651    0.0020449963    0.0830946871    0.0668523344
 325     1      50               0  0.000794463584   0.00042205897    0.0650122651    0.0020449963    0.0830946871    0.0668523344
          wgpu 1d 180g 284c x3w 6ms | egraph 15g->138v+0snap 11ms | graft 0 (-0n, 0 snap) cpu 0 | f64 20 | gen 0.3s
 326     0     100               0  0.000794463584   0.00042205897    0.0650122651    0.0020449963    0.0830946871    0.0668523344
 326     1      50               0  0.000794463584   0.00042205897    0.0650122651    0.0020449963    0.0830946871    0.0668523344
          wgpu 1d 158g 298c x3w 8ms | egraph 15g->152v+0snap 7ms | graft 0 (-0n, 0 snap) cpu 0 | f64 20 | gen 0.2s
 327     0     100               0  0.000794463584   0.00042205897    0.0650122651    0.0020449963    0.0830946871    0.0668523344
 327     1      50               0  0.000794463584   0.00042205897    0.0650122651    0.0020449963    0.0830946871    0.0668523344
          wgpu 1d 146g 280c x3w 23ms | egraph 18g->134v+0snap 8ms | graft 0 (-0n, 0 snap) cpu 0 | f64 20 | gen 0.4s
 328     0     100               0  0.000794463584   0.00042205897    0.0650122651    0.0020449963    0.0830946871    0.0668523344
 328     1      50               0  0.000794463584   0.00042205897    0.0650122651    0.0020449963    0.0830946871    0.0668523344
          wgpu 1d 181g 292c x3w 5ms | egraph 17g->146v+0snap 10ms | graft 0 (-0n, 0 snap) cpu 0 | f64 20 | gen 0.2s
 329     0     100               0  0.000794463584   0.00042205897    0.0650122651    0.0020449963    0.0830946871    0.0668523344
 329     1      50               0  0.000794463584   0.00042205897    0.0650122651    0.0020449963    0.0830946871    0.0668523344
          wgpu 1d 172g 284c x3w 6ms | egraph 15g->138v+0snap 27ms | graft 0 (-0n, 0 snap) cpu 0 | f64 20 | gen 0.3s
 330     0     100               0  0.000794463584   0.00042205897    0.0650122651    0.0020449963    0.0830946871    0.0668523344
 330     1      50               0  0.000794463584   0.00042205897    0.0650122651    0.0020449963    0.0830946871    0.0668523344
          wgpu 1d 139g 283c x3w 18ms | egraph 12g->137v+0snap 26ms | graft 0 (-0n, 0 snap) cpu 0 | f64 20 | gen 0.3s
--------- pump migration: intra (promote-2 + intake-reset) + cross ---------
 331     0     100               0  0.000794463584   0.00042205897    0.0650122651    0.0020449963    0.0830946871    0.0668523344
 331     1      50               0  0.000794463584   0.00042205897    0.0650122651    0.0020449963    0.0830946871    0.0668523344
          wgpu 2d 344g 440c x3w 21ms | egraph 87g->214v+0snap 56ms | graft 0 (-0n, 0 snap) cpu 0 | f64 30 | gen 0.3s | dropped inexpr 1 oversz 0 unbuild 0 {}
 332     0     100               0  0.000794463584   0.00042205897    0.0650122651    0.0020449963    0.0830946871    0.0668523344
 332     1      50               0  0.000794463584   0.00042205897    0.0650122651    0.0020449963    0.0830946871    0.0668523344
          wgpu 1d 144g 283c x3w 12ms | egraph 15g->137v+0snap 9ms | graft 0 (-0n, 0 snap) cpu 0 | f64 20 | gen 0.2s
 333     0     100               0  0.000794463584   0.00042205897    0.0650122651    0.0020449963    0.0830946871    0.0668523344
 333     1      50               0  0.000794463584   0.00042205897    0.0650122651    0.0020449963    0.0830946871    0.0668523344
          wgpu 1d 153g 289c x3w 14ms | egraph 12g->143v+0snap 8ms | graft 0 (-0n, 0 snap) cpu 0 | f64 20 | gen 0.2s
 334     0     100               0  0.000794463584   0.00042205897    0.0650122651    0.0020449963    0.0830946871    0.0668523344
 334     1      50               0  0.000794463584   0.00042205897    0.0650122651    0.0020449963    0.0830946871    0.0668523344
          wgpu 1d 169g 295c x3w 6ms | egraph 17g->149v+0snap 22ms | graft 0 (-0n, 0 snap) cpu 0 | f64 20 | gen 0.2s
 335     0     100               0  0.000794463584   0.00042205897    0.0650122651    0.0020449963    0.0830946871    0.0668523344
 335     1      50               0  0.000794463584   0.00042205897    0.0650122651    0.0020449963    0.0830946871    0.0668523344
          wgpu 1d 163g 297c x3w 19ms | egraph 23g->151v+0snap 16ms | graft 0 (-0n, 0 snap) cpu 0 | f64 20 | gen 0.3s
 336     0     100               0  0.000794463584   0.00042205897    0.0650122651    0.0020449963    0.0830946871    0.0668523344
 336     1      50               0  0.000794463584   0.00042205897    0.0650122651    0.0020449963    0.0830946871    0.0668523344
          wgpu 1d 170g 286c x3w 5ms | egraph 19g->140v+0snap 49ms | graft 0 (-0n, 0 snap) cpu 0 | f64 20 | gen 0.3s
 337     0     100               0  0.000794463584   0.00042205897    0.0650122651    0.0020449963    0.0830946871    0.0668523344
 337     1      50               0  0.000794463584   0.00042205897    0.0650122651    0.0020449963    0.0830946871    0.0668523344
          wgpu 1d 173g 291c x3w 6ms | egraph 15g->145v+0snap 10ms | graft 0 (-0n, 0 snap) cpu 0 | f64 20 | gen 0.2s
 338     0     100               0  0.000794463584   0.00042205897    0.0650122651    0.0020449963    0.0830946871    0.0668523344
 338     1      50               0  0.000794463584   0.00042205897    0.0650122651    0.0020449963    0.0830946871    0.0668523344
          wgpu 1d 177g 297c x3w 14ms | egraph 21g->151v+0snap 24ms | graft 0 (-0n, 0 snap) cpu 0 | f64 20 | gen 0.2s
 339     0     100               0  0.000794463584   0.00042205897    0.0650122651    0.0020449963    0.0830946871    0.0668523344
 339     1      50               0  0.000794463584   0.00042205897    0.0650122651    0.0020449963    0.0830946871    0.0668523344
          wgpu 1d 153g 285c x3w 5ms | egraph 18g->139v+0snap 10ms | graft 0 (-0n, 0 snap) cpu 0 | f64 20 | gen 0.3s
 340     0     100               0  0.000794463584   0.00042205897    0.0650122651    0.0020449963    0.0830946871    0.0668523344
 340     1      50               0  0.000794463584   0.00042205897    0.0650122651    0.0020449963    0.0830946871    0.0668523344
          wgpu 1d 151g 290c x3w 13ms | egraph 16g->144v+0snap 28ms | graft 0 (-0n, 0 snap) cpu 0 | f64 20 | gen 0.2s
--------- pump migration: intra (promote-2 + intake-reset) ---------
 341     0     100               0  0.000794463584   0.00042205897    0.0650122651    0.0020449963    0.0830946871    0.0668523344
 341     1      50               0  0.000794463584   0.00042205897    0.0650122651    0.0020449963    0.0830946871    0.0668523344
          wgpu 2d 370g 451c x3w 14ms | egraph 82g->225v+0snap 35ms | graft 0 (-0n, 0 snap) cpu 0 | f64 30 | gen 0.2s | dropped inexpr 7 oversz 0 unbuild 0 {}
 342     0     100               0  0.000794463584   0.00042205897    0.0650122651    0.0020449963    0.0830946871    0.0668523344
 342     1      50               0  0.000794463584   0.00042205897    0.0650122651    0.0020449963    0.0830946871    0.0668523344
          wgpu 1d 150g 276c x3w 5ms | egraph 21g->130v+0snap 10ms | graft 0 (-0n, 0 snap) cpu 0 | f64 20 | gen 0.2s
 343     0     100               0  0.000794463584   0.00042205897    0.0650122651    0.0020449963    0.0830946871    0.0668523344
 343     1      50               0  0.000794463584   0.00042205897    0.0650122651    0.0020449963    0.0830946871    0.0668523344
          wgpu 1d 142g 277c x3w 8ms | egraph 16g->131v+0snap 8ms | graft 0 (-0n, 0 snap) cpu 0 | f64 20 | gen 0.2s
 344     0     100               0  0.000794463584   0.00042205897    0.0650122651    0.0020449963    0.0830946871    0.0668523344
 344     1      50               0  0.000794463584   0.00042205897    0.0650122651    0.0020449963    0.0830946871    0.0668523344
          wgpu 1d 173g 294c x3w 15ms | egraph 21g->148v+0snap 12ms | graft 0 (-0n, 0 snap) cpu 0 | f64 20 | gen 0.2s
 345     0     100               0  0.000794463584   0.00042205897    0.0650122651    0.0020449963    0.0830946871    0.0668523344
 345     1      50               0  0.000794463584   0.00042205897    0.0650122651    0.0020449963    0.0830946871    0.0668523344
          wgpu 1d 153g 295c x3w 5ms | egraph 17g->149v+0snap 9ms | graft 0 (-0n, 0 snap) cpu 0 | f64 20 | gen 0.2s
 346     0     100               0  0.000794463584   0.00042205897    0.0650122651    0.0020449963    0.0830946871    0.0668523344
 346     1      50               0  0.000794463584   0.00042205897    0.0650122651    0.0020449963    0.0830946871    0.0668523344
          wgpu 1d 148g 280c x3w 7ms | egraph 18g->134v+0snap 9ms | graft 0 (-0n, 0 snap) cpu 0 | f64 20 | gen 0.2s
 347     0     100               0  0.000794463584   0.00042205897    0.0650122651    0.0020449963    0.0830946871    0.0668523344
 347     1      50               0  0.000794463584   0.00042205897    0.0650122651    0.0020449963    0.0830946871    0.0668523344
          wgpu 1d 148g 285c x3w 6ms | egraph 21g->139v+0snap 11ms | graft 0 (-0n, 0 snap) cpu 0 | f64 20 | gen 0.3s
 348     0     100               0  0.000794463584   0.00042205897    0.0650122651    0.0020449963    0.0830946871    0.0668523344
 348     1      50               0  0.000794463584   0.00042205897    0.0650122651    0.0020449963    0.0830946871    0.0668523344
          wgpu 1d 143g 285c x3w 7ms | egraph 22g->139v+0snap 14ms | graft 0 (-0n, 0 snap) cpu 0 | f64 20 | gen 0.2s
 349     0     100               0  0.000794463584   0.00042205897    0.0650122651    0.0020449963    0.0830946871    0.0668523344
 349     1      50               0  0.000794463584   0.00042205897    0.0650122651    0.0020449963    0.0830946871    0.0668523344
          wgpu 1d 186g 301c x3w 7ms | egraph 27g->155v+0snap 16ms | graft 0 (-0n, 0 snap) cpu 0 | f64 20 | gen 0.2s
 350     0     100               0  0.000794463584   0.00042205897    0.0650122651    0.0020449963    0.0830946871    0.0668523344
 350     1      50               0  0.000794463584   0.00042205897    0.0650122651    0.0020449963    0.0830946871    0.0668523344
          wgpu 1d 164g 279c x3w 5ms | egraph 21g->133v+0snap 15ms | graft 0 (-0n, 0 snap) cpu 0 | f64 20 | gen 0.3s | dropped inexpr 1 oversz 0 unbuild 0 {}
--------- pump migration: intra (promote-2 + intake-reset) ---------
 351     0     100               0  0.000794463584   0.00042205897    0.0650122651    0.0020449963    0.0830946871    0.0668523344
 351     1      50               0  0.000794463584   0.00042205897    0.0650122651    0.0020449963    0.0830946871    0.0668523344
          wgpu 2d 336g 428c x3w 15ms | egraph 83g->202v+0snap 49ms | graft 0 (-0n, 0 snap) cpu 0 | f64 30 | gen 0.3s | dropped inexpr 4 oversz 0 unbuild 0 {}
 352     0     100               0  0.000794463584   0.00042205897    0.0650122651    0.0020449963    0.0830946871    0.0668523344
 352     1      50               0  0.000794463584   0.00042205897    0.0650122651    0.0020449963    0.0830946871    0.0668523344
          wgpu 1d 172g 298c x3w 7ms | egraph 13g->152v+0snap 12ms | graft 0 (-0n, 0 snap) cpu 0 | f64 20 | gen 0.2s
 353     0     100               0  0.000794463584   0.00042205897    0.0650122651    0.0020449963    0.0830946871    0.0668523344
 353     1      50               0  0.000794463584   0.00042205897    0.0650122651    0.0020449963    0.0830946871    0.0668523344
          wgpu 1d 129g 272c x3w 5ms | egraph 18g->126v+0snap 11ms | graft 0 (-0n, 0 snap) cpu 0 | f64 20 | gen 0.2s
 354     0     100               0  0.000794463584   0.00042205897    0.0650122651    0.0020449963    0.0830946871    0.0668523344
 354     1      50               0  0.000794463584   0.00042205897    0.0650122651    0.0020449963    0.0830946871    0.0668523344
          wgpu 1d 157g 293c x3w 28ms | egraph 19g->147v+0snap 11ms | graft 0 (-0n, 0 snap) cpu 0 | f64 20 | gen 0.3s | dropped inexpr 1 oversz 0 unbuild 0 {}
 355     0     100               0  0.000794463584   0.00042205897    0.0650122651    0.0020449963    0.0830946871    0.0668523344
 355     1      50               0  0.000794463584   0.00042205897    0.0650122651    0.0020449963    0.0830946871    0.0668523344
          wgpu 1d 137g 284c x3w 10ms | egraph 9g->138v+0snap 9ms | graft 0 (-0n, 0 snap) cpu 0 | f64 20 | gen 0.3s
 356     0     100               0  0.000794463584   0.00042205897    0.0650122651    0.0020449963    0.0830946871    0.0668523344
 356     1      50               0  0.000794463584   0.00042205897    0.0650122651    0.0020449963    0.0830946871    0.0668523344
          wgpu 1d 137g 280c x3w 21ms | egraph 14g->134v+0snap 18ms | graft 0 (-0n, 0 snap) cpu 0 | f64 20 | gen 0.3s
 357     0     100               0  0.000794463584   0.00042205897    0.0650122651    0.0020449963    0.0830946871    0.0668523344
 357     1      50               0  0.000794463584   0.00042205897    0.0650122651    0.0020449963    0.0830946871    0.0668523344
          wgpu 1d 153g 290c x3w 10ms | egraph 18g->144v+0snap 22ms | graft 0 (-0n, 0 snap) cpu 0 | f64 20 | gen 0.2s
 358     0     100               0  0.000794463584   0.00042205897    0.0650122651    0.0020449963    0.0830946871    0.0668523344
 358     1      50               0  0.000794463584   0.00042205897    0.0650122651    0.0020449963    0.0830946871    0.0668523344
          wgpu 1d 176g 299c x3w 5ms | egraph 17g->153v+0snap 34ms | graft 0 (-0n, 0 snap) cpu 0 | f64 20 | gen 0.2s
 359     0     100               0  0.000794463584   0.00042205897    0.0650122651    0.0020449963    0.0830946871    0.0668523344
 359     1      50               0  0.000794463584   0.00042205897    0.0650122651    0.0020449963    0.0830946871    0.0668523344
          wgpu 1d 150g 279c x3w 7ms | egraph 14g->133v+0snap 8ms | graft 0 (-0n, 0 snap) cpu 0 | f64 20 | gen 0.3s
 360     0     100               0  0.000794463584   0.00042205897    0.0650122651    0.0020449963    0.0830946871    0.0668523344
 360     1      50               0  0.000794463584   0.00042205897    0.0650122651    0.0020449963    0.0830946871    0.0668523344
          wgpu 1d 149g 290c x3w 5ms | egraph 10g->144v+0snap 13ms | graft 0 (-0n, 0 snap) cpu 0 | f64 20 | gen 0.2s
--------- pump migration: intra (promote-2 + intake-reset) + cross ---------
 361     0     100               0  0.000794463584   0.00042205897    0.0650122651    0.0020449963    0.0830946871    0.0668523344
 361     1      50               0  0.000794463584   0.00042205897    0.0650122651    0.0020449963    0.0830946871    0.0668523344
          wgpu 2d 400g 490c x3w 32ms | egraph 113g->264v+0snap 50ms | graft 0 (-0n, 0 snap) cpu 0 | f64 30 | gen 0.5s | dropped inexpr 4 oversz 0 unbuild 0 {}
 362     0     100               0  0.000794463584   0.00042205897    0.0650122651    0.0020449963    0.0830946871    0.0668523344
 362     1      50               0  0.000794463584   0.00042205897    0.0650122651    0.0020449963    0.0830946871    0.0668523344
          wgpu 1d 157g 282c x3w 5ms | egraph 19g->136v+0snap 30ms | graft 0 (-0n, 0 snap) cpu 0 | f64 20 | gen 0.2s | dropped inexpr 1 oversz 0 unbuild 0 {}
 363     0     100               0  0.000794463584   0.00042205897    0.0650122651    0.0020449963    0.0830946871    0.0668523344
 363     1      50               0  0.000794463584   0.00042205897    0.0650122651    0.0020449963    0.0830946871    0.0668523344
          wgpu 1d 192g 298c x3w 6ms | egraph 20g->152v+0snap 14ms | graft 0 (-0n, 0 snap) cpu 0 | f64 20 | gen 0.4s | dropped inexpr 1 oversz 0 unbuild 0 {}
 364     0     100               0  0.000794463584   0.00042205897    0.0650122651    0.0020449963    0.0830946871    0.0668523344
 364     1      50               0  0.000794463584   0.00042205897    0.0650122651    0.0020449963    0.0830946871    0.0668523344
          wgpu 1d 143g 283c x3w 7ms | egraph 20g->137v+0snap 14ms | graft 0 (-0n, 0 snap) cpu 0 | f64 20 | gen 0.2s
 365     0     100               0  0.000794463584   0.00042205897    0.0650122651    0.0020449963    0.0830946871    0.0668523344
 365     1      50               0  0.000794463584   0.00042205897    0.0650122651    0.0020449963    0.0830946871    0.0668523344
          wgpu 1d 147g 285c x3w 5ms | egraph 23g->139v+0snap 13ms | graft 0 (-0n, 0 snap) cpu 0 | f64 20 | gen 0.3s
 366     0     100               0  0.000794463584   0.00042205897    0.0650122651    0.0020449963    0.0830946871    0.0668523344
 366     1      50               0  0.000794463584   0.00042205897    0.0650122651    0.0020449963    0.0830946871    0.0668523344
          wgpu 1d 153g 287c x3w 36ms | egraph 20g->141v+0snap 9ms | graft 0 (-0n, 0 snap) cpu 0 | f64 20 | gen 0.3s
 367     0     100               0  0.000794463584   0.00042205897    0.0650122651    0.0020449963    0.0830946871    0.0668523344
 367     1      50               0  0.000794463584   0.00042205897    0.0650122651    0.0020449963    0.0830946871    0.0668523344
          wgpu 1d 155g 298c x3w 9ms | egraph 30g->152v+0snap 37ms | graft 0 (-0n, 0 snap) cpu 0 | f64 20 | gen 0.3s
 368     0     100               0  0.000794463584   0.00042205897    0.0650122651    0.0020449963    0.0830946871    0.0668523344
 368     1      50               0  0.000794463584   0.00042205897    0.0650122651    0.0020449963    0.0830946871    0.0668523344
          wgpu 1d 157g 290c x3w 9ms | egraph 18g->144v+0snap 15ms | graft 0 (-0n, 0 snap) cpu 0 | f64 20 | gen 0.3s
 369     0     100               0  0.000794463584   0.00042205897    0.0650122651    0.0020449963    0.0830946871    0.0668523344
 369     1      50               0  0.000794463584   0.00042205897    0.0650122651    0.0020449963    0.0830946871    0.0668523344
          wgpu 1d 162g 293c x3w 6ms | egraph 23g->147v+0snap 18ms | graft 0 (-0n, 0 snap) cpu 0 | f64 20 | gen 0.3s
 370     0     100               0  0.000794463584   0.00042205897    0.0650122651    0.0020449963    0.0830946871    0.0668523344
 370     1      50               0  0.000794463584   0.00042205897    0.0650122651    0.0020449963    0.0830946871    0.0668523344
          wgpu 1d 162g 296c x3w 14ms | egraph 18g->150v+0snap 19ms | graft 0 (-0n, 0 snap) cpu 0 | f64 20 | gen 0.2s | dropped inexpr 1 oversz 0 unbuild 0 {}
--------- pump migration: intra (promote-2 + intake-reset) ---------
 371     0     100               0   0.00362498577   0.00222012369     0.285968413   0.00417593906     0.379145205      0.35165809
 371     1      50               0  0.000794463584   0.00042205897    0.0650122651    0.0020449963    0.0830946871    0.0668523344
          wgpu 2d 391g 463c x3w 12ms | egraph 131g->237v+0snap 70ms | graft 0 (-0n, 0 snap) cpu 0 | f64 30 | gen 0.3s | dropped inexpr 9 oversz 0 unbuild 0 {}
 372     0     100               0   0.00362498577   0.00222012369     0.285968413   0.00417593906     0.379145205      0.35165809
 372     1      50               0  0.000794463584   0.00042205897    0.0650122651    0.0020449963    0.0830946871    0.0668523344
          wgpu 1d 174g 312c x3w 11ms | egraph 42g->166v+0snap 15ms | graft 0 (-0n, 0 snap) cpu 0 | f64 20 | gen 0.2s | dropped inexpr 1 oversz 0 unbuild 0 {}
 373     0     100               0  0.000739428811  0.000396196389    0.0647754707   0.00183110489    0.0773384796    0.0627558123
 373     1      50               0  0.000794463584   0.00042205897    0.0650122651    0.0020449963    0.0830946871    0.0668523344
          wgpu 1d 191g 313c x3w 13ms | egraph 43g->167v+0snap 30ms | graft 0 (-0n, 0 snap) cpu 0 | f64 20 | gen 0.3s
 374     0     100               0  0.000739428811  0.000396196389    0.0647754707   0.00183110489    0.0773384796    0.0627558123
 374     1      50               0  0.000794463584   0.00042205897    0.0650122651    0.0020449963    0.0830946871    0.0668523344
          wgpu 1d 177g 306c x3w 33ms | egraph 31g->160v+0snap 18ms | graft 0 (-0n, 0 snap) cpu 0 | f64 20 | gen 0.3s
 375     0     100               0  0.000739428811  0.000396196389    0.0647754707   0.00183110489    0.0773384796    0.0627558123
 375     1      50               0  0.000794463584   0.00042205897    0.0650122651    0.0020449963    0.0830946871    0.0668523344
          wgpu 1d 175g 306c x3w 6ms | egraph 36g->160v+0snap 21ms | graft 0 (-0n, 0 snap) cpu 0 | f64 20 | gen 0.3s
 376     0     100               0  0.000739428811  0.000396196389    0.0647754707   0.00183110489    0.0773384796    0.0627558123
 376     1      50               0  0.000794463584   0.00042205897    0.0650122651    0.0020449963    0.0830946871    0.0668523344
          wgpu 1d 197g 308c x3w 12ms | egraph 46g->162v+0snap 33ms | graft 0 (-0n, 0 snap) cpu 0 | f64 20 | gen 0.3s
 377     0     100               0  0.000739428811  0.000396196389    0.0647754707   0.00183110489    0.0773384796    0.0627558123
 377     1      50               0  0.000794463397  0.000422059036    0.0650123598     0.002044996    0.0830946676     0.066852345
          wgpu 1d 207g 320c x3w 11ms | egraph 37g->174v+0snap 22ms | graft 0 (-0n, 0 snap) cpu 0 | f64 20 | gen 0.3s
 378     0     100               0  0.000739428811  0.000396196389    0.0647754707   0.00183110489    0.0773384796    0.0627558123
 378     1      50               0  0.000794463397  0.000422059036    0.0650123598     0.002044996    0.0830946676     0.066852345
          wgpu 1d 177g 297c x3w 9ms | egraph 30g->151v+0snap 41ms | graft 0 (-0n, 0 snap) cpu 0 | f64 20 | gen 0.3s
 379     0     100               0  0.000739428811  0.000396196389    0.0647754707   0.00183110489    0.0773384796    0.0627558123
 379     1      50               0  0.000794463397  0.000422059036    0.0650123598     0.002044996    0.0830946676     0.066852345
          wgpu 1d 183g 297c x3w 6ms | egraph 41g->151v+0snap 18ms | graft 0 (-0n, 0 snap) cpu 0 | f64 20 | gen 0.2s | dropped inexpr 1 oversz 0 unbuild 0 {}
 380     0     100               0  0.000739428811  0.000396196389    0.0647754707   0.00183110489    0.0773384796    0.0627558123
 380     1      50               0  0.000794463397  0.000422059036    0.0650123598     0.002044996    0.0830946676     0.066852345
          wgpu 1d 193g 313c x3w 7ms | egraph 35g->167v+0snap 16ms | graft 0 (-0n, 0 snap) cpu 0 | f64 20 | gen 0.2s | dropped inexpr 1 oversz 0 unbuild 0 {}
--------- pump migration: intra (promote-2 + intake-reset) ---------
 381     0     100               0  0.000739428811  0.000396196389    0.0647754707   0.00183110489    0.0773384796    0.0627558123
 381     1      50               0  0.000739428811  0.000396196389    0.0647754707   0.00183110489    0.0773384796    0.0627558123
          wgpu 2d 431g 468c x3w 29ms | egraph 118g->242v+0snap 83ms | graft 0 (-0n, 0 snap) cpu 0 | f64 30 | gen 0.3s | dropped inexpr 12 oversz 0 unbuild 0 {}
 382     0     100               0  0.000739428811  0.000396196389    0.0647754707   0.00183110489    0.0773384796    0.0627558123
 382     1      50               0  0.000739428811  0.000396196389    0.0647754707   0.00183110489    0.0773384796    0.0627558123
          wgpu 1d 207g 332c x3w 6ms | egraph 36g->186v+0snap 22ms | graft 0 (-0n, 0 snap) cpu 0 | f64 20 | gen 0.2s
 383     0     100               0  0.000739428811  0.000396196389    0.0647754707   0.00183110489    0.0773384796    0.0627558123
 383     1      50               0  0.000739428811  0.000396196389    0.0647754707   0.00183110489    0.0773384796    0.0627558123
          wgpu 1d 214g 317c x3w 7ms | egraph 38g->171v+0snap 23ms | graft 0 (-0n, 0 snap) cpu 0 | f64 20 | gen 0.3s
 384     0     100               0  0.000739428811  0.000396196389    0.0647754707   0.00183110489    0.0773384796    0.0627558123
 384     1      50               0  0.000739428811  0.000396196389    0.0647754707   0.00183110489    0.0773384796    0.0627558123
          wgpu 1d 200g 315c x3w 8ms | egraph 38g->169v+0snap 20ms | graft 0 (-0n, 0 snap) cpu 0 | f64 20 | gen 0.2s | dropped inexpr 1 oversz 0 unbuild 0 {}
 385     0     100               0  0.000739428811  0.000396196389    0.0647754707   0.00183110489    0.0773384796    0.0627558123
 385     1      50               0  0.000739428811  0.000396196389    0.0647754707   0.00183110489    0.0773384796    0.0627558123
          wgpu 1d 197g 307c x3w 12ms | egraph 38g->161v+0snap 26ms | graft 0 (-0n, 0 snap) cpu 0 | f64 20 | gen 0.2s | dropped inexpr 1 oversz 0 unbuild 0 {}
 386     0     100               0  0.000739428811  0.000396196389    0.0647754707   0.00183110489    0.0773384796    0.0627558123
 386     1      50               0  0.000739428811  0.000396196389    0.0647754707   0.00183110489    0.0773384796    0.0627558123
          wgpu 1d 220g 333c x3w 7ms | egraph 35g->187v+0snap 28ms | graft 0 (-0n, 0 snap) cpu 0 | f64 20 | gen 0.3s
 387     0     100               0  0.000739428811  0.000396196389    0.0647754707   0.00183110489    0.0773384796    0.0627558123
 387     1      50               0  0.000739428811  0.000396196389    0.0647754707   0.00183110489    0.0773384796    0.0627558123
          wgpu 1d 211g 316c x3w 13ms | egraph 36g->170v+0snap 30ms | graft 0 (-0n, 0 snap) cpu 0 | f64 20 | gen 0.3s
 388     0     100               0  0.000739428811  0.000396196389    0.0647754707   0.00183110489    0.0773384796    0.0627558123
 388     1      50               0  0.000739428811  0.000396196389    0.0647754707   0.00183110489    0.0773384796    0.0627558123
          wgpu 1d 245g 341c x3w 7ms | egraph 41g->195v+0snap 24ms | graft 0 (-0n, 0 snap) cpu 0 | f64 20 | gen 0.2s
 389     0     100               0  0.000739428811  0.000396196389    0.0647754707   0.00183110489    0.0773384796    0.0627558123
 389     1      50               0  0.000739428811  0.000396196389    0.0647754707   0.00183110489    0.0773384796    0.0627558123
          wgpu 1d 226g 342c x3w 22ms | egraph 36g->196v+0snap 17ms | graft 0 (-0n, 0 snap) cpu 0 | f64 20 | gen 0.3s
 390     0     100               0  0.000739428811  0.000396196389    0.0647754707   0.00183110489    0.0773384796    0.0627558123
 390     1      50               0  0.000739428811  0.000396196389    0.0647754707   0.00183110489    0.0773384796    0.0627558123
          wgpu 1d 240g 338c x3w 8ms | egraph 40g->192v+0snap 31ms | graft 0 (-0n, 0 snap) cpu 0 | f64 20 | gen 0.2s
--------- pump migration: intra (promote-2 + intake-reset) + cross ---------
 391     0     100               0  0.000739428811  0.000396196389    0.0647754707   0.00183110489    0.0773384796    0.0627558123
 391     1      50               0  0.000739428811  0.000396196389    0.0647754707   0.00183110489    0.0773384796    0.0627558123
          wgpu 2d 413g 500c x3w 25ms | egraph 100g->274v+0snap 56ms | graft 0 (-0n, 0 snap) cpu 0 | f64 30 | gen 0.3s | dropped inexpr 1 oversz 0 unbuild 0 {}
--------- pump migration: cross-class ---------
 392     0     100               0  0.000739428811  0.000396196389    0.0647754707   0.00183110489    0.0773384796    0.0627558123
 392     1      50               0  0.000739428811  0.000396196389    0.0647754707   0.00183110489    0.0773384796    0.0627558123
          wgpu 2d 425g 475c x3w 24ms | egraph 116g->249v+0snap 61ms | graft 0 (-0n, 0 snap) cpu 0 | f64 30 | gen 0.3s | dropped inexpr 2 oversz 0 unbuild 0 {}
--------- pump migration: cross-class ---------
 393     0     100               0  0.000739428811  0.000396196389    0.0647754707   0.00183110489    0.0773384796    0.0627558123
 393     1      50               0  0.000739428811  0.000396196389    0.0647754707   0.00183110489    0.0773384796    0.0627558123
          wgpu 2d 437g 498c x3w 12ms | egraph 98g->272v+0snap 68ms | graft 0 (-0n, 0 snap) cpu 0 | f64 30 | gen 0.3s | dropped inexpr 2 oversz 0 unbuild 0 {}
--------- pump migration: cross-class ---------
 394     0     100               0  0.000739428811  0.000396196389    0.0647754707   0.00183110489    0.0773384796    0.0627558123
 394     1      50               0  0.000739428811  0.000396196389    0.0647754707   0.00183110489    0.0773384796    0.0627558123
          wgpu 2d 428g 484c x3w 13ms | egraph 95g->258v+0snap 52ms | graft 0 (-0n, 0 snap) cpu 0 | f64 30 | gen 0.2s | dropped inexpr 2 oversz 0 unbuild 0 {}
--------- pump migration: cross-class ---------
 395     0     100               0  0.000739428811  0.000396196389    0.0647754707   0.00183110489    0.0773384796    0.0627558123
 395     1      50               0  0.000739428811  0.000396196389    0.0647754707   0.00183110489    0.0773384796    0.0627558123
          wgpu 2d 411g 465c x3w 32ms | egraph 103g->239v+0snap 50ms | graft 0 (-0n, 0 snap) cpu 0 | f64 30 | gen 0.2s | dropped inexpr 2 oversz 0 unbuild 0 {}
--------- pump migration: cross-class ---------
 396     0     100               0  0.000739428811  0.000396196389    0.0647754707   0.00183110489    0.0773384796    0.0627558123
 396     1      50               0  0.000739428811  0.000396196389    0.0647754707   0.00183110489    0.0773384796    0.0627558123
          wgpu 2d 410g 465c x3w 30ms | egraph 110g->239v+0snap 60ms | graft 0 (-0n, 0 snap) cpu 0 | f64 30 | gen 0.3s | dropped inexpr 1 oversz 0 unbuild 0 {}
--------- pump migration: cross-class ---------
 397     0     100               0  0.000739428811  0.000396196389    0.0647754707   0.00183110489    0.0773384796    0.0627558123
 397     1      50               0  0.000739428811  0.000396196389    0.0647754707   0.00183110489    0.0773384796    0.0627558123
          wgpu 2d 401g 454c x3w 19ms | egraph 108g->228v+0snap 74ms | graft 0 (-0n, 0 snap) cpu 0 | f64 30 | gen 0.3s | dropped inexpr 4 oversz 0 unbuild 0 {}
--------- pump migration: cross-class ---------
 398     0     100               0  0.000739428811  0.000396196389    0.0647754707   0.00183110489    0.0773384796    0.0627558123
 398     1      50               0  0.000739428811  0.000396196389    0.0647754707   0.00183110489    0.0773384796    0.0627558123
          wgpu 2d 420g 478c x3w 12ms | egraph 104g->252v+0snap 97ms | graft 0 (-0n, 0 snap) cpu 0 | f64 30 | gen 0.2s | dropped inexpr 3 oversz 0 unbuild 0 {}
--------- pump migration: cross-class ---------
 399     0     100               0  0.000739428811  0.000396196389    0.0647754707   0.00183110489    0.0773384796    0.0627558123
 399     1      50               0  0.000739428811  0.000396196389    0.0647754707   0.00183110489    0.0773384796    0.0627558123
          wgpu 2d 374g 456c x3w 11ms | egraph 95g->230v+0snap 60ms | graft 0 (-0n, 0 snap) cpu 0 | f64 30 | gen 0.3s | dropped inexpr 5 oversz 0 unbuild 0 {}
--------- pump migration: cross-class ---------
 400     0     100               0  0.000739428811  0.000396196389    0.0647754707   0.00183110489    0.0773384796    0.0627558123
 400     1      50               0  0.000739428811  0.000396196389    0.0647754707   0.00183110489    0.0773384796    0.0627558123
          wgpu 2d 393g 457c x3w 26ms | egraph 102g->231v+0snap 67ms | graft 0 (-0n, 0 snap) cpu 0 | f64 30 | gen 0.3s | dropped inexpr 3 oversz 0 unbuild 0 {}
--------- pump migration: intra (promote-2 + intake-reset) + cross ---------

This sub-run: 2026-09-19 06:16:15.344800 → 2026-09-19 06:18:00.086229
Now at generation 400 (HOF size: 30)
[join] 450 dispatches, 72,813 genes, 369,108 candidates scored in 4.52s GPU+host; e-graph 13,600 trees -> 60,563 variants + 0 snaps in 9.70s; 0 grafts (0 snap), 0 nodes removed; cpu-path individuals 0, f64-rejected 0, snaps refused for naming an input 0
[join]   inexpressible:    290  no pset token for semantic id "pow" with arity 2
  HFF-chosen LSM kept: a=-0.148976, b=0.159794
Chromosome wrapper: id=1  →  log_abs
hof[0] runtime val: mse=5.200e-04  R²=0.917642
Pre-snap expression (after sympify + LSM compose):
  0.159793834316641 - 0.148975616864193*log(Abs(d/3 + epsilon/3 - q/3 + 2*cos(7)/Abs(sqrt(q))))

Per-level snap results (before MSE scoring):
  strict      →  0.323460277715556 - 0.148975616864193*log(Abs(d + epsilon - q + 4.52341352605983/sqrt(q)))
  default     →  0.323460277715556 - 0.148975616864193*log(Abs(d + epsilon - q + 4.52341352605983/sqrt(q)))
  aggressive  →  0.323460277715556 - 0.148975616864193*log(Abs(d + epsilon - q + 4.52341352605983/sqrt(q)))

Snap-level comparison (sorted by holdout MSE, lowest first)
------------------------------------------------------------------------------------------
  level       MSE            R²         expression                                        
------------------------------------------------------------------------------------------
★ strict      0.0004959      0.9325     0.323460277715556 - 0.148975616864193*log(Abs(d + 
  default     0.0004959      0.9325     0.323460277715556 - 0.148975616864193*log(Abs(d + 
  aggressive  0.0004959      0.9325     0.323460277715556 - 0.148975616864193*log(Abs(d + 

Winning snap level: 'strict'  →  0.323460277715556 - 0.148975616864193*log(Abs(d + epsilon - q + 4.52341352605983/sqrt(q)))

Canonical discovered expression: 0.323460277715556 - 0.148975616864193*log(Abs(d + epsilon - q + 4.52341352605983/sqrt(q)))
[38;2;0;50;255m
############################################################ [38;2;255;255;255m
[38;2;0;50;255m Equation Recovery: II_8_7 [38;2;255;255;255m
[38;2;0;50;255m Truth: 3/5*q**2/(4*pi*epsilon*d) [38;2;255;255;255m
[38;2;0;50;255m [38;2;255;255;255m
[38;2;255;0;255m     Exact recovery     : False [38;2;255;255;255m
[38;2;255;0;255m     Numerical recovery : False (max rel_err 1.05e+02 on 10k samples) [38;2;255;255;255m
[38;2;255;0;255m     Discovered         : 0.323460277715556 - 0.148975616864193*log(Abs(d + epsilon - q + 4.52341352605983/sqrt(q))) [38;2;255;255;255m
[38;2;255;0;255m     LSM (a, b)         : (-0.148976, 0.159794) [38;2;255;255;255m
[38;2;0;50;255m
############################################################ [38;2;255;255;255m
In-range holdout : MSE=0.0004959  MAE=0.01519  R²=0.9325
Extrapolation    : MSE=0.002088  MAE=0.03206  R²=0.7739

Top 10 HOF models (north_pole=truenorth) (★ = Pareto-optimal)
(deduped HOF: 2 unique chromosomes from 30 raw HOF entries)
 ----------------------------------------------------------------------------------------------------------------
       model     wrapper      length   train_mse     val_mse     max_err    train_r2      val_r2 angular_distance
 ----------------------------------------------------------------------------------------------------------------
★           0     log_abs          11      0.0005      0.0005      0.1428      0.9427      0.9176      0.0000
★          20     log_abs          11      0.0005      0.0005      0.1428      0.9427      0.9176      0.0000

Pareto-optimal in top 2: 2    Pareto-optimal in full HOF: 2 / 2

Recovery sweep across 2/2 unique HOF chromosomes (capped):
  Structural / exact     : 0/2  (0.0%)
  Numerical (≤1e-6 err)  : 0/2  (0.0%)
{
    "date": "2026/09/19",
    "seed": "5",
    "task": "equation_recovery",
    "north_pole_method": "truenorth",
    "hff_include_val": true,
    "problem": "II_8_7",
    "truth_expr": "3/5*q**2/(4*pi*epsilon*d)",
    "final_terminal_inputs": [
        "q",
        "epsilon",
        "d"
    ],
    "wide_primitives": true,
    "head_length": "48",
    "n_genes": "3",
    "rnc_array_length": "10",
    "tournament size": "intake=8, champion=5",
    "population size": "150",
    "population per island": "intake=100, champion=50",
    "gpu_join": true,
    "eclass_k": 8,
    "number of elites": "2",
    "number of generations": "400",
    "number of islands": "2",
    "migration FREQ": "30",
    "wrapper_id": 1,
    "wrapper_name": "log_abs",
    "recovery_exact": false,
    "recovery_numerical": false,
    "recovery_max_rel_err": 105.14237346544388,
    "discovered_expr": "0.323460277715556 - 0.148975616864193*log(Abs(d + epsilon - q + 4.52341352605983/sqrt(q)))",
    "holdout_mse": 0.0004958706920879861,
    "holdout_r2": 0.9324988339500518,
    "extrap_mse": 0.0020881027941586287,
    "extrap_r2": 0.7738718399323508,
    "hof_size": 2,
    "hof_exact_recoveries": 0,
    "hof_numerical_recoveries": 0
}
