/opt/anaconda3/lib/python3.12/site-packages/geppy/__init__.py:26: UserWarning: pkg_resources is deprecated as an API. See https://setuptools.pypa.io/en/latest/pkg_resources.html. The pkg_resources package is slated for removal as early as 2025-11-30. Refrain from using this package or pin to Setuptools<81.
  from pkg_resources import get_distribution, DistributionNotFound
hff library OK (test fitness: (0.1415394733244273,))
registry: ['circle_area', 'gravity', 'coulomb', 'pendulum', 'keplers3', 'ideal_gas', 'I_6_2a', 'I_6_2', 'I_6_2b', 'I_8_14', 'I_9_18', 'I_10_7', 'I_11_19', 'I_12_1', 'I_12_2', 'I_12_4', 'I_12_5', 'I_12_11', 'I_13_4', 'I_13_12', 'I_14_3', 'I_14_4', 'I_15_3x', 'I_15_3t', 'I_15_1', 'I_16_6', 'I_18_4', 'I_18_12', 'I_18_14', 'I_24_6', 'I_25_13', 'I_26_2', 'I_27_6', 'I_29_4', 'I_29_16', 'I_30_3', 'I_30_5', 'I_32_5', 'I_32_17', 'I_34_8', 'I_34_1', 'I_34_14', 'I_34_27', 'I_37_4', 'I_38_12', 'I_39_1', 'I_39_11', 'I_39_22', 'I_40_1', 'I_41_16', 'I_43_16', 'I_43_31', 'I_43_43', 'I_44_4', 'I_47_23', 'I_48_2', 'I_50_26', 'II_2_42', 'II_3_24', 'II_4_23', 'II_6_11', 'II_6_15a', 'II_6_15b', 'II_8_7', 'II_8_31', 'II_10_9', 'II_11_3', 'II_11_17', 'II_11_20', 'II_11_27', 'II_11_28', 'II_13_17', 'II_13_23', 'II_13_34', 'II_15_4', 'II_15_5', 'II_21_32', 'II_24_17', 'II_27_16', 'II_27_18', 'II_34_2a', 'II_34_2', 'II_34_11', 'II_34_29a', 'II_34_29b', 'II_35_18', 'II_35_21', 'II_36_38', 'II_37_1', 'II_38_3', 'II_38_14', 'III_4_32', 'III_4_33', 'III_7_38', 'III_8_54', 'III_9_52', 'III_10_19', 'III_12_43', 'III_13_18', 'III_14_14', 'III_15_12', 'III_15_14', 'III_15_27', 'III_17_37', 'III_19_51', 'III_21_20', 'test_1', 'test_2', 'test_3', 'test_4', 'test_5', 'test_6', 'test_7', 'test_8', 'test_9', 'test_10', 'test_11', 'test_12', 'test_13', 'test_14', 'test_15', 'test_16', 'test_17', 'test_18', 'test_19', 'test_20']
[feynman override] head_length=48 (keep n_genes=3, avgval linker)
Selected problem: II_4_23
  Description : Feynman I-III II.4.23: Volt = q/(4*pi*epsilon*r)
  Variables   : ['q', 'epsilon', 'r']
  Train range : {'q': (1.0, 5.0), 'epsilon': (1.0, 5.0), 'r': (1.0, 5.0)}
  Extrap range: {'q': (1.0, 7.5), 'epsilon': (1.0, 7.5), 'r': (1.0, 7.5)}
  Truth       : q/(4*pi*epsilon*r)
  ✓ cache hit  (data/equations/II_4_23, key=da8d14bc068bb563)
  train           (800, 4)  target range=[0.003924, 0.2784]
  val             (200, 4)  target range=[0.003929, 0.2359]
  holdout         (200, 4)  target range=[0.004948, 0.2284]
  extrapolation   (200, 4)  target range=[0.002177, 0.1569]
  saved figure → data/figures/II_4_23/eda_pairplot.png
Wide primitive set enabled: sin, cos, exp, log added.
[E22 rules] variable pattern tags: {'coulomb_form'}
[E22/23 rules] static candidate count: 1
[E22/23 rules] allowed to take a fitness slot (exact): 0
  [sum_sq_all/sum_sq] a=-0.0010 b=7.1917e-02 1-R²_va=9.7117e-01
[fuller] denoise + snap IN THE JOIN (every gene, every generation, K=8); mutation operators: physics=0.2 concretize=0.05
Wrapper scope: per_island  (island → wrapper map: ['identity', 'identity'])
[wgpu] process pool disabled — Metal cannot survive fork(); the population is evaluated in one dispatch instead
Genes: head_length=48, n_genes=3, rnc_array_length=10
Population: (per-island, see below), elites: 2, generations: 400, migration FREQ: 30
  pump per-island sizes: intake=100 (tournsize=8), champion=50 (tournsize=5)
Initialising evolution at 2026-09-19 05:56:43.594199
 gen  deme   evals     min fitness          mse_tr          mse_va         max_err      mse_extrap  one_minus_r2_tr  one_minus_r2_va
   0     0     100     0.118813365   0.00040646246  0.000335652529    0.0738867513   0.00056776392     0.298947459     0.367524121
   0     1      50               0    0.0004522803  0.000349291202     0.115636829  0.000874753978      0.33264584     0.382457842
          wgpu 1d 323g 279c x3w 10ms | egraph 187g->129v+0snap 164ms | graft 65 (-226n, 0 snap) cpu 0 | f64 33 | gen 0.0s | dropped inexpr 2 oversz 0 unbuild 0 {}
Extending evolution: gen 1 → 400 (+400 generations)
   1     0     100    0.0957138354  0.000241824333  0.000149659506    0.0943141205  0.000487815691     0.177858417     0.163870293
   1     1      50               0    0.0004522803  0.000349291202     0.115636829  0.000874753978      0.33264584     0.382457842
          wgpu 1d 198g 269c x3w 5ms | egraph 64g->123v+0snap 30ms | graft 49 (-190n, 0 snap) cpu 0 | f64 36 | gen 0.7s | dropped inexpr 2 oversz 0 unbuild 0 {}
   2     0     100    0.0086770568  0.000110642908  9.26305734e-05    0.0325329178  0.000312568904    0.0813763129     0.101426228
   2     1      50               0    0.0004522803  0.000349291202     0.115636829  0.000874753978      0.33264584     0.382457842
          wgpu 1d 142g 250c x3w 4ms | egraph 56g->104v+0snap 15ms | graft 47 (-101n, 0 snap) cpu 0 | f64 28 | gen 0.6s | dropped inexpr 1 oversz 0 unbuild 0 {}
   3     0     100    0.0086770568  0.000110642908  9.26305734e-05    0.0325329178  0.000312568904    0.0813763129     0.101426228
   3     1      50               0    0.0004522803  0.000349291202     0.115636829  0.000874753978      0.33264584     0.382457842
          wgpu 1d 170g 245c x3w 4ms | egraph 78g->99v+0snap 24ms | graft 51 (-116n, 0 snap) cpu 0 | f64 34 | gen 0.4s | dropped inexpr 1 oversz 0 unbuild 0 {}
   4     0     100               0  0.000110642908  9.26305734e-05    0.0325329178  0.000312568904    0.0813763129     0.101426228
   4     1      50               0    0.0004522803  0.000349291202     0.115636829  0.000874753978      0.33264584     0.382457842
          wgpu 1d 119g 216c x3w 3ms | egraph 45g->70v+0snap 13ms | graft 36 (-85n, 0 snap) cpu 0 | f64 39 | gen 0.7s
   5     0     100               0  0.000110642817  9.26305839e-05    0.0325328913  0.000312569085    0.0813762457      0.10142624
   5     1      50               0    0.0004522803  0.000349291202     0.115636829  0.000874753978      0.33264584     0.382457842
          wgpu 1d 152g 245c x3w 4ms | egraph 44g->99v+0snap 18ms | graft 44 (-136n, 0 snap) cpu 0 | f64 20 | gen 0.4s
   6     0     100               0  0.000110642817  9.26305839e-05    0.0325328913  0.000312569085    0.0813762457      0.10142624
   6     1      50               0    0.0004522803  0.000349291202     0.115636829  0.000874753978      0.33264584     0.382457842
          wgpu 1d 153g 229c x3w 11ms | egraph 53g->83v+0snap 18ms | graft 43 (-108n, 0 snap) cpu 0 | f64 20 | gen 1.0s
   7     0     100               0  0.000110642817  9.26305839e-05    0.0325328913  0.000312569085    0.0813762457      0.10142624
   7     1      50               0    0.0004522803  0.000349291202     0.115636829  0.000874753978      0.33264584     0.382457842
          wgpu 1d 150g 247c x3w 4ms | egraph 54g->101v+0snap 16ms | graft 49 (-139n, 0 snap) cpu 0 | f64 20 | gen 0.6s
   8     0     100               0  0.000110642817  9.26305839e-05    0.0325328913  0.000312569085    0.0813762457      0.10142624
   8     1      50               0    0.0004522803  0.000349291202     0.115636829  0.000874753978      0.33264584     0.382457842
          wgpu 1d 175g 303c x3w 4ms | egraph 68g->157v+0snap 25ms | graft 66 (-142n, 0 snap) cpu 0 | f64 20 | gen 0.3s
   9     0     100               0  0.000106420428  8.16087396e-05    0.0278850698  0.000286990153    0.0782707378    0.0893578261
   9     1      50               0    0.0004522803  0.000349291202     0.115636829  0.000874753978      0.33264584     0.382457842
          wgpu 1d 197g 321c x3w 5ms | egraph 62g->175v+0snap 25ms | graft 69 (-176n, 0 snap) cpu 0 | f64 20 | gen 0.6s
  10     0     100               0  0.000106420428  8.16087396e-05    0.0278850698  0.000286990153    0.0782707378    0.0893578261
  10     1      50               0    0.0004522803  0.000349291202     0.115636829  0.000874753978      0.33264584     0.382457842
          wgpu 1d 166g 318c x3w 7ms | egraph 50g->172v+0snap 21ms | graft 59 (-141n, 0 snap) cpu 0 | f64 20 | gen 0.6s | dropped inexpr 3 oversz 0 unbuild 0 {}
--------- pump migration: intra (promote-2 + intake-reset) ---------
  11     0     100               0  0.000106420428  8.16087396e-05    0.0278850698  0.000286990153    0.0782707378    0.0893578261
  11     1      50               0  0.000106420428  8.16087396e-05    0.0278850698  0.000286990153    0.0782707378    0.0893578261
          wgpu 2d 344g 464c x3w 14ms | egraph 130g->238v+0snap 47ms | graft 100 (-270n, 0 snap) cpu 0 | f64 30 | gen 0.5s | dropped inexpr 1 oversz 0 unbuild 0 {}
  12     0     100               0  0.000106420446  8.16087314e-05    0.0278850726  0.000286990086    0.0782707506    0.0893578171
  12     1      50               0    0.0004522803  0.000349291202     0.115636829  0.000874753978      0.33264584     0.382457842
          wgpu 1d 146g 324c x3w 4ms | egraph 37g->178v+0snap 20ms | graft 58 (-148n, 0 snap) cpu 0 | f64 20 | gen 0.2s
  13     0     100               0  0.000106420446  8.16087314e-05    0.0278850726  0.000286990086    0.0782707506    0.0893578171
  13     1      50               0    0.0004522803  0.000349291202     0.115636829  0.000874753978      0.33264584     0.382457842
          wgpu 1d 181g 356c x3w 5ms | egraph 51g->210v+0snap 15ms | graft 77 (-167n, 0 snap) cpu 0 | f64 20 | gen 0.9s | dropped inexpr 1 oversz 0 unbuild 0 {}
  14     0     100               0  0.000106420446  8.16087314e-05    0.0278850726  0.000286990086    0.0782707506    0.0893578171
  14     1      50               0    0.0004522803  0.000349291202     0.115636829  0.000874753978      0.33264584     0.382457842
          wgpu 1d 162g 343c x3w 6ms | egraph 47g->197v+0snap 20ms | graft 74 (-165n, 0 snap) cpu 0 | f64 20 | gen 0.6s
  15     0     100               0  0.000106420446  8.16087314e-05    0.0278850726  0.000286990086    0.0782707506    0.0893578171
  15     1      50               0    0.0004522803  0.000349291202     0.115636829  0.000874753978      0.33264584     0.382457842
          wgpu 1d 175g 330c x3w 4ms | egraph 47g->184v+0snap 18ms | graft 66 (-160n, 0 snap) cpu 0 | f64 20 | gen 0.5s
  16     0     100               0  0.000106420446  8.16087314e-05    0.0278850726  0.000286990086    0.0782707506    0.0893578171
  16     1      50               0    0.0004522803  0.000349291202     0.115636829  0.000874753978      0.33264584     0.382457842
          wgpu 1d 152g 321c x3w 4ms | egraph 38g->175v+0snap 15ms | graft 56 (-120n, 0 snap) cpu 0 | f64 20 | gen 0.2s | dropped inexpr 1 oversz 0 unbuild 0 {}
  17     0     100               0  0.000106420446  8.16087314e-05    0.0278850726  0.000286990086    0.0782707506    0.0893578171
  17     1      50               0    0.0004522803  0.000349291202     0.115636829  0.000874753978      0.33264584     0.382457842
          wgpu 1d 154g 323c x3w 5ms | egraph 34g->177v+0snap 15ms | graft 66 (-155n, 0 snap) cpu 0 | f64 20 | gen 0.4s
  18     0     100               0  0.000106420446  8.16087314e-05    0.0278850726  0.000286990086    0.0782707506    0.0893578171
  18     1      50               0    0.0004522803  0.000349291202     0.115636829  0.000874753978      0.33264584     0.382457842
          wgpu 1d 187g 356c x3w 4ms | egraph 46g->210v+0snap 15ms | graft 71 (-191n, 0 snap) cpu 0 | f64 20 | gen 0.6s | dropped inexpr 1 oversz 0 unbuild 0 {}
  19     0     100               0  0.000106420446  8.16087314e-05    0.0278850726  0.000286990086    0.0782707506    0.0893578171
  19     1      50               0    0.0004522803  0.000349291202     0.115636829  0.000874753978      0.33264584     0.382457842
          wgpu 1d 150g 337c x3w 4ms | egraph 33g->191v+0snap 11ms | graft 59 (-150n, 0 snap) cpu 0 | f64 20 | gen 0.3s
  20     0     100               0  0.000106420446  8.16087314e-05    0.0278850726  0.000286990086    0.0782707506    0.0893578171
  20     1      50               0    0.0004522803  0.000349291202     0.115636829  0.000874753978      0.33264584     0.382457842
          wgpu 1d 182g 361c x3w 4ms | egraph 39g->215v+0snap 17ms | graft 72 (-189n, 0 snap) cpu 0 | f64 20 | gen 0.7s
--------- pump migration: intra (promote-2 + intake-reset) ---------
  21     0     100               0  0.000106420446  8.16087314e-05    0.0278850726  0.000286990086    0.0782707506    0.0893578171
  21     1      50               0  0.000106420446  8.16087314e-05    0.0278850726  0.000286990086    0.0782707506    0.0893578171
          wgpu 2d 336g 476c x3w 8ms | egraph 111g->250v+0snap 40ms | graft 104 (-267n, 0 snap) cpu 0 | f64 30 | gen 0.3s | dropped inexpr 4 oversz 0 unbuild 0 {}
  22     0     100               0  0.000106420446  8.16087314e-05    0.0278850726  0.000286990086    0.0782707506    0.0893578171
  22     1      50               0  0.000106420446  8.16087314e-05    0.0278850726  0.000286990086    0.0782707506    0.0893578171
          wgpu 1d 109g 298c x3w 3ms | egraph 30g->152v+0snap 9ms | graft 54 (-123n, 0 snap) cpu 0 | f64 20 | gen 0.1s
  23     0     100               0  0.000106420428  8.16087396e-05    0.0278850698  0.000286990153    0.0782707378    0.0893578261
  23     1      50               0  0.000106420446  8.16087314e-05    0.0278850726  0.000286990086    0.0782707506    0.0893578171
          wgpu 1d 98g 308c x3w 3ms | egraph 20g->162v+0snap 6ms | graft 52 (-111n, 0 snap) cpu 0 | f64 20 | gen 0.2s | dropped inexpr 1 oversz 0 unbuild 0 {}
  24     0     100               0  0.000106420428  8.16087396e-05    0.0278850698  0.000286990153    0.0782707378    0.0893578261
  24     1      50               0  0.000106420446  8.16087314e-05    0.0278850726  0.000286990086    0.0782707506    0.0893578171
          wgpu 1d 105g 300c x3w 4ms | egraph 23g->154v+0snap 7ms | graft 51 (-133n, 0 snap) cpu 0 | f64 20 | gen 0.2s
  25     0     100               0  0.000106420428  8.16087396e-05    0.0278850698  0.000286990153    0.0782707378    0.0893578261
  25     1      50               0  0.000106420446  8.16087314e-05    0.0278850726  0.000286990086    0.0782707506    0.0893578171
          wgpu 1d 78g 299c x3w 3ms | egraph 17g->153v+0snap 6ms | graft 37 (-92n, 0 snap) cpu 0 | f64 20 | gen 0.1s
  26     0     100               0  0.000106420428  8.16087396e-05    0.0278850698  0.000286990153    0.0782707378    0.0893578261
  26     1      50               0  0.000106420446  8.16087314e-05    0.0278850726  0.000286990086    0.0782707506    0.0893578171
          wgpu 1d 100g 310c x3w 4ms | egraph 16g->164v+0snap 12ms | graft 45 (-113n, 0 snap) cpu 0 | f64 20 | gen 0.3s | dropped inexpr 3 oversz 0 unbuild 0 {}
  27     0     100               0  0.000106420428  8.16087396e-05    0.0278850698  0.000286990153    0.0782707378    0.0893578261
  27     1      50               0  0.000106420446  8.16087314e-05    0.0278850726  0.000286990086    0.0782707506    0.0893578171
          wgpu 1d 110g 307c x3w 4ms | egraph 25g->161v+0snap 16ms | graft 46 (-131n, 0 snap) cpu 0 | f64 20 | gen 0.2s | dropped inexpr 1 oversz 0 unbuild 0 {}
  28     0     100               0  0.000106420428  8.16087396e-05    0.0278850698  0.000286990153    0.0782707378    0.0893578261
  28     1      50               0  0.000106420446  8.16087314e-05    0.0278850726  0.000286990086    0.0782707506    0.0893578171
          wgpu 1d 97g 303c x3w 13ms | egraph 17g->157v+0snap 13ms | graft 44 (-115n, 0 snap) cpu 0 | f64 20 | gen 0.4s | dropped inexpr 1 oversz 0 unbuild 0 {}
  29     0     100               0  0.000106420428  8.16087396e-05    0.0278850698  0.000286990153    0.0782707378    0.0893578261
  29     1      50               0  0.000106420446  8.16087314e-05    0.0278850726  0.000286990086    0.0782707506    0.0893578171
          wgpu 1d 101g 308c x3w 4ms | egraph 19g->162v+0snap 7ms | graft 46 (-121n, 0 snap) cpu 0 | f64 20 | gen 0.1s | dropped inexpr 2 oversz 0 unbuild 0 {}
  30     0     100               0  0.000106420428  8.16087396e-05    0.0278850698  0.000286990153    0.0782707378    0.0893578261
  30     1      50               0  0.000106420428  8.16087396e-05    0.0278850698  0.000286990153    0.0782707378    0.0893578261
          wgpu 1d 98g 301c x3w 6ms | egraph 18g->155v+0snap 4ms | graft 41 (-92n, 0 snap) cpu 0 | f64 20 | gen 0.1s | dropped inexpr 1 oversz 0 unbuild 0 {}
--------- pump migration: intra (promote-2 + intake-reset) ---------
  31     0     100               0  0.000106420446  8.16087314e-05    0.0278850726  0.000286990086    0.0782707506    0.0893578171
  31     1      50               0  0.000106420428  8.16087396e-05    0.0278850698  0.000286990153    0.0782707378    0.0893578261
          wgpu 2d 266g 436c x3w 9ms | egraph 93g->210v+0snap 22ms | graft 87 (-230n, 0 snap) cpu 0 | f64 30 | gen 0.1s | dropped inexpr 7 oversz 0 unbuild 0 {}
  32     0     100               0  0.000106420446  8.16087314e-05    0.0278850726  0.000286990086    0.0782707506    0.0893578171
  32     1      50               0  0.000106420428  8.16087396e-05    0.0278850698  0.000286990153    0.0782707378    0.0893578261
          wgpu 1d 97g 311c x3w 3ms | egraph 13g->165v+0snap 4ms | graft 52 (-124n, 0 snap) cpu 0 | f64 20 | gen 0.1s
  33     0     100               0  0.000106420446  8.16087314e-05    0.0278850726  0.000286990086    0.0782707506    0.0893578171
  33     1      50               0  0.000106420428  8.16087396e-05    0.0278850698  0.000286990153    0.0782707378    0.0893578261
          wgpu 1d 97g 303c x3w 3ms | egraph 13g->157v+0snap 3ms | graft 44 (-104n, 0 snap) cpu 0 | f64 20 | gen 0.1s
  34     0     100               0  0.000106420446  8.16087314e-05    0.0278850726  0.000286990086    0.0782707506    0.0893578171
  34     1      50               0  0.000106420428  8.16087396e-05    0.0278850698  0.000286990153    0.0782707378    0.0893578261
          wgpu 1d 95g 301c x3w 3ms | egraph 13g->155v+0snap 4ms | graft 45 (-104n, 0 snap) cpu 0 | f64 20 | gen 0.1s
  35     0     100               0  0.000106420446  8.16087314e-05    0.0278850726  0.000286990086    0.0782707506    0.0893578171
  35     1      50               0  0.000106420428  8.16087396e-05    0.0278850698  0.000286990153    0.0782707378    0.0893578261
          wgpu 1d 103g 303c x3w 4ms | egraph 16g->157v+0snap 5ms | graft 53 (-122n, 0 snap) cpu 0 | f64 20 | gen 0.1s
  36     0     100               0  0.000106420446  8.16087314e-05    0.0278850726  0.000286990086    0.0782707506    0.0893578171
  36     1      50               0  0.000106420428  8.16087396e-05    0.0278850698  0.000286990153    0.0782707378    0.0893578261
          wgpu 1d 99g 310c x3w 3ms | egraph 21g->164v+0snap 5ms | graft 56 (-126n, 0 snap) cpu 0 | f64 20 | gen 0.2s | dropped inexpr 1 oversz 0 unbuild 0 {}
  37     0     100               0  0.000106420446  8.16087314e-05    0.0278850726  0.000286990086    0.0782707506    0.0893578171
  37     1      50               0  0.000106420428  8.16087396e-05    0.0278850698  0.000286990153    0.0782707378    0.0893578261
          wgpu 1d 81g 299c x3w 4ms | egraph 16g->153v+0snap 3ms | graft 52 (-121n, 0 snap) cpu 0 | f64 20 | gen 0.1s
  38     0     100               0  0.000106420446  8.16087314e-05    0.0278850726  0.000286990086    0.0782707506    0.0893578171
  38     1      50               0  0.000106420446  8.16087314e-05    0.0278850726  0.000286990086    0.0782707506    0.0893578171
          wgpu 1d 84g 300c x3w 4ms | egraph 16g->154v+0snap 4ms | graft 43 (-94n, 0 snap) cpu 0 | f64 20 | gen 0.1s
  39     0     100               0  0.000106420446  8.16087314e-05    0.0278850726  0.000286990086    0.0782707506    0.0893578171
  39     1      50               0  0.000106420446  8.16087314e-05    0.0278850726  0.000286990086    0.0782707506    0.0893578171
          wgpu 1d 85g 295c x3w 3ms | egraph 16g->149v+0snap 8ms | graft 40 (-84n, 0 snap) cpu 0 | f64 20 | gen 0.1s
  40     0     100               0  0.000106420446  8.16087314e-05    0.0278850726  0.000286990086    0.0782707506    0.0893578171
  40     1      50               0  0.000106420446  8.16087314e-05    0.0278850726  0.000286990086    0.0782707506    0.0893578171
          wgpu 1d 93g 304c x3w 3ms | egraph 14g->158v+0snap 8ms | graft 48 (-132n, 0 snap) cpu 0 | f64 20 | gen 0.1s
--------- pump migration: intra (promote-2 + intake-reset) ---------
  41     0     100               0  0.000106420446  8.16087314e-05    0.0278850726  0.000286990086    0.0782707506    0.0893578171
  41     1      50               0  0.000106420428  8.16087396e-05    0.0278850698  0.000286990153    0.0782707378    0.0893578261
          wgpu 2d 289g 450c x3w 17ms | egraph 90g->224v+0snap 32ms | graft 87 (-247n, 0 snap) cpu 0 | f64 30 | gen 0.2s | dropped inexpr 7 oversz 0 unbuild 0 {}
  42     0     100               0  0.000106420446  8.16087314e-05    0.0278850726  0.000286990086    0.0782707506    0.0893578171
  42     1      50               0  0.000106420428  8.16087396e-05    0.0278850698  0.000286990153    0.0782707378    0.0893578261
          wgpu 1d 111g 306c x3w 4ms | egraph 22g->160v+0snap 10ms | graft 57 (-125n, 0 snap) cpu 0 | f64 20 | gen 0.2s | dropped inexpr 2 oversz 0 unbuild 0 {}
  43     0     100               0  0.000106420446  8.16087314e-05    0.0278850726  0.000286990086    0.0782707506    0.0893578171
  43     1      50               0  0.000106420446  8.16087314e-05    0.0278850726  0.000286990086    0.0782707506    0.0893578171
          wgpu 1d 88g 311c x3w 4ms | egraph 15g->165v+0snap 5ms | graft 47 (-112n, 0 snap) cpu 0 | f64 20 | gen 0.1s | dropped inexpr 2 oversz 0 unbuild 0 {}
  44     0     100               0  0.000106420446  8.16087314e-05    0.0278850726  0.000286990086    0.0782707506    0.0893578171
  44     1      50               0  0.000106420446  8.16087314e-05    0.0278850726  0.000286990086    0.0782707506    0.0893578171
          wgpu 1d 86g 296c x3w 3ms | egraph 17g->150v+0snap 4ms | graft 40 (-87n, 0 snap) cpu 0 | f64 20 | gen 0.2s | dropped inexpr 2 oversz 0 unbuild 0 {}
  45     0     100               0  0.000106420446  8.16087314e-05    0.0278850726  0.000286990086    0.0782707506    0.0893578171
  45     1      50               0  0.000106420428  8.16087396e-05    0.0278850698  0.000286990153    0.0782707378    0.0893578261
          wgpu 1d 126g 304c x3w 3ms | egraph 23g->158v+0snap 5ms | graft 52 (-151n, 0 snap) cpu 0 | f64 20 | gen 0.2s | dropped inexpr 4 oversz 0 unbuild 0 {}
  46     0     100               0  0.000106420446  8.16087314e-05    0.0278850726  0.000286990086    0.0782707506    0.0893578171
  46     1      50               0  0.000106420428  8.16087396e-05    0.0278850698  0.000286990153    0.0782707378    0.0893578261
          wgpu 1d 88g 303c x3w 3ms | egraph 21g->157v+0snap 5ms | graft 44 (-96n, 0 snap) cpu 0 | f64 20 | gen 0.1s | dropped inexpr 1 oversz 0 unbuild 0 {}
  47     0     100               0  0.000106420446  8.16087314e-05    0.0278850726  0.000286990086    0.0782707506    0.0893578171
  47     1      50               0  0.000106420428  8.16087396e-05    0.0278850698  0.000286990153    0.0782707378    0.0893578261
          wgpu 1d 102g 302c x3w 4ms | egraph 15g->156v+0snap 12ms | graft 48 (-122n, 0 snap) cpu 0 | f64 20 | gen 0.1s | dropped inexpr 3 oversz 0 unbuild 0 {}
  48     0     100               0  0.000106420446  8.16087314e-05    0.0278850726  0.000286990086    0.0782707506    0.0893578171
  48     1      50               0  0.000106420428  8.16087396e-05    0.0278850698  0.000286990153    0.0782707378    0.0893578261
          wgpu 1d 97g 298c x3w 3ms | egraph 17g->152v+0snap 4ms | graft 52 (-112n, 0 snap) cpu 0 | f64 20 | gen 0.1s | dropped inexpr 4 oversz 0 unbuild 0 {}
  49     0     100               0  0.000106420446  8.16087314e-05    0.0278850726  0.000286990086    0.0782707506    0.0893578171
  49     1      50               0  0.000106420428  8.16087396e-05    0.0278850698  0.000286990153    0.0782707378    0.0893578261
          wgpu 1d 105g 304c x3w 3ms | egraph 14g->158v+0snap 4ms | graft 42 (-100n, 0 snap) cpu 0 | f64 20 | gen 0.2s | dropped inexpr 3 oversz 0 unbuild 0 {}
  50     0     100               0  0.000106420446  8.16087314e-05    0.0278850726  0.000286990086    0.0782707506    0.0893578171
  50     1      50               0  0.000106420428  8.16087396e-05    0.0278850698  0.000286990153    0.0782707378    0.0893578261
          wgpu 1d 81g 298c x3w 3ms | egraph 14g->152v+0snap 4ms | graft 43 (-111n, 0 snap) cpu 0 | f64 20 | gen 0.1s
--------- pump migration: intra (promote-2 + intake-reset) ---------
  51     0     100               0  0.000106420428  8.16087396e-05    0.0278850698  0.000286990153    0.0782707378    0.0893578261
  51     1      50               0  0.000106420428  8.16087396e-05    0.0278850698  0.000286990153    0.0782707378    0.0893578261
          wgpu 2d 274g 444c x3w 15ms | egraph 75g->218v+0snap 32ms | graft 65 (-206n, 0 snap) cpu 0 | f64 30 | gen 0.1s | dropped inexpr 4 oversz 0 unbuild 0 {}
  52     0     100               0  0.000106420428  8.16087396e-05    0.0278850698  0.000286990153    0.0782707378    0.0893578261
  52     1      50               0  0.000106420446  8.16087314e-05    0.0278850726  0.000286990086    0.0782707506    0.0893578171
          wgpu 1d 95g 295c x3w 3ms | egraph 15g->149v+0snap 6ms | graft 53 (-115n, 0 snap) cpu 0 | f64 20 | gen 0.2s | dropped inexpr 2 oversz 0 unbuild 0 {}
  53     0     100               0  0.000106420428  8.16087396e-05    0.0278850698  0.000286990153    0.0782707378    0.0893578261
  53     1      50               0  0.000106420428  8.16087396e-05    0.0278850698  0.000286990153    0.0782707378    0.0893578261
          wgpu 1d 108g 305c x3w 4ms | egraph 18g->159v+0snap 5ms | graft 55 (-134n, 0 snap) cpu 0 | f64 20 | gen 0.1s | dropped inexpr 5 oversz 0 unbuild 0 {}
  54     0     100               0  0.000106420428  8.16087396e-05    0.0278850698  0.000286990153    0.0782707378    0.0893578261
  54     1      50               0  0.000106420428  8.16087396e-05    0.0278850698  0.000286990153    0.0782707378    0.0893578261
          wgpu 1d 99g 297c x3w 3ms | egraph 22g->151v+0snap 5ms | graft 51 (-110n, 0 snap) cpu 0 | f64 20 | gen 0.1s | dropped inexpr 7 oversz 0 unbuild 0 {}
  55     0     100               0  0.000106420428  8.16087396e-05    0.0278850698  0.000286990153    0.0782707378    0.0893578261
  55     1      50               0  0.000106420428  8.16087396e-05    0.0278850698  0.000286990153    0.0782707378    0.0893578261
          wgpu 1d 102g 326c x3w 4ms | egraph 22g->180v+0snap 7ms | graft 50 (-103n, 0 snap) cpu 0 | f64 20 | gen 0.1s | dropped inexpr 4 oversz 0 unbuild 0 {}
  56     0     100               0  0.000106420428  8.16087396e-05    0.0278850698  0.000286990153    0.0782707378    0.0893578261
  56     1      50               0  0.000106420428  8.16087396e-05    0.0278850698  0.000286990153    0.0782707378    0.0893578261
          wgpu 1d 112g 348c x3w 3ms | egraph 20g->202v+0snap 6ms | graft 59 (-152n, 0 snap) cpu 0 | f64 20 | gen 0.1s | dropped inexpr 5 oversz 0 unbuild 0 {}
  57     0     100               0  0.000106420428  8.16087396e-05    0.0278850698  0.000286990153    0.0782707378    0.0893578261
  57     1      50               0  0.000106420428  8.16087396e-05    0.0278850698  0.000286990153    0.0782707378    0.0893578261
          wgpu 1d 122g 378c x3w 4ms | egraph 22g->232v+0snap 7ms | graft 53 (-127n, 0 snap) cpu 0 | f64 20 | gen 0.2s | dropped inexpr 6 oversz 0 unbuild 0 {}
  58     0     100               0  0.000106420428  8.16087396e-05    0.0278850698  0.000286990153    0.0782707378    0.0893578261
  58     1      50               0  0.000106420446  8.16087314e-05    0.0278850726  0.000286990086    0.0782707506    0.0893578171
          wgpu 1d 123g 332c x3w 4ms | egraph 28g->186v+0snap 6ms | graft 52 (-131n, 0 snap) cpu 0 | f64 20 | gen 0.1s | dropped inexpr 3 oversz 0 unbuild 0 {}
  59     0     100               0  0.000106420428  8.16087396e-05    0.0278850698  0.000286990153    0.0782707378    0.0893578261
  59     1      50               0  0.000106420446  8.16087314e-05    0.0278850726  0.000286990086    0.0782707506    0.0893578171
          wgpu 1d 118g 325c x3w 3ms | egraph 14g->179v+0snap 4ms | graft 52 (-122n, 0 snap) cpu 0 | f64 20 | gen 0.1s | dropped inexpr 2 oversz 0 unbuild 0 {}
  60     0     100               0  0.000106420428  8.16087396e-05    0.0278850698  0.000286990153    0.0782707378    0.0893578261
  60     1      50               0  0.000106420446  8.16087314e-05    0.0278850726  0.000286990086    0.0782707506    0.0893578171
          wgpu 1d 98g 315c x3w 3ms | egraph 15g->169v+0snap 6ms | graft 46 (-113n, 0 snap) cpu 0 | f64 20 | gen 0.1s | dropped inexpr 4 oversz 0 unbuild 0 {}
--------- pump migration: intra (promote-2 + intake-reset) + cross ---------
  61     0     100               0  0.000106420428  8.16087396e-05    0.0278850698  0.000286990153    0.0782707378    0.0893578261
  61     1      50               0  0.000106420428  8.16087396e-05    0.0278850698  0.000286990153    0.0782707378    0.0893578261
          wgpu 2d 313g 487c x3w 7ms | egraph 106g->261v+0snap 22ms | graft 76 (-241n, 0 snap) cpu 0 | f64 30 | gen 0.1s | dropped inexpr 9 oversz 0 unbuild 0 {}
  62     0     100               0  0.000106420428  8.16087396e-05    0.0278850698  0.000286990153    0.0782707378    0.0893578261
  62     1      50               0  0.000106420428  8.16087396e-05    0.0278850698  0.000286990153    0.0782707378    0.0893578261
          wgpu 1d 115g 309c x3w 3ms | egraph 19g->163v+0snap 5ms | graft 43 (-109n, 0 snap) cpu 0 | f64 20 | gen 0.1s | dropped inexpr 2 oversz 0 unbuild 0 {}
  63     0     100               0  0.000106420428  8.16087396e-05    0.0278850698  0.000286990153    0.0782707378    0.0893578261
  63     1      50               0  0.000106420428  8.16087396e-05    0.0278850698  0.000286990153    0.0782707378    0.0893578261
          wgpu 1d 127g 338c x3w 5ms | egraph 25g->192v+0snap 11ms | graft 64 (-156n, 0 snap) cpu 0 | f64 20 | gen 0.2s | dropped inexpr 5 oversz 0 unbuild 0 {}
  64     0     100               0  0.000106420428  8.16087396e-05    0.0278850698  0.000286990153    0.0782707378    0.0893578261
  64     1      50               0  0.000106420428  8.16087396e-05    0.0278850698  0.000286990153    0.0782707378    0.0893578261
          wgpu 1d 108g 293c x3w 4ms | egraph 19g->147v+0snap 5ms | graft 40 (-105n, 0 snap) cpu 0 | f64 20 | gen 0.1s | dropped inexpr 4 oversz 0 unbuild 0 {}
  65     0     100               0  0.000106420446  8.16087314e-05    0.0278850726  0.000286990086    0.0782707506    0.0893578171
  65     1      50               0  0.000106420428  8.16087396e-05    0.0278850698  0.000286990153    0.0782707378    0.0893578261
          wgpu 1d 108g 298c x3w 4ms | egraph 24g->152v+0snap 6ms | graft 53 (-148n, 0 snap) cpu 0 | f64 20 | gen 0.1s | dropped inexpr 2 oversz 0 unbuild 0 {}
  66     0     100               0  0.000106420446  8.16087314e-05    0.0278850726  0.000286990086    0.0782707506    0.0893578171
  66     1      50               0  0.000106420428  8.16087396e-05    0.0278850698  0.000286990153    0.0782707378    0.0893578261
          wgpu 1d 106g 273c x3w 4ms | egraph 26g->127v+0snap 11ms | graft 40 (-82n, 0 snap) cpu 0 | f64 20 | gen 0.1s | dropped inexpr 1 oversz 0 unbuild 0 {}
  67     0     100               0  0.000106420446  8.16087314e-05    0.0278850726  0.000286990086    0.0782707506    0.0893578171
  67     1      50               0  0.000106420428  8.16087396e-05    0.0278850698  0.000286990153    0.0782707378    0.0893578261
          wgpu 1d 79g 272c x3w 3ms | egraph 18g->126v+0snap 4ms | graft 39 (-86n, 0 snap) cpu 0 | f64 20 | gen 0.1s
  68     0     100               0  0.000106420446  8.16087314e-05    0.0278850726  0.000286990086    0.0782707506    0.0893578171
  68     1      50               0  0.000106420428  8.16087396e-05    0.0278850698  0.000286990153    0.0782707378    0.0893578261
          wgpu 1d 91g 293c x3w 11ms | egraph 13g->147v+0snap 4ms | graft 48 (-113n, 0 snap) cpu 0 | f64 20 | gen 0.1s
  69     0     100               0  0.000106420446  8.16087314e-05    0.0278850726  0.000286990086    0.0782707506    0.0893578171
  69     1      50               0  0.000106420428  8.16087396e-05    0.0278850698  0.000286990153    0.0782707378    0.0893578261
          wgpu 1d 90g 274c x3w 3ms | egraph 19g->128v+0snap 5ms | graft 38 (-87n, 0 snap) cpu 0 | f64 20 | gen 0.1s | dropped inexpr 1 oversz 0 unbuild 0 {}
  70     0     100               0  0.000106420446  8.16087314e-05    0.0278850726  0.000286990086    0.0782707506    0.0893578171
  70     1      50               0  0.000106420428  8.16087396e-05    0.0278850698  0.000286990153    0.0782707378    0.0893578261
          wgpu 1d 105g 295c x3w 3ms | egraph 15g->149v+0snap 6ms | graft 46 (-111n, 0 snap) cpu 0 | f64 20 | gen 0.1s | dropped inexpr 2 oversz 0 unbuild 0 {}
--------- pump migration: intra (promote-2 + intake-reset) ---------
  71     0     100               0  0.000106420446  8.16087314e-05    0.0278850726  0.000286990086    0.0782707506    0.0893578171
  71     1      50               0  0.000106420446  8.16087314e-05    0.0278850726  0.000286990086    0.0782707506    0.0893578171
          wgpu 2d 309g 436c x3w 10ms | egraph 101g->210v+0snap 31ms | graft 73 (-216n, 0 snap) cpu 0 | f64 30 | gen 0.1s | dropped inexpr 8 oversz 0 unbuild 0 {}
  72     0     100               0  0.000106420428  8.16087396e-05    0.0278850698  0.000286990153    0.0782707378    0.0893578261
  72     1      50               0  0.000106420428  8.16087396e-05    0.0278850698  0.000286990153    0.0782707378    0.0893578261
          wgpu 1d 111g 304c x3w 4ms | egraph 14g->158v+0snap 3ms | graft 51 (-117n, 0 snap) cpu 0 | f64 20 | gen 0.2s | dropped inexpr 3 oversz 0 unbuild 0 {}
  73     0     100               0  0.000106420428  8.16087396e-05    0.0278850698  0.000286990153    0.0782707378    0.0893578261
  73     1      50               0  0.000106420446  8.16087314e-05    0.0278850726  0.000286990086    0.0782707506    0.0893578171
          wgpu 1d 81g 303c x3w 4ms | egraph 7g->157v+0snap 2ms | graft 41 (-93n, 0 snap) cpu 0 | f64 20 | gen 0.1s | dropped inexpr 1 oversz 0 unbuild 0 {}
  74     0     100               0  0.000106420428  8.16087396e-05    0.0278850698  0.000286990153    0.0782707378    0.0893578261
  74     1      50               0  0.000106420446  8.16087314e-05    0.0278850726  0.000286990086    0.0782707506    0.0893578171
          wgpu 1d 99g 309c x3w 3ms | egraph 17g->163v+0snap 5ms | graft 49 (-121n, 0 snap) cpu 0 | f64 20 | gen 0.1s | dropped inexpr 3 oversz 0 unbuild 0 {}
  75     0     100               0  0.000106420428  8.16087396e-05    0.0278850698  0.000286990153    0.0782707378    0.0893578261
  75     1      50               0  0.000106420428  8.16087396e-05    0.0278850698  0.000286990153    0.0782707378    0.0893578261
          wgpu 1d 76g 308c x3w 3ms | egraph 7g->162v+0snap 5ms | graft 53 (-120n, 0 snap) cpu 0 | f64 20 | gen 0.1s | dropped inexpr 1 oversz 0 unbuild 0 {}
  76     0     100               0  0.000106420428  8.16087396e-05    0.0278850698  0.000286990153    0.0782707378    0.0893578261
  76     1      50               0  0.000106420428  8.16087396e-05    0.0278850698  0.000286990153    0.0782707378    0.0893578261
          wgpu 1d 86g 301c x3w 3ms | egraph 16g->155v+0snap 4ms | graft 47 (-101n, 0 snap) cpu 0 | f64 20 | gen 0.1s | dropped inexpr 4 oversz 0 unbuild 0 {}
  77     0     100               0  0.000106420428  8.16087396e-05    0.0278850698  0.000286990153    0.0782707378    0.0893578261
  77     1      50               0  0.000106420446  8.16087314e-05    0.0278850726  0.000286990086    0.0782707506    0.0893578171
          wgpu 1d 112g 314c x3w 4ms | egraph 18g->168v+0snap 4ms | graft 57 (-129n, 0 snap) cpu 0 | f64 20 | gen 0.2s | dropped inexpr 5 oversz 0 unbuild 0 {}
  78     0     100               0  0.000106420428  8.16087396e-05    0.0278850698  0.000286990153    0.0782707378    0.0893578261
  78     1      50               0  0.000106420428  8.16087396e-05    0.0278850698  0.000286990153    0.0782707378    0.0893578261
          wgpu 1d 100g 310c x3w 4ms | egraph 17g->164v+0snap 4ms | graft 61 (-132n, 0 snap) cpu 0 | f64 20 | gen 0.1s | dropped inexpr 3 oversz 0 unbuild 0 {}
  79     0     100               0  0.000106420428  8.16087396e-05    0.0278850698  0.000286990153    0.0782707378    0.0893578261
  79     1      50               0  0.000106420428  8.16087396e-05    0.0278850698  0.000286990153    0.0782707378    0.0893578261
          wgpu 1d 89g 300c x3w 3ms | egraph 16g->154v+0snap 4ms | graft 47 (-106n, 0 snap) cpu 0 | f64 20 | gen 0.2s | dropped inexpr 1 oversz 0 unbuild 0 {}
  80     0     100               0  0.000106420428  8.16087396e-05    0.0278850698  0.000286990153    0.0782707378    0.0893578261
  80     1      50               0  0.000106420446  8.16087314e-05    0.0278850726  0.000286990086    0.0782707506    0.0893578171
          wgpu 1d 92g 290c x3w 3ms | egraph 15g->144v+0snap 3ms | graft 38 (-82n, 0 snap) cpu 0 | f64 20 | gen 0.2s | dropped inexpr 1 oversz 0 unbuild 0 {}
--------- pump migration: intra (promote-2 + intake-reset) ---------
  81     0     100               0  0.000106420428  8.16087396e-05    0.0278850698  0.000286990153    0.0782707378    0.0893578261
  81     1      50               0  0.000106420428  8.16087396e-05    0.0278850698  0.000286990153    0.0782707378    0.0893578261
          wgpu 2d 294g 440c x3w 7ms | egraph 94g->214v+0snap 28ms | graft 81 (-188n, 0 snap) cpu 0 | f64 30 | gen 0.1s | dropped inexpr 3 oversz 0 unbuild 0 {}
  82     0     100               0  0.000106420428  8.16087396e-05    0.0278850698  0.000286990153    0.0782707378    0.0893578261
  82     1      50               0  0.000106420428  8.16087396e-05    0.0278850698  0.000286990153    0.0782707378    0.0893578261
          wgpu 1d 90g 295c x3w 4ms | egraph 18g->149v+0snap 9ms | graft 47 (-98n, 0 snap) cpu 0 | f64 20 | gen 0.2s | dropped inexpr 2 oversz 0 unbuild 0 {}
  83     0     100               0  0.000106420428  8.16087396e-05    0.0278850698  0.000286990153    0.0782707378    0.0893578261
  83     1      50               0  0.000106420428  8.16087396e-05    0.0278850698  0.000286990153    0.0782707378    0.0893578261
          wgpu 1d 100g 297c x3w 3ms | egraph 15g->151v+0snap 4ms | graft 45 (-98n, 0 snap) cpu 0 | f64 20 | gen 0.2s | dropped inexpr 2 oversz 0 unbuild 0 {}
  84     0     100               0  0.000106420428  8.16087396e-05    0.0278850698  0.000286990153    0.0782707378    0.0893578261
  84     1      50               0  0.000106420428  8.16087396e-05    0.0278850698  0.000286990153    0.0782707378    0.0893578261
          wgpu 1d 99g 302c x3w 11ms | egraph 21g->156v+0snap 7ms | graft 54 (-115n, 0 snap) cpu 0 | f64 20 | gen 0.2s | dropped inexpr 3 oversz 0 unbuild 0 {}
  85     0     100               0  0.000106420428  8.16087396e-05    0.0278850698  0.000286990153    0.0782707378    0.0893578261
  85     1      50               0  0.000106420428  8.16087396e-05    0.0278850698  0.000286990153    0.0782707378    0.0893578261
          wgpu 1d 116g 296c x3w 3ms | egraph 25g->150v+0snap 8ms | graft 50 (-112n, 0 snap) cpu 0 | f64 20 | gen 0.2s | dropped inexpr 4 oversz 0 unbuild 0 {}
  86     0     100               0  0.000106420428  8.16087396e-05    0.0278850698  0.000286990153    0.0782707378    0.0893578261
  86     1      50               0  0.000106420446  8.16087314e-05    0.0278850726  0.000286990086    0.0782707506    0.0893578171
          wgpu 1d 99g 295c x3w 3ms | egraph 19g->149v+0snap 4ms | graft 45 (-99n, 0 snap) cpu 0 | f64 20 | gen 0.2s | dropped inexpr 2 oversz 0 unbuild 0 {}
  87     0     100               0  0.000106420428  8.16087396e-05    0.0278850698  0.000286990153    0.0782707378    0.0893578261
  87     1      50               0  0.000106420446  8.16087314e-05    0.0278850726  0.000286990086    0.0782707506    0.0893578171
          wgpu 1d 113g 303c x3w 3ms | egraph 18g->157v+0snap 4ms | graft 49 (-110n, 0 snap) cpu 0 | f64 20 | gen 0.2s
  88     0     100               0  0.000106420428  8.16087396e-05    0.0278850698  0.000286990153    0.0782707378    0.0893578261
  88     1      50               0  0.000106420446  8.16087314e-05    0.0278850726  0.000286990086    0.0782707506    0.0893578171
          wgpu 1d 82g 294c x3w 4ms | egraph 10g->148v+0snap 3ms | graft 44 (-96n, 0 snap) cpu 0 | f64 20 | gen 0.2s | dropped inexpr 1 oversz 0 unbuild 0 {}
  89     0     100               0  0.000106420428  8.16087396e-05    0.0278850698  0.000286990153    0.0782707378    0.0893578261
  89     1      50               0  0.000106420446  8.16087314e-05    0.0278850726  0.000286990086    0.0782707506    0.0893578171
          wgpu 1d 105g 301c x3w 3ms | egraph 14g->155v+0snap 3ms | graft 46 (-106n, 0 snap) cpu 0 | f64 20 | gen 0.2s
  90     0     100               0  0.000106420428  8.16087396e-05    0.0278850698  0.000286990153    0.0782707378    0.0893578261
  90     1      50               0  0.000106420446  8.16087314e-05    0.0278850726  0.000286990086    0.0782707506    0.0893578171
          wgpu 1d 102g 302c x3w 3ms | egraph 14g->156v+0snap 6ms | graft 42 (-91n, 0 snap) cpu 0 | f64 20 | gen 0.2s | dropped inexpr 1 oversz 0 unbuild 0 {}
--------- pump migration: intra (promote-2 + intake-reset) + cross ---------
  91     0     100               0  0.000106420428  8.16087396e-05    0.0278850698  0.000286990153    0.0782707378    0.0893578261
  91     1      50               0  0.000106420446  8.16087314e-05    0.0278850726  0.000286990086    0.0782707506    0.0893578171
          wgpu 2d 311g 466c x3w 8ms | egraph 97g->240v+0snap 39ms | graft 91 (-240n, 0 snap) cpu 0 | f64 30 | gen 0.2s | dropped inexpr 7 oversz 0 unbuild 0 {}
  92     0     100               0  0.000106420428  8.16087396e-05    0.0278850698  0.000286990153    0.0782707378    0.0893578261
  92     1      50               0  0.000106420428  8.16087396e-05    0.0278850698  0.000286990153    0.0782707378    0.0893578261
          wgpu 1d 93g 296c x3w 5ms | egraph 10g->150v+0snap 4ms | graft 37 (-81n, 0 snap) cpu 0 | f64 20 | gen 0.1s | dropped inexpr 2 oversz 0 unbuild 0 {}
  93     0     100               0  0.000106420428  8.16087396e-05    0.0278850698  0.000286990153    0.0782707378    0.0893578261
  93     1      50               0  0.000106420446  8.16087314e-05    0.0278850726  0.000286990086    0.0782707506    0.0893578171
          wgpu 1d 94g 298c x3w 3ms | egraph 15g->152v+0snap 5ms | graft 42 (-104n, 0 snap) cpu 0 | f64 20 | gen 0.2s
  94     0     100               0  0.000106420428  8.16087396e-05    0.0278850698  0.000286990153    0.0782707378    0.0893578261
  94     1      50               0  0.000106420428  8.16087396e-05    0.0278850698  0.000286990153    0.0782707378    0.0893578261
          wgpu 1d 95g 305c x3w 6ms | egraph 16g->159v+0snap 4ms | graft 52 (-107n, 0 snap) cpu 0 | f64 20 | gen 0.2s
  95     0     100               0  0.000106420428  8.16087396e-05    0.0278850698  0.000286990153    0.0782707378    0.0893578261
  95     1      50               0  0.000106420428  8.16087396e-05    0.0278850698  0.000286990153    0.0782707378    0.0893578261
          wgpu 1d 101g 301c x3w 3ms | egraph 16g->155v+0snap 5ms | graft 41 (-102n, 0 snap) cpu 0 | f64 20 | gen 0.2s | dropped inexpr 1 oversz 0 unbuild 0 {}
  96     0     100               0  0.000106420428  8.16087396e-05    0.0278850698  0.000286990153    0.0782707378    0.0893578261
  96     1      50               0  0.000106420428  8.16087396e-05    0.0278850698  0.000286990153    0.0782707378    0.0893578261
          wgpu 1d 85g 288c x3w 3ms | egraph 17g->142v+0snap 4ms | graft 40 (-88n, 0 snap) cpu 0 | f64 20 | gen 0.2s | dropped inexpr 2 oversz 0 unbuild 0 {}
  97     0     100               0  0.000106420428  8.16087396e-05    0.0278850698  0.000286990153    0.0782707378    0.0893578261
  97     1      50               0  0.000106420428  8.16087396e-05    0.0278850698  0.000286990153    0.0782707378    0.0893578261
          wgpu 1d 101g 296c x3w 4ms | egraph 16g->150v+0snap 4ms | graft 41 (-85n, 0 snap) cpu 0 | f64 20 | gen 0.2s | dropped inexpr 1 oversz 0 unbuild 0 {}
  98     0     100               0  0.000106420428  8.16087396e-05    0.0278850698  0.000286990153    0.0782707378    0.0893578261
  98     1      50               0  0.000106420428  8.16087396e-05    0.0278850698  0.000286990153    0.0782707378    0.0893578261
          wgpu 1d 106g 305c x3w 3ms | egraph 21g->159v+0snap 6ms | graft 54 (-122n, 0 snap) cpu 0 | f64 20 | gen 0.2s | dropped inexpr 2 oversz 0 unbuild 0 {}
  99     0     100               0  0.000106420428  8.16087396e-05    0.0278850698  0.000286990153    0.0782707378    0.0893578261
  99     1      50               0  0.000106420428  8.16087396e-05    0.0278850698  0.000286990153    0.0782707378    0.0893578261
          wgpu 1d 101g 301c x3w 4ms | egraph 12g->155v+0snap 9ms | graft 47 (-107n, 0 snap) cpu 0 | f64 20 | gen 0.2s
 100     0     100               0  0.000106420428  8.16087396e-05    0.0278850698  0.000286990153    0.0782707378    0.0893578261
 100     1      50               0  0.000106420446  8.16087314e-05    0.0278850726  0.000286990086    0.0782707506    0.0893578171
          wgpu 1d 94g 304c x3w 4ms | egraph 10g->158v+0snap 3ms | graft 46 (-100n, 0 snap) cpu 0 | f64 20 | gen 0.2s
--------- pump migration: intra (promote-2 + intake-reset) ---------
 101     0     100               0  0.000106420428  8.16087396e-05    0.0278850698  0.000286990153    0.0782707378    0.0893578261
 101     1      50               0  0.000106420428  8.16087396e-05    0.0278850698  0.000286990153    0.0782707378    0.0893578261
          wgpu 2d 292g 451c x3w 7ms | egraph 91g->225v+0snap 22ms | graft 77 (-219n, 0 snap) cpu 0 | f64 30 | gen 0.2s | dropped inexpr 4 oversz 0 unbuild 0 {}
 102     0     100               0  0.000106420428  8.16087396e-05    0.0278850698  0.000286990153    0.0782707378    0.0893578261
 102     1      50               0  0.000106420446  8.16087314e-05    0.0278850726  0.000286990086    0.0782707506    0.0893578171
          wgpu 1d 84g 300c x3w 3ms | egraph 14g->154v+0snap 5ms | graft 48 (-101n, 0 snap) cpu 0 | f64 20 | gen 0.2s | dropped inexpr 1 oversz 0 unbuild 0 {}
 103     0     100               0  0.000106420446  8.16087314e-05    0.0278850726  0.000286990086    0.0782707506    0.0893578171
 103     1      50               0  0.000106420428  8.16087396e-05    0.0278850698  0.000286990153    0.0782707378    0.0893578261
          wgpu 1d 89g 287c x3w 3ms | egraph 15g->141v+0snap 3ms | graft 38 (-88n, 0 snap) cpu 0 | f64 20 | gen 0.2s | dropped inexpr 1 oversz 0 unbuild 0 {}
 104     0     100               0  0.000106420446  8.16087314e-05    0.0278850726  0.000286990086    0.0782707506    0.0893578171
 104     1      50               0  0.000106420428  8.16087396e-05    0.0278850698  0.000286990153    0.0782707378    0.0893578261
          wgpu 1d 110g 311c x3w 3ms | egraph 22g->165v+0snap 4ms | graft 56 (-124n, 0 snap) cpu 0 | f64 20 | gen 0.2s | dropped inexpr 2 oversz 0 unbuild 0 {}
 105     0     100               0  0.000106420446  8.16087314e-05    0.0278850726  0.000286990086    0.0782707506    0.0893578171
 105     1      50               0  0.000106420446  8.16087314e-05    0.0278850726  0.000286990086    0.0782707506    0.0893578171
          wgpu 1d 92g 299c x3w 4ms | egraph 20g->153v+0snap 4ms | graft 38 (-82n, 0 snap) cpu 0 | f64 20 | gen 0.2s | dropped inexpr 1 oversz 0 unbuild 0 {}
 106     0     100               0  0.000106420446  8.16087314e-05    0.0278850726  0.000286990086    0.0782707506    0.0893578171
 106     1      50               0  0.000106420446  8.16087314e-05    0.0278850726  0.000286990086    0.0782707506    0.0893578171
          wgpu 1d 106g 292c x3w 3ms | egraph 20g->146v+0snap 11ms | graft 49 (-105n, 0 snap) cpu 0 | f64 20 | gen 0.2s
 107     0     100               0  0.000106420446  8.16087314e-05    0.0278850726  0.000286990086    0.0782707506    0.0893578171
 107     1      50               0  0.000106420428  8.16087396e-05    0.0278850698  0.000286990153    0.0782707378    0.0893578261
          wgpu 1d 94g 310c x3w 3ms | egraph 17g->164v+0snap 4ms | graft 45 (-94n, 0 snap) cpu 0 | f64 20 | gen 0.2s | dropped inexpr 1 oversz 0 unbuild 0 {}
 108     0     100               0  0.000106420446  8.16087314e-05    0.0278850726  0.000286990086    0.0782707506    0.0893578171
 108     1      50               0  0.000106420428  8.16087396e-05    0.0278850698  0.000286990153    0.0782707378    0.0893578261
          wgpu 1d 83g 297c x3w 3ms | egraph 12g->151v+0snap 4ms | graft 40 (-90n, 0 snap) cpu 0 | f64 20 | gen 0.2s | dropped inexpr 1 oversz 0 unbuild 0 {}
 109     0     100               0  0.000106420446  8.16087314e-05    0.0278850726  0.000286990086    0.0782707506    0.0893578171
 109     1      50               0  0.000106420428  8.16087396e-05    0.0278850698  0.000286990153    0.0782707378    0.0893578261
          wgpu 1d 83g 298c x3w 3ms | egraph 12g->152v+0snap 3ms | graft 41 (-81n, 0 snap) cpu 0 | f64 20 | gen 0.1s | dropped inexpr 2 oversz 0 unbuild 0 {}
 110     0     100               0  0.000106420446  8.16087314e-05    0.0278850726  0.000286990086    0.0782707506    0.0893578171
 110     1      50               0  0.000106420428  8.16087396e-05    0.0278850698  0.000286990153    0.0782707378    0.0893578261
          wgpu 1d 85g 295c x3w 3ms | egraph 19g->149v+0snap 13ms | graft 33 (-78n, 0 snap) cpu 0 | f64 20 | gen 0.2s | dropped inexpr 1 oversz 0 unbuild 0 {}
--------- pump migration: intra (promote-2 + intake-reset) ---------
 111     0     100               0  0.000106420446  8.16087314e-05    0.0278850726  0.000286990086    0.0782707506    0.0893578171
 111     1      50               0  0.000106420446  8.16087314e-05    0.0278850726  0.000286990086    0.0782707506    0.0893578171
          wgpu 2d 327g 462c x3w 11ms | egraph 88g->236v+0snap 26ms | graft 90 (-278n, 0 snap) cpu 0 | f64 30 | gen 0.2s | dropped inexpr 6 oversz 0 unbuild 0 {}
 112     0     100               0  0.000106420446  8.16087314e-05    0.0278850726  0.000286990086    0.0782707506    0.0893578171
 112     1      50               0  0.000106420446  8.16087314e-05    0.0278850726  0.000286990086    0.0782707506    0.0893578171
          wgpu 1d 85g 306c x3w 3ms | egraph 14g->160v+0snap 3ms | graft 48 (-113n, 0 snap) cpu 0 | f64 20 | gen 0.2s | dropped inexpr 1 oversz 0 unbuild 0 {}
 113     0     100               0  0.000106420446  8.16087314e-05    0.0278850726  0.000286990086    0.0782707506    0.0893578171
 113     1      50               0  0.000106420446  8.16087314e-05    0.0278850726  0.000286990086    0.0782707506    0.0893578171
          wgpu 1d 100g 307c x3w 3ms | egraph 20g->161v+0snap 5ms | graft 46 (-114n, 0 snap) cpu 0 | f64 20 | gen 0.2s | dropped inexpr 4 oversz 0 unbuild 0 {}
 114     0     100               0  0.000106420446  8.16087314e-05    0.0278850726  0.000286990086    0.0782707506    0.0893578171
 114     1      50               0  0.000106420446  8.16087314e-05    0.0278850726  0.000286990086    0.0782707506    0.0893578171
          wgpu 1d 91g 298c x3w 3ms | egraph 12g->152v+0snap 3ms | graft 41 (-91n, 0 snap) cpu 0 | f64 20 | gen 0.2s | dropped inexpr 1 oversz 0 unbuild 0 {}
 115     0     100               0  0.000106420446  8.16087314e-05    0.0278850726  0.000286990086    0.0782707506    0.0893578171
 115     1      50               0  0.000106420446  8.16087314e-05    0.0278850726  0.000286990086    0.0782707506    0.0893578171
          wgpu 1d 103g 299c x3w 3ms | egraph 15g->153v+0snap 3ms | graft 46 (-104n, 0 snap) cpu 0 | f64 20 | gen 0.2s | dropped inexpr 2 oversz 0 unbuild 0 {}
 116     0     100               0  0.000106420446  8.16087314e-05    0.0278850726  0.000286990086    0.0782707506    0.0893578171
 116     1      50               0  0.000106420446  8.16087314e-05    0.0278850726  0.000286990086    0.0782707506    0.0893578171
          wgpu 1d 105g 299c x3w 3ms | egraph 21g->153v+0snap 5ms | graft 47 (-103n, 0 snap) cpu 0 | f64 20 | gen 0.2s
 117     0     100               0  0.000106420446  8.16087314e-05    0.0278850726  0.000286990086    0.0782707506    0.0893578171
 117     1      50               0  0.000106420446  8.16087314e-05    0.0278850726  0.000286990086    0.0782707506    0.0893578171
          wgpu 1d 89g 300c x3w 3ms | egraph 14g->154v+0snap 3ms | graft 38 (-82n, 0 snap) cpu 0 | f64 20 | gen 0.2s | dropped inexpr 1 oversz 0 unbuild 0 {}
 118     0     100               0  0.000106420446  8.16087314e-05    0.0278850726  0.000286990086    0.0782707506    0.0893578171
 118     1      50               0  0.000106420428  8.16087396e-05    0.0278850698  0.000286990153    0.0782707378    0.0893578261
          wgpu 1d 87g 296c x3w 3ms | egraph 14g->150v+0snap 3ms | graft 38 (-79n, 0 snap) cpu 0 | f64 20 | gen 0.2s | dropped inexpr 2 oversz 0 unbuild 0 {}
 119     0     100               0  0.000106420446  8.16087314e-05    0.0278850726  0.000286990086    0.0782707506    0.0893578171
 119     1      50               0  0.000106420446  8.16087314e-05    0.0278850726  0.000286990086    0.0782707506    0.0893578171
          wgpu 1d 105g 296c x3w 3ms | egraph 16g->150v+0snap 4ms | graft 44 (-94n, 0 snap) cpu 0 | f64 20 | gen 0.2s | dropped inexpr 3 oversz 0 unbuild 0 {}
 120     0     100               0  0.000106420446  8.16087314e-05    0.0278850726  0.000286990086    0.0782707506    0.0893578171
 120     1      50               0  0.000106420446  8.16087314e-05    0.0278850726  0.000286990086    0.0782707506    0.0893578171
          wgpu 1d 104g 303c x3w 3ms | egraph 15g->157v+0snap 5ms | graft 49 (-115n, 0 snap) cpu 0 | f64 20 | gen 0.2s | dropped inexpr 1 oversz 0 unbuild 0 {}
--------- pump migration: intra (promote-2 + intake-reset) + cross ---------
 121     0     100               0  0.000106420446  8.16087314e-05    0.0278850726  0.000286990086    0.0782707506    0.0893578171
 121     1      50               0  0.000106420446  8.16087314e-05    0.0278850726  0.000286990086    0.0782707506    0.0893578171
          wgpu 2d 257g 421c x3w 12ms | egraph 73g->195v+0snap 16ms | graft 76 (-181n, 0 snap) cpu 0 | f64 30 | gen 0.2s | dropped inexpr 2 oversz 0 unbuild 0 {}
 122     0     100               0  0.000106420428  8.16087396e-05    0.0278850698  0.000286990153    0.0782707378    0.0893578261
 122     1      50               0  0.000106420446  8.16087314e-05    0.0278850726  0.000286990086    0.0782707506    0.0893578171
          wgpu 1d 97g 309c x3w 3ms | egraph 12g->163v+0snap 3ms | graft 54 (-115n, 0 snap) cpu 0 | f64 20 | gen 0.2s | dropped inexpr 1 oversz 0 unbuild 0 {}
 123     0     100               0  0.000106420428  8.16087396e-05    0.0278850698  0.000286990153    0.0782707378    0.0893578261
 123     1      50               0  0.000106420428  8.16087396e-05    0.0278850698  0.000286990153    0.0782707378    0.0893578261
          wgpu 1d 100g 304c x3w 3ms | egraph 17g->158v+0snap 4ms | graft 41 (-91n, 0 snap) cpu 0 | f64 20 | gen 0.2s | dropped inexpr 1 oversz 0 unbuild 0 {}
 124     0     100               0  0.000106420428  8.16087396e-05    0.0278850698  0.000286990153    0.0782707378    0.0893578261
 124     1      50               0  0.000106420428  8.16087396e-05    0.0278850698  0.000286990153    0.0782707378    0.0893578261
          wgpu 1d 81g 293c x3w 4ms | egraph 16g->147v+0snap 3ms | graft 44 (-95n, 0 snap) cpu 0 | f64 20 | gen 0.2s
 125     0     100               0  0.000106420428  8.16087396e-05    0.0278850698  0.000286990153    0.0782707378    0.0893578261
 125     1      50               0  0.000106420428  8.16087396e-05    0.0278850698  0.000286990153    0.0782707378    0.0893578261
          wgpu 1d 88g 300c x3w 3ms | egraph 14g->154v+0snap 3ms | graft 46 (-94n, 0 snap) cpu 0 | f64 20 | gen 0.1s | dropped inexpr 1 oversz 0 unbuild 0 {}
 126     0     100               0  0.000106420446  8.16087314e-05    0.0278850726  0.000286990086    0.0782707506    0.0893578171
 126     1      50               0  0.000106420446  8.16087314e-05    0.0278850726  0.000286990086    0.0782707506    0.0893578171
          wgpu 1d 85g 293c x3w 3ms | egraph 14g->147v+0snap 4ms | graft 41 (-97n, 0 snap) cpu 0 | f64 20 | gen 0.2s | dropped inexpr 2 oversz 0 unbuild 0 {}
 127     0     100               0  0.000106420446  8.16087314e-05    0.0278850726  0.000286990086    0.0782707506    0.0893578171
 127     1      50               0  0.000106420428  8.16087396e-05    0.0278850698  0.000286990153    0.0782707378    0.0893578261
          wgpu 1d 80g 290c x3w 3ms | egraph 16g->144v+0snap 6ms | graft 43 (-93n, 0 snap) cpu 0 | f64 20 | gen 0.1s | dropped inexpr 3 oversz 0 unbuild 0 {}
 128     0     100               0  0.000106420446  8.16087314e-05    0.0278850726  0.000286990086    0.0782707506    0.0893578171
 128     1      50               0  0.000106420428  8.16087396e-05    0.0278850698  0.000286990153    0.0782707378    0.0893578261
          wgpu 1d 99g 299c x3w 3ms | egraph 18g->153v+0snap 4ms | graft 43 (-88n, 0 snap) cpu 0 | f64 20 | gen 0.2s | dropped inexpr 1 oversz 0 unbuild 0 {}
 129     0     100               0  0.000106420446  8.16087314e-05    0.0278850726  0.000286990086    0.0782707506    0.0893578171
 129     1      50               0  0.000106420446  8.16087314e-05    0.0278850726  0.000286990086    0.0782707506    0.0893578171
          wgpu 1d 99g 303c x3w 4ms | egraph 14g->157v+0snap 4ms | graft 46 (-110n, 0 snap) cpu 0 | f64 20 | gen 0.2s | dropped inexpr 2 oversz 0 unbuild 0 {}
 130     0     100               0  0.000106420446  8.16087314e-05    0.0278850726  0.000286990086    0.0782707506    0.0893578171
 130     1      50               0  0.000106420428  8.16087396e-05    0.0278850698  0.000286990153    0.0782707378    0.0893578261
          wgpu 1d 103g 307c x3w 4ms | egraph 24g->161v+0snap 6ms | graft 44 (-105n, 0 snap) cpu 0 | f64 20 | gen 0.2s | dropped inexpr 8 oversz 0 unbuild 0 {}
--------- pump migration: intra (promote-2 + intake-reset) ---------
 131     0     100               0  0.000106420446  8.16087314e-05    0.0278850726  0.000286990086    0.0782707506    0.0893578171
 131     1      50               0  0.000106420446  8.16087314e-05    0.0278850726  0.000286990086    0.0782707506    0.0893578171
          wgpu 2d 249g 402c x3w 7ms | egraph 79g->176v+0snap 16ms | graft 65 (-149n, 0 snap) cpu 0 | f64 30 | gen 0.1s | dropped inexpr 4 oversz 0 unbuild 0 {}
 132     0     100               0  0.000106420446  8.16087314e-05    0.0278850726  0.000286990086    0.0782707506    0.0893578171
 132     1      50               0  0.000106420446  8.16087314e-05    0.0278850726  0.000286990086    0.0782707506    0.0893578171
          wgpu 1d 71g 288c x3w 3ms | egraph 18g->142v+0snap 4ms | graft 30 (-66n, 0 snap) cpu 0 | f64 20 | gen 0.1s | dropped inexpr 1 oversz 0 unbuild 0 {}
 133     0     100               0  0.000106420446  8.16087314e-05    0.0278850726  0.000286990086    0.0782707506    0.0893578171
 133     1      50               0  0.000106420446  8.16087314e-05    0.0278850726  0.000286990086    0.0782707506    0.0893578171
          wgpu 1d 109g 299c x3w 3ms | egraph 25g->153v+0snap 6ms | graft 41 (-113n, 0 snap) cpu 0 | f64 20 | gen 0.2s | dropped inexpr 3 oversz 0 unbuild 0 {}
 134     0     100               0  0.000106420446  8.16087314e-05    0.0278850726  0.000286990086    0.0782707506    0.0893578171
 134     1      50               0  0.000106420446  8.16087314e-05    0.0278850726  0.000286990086    0.0782707506    0.0893578171
          wgpu 1d 119g 292c x3w 4ms | egraph 24g->146v+0snap 5ms | graft 43 (-123n, 0 snap) cpu 0 | f64 20 | gen 0.2s | dropped inexpr 1 oversz 0 unbuild 0 {}
 135     0     100               0  0.000106420446  8.16087314e-05    0.0278850726  0.000286990086    0.0782707506    0.0893578171
 135     1      50               0  0.000106420446  8.16087314e-05    0.0278850726  0.000286990086    0.0782707506    0.0893578171
          wgpu 1d 99g 294c x3w 3ms | egraph 19g->148v+0snap 4ms | graft 38 (-97n, 0 snap) cpu 0 | f64 20 | gen 0.1s | dropped inexpr 1 oversz 0 unbuild 0 {}
 136     0     100               0  0.000106420446  8.16087314e-05    0.0278850726  0.000286990086    0.0782707506    0.0893578171
 136     1      50               0  0.000106420428  8.16087396e-05    0.0278850698  0.000286990153    0.0782707378    0.0893578261
          wgpu 1d 89g 297c x3w 3ms | egraph 20g->151v+0snap 5ms | graft 41 (-90n, 0 snap) cpu 0 | f64 20 | gen 0.2s | dropped inexpr 1 oversz 0 unbuild 0 {}
 137     0     100               0  0.000106420446  8.16087314e-05    0.0278850726  0.000286990086    0.0782707506    0.0893578171
 137     1      50               0  0.000106420428  8.16087396e-05    0.0278850698  0.000286990153    0.0782707378    0.0893578261
          wgpu 1d 101g 278c x3w 3ms | egraph 22g->132v+0snap 5ms | graft 37 (-87n, 0 snap) cpu 0 | f64 20 | gen 0.2s | dropped inexpr 2 oversz 0 unbuild 0 {}
 138     0     100               0  0.000106420446  8.16087314e-05    0.0278850726  0.000286990086    0.0782707506    0.0893578171
 138     1      50               0  0.000106420428  8.16087396e-05    0.0278850698  0.000286990153    0.0782707378    0.0893578261
          wgpu 1d 119g 296c x3w 4ms | egraph 26g->150v+0snap 5ms | graft 53 (-137n, 0 snap) cpu 0 | f64 20 | gen 0.2s | dropped inexpr 2 oversz 0 unbuild 0 {}
 139     0     100               0  0.000106420446  8.16087314e-05    0.0278850726  0.000286990086    0.0782707506    0.0893578171
 139     1      50               0  0.000106420428  8.16087396e-05    0.0278850698  0.000286990153    0.0782707378    0.0893578261
          wgpu 1d 99g 296c x3w 3ms | egraph 19g->150v+0snap 5ms | graft 48 (-108n, 0 snap) cpu 0 | f64 20 | gen 0.2s | dropped inexpr 1 oversz 0 unbuild 0 {}
 140     0     100               0  0.000106420446  8.16087314e-05    0.0278850726  0.000286990086    0.0782707506    0.0893578171
 140     1      50               0  0.000106420428  8.16087396e-05    0.0278850698  0.000286990153    0.0782707378    0.0893578261
          wgpu 1d 111g 297c x3w 3ms | egraph 22g->151v+0snap 5ms | graft 42 (-112n, 0 snap) cpu 0 | f64 20 | gen 0.2s | dropped inexpr 1 oversz 0 unbuild 0 {}
--------- pump migration: intra (promote-2 + intake-reset) ---------
 141     0     100               0  0.000106420446  8.16087314e-05    0.0278850726  0.000286990086    0.0782707506    0.0893578171
 141     1      50               0  0.000106420446  8.16087314e-05    0.0278850726  0.000286990086    0.0782707506    0.0893578171
          wgpu 2d 283g 436c x3w 7ms | egraph 93g->210v+0snap 25ms | graft 73 (-187n, 0 snap) cpu 0 | f64 30 | gen 0.1s
 142     0     100               0  0.000106420446  8.16087314e-05    0.0278850726  0.000286990086    0.0782707506    0.0893578171
 142     1      50               0  0.000106420446  8.16087314e-05    0.0278850726  0.000286990086    0.0782707506    0.0893578171
          wgpu 1d 97g 308c x3w 3ms | egraph 17g->162v+0snap 5ms | graft 40 (-91n, 0 snap) cpu 0 | f64 20 | gen 0.2s
 143     0     100               0  0.000106420446  8.16087314e-05    0.0278850726  0.000286990086    0.0782707506    0.0893578171
 143     1      50               0  0.000106420428  8.16087396e-05    0.0278850698  0.000286990153    0.0782707378    0.0893578261
          wgpu 1d 113g 290c x3w 13ms | egraph 22g->144v+0snap 5ms | graft 39 (-88n, 0 snap) cpu 0 | f64 20 | gen 0.2s | dropped inexpr 3 oversz 0 unbuild 0 {}
 144     0     100               0  0.000106420446  8.16087314e-05    0.0278850726  0.000286990086    0.0782707506    0.0893578171
 144     1      50               0  0.000106420446  8.16087314e-05    0.0278850726  0.000286990086    0.0782707506    0.0893578171
          wgpu 1d 129g 301c x3w 4ms | egraph 23g->155v+0snap 8ms | graft 46 (-123n, 0 snap) cpu 0 | f64 20 | gen 0.2s | dropped inexpr 3 oversz 0 unbuild 0 {}
 145     0     100               0  0.000106420446  8.16087314e-05    0.0278850726  0.000286990086    0.0782707506    0.0893578171
 145     1      50               0  0.000106420428  8.16087396e-05    0.0278850698  0.000286990153    0.0782707378    0.0893578261
          wgpu 1d 110g 310c x3w 4ms | egraph 19g->164v+0snap 6ms | graft 45 (-124n, 0 snap) cpu 0 | f64 20 | gen 0.2s | dropped inexpr 3 oversz 0 unbuild 0 {}
 146     0     100               0  0.000106420446  8.16087314e-05    0.0278850726  0.000286990086    0.0782707506    0.0893578171
 146     1      50               0  0.000106420428  8.16087396e-05    0.0278850698  0.000286990153    0.0782707378    0.0893578261
          wgpu 1d 107g 306c x3w 4ms | egraph 16g->160v+0snap 9ms | graft 40 (-91n, 0 snap) cpu 0 | f64 20 | gen 0.2s
 147     0     100               0  0.000106420446  8.16087314e-05    0.0278850726  0.000286990086    0.0782707506    0.0893578171
 147     1      50               0  0.000106420446  8.16087314e-05    0.0278850726  0.000286990086    0.0782707506    0.0893578171
          wgpu 1d 99g 286c x3w 3ms | egraph 21g->140v+0snap 8ms | graft 34 (-77n, 0 snap) cpu 0 | f64 20 | gen 0.1s | dropped inexpr 1 oversz 0 unbuild 0 {}
 148     0     100               0  0.000106420446  8.16087314e-05    0.0278850726  0.000286990086    0.0782707506    0.0893578171
 148     1      50               0  0.000106420428  8.16087396e-05    0.0278850698  0.000286990153    0.0782707378    0.0893578261
          wgpu 1d 91g 298c x3w 3ms | egraph 19g->152v+0snap 6ms | graft 37 (-89n, 0 snap) cpu 0 | f64 20 | gen 0.2s | dropped inexpr 1 oversz 0 unbuild 0 {}
 149     0     100               0  0.000106420446  8.16087314e-05    0.0278850726  0.000286990086    0.0782707506    0.0893578171
 149     1      50               0  0.000106420428  8.16087396e-05    0.0278850698  0.000286990153    0.0782707378    0.0893578261
          wgpu 1d 107g 277c x3w 4ms | egraph 26g->131v+0snap 9ms | graft 37 (-109n, 0 snap) cpu 0 | f64 20 | gen 0.2s | dropped inexpr 1 oversz 0 unbuild 0 {}
 150     0     100               0  0.000106420446  8.16087314e-05    0.0278850726  0.000286990086    0.0782707506    0.0893578171
 150     1      50               0  0.000106420446  8.16087314e-05    0.0278850726  0.000286990086    0.0782707506    0.0893578171
          wgpu 1d 110g 256c x3w 4ms | egraph 27g->110v+0snap 7ms | graft 32 (-89n, 0 snap) cpu 0 | f64 20 | gen 0.2s | dropped inexpr 1 oversz 0 unbuild 0 {}
--------- pump migration: intra (promote-2 + intake-reset) + cross ---------
 151     0     100               0   0.00040646246  0.000335652529    0.0738867513   0.00056776392     0.298947459     0.367524121
 151     1      50               0  0.000106420428  8.16087396e-05    0.0278850698  0.000286990153    0.0782707378    0.0893578261
          wgpu 2d 324g 414c x3w 7ms | egraph 98g->188v+0snap 27ms | graft 81 (-234n, 0 snap) cpu 0 | f64 30 | gen 0.1s | dropped inexpr 6 oversz 0 unbuild 0 {}
 152     0     100               0  9.46626624e-05  7.72444676e-05    0.0248427136  0.000281168532    0.0696230653    0.0845791484
 152     1      50               0  0.000106420428  8.16087396e-05    0.0278850698  0.000286990153    0.0782707378    0.0893578261
          wgpu 1d 117g 235c x3w 3ms | egraph 29g->89v+0snap 6ms | graft 33 (-80n, 0 snap) cpu 0 | f64 20 | gen 0.1s | dropped inexpr 1 oversz 0 unbuild 0 {}
 153     0     100               0  9.46626624e-05  7.72444676e-05    0.0248427136  0.000281168532    0.0696230653    0.0845791484
 153     1      50               0  0.000106420428  8.16087396e-05    0.0278850698  0.000286990153    0.0782707378    0.0893578261
          wgpu 1d 108g 224c x3w 3ms | egraph 21g->78v+0snap 5ms | graft 31 (-67n, 0 snap) cpu 0 | f64 20 | gen 0.1s
 154     0     100               0  9.46626624e-05  7.72444676e-05    0.0248427136  0.000281168532    0.0696230653    0.0845791484
 154     1      50               0  0.000106420428  8.16087396e-05    0.0278850698  0.000286990153    0.0782707378    0.0893578261
          wgpu 1d 119g 238c x3w 8ms | egraph 28g->92v+0snap 7ms | graft 32 (-92n, 0 snap) cpu 0 | f64 20 | gen 0.1s | dropped inexpr 2 oversz 0 unbuild 0 {}
 155     0     100               0  9.46626624e-05  7.72444676e-05    0.0248427136  0.000281168532    0.0696230653    0.0845791484
 155     1      50               0  0.000106420428  8.16087396e-05    0.0278850698  0.000286990153    0.0782707378    0.0893578261
          wgpu 1d 122g 233c x3w 3ms | egraph 28g->87v+0snap 7ms | graft 30 (-111n, 0 snap) cpu 0 | f64 20 | gen 0.2s
 156     0     100               0  9.46626624e-05  7.72444676e-05    0.0248427136  0.000281168532    0.0696230653    0.0845791484
 156     1      50               0  0.000106420428  8.16087396e-05    0.0278850698  0.000286990153    0.0782707378    0.0893578261
          wgpu 1d 111g 232c x3w 3ms | egraph 26g->86v+0snap 9ms | graft 27 (-76n, 0 snap) cpu 0 | f64 20 | gen 0.2s | dropped inexpr 3 oversz 0 unbuild 0 {}
 157     0     100               0  9.46626624e-05  7.72444676e-05    0.0248427136  0.000281168532    0.0696230653    0.0845791484
 157     1      50               0  0.000106420428  8.16087396e-05    0.0278850698  0.000286990153    0.0782707378    0.0893578261
          wgpu 1d 99g 225c x3w 3ms | egraph 24g->79v+0snap 5ms | graft 30 (-87n, 0 snap) cpu 0 | f64 20 | gen 0.1s | dropped inexpr 1 oversz 0 unbuild 0 {}
 158     0     100               0  9.46626659e-05  7.72444696e-05    0.0248427172  0.000281168504    0.0696230678    0.0845791507
 158     1      50               0  0.000106420428  8.16087396e-05    0.0278850698  0.000286990153    0.0782707378    0.0893578261
          wgpu 1d 109g 225c x3w 5ms | egraph 19g->79v+0snap 9ms | graft 27 (-95n, 0 snap) cpu 0 | f64 20 | gen 0.1s | dropped inexpr 2 oversz 0 unbuild 0 {}
 159     0     100               0  9.46626659e-05  7.72444696e-05    0.0248427172  0.000281168504    0.0696230678    0.0845791507
 159     1      50               0  0.000106420446  8.16087314e-05    0.0278850726  0.000286990086    0.0782707506    0.0893578171
          wgpu 1d 104g 233c x3w 3ms | egraph 24g->87v+0snap 5ms | graft 43 (-105n, 0 snap) cpu 0 | f64 20 | gen 0.1s
 160     0     100               0  9.46626624e-05  7.72444676e-05    0.0248427136  0.000281168532    0.0696230653    0.0845791484
 160     1      50               0  0.000106420446  8.16087314e-05    0.0278850726  0.000286990086    0.0782707506    0.0893578171
          wgpu 1d 138g 246c x3w 4ms | egraph 37g->100v+0snap 11ms | graft 41 (-103n, 0 snap) cpu 0 | f64 20 | gen 0.2s | dropped inexpr 2 oversz 0 unbuild 0 {}
--------- pump migration: intra (promote-2 + intake-reset) ---------
 161     0     100               0  9.46626624e-05  7.72444676e-05    0.0248427136  0.000281168532    0.0696230653    0.0845791484
 161     1      50               0  0.000106420446  8.16087314e-05    0.0278850726  0.000286990086    0.0782707506    0.0893578171
          wgpu 2d 265g 347c x3w 7ms | egraph 76g->121v+0snap 15ms | graft 60 (-152n, 0 snap) cpu 0 | f64 30 | gen 0.2s | dropped inexpr 4 oversz 0 unbuild 0 {}
 162     0     100               0  9.46626624e-05  7.72444676e-05    0.0248427136  0.000281168532    0.0696230653    0.0845791484
 162     1      50               0  0.000106420446  8.16087314e-05    0.0278850726  0.000286990086    0.0782707506    0.0893578171
          wgpu 1d 115g 204c x3w 3ms | egraph 21g->58v+0snap 6ms | graft 30 (-90n, 0 snap) cpu 0 | f64 20 | gen 0.2s
 163     0     100               0  9.46626624e-05  7.72444676e-05    0.0248427136  0.000281168532    0.0696230653    0.0845791484
 163     1      50               0  9.46626624e-05  7.72444676e-05    0.0248427136  0.000281168532    0.0696230653    0.0845791484
          wgpu 1d 104g 204c x3w 3ms | egraph 20g->58v+0snap 4ms | graft 22 (-73n, 0 snap) cpu 0 | f64 20 | gen 0.1s | dropped inexpr 1 oversz 0 unbuild 0 {}
 164     0     100               0  9.46626624e-05  7.72444676e-05    0.0248427136  0.000281168532    0.0696230653    0.0845791484
 164     1      50               0  9.46626624e-05  7.72444676e-05    0.0248427136  0.000281168532    0.0696230653    0.0845791484
          wgpu 1d 122g 216c x3w 3ms | egraph 31g->70v+0snap 7ms | graft 31 (-80n, 0 snap) cpu 0 | f64 20 | gen 0.2s
 165     0     100               0  9.46626624e-05  7.72444676e-05    0.0248427136  0.000281168532    0.0696230653    0.0845791484
 165     1      50               0  9.46626659e-05  7.72444696e-05    0.0248427172  0.000281168504    0.0696230678    0.0845791507
          wgpu 1d 101g 195c x3w 3ms | egraph 18g->49v+0snap 4ms | graft 25 (-70n, 0 snap) cpu 0 | f64 20 | gen 0.2s | dropped inexpr 1 oversz 0 unbuild 0 {}
 166     0     100               0  9.46626624e-05  7.72444676e-05    0.0248427136  0.000281168532    0.0696230653    0.0845791484
 166     1      50               0  9.46626659e-05  7.72444696e-05    0.0248427172  0.000281168504    0.0696230678    0.0845791507
          wgpu 1d 103g 195c x3w 4ms | egraph 18g->49v+0snap 4ms | graft 27 (-73n, 0 snap) cpu 0 | f64 20 | gen 0.1s
 167     0     100               0  9.46626624e-05  7.72444676e-05    0.0248427136  0.000281168532    0.0696230653    0.0845791484
 167     1      50               0  9.46626624e-05  7.72444676e-05    0.0248427136  0.000281168532    0.0696230653    0.0845791484
          wgpu 1d 103g 199c x3w 3ms | egraph 18g->53v+0snap 6ms | graft 24 (-72n, 0 snap) cpu 0 | f64 20 | gen 0.1s
 168     0     100               0  9.46626624e-05  7.72444676e-05    0.0248427136  0.000281168532    0.0696230653    0.0845791484
 168     1      50               0  9.46626659e-05  7.72444696e-05    0.0248427172  0.000281168504    0.0696230678    0.0845791507
          wgpu 1d 142g 231c x3w 4ms | egraph 34g->85v+0snap 7ms | graft 45 (-132n, 0 snap) cpu 0 | f64 20 | gen 0.2s | dropped inexpr 5 oversz 0 unbuild 0 {}
 169     0     100               0  9.46626624e-05  7.72444676e-05    0.0248427136  0.000281168532    0.0696230653    0.0845791484
 169     1      50               0  9.46626659e-05  7.72444696e-05    0.0248427172  0.000281168504    0.0696230678    0.0845791507
          wgpu 1d 125g 202c x3w 3ms | egraph 18g->56v+0snap 6ms | graft 28 (-101n, 0 snap) cpu 0 | f64 20 | gen 0.2s
 170     0     100               0  9.46626624e-05  7.72444676e-05    0.0248427136  0.000281168532    0.0696230653    0.0845791484
 170     1      50               0  9.46626659e-05  7.72444696e-05    0.0248427172  0.000281168504    0.0696230678    0.0845791507
          wgpu 1d 107g 191c x3w 3ms | egraph 13g->45v+0snap 3ms | graft 23 (-71n, 0 snap) cpu 0 | f64 20 | gen 0.2s
--------- pump migration: intra (promote-2 + intake-reset) ---------
 171     0     100               0  9.46626624e-05  7.72444676e-05    0.0248427136  0.000281168532    0.0696230653    0.0845791484
 171     1      50               0  9.46626659e-05  7.72444696e-05    0.0248427172  0.000281168504    0.0696230678    0.0845791507
          wgpu 2d 305g 338c x3w 7ms | egraph 102g->112v+0snap 21ms | graft 56 (-168n, 0 snap) cpu 0 | f64 30 | gen 0.1s | dropped inexpr 5 oversz 0 unbuild 0 {}
 172     0     100               0  9.46626624e-05  7.72444676e-05    0.0248427136  0.000281168532    0.0696230653    0.0845791484
 172     1      50               0  9.46626624e-05  7.72444676e-05    0.0248427136  0.000281168532    0.0696230653    0.0845791484
          wgpu 1d 106g 205c x3w 3ms | egraph 17g->59v+0snap 4ms | graft 26 (-90n, 0 snap) cpu 0 | f64 20 | gen 0.2s
 173     0     100               0  9.46626659e-05  7.72444696e-05    0.0248427172  0.000281168504    0.0696230678    0.0845791507
 173     1      50               0  9.46626624e-05  7.72444676e-05    0.0248427136  0.000281168532    0.0696230653    0.0845791484
          wgpu 1d 116g 212c x3w 3ms | egraph 24g->66v+0snap 6ms | graft 33 (-97n, 0 snap) cpu 0 | f64 20 | gen 0.2s
 174     0     100               0  9.46626659e-05  7.72444696e-05    0.0248427172  0.000281168504    0.0696230678    0.0845791507
 174     1      50               0  9.46626624e-05  7.72444676e-05    0.0248427136  0.000281168532    0.0696230653    0.0845791484
          wgpu 1d 107g 199c x3w 3ms | egraph 18g->53v+0snap 4ms | graft 24 (-64n, 0 snap) cpu 0 | f64 20 | gen 0.2s
 175     0     100               0  9.46626659e-05  7.72444696e-05    0.0248427172  0.000281168504    0.0696230678    0.0845791507
 175     1      50               0  9.46626659e-05  7.72444696e-05    0.0248427172  0.000281168504    0.0696230678    0.0845791507
          wgpu 1d 84g 185c x3w 3ms | egraph 13g->39v+0snap 3ms | graft 22 (-64n, 0 snap) cpu 0 | f64 20 | gen 0.2s
 176     0     100               0  9.46626659e-05  7.72444696e-05    0.0248427172  0.000281168504    0.0696230678    0.0845791507
 176     1      50               0  9.46626624e-05  7.72444676e-05    0.0248427136  0.000281168532    0.0696230653    0.0845791484
          wgpu 1d 125g 217c x3w 6ms | egraph 22g->71v+0snap 5ms | graft 33 (-92n, 0 snap) cpu 0 | f64 20 | gen 0.2s
 177     0     100               0  9.46626659e-05  7.72444696e-05    0.0248427172  0.000281168504    0.0696230678    0.0845791507
 177     1      50               0  9.46626624e-05  7.72444676e-05    0.0248427136  0.000281168532    0.0696230653    0.0845791484
          wgpu 1d 103g 202c x3w 3ms | egraph 21g->56v+0snap 6ms | graft 26 (-85n, 0 snap) cpu 0 | f64 20 | gen 0.2s | dropped inexpr 2 oversz 0 unbuild 0 {}
 178     0     100               0  9.46626659e-05  7.72444696e-05    0.0248427172  0.000281168504    0.0696230678    0.0845791507
 178     1      50               0  9.46626624e-05  7.72444676e-05    0.0248427136  0.000281168532    0.0696230653    0.0845791484
          wgpu 1d 115g 205c x3w 3ms | egraph 20g->59v+0snap 5ms | graft 33 (-84n, 0 snap) cpu 0 | f64 20 | gen 0.2s
 179     0     100               0  9.46626659e-05  7.72444696e-05    0.0248427172  0.000281168504    0.0696230678    0.0845791507
 179     1      50               0  9.46626624e-05  7.72444676e-05    0.0248427136  0.000281168532    0.0696230653    0.0845791484
          wgpu 1d 89g 185c x3w 3ms | egraph 12g->39v+0snap 3ms | graft 20 (-71n, 0 snap) cpu 0 | f64 20 | gen 0.1s
 180     0     100               0  9.46626659e-05  7.72444696e-05    0.0248427172  0.000281168504    0.0696230678    0.0845791507
 180     1      50               0  9.46626659e-05  7.72444696e-05    0.0248427172  0.000281168504    0.0696230678    0.0845791507
          wgpu 1d 110g 188c x3w 6ms | egraph 20g->42v+0snap 5ms | graft 23 (-57n, 0 snap) cpu 0 | f64 20 | gen 0.2s | dropped inexpr 1 oversz 0 unbuild 0 {}
--------- pump migration: intra (promote-2 + intake-reset) + cross ---------
 181     0     100               0  9.46626659e-05  7.72444696e-05    0.0248427172  0.000281168504    0.0696230678    0.0845791507
 181     1      50               0  9.46626624e-05  7.72444676e-05    0.0248427136  0.000281168532    0.0696230653    0.0845791484
          wgpu 2d 326g 374c x3w 13ms | egraph 109g->148v+0snap 31ms | graft 69 (-274n, 0 snap) cpu 0 | f64 30 | gen 0.1s | dropped inexpr 8 oversz 0 unbuild 0 {}
 182     0     100               0  9.46626659e-05  7.72444696e-05    0.0248427172  0.000281168504    0.0696230678    0.0845791507
 182     1      50               0  9.46626659e-05  7.72444696e-05    0.0248427172  0.000281168504    0.0696230678    0.0845791507
          wgpu 1d 121g 205c x3w 3ms | egraph 18g->59v+0snap 6ms | graft 29 (-111n, 0 snap) cpu 0 | f64 20 | gen 0.2s | dropped inexpr 1 oversz 0 unbuild 0 {}
 183     0     100               0  9.46626659e-05  7.72444696e-05    0.0248427172  0.000281168504    0.0696230678    0.0845791507
 183     1      50               0  9.46626659e-05  7.72444696e-05    0.0248427172  0.000281168504    0.0696230678    0.0845791507
          wgpu 1d 119g 209c x3w 10ms | egraph 21g->63v+0snap 6ms | graft 26 (-100n, 0 snap) cpu 0 | f64 20 | gen 0.2s
 184     0     100               0  9.46626659e-05  7.72444696e-05    0.0248427172  0.000281168504    0.0696230678    0.0845791507
 184     1      50               0  9.46626659e-05  7.72444696e-05    0.0248427172  0.000281168504    0.0696230678    0.0845791507
          wgpu 1d 114g 203c x3w 5ms | egraph 18g->57v+0snap 5ms | graft 27 (-72n, 0 snap) cpu 0 | f64 20 | gen 0.1s
 185     0     100               0  9.46626659e-05  7.72444696e-05    0.0248427172  0.000281168504    0.0696230678    0.0845791507
 185     1      50               0  9.46626659e-05  7.72444696e-05    0.0248427172  0.000281168504    0.0696230678    0.0845791507
          wgpu 1d 107g 190c x3w 3ms | egraph 17g->44v+0snap 14ms | graft 21 (-57n, 0 snap) cpu 0 | f64 20 | gen 0.2s
 186     0     100               0  9.46626624e-05  7.72444676e-05    0.0248427136  0.000281168532    0.0696230653    0.0845791484
 186     1      50               0  9.46626659e-05  7.72444696e-05    0.0248427172  0.000281168504    0.0696230678    0.0845791507
          wgpu 1d 111g 189c x3w 3ms | egraph 22g->43v+0snap 5ms | graft 21 (-69n, 0 snap) cpu 0 | f64 20 | gen 0.1s
 187     0     100               0  9.46626624e-05  7.72444676e-05    0.0248427136  0.000281168532    0.0696230653    0.0845791484
 187     1      50               0  9.46626624e-05  7.72444676e-05    0.0248427136  0.000281168532    0.0696230653    0.0845791484
          wgpu 1d 108g 202c x3w 3ms | egraph 16g->56v+0snap 5ms | graft 26 (-85n, 0 snap) cpu 0 | f64 20 | gen 0.2s
 188     0     100               0  9.46626624e-05  7.72444676e-05    0.0248427136  0.000281168532    0.0696230653    0.0845791484
 188     1      50               0  9.46626624e-05  7.72444676e-05    0.0248427136  0.000281168532    0.0696230653    0.0845791484
          wgpu 1d 115g 209c x3w 3ms | egraph 20g->63v+0snap 5ms | graft 32 (-87n, 0 snap) cpu 0 | f64 20 | gen 0.1s
 189     0     100               0  9.46626624e-05  7.72444676e-05    0.0248427136  0.000281168532    0.0696230653    0.0845791484
 189     1      50               0  9.46626659e-05  7.72444696e-05    0.0248427172  0.000281168504    0.0696230678    0.0845791507
          wgpu 1d 118g 204c x3w 3ms | egraph 24g->58v+0snap 5ms | graft 31 (-79n, 0 snap) cpu 0 | f64 20 | gen 0.2s
 190     0     100               0  9.46626624e-05  7.72444676e-05    0.0248427136  0.000281168532    0.0696230653    0.0845791484
 190     1      50               0  9.46626624e-05  7.72444676e-05    0.0248427136  0.000281168532    0.0696230653    0.0845791484
          wgpu 1d 124g 193c x3w 3ms | egraph 26g->47v+0snap 7ms | graft 24 (-76n, 0 snap) cpu 0 | f64 20 | gen 0.2s
--------- pump migration: intra (promote-2 + intake-reset) ---------
 191     0     100               0  0.000404870686  0.000285218816    0.0788295656  0.000696855417     0.297776731     0.312301519
 191     1      50               0  9.46626624e-05  7.72444676e-05    0.0248427136  0.000281168532    0.0696230653    0.0845791484
          wgpu 2d 382g 401c x3w 9ms | egraph 116g->175v+0snap 50ms | graft 68 (-233n, 0 snap) cpu 0 | f64 30 | gen 0.2s | dropped inexpr 6 oversz 0 unbuild 0 {}
 192     0     100               0  0.000404870686  0.000285218816    0.0788295656  0.000696855417     0.297776731     0.312301519
 192     1      50               0  9.46626624e-05  7.72444676e-05    0.0248427136  0.000281168532    0.0696230653    0.0845791484
          wgpu 1d 204g 277c x3w 5ms | egraph 69g->131v+0snap 17ms | graft 43 (-155n, 0 snap) cpu 0 | f64 20 | gen 0.2s
 193     0     100               0  0.000404870686  0.000285218816    0.0788295656  0.000696855417     0.297776731     0.312301519
 193     1      50               0  9.46626624e-05  7.72444676e-05    0.0248427136  0.000281168532    0.0696230653    0.0845791484
          wgpu 1d 179g 255c x3w 4ms | egraph 59g->109v+0snap 17ms | graft 28 (-119n, 0 snap) cpu 0 | f64 20 | gen 0.2s
 194     0     100               0  0.000404870686  0.000285218816    0.0788295656  0.000696855417     0.297776731     0.312301519
 194     1      50               0  9.46626624e-05  7.72444676e-05    0.0248427136  0.000281168532    0.0696230653    0.0845791484
          wgpu 1d 192g 273c x3w 4ms | egraph 50g->127v+0snap 11ms | graft 41 (-150n, 0 snap) cpu 0 | f64 20 | gen 0.4s
 195     0     100               0  9.46626624e-05  7.72444676e-05    0.0248427136  0.000281168532    0.0696230653    0.0845791484
 195     1      50               0  9.46626624e-05  7.72444676e-05    0.0248427136  0.000281168532    0.0696230653    0.0845791484
          wgpu 1d 167g 241c x3w 4ms | egraph 37g->95v+0snap 8ms | graft 39 (-168n, 0 snap) cpu 0 | f64 20 | gen 0.2s | dropped inexpr 1 oversz 0 unbuild 0 {}
 196     0     100               0  9.46626624e-05  7.72444676e-05    0.0248427136  0.000281168532    0.0696230653    0.0845791484
 196     1      50               0  9.46626624e-05  7.72444676e-05    0.0248427136  0.000281168532    0.0696230653    0.0845791484
          wgpu 1d 125g 223c x3w 3ms | egraph 31g->77v+0snap 6ms | graft 34 (-114n, 0 snap) cpu 0 | f64 20 | gen 0.1s
 197     0     100               0  9.46626659e-05  7.72444696e-05    0.0248427172  0.000281168504    0.0696230678    0.0845791507
 197     1      50               0  9.46626624e-05  7.72444676e-05    0.0248427136  0.000281168532    0.0696230653    0.0845791484
          wgpu 1d 135g 223c x3w 3ms | egraph 23g->77v+0snap 7ms | graft 39 (-111n, 0 snap) cpu 0 | f64 20 | gen 0.2s
 198     0     100               0  9.46626659e-05  7.72444696e-05    0.0248427172  0.000281168504    0.0696230678    0.0845791507
 198     1      50               0  9.46626624e-05  7.72444676e-05    0.0248427136  0.000281168532    0.0696230653    0.0845791484
          wgpu 1d 119g 191c x3w 3ms | egraph 28g->45v+0snap 6ms | graft 21 (-65n, 0 snap) cpu 0 | f64 20 | gen 0.1s
 199     0     100               0  9.46626659e-05  7.72444696e-05    0.0248427172  0.000281168504    0.0696230678    0.0845791507
 199     1      50               0  9.46626624e-05  7.72444676e-05    0.0248427136  0.000281168532    0.0696230653    0.0845791484
          wgpu 1d 111g 201c x3w 4ms | egraph 17g->55v+0snap 4ms | graft 26 (-83n, 0 snap) cpu 0 | f64 20 | gen 0.2s
 200     0     100               0  9.46626659e-05  7.72444696e-05    0.0248427172  0.000281168504    0.0696230678    0.0845791507
 200     1      50               0  9.46626624e-05  7.72444676e-05    0.0248427136  0.000281168532    0.0696230653    0.0845791484
          wgpu 1d 98g 191c x3w 3ms | egraph 18g->45v+0snap 6ms | graft 23 (-77n, 0 snap) cpu 0 | f64 20 | gen 0.1s
--------- pump migration: intra (promote-2 + intake-reset) ---------
 201     0     100               0  9.46626659e-05  7.72444696e-05    0.0248427172  0.000281168504    0.0696230678    0.0845791507
 201     1      50               0  9.46626624e-05  7.72444676e-05    0.0248427136  0.000281168532    0.0696230653    0.0845791484
          wgpu 2d 321g 375c x3w 7ms | egraph 100g->149v+0snap 27ms | graft 72 (-209n, 0 snap) cpu 0 | f64 30 | gen 0.2s | dropped inexpr 6 oversz 0 unbuild 0 {}
 202     0     100               0  9.46626659e-05  7.72444696e-05    0.0248427172  0.000281168504    0.0696230678    0.0845791507
 202     1      50               0  9.46626624e-05  7.72444676e-05    0.0248427136  0.000281168532    0.0696230653    0.0845791484
          wgpu 1d 110g 199c x3w 3ms | egraph 21g->53v+0snap 6ms | graft 28 (-81n, 0 snap) cpu 0 | f64 20 | gen 0.2s
 203     0     100               0  9.46626659e-05  7.72444696e-05    0.0248427172  0.000281168504    0.0696230678    0.0845791507
 203     1      50               0  9.46626624e-05  7.72444676e-05    0.0248427136  0.000281168532    0.0696230653    0.0845791484
          wgpu 1d 125g 205c x3w 4ms | egraph 22g->59v+0snap 13ms | graft 20 (-73n, 0 snap) cpu 0 | f64 20 | gen 0.3s
 204     0     100               0  9.46626659e-05  7.72444696e-05    0.0248427172  0.000281168504    0.0696230678    0.0845791507
 204     1      50               0  9.46626624e-05  7.72444676e-05    0.0248427136  0.000281168532    0.0696230653    0.0845791484
          wgpu 1d 114g 198c x3w 5ms | egraph 19g->52v+0snap 7ms | graft 27 (-89n, 0 snap) cpu 0 | f64 20 | gen 0.2s
 205     0     100               0  9.46626624e-05  7.72444676e-05    0.0248427136  0.000281168532    0.0696230653    0.0845791484
 205     1      50               0  9.46626659e-05  7.72444696e-05    0.0248427172  0.000281168504    0.0696230678    0.0845791507
          wgpu 1d 106g 208c x3w 10ms | egraph 24g->62v+0snap 6ms | graft 30 (-95n, 0 snap) cpu 0 | f64 20 | gen 0.2s
 206     0     100               0  9.46626624e-05  7.72444676e-05    0.0248427136  0.000281168532    0.0696230653    0.0845791484
 206     1      50               0  9.46626659e-05  7.72444696e-05    0.0248427172  0.000281168504    0.0696230678    0.0845791507
          wgpu 1d 105g 212c x3w 3ms | egraph 26g->66v+0snap 9ms | graft 31 (-134n, 0 snap) cpu 0 | f64 20 | gen 0.2s
 207     0     100               0  9.46626659e-05  7.72444696e-05    0.0248427172  0.000281168504    0.0696230678    0.0845791507
 207     1      50               0  9.46626624e-05  7.72444676e-05    0.0248427136  0.000281168532    0.0696230653    0.0845791484
          wgpu 1d 139g 214c x3w 4ms | egraph 29g->68v+0snap 7ms | graft 32 (-95n, 0 snap) cpu 0 | f64 20 | gen 0.2s
 208     0     100               0  9.46626659e-05  7.72444696e-05    0.0248427172  0.000281168504    0.0696230678    0.0845791507
 208     1      50               0  9.46626624e-05  7.72444676e-05    0.0248427136  0.000281168532    0.0696230653    0.0845791484
          wgpu 1d 110g 205c x3w 3ms | egraph 18g->59v+0snap 5ms | graft 32 (-103n, 0 snap) cpu 0 | f64 20 | gen 0.2s | dropped inexpr 1 oversz 0 unbuild 0 {}
 209     0     100               0  9.46626659e-05  7.72444696e-05    0.0248427172  0.000281168504    0.0696230678    0.0845791507
 209     1      50               0  9.46626659e-05  7.72444696e-05    0.0248427172  0.000281168504    0.0696230678    0.0845791507
          wgpu 1d 118g 203c x3w 3ms | egraph 27g->57v+0snap 7ms | graft 27 (-65n, 0 snap) cpu 0 | f64 20 | gen 0.2s | dropped inexpr 1 oversz 0 unbuild 0 {}
 210     0     100               0  9.46626659e-05  7.72444696e-05    0.0248427172  0.000281168504    0.0696230678    0.0845791507
 210     1      50               0  9.46626624e-05  7.72444676e-05    0.0248427136  0.000281168532    0.0696230653    0.0845791484
          wgpu 1d 122g 220c x3w 4ms | egraph 25g->74v+0snap 7ms | graft 34 (-87n, 0 snap) cpu 0 | f64 20 | gen 0.2s | dropped inexpr 1 oversz 0 unbuild 0 {}
--------- pump migration: intra (promote-2 + intake-reset) + cross ---------
 211     0     100               0  9.46626659e-05  7.72444696e-05    0.0248427172  0.000281168504    0.0696230678    0.0845791507
 211     1      50               0  9.46626624e-05  7.72444676e-05    0.0248427136  0.000281168532    0.0696230653    0.0845791484
          wgpu 2d 306g 359c x3w 8ms | egraph 96g->133v+0snap 21ms | graft 69 (-222n, 0 snap) cpu 0 | f64 30 | gen 0.2s | dropped inexpr 3 oversz 0 unbuild 0 {}
 212     0     100               0  9.46626659e-05  7.72444696e-05    0.0248427172  0.000281168504    0.0696230678    0.0845791507
 212     1      50               0  9.46626659e-05  7.72444696e-05    0.0248427172  0.000281168504    0.0696230678    0.0845791507
          wgpu 1d 105g 211c x3w 4ms | egraph 23g->65v+0snap 5ms | graft 34 (-121n, 0 snap) cpu 0 | f64 20 | gen 0.2s
 213     0     100               0  9.46626659e-05  7.72444696e-05    0.0248427172  0.000281168504    0.0696230678    0.0845791507
 213     1      50               0  9.46626659e-05  7.72444696e-05    0.0248427172  0.000281168504    0.0696230678    0.0845791507
          wgpu 1d 130g 222c x3w 3ms | egraph 22g->76v+0snap 6ms | graft 37 (-125n, 0 snap) cpu 0 | f64 20 | gen 0.2s
 214     0     100               0  9.46626659e-05  7.72444696e-05    0.0248427172  0.000281168504    0.0696230678    0.0845791507
 214     1      50               0  9.46626659e-05  7.72444696e-05    0.0248427172  0.000281168504    0.0696230678    0.0845791507
          wgpu 1d 124g 212c x3w 3ms | egraph 19g->66v+0snap 5ms | graft 28 (-76n, 0 snap) cpu 0 | f64 20 | gen 0.2s
 215     0     100               0  9.46626659e-05  7.72444696e-05    0.0248427172  0.000281168504    0.0696230678    0.0845791507
 215     1      50               0  9.46626624e-05  7.72444676e-05    0.0248427136  0.000281168532    0.0696230653    0.0845791484
          wgpu 1d 112g 238c x3w 3ms | egraph 18g->92v+0snap 5ms | graft 40 (-120n, 0 snap) cpu 0 | f64 20 | gen 0.2s | dropped inexpr 1 oversz 0 unbuild 0 {}
 216     0     100               0  9.46626659e-05  7.72444696e-05    0.0248427172  0.000281168504    0.0696230678    0.0845791507
 216     1      50               0  9.46626659e-05  7.72444696e-05    0.0248427172  0.000281168504    0.0696230678    0.0845791507
          wgpu 1d 118g 216c x3w 5ms | egraph 17g->70v+0snap 6ms | graft 37 (-121n, 0 snap) cpu 0 | f64 20 | gen 0.2s
 217     0     100               0  9.46626659e-05  7.72444696e-05    0.0248427172  0.000281168504    0.0696230678    0.0845791507
 217     1      50               0  9.46626624e-05  7.72444676e-05    0.0248427136  0.000281168532    0.0696230653    0.0845791484
          wgpu 1d 119g 209c x3w 4ms | egraph 28g->63v+0snap 16ms | graft 34 (-97n, 0 snap) cpu 0 | f64 20 | gen 0.2s
 218     0     100               0  9.46626624e-05  7.72444676e-05    0.0248427136  0.000281168532    0.0696230653    0.0845791484
 218     1      50               0  9.46626659e-05  7.72444696e-05    0.0248427172  0.000281168504    0.0696230678    0.0845791507
          wgpu 1d 118g 210c x3w 3ms | egraph 20g->64v+0snap 5ms | graft 39 (-128n, 0 snap) cpu 0 | f64 20 | gen 0.2s | dropped inexpr 1 oversz 0 unbuild 0 {}
 219     0     100               0  9.46626659e-05  7.72444696e-05    0.0248427172  0.000281168504    0.0696230678    0.0845791507
 219     1      50               0  9.46626659e-05  7.72444696e-05    0.0248427172  0.000281168504    0.0696230678    0.0845791507
          wgpu 1d 115g 223c x3w 3ms | egraph 26g->77v+0snap 9ms | graft 36 (-164n, 0 snap) cpu 0 | f64 20 | gen 0.3s
 220     0     100               0  9.46626659e-05  7.72444696e-05    0.0248427172  0.000281168504    0.0696230678    0.0845791507
 220     1      50               0  9.46626659e-05  7.72444696e-05    0.0248427172  0.000281168504    0.0696230678    0.0845791507
          wgpu 1d 130g 233c x3w 7ms | egraph 28g->87v+0snap 6ms | graft 47 (-154n, 0 snap) cpu 0 | f64 20 | gen 0.2s
--------- pump migration: intra (promote-2 + intake-reset) ---------
 221     0     100               0  9.46626659e-05  7.72444696e-05    0.0248427172  0.000281168504    0.0696230678    0.0845791507
 221     1      50               0  9.46626659e-05  7.72444696e-05    0.0248427172  0.000281168504    0.0696230678    0.0845791507
          wgpu 2d 346g 401c x3w 15ms | egraph 108g->175v+0snap 23ms | graft 73 (-271n, 0 snap) cpu 0 | f64 30 | gen 0.2s | dropped inexpr 3 oversz 0 unbuild 0 {}
 222     0     100               0  9.46626659e-05  7.72444696e-05    0.0248427172  0.000281168504    0.0696230678    0.0845791507
 222     1      50               0  9.46626659e-05  7.72444696e-05    0.0248427172  0.000281168504    0.0696230678    0.0845791507
          wgpu 1d 105g 191c x3w 3ms | egraph 20g->45v+0snap 5ms | graft 30 (-127n, 0 snap) cpu 0 | f64 20 | gen 0.2s
 223     0     100               0  9.46626659e-05  7.72444696e-05    0.0248427172  0.000281168504    0.0696230678    0.0845791507
 223     1      50               0  9.46626659e-05  7.72444696e-05    0.0248427172  0.000281168504    0.0696230678    0.0845791507
          wgpu 1d 114g 216c x3w 3ms | egraph 24g->70v+0snap 6ms | graft 35 (-109n, 0 snap) cpu 0 | f64 20 | gen 0.2s
 224     0     100               0  9.46626659e-05  7.72444696e-05    0.0248427172  0.000281168504    0.0696230678    0.0845791507
 224     1      50               0  9.46626659e-05  7.72444696e-05    0.0248427172  0.000281168504    0.0696230678    0.0845791507
          wgpu 1d 124g 217c x3w 4ms | egraph 27g->71v+0snap 6ms | graft 42 (-139n, 0 snap) cpu 0 | f64 20 | gen 0.2s
 225     0     100               0  9.46626659e-05  7.72444696e-05    0.0248427172  0.000281168504    0.0696230678    0.0845791507
 225     1      50               0  9.46626659e-05  7.72444696e-05    0.0248427172  0.000281168504    0.0696230678    0.0845791507
          wgpu 1d 109g 209c x3w 7ms | egraph 26g->63v+0snap 7ms | graft 26 (-99n, 0 snap) cpu 0 | f64 20 | gen 0.2s
 226     0     100               0  9.46626624e-05  7.72444676e-05    0.0248427136  0.000281168532    0.0696230653    0.0845791484
 226     1      50               0  9.46626659e-05  7.72444696e-05    0.0248427172  0.000281168504    0.0696230678    0.0845791507
          wgpu 1d 129g 247c x3w 4ms | egraph 28g->101v+0snap 8ms | graft 40 (-136n, 0 snap) cpu 0 | f64 20 | gen 0.2s
 227     0     100               0  9.46626659e-05  7.72444696e-05    0.0248427172  0.000281168504    0.0696230678    0.0845791507
 227     1      50               0  9.46626659e-05  7.72444696e-05    0.0248427172  0.000281168504    0.0696230678    0.0845791507
          wgpu 1d 146g 255c x3w 4ms | egraph 35g->109v+0snap 8ms | graft 34 (-158n, 0 snap) cpu 0 | f64 20 | gen 0.2s
 228     0     100               0  9.46626659e-05  7.72444696e-05    0.0248427172  0.000281168504    0.0696230678    0.0845791507
 228     1      50               0  9.46626659e-05  7.72444696e-05    0.0248427172  0.000281168504    0.0696230678    0.0845791507
          wgpu 1d 147g 250c x3w 5ms | egraph 28g->104v+0snap 7ms | graft 38 (-156n, 0 snap) cpu 0 | f64 20 | gen 0.2s
 229     0     100               0  9.46626624e-05  7.72444676e-05    0.0248427136  0.000281168532    0.0696230653    0.0845791484
 229     1      50               0  9.46626659e-05  7.72444696e-05    0.0248427172  0.000281168504    0.0696230678    0.0845791507
          wgpu 1d 134g 252c x3w 4ms | egraph 33g->106v+0snap 8ms | graft 38 (-158n, 0 snap) cpu 0 | f64 20 | gen 0.2s | dropped inexpr 1 oversz 0 unbuild 0 {}
 230     0     100               0  9.46626624e-05  7.72444676e-05    0.0248427136  0.000281168532    0.0696230653    0.0845791484
 230     1      50               0  9.46626659e-05  7.72444696e-05    0.0248427172  0.000281168504    0.0696230678    0.0845791507
          wgpu 1d 138g 253c x3w 4ms | egraph 28g->107v+0snap 7ms | graft 44 (-164n, 0 snap) cpu 0 | f64 20 | gen 0.5s
--------- pump migration: intra (promote-2 + intake-reset) ---------
 231     0     100               0  9.46626624e-05  7.72444676e-05    0.0248427136  0.000281168532    0.0696230653    0.0845791484
 231     1      50               0  9.46626624e-05  7.72444676e-05    0.0248427136  0.000281168532    0.0696230653    0.0845791484
          wgpu 2d 333g 393c x3w 8ms | egraph 115g->167v+0snap 33ms | graft 68 (-201n, 0 snap) cpu 0 | f64 30 | gen 0.2s | dropped inexpr 1 oversz 0 unbuild 0 {}
 232     0     100               0  9.46626624e-05  7.72444676e-05    0.0248427136  0.000281168532    0.0696230653    0.0845791484
 232     1      50               0  9.46626624e-05  7.72444676e-05    0.0248427136  0.000281168532    0.0696230653    0.0845791484
          wgpu 1d 124g 247c x3w 4ms | egraph 30g->101v+0snap 9ms | graft 35 (-153n, 0 snap) cpu 0 | f64 20 | gen 0.2s | dropped inexpr 7 oversz 0 unbuild 0 {}
 233     0     100               0  9.46626624e-05  7.72444676e-05    0.0248427136  0.000281168532    0.0696230653    0.0845791484
 233     1      50               0  9.46626624e-05  7.72444676e-05    0.0248427136  0.000281168532    0.0696230653    0.0845791484
          wgpu 1d 130g 236c x3w 3ms | egraph 31g->90v+0snap 10ms | graft 36 (-127n, 0 snap) cpu 0 | f64 20 | gen 0.2s | dropped inexpr 1 oversz 0 unbuild 0 {}
 234     0     100               0  9.46626624e-05  7.72444676e-05    0.0248427136  0.000281168532    0.0696230653    0.0845791484
 234     1      50               0  9.46626624e-05  7.72444676e-05    0.0248427136  0.000281168532    0.0696230653    0.0845791484
          wgpu 1d 114g 235c x3w 4ms | egraph 20g->89v+0snap 5ms | graft 36 (-124n, 0 snap) cpu 0 | f64 20 | gen 0.2s
 235     0     100               0  9.46626624e-05  7.72444676e-05    0.0248427136  0.000281168532    0.0696230653    0.0845791484
 235     1      50               0  9.46626659e-05  7.72444696e-05    0.0248427172  0.000281168504    0.0696230678    0.0845791507
          wgpu 1d 113g 237c x3w 5ms | egraph 19g->91v+0snap 6ms | graft 35 (-91n, 0 snap) cpu 0 | f64 20 | gen 0.2s
 236     0     100               0  9.46626624e-05  7.72444676e-05    0.0248427136  0.000281168532    0.0696230653    0.0845791484
 236     1      50               0  9.46626659e-05  7.72444696e-05    0.0248427172  0.000281168504    0.0696230678    0.0845791507
          wgpu 1d 114g 236c x3w 4ms | egraph 29g->90v+0snap 7ms | graft 29 (-96n, 0 snap) cpu 0 | f64 20 | gen 0.2s
 237     0     100               0  9.46626624e-05  7.72444676e-05    0.0248427136  0.000281168532    0.0696230653    0.0845791484
 237     1      50               0  9.46626659e-05  7.72444696e-05    0.0248427172  0.000281168504    0.0696230678    0.0845791507
          wgpu 1d 124g 294c x3w 4ms | egraph 30g->148v+0snap 8ms | graft 46 (-192n, 0 snap) cpu 0 | f64 20 | gen 0.2s
 238     0     100               0  9.46626624e-05  7.72444676e-05    0.0248427136  0.000281168532    0.0696230653    0.0845791484
 238     1      50               0  9.46626659e-05  7.72444696e-05    0.0248427172  0.000281168504    0.0696230678    0.0845791507
          wgpu 1d 135g 250c x3w 4ms | egraph 20g->104v+0snap 14ms | graft 39 (-170n, 0 snap) cpu 0 | f64 20 | gen 0.2s
 239     0     100               0  9.46626624e-05  7.72444676e-05    0.0248427136  0.000281168532    0.0696230653    0.0845791484
 239     1      50               0  9.46626624e-05  7.72444676e-05    0.0248427136  0.000281168532    0.0696230653    0.0845791484
          wgpu 1d 127g 260c x3w 11ms | egraph 32g->114v+0snap 10ms | graft 39 (-151n, 0 snap) cpu 0 | f64 20 | gen 0.2s
 240     0     100               0  9.46626624e-05  7.72444676e-05    0.0248427136  0.000281168532    0.0696230653    0.0845791484
 240     1      50               0  9.46626624e-05  7.72444676e-05    0.0248427136  0.000281168532    0.0696230653    0.0845791484
          wgpu 1d 104g 211c x3w 4ms | egraph 25g->65v+0snap 14ms | graft 22 (-64n, 0 snap) cpu 0 | f64 20 | gen 0.2s | dropped inexpr 1 oversz 0 unbuild 0 {}
--------- pump migration: intra (promote-2 + intake-reset) + cross ---------
 241     0     100               0  9.46626624e-05  7.72444676e-05    0.0248427136  0.000281168532    0.0696230653    0.0845791484
 241     1      50               0  9.46626659e-05  7.72444696e-05    0.0248427172  0.000281168504    0.0696230678    0.0845791507
          wgpu 2d 332g 417c x3w 13ms | egraph 104g->191v+0snap 33ms | graft 76 (-312n, 0 snap) cpu 0 | f64 30 | gen 0.7s | dropped inexpr 7 oversz 0 unbuild 0 {}
 242     0     100               0  9.46626624e-05  7.72444676e-05    0.0248427136  0.000281168532    0.0696230653    0.0845791484
 242     1      50               0  9.46626659e-05  7.72444696e-05    0.0248427172  0.000281168504    0.0696230678    0.0845791507
          wgpu 1d 154g 272c x3w 4ms | egraph 36g->126v+0snap 16ms | graft 43 (-190n, 0 snap) cpu 0 | f64 20 | gen 0.2s | dropped inexpr 2 oversz 0 unbuild 0 {}
 243     0     100               0  9.46626624e-05  7.72444676e-05    0.0248427136  0.000281168532    0.0696230653    0.0845791484
 243     1      50               0  9.46626659e-05  7.72444696e-05    0.0248427172  0.000281168504    0.0696230678    0.0845791507
          wgpu 1d 161g 264c x3w 4ms | egraph 37g->118v+0snap 12ms | graft 43 (-197n, 0 snap) cpu 0 | f64 20 | gen 0.2s
 244     0     100               0  9.46626624e-05  7.72444676e-05    0.0248427136  0.000281168532    0.0696230653    0.0845791484
 244     1      50               0  9.46626659e-05  7.72444696e-05    0.0248427172  0.000281168504    0.0696230678    0.0845791507
          wgpu 1d 135g 253c x3w 6ms | egraph 25g->107v+0snap 9ms | graft 41 (-151n, 0 snap) cpu 0 | f64 20 | gen 0.3s | dropped inexpr 1 oversz 0 unbuild 0 {}
 245     0     100               0  9.46626624e-05  7.72444676e-05    0.0248427136  0.000281168532    0.0696230653    0.0845791484
 245     1      50               0  9.46626659e-05  7.72444696e-05    0.0248427172  0.000281168504    0.0696230678    0.0845791507
          wgpu 1d 128g 236c x3w 4ms | egraph 21g->90v+0snap 7ms | graft 38 (-123n, 0 snap) cpu 0 | f64 20 | gen 0.2s | dropped inexpr 1 oversz 0 unbuild 0 {}
 246     0     100               0  9.46626624e-05  7.72444676e-05    0.0248427136  0.000281168532    0.0696230653    0.0845791484
 246     1      50               0  9.46626624e-05  7.72444676e-05    0.0248427136  0.000281168532    0.0696230653    0.0845791484
          wgpu 1d 118g 226c x3w 4ms | egraph 23g->80v+0snap 9ms | graft 31 (-112n, 0 snap) cpu 0 | f64 20 | gen 0.2s
 247     0     100               0  9.46626624e-05  7.72444676e-05    0.0248427136  0.000281168532    0.0696230653    0.0845791484
 247     1      50               0  9.46626659e-05  7.72444696e-05    0.0248427172  0.000281168504    0.0696230678    0.0845791507
          wgpu 1d 104g 203c x3w 4ms | egraph 16g->57v+0snap 6ms | graft 27 (-76n, 0 snap) cpu 0 | f64 20 | gen 0.2s
 248     0     100               0  9.46626624e-05  7.72444676e-05    0.0248427136  0.000281168532    0.0696230653    0.0845791484
 248     1      50               0  9.46626624e-05  7.72444676e-05    0.0248427136  0.000281168532    0.0696230653    0.0845791484
          wgpu 1d 124g 222c x3w 12ms | egraph 29g->76v+0snap 12ms | graft 35 (-136n, 0 snap) cpu 0 | f64 20 | gen 0.2s
 249     0     100               0  9.46626624e-05  7.72444676e-05    0.0248427136  0.000281168532    0.0696230653    0.0845791484
 249     1      50               0  9.46626624e-05  7.72444676e-05    0.0248427136  0.000281168532    0.0696230653    0.0845791484
          wgpu 1d 134g 233c x3w 7ms | egraph 24g->87v+0snap 11ms | graft 35 (-91n, 0 snap) cpu 0 | f64 20 | gen 0.2s | dropped inexpr 5 oversz 0 unbuild 0 {}
 250     0     100               0  9.46626624e-05  7.72444676e-05    0.0248427136  0.000281168532    0.0696230653    0.0845791484
 250     1      50               0  9.46626624e-05  7.72444676e-05    0.0248427136  0.000281168532    0.0696230653    0.0845791484
          wgpu 1d 118g 211c x3w 3ms | egraph 26g->65v+0snap 9ms | graft 24 (-72n, 0 snap) cpu 0 | f64 20 | gen 0.2s | dropped inexpr 1 oversz 0 unbuild 0 {}
--------- pump migration: intra (promote-2 + intake-reset) ---------
 251     0     100               0  9.46626624e-05  7.72444676e-05    0.0248427136  0.000281168532    0.0696230653    0.0845791484
 251     1      50               0  9.46626659e-05  7.72444696e-05    0.0248427172  0.000281168504    0.0696230678    0.0845791507
          wgpu 2d 324g 381c x3w 8ms | egraph 105g->155v+0snap 48ms | graft 66 (-206n, 0 snap) cpu 0 | f64 30 | gen 0.2s | dropped inexpr 9 oversz 0 unbuild 0 {}
 252     0     100               0  9.46626624e-05  7.72444676e-05    0.0248427136  0.000281168532    0.0696230653    0.0845791484
 252     1      50               0  9.46626624e-05  7.72444676e-05    0.0248427136  0.000281168532    0.0696230653    0.0845791484
          wgpu 1d 130g 217c x3w 4ms | egraph 25g->71v+0snap 7ms | graft 35 (-110n, 0 snap) cpu 0 | f64 20 | gen 0.2s
 253     0     100               0  9.46626624e-05  7.72444676e-05    0.0248427136  0.000281168532    0.0696230653    0.0845791484
 253     1      50               0  9.46626659e-05  7.72444696e-05    0.0248427172  0.000281168504    0.0696230678    0.0845791507
          wgpu 1d 98g 207c x3w 3ms | egraph 17g->61v+0snap 5ms | graft 19 (-45n, 0 snap) cpu 0 | f64 20 | gen 0.2s
 254     0     100               0  9.46626624e-05  7.72444676e-05    0.0248427136  0.000281168532    0.0696230653    0.0845791484
 254     1      50               0  9.46626624e-05  7.72444676e-05    0.0248427136  0.000281168532    0.0696230653    0.0845791484
          wgpu 1d 114g 208c x3w 3ms | egraph 22g->62v+0snap 9ms | graft 26 (-70n, 0 snap) cpu 0 | f64 20 | gen 0.4s | dropped inexpr 1 oversz 0 unbuild 0 {}
 255     0     100               0  9.46626624e-05  7.72444676e-05    0.0248427136  0.000281168532    0.0696230653    0.0845791484
 255     1      50               0  9.46626624e-05  7.72444676e-05    0.0248427136  0.000281168532    0.0696230653    0.0845791484
          wgpu 1d 144g 238c x3w 8ms | egraph 26g->92v+0snap 10ms | graft 38 (-176n, 0 snap) cpu 0 | f64 20 | gen 0.2s | dropped inexpr 2 oversz 0 unbuild 0 {}
 256     0     100               0  9.46626624e-05  7.72444676e-05    0.0248427136  0.000281168532    0.0696230653    0.0845791484
 256     1      50               0  9.46626624e-05  7.72444676e-05    0.0248427136  0.000281168532    0.0696230653    0.0845791484
          wgpu 1d 129g 220c x3w 4ms | egraph 26g->74v+0snap 8ms | graft 33 (-102n, 0 snap) cpu 0 | f64 20 | gen 0.2s | dropped inexpr 1 oversz 0 unbuild 0 {}
 257     0     100               0  9.46626624e-05  7.72444676e-05    0.0248427136  0.000281168532    0.0696230653    0.0845791484
 257     1      50               0  9.46626624e-05  7.72444676e-05    0.0248427136  0.000281168532    0.0696230653    0.0845791484
          wgpu 1d 100g 203c x3w 4ms | egraph 17g->57v+0snap 62ms | graft 28 (-85n, 0 snap) cpu 0 | f64 20 | gen 0.2s
 258     0     100               0  9.46626624e-05  7.72444676e-05    0.0248427136  0.000281168532    0.0696230653    0.0845791484
 258     1      50               0  9.46626624e-05  7.72444676e-05    0.0248427136  0.000281168532    0.0696230653    0.0845791484
          wgpu 1d 118g 222c x3w 4ms | egraph 18g->76v+0snap 7ms | graft 32 (-107n, 0 snap) cpu 0 | f64 20 | gen 0.2s
 259     0     100               0  9.46626624e-05  7.72444676e-05    0.0248427136  0.000281168532    0.0696230653    0.0845791484
 259     1      50               0  9.46626624e-05  7.72444676e-05    0.0248427136  0.000281168532    0.0696230653    0.0845791484
          wgpu 1d 126g 223c x3w 3ms | egraph 22g->77v+0snap 15ms | graft 33 (-98n, 0 snap) cpu 0 | f64 20 | gen 0.3s
 260     0     100               0  9.46626624e-05  7.72444676e-05    0.0248427136  0.000281168532    0.0696230653    0.0845791484
 260     1      50               0  9.46626624e-05  7.72444676e-05    0.0248427136  0.000281168532    0.0696230653    0.0845791484
          wgpu 1d 109g 220c x3w 4ms | egraph 22g->74v+0snap 9ms | graft 24 (-104n, 0 snap) cpu 0 | f64 20 | gen 0.2s
--------- pump migration: intra (promote-2 + intake-reset) ---------
 261     0     100               0  9.46626624e-05  7.72444676e-05    0.0248427136  0.000281168532    0.0696230653    0.0845791484
 261     1      50               0  9.46626624e-05  7.72444676e-05    0.0248427136  0.000281168532    0.0696230653    0.0845791484
          wgpu 2d 307g 365c x3w 11ms | egraph 105g->139v+0snap 36ms | graft 56 (-179n, 0 snap) cpu 0 | f64 30 | gen 0.2s | dropped inexpr 4 oversz 0 unbuild 0 {}
 262     0     100               0  9.46626624e-05  7.72444676e-05    0.0248427136  0.000281168532    0.0696230653    0.0845791484
 262     1      50               0  9.46626659e-05  7.72444696e-05    0.0248427172  0.000281168504    0.0696230678    0.0845791507
          wgpu 1d 132g 225c x3w 7ms | egraph 30g->79v+0snap 13ms | graft 31 (-174n, 0 snap) cpu 0 | f64 20 | gen 0.2s
 263     0     100               0  9.46626624e-05  7.72444676e-05    0.0248427136  0.000281168532    0.0696230653    0.0845791484
 263     1      50               0  9.46626624e-05  7.72444676e-05    0.0248427136  0.000281168532    0.0696230653    0.0845791484
          wgpu 1d 137g 218c x3w 3ms | egraph 28g->72v+0snap 9ms | graft 33 (-132n, 0 snap) cpu 0 | f64 20 | gen 0.2s
 264     0     100               0  9.46626624e-05  7.72444676e-05    0.0248427136  0.000281168532    0.0696230653    0.0845791484
 264     1      50               0  9.46626659e-05  7.72444696e-05    0.0248427172  0.000281168504    0.0696230678    0.0845791507
          wgpu 1d 125g 217c x3w 3ms | egraph 20g->71v+0snap 11ms | graft 31 (-76n, 0 snap) cpu 0 | f64 20 | gen 0.2s
 265     0     100               0  9.46626624e-05  7.72444676e-05    0.0248427136  0.000281168532    0.0696230653    0.0845791484
 265     1      50               0  9.46626659e-05  7.72444696e-05    0.0248427172  0.000281168504    0.0696230678    0.0845791507
          wgpu 1d 121g 214c x3w 3ms | egraph 24g->68v+0snap 8ms | graft 35 (-96n, 0 snap) cpu 0 | f64 20 | gen 0.2s | dropped inexpr 1 oversz 0 unbuild 0 {}
 266     0     100               0  9.46626624e-05  7.72444676e-05    0.0248427136  0.000281168532    0.0696230653    0.0845791484
 266     1      50               0  9.46626659e-05  7.72444696e-05    0.0248427172  0.000281168504    0.0696230678    0.0845791507
          wgpu 1d 136g 227c x3w 4ms | egraph 28g->81v+0snap 9ms | graft 36 (-149n, 0 snap) cpu 0 | f64 20 | gen 0.2s
 267     0     100               0  9.46626624e-05  7.72444676e-05    0.0248427136  0.000281168532    0.0696230653    0.0845791484
 267     1      50               0  9.46626659e-05  7.72444696e-05    0.0248427172  0.000281168504    0.0696230678    0.0845791507
          wgpu 1d 123g 210c x3w 8ms | egraph 20g->64v+0snap 7ms | graft 31 (-94n, 0 snap) cpu 0 | f64 20 | gen 0.2s | dropped inexpr 1 oversz 0 unbuild 0 {}
 268     0     100               0  9.46626624e-05  7.72444676e-05    0.0248427136  0.000281168532    0.0696230653    0.0845791484
 268     1      50               0  9.46626659e-05  7.72444696e-05    0.0248427172  0.000281168504    0.0696230678    0.0845791507
          wgpu 1d 135g 232c x3w 4ms | egraph 23g->86v+0snap 11ms | graft 35 (-131n, 0 snap) cpu 0 | f64 20 | gen 0.2s
 269     0     100               0  9.46626624e-05  7.72444676e-05    0.0248427136  0.000281168532    0.0696230653    0.0845791484
 269     1      50               0  9.46626659e-05  7.72444696e-05    0.0248427172  0.000281168504    0.0696230678    0.0845791507
          wgpu 1d 134g 239c x3w 4ms | egraph 19g->93v+0snap 7ms | graft 45 (-174n, 0 snap) cpu 0 | f64 20 | gen 0.2s
 270     0     100               0  9.46626624e-05  7.72444676e-05    0.0248427136  0.000281168532    0.0696230653    0.0845791484
 270     1      50               0  9.46626659e-05  7.72444696e-05    0.0248427172  0.000281168504    0.0696230678    0.0845791507
          wgpu 1d 122g 221c x3w 4ms | egraph 18g->75v+0snap 7ms | graft 35 (-119n, 0 snap) cpu 0 | f64 20 | gen 0.2s | dropped inexpr 1 oversz 0 unbuild 0 {}
--------- pump migration: intra (promote-2 + intake-reset) + cross ---------
 271     0     100               0  9.46626624e-05  7.72444676e-05    0.0248427136  0.000281168532    0.0696230653    0.0845791484
 271     1      50               0  9.46626659e-05  7.72444696e-05    0.0248427172  0.000281168504    0.0696230678    0.0845791507
          wgpu 2d 327g 386c x3w 17ms | egraph 88g->160v+0snap 28ms | graft 67 (-231n, 0 snap) cpu 0 | f64 30 | gen 0.2s | dropped inexpr 6 oversz 0 unbuild 0 {}
 272     0     100               0  9.46626624e-05  7.72444676e-05    0.0248427136  0.000281168532    0.0696230653    0.0845791484
 272     1      50               0  9.46626624e-05  7.72444676e-05    0.0248427136  0.000281168532    0.0696230653    0.0845791484
          wgpu 1d 136g 224c x3w 5ms | egraph 23g->78v+0snap 6ms | graft 32 (-97n, 0 snap) cpu 0 | f64 20 | gen 0.2s
 273     0     100               0  9.46626624e-05  7.72444676e-05    0.0248427136  0.000281168532    0.0696230653    0.0845791484
 273     1      50               0  9.46626659e-05  7.72444696e-05    0.0248427172  0.000281168504    0.0696230678    0.0845791507
          wgpu 1d 109g 214c x3w 7ms | egraph 15g->68v+0snap 4ms | graft 34 (-98n, 0 snap) cpu 0 | f64 20 | gen 0.2s
 274     0     100               0  9.46626624e-05  7.72444676e-05    0.0248427136  0.000281168532    0.0696230653    0.0845791484
 274     1      50               0  9.46626624e-05  7.72444676e-05    0.0248427136  0.000281168532    0.0696230653    0.0845791484
          wgpu 1d 124g 218c x3w 4ms | egraph 21g->72v+0snap 5ms | graft 30 (-75n, 0 snap) cpu 0 | f64 20 | gen 0.2s
 275     0     100               0  9.46626624e-05  7.72444676e-05    0.0248427136  0.000281168532    0.0696230653    0.0845791484
 275     1      50               0  9.46626659e-05  7.72444696e-05    0.0248427172  0.000281168504    0.0696230678    0.0845791507
          wgpu 1d 129g 215c x3w 4ms | egraph 33g->69v+0snap 9ms | graft 32 (-139n, 0 snap) cpu 0 | f64 20 | gen 0.2s | dropped inexpr 1 oversz 0 unbuild 0 {}
 276     0     100               0  9.46626624e-05  7.72444676e-05    0.0248427136  0.000281168532    0.0696230653    0.0845791484
 276     1      50               0  9.46626624e-05  7.72444676e-05    0.0248427136  0.000281168532    0.0696230653    0.0845791484
          wgpu 1d 101g 207c x3w 3ms | egraph 17g->61v+0snap 5ms | graft 25 (-99n, 0 snap) cpu 0 | f64 20 | gen 0.1s | dropped inexpr 1 oversz 0 unbuild 0 {}
 277     0     100               0  9.46626624e-05  7.72444676e-05    0.0248427136  0.000281168532    0.0696230653    0.0845791484
 277     1      50               0  9.46626624e-05  7.72444676e-05    0.0248427136  0.000281168532    0.0696230653    0.0845791484
          wgpu 1d 128g 223c x3w 4ms | egraph 20g->77v+0snap 4ms | graft 37 (-104n, 0 snap) cpu 0 | f64 20 | gen 0.1s | dropped inexpr 1 oversz 0 unbuild 0 {}
 278     0     100               0  9.46626624e-05  7.72444676e-05    0.0248427136  0.000281168532    0.0696230653    0.0845791484
 278     1      50               0  9.46626624e-05  7.72444676e-05    0.0248427136  0.000281168532    0.0696230653    0.0845791484
          wgpu 1d 137g 223c x3w 3ms | egraph 25g->77v+0snap 5ms | graft 39 (-125n, 0 snap) cpu 0 | f64 20 | gen 0.2s | dropped inexpr 1 oversz 0 unbuild 0 {}
 279     0     100               0  9.46626624e-05  7.72444676e-05    0.0248427136  0.000281168532    0.0696230653    0.0845791484
 279     1      50               0  9.46626624e-05  7.72444676e-05    0.0248427136  0.000281168532    0.0696230653    0.0845791484
          wgpu 1d 109g 242c x3w 3ms | egraph 16g->96v+0snap 4ms | graft 34 (-78n, 0 snap) cpu 0 | f64 20 | gen 0.2s | dropped inexpr 1 oversz 0 unbuild 0 {}
 280     0     100               0  9.46626624e-05  7.72444676e-05    0.0248427136  0.000281168532    0.0696230653    0.0845791484
 280     1      50               0  9.46626624e-05  7.72444676e-05    0.0248427136  0.000281168532    0.0696230653    0.0845791484
          wgpu 1d 122g 231c x3w 3ms | egraph 17g->85v+0snap 5ms | graft 40 (-127n, 0 snap) cpu 0 | f64 20 | gen 0.1s
--------- pump migration: intra (promote-2 + intake-reset) ---------
 281     0     100               0  9.46626624e-05  7.72444676e-05    0.0248427136  0.000281168532    0.0696230653    0.0845791484
 281     1      50               0  9.46626624e-05  7.72444676e-05    0.0248427136  0.000281168532    0.0696230653    0.0845791484
          wgpu 2d 345g 397c x3w 8ms | egraph 96g->171v+0snap 25ms | graft 66 (-196n, 0 snap) cpu 0 | f64 30 | gen 0.2s | dropped inexpr 6 oversz 0 unbuild 0 {}
 282     0     100               0  9.46626624e-05  7.72444676e-05    0.0248427136  0.000281168532    0.0696230653    0.0845791484
 282     1      50               0  9.46626624e-05  7.72444676e-05    0.0248427136  0.000281168532    0.0696230653    0.0845791484
          wgpu 1d 128g 232c x3w 4ms | egraph 26g->86v+0snap 10ms | graft 34 (-107n, 0 snap) cpu 0 | f64 20 | gen 0.2s
 283     0     100               0  9.46626624e-05  7.72444676e-05    0.0248427136  0.000281168532    0.0696230653    0.0845791484
 283     1      50               0  9.46626624e-05  7.72444676e-05    0.0248427136  0.000281168532    0.0696230653    0.0845791484
          wgpu 1d 113g 223c x3w 4ms | egraph 19g->77v+0snap 5ms | graft 35 (-90n, 0 snap) cpu 0 | f64 20 | gen 0.2s | dropped inexpr 2 oversz 0 unbuild 0 {}
 284     0     100               0  9.46626624e-05  7.72444676e-05    0.0248427136  0.000281168532    0.0696230653    0.0845791484
 284     1      50               0  9.46626624e-05  7.72444676e-05    0.0248427136  0.000281168532    0.0696230653    0.0845791484
          wgpu 1d 122g 230c x3w 4ms | egraph 21g->84v+0snap 12ms | graft 38 (-115n, 0 snap) cpu 0 | f64 20 | gen 0.2s | dropped inexpr 1 oversz 0 unbuild 0 {}
 285     0     100               0  9.46626624e-05  7.72444676e-05    0.0248427136  0.000281168532    0.0696230653    0.0845791484
 285     1      50               0  9.46626624e-05  7.72444676e-05    0.0248427136  0.000281168532    0.0696230653    0.0845791484
          wgpu 1d 124g 231c x3w 3ms | egraph 28g->85v+0snap 6ms | graft 37 (-127n, 0 snap) cpu 0 | f64 20 | gen 0.2s | dropped inexpr 3 oversz 0 unbuild 0 {}
 286     0     100               0  9.46626624e-05  7.72444676e-05    0.0248427136  0.000281168532    0.0696230653    0.0845791484
 286     1      50               0  9.46626624e-05  7.72444676e-05    0.0248427136  0.000281168532    0.0696230653    0.0845791484
          wgpu 1d 121g 215c x3w 3ms | egraph 20g->69v+0snap 6ms | graft 33 (-122n, 0 snap) cpu 0 | f64 20 | gen 0.2s | dropped inexpr 1 oversz 0 unbuild 0 {}
 287     0     100               0  9.46626624e-05  7.72444676e-05    0.0248427136  0.000281168532    0.0696230653    0.0845791484
 287     1      50               0  9.46626624e-05  7.72444676e-05    0.0248427136  0.000281168532    0.0696230653    0.0845791484
          wgpu 1d 163g 237c x3w 5ms | egraph 37g->91v+0snap 13ms | graft 41 (-130n, 0 snap) cpu 0 | f64 20 | gen 0.2s | dropped inexpr 1 oversz 0 unbuild 0 {}
 288     0     100               0  9.46626624e-05  7.72444676e-05    0.0248427136  0.000281168532    0.0696230653    0.0845791484
 288     1      50               0  9.46626659e-05  7.72444696e-05    0.0248427172  0.000281168504    0.0696230678    0.0845791507
          wgpu 1d 130g 216c x3w 4ms | egraph 27g->70v+0snap 9ms | graft 27 (-70n, 0 snap) cpu 0 | f64 20 | gen 0.2s | dropped inexpr 2 oversz 0 unbuild 0 {}
 289     0     100               0  9.46626624e-05  7.72444676e-05    0.0248427136  0.000281168532    0.0696230653    0.0845791484
 289     1      50               0  9.46626624e-05  7.72444676e-05    0.0248427136  0.000281168532    0.0696230653    0.0845791484
          wgpu 1d 122g 228c x3w 4ms | egraph 21g->82v+0snap 6ms | graft 32 (-90n, 0 snap) cpu 0 | f64 20 | gen 0.2s | dropped inexpr 4 oversz 0 unbuild 0 {}
 290     0     100               0  9.46626624e-05  7.72444676e-05    0.0248427136  0.000281168532    0.0696230653    0.0845791484
 290     1      50               0  9.46626624e-05  7.72444676e-05    0.0248427136  0.000281168532    0.0696230653    0.0845791484
          wgpu 1d 114g 219c x3w 4ms | egraph 17g->73v+0snap 8ms | graft 29 (-75n, 0 snap) cpu 0 | f64 20 | gen 0.2s | dropped inexpr 2 oversz 0 unbuild 0 {}
--------- pump migration: intra (promote-2 + intake-reset) ---------
 291     0     100               0  9.46626624e-05  7.72444676e-05    0.0248427136  0.000281168532    0.0696230653    0.0845791484
 291     1      50               0  9.46626659e-05  7.72444696e-05    0.0248427172  0.000281168504    0.0696230678    0.0845791507
          wgpu 2d 291g 374c x3w 11ms | egraph 77g->148v+0snap 27ms | graft 71 (-204n, 0 snap) cpu 0 | f64 30 | gen 0.2s | dropped inexpr 4 oversz 0 unbuild 0 {}
 292     0     100               0  9.46626624e-05  7.72444676e-05    0.0248427136  0.000281168532    0.0696230653    0.0845791484
 292     1      50               0  9.46626659e-05  7.72444696e-05    0.0248427172  0.000281168504    0.0696230678    0.0845791507
          wgpu 1d 110g 218c x3w 4ms | egraph 18g->72v+0snap 4ms | graft 32 (-76n, 0 snap) cpu 0 | f64 20 | gen 0.2s
 293     0     100               0  9.46626624e-05  7.72444676e-05    0.0248427136  0.000281168532    0.0696230653    0.0845791484
 293     1      50               0  9.46626624e-05  7.72444676e-05    0.0248427136  0.000281168532    0.0696230653    0.0845791484
          wgpu 1d 124g 217c x3w 3ms | egraph 14g->71v+0snap 4ms | graft 33 (-85n, 0 snap) cpu 0 | f64 20 | gen 0.2s | dropped inexpr 2 oversz 0 unbuild 0 {}
 294     0     100               0  9.46626624e-05  7.72444676e-05    0.0248427136  0.000281168532    0.0696230653    0.0845791484
 294     1      50               0  9.46626624e-05  7.72444676e-05    0.0248427136  0.000281168532    0.0696230653    0.0845791484
          wgpu 1d 118g 218c x3w 3ms | egraph 19g->72v+0snap 7ms | graft 33 (-87n, 0 snap) cpu 0 | f64 20 | gen 0.2s | dropped inexpr 1 oversz 0 unbuild 0 {}
 295     0     100               0  9.46626624e-05  7.72444676e-05    0.0248427136  0.000281168532    0.0696230653    0.0845791484
 295     1      50               0  9.46626624e-05  7.72444676e-05    0.0248427136  0.000281168532    0.0696230653    0.0845791484
          wgpu 1d 136g 227c x3w 4ms | egraph 20g->81v+0snap 7ms | graft 34 (-89n, 0 snap) cpu 0 | f64 20 | gen 0.3s | dropped inexpr 1 oversz 0 unbuild 0 {}
 296     0     100               0  9.46626624e-05  7.72444676e-05    0.0248427136  0.000281168532    0.0696230653    0.0845791484
 296     1      50               0  9.46626624e-05  7.72444676e-05    0.0248427136  0.000281168532    0.0696230653    0.0845791484
          wgpu 1d 131g 221c x3w 3ms | egraph 31g->75v+0snap 8ms | graft 36 (-168n, 0 snap) cpu 0 | f64 20 | gen 0.2s | dropped inexpr 2 oversz 0 unbuild 0 {}
 297     0     100               0  9.46626624e-05  7.72444676e-05    0.0248427136  0.000281168532    0.0696230653    0.0845791484
 297     1      50               0  9.46626624e-05  7.72444676e-05    0.0248427136  0.000281168532    0.0696230653    0.0845791484
          wgpu 1d 121g 226c x3w 3ms | egraph 16g->80v+0snap 6ms | graft 33 (-129n, 0 snap) cpu 0 | f64 20 | gen 0.2s | dropped inexpr 1 oversz 0 unbuild 0 {}
 298     0     100               0  9.46626624e-05  7.72444676e-05    0.0248427136  0.000281168532    0.0696230653    0.0845791484
 298     1      50               0  9.46626624e-05  7.72444676e-05    0.0248427136  0.000281168532    0.0696230653    0.0845791484
          wgpu 1d 126g 206c x3w 3ms | egraph 19g->60v+0snap 5ms | graft 33 (-133n, 0 snap) cpu 0 | f64 20 | gen 0.2s | dropped inexpr 2 oversz 0 unbuild 0 {}
 299     0     100               0  9.46626624e-05  7.72444676e-05    0.0248427136  0.000281168532    0.0696230653    0.0845791484
 299     1      50               0  9.46626624e-05  7.72444676e-05    0.0248427136  0.000281168532    0.0696230653    0.0845791484
          wgpu 1d 119g 218c x3w 3ms | egraph 13g->72v+0snap 5ms | graft 34 (-111n, 0 snap) cpu 0 | f64 20 | gen 0.2s
 300     0     100               0  9.46626624e-05  7.72444676e-05    0.0248427136  0.000281168532    0.0696230653    0.0845791484
 300     1      50               0  9.46626624e-05  7.72444676e-05    0.0248427136  0.000281168532    0.0696230653    0.0845791484
          wgpu 1d 119g 216c x3w 4ms | egraph 25g->70v+0snap 10ms | graft 32 (-91n, 0 snap) cpu 0 | f64 20 | gen 0.2s | dropped inexpr 1 oversz 0 unbuild 0 {}
--------- pump migration: intra (promote-2 + intake-reset) + cross ---------
 301     0     100               0  9.46626624e-05  7.72444676e-05    0.0248427136  0.000281168532    0.0696230653    0.0845791484
 301     1      50               0  9.46626624e-05  7.72444676e-05    0.0248427136  0.000281168532    0.0696230653    0.0845791484
          wgpu 2d 279g 364c x3w 8ms | egraph 83g->138v+0snap 20ms | graft 64 (-202n, 0 snap) cpu 0 | f64 30 | gen 0.2s | dropped inexpr 3 oversz 0 unbuild 0 {}
 302     0     100               0  9.46626624e-05  7.72444676e-05    0.0248427136  0.000281168532    0.0696230653    0.0845791484
 302     1      50               0  9.46626624e-05  7.72444676e-05    0.0248427136  0.000281168532    0.0696230653    0.0845791484
          wgpu 1d 117g 241c x3w 4ms | egraph 21g->95v+0snap 6ms | graft 33 (-132n, 0 snap) cpu 0 | f64 20 | gen 0.2s | dropped inexpr 1 oversz 0 unbuild 0 {}
 303     0     100               0  9.46626624e-05  7.72444676e-05    0.0248427136  0.000281168532    0.0696230653    0.0845791484
 303     1      50               0  9.46626624e-05  7.72444676e-05    0.0248427136  0.000281168532    0.0696230653    0.0845791484
          wgpu 1d 146g 235c x3w 4ms | egraph 35g->89v+0snap 20ms | graft 41 (-211n, 0 snap) cpu 0 | f64 20 | gen 0.3s | dropped inexpr 2 oversz 0 unbuild 0 {}
 304     0     100               0  9.46626624e-05  7.72444676e-05    0.0248427136  0.000281168532    0.0696230653    0.0845791484
 304     1      50               0  9.46626624e-05  7.72444676e-05    0.0248427136  0.000281168532    0.0696230653    0.0845791484
          wgpu 1d 139g 258c x3w 4ms | egraph 22g->112v+0snap 10ms | graft 35 (-138n, 0 snap) cpu 0 | f64 20 | gen 0.2s | dropped inexpr 4 oversz 0 unbuild 0 {}
 305     0     100               0  9.46626624e-05  7.72444676e-05    0.0248427136  0.000281168532    0.0696230653    0.0845791484
 305     1      50               0  9.46626624e-05  7.72444676e-05    0.0248427136  0.000281168532    0.0696230653    0.0845791484
          wgpu 1d 119g 240c x3w 6ms | egraph 23g->94v+0snap 8ms | graft 38 (-99n, 0 snap) cpu 0 | f64 20 | gen 0.2s | dropped inexpr 2 oversz 0 unbuild 0 {}
 306     0     100               0  9.46626624e-05  7.72444676e-05    0.0248427136  0.000281168532    0.0696230653    0.0845791484
 306     1      50               0  9.46626624e-05  7.72444676e-05    0.0248427136  0.000281168532    0.0696230653    0.0845791484
          wgpu 1d 167g 266c x3w 4ms | egraph 38g->120v+0snap 14ms | graft 46 (-196n, 0 snap) cpu 0 | f64 20 | gen 0.2s | dropped inexpr 9 oversz 0 unbuild 0 {}
 307     0     100               0  9.46626624e-05  7.72444676e-05    0.0248427136  0.000281168532    0.0696230653    0.0845791484
 307     1      50               0  9.46626624e-05  7.72444676e-05    0.0248427136  0.000281168532    0.0696230653    0.0845791484
          wgpu 1d 129g 224c x3w 4ms | egraph 17g->78v+0snap 13ms | graft 34 (-110n, 0 snap) cpu 0 | f64 20 | gen 0.2s | dropped inexpr 3 oversz 0 unbuild 0 {}
 308     0     100               0  9.46626624e-05  7.72444676e-05    0.0248427136  0.000281168532    0.0696230653    0.0845791484
 308     1      50               0  9.46626624e-05  7.72444676e-05    0.0248427136  0.000281168532    0.0696230653    0.0845791484
          wgpu 1d 115g 223c x3w 4ms | egraph 19g->77v+0snap 7ms | graft 33 (-97n, 0 snap) cpu 0 | f64 20 | gen 0.2s | dropped inexpr 1 oversz 0 unbuild 0 {}
 309     0     100               0  9.46626624e-05  7.72444676e-05    0.0248427136  0.000281168532    0.0696230653    0.0845791484
 309     1      50               0  9.46626624e-05  7.72444676e-05    0.0248427136  0.000281168532    0.0696230653    0.0845791484
          wgpu 1d 128g 221c x3w 3ms | egraph 17g->75v+0snap 6ms | graft 34 (-123n, 0 snap) cpu 0 | f64 20 | gen 0.2s
 310     0     100               0  9.46626624e-05  7.72444676e-05    0.0248427136  0.000281168532    0.0696230653    0.0845791484
 310     1      50               0  9.46626624e-05  7.72444676e-05    0.0248427136  0.000281168532    0.0696230653    0.0845791484
          wgpu 1d 97g 225c x3w 3ms | egraph 13g->79v+0snap 6ms | graft 26 (-87n, 0 snap) cpu 0 | f64 20 | gen 0.2s | dropped inexpr 1 oversz 0 unbuild 0 {}
--------- pump migration: intra (promote-2 + intake-reset) ---------
 311     0     100               0  9.46626624e-05  7.72444676e-05    0.0248427136  0.000281168532    0.0696230653    0.0845791484
 311     1      50               0  9.46626624e-05  7.72444676e-05    0.0248427136  0.000281168532    0.0696230653    0.0845791484
          wgpu 2d 296g 348c x3w 7ms | egraph 86g->122v+0snap 32ms | graft 56 (-198n, 0 snap) cpu 0 | f64 30 | gen 0.1s | dropped inexpr 3 oversz 0 unbuild 0 {}
 312     0     100               0  9.46626624e-05  7.72444676e-05    0.0248427136  0.000281168532    0.0696230653    0.0845791484
 312     1      50               0  9.46626624e-05  7.72444676e-05    0.0248427136  0.000281168532    0.0696230653    0.0845791484
          wgpu 1d 117g 204c x3w 3ms | egraph 16g->58v+0snap 6ms | graft 28 (-122n, 0 snap) cpu 0 | f64 20 | gen 0.2s
 313     0     100               0  9.46626624e-05  7.72444676e-05    0.0248427136  0.000281168532    0.0696230653    0.0845791484
 313     1      50               0  9.46626624e-05  7.72444676e-05    0.0248427136  0.000281168532    0.0696230653    0.0845791484
          wgpu 1d 127g 212c x3w 3ms | egraph 21g->66v+0snap 7ms | graft 29 (-89n, 0 snap) cpu 0 | f64 20 | gen 0.2s
 314     0     100               0  9.46626624e-05  7.72444676e-05    0.0248427136  0.000281168532    0.0696230653    0.0845791484
 314     1      50               0  9.46626624e-05  7.72444676e-05    0.0248427136  0.000281168532    0.0696230653    0.0845791484
          wgpu 1d 132g 241c x3w 7ms | egraph 28g->95v+0snap 10ms | graft 43 (-182n, 0 snap) cpu 0 | f64 20 | gen 0.2s
 315     0     100               0  9.46626624e-05  7.72444676e-05    0.0248427136  0.000281168532    0.0696230653    0.0845791484
 315     1      50               0  9.46626624e-05  7.72444676e-05    0.0248427136  0.000281168532    0.0696230653    0.0845791484
          wgpu 1d 115g 220c x3w 3ms | egraph 18g->74v+0snap 6ms | graft 37 (-111n, 0 snap) cpu 0 | f64 20 | gen 0.2s
 316     0     100               0  9.46626624e-05  7.72444676e-05    0.0248427136  0.000281168532    0.0696230653    0.0845791484
 316     1      50               0  9.46626659e-05  7.72444696e-05    0.0248427172  0.000281168504    0.0696230678    0.0845791507
          wgpu 1d 92g 216c x3w 3ms | egraph 12g->70v+0snap 4ms | graft 27 (-93n, 0 snap) cpu 0 | f64 20 | gen 0.2s
 317     0     100               0  9.46626624e-05  7.72444676e-05    0.0248427136  0.000281168532    0.0696230653    0.0845791484
 317     1      50               0  9.46626659e-05  7.72444696e-05    0.0248427172  0.000281168504    0.0696230678    0.0845791507
          wgpu 1d 126g 214c x3w 4ms | egraph 18g->68v+0snap 7ms | graft 28 (-99n, 0 snap) cpu 0 | f64 20 | gen 0.1s | dropped inexpr 2 oversz 0 unbuild 0 {}
 318     0     100               0  9.46626624e-05  7.72444676e-05    0.0248427136  0.000281168532    0.0696230653    0.0845791484
 318     1      50               0  9.46626659e-05  7.72444696e-05    0.0248427172  0.000281168504    0.0696230678    0.0845791507
          wgpu 1d 93g 191c x3w 3ms | egraph 11g->45v+0snap 5ms | graft 23 (-66n, 0 snap) cpu 0 | f64 20 | gen 0.2s | dropped inexpr 1 oversz 0 unbuild 0 {}
 319     0     100               0  9.46626624e-05  7.72444676e-05    0.0248427136  0.000281168532    0.0696230653    0.0845791484
 319     1      50               0  9.46626624e-05  7.72444676e-05    0.0248427136  0.000281168532    0.0696230653    0.0845791484
          wgpu 1d 135g 216c x3w 3ms | egraph 20g->70v+0snap 14ms | graft 30 (-120n, 0 snap) cpu 0 | f64 20 | gen 0.2s | dropped inexpr 1 oversz 0 unbuild 0 {}
 320     0     100               0  9.46626624e-05  7.72444676e-05    0.0248427136  0.000281168532    0.0696230653    0.0845791484
 320     1      50               0  9.46626624e-05  7.72444676e-05    0.0248427136  0.000281168532    0.0696230653    0.0845791484
          wgpu 1d 130g 236c x3w 3ms | egraph 24g->90v+0snap 11ms | graft 40 (-166n, 0 snap) cpu 0 | f64 20 | gen 0.2s | dropped inexpr 1 oversz 0 unbuild 0 {}
--------- pump migration: intra (promote-2 + intake-reset) ---------
 321     0     100               0  9.46626624e-05  7.72444676e-05    0.0248427136  0.000281168532    0.0696230653    0.0845791484
 321     1      50               0  9.46626624e-05  7.72444676e-05    0.0248427136  0.000281168532    0.0696230653    0.0845791484
          wgpu 2d 314g 376c x3w 8ms | egraph 79g->150v+0snap 26ms | graft 72 (-226n, 0 snap) cpu 0 | f64 30 | gen 0.2s | dropped inexpr 2 oversz 0 unbuild 0 {}
 322     0     100               0  9.46626624e-05  7.72444676e-05    0.0248427136  0.000281168532    0.0696230653    0.0845791484
 322     1      50               0  9.46626624e-05  7.72444676e-05    0.0248427136  0.000281168532    0.0696230653    0.0845791484
          wgpu 1d 114g 213c x3w 3ms | egraph 15g->67v+0snap 5ms | graft 33 (-96n, 0 snap) cpu 0 | f64 20 | gen 0.2s
 323     0     100               0  9.46626624e-05  7.72444676e-05    0.0248427136  0.000281168532    0.0696230653    0.0845791484
 323     1      50               0  9.46626624e-05  7.72444676e-05    0.0248427136  0.000281168532    0.0696230653    0.0845791484
          wgpu 1d 85g 200c x3w 3ms | egraph 10g->54v+0snap 4ms | graft 31 (-80n, 0 snap) cpu 0 | f64 20 | gen 0.2s
 324     0     100               0  9.46626624e-05  7.72444676e-05    0.0248427136  0.000281168532    0.0696230653    0.0845791484
 324     1      50               0  9.46626624e-05  7.72444676e-05    0.0248427136  0.000281168532    0.0696230653    0.0845791484
          wgpu 1d 106g 207c x3w 4ms | egraph 10g->61v+0snap 4ms | graft 29 (-80n, 0 snap) cpu 0 | f64 20 | gen 0.2s
 325     0     100               0  9.46626624e-05  7.72444676e-05    0.0248427136  0.000281168532    0.0696230653    0.0845791484
 325     1      50               0  9.46626624e-05  7.72444676e-05    0.0248427136  0.000281168532    0.0696230653    0.0845791484
          wgpu 1d 130g 215c x3w 4ms | egraph 17g->69v+0snap 7ms | graft 33 (-120n, 0 snap) cpu 0 | f64 20 | gen 0.2s
 326     0     100               0  9.46626624e-05  7.72444676e-05    0.0248427136  0.000281168532    0.0696230653    0.0845791484
 326     1      50               0  9.46626624e-05  7.72444676e-05    0.0248427136  0.000281168532    0.0696230653    0.0845791484
          wgpu 1d 127g 220c x3w 3ms | egraph 16g->74v+0snap 7ms | graft 39 (-161n, 0 snap) cpu 0 | f64 20 | gen 0.2s
 327     0     100               0  9.46626624e-05  7.72444676e-05    0.0248427136  0.000281168532    0.0696230653    0.0845791484
 327     1      50               0  9.46626624e-05  7.72444676e-05    0.0248427136  0.000281168532    0.0696230653    0.0845791484
          wgpu 1d 121g 209c x3w 3ms | egraph 22g->63v+0snap 9ms | graft 36 (-112n, 0 snap) cpu 0 | f64 20 | gen 0.2s
 328     0     100               0  9.46626624e-05  7.72444676e-05    0.0248427136  0.000281168532    0.0696230653    0.0845791484
 328     1      50               0  9.46626624e-05  7.72444676e-05    0.0248427136  0.000281168532    0.0696230653    0.0845791484
          wgpu 1d 125g 207c x3w 4ms | egraph 18g->61v+0snap 14ms | graft 38 (-100n, 0 snap) cpu 0 | f64 20 | gen 0.2s
 329     0     100               0  9.46626624e-05  7.72444676e-05    0.0248427136  0.000281168532    0.0696230653    0.0845791484
 329     1      50               0  9.46626624e-05  7.72444676e-05    0.0248427136  0.000281168532    0.0696230653    0.0845791484
          wgpu 1d 121g 208c x3w 3ms | egraph 22g->62v+0snap 10ms | graft 33 (-117n, 0 snap) cpu 0 | f64 20 | gen 0.2s
 330     0     100               0  9.46626624e-05  7.72444676e-05    0.0248427136  0.000281168532    0.0696230653    0.0845791484
 330     1      50               0  9.46626624e-05  7.72444676e-05    0.0248427136  0.000281168532    0.0696230653    0.0845791484
          wgpu 1d 98g 188c x3w 3ms | egraph 12g->42v+0snap 4ms | graft 25 (-59n, 0 snap) cpu 0 | f64 20 | gen 0.1s
--------- pump migration: intra (promote-2 + intake-reset) + cross ---------
 331     0     100               0  9.46626624e-05  7.72444676e-05    0.0248427136  0.000281168532    0.0696230653    0.0845791484
 331     1      50               0  9.46626624e-05  7.72444676e-05    0.0248427136  0.000281168532    0.0696230653    0.0845791484
          wgpu 2d 286g 342c x3w 7ms | egraph 74g->116v+0snap 27ms | graft 56 (-207n, 0 snap) cpu 0 | f64 30 | gen 0.2s | dropped inexpr 1 oversz 0 unbuild 0 {}
 332     0     100               0  9.46626624e-05  7.72444676e-05    0.0248427136  0.000281168532    0.0696230653    0.0845791484
 332     1      50               0  9.46626659e-05  7.72444696e-05    0.0248427172  0.000281168504    0.0696230678    0.0845791507
          wgpu 1d 102g 202c x3w 3ms | egraph 11g->56v+0snap 4ms | graft 30 (-89n, 0 snap) cpu 0 | f64 20 | gen 0.2s
 333     0     100               0  9.46626624e-05  7.72444676e-05    0.0248427136  0.000281168532    0.0696230653    0.0845791484
 333     1      50               0  9.46626659e-05  7.72444696e-05    0.0248427172  0.000281168504    0.0696230678    0.0845791507
          wgpu 1d 126g 228c x3w 5ms | egraph 20g->82v+0snap 15ms | graft 37 (-139n, 0 snap) cpu 0 | f64 20 | gen 0.2s
 334     0     100               0  9.46626624e-05  7.72444676e-05    0.0248427136  0.000281168532    0.0696230653    0.0845791484
 334     1      50               0  9.46626659e-05  7.72444696e-05    0.0248427172  0.000281168504    0.0696230678    0.0845791507
          wgpu 1d 124g 231c x3w 4ms | egraph 22g->85v+0snap 8ms | graft 33 (-126n, 0 snap) cpu 0 | f64 20 | gen 0.2s | dropped inexpr 1 oversz 0 unbuild 0 {}
 335     0     100               0  9.46626624e-05  7.72444676e-05    0.0248427136  0.000281168532    0.0696230653    0.0845791484
 335     1      50               0  9.46626659e-05  7.72444696e-05    0.0248427172  0.000281168504    0.0696230678    0.0845791507
          wgpu 1d 138g 277c x3w 4ms | egraph 19g->131v+0snap 6ms | graft 43 (-126n, 0 snap) cpu 0 | f64 20 | gen 0.2s
 336     0     100               0  9.46626624e-05  7.72444676e-05    0.0248427136  0.000281168532    0.0696230653    0.0845791484
 336     1      50               0  9.46626659e-05  7.72444696e-05    0.0248427172  0.000281168504    0.0696230678    0.0845791507
          wgpu 1d 154g 323c x3w 4ms | egraph 25g->177v+0snap 10ms | graft 48 (-245n, 0 snap) cpu 0 | f64 20 | gen 0.2s
 337     0     100               0  9.46626624e-05  7.72444676e-05    0.0248427136  0.000281168532    0.0696230653    0.0845791484
 337     1      50               0  9.46626659e-05  7.72444696e-05    0.0248427172  0.000281168504    0.0696230678    0.0845791507
          wgpu 1d 137g 285c x3w 7ms | egraph 27g->139v+0snap 12ms | graft 41 (-201n, 0 snap) cpu 0 | f64 20 | gen 0.2s | dropped inexpr 2 oversz 0 unbuild 0 {}
 338     0     100               0  9.46626624e-05  7.72444676e-05    0.0248427136  0.000281168532    0.0696230653    0.0845791484
 338     1      50               0  9.46626659e-05  7.72444696e-05    0.0248427172  0.000281168504    0.0696230678    0.0845791507
          wgpu 1d 158g 300c x3w 4ms | egraph 36g->154v+0snap 14ms | graft 47 (-281n, 0 snap) cpu 0 | f64 20 | gen 0.2s | dropped inexpr 2 oversz 0 unbuild 0 {}
 339     0     100               0  9.46626624e-05  7.72444676e-05    0.0248427136  0.000281168532    0.0696230653    0.0845791484
 339     1      50               0  9.46626659e-05  7.72444696e-05    0.0248427172  0.000281168504    0.0696230678    0.0845791507
          wgpu 1d 136g 248c x3w 4ms | egraph 27g->102v+0snap 9ms | graft 43 (-140n, 0 snap) cpu 0 | f64 20 | gen 0.2s
 340     0     100               0  9.46626624e-05  7.72444676e-05    0.0248427136  0.000281168532    0.0696230653    0.0845791484
 340     1      50               0  9.46626659e-05  7.72444696e-05    0.0248427172  0.000281168504    0.0696230678    0.0845791507
          wgpu 1d 133g 245c x3w 4ms | egraph 26g->99v+0snap 8ms | graft 44 (-154n, 0 snap) cpu 0 | f64 20 | gen 0.2s
--------- pump migration: intra (promote-2 + intake-reset) ---------
 341     0     100               0  9.46626624e-05  7.72444676e-05    0.0248427136  0.000281168532    0.0696230653    0.0845791484
 341     1      50               0  9.46626624e-05  7.72444676e-05    0.0248427136  0.000281168532    0.0696230653    0.0845791484
          wgpu 2d 330g 444c x3w 8ms | egraph 85g->218v+0snap 29ms | graft 82 (-280n, 0 snap) cpu 0 | f64 30 | gen 0.2s | dropped inexpr 7 oversz 0 unbuild 0 {}
 342     0     100               0  9.46626624e-05  7.72444676e-05    0.0248427136  0.000281168532    0.0696230653    0.0845791484
 342     1      50               0  9.46626659e-05  7.72444696e-05    0.0248427172  0.000281168504    0.0696230678    0.0845791507
          wgpu 1d 115g 241c x3w 3ms | egraph 20g->95v+0snap 12ms | graft 32 (-129n, 0 snap) cpu 0 | f64 20 | gen 0.2s | dropped inexpr 1 oversz 0 unbuild 0 {}
 343     0     100               0  9.46626624e-05  7.72444676e-05    0.0248427136  0.000281168532    0.0696230653    0.0845791484
 343     1      50               0  9.46626624e-05  7.72444676e-05    0.0248427136  0.000281168532    0.0696230653    0.0845791484
          wgpu 1d 124g 232c x3w 4ms | egraph 21g->86v+0snap 8ms | graft 30 (-107n, 0 snap) cpu 0 | f64 20 | gen 0.2s
 344     0     100               0  9.46626624e-05  7.72444676e-05    0.0248427136  0.000281168532    0.0696230653    0.0845791484
 344     1      50               0  9.46626624e-05  7.72444676e-05    0.0248427136  0.000281168532    0.0696230653    0.0845791484
          wgpu 1d 120g 288c x3w 4ms | egraph 27g->142v+0snap 10ms | graft 37 (-138n, 0 snap) cpu 0 | f64 20 | gen 0.3s
 345     0     100               0  9.46626624e-05  7.72444676e-05    0.0248427136  0.000281168532    0.0696230653    0.0845791484
 345     1      50               0  9.46626624e-05  7.72444676e-05    0.0248427136  0.000281168532    0.0696230653    0.0845791484
          wgpu 1d 133g 259c x3w 4ms | egraph 20g->113v+0snap 5ms | graft 39 (-142n, 0 snap) cpu 0 | f64 20 | gen 0.2s
 346     0     100               0  9.46626624e-05  7.72444676e-05    0.0248427136  0.000281168532    0.0696230653    0.0845791484
 346     1      50               0  9.46626624e-05  7.72444676e-05    0.0248427136  0.000281168532    0.0696230653    0.0845791484
          wgpu 1d 152g 246c x3w 4ms | egraph 24g->100v+0snap 7ms | graft 40 (-233n, 0 snap) cpu 0 | f64 20 | gen 0.2s
 347     0     100               0  9.46626624e-05  7.72444676e-05    0.0248427136  0.000281168532    0.0696230653    0.0845791484
 347     1      50               0  9.46626624e-05  7.72444676e-05    0.0248427136  0.000281168532    0.0696230653    0.0845791484
          wgpu 1d 150g 282c x3w 4ms | egraph 28g->136v+0snap 9ms | graft 41 (-170n, 0 snap) cpu 0 | f64 20 | gen 0.2s
 348     0     100               0  9.46626624e-05  7.72444676e-05    0.0248427136  0.000281168532    0.0696230653    0.0845791484
 348     1      50               0  9.46626624e-05  7.72444676e-05    0.0248427136  0.000281168532    0.0696230653    0.0845791484
          wgpu 1d 102g 253c x3w 4ms | egraph 15g->107v+0snap 6ms | graft 27 (-80n, 0 snap) cpu 0 | f64 20 | gen 0.2s
 349     0     100               0  9.46626624e-05  7.72444676e-05    0.0248427136  0.000281168532    0.0696230653    0.0845791484
 349     1      50               0  9.46626659e-05  7.72444696e-05    0.0248427172  0.000281168504    0.0696230678    0.0845791507
          wgpu 1d 140g 242c x3w 4ms | egraph 29g->96v+0snap 13ms | graft 36 (-128n, 0 snap) cpu 0 | f64 20 | gen 0.2s
 350     0     100               0  9.46626624e-05  7.72444676e-05    0.0248427136  0.000281168532    0.0696230653    0.0845791484
 350     1      50               0  9.46626624e-05  7.72444676e-05    0.0248427136  0.000281168532    0.0696230653    0.0845791484
          wgpu 1d 141g 235c x3w 4ms | egraph 24g->89v+0snap 8ms | graft 40 (-141n, 0 snap) cpu 0 | f64 20 | gen 0.2s
--------- pump migration: intra (promote-2 + intake-reset) ---------
 351     0     100               0  9.46626624e-05  7.72444676e-05    0.0248427136  0.000281168532    0.0696230653    0.0845791484
 351     1      50               0  9.46626624e-05  7.72444676e-05    0.0248427136  0.000281168532    0.0696230653    0.0845791484
          wgpu 2d 301g 370c x3w 8ms | egraph 91g->144v+0snap 27ms | graft 68 (-199n, 0 snap) cpu 0 | f64 30 | gen 0.2s | dropped inexpr 6 oversz 0 unbuild 0 {}
 352     0     100               0  9.46626624e-05  7.72444676e-05    0.0248427136  0.000281168532    0.0696230653    0.0845791484
 352     1      50               0  9.46626659e-05  7.72444696e-05    0.0248427172  0.000281168504    0.0696230678    0.0845791507
          wgpu 1d 120g 225c x3w 4ms | egraph 16g->79v+0snap 5ms | graft 33 (-118n, 0 snap) cpu 0 | f64 20 | gen 0.2s
 353     0     100               0  9.46626624e-05  7.72444676e-05    0.0248427136  0.000281168532    0.0696230653    0.0845791484
 353     1      50               0  9.46626659e-05  7.72444696e-05    0.0248427172  0.000281168504    0.0696230678    0.0845791507
          wgpu 1d 127g 219c x3w 3ms | egraph 22g->73v+0snap 8ms | graft 29 (-112n, 0 snap) cpu 0 | f64 20 | gen 0.2s
 354     0     100               0  9.46626624e-05  7.72444676e-05    0.0248427136  0.000281168532    0.0696230653    0.0845791484
 354     1      50               0  9.46626624e-05  7.72444676e-05    0.0248427136  0.000281168532    0.0696230653    0.0845791484
          wgpu 1d 130g 226c x3w 4ms | egraph 27g->80v+0snap 6ms | graft 35 (-165n, 0 snap) cpu 0 | f64 20 | gen 0.2s
 355     0     100               0  9.46626624e-05  7.72444676e-05    0.0248427136  0.000281168532    0.0696230653    0.0845791484
 355     1      50               0  9.46626624e-05  7.72444676e-05    0.0248427136  0.000281168532    0.0696230653    0.0845791484
          wgpu 1d 120g 240c x3w 3ms | egraph 18g->94v+0snap 7ms | graft 31 (-109n, 0 snap) cpu 0 | f64 20 | gen 0.2s
 356     0     100               0  9.46626624e-05  7.72444676e-05    0.0248427136  0.000281168532    0.0696230653    0.0845791484
 356     1      50               0  9.46626624e-05  7.72444676e-05    0.0248427136  0.000281168532    0.0696230653    0.0845791484
          wgpu 1d 141g 240c x3w 4ms | egraph 16g->94v+0snap 8ms | graft 40 (-173n, 0 snap) cpu 0 | f64 20 | gen 0.2s
 357     0     100               0  9.46626624e-05  7.72444676e-05    0.0248427136  0.000281168532    0.0696230653    0.0845791484
 357     1      50               0  9.46626659e-05  7.72444696e-05    0.0248427172  0.000281168504    0.0696230678    0.0845791507
          wgpu 1d 148g 239c x3w 4ms | egraph 24g->93v+0snap 9ms | graft 43 (-214n, 0 snap) cpu 0 | f64 20 | gen 0.2s
 358     0     100               0  9.46626624e-05  7.72444676e-05    0.0248427136  0.000281168532    0.0696230653    0.0845791484
 358     1      50               0  9.46626659e-05  7.72444696e-05    0.0248427172  0.000281168504    0.0696230678    0.0845791507
          wgpu 1d 117g 229c x3w 3ms | egraph 14g->83v+0snap 6ms | graft 34 (-135n, 0 snap) cpu 0 | f64 20 | gen 0.2s
 359     0     100               0  9.46626624e-05  7.72444676e-05    0.0248427136  0.000281168532    0.0696230653    0.0845791484
 359     1      50               0  9.46626659e-05  7.72444696e-05    0.0248427172  0.000281168504    0.0696230678    0.0845791507
          wgpu 1d 115g 196c x3w 4ms | egraph 17g->50v+0snap 7ms | graft 26 (-90n, 0 snap) cpu 0 | f64 20 | gen 0.2s
 360     0     100               0  9.46626624e-05  7.72444676e-05    0.0248427136  0.000281168532    0.0696230653    0.0845791484
 360     1      50               0  9.46626659e-05  7.72444696e-05    0.0248427172  0.000281168504    0.0696230678    0.0845791507
          wgpu 1d 128g 219c x3w 7ms | egraph 20g->73v+0snap 8ms | graft 36 (-124n, 0 snap) cpu 0 | f64 20 | gen 0.2s
--------- pump migration: intra (promote-2 + intake-reset) + cross ---------
 361     0     100               0  9.46626624e-05  7.72444676e-05    0.0248427136  0.000281168532    0.0696230653    0.0845791484
 361     1      50               0  9.46626659e-05  7.72444696e-05    0.0248427172  0.000281168504    0.0696230678    0.0845791507
          wgpu 2d 288g 374c x3w 12ms | egraph 71g->148v+0snap 24ms | graft 68 (-185n, 0 snap) cpu 0 | f64 30 | gen 0.2s | dropped inexpr 4 oversz 0 unbuild 0 {}
 362     0     100               0  9.46626624e-05  7.72444676e-05    0.0248427136  0.000281168532    0.0696230653    0.0845791484
 362     1      50               0  9.46626659e-05  7.72444696e-05    0.0248427172  0.000281168504    0.0696230678    0.0845791507
          wgpu 1d 101g 246c x3w 3ms | egraph 19g->100v+0snap 7ms | graft 25 (-96n, 0 snap) cpu 0 | f64 20 | gen 0.2s
 363     0     100               0  9.46626624e-05  7.72444676e-05    0.0248427136  0.000281168532    0.0696230653    0.0845791484
 363     1      50               0  9.46626659e-05  7.72444696e-05    0.0248427172  0.000281168504    0.0696230678    0.0845791507
          wgpu 1d 138g 247c x3w 4ms | egraph 24g->101v+0snap 9ms | graft 33 (-110n, 0 snap) cpu 0 | f64 20 | gen 0.2s
 364     0     100               0  9.46626624e-05  7.72444676e-05    0.0248427136  0.000281168532    0.0696230653    0.0845791484
 364     1      50               0  9.46626659e-05  7.72444696e-05    0.0248427172  0.000281168504    0.0696230678    0.0845791507
          wgpu 1d 130g 223c x3w 4ms | egraph 20g->77v+0snap 7ms | graft 34 (-134n, 0 snap) cpu 0 | f64 20 | gen 0.2s
 365     0     100               0  9.46626624e-05  7.72444676e-05    0.0248427136  0.000281168532    0.0696230653    0.0845791484
 365     1      50               0  9.46626659e-05  7.72444696e-05    0.0248427172  0.000281168504    0.0696230678    0.0845791507
          wgpu 1d 129g 212c x3w 4ms | egraph 15g->66v+0snap 5ms | graft 34 (-131n, 0 snap) cpu 0 | f64 20 | gen 0.2s
 366     0     100               0  9.46626624e-05  7.72444676e-05    0.0248427136  0.000281168532    0.0696230653    0.0845791484
 366     1      50               0  9.46626659e-05  7.72444696e-05    0.0248427172  0.000281168504    0.0696230678    0.0845791507
          wgpu 1d 134g 208c x3w 4ms | egraph 18g->62v+0snap 5ms | graft 34 (-113n, 0 snap) cpu 0 | f64 20 | gen 0.2s
 367     0     100               0  9.46626624e-05  7.72444676e-05    0.0248427136  0.000281168532    0.0696230653    0.0845791484
 367     1      50               0  9.46626624e-05  7.72444676e-05    0.0248427136  0.000281168532    0.0696230653    0.0845791484
          wgpu 1d 114g 207c x3w 3ms | egraph 19g->61v+0snap 5ms | graft 32 (-94n, 0 snap) cpu 0 | f64 20 | gen 0.2s
 368     0     100               0  9.46626624e-05  7.72444676e-05    0.0248427136  0.000281168532    0.0696230653    0.0845791484
 368     1      50               0  9.46626624e-05  7.72444676e-05    0.0248427136  0.000281168532    0.0696230653    0.0845791484
          wgpu 1d 108g 198c x3w 4ms | egraph 11g->52v+0snap 5ms | graft 28 (-85n, 0 snap) cpu 0 | f64 20 | gen 0.2s
 369     0     100               0  9.46626659e-05  7.72444696e-05    0.0248427172  0.000281168504    0.0696230678    0.0845791507
 369     1      50               0  9.46626659e-05  7.72444696e-05    0.0248427172  0.000281168504    0.0696230678    0.0845791507
          wgpu 1d 123g 200c x3w 4ms | egraph 23g->54v+0snap 10ms | graft 28 (-78n, 0 snap) cpu 0 | f64 20 | gen 0.2s
 370     0     100               0  9.46626659e-05  7.72444696e-05    0.0248427172  0.000281168504    0.0696230678    0.0845791507
 370     1      50               0  9.46626659e-05  7.72444696e-05    0.0248427172  0.000281168504    0.0696230678    0.0845791507
          wgpu 1d 160g 239c x3w 4ms | egraph 33g->93v+0snap 13ms | graft 45 (-197n, 0 snap) cpu 0 | f64 20 | gen 0.2s
--------- pump migration: intra (promote-2 + intake-reset) ---------
 371     0     100               0  9.46626659e-05  7.72444696e-05    0.0248427172  0.000281168504    0.0696230678    0.0845791507
 371     1      50               0  9.46626624e-05  7.72444676e-05    0.0248427136  0.000281168532    0.0696230653    0.0845791484
          wgpu 2d 328g 372c x3w 8ms | egraph 109g->146v+0snap 44ms | graft 71 (-239n, 0 snap) cpu 0 | f64 30 | gen 0.2s | dropped inexpr 4 oversz 0 unbuild 0 {}
 372     0     100               0  9.46626659e-05  7.72444696e-05    0.0248427172  0.000281168504    0.0696230678    0.0845791507
 372     1      50               0  9.46626659e-05  7.72444696e-05    0.0248427172  0.000281168504    0.0696230678    0.0845791507
          wgpu 1d 107g 203c x3w 3ms | egraph 18g->57v+0snap 10ms | graft 28 (-86n, 0 snap) cpu 0 | f64 20 | gen 0.2s
 373     0     100               0  9.46626659e-05  7.72444696e-05    0.0248427172  0.000281168504    0.0696230678    0.0845791507
 373     1      50               0  9.46626659e-05  7.72444696e-05    0.0248427172  0.000281168504    0.0696230678    0.0845791507
          wgpu 1d 128g 215c x3w 4ms | egraph 24g->69v+0snap 16ms | graft 41 (-173n, 0 snap) cpu 0 | f64 20 | gen 0.2s
 374     0     100               0  9.46626659e-05  7.72444696e-05    0.0248427172  0.000281168504    0.0696230678    0.0845791507
 374     1      50               0  9.46626659e-05  7.72444696e-05    0.0248427172  0.000281168504    0.0696230678    0.0845791507
          wgpu 1d 114g 208c x3w 3ms | egraph 23g->62v+0snap 6ms | graft 32 (-103n, 0 snap) cpu 0 | f64 20 | gen 0.2s
 375     0     100               0  9.46626659e-05  7.72444696e-05    0.0248427172  0.000281168504    0.0696230678    0.0845791507
 375     1      50               0  9.46626659e-05  7.72444696e-05    0.0248427172  0.000281168504    0.0696230678    0.0845791507
          wgpu 1d 108g 207c x3w 3ms | egraph 19g->61v+0snap 6ms | graft 28 (-91n, 0 snap) cpu 0 | f64 20 | gen 0.2s
 376     0     100               0  9.46626659e-05  7.72444696e-05    0.0248427172  0.000281168504    0.0696230678    0.0845791507
 376     1      50               0  9.46626659e-05  7.72444696e-05    0.0248427172  0.000281168504    0.0696230678    0.0845791507
          wgpu 1d 105g 201c x3w 3ms | egraph 16g->55v+0snap 15ms | graft 26 (-93n, 0 snap) cpu 0 | f64 20 | gen 0.2s
 377     0     100               0  9.46626659e-05  7.72444696e-05    0.0248427172  0.000281168504    0.0696230678    0.0845791507
 377     1      50               0  9.46626659e-05  7.72444696e-05    0.0248427172  0.000281168504    0.0696230678    0.0845791507
          wgpu 1d 113g 214c x3w 3ms | egraph 13g->68v+0snap 5ms | graft 30 (-95n, 0 snap) cpu 0 | f64 20 | gen 0.2s
 378     0     100               0  9.46626659e-05  7.72444696e-05    0.0248427172  0.000281168504    0.0696230678    0.0845791507
 378     1      50               0  9.46626659e-05  7.72444696e-05    0.0248427172  0.000281168504    0.0696230678    0.0845791507
          wgpu 1d 116g 212c x3w 4ms | egraph 18g->66v+0snap 8ms | graft 36 (-129n, 0 snap) cpu 0 | f64 20 | gen 0.2s
 379     0     100               0  9.46626624e-05  7.72444676e-05    0.0248427136  0.000281168532    0.0696230653    0.0845791484
 379     1      50               0  9.46626624e-05  7.72444676e-05    0.0248427136  0.000281168532    0.0696230653    0.0845791484
          wgpu 1d 99g 199c x3w 4ms | egraph 17g->53v+0snap 7ms | graft 24 (-115n, 0 snap) cpu 0 | f64 20 | gen 0.2s
 380     0     100               0  9.46626659e-05  7.72444696e-05    0.0248427172  0.000281168504    0.0696230678    0.0845791507
 380     1      50               0  9.46626624e-05  7.72444676e-05    0.0248427136  0.000281168532    0.0696230653    0.0845791484
          wgpu 1d 142g 229c x3w 4ms | egraph 24g->83v+0snap 16ms | graft 35 (-136n, 0 snap) cpu 0 | f64 20 | gen 0.3s
--------- pump migration: intra (promote-2 + intake-reset) ---------
 381     0     100               0  9.46626624e-05  7.72444676e-05    0.0248427136  0.000281168532    0.0696230653    0.0845791484
 381     1      50               0  9.46626624e-05  7.72444676e-05    0.0248427136  0.000281168532    0.0696230653    0.0845791484
          wgpu 2d 319g 361c x3w 7ms | egraph 88g->135v+0snap 36ms | graft 67 (-219n, 0 snap) cpu 0 | f64 30 | gen 0.2s | dropped inexpr 2 oversz 0 unbuild 0 {}
 382     0     100               0  9.46626624e-05  7.72444676e-05    0.0248427136  0.000281168532    0.0696230653    0.0845791484
 382     1      50               0  9.46626659e-05  7.72444696e-05    0.0248427172  0.000281168504    0.0696230678    0.0845791507
          wgpu 1d 126g 204c x3w 3ms | egraph 26g->58v+0snap 10ms | graft 30 (-80n, 0 snap) cpu 0 | f64 20 | gen 0.2s
 383     0     100               0  9.46626624e-05  7.72444676e-05    0.0248427136  0.000281168532    0.0696230653    0.0845791484
 383     1      50               0  9.46626624e-05  7.72444676e-05    0.0248427136  0.000281168532    0.0696230653    0.0845791484
          wgpu 1d 115g 195c x3w 3ms | egraph 15g->49v+0snap 8ms | graft 28 (-114n, 0 snap) cpu 0 | f64 20 | gen 0.2s
 384     0     100               0  9.46626624e-05  7.72444676e-05    0.0248427136  0.000281168532    0.0696230653    0.0845791484
 384     1      50               0  9.46626624e-05  7.72444676e-05    0.0248427136  0.000281168532    0.0696230653    0.0845791484
          wgpu 1d 108g 199c x3w 4ms | egraph 17g->53v+0snap 6ms | graft 30 (-94n, 0 snap) cpu 0 | f64 20 | gen 0.2s
 385     0     100               0  9.46626624e-05  7.72444676e-05    0.0248427136  0.000281168532    0.0696230653    0.0845791484
 385     1      50               0  9.46626624e-05  7.72444676e-05    0.0248427136  0.000281168532    0.0696230653    0.0845791484
          wgpu 1d 122g 216c x3w 4ms | egraph 22g->70v+0snap 5ms | graft 34 (-109n, 0 snap) cpu 0 | f64 20 | gen 0.2s
 386     0     100               0  9.46626624e-05  7.72444676e-05    0.0248427136  0.000281168532    0.0696230653    0.0845791484
 386     1      50               0  9.46626624e-05  7.72444676e-05    0.0248427136  0.000281168532    0.0696230653    0.0845791484
          wgpu 1d 107g 217c x3w 12ms | egraph 16g->71v+0snap 6ms | graft 40 (-112n, 0 snap) cpu 0 | f64 20 | gen 0.2s | dropped inexpr 1 oversz 0 unbuild 0 {}
 387     0     100               0  9.46626624e-05  7.72444676e-05    0.0248427136  0.000281168532    0.0696230653    0.0845791484
 387     1      50               0  9.46626624e-05  7.72444676e-05    0.0248427136  0.000281168532    0.0696230653    0.0845791484
          wgpu 1d 114g 210c x3w 12ms | egraph 17g->64v+0snap 6ms | graft 23 (-81n, 0 snap) cpu 0 | f64 20 | gen 0.2s | dropped inexpr 1 oversz 0 unbuild 0 {}
 388     0     100               0  9.46626624e-05  7.72444676e-05    0.0248427136  0.000281168532    0.0696230653    0.0845791484
 388     1      50               0  9.46626659e-05  7.72444696e-05    0.0248427172  0.000281168504    0.0696230678    0.0845791507
          wgpu 1d 107g 207c x3w 3ms | egraph 17g->61v+0snap 5ms | graft 30 (-82n, 0 snap) cpu 0 | f64 20 | gen 0.2s
 389     0     100               0  9.46626624e-05  7.72444676e-05    0.0248427136  0.000281168532    0.0696230653    0.0845791484
 389     1      50               0  9.46626659e-05  7.72444696e-05    0.0248427172  0.000281168504    0.0696230678    0.0845791507
          wgpu 1d 103g 194c x3w 4ms | egraph 15g->48v+0snap 5ms | graft 22 (-80n, 0 snap) cpu 0 | f64 20 | gen 0.2s | dropped inexpr 1 oversz 0 unbuild 0 {}
 390     0     100               0  9.46626659e-05  7.72444696e-05    0.0248427172  0.000281168504    0.0696230678    0.0845791507
 390     1      50               0  9.46626659e-05  7.72444696e-05    0.0248427172  0.000281168504    0.0696230678    0.0845791507
          wgpu 1d 111g 200c x3w 6ms | egraph 19g->54v+0snap 5ms | graft 35 (-91n, 0 snap) cpu 0 | f64 20 | gen 0.2s
--------- pump migration: intra (promote-2 + intake-reset) + cross ---------
 391     0     100               0  9.46626659e-05  7.72444696e-05    0.0248427172  0.000281168504    0.0696230678    0.0845791507
 391     1      50               0  9.46626659e-05  7.72444696e-05    0.0248427172  0.000281168504    0.0696230678    0.0845791507
          wgpu 2d 299g 375c x3w 13ms | egraph 74g->149v+0snap 25ms | graft 79 (-241n, 0 snap) cpu 0 | f64 30 | gen 0.2s | dropped inexpr 1 oversz 0 unbuild 0 {}
--------- pump migration: cross-class ---------
 392     0     100               0  9.46626659e-05  7.72444696e-05    0.0248427172  0.000281168504    0.0696230678    0.0845791507
 392     1      50               0  9.46626659e-05  7.72444696e-05    0.0248427172  0.000281168504    0.0696230678    0.0845791507
          wgpu 2d 310g 355c x3w 13ms | egraph 83g->129v+0snap 34ms | graft 67 (-230n, 0 snap) cpu 0 | f64 30 | gen 0.2s | dropped inexpr 4 oversz 0 unbuild 0 {}
--------- pump migration: cross-class ---------
 393     0     100               0  9.46626624e-05  7.72444676e-05    0.0248427136  0.000281168532    0.0696230653    0.0845791484
 393     1      50               0  9.46626624e-05  7.72444676e-05    0.0248427136  0.000281168532    0.0696230653    0.0845791484
          wgpu 2d 322g 363c x3w 8ms | egraph 88g->137v+0snap 27ms | graft 60 (-223n, 0 snap) cpu 0 | f64 30 | gen 0.2s | dropped inexpr 4 oversz 0 unbuild 0 {}
--------- pump migration: cross-class ---------
 394     0     100               0  9.46626624e-05  7.72444676e-05    0.0248427136  0.000281168532    0.0696230653    0.0845791484
 394     1      50               0  9.46626659e-05  7.72444696e-05    0.0248427172  0.000281168504    0.0696230678    0.0845791507
          wgpu 2d 344g 385c x3w 13ms | egraph 84g->159v+0snap 36ms | graft 68 (-209n, 0 snap) cpu 0 | f64 30 | gen 0.2s | dropped inexpr 1 oversz 0 unbuild 0 {}
--------- pump migration: cross-class ---------
 395     0     100               0  9.46626624e-05  7.72444676e-05    0.0248427136  0.000281168532    0.0696230653    0.0845791484
 395     1      50               0  9.46626659e-05  7.72444696e-05    0.0248427172  0.000281168504    0.0696230678    0.0845791507
          wgpu 2d 328g 365c x3w 7ms | egraph 91g->139v+0snap 39ms | graft 68 (-208n, 0 snap) cpu 0 | f64 30 | gen 0.2s | dropped inexpr 2 oversz 0 unbuild 0 {}
--------- pump migration: cross-class ---------
 396     0     100               0  9.46626624e-05  7.72444676e-05    0.0248427136  0.000281168532    0.0696230653    0.0845791484
 396     1      50               0  9.46626659e-05  7.72444696e-05    0.0248427172  0.000281168504    0.0696230678    0.0845791507
          wgpu 2d 317g 367c x3w 8ms | egraph 88g->141v+0snap 31ms | graft 68 (-202n, 0 snap) cpu 0 | f64 30 | gen 0.2s | dropped inexpr 1 oversz 0 unbuild 0 {}
--------- pump migration: cross-class ---------
 397     0     100               0  9.46626624e-05  7.72444676e-05    0.0248427136  0.000281168532    0.0696230653    0.0845791484
 397     1      50               0  9.46626659e-05  7.72444696e-05    0.0248427172  0.000281168504    0.0696230678    0.0845791507
          wgpu 2d 318g 368c x3w 8ms | egraph 95g->142v+0snap 29ms | graft 69 (-185n, 0 snap) cpu 0 | f64 30 | gen 0.2s | dropped inexpr 4 oversz 0 unbuild 0 {}
--------- pump migration: cross-class ---------
 398     0     100               0  9.46626624e-05  7.72444676e-05    0.0248427136  0.000281168532    0.0696230653    0.0845791484
 398     1      50               0  9.46626659e-05  7.72444696e-05    0.0248427172  0.000281168504    0.0696230678    0.0845791507
          wgpu 2d 384g 421c x3w 9ms | egraph 107g->195v+0snap 40ms | graft 84 (-268n, 0 snap) cpu 0 | f64 30 | gen 0.5s | dropped inexpr 3 oversz 0 unbuild 0 {}
--------- pump migration: cross-class ---------
 399     0     100               0  9.46626624e-05  7.72444676e-05    0.0248427136  0.000281168532    0.0696230653    0.0845791484
 399     1      50               0  9.46626624e-05  7.72444676e-05    0.0248427136  0.000281168532    0.0696230653    0.0845791484
          wgpu 2d 349g 384c x3w 8ms | egraph 116g->158v+0snap 57ms | graft 72 (-224n, 0 snap) cpu 0 | f64 30 | gen 0.6s | dropped inexpr 12 oversz 0 unbuild 0 {}
--------- pump migration: cross-class ---------
 400     0     100               0  9.46626624e-05  7.72444676e-05    0.0248427136  0.000281168532    0.0696230653    0.0845791484
 400     1      50               0  9.46626624e-05  7.72444676e-05    0.0248427136  0.000281168532    0.0696230653    0.0845791484
          wgpu 2d 357g 379c x3w 11ms | egraph 116g->153v+0snap 52ms | graft 76 (-188n, 0 snap) cpu 0 | f64 30 | gen 0.6s | dropped inexpr 4 oversz 0 unbuild 0 {}
--------- pump migration: intra (promote-2 + intake-reset) + cross ---------

This sub-run: 2026-09-19 05:56:44.018684 → 2026-09-19 05:58:05.513159
Now at generation 400 (HOF size: 30)
[join] 450 dispatches, 56,664 genes, 325,776 candidates scored in 1.90s GPU+host; e-graph 12,645 trees -> 46,122 variants + 0 snaps in 4.37s; 17,130 grafts (0 snap), 50,625 nodes removed; cpu-path individuals 0, f64-rejected 0, snaps refused for naming an input 0
[join]   inexpressible:    457  no pset token for semantic id "pow" with arity 2
[join]   inexpressible:     50  no pset token for semantic id "div" with arity 2
[join]   inexpressible:     45  no pset token for semantic id "sqrt" with arity 1
  HFF-chosen LSM kept: a=-0.0629224, b=0.0581826
Chromosome wrapper: id=1  →  log_abs
hof[0] runtime val: mse=9.263e-05  R²=0.898574
Pre-snap expression (after sympify + LSM compose):
  0.0581825881221143 - 0.0629224374603086*log(Abs(epsilon/3 - q/6 + r/3))

Per-level snap results (before MSE scoring):
  strict      →  0.0581825881221143 - 0.0629224374603086*log(Abs(2*epsilon - q + 2*r)/6)
  default     →  0.0581825881221143 - 0.0629224374603086*log(Abs(2*epsilon - q + 2*r)/6)
  aggressive  →  0.0581825881221143 - 0.0629224374603086*log(Abs(2*epsilon - q + 2*r)/6)

Snap-level comparison (sorted by holdout MSE, lowest first)
------------------------------------------------------------------------------------------
  level       MSE            R²         expression                                        
------------------------------------------------------------------------------------------
★ strict      9.164e-05      0.9186     0.0581825881221143 - 0.0629224374603086*log(Abs(2*
  default     9.164e-05      0.9186     0.0581825881221143 - 0.0629224374603086*log(Abs(2*
  aggressive  9.164e-05      0.9186     0.0581825881221143 - 0.0629224374603086*log(Abs(2*

Winning snap level: 'strict'  →  0.0581825881221143 - 0.0629224374603086*log(Abs(2*epsilon - q + 2*r)/6)

Canonical discovered expression: 0.0581825881221143 - 0.0629224374603086*log(Abs(2*epsilon - q + 2*r)/6)
[38;2;0;50;255m
############################################################ [38;2;255;255;255m
[38;2;0;50;255m Equation Recovery: II_4_23 [38;2;255;255;255m
[38;2;0;50;255m Truth: q/(4*pi*epsilon*r) [38;2;255;255;255m
[38;2;0;50;255m [38;2;255;255;255m
[38;2;255;0;255m     Exact recovery     : False [38;2;255;255;255m
[38;2;255;0;255m     Numerical recovery : False (max rel_err 2.52e+01 on 10k samples) [38;2;255;255;255m
[38;2;255;0;255m     Discovered         : 0.0581825881221143 - 0.0629224374603086*log(Abs(2*epsilon - q + 2*r)/6) [38;2;255;255;255m
[38;2;255;0;255m     LSM (a, b)         : (-0.0629224, 0.0581826) [38;2;255;255;255m
[38;2;0;50;255m
############################################################ [38;2;255;255;255m
In-range holdout : MSE=9.164e-05  MAE=0.007441  R²=0.9186
Extrapolation    : MSE=0.0003126  MAE=0.01512  R²=0.6234

Top 10 HOF models (north_pole=truenorth) (★ = Pareto-optimal)
(deduped HOF: 2 unique chromosomes from 30 raw HOF entries)
 ----------------------------------------------------------------------------------------------------------------
       model     wrapper      length   train_mse     val_mse     max_err    train_r2      val_r2 angular_distance
 ----------------------------------------------------------------------------------------------------------------
★           0     log_abs           5      0.0001      0.0001      0.0325      0.9186      0.8986      0.0000
           29    identity          32      0.0005      0.0003      0.1156      0.6674      0.6175      1.5708

Pareto-optimal in top 2: 1    Pareto-optimal in full HOF: 1 / 2

Recovery sweep across 2/2 unique HOF chromosomes (capped):
  Structural / exact     : 0/2  (0.0%)
  Numerical (≤1e-6 err)  : 0/2  (0.0%)
{
    "date": "2026/09/19",
    "seed": "5",
    "task": "equation_recovery",
    "north_pole_method": "truenorth",
    "hff_include_val": true,
    "problem": "II_4_23",
    "truth_expr": "q/(4*pi*epsilon*r)",
    "final_terminal_inputs": [
        "q",
        "epsilon",
        "r"
    ],
    "wide_primitives": true,
    "head_length": "48",
    "n_genes": "3",
    "rnc_array_length": "10",
    "tournament size": "intake=8, champion=5",
    "population size": "150",
    "population per island": "intake=100, champion=50",
    "gpu_join": true,
    "eclass_k": 8,
    "number of elites": "2",
    "number of generations": "400",
    "number of islands": "2",
    "migration FREQ": "30",
    "wrapper_id": 1,
    "wrapper_name": "log_abs",
    "recovery_exact": false,
    "recovery_numerical": false,
    "recovery_max_rel_err": 25.150026263795937,
    "discovered_expr": "0.0581825881221143 - 0.0629224374603086*log(Abs(2*epsilon - q + 2*r)/6)",
    "holdout_mse": 9.16383605099773e-05,
    "holdout_r2": 0.9186327283544079,
    "extrap_mse": 0.00031256890352498806,
    "extrap_r2": 0.6234178994305484,
    "hof_size": 2,
    "hof_exact_recoveries": 0,
    "hof_numerical_recoveries": 0
}
